slide_id,compound_name,dose_level,sacrifice_period,exp_id,group_id,individual_id,tier,url,already_local
66101,1% cholesterol + 0.25% sodium cholate,Control,15 day,698,3,1,1,https://dbarchive.biosciencedbc.jp/data/open-tggates-pathological-images/LATEST/images/1%25_cholesterol_%2B_0.25%25_sodium_cholate/Liver/66101.svs,True
66105,1% cholesterol + 0.25% sodium cholate,Control,15 day,698,3,2,1,https://dbarchive.biosciencedbc.jp/data/open-tggates-pathological-images/LATEST/images/1%25_cholesterol_%2B_0.25%25_sodium_cholate/Liver/66105.svs,True
66110,1% cholesterol + 0.25% sodium cholate,Control,15 day,698,3,3,1,https://dbarchive.biosciencedbc.jp/data/open-tggates-pathological-images/LATEST/images/1%25_cholesterol_%2B_0.25%25_sodium_cholate/Liver/66110.svs,True
66114,1% cholesterol + 0.25% sodium cholate,Control,15 day,698,3,4,1,https://dbarchive.biosciencedbc.jp/data/open-tggates-pathological-images/LATEST/images/1%25_cholesterol_%2B_0.25%25_sodium_cholate/Liver/66114.svs,True
66117,1% cholesterol + 0.25% sodium cholate,Control,15 day,698,3,5,1,https://dbarchive.biosciencedbc.jp/data/open-tggates-pathological-images/LATEST/images/1%25_cholesterol_%2B_0.25%25_sodium_cholate/Liver/66117.svs,True
66179,1% cholesterol + 0.25% sodium cholate,High,15 day,698,7,1,1,https://dbarchive.biosciencedbc.jp/data/open-tggates-pathological-images/LATEST/images/1%25_cholesterol_%2B_0.25%25_sodium_cholate/Liver/66179.svs,True
66183,1% cholesterol + 0.25% sodium cholate,High,15 day,698,7,2,1,https://dbarchive.biosciencedbc.jp/data/open-tggates-pathological-images/LATEST/images/1%25_cholesterol_%2B_0.25%25_sodium_cholate/Liver/66183.svs,True
66187,1% cholesterol + 0.25% sodium cholate,High,15 day,698,7,3,1,https://dbarchive.biosciencedbc.jp/data/open-tggates-pathological-images/LATEST/images/1%25_cholesterol_%2B_0.25%25_sodium_cholate/Liver/66187.svs,True
66191,1% cholesterol + 0.25% sodium cholate,High,15 day,698,7,4,1,https://dbarchive.biosciencedbc.jp/data/open-tggates-pathological-images/LATEST/images/1%25_cholesterol_%2B_0.25%25_sodium_cholate/Liver/66191.svs,True
66195,1% cholesterol + 0.25% sodium cholate,High,15 day,698,7,5,1,https://dbarchive.biosciencedbc.jp/data/open-tggates-pathological-images/LATEST/images/1%25_cholesterol_%2B_0.25%25_sodium_cholate/Liver/66195.svs,True
66121,1% cholesterol + 0.25% sodium cholate,Control,29 day,698,4,1,1,https://dbarchive.biosciencedbc.jp/data/open-tggates-pathological-images/LATEST/images/1%25_cholesterol_%2B_0.25%25_sodium_cholate/Liver/66121.svs,True
66125,1% cholesterol + 0.25% sodium cholate,Control,29 day,698,4,2,1,https://dbarchive.biosciencedbc.jp/data/open-tggates-pathological-images/LATEST/images/1%25_cholesterol_%2B_0.25%25_sodium_cholate/Liver/66125.svs,True
66129,1% cholesterol + 0.25% sodium cholate,Control,29 day,698,4,3,1,https://dbarchive.biosciencedbc.jp/data/open-tggates-pathological-images/LATEST/images/1%25_cholesterol_%2B_0.25%25_sodium_cholate/Liver/66129.svs,True
66133,1% cholesterol + 0.25% sodium cholate,Control,29 day,698,4,4,1,https://dbarchive.biosciencedbc.jp/data/open-tggates-pathological-images/LATEST/images/1%25_cholesterol_%2B_0.25%25_sodium_cholate/Liver/66133.svs,True
68083,1% cholesterol + 0.25% sodium cholate,Control,29 day,698,4,5,1,https://dbarchive.biosciencedbc.jp/data/open-tggates-pathological-images/LATEST/images/1%25_cholesterol_%2B_0.25%25_sodium_cholate/Liver/68083.svs,True
70945,1% cholesterol + 0.25% sodium cholate,High,29 day,698,8,1,1,https://dbarchive.biosciencedbc.jp/data/open-tggates-pathological-images/LATEST/images/1%25_cholesterol_%2B_0.25%25_sodium_cholate/Liver/70945.svs,True
66203,1% cholesterol + 0.25% sodium cholate,High,29 day,698,8,2,1,https://dbarchive.biosciencedbc.jp/data/open-tggates-pathological-images/LATEST/images/1%25_cholesterol_%2B_0.25%25_sodium_cholate/Liver/66203.svs,True
66207,1% cholesterol + 0.25% sodium cholate,High,29 day,698,8,3,1,https://dbarchive.biosciencedbc.jp/data/open-tggates-pathological-images/LATEST/images/1%25_cholesterol_%2B_0.25%25_sodium_cholate/Liver/66207.svs,True
66211,1% cholesterol + 0.25% sodium cholate,High,29 day,698,8,4,1,https://dbarchive.biosciencedbc.jp/data/open-tggates-pathological-images/LATEST/images/1%25_cholesterol_%2B_0.25%25_sodium_cholate/Liver/66211.svs,True
70946,1% cholesterol + 0.25% sodium cholate,High,29 day,698,8,5,1,https://dbarchive.biosciencedbc.jp/data/open-tggates-pathological-images/LATEST/images/1%25_cholesterol_%2B_0.25%25_sodium_cholate/Liver/70946.svs,True
66063,1% cholesterol + 0.25% sodium cholate,Control,4 day,698,1,1,1,https://dbarchive.biosciencedbc.jp/data/open-tggates-pathological-images/LATEST/images/1%25_cholesterol_%2B_0.25%25_sodium_cholate/Liver/66063.svs,True
66065,1% cholesterol + 0.25% sodium cholate,Control,4 day,698,1,2,1,https://dbarchive.biosciencedbc.jp/data/open-tggates-pathological-images/LATEST/images/1%25_cholesterol_%2B_0.25%25_sodium_cholate/Liver/66065.svs,True
66070,1% cholesterol + 0.25% sodium cholate,Control,4 day,698,1,3,1,https://dbarchive.biosciencedbc.jp/data/open-tggates-pathological-images/LATEST/images/1%25_cholesterol_%2B_0.25%25_sodium_cholate/Liver/66070.svs,True
68078,1% cholesterol + 0.25% sodium cholate,Control,4 day,698,1,4,1,https://dbarchive.biosciencedbc.jp/data/open-tggates-pathological-images/LATEST/images/1%25_cholesterol_%2B_0.25%25_sodium_cholate/Liver/68078.svs,True
66079,1% cholesterol + 0.25% sodium cholate,Control,4 day,698,1,5,1,https://dbarchive.biosciencedbc.jp/data/open-tggates-pathological-images/LATEST/images/1%25_cholesterol_%2B_0.25%25_sodium_cholate/Liver/66079.svs,True
66141,1% cholesterol + 0.25% sodium cholate,High,4 day,698,5,1,1,https://dbarchive.biosciencedbc.jp/data/open-tggates-pathological-images/LATEST/images/1%25_cholesterol_%2B_0.25%25_sodium_cholate/Liver/66141.svs,True
66145,1% cholesterol + 0.25% sodium cholate,High,4 day,698,5,2,1,https://dbarchive.biosciencedbc.jp/data/open-tggates-pathological-images/LATEST/images/1%25_cholesterol_%2B_0.25%25_sodium_cholate/Liver/66145.svs,True
66148,1% cholesterol + 0.25% sodium cholate,High,4 day,698,5,3,1,https://dbarchive.biosciencedbc.jp/data/open-tggates-pathological-images/LATEST/images/1%25_cholesterol_%2B_0.25%25_sodium_cholate/Liver/66148.svs,True
66153,1% cholesterol + 0.25% sodium cholate,High,4 day,698,5,4,1,https://dbarchive.biosciencedbc.jp/data/open-tggates-pathological-images/LATEST/images/1%25_cholesterol_%2B_0.25%25_sodium_cholate/Liver/66153.svs,True
66156,1% cholesterol + 0.25% sodium cholate,High,4 day,698,5,5,1,https://dbarchive.biosciencedbc.jp/data/open-tggates-pathological-images/LATEST/images/1%25_cholesterol_%2B_0.25%25_sodium_cholate/Liver/66156.svs,True
66083,1% cholesterol + 0.25% sodium cholate,Control,8 day,698,2,1,1,https://dbarchive.biosciencedbc.jp/data/open-tggates-pathological-images/LATEST/images/1%25_cholesterol_%2B_0.25%25_sodium_cholate/Liver/66083.svs,True
66087,1% cholesterol + 0.25% sodium cholate,Control,8 day,698,2,2,1,https://dbarchive.biosciencedbc.jp/data/open-tggates-pathological-images/LATEST/images/1%25_cholesterol_%2B_0.25%25_sodium_cholate/Liver/66087.svs,True
66091,1% cholesterol + 0.25% sodium cholate,Control,8 day,698,2,3,1,https://dbarchive.biosciencedbc.jp/data/open-tggates-pathological-images/LATEST/images/1%25_cholesterol_%2B_0.25%25_sodium_cholate/Liver/66091.svs,True
66094,1% cholesterol + 0.25% sodium cholate,Control,8 day,698,2,4,1,https://dbarchive.biosciencedbc.jp/data/open-tggates-pathological-images/LATEST/images/1%25_cholesterol_%2B_0.25%25_sodium_cholate/Liver/66094.svs,True
66098,1% cholesterol + 0.25% sodium cholate,Control,8 day,698,2,5,1,https://dbarchive.biosciencedbc.jp/data/open-tggates-pathological-images/LATEST/images/1%25_cholesterol_%2B_0.25%25_sodium_cholate/Liver/66098.svs,True
66160,1% cholesterol + 0.25% sodium cholate,High,8 day,698,6,1,1,https://dbarchive.biosciencedbc.jp/data/open-tggates-pathological-images/LATEST/images/1%25_cholesterol_%2B_0.25%25_sodium_cholate/Liver/66160.svs,True
66164,1% cholesterol + 0.25% sodium cholate,High,8 day,698,6,2,1,https://dbarchive.biosciencedbc.jp/data/open-tggates-pathological-images/LATEST/images/1%25_cholesterol_%2B_0.25%25_sodium_cholate/Liver/66164.svs,True
66167,1% cholesterol + 0.25% sodium cholate,High,8 day,698,6,3,1,https://dbarchive.biosciencedbc.jp/data/open-tggates-pathological-images/LATEST/images/1%25_cholesterol_%2B_0.25%25_sodium_cholate/Liver/66167.svs,True
66171,1% cholesterol + 0.25% sodium cholate,High,8 day,698,6,4,1,https://dbarchive.biosciencedbc.jp/data/open-tggates-pathological-images/LATEST/images/1%25_cholesterol_%2B_0.25%25_sodium_cholate/Liver/66171.svs,True
66175,1% cholesterol + 0.25% sodium cholate,High,8 day,698,6,5,1,https://dbarchive.biosciencedbc.jp/data/open-tggates-pathological-images/LATEST/images/1%25_cholesterol_%2B_0.25%25_sodium_cholate/Liver/66175.svs,True
29514,WY-14643,Control,15 day,182,3,1,1,https://dbarchive.biosciencedbc.jp/data/open-tggates-pathological-images/LATEST/images/WY-14643/Liver/29514.svs,True
29516,WY-14643,Control,15 day,182,3,2,1,https://dbarchive.biosciencedbc.jp/data/open-tggates-pathological-images/LATEST/images/WY-14643/Liver/29516.svs,True
29519,WY-14643,Control,15 day,182,3,3,1,https://dbarchive.biosciencedbc.jp/data/open-tggates-pathological-images/LATEST/images/WY-14643/Liver/29519.svs,True
29522,WY-14643,Control,15 day,182,3,4,1,https://dbarchive.biosciencedbc.jp/data/open-tggates-pathological-images/LATEST/images/WY-14643/Liver/29522.svs,True
29524,WY-14643,Control,15 day,182,3,5,1,https://dbarchive.biosciencedbc.jp/data/open-tggates-pathological-images/LATEST/images/WY-14643/Liver/29524.svs,True
29650,WY-14643,High,15 day,182,15,1,1,https://dbarchive.biosciencedbc.jp/data/open-tggates-pathological-images/LATEST/images/WY-14643/Liver/29650.svs,True
29652,WY-14643,High,15 day,182,15,2,1,https://dbarchive.biosciencedbc.jp/data/open-tggates-pathological-images/LATEST/images/WY-14643/Liver/29652.svs,True
29654,WY-14643,High,15 day,182,15,3,1,https://dbarchive.biosciencedbc.jp/data/open-tggates-pathological-images/LATEST/images/WY-14643/Liver/29654.svs,True
29656,WY-14643,High,15 day,182,15,4,1,https://dbarchive.biosciencedbc.jp/data/open-tggates-pathological-images/LATEST/images/WY-14643/Liver/29656.svs,True
29658,WY-14643,High,15 day,182,15,5,1,https://dbarchive.biosciencedbc.jp/data/open-tggates-pathological-images/LATEST/images/WY-14643/Liver/29658.svs,True
29562,WY-14643,Low,15 day,182,7,1,1,https://dbarchive.biosciencedbc.jp/data/open-tggates-pathological-images/LATEST/images/WY-14643/Liver/29562.svs,True
29565,WY-14643,Low,15 day,182,7,2,1,https://dbarchive.biosciencedbc.jp/data/open-tggates-pathological-images/LATEST/images/WY-14643/Liver/29565.svs,True
29567,WY-14643,Low,15 day,182,7,3,1,https://dbarchive.biosciencedbc.jp/data/open-tggates-pathological-images/LATEST/images/WY-14643/Liver/29567.svs,True
29570,WY-14643,Low,15 day,182,7,4,1,https://dbarchive.biosciencedbc.jp/data/open-tggates-pathological-images/LATEST/images/WY-14643/Liver/29570.svs,True
29572,WY-14643,Low,15 day,182,7,5,1,https://dbarchive.biosciencedbc.jp/data/open-tggates-pathological-images/LATEST/images/WY-14643/Liver/29572.svs,True
29609,WY-14643,Middle,15 day,182,11,1,1,https://dbarchive.biosciencedbc.jp/data/open-tggates-pathological-images/LATEST/images/WY-14643/Liver/29609.svs,True
29611,WY-14643,Middle,15 day,182,11,2,1,https://dbarchive.biosciencedbc.jp/data/open-tggates-pathological-images/LATEST/images/WY-14643/Liver/29611.svs,True
29613,WY-14643,Middle,15 day,182,11,3,1,https://dbarchive.biosciencedbc.jp/data/open-tggates-pathological-images/LATEST/images/WY-14643/Liver/29613.svs,True
29615,WY-14643,Middle,15 day,182,11,4,1,https://dbarchive.biosciencedbc.jp/data/open-tggates-pathological-images/LATEST/images/WY-14643/Liver/29615.svs,True
29617,WY-14643,Middle,15 day,182,11,5,1,https://dbarchive.biosciencedbc.jp/data/open-tggates-pathological-images/LATEST/images/WY-14643/Liver/29617.svs,True
29527,WY-14643,Control,29 day,182,4,1,1,https://dbarchive.biosciencedbc.jp/data/open-tggates-pathological-images/LATEST/images/WY-14643/Liver/29527.svs,True
29529,WY-14643,Control,29 day,182,4,2,1,https://dbarchive.biosciencedbc.jp/data/open-tggates-pathological-images/LATEST/images/WY-14643/Liver/29529.svs,True
29531,WY-14643,Control,29 day,182,4,3,1,https://dbarchive.biosciencedbc.jp/data/open-tggates-pathological-images/LATEST/images/WY-14643/Liver/29531.svs,True
29533,WY-14643,Control,29 day,182,4,4,1,https://dbarchive.biosciencedbc.jp/data/open-tggates-pathological-images/LATEST/images/WY-14643/Liver/29533.svs,True
29536,WY-14643,Control,29 day,182,4,5,1,https://dbarchive.biosciencedbc.jp/data/open-tggates-pathological-images/LATEST/images/WY-14643/Liver/29536.svs,True
29659,WY-14643,High,29 day,182,16,1,1,https://dbarchive.biosciencedbc.jp/data/open-tggates-pathological-images/LATEST/images/WY-14643/Liver/29659.svs,True
29662,WY-14643,High,29 day,182,16,2,1,https://dbarchive.biosciencedbc.jp/data/open-tggates-pathological-images/LATEST/images/WY-14643/Liver/29662.svs,True
29664,WY-14643,High,29 day,182,16,3,1,https://dbarchive.biosciencedbc.jp/data/open-tggates-pathological-images/LATEST/images/WY-14643/Liver/29664.svs,True
71007,WY-14643,High,29 day,182,16,4,1,https://dbarchive.biosciencedbc.jp/data/open-tggates-pathological-images/LATEST/images/WY-14643/Liver/71007.svs,True
29668,WY-14643,High,29 day,182,16,5,1,https://dbarchive.biosciencedbc.jp/data/open-tggates-pathological-images/LATEST/images/WY-14643/Liver/29668.svs,True
29574,WY-14643,Low,29 day,182,8,1,1,https://dbarchive.biosciencedbc.jp/data/open-tggates-pathological-images/LATEST/images/WY-14643/Liver/29574.svs,True
29577,WY-14643,Low,29 day,182,8,2,1,https://dbarchive.biosciencedbc.jp/data/open-tggates-pathological-images/LATEST/images/WY-14643/Liver/29577.svs,True
29579,WY-14643,Low,29 day,182,8,3,1,https://dbarchive.biosciencedbc.jp/data/open-tggates-pathological-images/LATEST/images/WY-14643/Liver/29579.svs,True
29581,WY-14643,Low,29 day,182,8,4,1,https://dbarchive.biosciencedbc.jp/data/open-tggates-pathological-images/LATEST/images/WY-14643/Liver/29581.svs,True
29583,WY-14643,Low,29 day,182,8,5,1,https://dbarchive.biosciencedbc.jp/data/open-tggates-pathological-images/LATEST/images/WY-14643/Liver/29583.svs,True
29619,WY-14643,Middle,29 day,182,12,1,1,https://dbarchive.biosciencedbc.jp/data/open-tggates-pathological-images/LATEST/images/WY-14643/Liver/29619.svs,True
29621,WY-14643,Middle,29 day,182,12,2,1,https://dbarchive.biosciencedbc.jp/data/open-tggates-pathological-images/LATEST/images/WY-14643/Liver/29621.svs,True
29623,WY-14643,Middle,29 day,182,12,3,1,https://dbarchive.biosciencedbc.jp/data/open-tggates-pathological-images/LATEST/images/WY-14643/Liver/29623.svs,True
29625,WY-14643,Middle,29 day,182,12,4,1,https://dbarchive.biosciencedbc.jp/data/open-tggates-pathological-images/LATEST/images/WY-14643/Liver/29625.svs,True
29627,WY-14643,Middle,29 day,182,12,5,1,https://dbarchive.biosciencedbc.jp/data/open-tggates-pathological-images/LATEST/images/WY-14643/Liver/29627.svs,True
29490,WY-14643,Control,4 day,182,1,1,1,https://dbarchive.biosciencedbc.jp/data/open-tggates-pathological-images/LATEST/images/WY-14643/Liver/29490.svs,True
29492,WY-14643,Control,4 day,182,1,2,1,https://dbarchive.biosciencedbc.jp/data/open-tggates-pathological-images/LATEST/images/WY-14643/Liver/29492.svs,True
29495,WY-14643,Control,4 day,182,1,3,1,https://dbarchive.biosciencedbc.jp/data/open-tggates-pathological-images/LATEST/images/WY-14643/Liver/29495.svs,True
29497,WY-14643,Control,4 day,182,1,4,1,https://dbarchive.biosciencedbc.jp/data/open-tggates-pathological-images/LATEST/images/WY-14643/Liver/29497.svs,True
29499,WY-14643,Control,4 day,182,1,5,1,https://dbarchive.biosciencedbc.jp/data/open-tggates-pathological-images/LATEST/images/WY-14643/Liver/29499.svs,True
29629,WY-14643,High,4 day,182,13,1,1,https://dbarchive.biosciencedbc.jp/data/open-tggates-pathological-images/LATEST/images/WY-14643/Liver/29629.svs,True
29631,WY-14643,High,4 day,182,13,2,1,https://dbarchive.biosciencedbc.jp/data/open-tggates-pathological-images/LATEST/images/WY-14643/Liver/29631.svs,True
29633,WY-14643,High,4 day,182,13,3,1,https://dbarchive.biosciencedbc.jp/data/open-tggates-pathological-images/LATEST/images/WY-14643/Liver/29633.svs,True
29635,WY-14643,High,4 day,182,13,4,1,https://dbarchive.biosciencedbc.jp/data/open-tggates-pathological-images/LATEST/images/WY-14643/Liver/29635.svs,True
29637,WY-14643,High,4 day,182,13,5,1,https://dbarchive.biosciencedbc.jp/data/open-tggates-pathological-images/LATEST/images/WY-14643/Liver/29637.svs,True
29538,WY-14643,Low,4 day,182,5,1,1,https://dbarchive.biosciencedbc.jp/data/open-tggates-pathological-images/LATEST/images/WY-14643/Liver/29538.svs,True
29541,WY-14643,Low,4 day,182,5,2,1,https://dbarchive.biosciencedbc.jp/data/open-tggates-pathological-images/LATEST/images/WY-14643/Liver/29541.svs,True
29543,WY-14643,Low,4 day,182,5,3,1,https://dbarchive.biosciencedbc.jp/data/open-tggates-pathological-images/LATEST/images/WY-14643/Liver/29543.svs,True
29545,WY-14643,Low,4 day,182,5,4,1,https://dbarchive.biosciencedbc.jp/data/open-tggates-pathological-images/LATEST/images/WY-14643/Liver/29545.svs,True
29548,WY-14643,Low,4 day,182,5,5,1,https://dbarchive.biosciencedbc.jp/data/open-tggates-pathological-images/LATEST/images/WY-14643/Liver/29548.svs,True
29586,WY-14643,Middle,4 day,182,9,1,1,https://dbarchive.biosciencedbc.jp/data/open-tggates-pathological-images/LATEST/images/WY-14643/Liver/29586.svs,True
29588,WY-14643,Middle,4 day,182,9,2,1,https://dbarchive.biosciencedbc.jp/data/open-tggates-pathological-images/LATEST/images/WY-14643/Liver/29588.svs,True
29590,WY-14643,Middle,4 day,182,9,3,1,https://dbarchive.biosciencedbc.jp/data/open-tggates-pathological-images/LATEST/images/WY-14643/Liver/29590.svs,True
29593,WY-14643,Middle,4 day,182,9,4,1,https://dbarchive.biosciencedbc.jp/data/open-tggates-pathological-images/LATEST/images/WY-14643/Liver/29593.svs,True
29595,WY-14643,Middle,4 day,182,9,5,1,https://dbarchive.biosciencedbc.jp/data/open-tggates-pathological-images/LATEST/images/WY-14643/Liver/29595.svs,True
29502,WY-14643,Control,8 day,182,2,1,1,https://dbarchive.biosciencedbc.jp/data/open-tggates-pathological-images/LATEST/images/WY-14643/Liver/29502.svs,True
29504,WY-14643,Control,8 day,182,2,2,1,https://dbarchive.biosciencedbc.jp/data/open-tggates-pathological-images/LATEST/images/WY-14643/Liver/29504.svs,True
29506,WY-14643,Control,8 day,182,2,3,1,https://dbarchive.biosciencedbc.jp/data/open-tggates-pathological-images/LATEST/images/WY-14643/Liver/29506.svs,True
29508,WY-14643,Control,8 day,182,2,4,1,https://dbarchive.biosciencedbc.jp/data/open-tggates-pathological-images/LATEST/images/WY-14643/Liver/29508.svs,True
29511,WY-14643,Control,8 day,182,2,5,1,https://dbarchive.biosciencedbc.jp/data/open-tggates-pathological-images/LATEST/images/WY-14643/Liver/29511.svs,True
29639,WY-14643,High,8 day,182,14,1,1,https://dbarchive.biosciencedbc.jp/data/open-tggates-pathological-images/LATEST/images/WY-14643/Liver/29639.svs,True
29641,WY-14643,High,8 day,182,14,2,1,https://dbarchive.biosciencedbc.jp/data/open-tggates-pathological-images/LATEST/images/WY-14643/Liver/29641.svs,True
29645,WY-14643,High,8 day,182,14,3,1,https://dbarchive.biosciencedbc.jp/data/open-tggates-pathological-images/LATEST/images/WY-14643/Liver/29645.svs,True
29647,WY-14643,High,8 day,182,14,4,1,https://dbarchive.biosciencedbc.jp/data/open-tggates-pathological-images/LATEST/images/WY-14643/Liver/29647.svs,True
29648,WY-14643,High,8 day,182,14,5,1,https://dbarchive.biosciencedbc.jp/data/open-tggates-pathological-images/LATEST/images/WY-14643/Liver/29648.svs,True
29550,WY-14643,Low,8 day,182,6,1,1,https://dbarchive.biosciencedbc.jp/data/open-tggates-pathological-images/LATEST/images/WY-14643/Liver/29550.svs,True
29553,WY-14643,Low,8 day,182,6,2,1,https://dbarchive.biosciencedbc.jp/data/open-tggates-pathological-images/LATEST/images/WY-14643/Liver/29553.svs,True
29555,WY-14643,Low,8 day,182,6,3,1,https://dbarchive.biosciencedbc.jp/data/open-tggates-pathological-images/LATEST/images/WY-14643/Liver/29555.svs,True
29557,WY-14643,Low,8 day,182,6,4,1,https://dbarchive.biosciencedbc.jp/data/open-tggates-pathological-images/LATEST/images/WY-14643/Liver/29557.svs,True
29560,WY-14643,Low,8 day,182,6,5,1,https://dbarchive.biosciencedbc.jp/data/open-tggates-pathological-images/LATEST/images/WY-14643/Liver/29560.svs,True
29597,WY-14643,Middle,8 day,182,10,1,1,https://dbarchive.biosciencedbc.jp/data/open-tggates-pathological-images/LATEST/images/WY-14643/Liver/29597.svs,True
29600,WY-14643,Middle,8 day,182,10,2,1,https://dbarchive.biosciencedbc.jp/data/open-tggates-pathological-images/LATEST/images/WY-14643/Liver/29600.svs,True
29602,WY-14643,Middle,8 day,182,10,3,1,https://dbarchive.biosciencedbc.jp/data/open-tggates-pathological-images/LATEST/images/WY-14643/Liver/29602.svs,True
29605,WY-14643,Middle,8 day,182,10,4,1,https://dbarchive.biosciencedbc.jp/data/open-tggates-pathological-images/LATEST/images/WY-14643/Liver/29605.svs,True
29607,WY-14643,Middle,8 day,182,10,5,1,https://dbarchive.biosciencedbc.jp/data/open-tggates-pathological-images/LATEST/images/WY-14643/Liver/29607.svs,True
65479,acetamide,Control,15 day,713,3,1,1,https://dbarchive.biosciencedbc.jp/data/open-tggates-pathological-images/LATEST/images/acetamide/Liver/65479.svs,False
65483,acetamide,Control,15 day,713,3,2,1,https://dbarchive.biosciencedbc.jp/data/open-tggates-pathological-images/LATEST/images/acetamide/Liver/65483.svs,False
65488,acetamide,Control,15 day,713,3,3,1,https://dbarchive.biosciencedbc.jp/data/open-tggates-pathological-images/LATEST/images/acetamide/Liver/65488.svs,False
65493,acetamide,Control,15 day,713,3,4,1,https://dbarchive.biosciencedbc.jp/data/open-tggates-pathological-images/LATEST/images/acetamide/Liver/65493.svs,False
65497,acetamide,Control,15 day,713,3,5,1,https://dbarchive.biosciencedbc.jp/data/open-tggates-pathological-images/LATEST/images/acetamide/Liver/65497.svs,False
65725,acetamide,High,15 day,713,15,1,1,https://dbarchive.biosciencedbc.jp/data/open-tggates-pathological-images/LATEST/images/acetamide/Liver/65725.svs,False
70965,acetamide,High,15 day,713,15,2,1,https://dbarchive.biosciencedbc.jp/data/open-tggates-pathological-images/LATEST/images/acetamide/Liver/70965.svs,False
65733,acetamide,High,15 day,713,15,3,1,https://dbarchive.biosciencedbc.jp/data/open-tggates-pathological-images/LATEST/images/acetamide/Liver/65733.svs,False
65736,acetamide,High,15 day,713,15,4,1,https://dbarchive.biosciencedbc.jp/data/open-tggates-pathological-images/LATEST/images/acetamide/Liver/65736.svs,False
65741,acetamide,High,15 day,713,15,5,1,https://dbarchive.biosciencedbc.jp/data/open-tggates-pathological-images/LATEST/images/acetamide/Liver/65741.svs,False
70963,acetamide,Low,15 day,713,7,1,1,https://dbarchive.biosciencedbc.jp/data/open-tggates-pathological-images/LATEST/images/acetamide/Liver/70963.svs,False
65569,acetamide,Low,15 day,713,7,2,1,https://dbarchive.biosciencedbc.jp/data/open-tggates-pathological-images/LATEST/images/acetamide/Liver/65569.svs,False
65574,acetamide,Low,15 day,713,7,3,1,https://dbarchive.biosciencedbc.jp/data/open-tggates-pathological-images/LATEST/images/acetamide/Liver/65574.svs,False
65578,acetamide,Low,15 day,713,7,4,1,https://dbarchive.biosciencedbc.jp/data/open-tggates-pathological-images/LATEST/images/acetamide/Liver/65578.svs,False
65582,acetamide,Low,15 day,713,7,5,1,https://dbarchive.biosciencedbc.jp/data/open-tggates-pathological-images/LATEST/images/acetamide/Liver/65582.svs,False
65646,acetamide,Middle,15 day,713,11,1,1,https://dbarchive.biosciencedbc.jp/data/open-tggates-pathological-images/LATEST/images/acetamide/Liver/65646.svs,False
65650,acetamide,Middle,15 day,713,11,2,1,https://dbarchive.biosciencedbc.jp/data/open-tggates-pathological-images/LATEST/images/acetamide/Liver/65650.svs,False
65654,acetamide,Middle,15 day,713,11,3,1,https://dbarchive.biosciencedbc.jp/data/open-tggates-pathological-images/LATEST/images/acetamide/Liver/65654.svs,False
70964,acetamide,Middle,15 day,713,11,4,1,https://dbarchive.biosciencedbc.jp/data/open-tggates-pathological-images/LATEST/images/acetamide/Liver/70964.svs,False
65662,acetamide,Middle,15 day,713,11,5,1,https://dbarchive.biosciencedbc.jp/data/open-tggates-pathological-images/LATEST/images/acetamide/Liver/65662.svs,False
65501,acetamide,Control,29 day,713,4,1,1,https://dbarchive.biosciencedbc.jp/data/open-tggates-pathological-images/LATEST/images/acetamide/Liver/65501.svs,False
65506,acetamide,Control,29 day,713,4,2,1,https://dbarchive.biosciencedbc.jp/data/open-tggates-pathological-images/LATEST/images/acetamide/Liver/65506.svs,False
65510,acetamide,Control,29 day,713,4,3,1,https://dbarchive.biosciencedbc.jp/data/open-tggates-pathological-images/LATEST/images/acetamide/Liver/65510.svs,False
65514,acetamide,Control,29 day,713,4,4,1,https://dbarchive.biosciencedbc.jp/data/open-tggates-pathological-images/LATEST/images/acetamide/Liver/65514.svs,False
65518,acetamide,Control,29 day,713,4,5,1,https://dbarchive.biosciencedbc.jp/data/open-tggates-pathological-images/LATEST/images/acetamide/Liver/65518.svs,False
65745,acetamide,High,29 day,713,16,1,1,https://dbarchive.biosciencedbc.jp/data/open-tggates-pathological-images/LATEST/images/acetamide/Liver/65745.svs,False
65749,acetamide,High,29 day,713,16,2,1,https://dbarchive.biosciencedbc.jp/data/open-tggates-pathological-images/LATEST/images/acetamide/Liver/65749.svs,False
65753,acetamide,High,29 day,713,16,3,1,https://dbarchive.biosciencedbc.jp/data/open-tggates-pathological-images/LATEST/images/acetamide/Liver/65753.svs,False
65757,acetamide,High,29 day,713,16,4,1,https://dbarchive.biosciencedbc.jp/data/open-tggates-pathological-images/LATEST/images/acetamide/Liver/65757.svs,False
65761,acetamide,High,29 day,713,16,5,1,https://dbarchive.biosciencedbc.jp/data/open-tggates-pathological-images/LATEST/images/acetamide/Liver/65761.svs,False
65586,acetamide,Low,29 day,713,8,1,1,https://dbarchive.biosciencedbc.jp/data/open-tggates-pathological-images/LATEST/images/acetamide/Liver/65586.svs,False
65591,acetamide,Low,29 day,713,8,2,1,https://dbarchive.biosciencedbc.jp/data/open-tggates-pathological-images/LATEST/images/acetamide/Liver/65591.svs,False
65595,acetamide,Low,29 day,713,8,3,1,https://dbarchive.biosciencedbc.jp/data/open-tggates-pathological-images/LATEST/images/acetamide/Liver/65595.svs,False
65599,acetamide,Low,29 day,713,8,4,1,https://dbarchive.biosciencedbc.jp/data/open-tggates-pathological-images/LATEST/images/acetamide/Liver/65599.svs,False
65603,acetamide,Low,29 day,713,8,5,1,https://dbarchive.biosciencedbc.jp/data/open-tggates-pathological-images/LATEST/images/acetamide/Liver/65603.svs,False
65666,acetamide,Middle,29 day,713,12,1,1,https://dbarchive.biosciencedbc.jp/data/open-tggates-pathological-images/LATEST/images/acetamide/Liver/65666.svs,False
65670,acetamide,Middle,29 day,713,12,2,1,https://dbarchive.biosciencedbc.jp/data/open-tggates-pathological-images/LATEST/images/acetamide/Liver/65670.svs,False
65674,acetamide,Middle,29 day,713,12,3,1,https://dbarchive.biosciencedbc.jp/data/open-tggates-pathological-images/LATEST/images/acetamide/Liver/65674.svs,False
65678,acetamide,Middle,29 day,713,12,4,1,https://dbarchive.biosciencedbc.jp/data/open-tggates-pathological-images/LATEST/images/acetamide/Liver/65678.svs,False
65682,acetamide,Middle,29 day,713,12,5,1,https://dbarchive.biosciencedbc.jp/data/open-tggates-pathological-images/LATEST/images/acetamide/Liver/65682.svs,False
65438,acetamide,Control,4 day,713,1,1,1,https://dbarchive.biosciencedbc.jp/data/open-tggates-pathological-images/LATEST/images/acetamide/Liver/65438.svs,False
65442,acetamide,Control,4 day,713,1,2,1,https://dbarchive.biosciencedbc.jp/data/open-tggates-pathological-images/LATEST/images/acetamide/Liver/65442.svs,False
65446,acetamide,Control,4 day,713,1,3,1,https://dbarchive.biosciencedbc.jp/data/open-tggates-pathological-images/LATEST/images/acetamide/Liver/65446.svs,False
65450,acetamide,Control,4 day,713,1,4,1,https://dbarchive.biosciencedbc.jp/data/open-tggates-pathological-images/LATEST/images/acetamide/Liver/65450.svs,False
65454,acetamide,Control,4 day,713,1,5,1,https://dbarchive.biosciencedbc.jp/data/open-tggates-pathological-images/LATEST/images/acetamide/Liver/65454.svs,False
65686,acetamide,High,4 day,713,13,1,1,https://dbarchive.biosciencedbc.jp/data/open-tggates-pathological-images/LATEST/images/acetamide/Liver/65686.svs,False
65690,acetamide,High,4 day,713,13,2,1,https://dbarchive.biosciencedbc.jp/data/open-tggates-pathological-images/LATEST/images/acetamide/Liver/65690.svs,False
65694,acetamide,High,4 day,713,13,3,1,https://dbarchive.biosciencedbc.jp/data/open-tggates-pathological-images/LATEST/images/acetamide/Liver/65694.svs,False
65698,acetamide,High,4 day,713,13,4,1,https://dbarchive.biosciencedbc.jp/data/open-tggates-pathological-images/LATEST/images/acetamide/Liver/65698.svs,False
65702,acetamide,High,4 day,713,13,5,1,https://dbarchive.biosciencedbc.jp/data/open-tggates-pathological-images/LATEST/images/acetamide/Liver/65702.svs,False
65523,acetamide,Low,4 day,713,5,1,1,https://dbarchive.biosciencedbc.jp/data/open-tggates-pathological-images/LATEST/images/acetamide/Liver/65523.svs,False
65527,acetamide,Low,4 day,713,5,2,1,https://dbarchive.biosciencedbc.jp/data/open-tggates-pathological-images/LATEST/images/acetamide/Liver/65527.svs,False
65531,acetamide,Low,4 day,713,5,3,1,https://dbarchive.biosciencedbc.jp/data/open-tggates-pathological-images/LATEST/images/acetamide/Liver/65531.svs,False
65535,acetamide,Low,4 day,713,5,4,1,https://dbarchive.biosciencedbc.jp/data/open-tggates-pathological-images/LATEST/images/acetamide/Liver/65535.svs,False
65539,acetamide,Low,4 day,713,5,5,1,https://dbarchive.biosciencedbc.jp/data/open-tggates-pathological-images/LATEST/images/acetamide/Liver/65539.svs,False
65607,acetamide,Middle,4 day,713,9,1,1,https://dbarchive.biosciencedbc.jp/data/open-tggates-pathological-images/LATEST/images/acetamide/Liver/65607.svs,False
65611,acetamide,Middle,4 day,713,9,2,1,https://dbarchive.biosciencedbc.jp/data/open-tggates-pathological-images/LATEST/images/acetamide/Liver/65611.svs,False
65615,acetamide,Middle,4 day,713,9,3,1,https://dbarchive.biosciencedbc.jp/data/open-tggates-pathological-images/LATEST/images/acetamide/Liver/65615.svs,False
65619,acetamide,Middle,4 day,713,9,4,1,https://dbarchive.biosciencedbc.jp/data/open-tggates-pathological-images/LATEST/images/acetamide/Liver/65619.svs,False
65622,acetamide,Middle,4 day,713,9,5,1,https://dbarchive.biosciencedbc.jp/data/open-tggates-pathological-images/LATEST/images/acetamide/Liver/65622.svs,False
65458,acetamide,Control,8 day,713,2,1,1,https://dbarchive.biosciencedbc.jp/data/open-tggates-pathological-images/LATEST/images/acetamide/Liver/65458.svs,False
65463,acetamide,Control,8 day,713,2,2,1,https://dbarchive.biosciencedbc.jp/data/open-tggates-pathological-images/LATEST/images/acetamide/Liver/65463.svs,False
65468,acetamide,Control,8 day,713,2,3,1,https://dbarchive.biosciencedbc.jp/data/open-tggates-pathological-images/LATEST/images/acetamide/Liver/65468.svs,False
65472,acetamide,Control,8 day,713,2,4,1,https://dbarchive.biosciencedbc.jp/data/open-tggates-pathological-images/LATEST/images/acetamide/Liver/65472.svs,False
65475,acetamide,Control,8 day,713,2,5,1,https://dbarchive.biosciencedbc.jp/data/open-tggates-pathological-images/LATEST/images/acetamide/Liver/65475.svs,False
65706,acetamide,High,8 day,713,14,1,1,https://dbarchive.biosciencedbc.jp/data/open-tggates-pathological-images/LATEST/images/acetamide/Liver/65706.svs,False
65710,acetamide,High,8 day,713,14,2,1,https://dbarchive.biosciencedbc.jp/data/open-tggates-pathological-images/LATEST/images/acetamide/Liver/65710.svs,False
65714,acetamide,High,8 day,713,14,3,1,https://dbarchive.biosciencedbc.jp/data/open-tggates-pathological-images/LATEST/images/acetamide/Liver/65714.svs,False
65717,acetamide,High,8 day,713,14,4,1,https://dbarchive.biosciencedbc.jp/data/open-tggates-pathological-images/LATEST/images/acetamide/Liver/65717.svs,False
65721,acetamide,High,8 day,713,14,5,1,https://dbarchive.biosciencedbc.jp/data/open-tggates-pathological-images/LATEST/images/acetamide/Liver/65721.svs,False
65543,acetamide,Low,8 day,713,6,1,1,https://dbarchive.biosciencedbc.jp/data/open-tggates-pathological-images/LATEST/images/acetamide/Liver/65543.svs,False
65548,acetamide,Low,8 day,713,6,2,1,https://dbarchive.biosciencedbc.jp/data/open-tggates-pathological-images/LATEST/images/acetamide/Liver/65548.svs,False
65552,acetamide,Low,8 day,713,6,3,1,https://dbarchive.biosciencedbc.jp/data/open-tggates-pathological-images/LATEST/images/acetamide/Liver/65552.svs,False
65556,acetamide,Low,8 day,713,6,4,1,https://dbarchive.biosciencedbc.jp/data/open-tggates-pathological-images/LATEST/images/acetamide/Liver/65556.svs,False
65560,acetamide,Low,8 day,713,6,5,1,https://dbarchive.biosciencedbc.jp/data/open-tggates-pathological-images/LATEST/images/acetamide/Liver/65560.svs,False
65626,acetamide,Middle,8 day,713,10,1,1,https://dbarchive.biosciencedbc.jp/data/open-tggates-pathological-images/LATEST/images/acetamide/Liver/65626.svs,False
65630,acetamide,Middle,8 day,713,10,2,1,https://dbarchive.biosciencedbc.jp/data/open-tggates-pathological-images/LATEST/images/acetamide/Liver/65630.svs,False
65634,acetamide,Middle,8 day,713,10,3,1,https://dbarchive.biosciencedbc.jp/data/open-tggates-pathological-images/LATEST/images/acetamide/Liver/65634.svs,False
65638,acetamide,Middle,8 day,713,10,4,1,https://dbarchive.biosciencedbc.jp/data/open-tggates-pathological-images/LATEST/images/acetamide/Liver/65638.svs,False
65642,acetamide,Middle,8 day,713,10,5,1,https://dbarchive.biosciencedbc.jp/data/open-tggates-pathological-images/LATEST/images/acetamide/Liver/65642.svs,False
51881,acetamidofluorene,Control,15 day,569,3,1,1,https://dbarchive.biosciencedbc.jp/data/open-tggates-pathological-images/LATEST/images/acetamidofluorene/Liver/51881.svs,False
51885,acetamidofluorene,Control,15 day,569,3,2,1,https://dbarchive.biosciencedbc.jp/data/open-tggates-pathological-images/LATEST/images/acetamidofluorene/Liver/51885.svs,False
51889,acetamidofluorene,Control,15 day,569,3,3,1,https://dbarchive.biosciencedbc.jp/data/open-tggates-pathological-images/LATEST/images/acetamidofluorene/Liver/51889.svs,False
51894,acetamidofluorene,Control,15 day,569,3,4,1,https://dbarchive.biosciencedbc.jp/data/open-tggates-pathological-images/LATEST/images/acetamidofluorene/Liver/51894.svs,False
51899,acetamidofluorene,Control,15 day,569,3,5,1,https://dbarchive.biosciencedbc.jp/data/open-tggates-pathological-images/LATEST/images/acetamidofluorene/Liver/51899.svs,False
51943,acetamidofluorene,High,15 day,569,15,1,1,https://dbarchive.biosciencedbc.jp/data/open-tggates-pathological-images/LATEST/images/acetamidofluorene/Liver/51943.svs,False
51946,acetamidofluorene,High,15 day,569,15,2,1,https://dbarchive.biosciencedbc.jp/data/open-tggates-pathological-images/LATEST/images/acetamidofluorene/Liver/51946.svs,False
51950,acetamidofluorene,High,15 day,569,15,3,1,https://dbarchive.biosciencedbc.jp/data/open-tggates-pathological-images/LATEST/images/acetamidofluorene/Liver/51950.svs,False
51954,acetamidofluorene,High,15 day,569,15,4,1,https://dbarchive.biosciencedbc.jp/data/open-tggates-pathological-images/LATEST/images/acetamidofluorene/Liver/51954.svs,False
51959,acetamidofluorene,High,15 day,569,15,5,1,https://dbarchive.biosciencedbc.jp/data/open-tggates-pathological-images/LATEST/images/acetamidofluorene/Liver/51959.svs,False
51903,acetamidofluorene,Low,15 day,569,7,1,1,https://dbarchive.biosciencedbc.jp/data/open-tggates-pathological-images/LATEST/images/acetamidofluorene/Liver/51903.svs,False
51907,acetamidofluorene,Low,15 day,569,7,2,1,https://dbarchive.biosciencedbc.jp/data/open-tggates-pathological-images/LATEST/images/acetamidofluorene/Liver/51907.svs,False
51910,acetamidofluorene,Low,15 day,569,7,3,1,https://dbarchive.biosciencedbc.jp/data/open-tggates-pathological-images/LATEST/images/acetamidofluorene/Liver/51910.svs,False
51915,acetamidofluorene,Low,15 day,569,7,4,1,https://dbarchive.biosciencedbc.jp/data/open-tggates-pathological-images/LATEST/images/acetamidofluorene/Liver/51915.svs,False
51918,acetamidofluorene,Low,15 day,569,7,5,1,https://dbarchive.biosciencedbc.jp/data/open-tggates-pathological-images/LATEST/images/acetamidofluorene/Liver/51918.svs,False
51922,acetamidofluorene,Middle,15 day,569,11,1,1,https://dbarchive.biosciencedbc.jp/data/open-tggates-pathological-images/LATEST/images/acetamidofluorene/Liver/51922.svs,False
51926,acetamidofluorene,Middle,15 day,569,11,2,1,https://dbarchive.biosciencedbc.jp/data/open-tggates-pathological-images/LATEST/images/acetamidofluorene/Liver/51926.svs,False
51930,acetamidofluorene,Middle,15 day,569,11,3,1,https://dbarchive.biosciencedbc.jp/data/open-tggates-pathological-images/LATEST/images/acetamidofluorene/Liver/51930.svs,False
51935,acetamidofluorene,Middle,15 day,569,11,4,1,https://dbarchive.biosciencedbc.jp/data/open-tggates-pathological-images/LATEST/images/acetamidofluorene/Liver/51935.svs,False
51938,acetamidofluorene,Middle,15 day,569,11,5,1,https://dbarchive.biosciencedbc.jp/data/open-tggates-pathological-images/LATEST/images/acetamidofluorene/Liver/51938.svs,False
51963,acetamidofluorene,Control,29 day,569,4,1,1,https://dbarchive.biosciencedbc.jp/data/open-tggates-pathological-images/LATEST/images/acetamidofluorene/Liver/51963.svs,False
51967,acetamidofluorene,Control,29 day,569,4,2,1,https://dbarchive.biosciencedbc.jp/data/open-tggates-pathological-images/LATEST/images/acetamidofluorene/Liver/51967.svs,False
51972,acetamidofluorene,Control,29 day,569,4,3,1,https://dbarchive.biosciencedbc.jp/data/open-tggates-pathological-images/LATEST/images/acetamidofluorene/Liver/51972.svs,False
51976,acetamidofluorene,Control,29 day,569,4,4,1,https://dbarchive.biosciencedbc.jp/data/open-tggates-pathological-images/LATEST/images/acetamidofluorene/Liver/51976.svs,False
51982,acetamidofluorene,Control,29 day,569,4,5,1,https://dbarchive.biosciencedbc.jp/data/open-tggates-pathological-images/LATEST/images/acetamidofluorene/Liver/51982.svs,False
52852,acetamidofluorene,High,29 day,569,16,1,1,https://dbarchive.biosciencedbc.jp/data/open-tggates-pathological-images/LATEST/images/acetamidofluorene/Liver/52852.svs,False
52028,acetamidofluorene,High,29 day,569,16,2,1,https://dbarchive.biosciencedbc.jp/data/open-tggates-pathological-images/LATEST/images/acetamidofluorene/Liver/52028.svs,False
52032,acetamidofluorene,High,29 day,569,16,3,1,https://dbarchive.biosciencedbc.jp/data/open-tggates-pathological-images/LATEST/images/acetamidofluorene/Liver/52032.svs,False
52037,acetamidofluorene,High,29 day,569,16,4,1,https://dbarchive.biosciencedbc.jp/data/open-tggates-pathological-images/LATEST/images/acetamidofluorene/Liver/52037.svs,False
52040,acetamidofluorene,High,29 day,569,16,5,1,https://dbarchive.biosciencedbc.jp/data/open-tggates-pathological-images/LATEST/images/acetamidofluorene/Liver/52040.svs,False
51986,acetamidofluorene,Low,29 day,569,8,1,1,https://dbarchive.biosciencedbc.jp/data/open-tggates-pathological-images/LATEST/images/acetamidofluorene/Liver/51986.svs,False
51990,acetamidofluorene,Low,29 day,569,8,2,1,https://dbarchive.biosciencedbc.jp/data/open-tggates-pathological-images/LATEST/images/acetamidofluorene/Liver/51990.svs,False
51994,acetamidofluorene,Low,29 day,569,8,3,1,https://dbarchive.biosciencedbc.jp/data/open-tggates-pathological-images/LATEST/images/acetamidofluorene/Liver/51994.svs,False
51998,acetamidofluorene,Low,29 day,569,8,4,1,https://dbarchive.biosciencedbc.jp/data/open-tggates-pathological-images/LATEST/images/acetamidofluorene/Liver/51998.svs,False
52002,acetamidofluorene,Low,29 day,569,8,5,1,https://dbarchive.biosciencedbc.jp/data/open-tggates-pathological-images/LATEST/images/acetamidofluorene/Liver/52002.svs,False
52006,acetamidofluorene,Middle,29 day,569,12,1,1,https://dbarchive.biosciencedbc.jp/data/open-tggates-pathological-images/LATEST/images/acetamidofluorene/Liver/52006.svs,False
52009,acetamidofluorene,Middle,29 day,569,12,2,1,https://dbarchive.biosciencedbc.jp/data/open-tggates-pathological-images/LATEST/images/acetamidofluorene/Liver/52009.svs,False
52016,acetamidofluorene,Middle,29 day,569,12,3,1,https://dbarchive.biosciencedbc.jp/data/open-tggates-pathological-images/LATEST/images/acetamidofluorene/Liver/52016.svs,False
52019,acetamidofluorene,Middle,29 day,569,12,4,1,https://dbarchive.biosciencedbc.jp/data/open-tggates-pathological-images/LATEST/images/acetamidofluorene/Liver/52019.svs,False
52024,acetamidofluorene,Middle,29 day,569,12,5,1,https://dbarchive.biosciencedbc.jp/data/open-tggates-pathological-images/LATEST/images/acetamidofluorene/Liver/52024.svs,False
51711,acetamidofluorene,Control,4 day,569,1,1,1,https://dbarchive.biosciencedbc.jp/data/open-tggates-pathological-images/LATEST/images/acetamidofluorene/Liver/51711.svs,False
51716,acetamidofluorene,Control,4 day,569,1,2,1,https://dbarchive.biosciencedbc.jp/data/open-tggates-pathological-images/LATEST/images/acetamidofluorene/Liver/51716.svs,False
51729,acetamidofluorene,Control,4 day,569,1,3,1,https://dbarchive.biosciencedbc.jp/data/open-tggates-pathological-images/LATEST/images/acetamidofluorene/Liver/51729.svs,False
51734,acetamidofluorene,Control,4 day,569,1,4,1,https://dbarchive.biosciencedbc.jp/data/open-tggates-pathological-images/LATEST/images/acetamidofluorene/Liver/51734.svs,False
51739,acetamidofluorene,Control,4 day,569,1,5,1,https://dbarchive.biosciencedbc.jp/data/open-tggates-pathological-images/LATEST/images/acetamidofluorene/Liver/51739.svs,False
51780,acetamidofluorene,High,4 day,569,13,1,1,https://dbarchive.biosciencedbc.jp/data/open-tggates-pathological-images/LATEST/images/acetamidofluorene/Liver/51780.svs,False
51785,acetamidofluorene,High,4 day,569,13,2,1,https://dbarchive.biosciencedbc.jp/data/open-tggates-pathological-images/LATEST/images/acetamidofluorene/Liver/51785.svs,False
51788,acetamidofluorene,High,4 day,569,13,3,1,https://dbarchive.biosciencedbc.jp/data/open-tggates-pathological-images/LATEST/images/acetamidofluorene/Liver/51788.svs,False
51792,acetamidofluorene,High,4 day,569,13,4,1,https://dbarchive.biosciencedbc.jp/data/open-tggates-pathological-images/LATEST/images/acetamidofluorene/Liver/51792.svs,False
51796,acetamidofluorene,High,4 day,569,13,5,1,https://dbarchive.biosciencedbc.jp/data/open-tggates-pathological-images/LATEST/images/acetamidofluorene/Liver/51796.svs,False
51742,acetamidofluorene,Low,4 day,569,5,1,1,https://dbarchive.biosciencedbc.jp/data/open-tggates-pathological-images/LATEST/images/acetamidofluorene/Liver/51742.svs,False
51747,acetamidofluorene,Low,4 day,569,5,2,1,https://dbarchive.biosciencedbc.jp/data/open-tggates-pathological-images/LATEST/images/acetamidofluorene/Liver/51747.svs,False
51751,acetamidofluorene,Low,4 day,569,5,3,1,https://dbarchive.biosciencedbc.jp/data/open-tggates-pathological-images/LATEST/images/acetamidofluorene/Liver/51751.svs,False
51755,acetamidofluorene,Low,4 day,569,5,4,1,https://dbarchive.biosciencedbc.jp/data/open-tggates-pathological-images/LATEST/images/acetamidofluorene/Liver/51755.svs,False
51758,acetamidofluorene,Low,4 day,569,5,5,1,https://dbarchive.biosciencedbc.jp/data/open-tggates-pathological-images/LATEST/images/acetamidofluorene/Liver/51758.svs,False
51762,acetamidofluorene,Middle,4 day,569,9,1,1,https://dbarchive.biosciencedbc.jp/data/open-tggates-pathological-images/LATEST/images/acetamidofluorene/Liver/51762.svs,False
51766,acetamidofluorene,Middle,4 day,569,9,2,1,https://dbarchive.biosciencedbc.jp/data/open-tggates-pathological-images/LATEST/images/acetamidofluorene/Liver/51766.svs,False
51770,acetamidofluorene,Middle,4 day,569,9,3,1,https://dbarchive.biosciencedbc.jp/data/open-tggates-pathological-images/LATEST/images/acetamidofluorene/Liver/51770.svs,False
51773,acetamidofluorene,Middle,4 day,569,9,4,1,https://dbarchive.biosciencedbc.jp/data/open-tggates-pathological-images/LATEST/images/acetamidofluorene/Liver/51773.svs,False
51777,acetamidofluorene,Middle,4 day,569,9,5,1,https://dbarchive.biosciencedbc.jp/data/open-tggates-pathological-images/LATEST/images/acetamidofluorene/Liver/51777.svs,False
51800,acetamidofluorene,Control,8 day,569,2,1,1,https://dbarchive.biosciencedbc.jp/data/open-tggates-pathological-images/LATEST/images/acetamidofluorene/Liver/51800.svs,False
51804,acetamidofluorene,Control,8 day,569,2,2,1,https://dbarchive.biosciencedbc.jp/data/open-tggates-pathological-images/LATEST/images/acetamidofluorene/Liver/51804.svs,False
51808,acetamidofluorene,Control,8 day,569,2,3,1,https://dbarchive.biosciencedbc.jp/data/open-tggates-pathological-images/LATEST/images/acetamidofluorene/Liver/51808.svs,False
51813,acetamidofluorene,Control,8 day,569,2,4,1,https://dbarchive.biosciencedbc.jp/data/open-tggates-pathological-images/LATEST/images/acetamidofluorene/Liver/51813.svs,False
51816,acetamidofluorene,Control,8 day,569,2,5,1,https://dbarchive.biosciencedbc.jp/data/open-tggates-pathological-images/LATEST/images/acetamidofluorene/Liver/51816.svs,False
51861,acetamidofluorene,High,8 day,569,14,1,1,https://dbarchive.biosciencedbc.jp/data/open-tggates-pathological-images/LATEST/images/acetamidofluorene/Liver/51861.svs,False
51865,acetamidofluorene,High,8 day,569,14,2,1,https://dbarchive.biosciencedbc.jp/data/open-tggates-pathological-images/LATEST/images/acetamidofluorene/Liver/51865.svs,False
51868,acetamidofluorene,High,8 day,569,14,3,1,https://dbarchive.biosciencedbc.jp/data/open-tggates-pathological-images/LATEST/images/acetamidofluorene/Liver/51868.svs,False
51873,acetamidofluorene,High,8 day,569,14,4,1,https://dbarchive.biosciencedbc.jp/data/open-tggates-pathological-images/LATEST/images/acetamidofluorene/Liver/51873.svs,False
51876,acetamidofluorene,High,8 day,569,14,5,1,https://dbarchive.biosciencedbc.jp/data/open-tggates-pathological-images/LATEST/images/acetamidofluorene/Liver/51876.svs,False
51821,acetamidofluorene,Low,8 day,569,6,1,1,https://dbarchive.biosciencedbc.jp/data/open-tggates-pathological-images/LATEST/images/acetamidofluorene/Liver/51821.svs,False
51824,acetamidofluorene,Low,8 day,569,6,2,1,https://dbarchive.biosciencedbc.jp/data/open-tggates-pathological-images/LATEST/images/acetamidofluorene/Liver/51824.svs,False
51829,acetamidofluorene,Low,8 day,569,6,3,1,https://dbarchive.biosciencedbc.jp/data/open-tggates-pathological-images/LATEST/images/acetamidofluorene/Liver/51829.svs,False
51832,acetamidofluorene,Low,8 day,569,6,4,1,https://dbarchive.biosciencedbc.jp/data/open-tggates-pathological-images/LATEST/images/acetamidofluorene/Liver/51832.svs,False
51837,acetamidofluorene,Low,8 day,569,6,5,1,https://dbarchive.biosciencedbc.jp/data/open-tggates-pathological-images/LATEST/images/acetamidofluorene/Liver/51837.svs,False
51842,acetamidofluorene,Middle,8 day,569,10,1,1,https://dbarchive.biosciencedbc.jp/data/open-tggates-pathological-images/LATEST/images/acetamidofluorene/Liver/51842.svs,False
51846,acetamidofluorene,Middle,8 day,569,10,2,1,https://dbarchive.biosciencedbc.jp/data/open-tggates-pathological-images/LATEST/images/acetamidofluorene/Liver/51846.svs,False
51850,acetamidofluorene,Middle,8 day,569,10,3,1,https://dbarchive.biosciencedbc.jp/data/open-tggates-pathological-images/LATEST/images/acetamidofluorene/Liver/51850.svs,False
51853,acetamidofluorene,Middle,8 day,569,10,4,1,https://dbarchive.biosciencedbc.jp/data/open-tggates-pathological-images/LATEST/images/acetamidofluorene/Liver/51853.svs,False
51857,acetamidofluorene,Middle,8 day,569,10,5,1,https://dbarchive.biosciencedbc.jp/data/open-tggates-pathological-images/LATEST/images/acetamidofluorene/Liver/51857.svs,False
27856,acetaminophen,Control,15 day,42,3,1,1,https://dbarchive.biosciencedbc.jp/data/open-tggates-pathological-images/LATEST/images/acetaminophen/Liver/27856.svs,False
27857,acetaminophen,Control,15 day,42,3,1,1,https://dbarchive.biosciencedbc.jp/data/open-tggates-pathological-images/LATEST/images/acetaminophen/Liver/27857.svs,False
27860,acetaminophen,Control,15 day,42,3,2,1,https://dbarchive.biosciencedbc.jp/data/open-tggates-pathological-images/LATEST/images/acetaminophen/Liver/27860.svs,False
27864,acetaminophen,Control,15 day,42,3,3,1,https://dbarchive.biosciencedbc.jp/data/open-tggates-pathological-images/LATEST/images/acetaminophen/Liver/27864.svs,False
27867,acetaminophen,Control,15 day,42,3,4,1,https://dbarchive.biosciencedbc.jp/data/open-tggates-pathological-images/LATEST/images/acetaminophen/Liver/27867.svs,False
27869,acetaminophen,Control,15 day,42,3,5,1,https://dbarchive.biosciencedbc.jp/data/open-tggates-pathological-images/LATEST/images/acetaminophen/Liver/27869.svs,False
28181,acetaminophen,High,15 day,42,19,1,1,https://dbarchive.biosciencedbc.jp/data/open-tggates-pathological-images/LATEST/images/acetaminophen/Liver/28181.svs,False
28185,acetaminophen,High,15 day,42,19,2,1,https://dbarchive.biosciencedbc.jp/data/open-tggates-pathological-images/LATEST/images/acetaminophen/Liver/28185.svs,False
28189,acetaminophen,High,15 day,42,19,3,1,https://dbarchive.biosciencedbc.jp/data/open-tggates-pathological-images/LATEST/images/acetaminophen/Liver/28189.svs,False
28192,acetaminophen,High,15 day,42,19,4,1,https://dbarchive.biosciencedbc.jp/data/open-tggates-pathological-images/LATEST/images/acetaminophen/Liver/28192.svs,False
28196,acetaminophen,High,15 day,42,19,5,1,https://dbarchive.biosciencedbc.jp/data/open-tggates-pathological-images/LATEST/images/acetaminophen/Liver/28196.svs,False
28022,acetaminophen,Low,15 day,42,11,1,1,https://dbarchive.biosciencedbc.jp/data/open-tggates-pathological-images/LATEST/images/acetaminophen/Liver/28022.svs,False
70385,acetaminophen,Low,15 day,42,11,2,1,https://dbarchive.biosciencedbc.jp/data/open-tggates-pathological-images/LATEST/images/acetaminophen/Liver/70385.svs,False
28030,acetaminophen,Low,15 day,42,11,3,1,https://dbarchive.biosciencedbc.jp/data/open-tggates-pathological-images/LATEST/images/acetaminophen/Liver/28030.svs,False
28034,acetaminophen,Low,15 day,42,11,4,1,https://dbarchive.biosciencedbc.jp/data/open-tggates-pathological-images/LATEST/images/acetaminophen/Liver/28034.svs,False
28041,acetaminophen,Low,15 day,42,11,5,1,https://dbarchive.biosciencedbc.jp/data/open-tggates-pathological-images/LATEST/images/acetaminophen/Liver/28041.svs,False
28043,acetaminophen,Low,15 day,42,11,5,1,https://dbarchive.biosciencedbc.jp/data/open-tggates-pathological-images/LATEST/images/acetaminophen/Liver/28043.svs,False
28110,acetaminophen,Middle,15 day,42,15,1,1,https://dbarchive.biosciencedbc.jp/data/open-tggates-pathological-images/LATEST/images/acetaminophen/Liver/28110.svs,False
28113,acetaminophen,Middle,15 day,42,15,2,1,https://dbarchive.biosciencedbc.jp/data/open-tggates-pathological-images/LATEST/images/acetaminophen/Liver/28113.svs,False
28117,acetaminophen,Middle,15 day,42,15,3,1,https://dbarchive.biosciencedbc.jp/data/open-tggates-pathological-images/LATEST/images/acetaminophen/Liver/28117.svs,False
28120,acetaminophen,Middle,15 day,42,15,4,1,https://dbarchive.biosciencedbc.jp/data/open-tggates-pathological-images/LATEST/images/acetaminophen/Liver/28120.svs,False
28122,acetaminophen,Middle,15 day,42,15,4,1,https://dbarchive.biosciencedbc.jp/data/open-tggates-pathological-images/LATEST/images/acetaminophen/Liver/28122.svs,False
28125,acetaminophen,Middle,15 day,42,15,5,1,https://dbarchive.biosciencedbc.jp/data/open-tggates-pathological-images/LATEST/images/acetaminophen/Liver/28125.svs,False
27931,acetaminophen,,15 day,42,7,1,1,https://dbarchive.biosciencedbc.jp/data/open-tggates-pathological-images/LATEST/images/acetaminophen/Liver/27931.svs,False
27937,acetaminophen,,15 day,42,7,2,1,https://dbarchive.biosciencedbc.jp/data/open-tggates-pathological-images/LATEST/images/acetaminophen/Liver/27937.svs,False
27941,acetaminophen,,15 day,42,7,3,1,https://dbarchive.biosciencedbc.jp/data/open-tggates-pathological-images/LATEST/images/acetaminophen/Liver/27941.svs,False
27946,acetaminophen,,15 day,42,7,4,1,https://dbarchive.biosciencedbc.jp/data/open-tggates-pathological-images/LATEST/images/acetaminophen/Liver/27946.svs,False
27950,acetaminophen,,15 day,42,7,5,1,https://dbarchive.biosciencedbc.jp/data/open-tggates-pathological-images/LATEST/images/acetaminophen/Liver/27950.svs,False
27952,acetaminophen,,15 day,42,7,5,1,https://dbarchive.biosciencedbc.jp/data/open-tggates-pathological-images/LATEST/images/acetaminophen/Liver/27952.svs,False
68841,acetaminophen,,15 day,707,3,1,1,https://dbarchive.biosciencedbc.jp/data/open-tggates-pathological-images/LATEST/images/acetaminophen/Liver/68841.svs,False
68845,acetaminophen,,15 day,707,3,2,1,https://dbarchive.biosciencedbc.jp/data/open-tggates-pathological-images/LATEST/images/acetaminophen/Liver/68845.svs,False
68849,acetaminophen,,15 day,707,3,3,1,https://dbarchive.biosciencedbc.jp/data/open-tggates-pathological-images/LATEST/images/acetaminophen/Liver/68849.svs,False
68853,acetaminophen,,15 day,707,3,4,1,https://dbarchive.biosciencedbc.jp/data/open-tggates-pathological-images/LATEST/images/acetaminophen/Liver/68853.svs,False
68857,acetaminophen,,15 day,707,3,5,1,https://dbarchive.biosciencedbc.jp/data/open-tggates-pathological-images/LATEST/images/acetaminophen/Liver/68857.svs,False
68945,acetaminophen,,15 day,707,7,1,1,https://dbarchive.biosciencedbc.jp/data/open-tggates-pathological-images/LATEST/images/acetaminophen/Liver/68945.svs,False
68949,acetaminophen,,15 day,707,7,2,1,https://dbarchive.biosciencedbc.jp/data/open-tggates-pathological-images/LATEST/images/acetaminophen/Liver/68949.svs,False
68953,acetaminophen,,15 day,707,7,3,1,https://dbarchive.biosciencedbc.jp/data/open-tggates-pathological-images/LATEST/images/acetaminophen/Liver/68953.svs,False
68956,acetaminophen,,15 day,707,7,4,1,https://dbarchive.biosciencedbc.jp/data/open-tggates-pathological-images/LATEST/images/acetaminophen/Liver/68956.svs,False
68960,acetaminophen,,15 day,707,7,5,1,https://dbarchive.biosciencedbc.jp/data/open-tggates-pathological-images/LATEST/images/acetaminophen/Liver/68960.svs,False
27873,acetaminophen,Control,29 day,42,4,1,1,https://dbarchive.biosciencedbc.jp/data/open-tggates-pathological-images/LATEST/images/acetaminophen/Liver/27873.svs,False
27876,acetaminophen,Control,29 day,42,4,2,1,https://dbarchive.biosciencedbc.jp/data/open-tggates-pathological-images/LATEST/images/acetaminophen/Liver/27876.svs,False
27879,acetaminophen,Control,29 day,42,4,3,1,https://dbarchive.biosciencedbc.jp/data/open-tggates-pathological-images/LATEST/images/acetaminophen/Liver/27879.svs,False
27882,acetaminophen,Control,29 day,42,4,4,1,https://dbarchive.biosciencedbc.jp/data/open-tggates-pathological-images/LATEST/images/acetaminophen/Liver/27882.svs,False
27885,acetaminophen,Control,29 day,42,4,5,1,https://dbarchive.biosciencedbc.jp/data/open-tggates-pathological-images/LATEST/images/acetaminophen/Liver/27885.svs,False
28199,acetaminophen,High,29 day,42,20,1,1,https://dbarchive.biosciencedbc.jp/data/open-tggates-pathological-images/LATEST/images/acetaminophen/Liver/28199.svs,False
28203,acetaminophen,High,29 day,42,20,2,1,https://dbarchive.biosciencedbc.jp/data/open-tggates-pathological-images/LATEST/images/acetaminophen/Liver/28203.svs,False
28207,acetaminophen,High,29 day,42,20,3,1,https://dbarchive.biosciencedbc.jp/data/open-tggates-pathological-images/LATEST/images/acetaminophen/Liver/28207.svs,False
28210,acetaminophen,High,29 day,42,20,4,1,https://dbarchive.biosciencedbc.jp/data/open-tggates-pathological-images/LATEST/images/acetaminophen/Liver/28210.svs,False
28214,acetaminophen,High,29 day,42,20,5,1,https://dbarchive.biosciencedbc.jp/data/open-tggates-pathological-images/LATEST/images/acetaminophen/Liver/28214.svs,False
28047,acetaminophen,Low,29 day,42,12,1,1,https://dbarchive.biosciencedbc.jp/data/open-tggates-pathological-images/LATEST/images/acetaminophen/Liver/28047.svs,False
28050,acetaminophen,Low,29 day,42,12,2,1,https://dbarchive.biosciencedbc.jp/data/open-tggates-pathological-images/LATEST/images/acetaminophen/Liver/28050.svs,False
28054,acetaminophen,Low,29 day,42,12,3,1,https://dbarchive.biosciencedbc.jp/data/open-tggates-pathological-images/LATEST/images/acetaminophen/Liver/28054.svs,False
28059,acetaminophen,Low,29 day,42,12,4,1,https://dbarchive.biosciencedbc.jp/data/open-tggates-pathological-images/LATEST/images/acetaminophen/Liver/28059.svs,False
28063,acetaminophen,Low,29 day,42,12,5,1,https://dbarchive.biosciencedbc.jp/data/open-tggates-pathological-images/LATEST/images/acetaminophen/Liver/28063.svs,False
28128,acetaminophen,Middle,29 day,42,16,1,1,https://dbarchive.biosciencedbc.jp/data/open-tggates-pathological-images/LATEST/images/acetaminophen/Liver/28128.svs,False
28132,acetaminophen,Middle,29 day,42,16,2,1,https://dbarchive.biosciencedbc.jp/data/open-tggates-pathological-images/LATEST/images/acetaminophen/Liver/28132.svs,False
28136,acetaminophen,Middle,29 day,42,16,3,1,https://dbarchive.biosciencedbc.jp/data/open-tggates-pathological-images/LATEST/images/acetaminophen/Liver/28136.svs,False
28137,acetaminophen,Middle,29 day,42,16,3,1,https://dbarchive.biosciencedbc.jp/data/open-tggates-pathological-images/LATEST/images/acetaminophen/Liver/28137.svs,False
28140,acetaminophen,Middle,29 day,42,16,4,1,https://dbarchive.biosciencedbc.jp/data/open-tggates-pathological-images/LATEST/images/acetaminophen/Liver/28140.svs,False
70387,acetaminophen,Middle,29 day,42,16,5,1,https://dbarchive.biosciencedbc.jp/data/open-tggates-pathological-images/LATEST/images/acetaminophen/Liver/70387.svs,False
27957,acetaminophen,,29 day,42,8,1,1,https://dbarchive.biosciencedbc.jp/data/open-tggates-pathological-images/LATEST/images/acetaminophen/Liver/27957.svs,False
27962,acetaminophen,,29 day,42,8,2,1,https://dbarchive.biosciencedbc.jp/data/open-tggates-pathological-images/LATEST/images/acetaminophen/Liver/27962.svs,False
27967,acetaminophen,,29 day,42,8,3,1,https://dbarchive.biosciencedbc.jp/data/open-tggates-pathological-images/LATEST/images/acetaminophen/Liver/27967.svs,False
27972,acetaminophen,,29 day,42,8,4,1,https://dbarchive.biosciencedbc.jp/data/open-tggates-pathological-images/LATEST/images/acetaminophen/Liver/27972.svs,False
27976,acetaminophen,,29 day,42,8,5,1,https://dbarchive.biosciencedbc.jp/data/open-tggates-pathological-images/LATEST/images/acetaminophen/Liver/27976.svs,False
68861,acetaminophen,,29 day,707,4,1,1,https://dbarchive.biosciencedbc.jp/data/open-tggates-pathological-images/LATEST/images/acetaminophen/Liver/68861.svs,False
68865,acetaminophen,,29 day,707,4,2,1,https://dbarchive.biosciencedbc.jp/data/open-tggates-pathological-images/LATEST/images/acetaminophen/Liver/68865.svs,False
68869,acetaminophen,,29 day,707,4,3,1,https://dbarchive.biosciencedbc.jp/data/open-tggates-pathological-images/LATEST/images/acetaminophen/Liver/68869.svs,False
68873,acetaminophen,,29 day,707,4,4,1,https://dbarchive.biosciencedbc.jp/data/open-tggates-pathological-images/LATEST/images/acetaminophen/Liver/68873.svs,False
68877,acetaminophen,,29 day,707,4,5,1,https://dbarchive.biosciencedbc.jp/data/open-tggates-pathological-images/LATEST/images/acetaminophen/Liver/68877.svs,False
68964,acetaminophen,,29 day,707,8,1,1,https://dbarchive.biosciencedbc.jp/data/open-tggates-pathological-images/LATEST/images/acetaminophen/Liver/68964.svs,False
68968,acetaminophen,,29 day,707,8,2,1,https://dbarchive.biosciencedbc.jp/data/open-tggates-pathological-images/LATEST/images/acetaminophen/Liver/68968.svs,False
68972,acetaminophen,,29 day,707,8,3,1,https://dbarchive.biosciencedbc.jp/data/open-tggates-pathological-images/LATEST/images/acetaminophen/Liver/68972.svs,False
68976,acetaminophen,,29 day,707,8,4,1,https://dbarchive.biosciencedbc.jp/data/open-tggates-pathological-images/LATEST/images/acetaminophen/Liver/68976.svs,False
27818,acetaminophen,Control,4 day,42,1,1,1,https://dbarchive.biosciencedbc.jp/data/open-tggates-pathological-images/LATEST/images/acetaminophen/Liver/27818.svs,False
27823,acetaminophen,Control,4 day,42,1,2,1,https://dbarchive.biosciencedbc.jp/data/open-tggates-pathological-images/LATEST/images/acetaminophen/Liver/27823.svs,False
27827,acetaminophen,Control,4 day,42,1,3,1,https://dbarchive.biosciencedbc.jp/data/open-tggates-pathological-images/LATEST/images/acetaminophen/Liver/27827.svs,False
27830,acetaminophen,Control,4 day,42,1,4,1,https://dbarchive.biosciencedbc.jp/data/open-tggates-pathological-images/LATEST/images/acetaminophen/Liver/27830.svs,False
27834,acetaminophen,Control,4 day,42,1,5,1,https://dbarchive.biosciencedbc.jp/data/open-tggates-pathological-images/LATEST/images/acetaminophen/Liver/27834.svs,False
28146,acetaminophen,High,4 day,42,17,1,1,https://dbarchive.biosciencedbc.jp/data/open-tggates-pathological-images/LATEST/images/acetaminophen/Liver/28146.svs,False
28150,acetaminophen,High,4 day,42,17,2,1,https://dbarchive.biosciencedbc.jp/data/open-tggates-pathological-images/LATEST/images/acetaminophen/Liver/28150.svs,False
28154,acetaminophen,High,4 day,42,17,3,1,https://dbarchive.biosciencedbc.jp/data/open-tggates-pathological-images/LATEST/images/acetaminophen/Liver/28154.svs,False
28157,acetaminophen,High,4 day,42,17,4,1,https://dbarchive.biosciencedbc.jp/data/open-tggates-pathological-images/LATEST/images/acetaminophen/Liver/28157.svs,False
28161,acetaminophen,High,4 day,42,17,5,1,https://dbarchive.biosciencedbc.jp/data/open-tggates-pathological-images/LATEST/images/acetaminophen/Liver/28161.svs,False
27980,acetaminophen,Low,4 day,42,9,1,1,https://dbarchive.biosciencedbc.jp/data/open-tggates-pathological-images/LATEST/images/acetaminophen/Liver/27980.svs,False
27984,acetaminophen,Low,4 day,42,9,2,1,https://dbarchive.biosciencedbc.jp/data/open-tggates-pathological-images/LATEST/images/acetaminophen/Liver/27984.svs,False
27989,acetaminophen,Low,4 day,42,9,3,1,https://dbarchive.biosciencedbc.jp/data/open-tggates-pathological-images/LATEST/images/acetaminophen/Liver/27989.svs,False
27992,acetaminophen,Low,4 day,42,9,4,1,https://dbarchive.biosciencedbc.jp/data/open-tggates-pathological-images/LATEST/images/acetaminophen/Liver/27992.svs,False
27997,acetaminophen,Low,4 day,42,9,5,1,https://dbarchive.biosciencedbc.jp/data/open-tggates-pathological-images/LATEST/images/acetaminophen/Liver/27997.svs,False
28067,acetaminophen,Middle,4 day,42,13,1,1,https://dbarchive.biosciencedbc.jp/data/open-tggates-pathological-images/LATEST/images/acetaminophen/Liver/28067.svs,False
28071,acetaminophen,Middle,4 day,42,13,2,1,https://dbarchive.biosciencedbc.jp/data/open-tggates-pathological-images/LATEST/images/acetaminophen/Liver/28071.svs,False
28075,acetaminophen,Middle,4 day,42,13,3,1,https://dbarchive.biosciencedbc.jp/data/open-tggates-pathological-images/LATEST/images/acetaminophen/Liver/28075.svs,False
28079,acetaminophen,Middle,4 day,42,13,4,1,https://dbarchive.biosciencedbc.jp/data/open-tggates-pathological-images/LATEST/images/acetaminophen/Liver/28079.svs,False
28083,acetaminophen,Middle,4 day,42,13,5,1,https://dbarchive.biosciencedbc.jp/data/open-tggates-pathological-images/LATEST/images/acetaminophen/Liver/28083.svs,False
27889,acetaminophen,,4 day,42,5,1,1,https://dbarchive.biosciencedbc.jp/data/open-tggates-pathological-images/LATEST/images/acetaminophen/Liver/27889.svs,False
27892,acetaminophen,,4 day,42,5,2,1,https://dbarchive.biosciencedbc.jp/data/open-tggates-pathological-images/LATEST/images/acetaminophen/Liver/27892.svs,False
27896,acetaminophen,,4 day,42,5,3,1,https://dbarchive.biosciencedbc.jp/data/open-tggates-pathological-images/LATEST/images/acetaminophen/Liver/27896.svs,False
27899,acetaminophen,,4 day,42,5,4,1,https://dbarchive.biosciencedbc.jp/data/open-tggates-pathological-images/LATEST/images/acetaminophen/Liver/27899.svs,False
27902,acetaminophen,,4 day,42,5,5,1,https://dbarchive.biosciencedbc.jp/data/open-tggates-pathological-images/LATEST/images/acetaminophen/Liver/27902.svs,False
68802,acetaminophen,,4 day,707,1,1,1,https://dbarchive.biosciencedbc.jp/data/open-tggates-pathological-images/LATEST/images/acetaminophen/Liver/68802.svs,False
68805,acetaminophen,,4 day,707,1,2,1,https://dbarchive.biosciencedbc.jp/data/open-tggates-pathological-images/LATEST/images/acetaminophen/Liver/68805.svs,False
68809,acetaminophen,,4 day,707,1,3,1,https://dbarchive.biosciencedbc.jp/data/open-tggates-pathological-images/LATEST/images/acetaminophen/Liver/68809.svs,False
68813,acetaminophen,,4 day,707,1,4,1,https://dbarchive.biosciencedbc.jp/data/open-tggates-pathological-images/LATEST/images/acetaminophen/Liver/68813.svs,False
68817,acetaminophen,,4 day,707,1,5,1,https://dbarchive.biosciencedbc.jp/data/open-tggates-pathological-images/LATEST/images/acetaminophen/Liver/68817.svs,False
68908,acetaminophen,,4 day,707,5,1,1,https://dbarchive.biosciencedbc.jp/data/open-tggates-pathological-images/LATEST/images/acetaminophen/Liver/68908.svs,False
68912,acetaminophen,,4 day,707,5,2,1,https://dbarchive.biosciencedbc.jp/data/open-tggates-pathological-images/LATEST/images/acetaminophen/Liver/68912.svs,False
68915,acetaminophen,,4 day,707,5,3,1,https://dbarchive.biosciencedbc.jp/data/open-tggates-pathological-images/LATEST/images/acetaminophen/Liver/68915.svs,False
68919,acetaminophen,,4 day,707,5,4,1,https://dbarchive.biosciencedbc.jp/data/open-tggates-pathological-images/LATEST/images/acetaminophen/Liver/68919.svs,False
68923,acetaminophen,,4 day,707,5,5,1,https://dbarchive.biosciencedbc.jp/data/open-tggates-pathological-images/LATEST/images/acetaminophen/Liver/68923.svs,False
27837,acetaminophen,Control,8 day,42,2,1,1,https://dbarchive.biosciencedbc.jp/data/open-tggates-pathological-images/LATEST/images/acetaminophen/Liver/27837.svs,False
27842,acetaminophen,Control,8 day,42,2,2,1,https://dbarchive.biosciencedbc.jp/data/open-tggates-pathological-images/LATEST/images/acetaminophen/Liver/27842.svs,False
27846,acetaminophen,Control,8 day,42,2,3,1,https://dbarchive.biosciencedbc.jp/data/open-tggates-pathological-images/LATEST/images/acetaminophen/Liver/27846.svs,False
27849,acetaminophen,Control,8 day,42,2,4,1,https://dbarchive.biosciencedbc.jp/data/open-tggates-pathological-images/LATEST/images/acetaminophen/Liver/27849.svs,False
27853,acetaminophen,Control,8 day,42,2,5,1,https://dbarchive.biosciencedbc.jp/data/open-tggates-pathological-images/LATEST/images/acetaminophen/Liver/27853.svs,False
28164,acetaminophen,High,8 day,42,18,1,1,https://dbarchive.biosciencedbc.jp/data/open-tggates-pathological-images/LATEST/images/acetaminophen/Liver/28164.svs,False
28168,acetaminophen,High,8 day,42,18,2,1,https://dbarchive.biosciencedbc.jp/data/open-tggates-pathological-images/LATEST/images/acetaminophen/Liver/28168.svs,False
28171,acetaminophen,High,8 day,42,18,3,1,https://dbarchive.biosciencedbc.jp/data/open-tggates-pathological-images/LATEST/images/acetaminophen/Liver/28171.svs,False
28174,acetaminophen,High,8 day,42,18,4,1,https://dbarchive.biosciencedbc.jp/data/open-tggates-pathological-images/LATEST/images/acetaminophen/Liver/28174.svs,False
28178,acetaminophen,High,8 day,42,18,5,1,https://dbarchive.biosciencedbc.jp/data/open-tggates-pathological-images/LATEST/images/acetaminophen/Liver/28178.svs,False
28001,acetaminophen,Low,8 day,42,10,1,1,https://dbarchive.biosciencedbc.jp/data/open-tggates-pathological-images/LATEST/images/acetaminophen/Liver/28001.svs,False
28006,acetaminophen,Low,8 day,42,10,2,1,https://dbarchive.biosciencedbc.jp/data/open-tggates-pathological-images/LATEST/images/acetaminophen/Liver/28006.svs,False
28011,acetaminophen,Low,8 day,42,10,3,1,https://dbarchive.biosciencedbc.jp/data/open-tggates-pathological-images/LATEST/images/acetaminophen/Liver/28011.svs,False
28014,acetaminophen,Low,8 day,42,10,4,1,https://dbarchive.biosciencedbc.jp/data/open-tggates-pathological-images/LATEST/images/acetaminophen/Liver/28014.svs,False
28018,acetaminophen,Low,8 day,42,10,5,1,https://dbarchive.biosciencedbc.jp/data/open-tggates-pathological-images/LATEST/images/acetaminophen/Liver/28018.svs,False
70386,acetaminophen,Middle,8 day,42,14,1,1,https://dbarchive.biosciencedbc.jp/data/open-tggates-pathological-images/LATEST/images/acetaminophen/Liver/70386.svs,False
28092,acetaminophen,Middle,8 day,42,14,2,1,https://dbarchive.biosciencedbc.jp/data/open-tggates-pathological-images/LATEST/images/acetaminophen/Liver/28092.svs,False
28096,acetaminophen,Middle,8 day,42,14,3,1,https://dbarchive.biosciencedbc.jp/data/open-tggates-pathological-images/LATEST/images/acetaminophen/Liver/28096.svs,False
28101,acetaminophen,Middle,8 day,42,14,4,1,https://dbarchive.biosciencedbc.jp/data/open-tggates-pathological-images/LATEST/images/acetaminophen/Liver/28101.svs,False
28105,acetaminophen,Middle,8 day,42,14,5,1,https://dbarchive.biosciencedbc.jp/data/open-tggates-pathological-images/LATEST/images/acetaminophen/Liver/28105.svs,False
27907,acetaminophen,,8 day,42,6,1,1,https://dbarchive.biosciencedbc.jp/data/open-tggates-pathological-images/LATEST/images/acetaminophen/Liver/27907.svs,False
27912,acetaminophen,,8 day,42,6,2,1,https://dbarchive.biosciencedbc.jp/data/open-tggates-pathological-images/LATEST/images/acetaminophen/Liver/27912.svs,False
27916,acetaminophen,,8 day,42,6,3,1,https://dbarchive.biosciencedbc.jp/data/open-tggates-pathological-images/LATEST/images/acetaminophen/Liver/27916.svs,False
27921,acetaminophen,,8 day,42,6,4,1,https://dbarchive.biosciencedbc.jp/data/open-tggates-pathological-images/LATEST/images/acetaminophen/Liver/27921.svs,False
27926,acetaminophen,,8 day,42,6,5,1,https://dbarchive.biosciencedbc.jp/data/open-tggates-pathological-images/LATEST/images/acetaminophen/Liver/27926.svs,False
68821,acetaminophen,,8 day,707,2,1,1,https://dbarchive.biosciencedbc.jp/data/open-tggates-pathological-images/LATEST/images/acetaminophen/Liver/68821.svs,False
68825,acetaminophen,,8 day,707,2,2,1,https://dbarchive.biosciencedbc.jp/data/open-tggates-pathological-images/LATEST/images/acetaminophen/Liver/68825.svs,False
68829,acetaminophen,,8 day,707,2,3,1,https://dbarchive.biosciencedbc.jp/data/open-tggates-pathological-images/LATEST/images/acetaminophen/Liver/68829.svs,False
68833,acetaminophen,,8 day,707,2,4,1,https://dbarchive.biosciencedbc.jp/data/open-tggates-pathological-images/LATEST/images/acetaminophen/Liver/68833.svs,False
68837,acetaminophen,,8 day,707,2,5,1,https://dbarchive.biosciencedbc.jp/data/open-tggates-pathological-images/LATEST/images/acetaminophen/Liver/68837.svs,False
68927,acetaminophen,,8 day,707,6,1,1,https://dbarchive.biosciencedbc.jp/data/open-tggates-pathological-images/LATEST/images/acetaminophen/Liver/68927.svs,False
68930,acetaminophen,,8 day,707,6,2,1,https://dbarchive.biosciencedbc.jp/data/open-tggates-pathological-images/LATEST/images/acetaminophen/Liver/68930.svs,False
68934,acetaminophen,,8 day,707,6,3,1,https://dbarchive.biosciencedbc.jp/data/open-tggates-pathological-images/LATEST/images/acetaminophen/Liver/68934.svs,False
68938,acetaminophen,,8 day,707,6,4,1,https://dbarchive.biosciencedbc.jp/data/open-tggates-pathological-images/LATEST/images/acetaminophen/Liver/68938.svs,False
68941,acetaminophen,,8 day,707,6,5,1,https://dbarchive.biosciencedbc.jp/data/open-tggates-pathological-images/LATEST/images/acetaminophen/Liver/68941.svs,False
25663,allyl alcohol,Control,15 day,103,3,1,1,https://dbarchive.biosciencedbc.jp/data/open-tggates-pathological-images/LATEST/images/allyl_alcohol/Liver/25663.svs,False
25665,allyl alcohol,Control,15 day,103,3,2,1,https://dbarchive.biosciencedbc.jp/data/open-tggates-pathological-images/LATEST/images/allyl_alcohol/Liver/25665.svs,False
25667,allyl alcohol,Control,15 day,103,3,3,1,https://dbarchive.biosciencedbc.jp/data/open-tggates-pathological-images/LATEST/images/allyl_alcohol/Liver/25667.svs,False
25669,allyl alcohol,Control,15 day,103,3,4,1,https://dbarchive.biosciencedbc.jp/data/open-tggates-pathological-images/LATEST/images/allyl_alcohol/Liver/25669.svs,False
25671,allyl alcohol,Control,15 day,103,3,5,1,https://dbarchive.biosciencedbc.jp/data/open-tggates-pathological-images/LATEST/images/allyl_alcohol/Liver/25671.svs,False
25697,allyl alcohol,High,15 day,103,15,1,1,https://dbarchive.biosciencedbc.jp/data/open-tggates-pathological-images/LATEST/images/allyl_alcohol/Liver/25697.svs,False
25700,allyl alcohol,High,15 day,103,15,2,1,https://dbarchive.biosciencedbc.jp/data/open-tggates-pathological-images/LATEST/images/allyl_alcohol/Liver/25700.svs,False
25703,allyl alcohol,High,15 day,103,15,3,1,https://dbarchive.biosciencedbc.jp/data/open-tggates-pathological-images/LATEST/images/allyl_alcohol/Liver/25703.svs,False
25705,allyl alcohol,High,15 day,103,15,4,1,https://dbarchive.biosciencedbc.jp/data/open-tggates-pathological-images/LATEST/images/allyl_alcohol/Liver/25705.svs,False
25708,allyl alcohol,High,15 day,103,15,5,1,https://dbarchive.biosciencedbc.jp/data/open-tggates-pathological-images/LATEST/images/allyl_alcohol/Liver/25708.svs,False
25674,allyl alcohol,Low,15 day,103,7,1,1,https://dbarchive.biosciencedbc.jp/data/open-tggates-pathological-images/LATEST/images/allyl_alcohol/Liver/25674.svs,False
25676,allyl alcohol,Low,15 day,103,7,2,1,https://dbarchive.biosciencedbc.jp/data/open-tggates-pathological-images/LATEST/images/allyl_alcohol/Liver/25676.svs,False
25677,allyl alcohol,Low,15 day,103,7,3,1,https://dbarchive.biosciencedbc.jp/data/open-tggates-pathological-images/LATEST/images/allyl_alcohol/Liver/25677.svs,False
25679,allyl alcohol,Low,15 day,103,7,4,1,https://dbarchive.biosciencedbc.jp/data/open-tggates-pathological-images/LATEST/images/allyl_alcohol/Liver/25679.svs,False
25681,allyl alcohol,Low,15 day,103,7,5,1,https://dbarchive.biosciencedbc.jp/data/open-tggates-pathological-images/LATEST/images/allyl_alcohol/Liver/25681.svs,False
25684,allyl alcohol,Middle,15 day,103,11,1,1,https://dbarchive.biosciencedbc.jp/data/open-tggates-pathological-images/LATEST/images/allyl_alcohol/Liver/25684.svs,False
25686,allyl alcohol,Middle,15 day,103,11,2,1,https://dbarchive.biosciencedbc.jp/data/open-tggates-pathological-images/LATEST/images/allyl_alcohol/Liver/25686.svs,False
25689,allyl alcohol,Middle,15 day,103,11,3,1,https://dbarchive.biosciencedbc.jp/data/open-tggates-pathological-images/LATEST/images/allyl_alcohol/Liver/25689.svs,False
25691,allyl alcohol,Middle,15 day,103,11,4,1,https://dbarchive.biosciencedbc.jp/data/open-tggates-pathological-images/LATEST/images/allyl_alcohol/Liver/25691.svs,False
25694,allyl alcohol,Middle,15 day,103,11,5,1,https://dbarchive.biosciencedbc.jp/data/open-tggates-pathological-images/LATEST/images/allyl_alcohol/Liver/25694.svs,False
25710,allyl alcohol,Control,29 day,103,4,1,1,https://dbarchive.biosciencedbc.jp/data/open-tggates-pathological-images/LATEST/images/allyl_alcohol/Liver/25710.svs,False
25713,allyl alcohol,Control,29 day,103,4,2,1,https://dbarchive.biosciencedbc.jp/data/open-tggates-pathological-images/LATEST/images/allyl_alcohol/Liver/25713.svs,False
25716,allyl alcohol,Control,29 day,103,4,3,1,https://dbarchive.biosciencedbc.jp/data/open-tggates-pathological-images/LATEST/images/allyl_alcohol/Liver/25716.svs,False
25719,allyl alcohol,Control,29 day,103,4,4,1,https://dbarchive.biosciencedbc.jp/data/open-tggates-pathological-images/LATEST/images/allyl_alcohol/Liver/25719.svs,False
25722,allyl alcohol,Control,29 day,103,4,5,1,https://dbarchive.biosciencedbc.jp/data/open-tggates-pathological-images/LATEST/images/allyl_alcohol/Liver/25722.svs,False
25757,allyl alcohol,High,29 day,103,16,1,1,https://dbarchive.biosciencedbc.jp/data/open-tggates-pathological-images/LATEST/images/allyl_alcohol/Liver/25757.svs,False
25760,allyl alcohol,High,29 day,103,16,2,1,https://dbarchive.biosciencedbc.jp/data/open-tggates-pathological-images/LATEST/images/allyl_alcohol/Liver/25760.svs,False
25763,allyl alcohol,High,29 day,103,16,3,1,https://dbarchive.biosciencedbc.jp/data/open-tggates-pathological-images/LATEST/images/allyl_alcohol/Liver/25763.svs,False
25766,allyl alcohol,High,29 day,103,16,4,1,https://dbarchive.biosciencedbc.jp/data/open-tggates-pathological-images/LATEST/images/allyl_alcohol/Liver/25766.svs,False
25769,allyl alcohol,High,29 day,103,16,5,1,https://dbarchive.biosciencedbc.jp/data/open-tggates-pathological-images/LATEST/images/allyl_alcohol/Liver/25769.svs,False
25725,allyl alcohol,Low,29 day,103,8,1,1,https://dbarchive.biosciencedbc.jp/data/open-tggates-pathological-images/LATEST/images/allyl_alcohol/Liver/25725.svs,False
25728,allyl alcohol,Low,29 day,103,8,2,1,https://dbarchive.biosciencedbc.jp/data/open-tggates-pathological-images/LATEST/images/allyl_alcohol/Liver/25728.svs,False
25731,allyl alcohol,Low,29 day,103,8,3,1,https://dbarchive.biosciencedbc.jp/data/open-tggates-pathological-images/LATEST/images/allyl_alcohol/Liver/25731.svs,False
25734,allyl alcohol,Low,29 day,103,8,4,1,https://dbarchive.biosciencedbc.jp/data/open-tggates-pathological-images/LATEST/images/allyl_alcohol/Liver/25734.svs,False
25737,allyl alcohol,Low,29 day,103,8,5,1,https://dbarchive.biosciencedbc.jp/data/open-tggates-pathological-images/LATEST/images/allyl_alcohol/Liver/25737.svs,False
25741,allyl alcohol,Middle,29 day,103,12,1,1,https://dbarchive.biosciencedbc.jp/data/open-tggates-pathological-images/LATEST/images/allyl_alcohol/Liver/25741.svs,False
25743,allyl alcohol,Middle,29 day,103,12,2,1,https://dbarchive.biosciencedbc.jp/data/open-tggates-pathological-images/LATEST/images/allyl_alcohol/Liver/25743.svs,False
25746,allyl alcohol,Middle,29 day,103,12,3,1,https://dbarchive.biosciencedbc.jp/data/open-tggates-pathological-images/LATEST/images/allyl_alcohol/Liver/25746.svs,False
25750,allyl alcohol,Middle,29 day,103,12,4,1,https://dbarchive.biosciencedbc.jp/data/open-tggates-pathological-images/LATEST/images/allyl_alcohol/Liver/25750.svs,False
25754,allyl alcohol,Middle,29 day,103,12,5,1,https://dbarchive.biosciencedbc.jp/data/open-tggates-pathological-images/LATEST/images/allyl_alcohol/Liver/25754.svs,False
25582,allyl alcohol,Control,4 day,103,1,1,1,https://dbarchive.biosciencedbc.jp/data/open-tggates-pathological-images/LATEST/images/allyl_alcohol/Liver/25582.svs,False
25584,allyl alcohol,Control,4 day,103,1,2,1,https://dbarchive.biosciencedbc.jp/data/open-tggates-pathological-images/LATEST/images/allyl_alcohol/Liver/25584.svs,False
25586,allyl alcohol,Control,4 day,103,1,3,1,https://dbarchive.biosciencedbc.jp/data/open-tggates-pathological-images/LATEST/images/allyl_alcohol/Liver/25586.svs,False
25588,allyl alcohol,Control,4 day,103,1,4,1,https://dbarchive.biosciencedbc.jp/data/open-tggates-pathological-images/LATEST/images/allyl_alcohol/Liver/25588.svs,False
25590,allyl alcohol,Control,4 day,103,1,5,1,https://dbarchive.biosciencedbc.jp/data/open-tggates-pathological-images/LATEST/images/allyl_alcohol/Liver/25590.svs,False
25612,allyl alcohol,High,4 day,103,13,1,1,https://dbarchive.biosciencedbc.jp/data/open-tggates-pathological-images/LATEST/images/allyl_alcohol/Liver/25612.svs,False
25614,allyl alcohol,High,4 day,103,13,2,1,https://dbarchive.biosciencedbc.jp/data/open-tggates-pathological-images/LATEST/images/allyl_alcohol/Liver/25614.svs,False
25617,allyl alcohol,High,4 day,103,13,3,1,https://dbarchive.biosciencedbc.jp/data/open-tggates-pathological-images/LATEST/images/allyl_alcohol/Liver/25617.svs,False
25619,allyl alcohol,High,4 day,103,13,4,1,https://dbarchive.biosciencedbc.jp/data/open-tggates-pathological-images/LATEST/images/allyl_alcohol/Liver/25619.svs,False
25621,allyl alcohol,High,4 day,103,13,5,1,https://dbarchive.biosciencedbc.jp/data/open-tggates-pathological-images/LATEST/images/allyl_alcohol/Liver/25621.svs,False
25592,allyl alcohol,Low,4 day,103,5,1,1,https://dbarchive.biosciencedbc.jp/data/open-tggates-pathological-images/LATEST/images/allyl_alcohol/Liver/25592.svs,False
25594,allyl alcohol,Low,4 day,103,5,2,1,https://dbarchive.biosciencedbc.jp/data/open-tggates-pathological-images/LATEST/images/allyl_alcohol/Liver/25594.svs,False
25596,allyl alcohol,Low,4 day,103,5,3,1,https://dbarchive.biosciencedbc.jp/data/open-tggates-pathological-images/LATEST/images/allyl_alcohol/Liver/25596.svs,False
25598,allyl alcohol,Low,4 day,103,5,4,1,https://dbarchive.biosciencedbc.jp/data/open-tggates-pathological-images/LATEST/images/allyl_alcohol/Liver/25598.svs,False
25600,allyl alcohol,Low,4 day,103,5,5,1,https://dbarchive.biosciencedbc.jp/data/open-tggates-pathological-images/LATEST/images/allyl_alcohol/Liver/25600.svs,False
25602,allyl alcohol,Middle,4 day,103,9,1,1,https://dbarchive.biosciencedbc.jp/data/open-tggates-pathological-images/LATEST/images/allyl_alcohol/Liver/25602.svs,False
25604,allyl alcohol,Middle,4 day,103,9,2,1,https://dbarchive.biosciencedbc.jp/data/open-tggates-pathological-images/LATEST/images/allyl_alcohol/Liver/25604.svs,False
25606,allyl alcohol,Middle,4 day,103,9,3,1,https://dbarchive.biosciencedbc.jp/data/open-tggates-pathological-images/LATEST/images/allyl_alcohol/Liver/25606.svs,False
70454,allyl alcohol,Middle,4 day,103,9,4,1,https://dbarchive.biosciencedbc.jp/data/open-tggates-pathological-images/LATEST/images/allyl_alcohol/Liver/70454.svs,False
25610,allyl alcohol,Middle,4 day,103,9,5,1,https://dbarchive.biosciencedbc.jp/data/open-tggates-pathological-images/LATEST/images/allyl_alcohol/Liver/25610.svs,False
25623,allyl alcohol,Control,8 day,103,2,1,1,https://dbarchive.biosciencedbc.jp/data/open-tggates-pathological-images/LATEST/images/allyl_alcohol/Liver/25623.svs,False
25625,allyl alcohol,Control,8 day,103,2,2,1,https://dbarchive.biosciencedbc.jp/data/open-tggates-pathological-images/LATEST/images/allyl_alcohol/Liver/25625.svs,False
25627,allyl alcohol,Control,8 day,103,2,3,1,https://dbarchive.biosciencedbc.jp/data/open-tggates-pathological-images/LATEST/images/allyl_alcohol/Liver/25627.svs,False
25630,allyl alcohol,Control,8 day,103,2,4,1,https://dbarchive.biosciencedbc.jp/data/open-tggates-pathological-images/LATEST/images/allyl_alcohol/Liver/25630.svs,False
25632,allyl alcohol,Control,8 day,103,2,5,1,https://dbarchive.biosciencedbc.jp/data/open-tggates-pathological-images/LATEST/images/allyl_alcohol/Liver/25632.svs,False
25653,allyl alcohol,High,8 day,103,14,1,1,https://dbarchive.biosciencedbc.jp/data/open-tggates-pathological-images/LATEST/images/allyl_alcohol/Liver/25653.svs,False
25655,allyl alcohol,High,8 day,103,14,2,1,https://dbarchive.biosciencedbc.jp/data/open-tggates-pathological-images/LATEST/images/allyl_alcohol/Liver/25655.svs,False
25657,allyl alcohol,High,8 day,103,14,3,1,https://dbarchive.biosciencedbc.jp/data/open-tggates-pathological-images/LATEST/images/allyl_alcohol/Liver/25657.svs,False
25659,allyl alcohol,High,8 day,103,14,4,1,https://dbarchive.biosciencedbc.jp/data/open-tggates-pathological-images/LATEST/images/allyl_alcohol/Liver/25659.svs,False
25661,allyl alcohol,High,8 day,103,14,5,1,https://dbarchive.biosciencedbc.jp/data/open-tggates-pathological-images/LATEST/images/allyl_alcohol/Liver/25661.svs,False
25634,allyl alcohol,Low,8 day,103,6,1,1,https://dbarchive.biosciencedbc.jp/data/open-tggates-pathological-images/LATEST/images/allyl_alcohol/Liver/25634.svs,False
25636,allyl alcohol,Low,8 day,103,6,2,1,https://dbarchive.biosciencedbc.jp/data/open-tggates-pathological-images/LATEST/images/allyl_alcohol/Liver/25636.svs,False
25638,allyl alcohol,Low,8 day,103,6,3,1,https://dbarchive.biosciencedbc.jp/data/open-tggates-pathological-images/LATEST/images/allyl_alcohol/Liver/25638.svs,False
25639,allyl alcohol,Low,8 day,103,6,4,1,https://dbarchive.biosciencedbc.jp/data/open-tggates-pathological-images/LATEST/images/allyl_alcohol/Liver/25639.svs,False
25641,allyl alcohol,Low,8 day,103,6,5,1,https://dbarchive.biosciencedbc.jp/data/open-tggates-pathological-images/LATEST/images/allyl_alcohol/Liver/25641.svs,False
25643,allyl alcohol,Middle,8 day,103,10,1,1,https://dbarchive.biosciencedbc.jp/data/open-tggates-pathological-images/LATEST/images/allyl_alcohol/Liver/25643.svs,False
25645,allyl alcohol,Middle,8 day,103,10,2,1,https://dbarchive.biosciencedbc.jp/data/open-tggates-pathological-images/LATEST/images/allyl_alcohol/Liver/25645.svs,False
25647,allyl alcohol,Middle,8 day,103,10,3,1,https://dbarchive.biosciencedbc.jp/data/open-tggates-pathological-images/LATEST/images/allyl_alcohol/Liver/25647.svs,False
25649,allyl alcohol,Middle,8 day,103,10,4,1,https://dbarchive.biosciencedbc.jp/data/open-tggates-pathological-images/LATEST/images/allyl_alcohol/Liver/25649.svs,False
25651,allyl alcohol,Middle,8 day,103,10,5,1,https://dbarchive.biosciencedbc.jp/data/open-tggates-pathological-images/LATEST/images/allyl_alcohol/Liver/25651.svs,False
30412,amiodarone,Control,15 day,209,3,1,2,https://dbarchive.biosciencedbc.jp/data/open-tggates-pathological-images/LATEST/images/amiodarone/Liver/30412.svs,False
30413,amiodarone,Control,15 day,209,3,2,2,https://dbarchive.biosciencedbc.jp/data/open-tggates-pathological-images/LATEST/images/amiodarone/Liver/30413.svs,False
30417,amiodarone,Control,15 day,209,3,3,2,https://dbarchive.biosciencedbc.jp/data/open-tggates-pathological-images/LATEST/images/amiodarone/Liver/30417.svs,False
30421,amiodarone,Control,15 day,209,3,4,2,https://dbarchive.biosciencedbc.jp/data/open-tggates-pathological-images/LATEST/images/amiodarone/Liver/30421.svs,False
30424,amiodarone,Control,15 day,209,3,5,2,https://dbarchive.biosciencedbc.jp/data/open-tggates-pathological-images/LATEST/images/amiodarone/Liver/30424.svs,False
30455,amiodarone,High,15 day,209,15,1,2,https://dbarchive.biosciencedbc.jp/data/open-tggates-pathological-images/LATEST/images/amiodarone/Liver/30455.svs,False
30458,amiodarone,High,15 day,209,15,2,2,https://dbarchive.biosciencedbc.jp/data/open-tggates-pathological-images/LATEST/images/amiodarone/Liver/30458.svs,False
30460,amiodarone,High,15 day,209,15,3,2,https://dbarchive.biosciencedbc.jp/data/open-tggates-pathological-images/LATEST/images/amiodarone/Liver/30460.svs,False
30462,amiodarone,High,15 day,209,15,4,2,https://dbarchive.biosciencedbc.jp/data/open-tggates-pathological-images/LATEST/images/amiodarone/Liver/30462.svs,False
30464,amiodarone,High,15 day,209,15,5,2,https://dbarchive.biosciencedbc.jp/data/open-tggates-pathological-images/LATEST/images/amiodarone/Liver/30464.svs,False
30427,amiodarone,Low,15 day,209,7,1,2,https://dbarchive.biosciencedbc.jp/data/open-tggates-pathological-images/LATEST/images/amiodarone/Liver/30427.svs,False
30432,amiodarone,Low,15 day,209,7,2,2,https://dbarchive.biosciencedbc.jp/data/open-tggates-pathological-images/LATEST/images/amiodarone/Liver/30432.svs,False
30434,amiodarone,Low,15 day,209,7,3,2,https://dbarchive.biosciencedbc.jp/data/open-tggates-pathological-images/LATEST/images/amiodarone/Liver/30434.svs,False
30437,amiodarone,Low,15 day,209,7,4,2,https://dbarchive.biosciencedbc.jp/data/open-tggates-pathological-images/LATEST/images/amiodarone/Liver/30437.svs,False
30440,amiodarone,Low,15 day,209,7,5,2,https://dbarchive.biosciencedbc.jp/data/open-tggates-pathological-images/LATEST/images/amiodarone/Liver/30440.svs,False
30442,amiodarone,Middle,15 day,209,11,1,2,https://dbarchive.biosciencedbc.jp/data/open-tggates-pathological-images/LATEST/images/amiodarone/Liver/30442.svs,False
30444,amiodarone,Middle,15 day,209,11,2,2,https://dbarchive.biosciencedbc.jp/data/open-tggates-pathological-images/LATEST/images/amiodarone/Liver/30444.svs,False
30447,amiodarone,Middle,15 day,209,11,3,2,https://dbarchive.biosciencedbc.jp/data/open-tggates-pathological-images/LATEST/images/amiodarone/Liver/30447.svs,False
30450,amiodarone,Middle,15 day,209,11,4,2,https://dbarchive.biosciencedbc.jp/data/open-tggates-pathological-images/LATEST/images/amiodarone/Liver/30450.svs,False
30453,amiodarone,Middle,15 day,209,11,5,2,https://dbarchive.biosciencedbc.jp/data/open-tggates-pathological-images/LATEST/images/amiodarone/Liver/30453.svs,False
30466,amiodarone,Control,29 day,209,4,1,2,https://dbarchive.biosciencedbc.jp/data/open-tggates-pathological-images/LATEST/images/amiodarone/Liver/30466.svs,False
30470,amiodarone,Control,29 day,209,4,2,2,https://dbarchive.biosciencedbc.jp/data/open-tggates-pathological-images/LATEST/images/amiodarone/Liver/30470.svs,False
30473,amiodarone,Control,29 day,209,4,3,2,https://dbarchive.biosciencedbc.jp/data/open-tggates-pathological-images/LATEST/images/amiodarone/Liver/30473.svs,False
30475,amiodarone,Control,29 day,209,4,4,2,https://dbarchive.biosciencedbc.jp/data/open-tggates-pathological-images/LATEST/images/amiodarone/Liver/30475.svs,False
30477,amiodarone,Control,29 day,209,4,5,2,https://dbarchive.biosciencedbc.jp/data/open-tggates-pathological-images/LATEST/images/amiodarone/Liver/30477.svs,False
30506,amiodarone,High,29 day,209,16,2,2,https://dbarchive.biosciencedbc.jp/data/open-tggates-pathological-images/LATEST/images/amiodarone/Liver/30506.svs,False
30508,amiodarone,High,29 day,209,16,3,2,https://dbarchive.biosciencedbc.jp/data/open-tggates-pathological-images/LATEST/images/amiodarone/Liver/30508.svs,False
30511,amiodarone,High,29 day,209,16,4,2,https://dbarchive.biosciencedbc.jp/data/open-tggates-pathological-images/LATEST/images/amiodarone/Liver/30511.svs,False
30513,amiodarone,High,29 day,209,16,5,2,https://dbarchive.biosciencedbc.jp/data/open-tggates-pathological-images/LATEST/images/amiodarone/Liver/30513.svs,False
30480,amiodarone,Low,29 day,209,8,1,2,https://dbarchive.biosciencedbc.jp/data/open-tggates-pathological-images/LATEST/images/amiodarone/Liver/30480.svs,False
30483,amiodarone,Low,29 day,209,8,2,2,https://dbarchive.biosciencedbc.jp/data/open-tggates-pathological-images/LATEST/images/amiodarone/Liver/30483.svs,False
30485,amiodarone,Low,29 day,209,8,3,2,https://dbarchive.biosciencedbc.jp/data/open-tggates-pathological-images/LATEST/images/amiodarone/Liver/30485.svs,False
30488,amiodarone,Low,29 day,209,8,4,2,https://dbarchive.biosciencedbc.jp/data/open-tggates-pathological-images/LATEST/images/amiodarone/Liver/30488.svs,False
30490,amiodarone,Low,29 day,209,8,5,2,https://dbarchive.biosciencedbc.jp/data/open-tggates-pathological-images/LATEST/images/amiodarone/Liver/30490.svs,False
30492,amiodarone,Middle,29 day,209,12,1,2,https://dbarchive.biosciencedbc.jp/data/open-tggates-pathological-images/LATEST/images/amiodarone/Liver/30492.svs,False
30495,amiodarone,Middle,29 day,209,12,2,2,https://dbarchive.biosciencedbc.jp/data/open-tggates-pathological-images/LATEST/images/amiodarone/Liver/30495.svs,False
30498,amiodarone,Middle,29 day,209,12,3,2,https://dbarchive.biosciencedbc.jp/data/open-tggates-pathological-images/LATEST/images/amiodarone/Liver/30498.svs,False
30500,amiodarone,Middle,29 day,209,12,4,2,https://dbarchive.biosciencedbc.jp/data/open-tggates-pathological-images/LATEST/images/amiodarone/Liver/30500.svs,False
30502,amiodarone,Middle,29 day,209,12,5,2,https://dbarchive.biosciencedbc.jp/data/open-tggates-pathological-images/LATEST/images/amiodarone/Liver/30502.svs,False
30288,amiodarone,Control,4 day,209,1,1,2,https://dbarchive.biosciencedbc.jp/data/open-tggates-pathological-images/LATEST/images/amiodarone/Liver/30288.svs,False
30291,amiodarone,Control,4 day,209,1,2,2,https://dbarchive.biosciencedbc.jp/data/open-tggates-pathological-images/LATEST/images/amiodarone/Liver/30291.svs,False
30298,amiodarone,Control,4 day,209,1,3,2,https://dbarchive.biosciencedbc.jp/data/open-tggates-pathological-images/LATEST/images/amiodarone/Liver/30298.svs,False
30310,amiodarone,Control,4 day,209,1,4,2,https://dbarchive.biosciencedbc.jp/data/open-tggates-pathological-images/LATEST/images/amiodarone/Liver/30310.svs,False
30313,amiodarone,Control,4 day,209,1,5,2,https://dbarchive.biosciencedbc.jp/data/open-tggates-pathological-images/LATEST/images/amiodarone/Liver/30313.svs,False
30352,amiodarone,High,4 day,209,13,1,2,https://dbarchive.biosciencedbc.jp/data/open-tggates-pathological-images/LATEST/images/amiodarone/Liver/30352.svs,False
30356,amiodarone,High,4 day,209,13,2,2,https://dbarchive.biosciencedbc.jp/data/open-tggates-pathological-images/LATEST/images/amiodarone/Liver/30356.svs,False
30358,amiodarone,High,4 day,209,13,3,2,https://dbarchive.biosciencedbc.jp/data/open-tggates-pathological-images/LATEST/images/amiodarone/Liver/30358.svs,False
30361,amiodarone,High,4 day,209,13,4,2,https://dbarchive.biosciencedbc.jp/data/open-tggates-pathological-images/LATEST/images/amiodarone/Liver/30361.svs,False
30363,amiodarone,High,4 day,209,13,5,2,https://dbarchive.biosciencedbc.jp/data/open-tggates-pathological-images/LATEST/images/amiodarone/Liver/30363.svs,False
30315,amiodarone,Low,4 day,209,5,1,2,https://dbarchive.biosciencedbc.jp/data/open-tggates-pathological-images/LATEST/images/amiodarone/Liver/30315.svs,False
30317,amiodarone,Low,4 day,209,5,2,2,https://dbarchive.biosciencedbc.jp/data/open-tggates-pathological-images/LATEST/images/amiodarone/Liver/30317.svs,False
30320,amiodarone,Low,4 day,209,5,3,2,https://dbarchive.biosciencedbc.jp/data/open-tggates-pathological-images/LATEST/images/amiodarone/Liver/30320.svs,False
30323,amiodarone,Low,4 day,209,5,4,2,https://dbarchive.biosciencedbc.jp/data/open-tggates-pathological-images/LATEST/images/amiodarone/Liver/30323.svs,False
30325,amiodarone,Low,4 day,209,5,5,2,https://dbarchive.biosciencedbc.jp/data/open-tggates-pathological-images/LATEST/images/amiodarone/Liver/30325.svs,False
30338,amiodarone,Middle,4 day,209,9,1,2,https://dbarchive.biosciencedbc.jp/data/open-tggates-pathological-images/LATEST/images/amiodarone/Liver/30338.svs,False
30341,amiodarone,Middle,4 day,209,9,2,2,https://dbarchive.biosciencedbc.jp/data/open-tggates-pathological-images/LATEST/images/amiodarone/Liver/30341.svs,False
30344,amiodarone,Middle,4 day,209,9,3,2,https://dbarchive.biosciencedbc.jp/data/open-tggates-pathological-images/LATEST/images/amiodarone/Liver/30344.svs,False
30346,amiodarone,Middle,4 day,209,9,4,2,https://dbarchive.biosciencedbc.jp/data/open-tggates-pathological-images/LATEST/images/amiodarone/Liver/30346.svs,False
30349,amiodarone,Middle,4 day,209,9,5,2,https://dbarchive.biosciencedbc.jp/data/open-tggates-pathological-images/LATEST/images/amiodarone/Liver/30349.svs,False
30366,amiodarone,Control,8 day,209,2,1,2,https://dbarchive.biosciencedbc.jp/data/open-tggates-pathological-images/LATEST/images/amiodarone/Liver/30366.svs,False
30370,amiodarone,Control,8 day,209,2,2,2,https://dbarchive.biosciencedbc.jp/data/open-tggates-pathological-images/LATEST/images/amiodarone/Liver/30370.svs,False
30375,amiodarone,Control,8 day,209,2,3,2,https://dbarchive.biosciencedbc.jp/data/open-tggates-pathological-images/LATEST/images/amiodarone/Liver/30375.svs,False
30377,amiodarone,Control,8 day,209,2,4,2,https://dbarchive.biosciencedbc.jp/data/open-tggates-pathological-images/LATEST/images/amiodarone/Liver/30377.svs,False
30381,amiodarone,Control,8 day,209,2,5,2,https://dbarchive.biosciencedbc.jp/data/open-tggates-pathological-images/LATEST/images/amiodarone/Liver/30381.svs,False
30406,amiodarone,High,8 day,209,14,1,2,https://dbarchive.biosciencedbc.jp/data/open-tggates-pathological-images/LATEST/images/amiodarone/Liver/30406.svs,False
30408,amiodarone,High,8 day,209,14,2,2,https://dbarchive.biosciencedbc.jp/data/open-tggates-pathological-images/LATEST/images/amiodarone/Liver/30408.svs,False
30409,amiodarone,High,8 day,209,14,3,2,https://dbarchive.biosciencedbc.jp/data/open-tggates-pathological-images/LATEST/images/amiodarone/Liver/30409.svs,False
30410,amiodarone,High,8 day,209,14,4,2,https://dbarchive.biosciencedbc.jp/data/open-tggates-pathological-images/LATEST/images/amiodarone/Liver/30410.svs,False
30411,amiodarone,High,8 day,209,14,5,2,https://dbarchive.biosciencedbc.jp/data/open-tggates-pathological-images/LATEST/images/amiodarone/Liver/30411.svs,False
30384,amiodarone,Low,8 day,209,6,1,2,https://dbarchive.biosciencedbc.jp/data/open-tggates-pathological-images/LATEST/images/amiodarone/Liver/30384.svs,False
30386,amiodarone,Low,8 day,209,6,2,2,https://dbarchive.biosciencedbc.jp/data/open-tggates-pathological-images/LATEST/images/amiodarone/Liver/30386.svs,False
30389,amiodarone,Low,8 day,209,6,3,2,https://dbarchive.biosciencedbc.jp/data/open-tggates-pathological-images/LATEST/images/amiodarone/Liver/30389.svs,False
30392,amiodarone,Low,8 day,209,6,4,2,https://dbarchive.biosciencedbc.jp/data/open-tggates-pathological-images/LATEST/images/amiodarone/Liver/30392.svs,False
30395,amiodarone,Low,8 day,209,6,5,2,https://dbarchive.biosciencedbc.jp/data/open-tggates-pathological-images/LATEST/images/amiodarone/Liver/30395.svs,False
30398,amiodarone,Middle,8 day,209,10,1,2,https://dbarchive.biosciencedbc.jp/data/open-tggates-pathological-images/LATEST/images/amiodarone/Liver/30398.svs,False
30401,amiodarone,Middle,8 day,209,10,2,2,https://dbarchive.biosciencedbc.jp/data/open-tggates-pathological-images/LATEST/images/amiodarone/Liver/30401.svs,False
30403,amiodarone,Middle,8 day,209,10,3,2,https://dbarchive.biosciencedbc.jp/data/open-tggates-pathological-images/LATEST/images/amiodarone/Liver/30403.svs,False
30404,amiodarone,Middle,8 day,209,10,4,2,https://dbarchive.biosciencedbc.jp/data/open-tggates-pathological-images/LATEST/images/amiodarone/Liver/30404.svs,False
30405,amiodarone,Middle,8 day,209,10,5,2,https://dbarchive.biosciencedbc.jp/data/open-tggates-pathological-images/LATEST/images/amiodarone/Liver/30405.svs,False
34111,amitriptyline,Control,15 day,368,3,1,1,https://dbarchive.biosciencedbc.jp/data/open-tggates-pathological-images/LATEST/images/amitriptyline/Liver/34111.svs,False
34113,amitriptyline,Control,15 day,368,3,2,1,https://dbarchive.biosciencedbc.jp/data/open-tggates-pathological-images/LATEST/images/amitriptyline/Liver/34113.svs,False
34117,amitriptyline,Control,15 day,368,3,3,1,https://dbarchive.biosciencedbc.jp/data/open-tggates-pathological-images/LATEST/images/amitriptyline/Liver/34117.svs,False
34120,amitriptyline,Control,15 day,368,3,4,1,https://dbarchive.biosciencedbc.jp/data/open-tggates-pathological-images/LATEST/images/amitriptyline/Liver/34120.svs,False
34123,amitriptyline,Control,15 day,368,3,5,1,https://dbarchive.biosciencedbc.jp/data/open-tggates-pathological-images/LATEST/images/amitriptyline/Liver/34123.svs,False
34277,amitriptyline,High,15 day,368,15,1,1,https://dbarchive.biosciencedbc.jp/data/open-tggates-pathological-images/LATEST/images/amitriptyline/Liver/34277.svs,False
34278,amitriptyline,High,15 day,368,15,2,1,https://dbarchive.biosciencedbc.jp/data/open-tggates-pathological-images/LATEST/images/amitriptyline/Liver/34278.svs,False
34280,amitriptyline,High,15 day,368,15,3,1,https://dbarchive.biosciencedbc.jp/data/open-tggates-pathological-images/LATEST/images/amitriptyline/Liver/34280.svs,False
34281,amitriptyline,High,15 day,368,15,4,1,https://dbarchive.biosciencedbc.jp/data/open-tggates-pathological-images/LATEST/images/amitriptyline/Liver/34281.svs,False
34284,amitriptyline,High,15 day,368,15,5,1,https://dbarchive.biosciencedbc.jp/data/open-tggates-pathological-images/LATEST/images/amitriptyline/Liver/34284.svs,False
34171,amitriptyline,Low,15 day,368,7,1,1,https://dbarchive.biosciencedbc.jp/data/open-tggates-pathological-images/LATEST/images/amitriptyline/Liver/34171.svs,False
34175,amitriptyline,Low,15 day,368,7,2,1,https://dbarchive.biosciencedbc.jp/data/open-tggates-pathological-images/LATEST/images/amitriptyline/Liver/34175.svs,False
34178,amitriptyline,Low,15 day,368,7,3,1,https://dbarchive.biosciencedbc.jp/data/open-tggates-pathological-images/LATEST/images/amitriptyline/Liver/34178.svs,False
34180,amitriptyline,Low,15 day,368,7,4,1,https://dbarchive.biosciencedbc.jp/data/open-tggates-pathological-images/LATEST/images/amitriptyline/Liver/34180.svs,False
34183,amitriptyline,Low,15 day,368,7,5,1,https://dbarchive.biosciencedbc.jp/data/open-tggates-pathological-images/LATEST/images/amitriptyline/Liver/34183.svs,False
34227,amitriptyline,Middle,15 day,368,11,1,1,https://dbarchive.biosciencedbc.jp/data/open-tggates-pathological-images/LATEST/images/amitriptyline/Liver/34227.svs,False
34229,amitriptyline,Middle,15 day,368,11,2,1,https://dbarchive.biosciencedbc.jp/data/open-tggates-pathological-images/LATEST/images/amitriptyline/Liver/34229.svs,False
34232,amitriptyline,Middle,15 day,368,11,3,1,https://dbarchive.biosciencedbc.jp/data/open-tggates-pathological-images/LATEST/images/amitriptyline/Liver/34232.svs,False
34234,amitriptyline,Middle,15 day,368,11,4,1,https://dbarchive.biosciencedbc.jp/data/open-tggates-pathological-images/LATEST/images/amitriptyline/Liver/34234.svs,False
34235,amitriptyline,Middle,15 day,368,11,5,1,https://dbarchive.biosciencedbc.jp/data/open-tggates-pathological-images/LATEST/images/amitriptyline/Liver/34235.svs,False
34126,amitriptyline,Control,29 day,368,4,1,1,https://dbarchive.biosciencedbc.jp/data/open-tggates-pathological-images/LATEST/images/amitriptyline/Liver/34126.svs,False
34129,amitriptyline,Control,29 day,368,4,2,1,https://dbarchive.biosciencedbc.jp/data/open-tggates-pathological-images/LATEST/images/amitriptyline/Liver/34129.svs,False
34132,amitriptyline,Control,29 day,368,4,3,1,https://dbarchive.biosciencedbc.jp/data/open-tggates-pathological-images/LATEST/images/amitriptyline/Liver/34132.svs,False
34135,amitriptyline,Control,29 day,368,4,4,1,https://dbarchive.biosciencedbc.jp/data/open-tggates-pathological-images/LATEST/images/amitriptyline/Liver/34135.svs,False
34139,amitriptyline,Control,29 day,368,4,5,1,https://dbarchive.biosciencedbc.jp/data/open-tggates-pathological-images/LATEST/images/amitriptyline/Liver/34139.svs,False
34286,amitriptyline,High,29 day,368,16,1,1,https://dbarchive.biosciencedbc.jp/data/open-tggates-pathological-images/LATEST/images/amitriptyline/Liver/34286.svs,False
34287,amitriptyline,High,29 day,368,16,3,1,https://dbarchive.biosciencedbc.jp/data/open-tggates-pathological-images/LATEST/images/amitriptyline/Liver/34287.svs,False
34289,amitriptyline,High,29 day,368,16,4,1,https://dbarchive.biosciencedbc.jp/data/open-tggates-pathological-images/LATEST/images/amitriptyline/Liver/34289.svs,False
34292,amitriptyline,High,29 day,368,16,5,1,https://dbarchive.biosciencedbc.jp/data/open-tggates-pathological-images/LATEST/images/amitriptyline/Liver/34292.svs,False
34185,amitriptyline,Low,29 day,368,8,1,1,https://dbarchive.biosciencedbc.jp/data/open-tggates-pathological-images/LATEST/images/amitriptyline/Liver/34185.svs,False
34187,amitriptyline,Low,29 day,368,8,2,1,https://dbarchive.biosciencedbc.jp/data/open-tggates-pathological-images/LATEST/images/amitriptyline/Liver/34187.svs,False
34190,amitriptyline,Low,29 day,368,8,3,1,https://dbarchive.biosciencedbc.jp/data/open-tggates-pathological-images/LATEST/images/amitriptyline/Liver/34190.svs,False
34192,amitriptyline,Low,29 day,368,8,4,1,https://dbarchive.biosciencedbc.jp/data/open-tggates-pathological-images/LATEST/images/amitriptyline/Liver/34192.svs,False
34193,amitriptyline,Low,29 day,368,8,5,1,https://dbarchive.biosciencedbc.jp/data/open-tggates-pathological-images/LATEST/images/amitriptyline/Liver/34193.svs,False
34237,amitriptyline,Middle,29 day,368,12,1,1,https://dbarchive.biosciencedbc.jp/data/open-tggates-pathological-images/LATEST/images/amitriptyline/Liver/34237.svs,False
34238,amitriptyline,Middle,29 day,368,12,2,1,https://dbarchive.biosciencedbc.jp/data/open-tggates-pathological-images/LATEST/images/amitriptyline/Liver/34238.svs,False
34240,amitriptyline,Middle,29 day,368,12,3,1,https://dbarchive.biosciencedbc.jp/data/open-tggates-pathological-images/LATEST/images/amitriptyline/Liver/34240.svs,False
34244,amitriptyline,Middle,29 day,368,12,4,1,https://dbarchive.biosciencedbc.jp/data/open-tggates-pathological-images/LATEST/images/amitriptyline/Liver/34244.svs,False
34247,amitriptyline,Middle,29 day,368,12,5,1,https://dbarchive.biosciencedbc.jp/data/open-tggates-pathological-images/LATEST/images/amitriptyline/Liver/34247.svs,False
34088,amitriptyline,Control,4 day,368,1,1,1,https://dbarchive.biosciencedbc.jp/data/open-tggates-pathological-images/LATEST/images/amitriptyline/Liver/34088.svs,False
34090,amitriptyline,Control,4 day,368,1,2,1,https://dbarchive.biosciencedbc.jp/data/open-tggates-pathological-images/LATEST/images/amitriptyline/Liver/34090.svs,False
34092,amitriptyline,Control,4 day,368,1,3,1,https://dbarchive.biosciencedbc.jp/data/open-tggates-pathological-images/LATEST/images/amitriptyline/Liver/34092.svs,False
34094,amitriptyline,Control,4 day,368,1,4,1,https://dbarchive.biosciencedbc.jp/data/open-tggates-pathological-images/LATEST/images/amitriptyline/Liver/34094.svs,False
34095,amitriptyline,Control,4 day,368,1,5,1,https://dbarchive.biosciencedbc.jp/data/open-tggates-pathological-images/LATEST/images/amitriptyline/Liver/34095.svs,False
34249,amitriptyline,High,4 day,368,13,1,1,https://dbarchive.biosciencedbc.jp/data/open-tggates-pathological-images/LATEST/images/amitriptyline/Liver/34249.svs,False
34252,amitriptyline,High,4 day,368,13,2,1,https://dbarchive.biosciencedbc.jp/data/open-tggates-pathological-images/LATEST/images/amitriptyline/Liver/34252.svs,False
34255,amitriptyline,High,4 day,368,13,3,1,https://dbarchive.biosciencedbc.jp/data/open-tggates-pathological-images/LATEST/images/amitriptyline/Liver/34255.svs,False
34258,amitriptyline,High,4 day,368,13,4,1,https://dbarchive.biosciencedbc.jp/data/open-tggates-pathological-images/LATEST/images/amitriptyline/Liver/34258.svs,False
34260,amitriptyline,High,4 day,368,13,5,1,https://dbarchive.biosciencedbc.jp/data/open-tggates-pathological-images/LATEST/images/amitriptyline/Liver/34260.svs,False
34142,amitriptyline,Low,4 day,368,5,1,1,https://dbarchive.biosciencedbc.jp/data/open-tggates-pathological-images/LATEST/images/amitriptyline/Liver/34142.svs,False
34145,amitriptyline,Low,4 day,368,5,2,1,https://dbarchive.biosciencedbc.jp/data/open-tggates-pathological-images/LATEST/images/amitriptyline/Liver/34145.svs,False
34148,amitriptyline,Low,4 day,368,5,3,1,https://dbarchive.biosciencedbc.jp/data/open-tggates-pathological-images/LATEST/images/amitriptyline/Liver/34148.svs,False
34151,amitriptyline,Low,4 day,368,5,4,1,https://dbarchive.biosciencedbc.jp/data/open-tggates-pathological-images/LATEST/images/amitriptyline/Liver/34151.svs,False
34153,amitriptyline,Low,4 day,368,5,5,1,https://dbarchive.biosciencedbc.jp/data/open-tggates-pathological-images/LATEST/images/amitriptyline/Liver/34153.svs,False
34196,amitriptyline,Middle,4 day,368,9,1,1,https://dbarchive.biosciencedbc.jp/data/open-tggates-pathological-images/LATEST/images/amitriptyline/Liver/34196.svs,False
34199,amitriptyline,Middle,4 day,368,9,2,1,https://dbarchive.biosciencedbc.jp/data/open-tggates-pathological-images/LATEST/images/amitriptyline/Liver/34199.svs,False
34203,amitriptyline,Middle,4 day,368,9,3,1,https://dbarchive.biosciencedbc.jp/data/open-tggates-pathological-images/LATEST/images/amitriptyline/Liver/34203.svs,False
34205,amitriptyline,Middle,4 day,368,9,4,1,https://dbarchive.biosciencedbc.jp/data/open-tggates-pathological-images/LATEST/images/amitriptyline/Liver/34205.svs,False
34208,amitriptyline,Middle,4 day,368,9,5,1,https://dbarchive.biosciencedbc.jp/data/open-tggates-pathological-images/LATEST/images/amitriptyline/Liver/34208.svs,False
34097,amitriptyline,Control,8 day,368,2,1,1,https://dbarchive.biosciencedbc.jp/data/open-tggates-pathological-images/LATEST/images/amitriptyline/Liver/34097.svs,False
34099,amitriptyline,Control,8 day,368,2,2,1,https://dbarchive.biosciencedbc.jp/data/open-tggates-pathological-images/LATEST/images/amitriptyline/Liver/34099.svs,False
34102,amitriptyline,Control,8 day,368,2,3,1,https://dbarchive.biosciencedbc.jp/data/open-tggates-pathological-images/LATEST/images/amitriptyline/Liver/34102.svs,False
34105,amitriptyline,Control,8 day,368,2,4,1,https://dbarchive.biosciencedbc.jp/data/open-tggates-pathological-images/LATEST/images/amitriptyline/Liver/34105.svs,False
34108,amitriptyline,Control,8 day,368,2,5,1,https://dbarchive.biosciencedbc.jp/data/open-tggates-pathological-images/LATEST/images/amitriptyline/Liver/34108.svs,False
34263,amitriptyline,High,8 day,368,14,1,1,https://dbarchive.biosciencedbc.jp/data/open-tggates-pathological-images/LATEST/images/amitriptyline/Liver/34263.svs,False
34266,amitriptyline,High,8 day,368,14,2,1,https://dbarchive.biosciencedbc.jp/data/open-tggates-pathological-images/LATEST/images/amitriptyline/Liver/34266.svs,False
34268,amitriptyline,High,8 day,368,14,3,1,https://dbarchive.biosciencedbc.jp/data/open-tggates-pathological-images/LATEST/images/amitriptyline/Liver/34268.svs,False
34271,amitriptyline,High,8 day,368,14,4,1,https://dbarchive.biosciencedbc.jp/data/open-tggates-pathological-images/LATEST/images/amitriptyline/Liver/34271.svs,False
34274,amitriptyline,High,8 day,368,14,5,1,https://dbarchive.biosciencedbc.jp/data/open-tggates-pathological-images/LATEST/images/amitriptyline/Liver/34274.svs,False
34157,amitriptyline,Low,8 day,368,6,1,1,https://dbarchive.biosciencedbc.jp/data/open-tggates-pathological-images/LATEST/images/amitriptyline/Liver/34157.svs,False
34160,amitriptyline,Low,8 day,368,6,2,1,https://dbarchive.biosciencedbc.jp/data/open-tggates-pathological-images/LATEST/images/amitriptyline/Liver/34160.svs,False
34162,amitriptyline,Low,8 day,368,6,3,1,https://dbarchive.biosciencedbc.jp/data/open-tggates-pathological-images/LATEST/images/amitriptyline/Liver/34162.svs,False
34166,amitriptyline,Low,8 day,368,6,4,1,https://dbarchive.biosciencedbc.jp/data/open-tggates-pathological-images/LATEST/images/amitriptyline/Liver/34166.svs,False
34169,amitriptyline,Low,8 day,368,6,5,1,https://dbarchive.biosciencedbc.jp/data/open-tggates-pathological-images/LATEST/images/amitriptyline/Liver/34169.svs,False
34211,amitriptyline,Middle,8 day,368,10,1,1,https://dbarchive.biosciencedbc.jp/data/open-tggates-pathological-images/LATEST/images/amitriptyline/Liver/34211.svs,False
34214,amitriptyline,Middle,8 day,368,10,2,1,https://dbarchive.biosciencedbc.jp/data/open-tggates-pathological-images/LATEST/images/amitriptyline/Liver/34214.svs,False
34217,amitriptyline,Middle,8 day,368,10,3,1,https://dbarchive.biosciencedbc.jp/data/open-tggates-pathological-images/LATEST/images/amitriptyline/Liver/34217.svs,False
34220,amitriptyline,Middle,8 day,368,10,4,1,https://dbarchive.biosciencedbc.jp/data/open-tggates-pathological-images/LATEST/images/amitriptyline/Liver/34220.svs,False
34223,amitriptyline,Middle,8 day,368,10,5,1,https://dbarchive.biosciencedbc.jp/data/open-tggates-pathological-images/LATEST/images/amitriptyline/Liver/34223.svs,False
4868,aspirin,Control,15 day,128,3,1,1,https://dbarchive.biosciencedbc.jp/data/open-tggates-pathological-images/LATEST/images/aspirin/Liver/4868.svs,False
4870,aspirin,Control,15 day,128,3,2,1,https://dbarchive.biosciencedbc.jp/data/open-tggates-pathological-images/LATEST/images/aspirin/Liver/4870.svs,False
4871,aspirin,Control,15 day,128,3,3,1,https://dbarchive.biosciencedbc.jp/data/open-tggates-pathological-images/LATEST/images/aspirin/Liver/4871.svs,False
4873,aspirin,Control,15 day,128,3,4,1,https://dbarchive.biosciencedbc.jp/data/open-tggates-pathological-images/LATEST/images/aspirin/Liver/4873.svs,False
4875,aspirin,Control,15 day,128,3,5,1,https://dbarchive.biosciencedbc.jp/data/open-tggates-pathological-images/LATEST/images/aspirin/Liver/4875.svs,False
4892,aspirin,High,15 day,128,15,1,1,https://dbarchive.biosciencedbc.jp/data/open-tggates-pathological-images/LATEST/images/aspirin/Liver/4892.svs,False
70463,aspirin,High,15 day,128,15,2,1,https://dbarchive.biosciencedbc.jp/data/open-tggates-pathological-images/LATEST/images/aspirin/Liver/70463.svs,False
4896,aspirin,High,15 day,128,15,3,1,https://dbarchive.biosciencedbc.jp/data/open-tggates-pathological-images/LATEST/images/aspirin/Liver/4896.svs,False
4897,aspirin,High,15 day,128,15,4,1,https://dbarchive.biosciencedbc.jp/data/open-tggates-pathological-images/LATEST/images/aspirin/Liver/4897.svs,False
70464,aspirin,High,15 day,128,15,5,1,https://dbarchive.biosciencedbc.jp/data/open-tggates-pathological-images/LATEST/images/aspirin/Liver/70464.svs,False
4876,aspirin,Low,15 day,128,7,1,1,https://dbarchive.biosciencedbc.jp/data/open-tggates-pathological-images/LATEST/images/aspirin/Liver/4876.svs,False
4877,aspirin,Low,15 day,128,7,2,1,https://dbarchive.biosciencedbc.jp/data/open-tggates-pathological-images/LATEST/images/aspirin/Liver/4877.svs,False
4879,aspirin,Low,15 day,128,7,3,1,https://dbarchive.biosciencedbc.jp/data/open-tggates-pathological-images/LATEST/images/aspirin/Liver/4879.svs,False
4881,aspirin,Low,15 day,128,7,4,1,https://dbarchive.biosciencedbc.jp/data/open-tggates-pathological-images/LATEST/images/aspirin/Liver/4881.svs,False
4883,aspirin,Low,15 day,128,7,5,1,https://dbarchive.biosciencedbc.jp/data/open-tggates-pathological-images/LATEST/images/aspirin/Liver/4883.svs,False
4884,aspirin,Middle,15 day,128,11,1,1,https://dbarchive.biosciencedbc.jp/data/open-tggates-pathological-images/LATEST/images/aspirin/Liver/4884.svs,False
4886,aspirin,Middle,15 day,128,11,2,1,https://dbarchive.biosciencedbc.jp/data/open-tggates-pathological-images/LATEST/images/aspirin/Liver/4886.svs,False
4887,aspirin,Middle,15 day,128,11,3,1,https://dbarchive.biosciencedbc.jp/data/open-tggates-pathological-images/LATEST/images/aspirin/Liver/4887.svs,False
70462,aspirin,Middle,15 day,128,11,4,1,https://dbarchive.biosciencedbc.jp/data/open-tggates-pathological-images/LATEST/images/aspirin/Liver/70462.svs,False
4891,aspirin,Middle,15 day,128,11,5,1,https://dbarchive.biosciencedbc.jp/data/open-tggates-pathological-images/LATEST/images/aspirin/Liver/4891.svs,False
4900,aspirin,Control,29 day,128,4,1,1,https://dbarchive.biosciencedbc.jp/data/open-tggates-pathological-images/LATEST/images/aspirin/Liver/4900.svs,False
4902,aspirin,Control,29 day,128,4,2,1,https://dbarchive.biosciencedbc.jp/data/open-tggates-pathological-images/LATEST/images/aspirin/Liver/4902.svs,False
4903,aspirin,Control,29 day,128,4,3,1,https://dbarchive.biosciencedbc.jp/data/open-tggates-pathological-images/LATEST/images/aspirin/Liver/4903.svs,False
4905,aspirin,Control,29 day,128,4,4,1,https://dbarchive.biosciencedbc.jp/data/open-tggates-pathological-images/LATEST/images/aspirin/Liver/4905.svs,False
4906,aspirin,Control,29 day,128,4,5,1,https://dbarchive.biosciencedbc.jp/data/open-tggates-pathological-images/LATEST/images/aspirin/Liver/4906.svs,False
4924,aspirin,High,29 day,128,16,1,1,https://dbarchive.biosciencedbc.jp/data/open-tggates-pathological-images/LATEST/images/aspirin/Liver/4924.svs,False
4925,aspirin,High,29 day,128,16,2,1,https://dbarchive.biosciencedbc.jp/data/open-tggates-pathological-images/LATEST/images/aspirin/Liver/4925.svs,False
4927,aspirin,High,29 day,128,16,3,1,https://dbarchive.biosciencedbc.jp/data/open-tggates-pathological-images/LATEST/images/aspirin/Liver/4927.svs,False
4928,aspirin,High,29 day,128,16,4,1,https://dbarchive.biosciencedbc.jp/data/open-tggates-pathological-images/LATEST/images/aspirin/Liver/4928.svs,False
4930,aspirin,High,29 day,128,16,5,1,https://dbarchive.biosciencedbc.jp/data/open-tggates-pathological-images/LATEST/images/aspirin/Liver/4930.svs,False
4908,aspirin,Low,29 day,128,8,1,1,https://dbarchive.biosciencedbc.jp/data/open-tggates-pathological-images/LATEST/images/aspirin/Liver/4908.svs,False
4909,aspirin,Low,29 day,128,8,2,1,https://dbarchive.biosciencedbc.jp/data/open-tggates-pathological-images/LATEST/images/aspirin/Liver/4909.svs,False
4911,aspirin,Low,29 day,128,8,3,1,https://dbarchive.biosciencedbc.jp/data/open-tggates-pathological-images/LATEST/images/aspirin/Liver/4911.svs,False
4912,aspirin,Low,29 day,128,8,4,1,https://dbarchive.biosciencedbc.jp/data/open-tggates-pathological-images/LATEST/images/aspirin/Liver/4912.svs,False
4914,aspirin,Low,29 day,128,8,5,1,https://dbarchive.biosciencedbc.jp/data/open-tggates-pathological-images/LATEST/images/aspirin/Liver/4914.svs,False
4916,aspirin,Middle,29 day,128,12,1,1,https://dbarchive.biosciencedbc.jp/data/open-tggates-pathological-images/LATEST/images/aspirin/Liver/4916.svs,False
4917,aspirin,Middle,29 day,128,12,2,1,https://dbarchive.biosciencedbc.jp/data/open-tggates-pathological-images/LATEST/images/aspirin/Liver/4917.svs,False
4919,aspirin,Middle,29 day,128,12,3,1,https://dbarchive.biosciencedbc.jp/data/open-tggates-pathological-images/LATEST/images/aspirin/Liver/4919.svs,False
4920,aspirin,Middle,29 day,128,12,4,1,https://dbarchive.biosciencedbc.jp/data/open-tggates-pathological-images/LATEST/images/aspirin/Liver/4920.svs,False
4922,aspirin,Middle,29 day,128,12,5,1,https://dbarchive.biosciencedbc.jp/data/open-tggates-pathological-images/LATEST/images/aspirin/Liver/4922.svs,False
4801,aspirin,Control,4 day,128,1,1,1,https://dbarchive.biosciencedbc.jp/data/open-tggates-pathological-images/LATEST/images/aspirin/Liver/4801.svs,False
4804,aspirin,Control,4 day,128,1,2,1,https://dbarchive.biosciencedbc.jp/data/open-tggates-pathological-images/LATEST/images/aspirin/Liver/4804.svs,False
4806,aspirin,Control,4 day,128,1,3,1,https://dbarchive.biosciencedbc.jp/data/open-tggates-pathological-images/LATEST/images/aspirin/Liver/4806.svs,False
70455,aspirin,Control,4 day,128,1,4,1,https://dbarchive.biosciencedbc.jp/data/open-tggates-pathological-images/LATEST/images/aspirin/Liver/70455.svs,False
4809,aspirin,Control,4 day,128,1,5,1,https://dbarchive.biosciencedbc.jp/data/open-tggates-pathological-images/LATEST/images/aspirin/Liver/4809.svs,False
70461,aspirin,High,4 day,128,13,1,1,https://dbarchive.biosciencedbc.jp/data/open-tggates-pathological-images/LATEST/images/aspirin/Liver/70461.svs,False
4828,aspirin,High,4 day,128,13,2,1,https://dbarchive.biosciencedbc.jp/data/open-tggates-pathological-images/LATEST/images/aspirin/Liver/4828.svs,False
4830,aspirin,High,4 day,128,13,3,1,https://dbarchive.biosciencedbc.jp/data/open-tggates-pathological-images/LATEST/images/aspirin/Liver/4830.svs,False
4831,aspirin,High,4 day,128,13,4,1,https://dbarchive.biosciencedbc.jp/data/open-tggates-pathological-images/LATEST/images/aspirin/Liver/4831.svs,False
4833,aspirin,High,4 day,128,13,5,1,https://dbarchive.biosciencedbc.jp/data/open-tggates-pathological-images/LATEST/images/aspirin/Liver/4833.svs,False
70456,aspirin,Low,4 day,128,5,1,1,https://dbarchive.biosciencedbc.jp/data/open-tggates-pathological-images/LATEST/images/aspirin/Liver/70456.svs,False
70457,aspirin,Low,4 day,128,5,2,1,https://dbarchive.biosciencedbc.jp/data/open-tggates-pathological-images/LATEST/images/aspirin/Liver/70457.svs,False
4814,aspirin,Low,4 day,128,5,3,1,https://dbarchive.biosciencedbc.jp/data/open-tggates-pathological-images/LATEST/images/aspirin/Liver/4814.svs,False
70458,aspirin,Low,4 day,128,5,4,1,https://dbarchive.biosciencedbc.jp/data/open-tggates-pathological-images/LATEST/images/aspirin/Liver/70458.svs,False
4817,aspirin,Low,4 day,128,5,5,1,https://dbarchive.biosciencedbc.jp/data/open-tggates-pathological-images/LATEST/images/aspirin/Liver/4817.svs,False
4818,aspirin,Middle,4 day,128,9,1,1,https://dbarchive.biosciencedbc.jp/data/open-tggates-pathological-images/LATEST/images/aspirin/Liver/4818.svs,False
70459,aspirin,Middle,4 day,128,9,2,1,https://dbarchive.biosciencedbc.jp/data/open-tggates-pathological-images/LATEST/images/aspirin/Liver/70459.svs,False
4822,aspirin,Middle,4 day,128,9,3,1,https://dbarchive.biosciencedbc.jp/data/open-tggates-pathological-images/LATEST/images/aspirin/Liver/4822.svs,False
70460,aspirin,Middle,4 day,128,9,4,1,https://dbarchive.biosciencedbc.jp/data/open-tggates-pathological-images/LATEST/images/aspirin/Liver/70460.svs,False
4825,aspirin,Middle,4 day,128,9,5,1,https://dbarchive.biosciencedbc.jp/data/open-tggates-pathological-images/LATEST/images/aspirin/Liver/4825.svs,False
4835,aspirin,Control,8 day,128,2,1,1,https://dbarchive.biosciencedbc.jp/data/open-tggates-pathological-images/LATEST/images/aspirin/Liver/4835.svs,False
4836,aspirin,Control,8 day,128,2,2,1,https://dbarchive.biosciencedbc.jp/data/open-tggates-pathological-images/LATEST/images/aspirin/Liver/4836.svs,False
4838,aspirin,Control,8 day,128,2,3,1,https://dbarchive.biosciencedbc.jp/data/open-tggates-pathological-images/LATEST/images/aspirin/Liver/4838.svs,False
4840,aspirin,Control,8 day,128,2,4,1,https://dbarchive.biosciencedbc.jp/data/open-tggates-pathological-images/LATEST/images/aspirin/Liver/4840.svs,False
4841,aspirin,Control,8 day,128,2,5,1,https://dbarchive.biosciencedbc.jp/data/open-tggates-pathological-images/LATEST/images/aspirin/Liver/4841.svs,False
4859,aspirin,High,8 day,128,14,1,1,https://dbarchive.biosciencedbc.jp/data/open-tggates-pathological-images/LATEST/images/aspirin/Liver/4859.svs,False
4861,aspirin,High,8 day,128,14,2,1,https://dbarchive.biosciencedbc.jp/data/open-tggates-pathological-images/LATEST/images/aspirin/Liver/4861.svs,False
4863,aspirin,High,8 day,128,14,3,1,https://dbarchive.biosciencedbc.jp/data/open-tggates-pathological-images/LATEST/images/aspirin/Liver/4863.svs,False
4864,aspirin,High,8 day,128,14,4,1,https://dbarchive.biosciencedbc.jp/data/open-tggates-pathological-images/LATEST/images/aspirin/Liver/4864.svs,False
4866,aspirin,High,8 day,128,14,5,1,https://dbarchive.biosciencedbc.jp/data/open-tggates-pathological-images/LATEST/images/aspirin/Liver/4866.svs,False
4843,aspirin,Low,8 day,128,6,1,1,https://dbarchive.biosciencedbc.jp/data/open-tggates-pathological-images/LATEST/images/aspirin/Liver/4843.svs,False
4844,aspirin,Low,8 day,128,6,2,1,https://dbarchive.biosciencedbc.jp/data/open-tggates-pathological-images/LATEST/images/aspirin/Liver/4844.svs,False
4846,aspirin,Low,8 day,128,6,3,1,https://dbarchive.biosciencedbc.jp/data/open-tggates-pathological-images/LATEST/images/aspirin/Liver/4846.svs,False
4847,aspirin,Low,8 day,128,6,4,1,https://dbarchive.biosciencedbc.jp/data/open-tggates-pathological-images/LATEST/images/aspirin/Liver/4847.svs,False
4849,aspirin,Low,8 day,128,6,5,1,https://dbarchive.biosciencedbc.jp/data/open-tggates-pathological-images/LATEST/images/aspirin/Liver/4849.svs,False
4851,aspirin,Middle,8 day,128,10,1,1,https://dbarchive.biosciencedbc.jp/data/open-tggates-pathological-images/LATEST/images/aspirin/Liver/4851.svs,False
4853,aspirin,Middle,8 day,128,10,2,1,https://dbarchive.biosciencedbc.jp/data/open-tggates-pathological-images/LATEST/images/aspirin/Liver/4853.svs,False
4854,aspirin,Middle,8 day,128,10,3,1,https://dbarchive.biosciencedbc.jp/data/open-tggates-pathological-images/LATEST/images/aspirin/Liver/4854.svs,False
4856,aspirin,Middle,8 day,128,10,4,1,https://dbarchive.biosciencedbc.jp/data/open-tggates-pathological-images/LATEST/images/aspirin/Liver/4856.svs,False
4858,aspirin,Middle,8 day,128,10,5,1,https://dbarchive.biosciencedbc.jp/data/open-tggates-pathological-images/LATEST/images/aspirin/Liver/4858.svs,False
44328,bendazac,Control,15 day,551,3,1,2,https://dbarchive.biosciencedbc.jp/data/open-tggates-pathological-images/LATEST/images/bendazac/Liver/44328.svs,False
44331,bendazac,Control,15 day,551,3,2,2,https://dbarchive.biosciencedbc.jp/data/open-tggates-pathological-images/LATEST/images/bendazac/Liver/44331.svs,False
44333,bendazac,Control,15 day,551,3,3,2,https://dbarchive.biosciencedbc.jp/data/open-tggates-pathological-images/LATEST/images/bendazac/Liver/44333.svs,False
44336,bendazac,Control,15 day,551,3,4,2,https://dbarchive.biosciencedbc.jp/data/open-tggates-pathological-images/LATEST/images/bendazac/Liver/44336.svs,False
44339,bendazac,Control,15 day,551,3,5,2,https://dbarchive.biosciencedbc.jp/data/open-tggates-pathological-images/LATEST/images/bendazac/Liver/44339.svs,False
44472,bendazac,High,15 day,551,15,1,2,https://dbarchive.biosciencedbc.jp/data/open-tggates-pathological-images/LATEST/images/bendazac/Liver/44472.svs,False
44473,bendazac,High,15 day,551,15,2,2,https://dbarchive.biosciencedbc.jp/data/open-tggates-pathological-images/LATEST/images/bendazac/Liver/44473.svs,False
44475,bendazac,High,15 day,551,15,3,2,https://dbarchive.biosciencedbc.jp/data/open-tggates-pathological-images/LATEST/images/bendazac/Liver/44475.svs,False
44477,bendazac,High,15 day,551,15,4,2,https://dbarchive.biosciencedbc.jp/data/open-tggates-pathological-images/LATEST/images/bendazac/Liver/44477.svs,False
44479,bendazac,High,15 day,551,15,5,2,https://dbarchive.biosciencedbc.jp/data/open-tggates-pathological-images/LATEST/images/bendazac/Liver/44479.svs,False
44379,bendazac,Low,15 day,551,7,1,2,https://dbarchive.biosciencedbc.jp/data/open-tggates-pathological-images/LATEST/images/bendazac/Liver/44379.svs,False
44381,bendazac,Low,15 day,551,7,2,2,https://dbarchive.biosciencedbc.jp/data/open-tggates-pathological-images/LATEST/images/bendazac/Liver/44381.svs,False
44384,bendazac,Low,15 day,551,7,3,2,https://dbarchive.biosciencedbc.jp/data/open-tggates-pathological-images/LATEST/images/bendazac/Liver/44384.svs,False
44386,bendazac,Low,15 day,551,7,4,2,https://dbarchive.biosciencedbc.jp/data/open-tggates-pathological-images/LATEST/images/bendazac/Liver/44386.svs,False
44389,bendazac,Low,15 day,551,7,5,2,https://dbarchive.biosciencedbc.jp/data/open-tggates-pathological-images/LATEST/images/bendazac/Liver/44389.svs,False
44427,bendazac,Middle,15 day,551,11,1,2,https://dbarchive.biosciencedbc.jp/data/open-tggates-pathological-images/LATEST/images/bendazac/Liver/44427.svs,False
44429,bendazac,Middle,15 day,551,11,2,2,https://dbarchive.biosciencedbc.jp/data/open-tggates-pathological-images/LATEST/images/bendazac/Liver/44429.svs,False
44432,bendazac,Middle,15 day,551,11,3,2,https://dbarchive.biosciencedbc.jp/data/open-tggates-pathological-images/LATEST/images/bendazac/Liver/44432.svs,False
44434,bendazac,Middle,15 day,551,11,4,2,https://dbarchive.biosciencedbc.jp/data/open-tggates-pathological-images/LATEST/images/bendazac/Liver/44434.svs,False
44436,bendazac,Middle,15 day,551,11,5,2,https://dbarchive.biosciencedbc.jp/data/open-tggates-pathological-images/LATEST/images/bendazac/Liver/44436.svs,False
44341,bendazac,Control,29 day,551,4,1,2,https://dbarchive.biosciencedbc.jp/data/open-tggates-pathological-images/LATEST/images/bendazac/Liver/44341.svs,False
44344,bendazac,Control,29 day,551,4,2,2,https://dbarchive.biosciencedbc.jp/data/open-tggates-pathological-images/LATEST/images/bendazac/Liver/44344.svs,False
44347,bendazac,Control,29 day,551,4,3,2,https://dbarchive.biosciencedbc.jp/data/open-tggates-pathological-images/LATEST/images/bendazac/Liver/44347.svs,False
44350,bendazac,Control,29 day,551,4,4,2,https://dbarchive.biosciencedbc.jp/data/open-tggates-pathological-images/LATEST/images/bendazac/Liver/44350.svs,False
44352,bendazac,Control,29 day,551,4,5,2,https://dbarchive.biosciencedbc.jp/data/open-tggates-pathological-images/LATEST/images/bendazac/Liver/44352.svs,False
44482,bendazac,High,29 day,551,16,1,2,https://dbarchive.biosciencedbc.jp/data/open-tggates-pathological-images/LATEST/images/bendazac/Liver/44482.svs,False
44484,bendazac,High,29 day,551,16,2,2,https://dbarchive.biosciencedbc.jp/data/open-tggates-pathological-images/LATEST/images/bendazac/Liver/44484.svs,False
44486,bendazac,High,29 day,551,16,3,2,https://dbarchive.biosciencedbc.jp/data/open-tggates-pathological-images/LATEST/images/bendazac/Liver/44486.svs,False
44489,bendazac,High,29 day,551,16,4,2,https://dbarchive.biosciencedbc.jp/data/open-tggates-pathological-images/LATEST/images/bendazac/Liver/44489.svs,False
44491,bendazac,High,29 day,551,16,5,2,https://dbarchive.biosciencedbc.jp/data/open-tggates-pathological-images/LATEST/images/bendazac/Liver/44491.svs,False
44391,bendazac,Low,29 day,551,8,1,2,https://dbarchive.biosciencedbc.jp/data/open-tggates-pathological-images/LATEST/images/bendazac/Liver/44391.svs,False
44394,bendazac,Low,29 day,551,8,2,2,https://dbarchive.biosciencedbc.jp/data/open-tggates-pathological-images/LATEST/images/bendazac/Liver/44394.svs,False
44396,bendazac,Low,29 day,551,8,3,2,https://dbarchive.biosciencedbc.jp/data/open-tggates-pathological-images/LATEST/images/bendazac/Liver/44396.svs,False
44399,bendazac,Low,29 day,551,8,4,2,https://dbarchive.biosciencedbc.jp/data/open-tggates-pathological-images/LATEST/images/bendazac/Liver/44399.svs,False
44401,bendazac,Low,29 day,551,8,5,2,https://dbarchive.biosciencedbc.jp/data/open-tggates-pathological-images/LATEST/images/bendazac/Liver/44401.svs,False
44439,bendazac,Middle,29 day,551,12,1,2,https://dbarchive.biosciencedbc.jp/data/open-tggates-pathological-images/LATEST/images/bendazac/Liver/44439.svs,False
44441,bendazac,Middle,29 day,551,12,2,2,https://dbarchive.biosciencedbc.jp/data/open-tggates-pathological-images/LATEST/images/bendazac/Liver/44441.svs,False
44443,bendazac,Middle,29 day,551,12,3,2,https://dbarchive.biosciencedbc.jp/data/open-tggates-pathological-images/LATEST/images/bendazac/Liver/44443.svs,False
44446,bendazac,Middle,29 day,551,12,4,2,https://dbarchive.biosciencedbc.jp/data/open-tggates-pathological-images/LATEST/images/bendazac/Liver/44446.svs,False
44448,bendazac,Middle,29 day,551,12,5,2,https://dbarchive.biosciencedbc.jp/data/open-tggates-pathological-images/LATEST/images/bendazac/Liver/44448.svs,False
44313,bendazac,Control,4 day,551,1,1,2,https://dbarchive.biosciencedbc.jp/data/open-tggates-pathological-images/LATEST/images/bendazac/Liver/44313.svs,False
44314,bendazac,Control,4 day,551,1,2,2,https://dbarchive.biosciencedbc.jp/data/open-tggates-pathological-images/LATEST/images/bendazac/Liver/44314.svs,False
44316,bendazac,Control,4 day,551,1,3,2,https://dbarchive.biosciencedbc.jp/data/open-tggates-pathological-images/LATEST/images/bendazac/Liver/44316.svs,False
44317,bendazac,Control,4 day,551,1,4,2,https://dbarchive.biosciencedbc.jp/data/open-tggates-pathological-images/LATEST/images/bendazac/Liver/44317.svs,False
44319,bendazac,Control,4 day,551,1,5,2,https://dbarchive.biosciencedbc.jp/data/open-tggates-pathological-images/LATEST/images/bendazac/Liver/44319.svs,False
44451,bendazac,High,4 day,551,13,1,2,https://dbarchive.biosciencedbc.jp/data/open-tggates-pathological-images/LATEST/images/bendazac/Liver/44451.svs,False
44453,bendazac,High,4 day,551,13,2,2,https://dbarchive.biosciencedbc.jp/data/open-tggates-pathological-images/LATEST/images/bendazac/Liver/44453.svs,False
44455,bendazac,High,4 day,551,13,3,2,https://dbarchive.biosciencedbc.jp/data/open-tggates-pathological-images/LATEST/images/bendazac/Liver/44455.svs,False
44458,bendazac,High,4 day,551,13,4,2,https://dbarchive.biosciencedbc.jp/data/open-tggates-pathological-images/LATEST/images/bendazac/Liver/44458.svs,False
44460,bendazac,High,4 day,551,13,5,2,https://dbarchive.biosciencedbc.jp/data/open-tggates-pathological-images/LATEST/images/bendazac/Liver/44460.svs,False
44355,bendazac,Low,4 day,551,5,1,2,https://dbarchive.biosciencedbc.jp/data/open-tggates-pathological-images/LATEST/images/bendazac/Liver/44355.svs,False
44357,bendazac,Low,4 day,551,5,2,2,https://dbarchive.biosciencedbc.jp/data/open-tggates-pathological-images/LATEST/images/bendazac/Liver/44357.svs,False
44360,bendazac,Low,4 day,551,5,3,2,https://dbarchive.biosciencedbc.jp/data/open-tggates-pathological-images/LATEST/images/bendazac/Liver/44360.svs,False
44362,bendazac,Low,4 day,551,5,4,2,https://dbarchive.biosciencedbc.jp/data/open-tggates-pathological-images/LATEST/images/bendazac/Liver/44362.svs,False
44365,bendazac,Low,4 day,551,5,5,2,https://dbarchive.biosciencedbc.jp/data/open-tggates-pathological-images/LATEST/images/bendazac/Liver/44365.svs,False
44404,bendazac,Middle,4 day,551,9,1,2,https://dbarchive.biosciencedbc.jp/data/open-tggates-pathological-images/LATEST/images/bendazac/Liver/44404.svs,False
44406,bendazac,Middle,4 day,551,9,2,2,https://dbarchive.biosciencedbc.jp/data/open-tggates-pathological-images/LATEST/images/bendazac/Liver/44406.svs,False
44408,bendazac,Middle,4 day,551,9,3,2,https://dbarchive.biosciencedbc.jp/data/open-tggates-pathological-images/LATEST/images/bendazac/Liver/44408.svs,False
44410,bendazac,Middle,4 day,551,9,4,2,https://dbarchive.biosciencedbc.jp/data/open-tggates-pathological-images/LATEST/images/bendazac/Liver/44410.svs,False
44413,bendazac,Middle,4 day,551,9,5,2,https://dbarchive.biosciencedbc.jp/data/open-tggates-pathological-images/LATEST/images/bendazac/Liver/44413.svs,False
44320,bendazac,Control,8 day,551,2,1,2,https://dbarchive.biosciencedbc.jp/data/open-tggates-pathological-images/LATEST/images/bendazac/Liver/44320.svs,False
44322,bendazac,Control,8 day,551,2,2,2,https://dbarchive.biosciencedbc.jp/data/open-tggates-pathological-images/LATEST/images/bendazac/Liver/44322.svs,False
44323,bendazac,Control,8 day,551,2,3,2,https://dbarchive.biosciencedbc.jp/data/open-tggates-pathological-images/LATEST/images/bendazac/Liver/44323.svs,False
44325,bendazac,Control,8 day,551,2,4,2,https://dbarchive.biosciencedbc.jp/data/open-tggates-pathological-images/LATEST/images/bendazac/Liver/44325.svs,False
44327,bendazac,Control,8 day,551,2,5,2,https://dbarchive.biosciencedbc.jp/data/open-tggates-pathological-images/LATEST/images/bendazac/Liver/44327.svs,False
44462,bendazac,High,8 day,551,14,1,2,https://dbarchive.biosciencedbc.jp/data/open-tggates-pathological-images/LATEST/images/bendazac/Liver/44462.svs,False
44464,bendazac,High,8 day,551,14,2,2,https://dbarchive.biosciencedbc.jp/data/open-tggates-pathological-images/LATEST/images/bendazac/Liver/44464.svs,False
44466,bendazac,High,8 day,551,14,3,2,https://dbarchive.biosciencedbc.jp/data/open-tggates-pathological-images/LATEST/images/bendazac/Liver/44466.svs,False
44468,bendazac,High,8 day,551,14,4,2,https://dbarchive.biosciencedbc.jp/data/open-tggates-pathological-images/LATEST/images/bendazac/Liver/44468.svs,False
44470,bendazac,High,8 day,551,14,5,2,https://dbarchive.biosciencedbc.jp/data/open-tggates-pathological-images/LATEST/images/bendazac/Liver/44470.svs,False
44367,bendazac,Low,8 day,551,6,1,2,https://dbarchive.biosciencedbc.jp/data/open-tggates-pathological-images/LATEST/images/bendazac/Liver/44367.svs,False
44369,bendazac,Low,8 day,551,6,2,2,https://dbarchive.biosciencedbc.jp/data/open-tggates-pathological-images/LATEST/images/bendazac/Liver/44369.svs,False
44372,bendazac,Low,8 day,551,6,3,2,https://dbarchive.biosciencedbc.jp/data/open-tggates-pathological-images/LATEST/images/bendazac/Liver/44372.svs,False
44374,bendazac,Low,8 day,551,6,4,2,https://dbarchive.biosciencedbc.jp/data/open-tggates-pathological-images/LATEST/images/bendazac/Liver/44374.svs,False
44376,bendazac,Low,8 day,551,6,5,2,https://dbarchive.biosciencedbc.jp/data/open-tggates-pathological-images/LATEST/images/bendazac/Liver/44376.svs,False
44415,bendazac,Middle,8 day,551,10,1,2,https://dbarchive.biosciencedbc.jp/data/open-tggates-pathological-images/LATEST/images/bendazac/Liver/44415.svs,False
44417,bendazac,Middle,8 day,551,10,2,2,https://dbarchive.biosciencedbc.jp/data/open-tggates-pathological-images/LATEST/images/bendazac/Liver/44417.svs,False
44420,bendazac,Middle,8 day,551,10,3,2,https://dbarchive.biosciencedbc.jp/data/open-tggates-pathological-images/LATEST/images/bendazac/Liver/44420.svs,False
44422,bendazac,Middle,8 day,551,10,4,2,https://dbarchive.biosciencedbc.jp/data/open-tggates-pathological-images/LATEST/images/bendazac/Liver/44422.svs,False
44424,bendazac,Middle,8 day,551,10,5,2,https://dbarchive.biosciencedbc.jp/data/open-tggates-pathological-images/LATEST/images/bendazac/Liver/44424.svs,False
5760,benzbromarone,Control,15 day,155,3,1,1,https://dbarchive.biosciencedbc.jp/data/open-tggates-pathological-images/LATEST/images/benzbromarone/Liver/5760.svs,False
5764,benzbromarone,Control,15 day,155,3,2,1,https://dbarchive.biosciencedbc.jp/data/open-tggates-pathological-images/LATEST/images/benzbromarone/Liver/5764.svs,False
5769,benzbromarone,Control,15 day,155,3,3,1,https://dbarchive.biosciencedbc.jp/data/open-tggates-pathological-images/LATEST/images/benzbromarone/Liver/5769.svs,False
5773,benzbromarone,Control,15 day,155,3,4,1,https://dbarchive.biosciencedbc.jp/data/open-tggates-pathological-images/LATEST/images/benzbromarone/Liver/5773.svs,False
5776,benzbromarone,Control,15 day,155,3,5,1,https://dbarchive.biosciencedbc.jp/data/open-tggates-pathological-images/LATEST/images/benzbromarone/Liver/5776.svs,False
6085,benzbromarone,High,15 day,155,15,1,1,https://dbarchive.biosciencedbc.jp/data/open-tggates-pathological-images/LATEST/images/benzbromarone/Liver/6085.svs,False
6088,benzbromarone,High,15 day,155,15,2,1,https://dbarchive.biosciencedbc.jp/data/open-tggates-pathological-images/LATEST/images/benzbromarone/Liver/6088.svs,False
6091,benzbromarone,High,15 day,155,15,3,1,https://dbarchive.biosciencedbc.jp/data/open-tggates-pathological-images/LATEST/images/benzbromarone/Liver/6091.svs,False
6095,benzbromarone,High,15 day,155,15,4,1,https://dbarchive.biosciencedbc.jp/data/open-tggates-pathological-images/LATEST/images/benzbromarone/Liver/6095.svs,False
6098,benzbromarone,High,15 day,155,15,5,1,https://dbarchive.biosciencedbc.jp/data/open-tggates-pathological-images/LATEST/images/benzbromarone/Liver/6098.svs,False
5836,benzbromarone,Low,15 day,155,7,1,1,https://dbarchive.biosciencedbc.jp/data/open-tggates-pathological-images/LATEST/images/benzbromarone/Liver/5836.svs,False
5839,benzbromarone,Low,15 day,155,7,2,1,https://dbarchive.biosciencedbc.jp/data/open-tggates-pathological-images/LATEST/images/benzbromarone/Liver/5839.svs,False
5843,benzbromarone,Low,15 day,155,7,3,1,https://dbarchive.biosciencedbc.jp/data/open-tggates-pathological-images/LATEST/images/benzbromarone/Liver/5843.svs,False
5846,benzbromarone,Low,15 day,155,7,4,1,https://dbarchive.biosciencedbc.jp/data/open-tggates-pathological-images/LATEST/images/benzbromarone/Liver/5846.svs,False
5851,benzbromarone,Low,15 day,155,7,5,1,https://dbarchive.biosciencedbc.jp/data/open-tggates-pathological-images/LATEST/images/benzbromarone/Liver/5851.svs,False
6029,benzbromarone,Middle,15 day,155,11,1,1,https://dbarchive.biosciencedbc.jp/data/open-tggates-pathological-images/LATEST/images/benzbromarone/Liver/6029.svs,False
6034,benzbromarone,Middle,15 day,155,11,2,1,https://dbarchive.biosciencedbc.jp/data/open-tggates-pathological-images/LATEST/images/benzbromarone/Liver/6034.svs,False
6037,benzbromarone,Middle,15 day,155,11,3,1,https://dbarchive.biosciencedbc.jp/data/open-tggates-pathological-images/LATEST/images/benzbromarone/Liver/6037.svs,False
6039,benzbromarone,Middle,15 day,155,11,4,1,https://dbarchive.biosciencedbc.jp/data/open-tggates-pathological-images/LATEST/images/benzbromarone/Liver/6039.svs,False
6043,benzbromarone,Middle,15 day,155,11,5,1,https://dbarchive.biosciencedbc.jp/data/open-tggates-pathological-images/LATEST/images/benzbromarone/Liver/6043.svs,False
5780,benzbromarone,Control,29 day,155,4,1,1,https://dbarchive.biosciencedbc.jp/data/open-tggates-pathological-images/LATEST/images/benzbromarone/Liver/5780.svs,False
5783,benzbromarone,Control,29 day,155,4,2,1,https://dbarchive.biosciencedbc.jp/data/open-tggates-pathological-images/LATEST/images/benzbromarone/Liver/5783.svs,False
5790,benzbromarone,Control,29 day,155,4,3,1,https://dbarchive.biosciencedbc.jp/data/open-tggates-pathological-images/LATEST/images/benzbromarone/Liver/5790.svs,False
5793,benzbromarone,Control,29 day,155,4,4,1,https://dbarchive.biosciencedbc.jp/data/open-tggates-pathological-images/LATEST/images/benzbromarone/Liver/5793.svs,False
5796,benzbromarone,Control,29 day,155,4,5,1,https://dbarchive.biosciencedbc.jp/data/open-tggates-pathological-images/LATEST/images/benzbromarone/Liver/5796.svs,False
6101,benzbromarone,High,29 day,155,16,1,1,https://dbarchive.biosciencedbc.jp/data/open-tggates-pathological-images/LATEST/images/benzbromarone/Liver/6101.svs,False
6105,benzbromarone,High,29 day,155,16,2,1,https://dbarchive.biosciencedbc.jp/data/open-tggates-pathological-images/LATEST/images/benzbromarone/Liver/6105.svs,False
6107,benzbromarone,High,29 day,155,16,3,1,https://dbarchive.biosciencedbc.jp/data/open-tggates-pathological-images/LATEST/images/benzbromarone/Liver/6107.svs,False
6110,benzbromarone,High,29 day,155,16,4,1,https://dbarchive.biosciencedbc.jp/data/open-tggates-pathological-images/LATEST/images/benzbromarone/Liver/6110.svs,False
5855,benzbromarone,Low,29 day,155,8,1,1,https://dbarchive.biosciencedbc.jp/data/open-tggates-pathological-images/LATEST/images/benzbromarone/Liver/5855.svs,False
5859,benzbromarone,Low,29 day,155,8,2,1,https://dbarchive.biosciencedbc.jp/data/open-tggates-pathological-images/LATEST/images/benzbromarone/Liver/5859.svs,False
5862,benzbromarone,Low,29 day,155,8,3,1,https://dbarchive.biosciencedbc.jp/data/open-tggates-pathological-images/LATEST/images/benzbromarone/Liver/5862.svs,False
5865,benzbromarone,Low,29 day,155,8,4,1,https://dbarchive.biosciencedbc.jp/data/open-tggates-pathological-images/LATEST/images/benzbromarone/Liver/5865.svs,False
5869,benzbromarone,Low,29 day,155,8,5,1,https://dbarchive.biosciencedbc.jp/data/open-tggates-pathological-images/LATEST/images/benzbromarone/Liver/5869.svs,False
6045,benzbromarone,Middle,29 day,155,12,1,1,https://dbarchive.biosciencedbc.jp/data/open-tggates-pathological-images/LATEST/images/benzbromarone/Liver/6045.svs,False
6048,benzbromarone,Middle,29 day,155,12,2,1,https://dbarchive.biosciencedbc.jp/data/open-tggates-pathological-images/LATEST/images/benzbromarone/Liver/6048.svs,False
6051,benzbromarone,Middle,29 day,155,12,3,1,https://dbarchive.biosciencedbc.jp/data/open-tggates-pathological-images/LATEST/images/benzbromarone/Liver/6051.svs,False
6055,benzbromarone,Middle,29 day,155,12,4,1,https://dbarchive.biosciencedbc.jp/data/open-tggates-pathological-images/LATEST/images/benzbromarone/Liver/6055.svs,False
6059,benzbromarone,Middle,29 day,155,12,5,1,https://dbarchive.biosciencedbc.jp/data/open-tggates-pathological-images/LATEST/images/benzbromarone/Liver/6059.svs,False
5725,benzbromarone,Control,4 day,155,1,1,1,https://dbarchive.biosciencedbc.jp/data/open-tggates-pathological-images/LATEST/images/benzbromarone/Liver/5725.svs,False
5728,benzbromarone,Control,4 day,155,1,2,1,https://dbarchive.biosciencedbc.jp/data/open-tggates-pathological-images/LATEST/images/benzbromarone/Liver/5728.svs,False
5733,benzbromarone,Control,4 day,155,1,3,1,https://dbarchive.biosciencedbc.jp/data/open-tggates-pathological-images/LATEST/images/benzbromarone/Liver/5733.svs,False
5736,benzbromarone,Control,4 day,155,1,4,1,https://dbarchive.biosciencedbc.jp/data/open-tggates-pathological-images/LATEST/images/benzbromarone/Liver/5736.svs,False
5739,benzbromarone,Control,4 day,155,1,5,1,https://dbarchive.biosciencedbc.jp/data/open-tggates-pathological-images/LATEST/images/benzbromarone/Liver/5739.svs,False
6062,benzbromarone,High,4 day,155,13,1,1,https://dbarchive.biosciencedbc.jp/data/open-tggates-pathological-images/LATEST/images/benzbromarone/Liver/6062.svs,False
6066,benzbromarone,High,4 day,155,13,2,1,https://dbarchive.biosciencedbc.jp/data/open-tggates-pathological-images/LATEST/images/benzbromarone/Liver/6066.svs,False
6069,benzbromarone,High,4 day,155,13,4,1,https://dbarchive.biosciencedbc.jp/data/open-tggates-pathological-images/LATEST/images/benzbromarone/Liver/6069.svs,False
6072,benzbromarone,High,4 day,155,13,5,1,https://dbarchive.biosciencedbc.jp/data/open-tggates-pathological-images/LATEST/images/benzbromarone/Liver/6072.svs,False
5799,benzbromarone,Low,4 day,155,5,1,1,https://dbarchive.biosciencedbc.jp/data/open-tggates-pathological-images/LATEST/images/benzbromarone/Liver/5799.svs,False
5803,benzbromarone,Low,4 day,155,5,2,1,https://dbarchive.biosciencedbc.jp/data/open-tggates-pathological-images/LATEST/images/benzbromarone/Liver/5803.svs,False
5808,benzbromarone,Low,4 day,155,5,3,1,https://dbarchive.biosciencedbc.jp/data/open-tggates-pathological-images/LATEST/images/benzbromarone/Liver/5808.svs,False
5812,benzbromarone,Low,4 day,155,5,4,1,https://dbarchive.biosciencedbc.jp/data/open-tggates-pathological-images/LATEST/images/benzbromarone/Liver/5812.svs,False
5816,benzbromarone,Low,4 day,155,5,5,1,https://dbarchive.biosciencedbc.jp/data/open-tggates-pathological-images/LATEST/images/benzbromarone/Liver/5816.svs,False
5997,benzbromarone,Middle,4 day,155,9,1,1,https://dbarchive.biosciencedbc.jp/data/open-tggates-pathological-images/LATEST/images/benzbromarone/Liver/5997.svs,False
6000,benzbromarone,Middle,4 day,155,9,2,1,https://dbarchive.biosciencedbc.jp/data/open-tggates-pathological-images/LATEST/images/benzbromarone/Liver/6000.svs,False
6004,benzbromarone,Middle,4 day,155,9,3,1,https://dbarchive.biosciencedbc.jp/data/open-tggates-pathological-images/LATEST/images/benzbromarone/Liver/6004.svs,False
6008,benzbromarone,Middle,4 day,155,9,4,1,https://dbarchive.biosciencedbc.jp/data/open-tggates-pathological-images/LATEST/images/benzbromarone/Liver/6008.svs,False
6011,benzbromarone,Middle,4 day,155,9,5,1,https://dbarchive.biosciencedbc.jp/data/open-tggates-pathological-images/LATEST/images/benzbromarone/Liver/6011.svs,False
5742,benzbromarone,Control,8 day,155,2,1,1,https://dbarchive.biosciencedbc.jp/data/open-tggates-pathological-images/LATEST/images/benzbromarone/Liver/5742.svs,False
5746,benzbromarone,Control,8 day,155,2,2,1,https://dbarchive.biosciencedbc.jp/data/open-tggates-pathological-images/LATEST/images/benzbromarone/Liver/5746.svs,False
5750,benzbromarone,Control,8 day,155,2,3,1,https://dbarchive.biosciencedbc.jp/data/open-tggates-pathological-images/LATEST/images/benzbromarone/Liver/5750.svs,False
5753,benzbromarone,Control,8 day,155,2,4,1,https://dbarchive.biosciencedbc.jp/data/open-tggates-pathological-images/LATEST/images/benzbromarone/Liver/5753.svs,False
5757,benzbromarone,Control,8 day,155,2,5,1,https://dbarchive.biosciencedbc.jp/data/open-tggates-pathological-images/LATEST/images/benzbromarone/Liver/5757.svs,False
6074,benzbromarone,High,8 day,155,14,1,1,https://dbarchive.biosciencedbc.jp/data/open-tggates-pathological-images/LATEST/images/benzbromarone/Liver/6074.svs,False
6077,benzbromarone,High,8 day,155,14,2,1,https://dbarchive.biosciencedbc.jp/data/open-tggates-pathological-images/LATEST/images/benzbromarone/Liver/6077.svs,False
6080,benzbromarone,High,8 day,155,14,4,1,https://dbarchive.biosciencedbc.jp/data/open-tggates-pathological-images/LATEST/images/benzbromarone/Liver/6080.svs,False
6082,benzbromarone,High,8 day,155,14,5,1,https://dbarchive.biosciencedbc.jp/data/open-tggates-pathological-images/LATEST/images/benzbromarone/Liver/6082.svs,False
5819,benzbromarone,Low,8 day,155,6,1,1,https://dbarchive.biosciencedbc.jp/data/open-tggates-pathological-images/LATEST/images/benzbromarone/Liver/5819.svs,False
5823,benzbromarone,Low,8 day,155,6,2,1,https://dbarchive.biosciencedbc.jp/data/open-tggates-pathological-images/LATEST/images/benzbromarone/Liver/5823.svs,False
5826,benzbromarone,Low,8 day,155,6,3,1,https://dbarchive.biosciencedbc.jp/data/open-tggates-pathological-images/LATEST/images/benzbromarone/Liver/5826.svs,False
5830,benzbromarone,Low,8 day,155,6,4,1,https://dbarchive.biosciencedbc.jp/data/open-tggates-pathological-images/LATEST/images/benzbromarone/Liver/5830.svs,False
5833,benzbromarone,Low,8 day,155,6,5,1,https://dbarchive.biosciencedbc.jp/data/open-tggates-pathological-images/LATEST/images/benzbromarone/Liver/5833.svs,False
6014,benzbromarone,Middle,8 day,155,10,1,1,https://dbarchive.biosciencedbc.jp/data/open-tggates-pathological-images/LATEST/images/benzbromarone/Liver/6014.svs,False
6017,benzbromarone,Middle,8 day,155,10,2,1,https://dbarchive.biosciencedbc.jp/data/open-tggates-pathological-images/LATEST/images/benzbromarone/Liver/6017.svs,False
6020,benzbromarone,Middle,8 day,155,10,3,1,https://dbarchive.biosciencedbc.jp/data/open-tggates-pathological-images/LATEST/images/benzbromarone/Liver/6020.svs,False
6023,benzbromarone,Middle,8 day,155,10,4,1,https://dbarchive.biosciencedbc.jp/data/open-tggates-pathological-images/LATEST/images/benzbromarone/Liver/6023.svs,False
6026,benzbromarone,Middle,8 day,155,10,5,1,https://dbarchive.biosciencedbc.jp/data/open-tggates-pathological-images/LATEST/images/benzbromarone/Liver/6026.svs,False
30428,bromobenzene,Control,15 day,186,3,1,2,https://dbarchive.biosciencedbc.jp/data/open-tggates-pathological-images/LATEST/images/bromobenzene/Liver/30428.svs,False
30429,bromobenzene,Control,15 day,186,3,2,2,https://dbarchive.biosciencedbc.jp/data/open-tggates-pathological-images/LATEST/images/bromobenzene/Liver/30429.svs,False
30430,bromobenzene,Control,15 day,186,3,3,2,https://dbarchive.biosciencedbc.jp/data/open-tggates-pathological-images/LATEST/images/bromobenzene/Liver/30430.svs,False
30431,bromobenzene,Control,15 day,186,3,4,2,https://dbarchive.biosciencedbc.jp/data/open-tggates-pathological-images/LATEST/images/bromobenzene/Liver/30431.svs,False
30433,bromobenzene,Control,15 day,186,3,5,2,https://dbarchive.biosciencedbc.jp/data/open-tggates-pathological-images/LATEST/images/bromobenzene/Liver/30433.svs,False
30530,bromobenzene,High,15 day,186,15,1,2,https://dbarchive.biosciencedbc.jp/data/open-tggates-pathological-images/LATEST/images/bromobenzene/Liver/30530.svs,False
30532,bromobenzene,High,15 day,186,15,2,2,https://dbarchive.biosciencedbc.jp/data/open-tggates-pathological-images/LATEST/images/bromobenzene/Liver/30532.svs,False
30535,bromobenzene,High,15 day,186,15,3,2,https://dbarchive.biosciencedbc.jp/data/open-tggates-pathological-images/LATEST/images/bromobenzene/Liver/30535.svs,False
30537,bromobenzene,High,15 day,186,15,4,2,https://dbarchive.biosciencedbc.jp/data/open-tggates-pathological-images/LATEST/images/bromobenzene/Liver/30537.svs,False
30539,bromobenzene,High,15 day,186,15,5,2,https://dbarchive.biosciencedbc.jp/data/open-tggates-pathological-images/LATEST/images/bromobenzene/Liver/30539.svs,False
30459,bromobenzene,Low,15 day,186,7,1,2,https://dbarchive.biosciencedbc.jp/data/open-tggates-pathological-images/LATEST/images/bromobenzene/Liver/30459.svs,False
30461,bromobenzene,Low,15 day,186,7,2,2,https://dbarchive.biosciencedbc.jp/data/open-tggates-pathological-images/LATEST/images/bromobenzene/Liver/30461.svs,False
30463,bromobenzene,Low,15 day,186,7,3,2,https://dbarchive.biosciencedbc.jp/data/open-tggates-pathological-images/LATEST/images/bromobenzene/Liver/30463.svs,False
30407,bromobenzene,Low,15 day,186,7,4,2,https://dbarchive.biosciencedbc.jp/data/open-tggates-pathological-images/LATEST/images/bromobenzene/Liver/30407.svs,False
30465,bromobenzene,Low,15 day,186,7,5,2,https://dbarchive.biosciencedbc.jp/data/open-tggates-pathological-images/LATEST/images/bromobenzene/Liver/30465.svs,False
30491,bromobenzene,Middle,15 day,186,11,1,2,https://dbarchive.biosciencedbc.jp/data/open-tggates-pathological-images/LATEST/images/bromobenzene/Liver/30491.svs,False
30493,bromobenzene,Middle,15 day,186,11,2,2,https://dbarchive.biosciencedbc.jp/data/open-tggates-pathological-images/LATEST/images/bromobenzene/Liver/30493.svs,False
30494,bromobenzene,Middle,15 day,186,11,3,2,https://dbarchive.biosciencedbc.jp/data/open-tggates-pathological-images/LATEST/images/bromobenzene/Liver/30494.svs,False
30496,bromobenzene,Middle,15 day,186,11,4,2,https://dbarchive.biosciencedbc.jp/data/open-tggates-pathological-images/LATEST/images/bromobenzene/Liver/30496.svs,False
30497,bromobenzene,Middle,15 day,186,11,5,2,https://dbarchive.biosciencedbc.jp/data/open-tggates-pathological-images/LATEST/images/bromobenzene/Liver/30497.svs,False
30435,bromobenzene,Control,29 day,186,4,1,2,https://dbarchive.biosciencedbc.jp/data/open-tggates-pathological-images/LATEST/images/bromobenzene/Liver/30435.svs,False
30436,bromobenzene,Control,29 day,186,4,2,2,https://dbarchive.biosciencedbc.jp/data/open-tggates-pathological-images/LATEST/images/bromobenzene/Liver/30436.svs,False
30438,bromobenzene,Control,29 day,186,4,3,2,https://dbarchive.biosciencedbc.jp/data/open-tggates-pathological-images/LATEST/images/bromobenzene/Liver/30438.svs,False
30439,bromobenzene,Control,29 day,186,4,4,2,https://dbarchive.biosciencedbc.jp/data/open-tggates-pathological-images/LATEST/images/bromobenzene/Liver/30439.svs,False
30441,bromobenzene,Control,29 day,186,4,5,2,https://dbarchive.biosciencedbc.jp/data/open-tggates-pathological-images/LATEST/images/bromobenzene/Liver/30441.svs,False
30542,bromobenzene,High,29 day,186,16,1,2,https://dbarchive.biosciencedbc.jp/data/open-tggates-pathological-images/LATEST/images/bromobenzene/Liver/30542.svs,False
30544,bromobenzene,High,29 day,186,16,2,2,https://dbarchive.biosciencedbc.jp/data/open-tggates-pathological-images/LATEST/images/bromobenzene/Liver/30544.svs,False
30546,bromobenzene,High,29 day,186,16,3,2,https://dbarchive.biosciencedbc.jp/data/open-tggates-pathological-images/LATEST/images/bromobenzene/Liver/30546.svs,False
30549,bromobenzene,High,29 day,186,16,4,2,https://dbarchive.biosciencedbc.jp/data/open-tggates-pathological-images/LATEST/images/bromobenzene/Liver/30549.svs,False
30551,bromobenzene,High,29 day,186,16,5,2,https://dbarchive.biosciencedbc.jp/data/open-tggates-pathological-images/LATEST/images/bromobenzene/Liver/30551.svs,False
30467,bromobenzene,Low,29 day,186,8,1,2,https://dbarchive.biosciencedbc.jp/data/open-tggates-pathological-images/LATEST/images/bromobenzene/Liver/30467.svs,False
30468,bromobenzene,Low,29 day,186,8,2,2,https://dbarchive.biosciencedbc.jp/data/open-tggates-pathological-images/LATEST/images/bromobenzene/Liver/30468.svs,False
30469,bromobenzene,Low,29 day,186,8,3,2,https://dbarchive.biosciencedbc.jp/data/open-tggates-pathological-images/LATEST/images/bromobenzene/Liver/30469.svs,False
30471,bromobenzene,Low,29 day,186,8,4,2,https://dbarchive.biosciencedbc.jp/data/open-tggates-pathological-images/LATEST/images/bromobenzene/Liver/30471.svs,False
30472,bromobenzene,Low,29 day,186,8,5,2,https://dbarchive.biosciencedbc.jp/data/open-tggates-pathological-images/LATEST/images/bromobenzene/Liver/30472.svs,False
30499,bromobenzene,Middle,29 day,186,12,1,2,https://dbarchive.biosciencedbc.jp/data/open-tggates-pathological-images/LATEST/images/bromobenzene/Liver/30499.svs,False
30501,bromobenzene,Middle,29 day,186,12,2,2,https://dbarchive.biosciencedbc.jp/data/open-tggates-pathological-images/LATEST/images/bromobenzene/Liver/30501.svs,False
30503,bromobenzene,Middle,29 day,186,12,3,2,https://dbarchive.biosciencedbc.jp/data/open-tggates-pathological-images/LATEST/images/bromobenzene/Liver/30503.svs,False
30504,bromobenzene,Middle,29 day,186,12,4,2,https://dbarchive.biosciencedbc.jp/data/open-tggates-pathological-images/LATEST/images/bromobenzene/Liver/30504.svs,False
30507,bromobenzene,Middle,29 day,186,12,5,2,https://dbarchive.biosciencedbc.jp/data/open-tggates-pathological-images/LATEST/images/bromobenzene/Liver/30507.svs,False
30414,bromobenzene,Control,4 day,186,1,1,2,https://dbarchive.biosciencedbc.jp/data/open-tggates-pathological-images/LATEST/images/bromobenzene/Liver/30414.svs,False
30415,bromobenzene,Control,4 day,186,1,2,2,https://dbarchive.biosciencedbc.jp/data/open-tggates-pathological-images/LATEST/images/bromobenzene/Liver/30415.svs,False
30416,bromobenzene,Control,4 day,186,1,3,2,https://dbarchive.biosciencedbc.jp/data/open-tggates-pathological-images/LATEST/images/bromobenzene/Liver/30416.svs,False
30418,bromobenzene,Control,4 day,186,1,4,2,https://dbarchive.biosciencedbc.jp/data/open-tggates-pathological-images/LATEST/images/bromobenzene/Liver/30418.svs,False
30419,bromobenzene,Control,4 day,186,1,5,2,https://dbarchive.biosciencedbc.jp/data/open-tggates-pathological-images/LATEST/images/bromobenzene/Liver/30419.svs,False
30509,bromobenzene,High,4 day,186,13,1,2,https://dbarchive.biosciencedbc.jp/data/open-tggates-pathological-images/LATEST/images/bromobenzene/Liver/30509.svs,False
30510,bromobenzene,High,4 day,186,13,2,2,https://dbarchive.biosciencedbc.jp/data/open-tggates-pathological-images/LATEST/images/bromobenzene/Liver/30510.svs,False
30512,bromobenzene,High,4 day,186,13,3,2,https://dbarchive.biosciencedbc.jp/data/open-tggates-pathological-images/LATEST/images/bromobenzene/Liver/30512.svs,False
30514,bromobenzene,High,4 day,186,13,4,2,https://dbarchive.biosciencedbc.jp/data/open-tggates-pathological-images/LATEST/images/bromobenzene/Liver/30514.svs,False
30516,bromobenzene,High,4 day,186,13,5,2,https://dbarchive.biosciencedbc.jp/data/open-tggates-pathological-images/LATEST/images/bromobenzene/Liver/30516.svs,False
30443,bromobenzene,Low,4 day,186,5,1,2,https://dbarchive.biosciencedbc.jp/data/open-tggates-pathological-images/LATEST/images/bromobenzene/Liver/30443.svs,False
30445,bromobenzene,Low,4 day,186,5,2,2,https://dbarchive.biosciencedbc.jp/data/open-tggates-pathological-images/LATEST/images/bromobenzene/Liver/30445.svs,False
30446,bromobenzene,Low,4 day,186,5,3,2,https://dbarchive.biosciencedbc.jp/data/open-tggates-pathological-images/LATEST/images/bromobenzene/Liver/30446.svs,False
30448,bromobenzene,Low,4 day,186,5,4,2,https://dbarchive.biosciencedbc.jp/data/open-tggates-pathological-images/LATEST/images/bromobenzene/Liver/30448.svs,False
30449,bromobenzene,Low,4 day,186,5,5,2,https://dbarchive.biosciencedbc.jp/data/open-tggates-pathological-images/LATEST/images/bromobenzene/Liver/30449.svs,False
30474,bromobenzene,Middle,4 day,186,9,1,2,https://dbarchive.biosciencedbc.jp/data/open-tggates-pathological-images/LATEST/images/bromobenzene/Liver/30474.svs,False
30476,bromobenzene,Middle,4 day,186,9,2,2,https://dbarchive.biosciencedbc.jp/data/open-tggates-pathological-images/LATEST/images/bromobenzene/Liver/30476.svs,False
30478,bromobenzene,Middle,4 day,186,9,3,2,https://dbarchive.biosciencedbc.jp/data/open-tggates-pathological-images/LATEST/images/bromobenzene/Liver/30478.svs,False
30479,bromobenzene,Middle,4 day,186,9,4,2,https://dbarchive.biosciencedbc.jp/data/open-tggates-pathological-images/LATEST/images/bromobenzene/Liver/30479.svs,False
30481,bromobenzene,Middle,4 day,186,9,5,2,https://dbarchive.biosciencedbc.jp/data/open-tggates-pathological-images/LATEST/images/bromobenzene/Liver/30481.svs,False
30420,bromobenzene,Control,8 day,186,2,1,2,https://dbarchive.biosciencedbc.jp/data/open-tggates-pathological-images/LATEST/images/bromobenzene/Liver/30420.svs,False
30422,bromobenzene,Control,8 day,186,2,2,2,https://dbarchive.biosciencedbc.jp/data/open-tggates-pathological-images/LATEST/images/bromobenzene/Liver/30422.svs,False
30423,bromobenzene,Control,8 day,186,2,3,2,https://dbarchive.biosciencedbc.jp/data/open-tggates-pathological-images/LATEST/images/bromobenzene/Liver/30423.svs,False
30425,bromobenzene,Control,8 day,186,2,4,2,https://dbarchive.biosciencedbc.jp/data/open-tggates-pathological-images/LATEST/images/bromobenzene/Liver/30425.svs,False
30426,bromobenzene,Control,8 day,186,2,5,2,https://dbarchive.biosciencedbc.jp/data/open-tggates-pathological-images/LATEST/images/bromobenzene/Liver/30426.svs,False
30518,bromobenzene,High,8 day,186,14,1,2,https://dbarchive.biosciencedbc.jp/data/open-tggates-pathological-images/LATEST/images/bromobenzene/Liver/30518.svs,False
30520,bromobenzene,High,8 day,186,14,2,2,https://dbarchive.biosciencedbc.jp/data/open-tggates-pathological-images/LATEST/images/bromobenzene/Liver/30520.svs,False
30523,bromobenzene,High,8 day,186,14,3,2,https://dbarchive.biosciencedbc.jp/data/open-tggates-pathological-images/LATEST/images/bromobenzene/Liver/30523.svs,False
30525,bromobenzene,High,8 day,186,14,4,2,https://dbarchive.biosciencedbc.jp/data/open-tggates-pathological-images/LATEST/images/bromobenzene/Liver/30525.svs,False
30528,bromobenzene,High,8 day,186,14,5,2,https://dbarchive.biosciencedbc.jp/data/open-tggates-pathological-images/LATEST/images/bromobenzene/Liver/30528.svs,False
30451,bromobenzene,Low,8 day,186,6,1,2,https://dbarchive.biosciencedbc.jp/data/open-tggates-pathological-images/LATEST/images/bromobenzene/Liver/30451.svs,False
30452,bromobenzene,Low,8 day,186,6,2,2,https://dbarchive.biosciencedbc.jp/data/open-tggates-pathological-images/LATEST/images/bromobenzene/Liver/30452.svs,False
30454,bromobenzene,Low,8 day,186,6,3,2,https://dbarchive.biosciencedbc.jp/data/open-tggates-pathological-images/LATEST/images/bromobenzene/Liver/30454.svs,False
30456,bromobenzene,Low,8 day,186,6,4,2,https://dbarchive.biosciencedbc.jp/data/open-tggates-pathological-images/LATEST/images/bromobenzene/Liver/30456.svs,False
30457,bromobenzene,Low,8 day,186,6,5,2,https://dbarchive.biosciencedbc.jp/data/open-tggates-pathological-images/LATEST/images/bromobenzene/Liver/30457.svs,False
30482,bromobenzene,Middle,8 day,186,10,1,2,https://dbarchive.biosciencedbc.jp/data/open-tggates-pathological-images/LATEST/images/bromobenzene/Liver/30482.svs,False
30484,bromobenzene,Middle,8 day,186,10,2,2,https://dbarchive.biosciencedbc.jp/data/open-tggates-pathological-images/LATEST/images/bromobenzene/Liver/30484.svs,False
30486,bromobenzene,Middle,8 day,186,10,3,2,https://dbarchive.biosciencedbc.jp/data/open-tggates-pathological-images/LATEST/images/bromobenzene/Liver/30486.svs,False
30487,bromobenzene,Middle,8 day,186,10,4,2,https://dbarchive.biosciencedbc.jp/data/open-tggates-pathological-images/LATEST/images/bromobenzene/Liver/30487.svs,False
30489,bromobenzene,Middle,8 day,186,10,5,2,https://dbarchive.biosciencedbc.jp/data/open-tggates-pathological-images/LATEST/images/bromobenzene/Liver/30489.svs,False
49568,bucetin,Control,15 day,596,3,1,1,https://dbarchive.biosciencedbc.jp/data/open-tggates-pathological-images/LATEST/images/bucetin/Liver/49568.svs,False
49571,bucetin,Control,15 day,596,3,2,1,https://dbarchive.biosciencedbc.jp/data/open-tggates-pathological-images/LATEST/images/bucetin/Liver/49571.svs,False
49573,bucetin,Control,15 day,596,3,3,1,https://dbarchive.biosciencedbc.jp/data/open-tggates-pathological-images/LATEST/images/bucetin/Liver/49573.svs,False
49576,bucetin,Control,15 day,596,3,4,1,https://dbarchive.biosciencedbc.jp/data/open-tggates-pathological-images/LATEST/images/bucetin/Liver/49576.svs,False
49579,bucetin,Control,15 day,596,3,5,1,https://dbarchive.biosciencedbc.jp/data/open-tggates-pathological-images/LATEST/images/bucetin/Liver/49579.svs,False
49771,bucetin,High,15 day,596,15,1,1,https://dbarchive.biosciencedbc.jp/data/open-tggates-pathological-images/LATEST/images/bucetin/Liver/49771.svs,False
49773,bucetin,High,15 day,596,15,2,1,https://dbarchive.biosciencedbc.jp/data/open-tggates-pathological-images/LATEST/images/bucetin/Liver/49773.svs,False
49777,bucetin,High,15 day,596,15,3,1,https://dbarchive.biosciencedbc.jp/data/open-tggates-pathological-images/LATEST/images/bucetin/Liver/49777.svs,False
49779,bucetin,High,15 day,596,15,4,1,https://dbarchive.biosciencedbc.jp/data/open-tggates-pathological-images/LATEST/images/bucetin/Liver/49779.svs,False
49783,bucetin,High,15 day,596,15,5,1,https://dbarchive.biosciencedbc.jp/data/open-tggates-pathological-images/LATEST/images/bucetin/Liver/49783.svs,False
49629,bucetin,Low,15 day,596,7,1,1,https://dbarchive.biosciencedbc.jp/data/open-tggates-pathological-images/LATEST/images/bucetin/Liver/49629.svs,False
49634,bucetin,Low,15 day,596,7,2,1,https://dbarchive.biosciencedbc.jp/data/open-tggates-pathological-images/LATEST/images/bucetin/Liver/49634.svs,False
49638,bucetin,Low,15 day,596,7,3,1,https://dbarchive.biosciencedbc.jp/data/open-tggates-pathological-images/LATEST/images/bucetin/Liver/49638.svs,False
49642,bucetin,Low,15 day,596,7,4,1,https://dbarchive.biosciencedbc.jp/data/open-tggates-pathological-images/LATEST/images/bucetin/Liver/49642.svs,False
49646,bucetin,Low,15 day,596,7,5,1,https://dbarchive.biosciencedbc.jp/data/open-tggates-pathological-images/LATEST/images/bucetin/Liver/49646.svs,False
49704,bucetin,Middle,15 day,596,11,1,1,https://dbarchive.biosciencedbc.jp/data/open-tggates-pathological-images/LATEST/images/bucetin/Liver/49704.svs,False
49707,bucetin,Middle,15 day,596,11,2,1,https://dbarchive.biosciencedbc.jp/data/open-tggates-pathological-images/LATEST/images/bucetin/Liver/49707.svs,False
49711,bucetin,Middle,15 day,596,11,3,1,https://dbarchive.biosciencedbc.jp/data/open-tggates-pathological-images/LATEST/images/bucetin/Liver/49711.svs,False
49713,bucetin,Middle,15 day,596,11,4,1,https://dbarchive.biosciencedbc.jp/data/open-tggates-pathological-images/LATEST/images/bucetin/Liver/49713.svs,False
49716,bucetin,Middle,15 day,596,11,5,1,https://dbarchive.biosciencedbc.jp/data/open-tggates-pathological-images/LATEST/images/bucetin/Liver/49716.svs,False
49582,bucetin,Control,29 day,596,4,1,1,https://dbarchive.biosciencedbc.jp/data/open-tggates-pathological-images/LATEST/images/bucetin/Liver/49582.svs,False
49584,bucetin,Control,29 day,596,4,2,1,https://dbarchive.biosciencedbc.jp/data/open-tggates-pathological-images/LATEST/images/bucetin/Liver/49584.svs,False
49587,bucetin,Control,29 day,596,4,3,1,https://dbarchive.biosciencedbc.jp/data/open-tggates-pathological-images/LATEST/images/bucetin/Liver/49587.svs,False
49590,bucetin,Control,29 day,596,4,4,1,https://dbarchive.biosciencedbc.jp/data/open-tggates-pathological-images/LATEST/images/bucetin/Liver/49590.svs,False
49592,bucetin,Control,29 day,596,4,5,1,https://dbarchive.biosciencedbc.jp/data/open-tggates-pathological-images/LATEST/images/bucetin/Liver/49592.svs,False
49786,bucetin,High,29 day,596,16,1,1,https://dbarchive.biosciencedbc.jp/data/open-tggates-pathological-images/LATEST/images/bucetin/Liver/49786.svs,False
49789,bucetin,High,29 day,596,16,2,1,https://dbarchive.biosciencedbc.jp/data/open-tggates-pathological-images/LATEST/images/bucetin/Liver/49789.svs,False
49792,bucetin,High,29 day,596,16,3,1,https://dbarchive.biosciencedbc.jp/data/open-tggates-pathological-images/LATEST/images/bucetin/Liver/49792.svs,False
49795,bucetin,High,29 day,596,16,4,1,https://dbarchive.biosciencedbc.jp/data/open-tggates-pathological-images/LATEST/images/bucetin/Liver/49795.svs,False
49799,bucetin,High,29 day,596,16,5,1,https://dbarchive.biosciencedbc.jp/data/open-tggates-pathological-images/LATEST/images/bucetin/Liver/49799.svs,False
49651,bucetin,Low,29 day,596,8,1,1,https://dbarchive.biosciencedbc.jp/data/open-tggates-pathological-images/LATEST/images/bucetin/Liver/49651.svs,False
49655,bucetin,Low,29 day,596,8,2,1,https://dbarchive.biosciencedbc.jp/data/open-tggates-pathological-images/LATEST/images/bucetin/Liver/49655.svs,False
49658,bucetin,Low,29 day,596,8,3,1,https://dbarchive.biosciencedbc.jp/data/open-tggates-pathological-images/LATEST/images/bucetin/Liver/49658.svs,False
49662,bucetin,Low,29 day,596,8,4,1,https://dbarchive.biosciencedbc.jp/data/open-tggates-pathological-images/LATEST/images/bucetin/Liver/49662.svs,False
49665,bucetin,Low,29 day,596,8,5,1,https://dbarchive.biosciencedbc.jp/data/open-tggates-pathological-images/LATEST/images/bucetin/Liver/49665.svs,False
49721,bucetin,Middle,29 day,596,12,1,1,https://dbarchive.biosciencedbc.jp/data/open-tggates-pathological-images/LATEST/images/bucetin/Liver/49721.svs,False
49724,bucetin,Middle,29 day,596,12,2,1,https://dbarchive.biosciencedbc.jp/data/open-tggates-pathological-images/LATEST/images/bucetin/Liver/49724.svs,False
49727,bucetin,Middle,29 day,596,12,3,1,https://dbarchive.biosciencedbc.jp/data/open-tggates-pathological-images/LATEST/images/bucetin/Liver/49727.svs,False
49730,bucetin,Middle,29 day,596,12,4,1,https://dbarchive.biosciencedbc.jp/data/open-tggates-pathological-images/LATEST/images/bucetin/Liver/49730.svs,False
49734,bucetin,Middle,29 day,596,12,5,1,https://dbarchive.biosciencedbc.jp/data/open-tggates-pathological-images/LATEST/images/bucetin/Liver/49734.svs,False
49540,bucetin,Control,4 day,596,1,1,1,https://dbarchive.biosciencedbc.jp/data/open-tggates-pathological-images/LATEST/images/bucetin/Liver/49540.svs,False
49543,bucetin,Control,4 day,596,1,2,1,https://dbarchive.biosciencedbc.jp/data/open-tggates-pathological-images/LATEST/images/bucetin/Liver/49543.svs,False
49546,bucetin,Control,4 day,596,1,3,1,https://dbarchive.biosciencedbc.jp/data/open-tggates-pathological-images/LATEST/images/bucetin/Liver/49546.svs,False
49549,bucetin,Control,4 day,596,1,4,1,https://dbarchive.biosciencedbc.jp/data/open-tggates-pathological-images/LATEST/images/bucetin/Liver/49549.svs,False
49551,bucetin,Control,4 day,596,1,5,1,https://dbarchive.biosciencedbc.jp/data/open-tggates-pathological-images/LATEST/images/bucetin/Liver/49551.svs,False
49738,bucetin,High,4 day,596,13,1,1,https://dbarchive.biosciencedbc.jp/data/open-tggates-pathological-images/LATEST/images/bucetin/Liver/49738.svs,False
49741,bucetin,High,4 day,596,13,2,1,https://dbarchive.biosciencedbc.jp/data/open-tggates-pathological-images/LATEST/images/bucetin/Liver/49741.svs,False
49744,bucetin,High,4 day,596,13,3,1,https://dbarchive.biosciencedbc.jp/data/open-tggates-pathological-images/LATEST/images/bucetin/Liver/49744.svs,False
49747,bucetin,High,4 day,596,13,4,1,https://dbarchive.biosciencedbc.jp/data/open-tggates-pathological-images/LATEST/images/bucetin/Liver/49747.svs,False
49750,bucetin,High,4 day,596,13,5,1,https://dbarchive.biosciencedbc.jp/data/open-tggates-pathological-images/LATEST/images/bucetin/Liver/49750.svs,False
49593,bucetin,Low,4 day,596,5,1,1,https://dbarchive.biosciencedbc.jp/data/open-tggates-pathological-images/LATEST/images/bucetin/Liver/49593.svs,False
49595,bucetin,Low,4 day,596,5,2,1,https://dbarchive.biosciencedbc.jp/data/open-tggates-pathological-images/LATEST/images/bucetin/Liver/49595.svs,False
49598,bucetin,Low,4 day,596,5,3,1,https://dbarchive.biosciencedbc.jp/data/open-tggates-pathological-images/LATEST/images/bucetin/Liver/49598.svs,False
49602,bucetin,Low,4 day,596,5,4,1,https://dbarchive.biosciencedbc.jp/data/open-tggates-pathological-images/LATEST/images/bucetin/Liver/49602.svs,False
49605,bucetin,Low,4 day,596,5,5,1,https://dbarchive.biosciencedbc.jp/data/open-tggates-pathological-images/LATEST/images/bucetin/Liver/49605.svs,False
49668,bucetin,Middle,4 day,596,9,1,1,https://dbarchive.biosciencedbc.jp/data/open-tggates-pathological-images/LATEST/images/bucetin/Liver/49668.svs,False
49672,bucetin,Middle,4 day,596,9,2,1,https://dbarchive.biosciencedbc.jp/data/open-tggates-pathological-images/LATEST/images/bucetin/Liver/49672.svs,False
49676,bucetin,Middle,4 day,596,9,3,1,https://dbarchive.biosciencedbc.jp/data/open-tggates-pathological-images/LATEST/images/bucetin/Liver/49676.svs,False
49680,bucetin,Middle,4 day,596,9,4,1,https://dbarchive.biosciencedbc.jp/data/open-tggates-pathological-images/LATEST/images/bucetin/Liver/49680.svs,False
49683,bucetin,Middle,4 day,596,9,5,1,https://dbarchive.biosciencedbc.jp/data/open-tggates-pathological-images/LATEST/images/bucetin/Liver/49683.svs,False
49554,bucetin,Control,8 day,596,2,1,1,https://dbarchive.biosciencedbc.jp/data/open-tggates-pathological-images/LATEST/images/bucetin/Liver/49554.svs,False
49557,bucetin,Control,8 day,596,2,2,1,https://dbarchive.biosciencedbc.jp/data/open-tggates-pathological-images/LATEST/images/bucetin/Liver/49557.svs,False
49559,bucetin,Control,8 day,596,2,3,1,https://dbarchive.biosciencedbc.jp/data/open-tggates-pathological-images/LATEST/images/bucetin/Liver/49559.svs,False
49562,bucetin,Control,8 day,596,2,4,1,https://dbarchive.biosciencedbc.jp/data/open-tggates-pathological-images/LATEST/images/bucetin/Liver/49562.svs,False
49565,bucetin,Control,8 day,596,2,5,1,https://dbarchive.biosciencedbc.jp/data/open-tggates-pathological-images/LATEST/images/bucetin/Liver/49565.svs,False
49754,bucetin,High,8 day,596,14,1,1,https://dbarchive.biosciencedbc.jp/data/open-tggates-pathological-images/LATEST/images/bucetin/Liver/49754.svs,False
49757,bucetin,High,8 day,596,14,2,1,https://dbarchive.biosciencedbc.jp/data/open-tggates-pathological-images/LATEST/images/bucetin/Liver/49757.svs,False
49760,bucetin,High,8 day,596,14,3,1,https://dbarchive.biosciencedbc.jp/data/open-tggates-pathological-images/LATEST/images/bucetin/Liver/49760.svs,False
49763,bucetin,High,8 day,596,14,4,1,https://dbarchive.biosciencedbc.jp/data/open-tggates-pathological-images/LATEST/images/bucetin/Liver/49763.svs,False
49768,bucetin,High,8 day,596,14,5,1,https://dbarchive.biosciencedbc.jp/data/open-tggates-pathological-images/LATEST/images/bucetin/Liver/49768.svs,False
49609,bucetin,Low,8 day,596,6,1,1,https://dbarchive.biosciencedbc.jp/data/open-tggates-pathological-images/LATEST/images/bucetin/Liver/49609.svs,False
49614,bucetin,Low,8 day,596,6,2,1,https://dbarchive.biosciencedbc.jp/data/open-tggates-pathological-images/LATEST/images/bucetin/Liver/49614.svs,False
49618,bucetin,Low,8 day,596,6,3,1,https://dbarchive.biosciencedbc.jp/data/open-tggates-pathological-images/LATEST/images/bucetin/Liver/49618.svs,False
49622,bucetin,Low,8 day,596,6,4,1,https://dbarchive.biosciencedbc.jp/data/open-tggates-pathological-images/LATEST/images/bucetin/Liver/49622.svs,False
49626,bucetin,Low,8 day,596,6,5,1,https://dbarchive.biosciencedbc.jp/data/open-tggates-pathological-images/LATEST/images/bucetin/Liver/49626.svs,False
49686,bucetin,Middle,8 day,596,10,1,1,https://dbarchive.biosciencedbc.jp/data/open-tggates-pathological-images/LATEST/images/bucetin/Liver/49686.svs,False
49689,bucetin,Middle,8 day,596,10,2,1,https://dbarchive.biosciencedbc.jp/data/open-tggates-pathological-images/LATEST/images/bucetin/Liver/49689.svs,False
49693,bucetin,Middle,8 day,596,10,3,1,https://dbarchive.biosciencedbc.jp/data/open-tggates-pathological-images/LATEST/images/bucetin/Liver/49693.svs,False
49696,bucetin,Middle,8 day,596,10,4,1,https://dbarchive.biosciencedbc.jp/data/open-tggates-pathological-images/LATEST/images/bucetin/Liver/49696.svs,False
49700,bucetin,Middle,8 day,596,10,5,1,https://dbarchive.biosciencedbc.jp/data/open-tggates-pathological-images/LATEST/images/bucetin/Liver/49700.svs,False
26536,carbon tetrachloride,Control,15 day,67,3,1,1,https://dbarchive.biosciencedbc.jp/data/open-tggates-pathological-images/LATEST/images/carbon_tetrachloride/Liver/26536.svs,False
26538,carbon tetrachloride,Control,15 day,67,3,2,1,https://dbarchive.biosciencedbc.jp/data/open-tggates-pathological-images/LATEST/images/carbon_tetrachloride/Liver/26538.svs,False
26540,carbon tetrachloride,Control,15 day,67,3,3,1,https://dbarchive.biosciencedbc.jp/data/open-tggates-pathological-images/LATEST/images/carbon_tetrachloride/Liver/26540.svs,False
26542,carbon tetrachloride,Control,15 day,67,3,4,1,https://dbarchive.biosciencedbc.jp/data/open-tggates-pathological-images/LATEST/images/carbon_tetrachloride/Liver/26542.svs,False
26544,carbon tetrachloride,Control,15 day,67,3,5,1,https://dbarchive.biosciencedbc.jp/data/open-tggates-pathological-images/LATEST/images/carbon_tetrachloride/Liver/26544.svs,False
26575,carbon tetrachloride,High,15 day,67,19,1,1,https://dbarchive.biosciencedbc.jp/data/open-tggates-pathological-images/LATEST/images/carbon_tetrachloride/Liver/26575.svs,False
26578,carbon tetrachloride,High,15 day,67,19,2,1,https://dbarchive.biosciencedbc.jp/data/open-tggates-pathological-images/LATEST/images/carbon_tetrachloride/Liver/26578.svs,False
26580,carbon tetrachloride,High,15 day,67,19,3,1,https://dbarchive.biosciencedbc.jp/data/open-tggates-pathological-images/LATEST/images/carbon_tetrachloride/Liver/26580.svs,False
26582,carbon tetrachloride,High,15 day,67,19,4,1,https://dbarchive.biosciencedbc.jp/data/open-tggates-pathological-images/LATEST/images/carbon_tetrachloride/Liver/26582.svs,False
26584,carbon tetrachloride,High,15 day,67,19,5,1,https://dbarchive.biosciencedbc.jp/data/open-tggates-pathological-images/LATEST/images/carbon_tetrachloride/Liver/26584.svs,False
26556,carbon tetrachloride,Low,15 day,67,11,1,1,https://dbarchive.biosciencedbc.jp/data/open-tggates-pathological-images/LATEST/images/carbon_tetrachloride/Liver/26556.svs,False
26559,carbon tetrachloride,Low,15 day,67,11,2,1,https://dbarchive.biosciencedbc.jp/data/open-tggates-pathological-images/LATEST/images/carbon_tetrachloride/Liver/26559.svs,False
26561,carbon tetrachloride,Low,15 day,67,11,3,1,https://dbarchive.biosciencedbc.jp/data/open-tggates-pathological-images/LATEST/images/carbon_tetrachloride/Liver/26561.svs,False
26563,carbon tetrachloride,Low,15 day,67,11,4,1,https://dbarchive.biosciencedbc.jp/data/open-tggates-pathological-images/LATEST/images/carbon_tetrachloride/Liver/26563.svs,False
26564,carbon tetrachloride,Low,15 day,67,11,5,1,https://dbarchive.biosciencedbc.jp/data/open-tggates-pathological-images/LATEST/images/carbon_tetrachloride/Liver/26564.svs,False
26566,carbon tetrachloride,Middle,15 day,67,15,1,1,https://dbarchive.biosciencedbc.jp/data/open-tggates-pathological-images/LATEST/images/carbon_tetrachloride/Liver/26566.svs,False
26568,carbon tetrachloride,Middle,15 day,67,15,2,1,https://dbarchive.biosciencedbc.jp/data/open-tggates-pathological-images/LATEST/images/carbon_tetrachloride/Liver/26568.svs,False
26570,carbon tetrachloride,Middle,15 day,67,15,3,1,https://dbarchive.biosciencedbc.jp/data/open-tggates-pathological-images/LATEST/images/carbon_tetrachloride/Liver/26570.svs,False
26571,carbon tetrachloride,Middle,15 day,67,15,4,1,https://dbarchive.biosciencedbc.jp/data/open-tggates-pathological-images/LATEST/images/carbon_tetrachloride/Liver/26571.svs,False
26573,carbon tetrachloride,Middle,15 day,67,15,5,1,https://dbarchive.biosciencedbc.jp/data/open-tggates-pathological-images/LATEST/images/carbon_tetrachloride/Liver/26573.svs,False
26546,carbon tetrachloride,,15 day,67,7,1,1,https://dbarchive.biosciencedbc.jp/data/open-tggates-pathological-images/LATEST/images/carbon_tetrachloride/Liver/26546.svs,False
26548,carbon tetrachloride,,15 day,67,7,2,1,https://dbarchive.biosciencedbc.jp/data/open-tggates-pathological-images/LATEST/images/carbon_tetrachloride/Liver/26548.svs,False
26550,carbon tetrachloride,,15 day,67,7,3,1,https://dbarchive.biosciencedbc.jp/data/open-tggates-pathological-images/LATEST/images/carbon_tetrachloride/Liver/26550.svs,False
26552,carbon tetrachloride,,15 day,67,7,4,1,https://dbarchive.biosciencedbc.jp/data/open-tggates-pathological-images/LATEST/images/carbon_tetrachloride/Liver/26552.svs,False
26554,carbon tetrachloride,,15 day,67,7,5,1,https://dbarchive.biosciencedbc.jp/data/open-tggates-pathological-images/LATEST/images/carbon_tetrachloride/Liver/26554.svs,False
26586,carbon tetrachloride,Control,29 day,67,4,1,1,https://dbarchive.biosciencedbc.jp/data/open-tggates-pathological-images/LATEST/images/carbon_tetrachloride/Liver/26586.svs,False
26588,carbon tetrachloride,Control,29 day,67,4,2,1,https://dbarchive.biosciencedbc.jp/data/open-tggates-pathological-images/LATEST/images/carbon_tetrachloride/Liver/26588.svs,False
26590,carbon tetrachloride,Control,29 day,67,4,3,1,https://dbarchive.biosciencedbc.jp/data/open-tggates-pathological-images/LATEST/images/carbon_tetrachloride/Liver/26590.svs,False
26592,carbon tetrachloride,Control,29 day,67,4,4,1,https://dbarchive.biosciencedbc.jp/data/open-tggates-pathological-images/LATEST/images/carbon_tetrachloride/Liver/26592.svs,False
26594,carbon tetrachloride,Control,29 day,67,4,5,1,https://dbarchive.biosciencedbc.jp/data/open-tggates-pathological-images/LATEST/images/carbon_tetrachloride/Liver/26594.svs,False
26639,carbon tetrachloride,High,29 day,67,20,1,1,https://dbarchive.biosciencedbc.jp/data/open-tggates-pathological-images/LATEST/images/carbon_tetrachloride/Liver/26639.svs,False
26641,carbon tetrachloride,High,29 day,67,20,2,1,https://dbarchive.biosciencedbc.jp/data/open-tggates-pathological-images/LATEST/images/carbon_tetrachloride/Liver/26641.svs,False
26644,carbon tetrachloride,High,29 day,67,20,3,1,https://dbarchive.biosciencedbc.jp/data/open-tggates-pathological-images/LATEST/images/carbon_tetrachloride/Liver/26644.svs,False
26647,carbon tetrachloride,High,29 day,67,20,4,1,https://dbarchive.biosciencedbc.jp/data/open-tggates-pathological-images/LATEST/images/carbon_tetrachloride/Liver/26647.svs,False
26651,carbon tetrachloride,High,29 day,67,20,5,1,https://dbarchive.biosciencedbc.jp/data/open-tggates-pathological-images/LATEST/images/carbon_tetrachloride/Liver/26651.svs,False
26608,carbon tetrachloride,Low,29 day,67,12,1,1,https://dbarchive.biosciencedbc.jp/data/open-tggates-pathological-images/LATEST/images/carbon_tetrachloride/Liver/26608.svs,False
26610,carbon tetrachloride,Low,29 day,67,12,2,1,https://dbarchive.biosciencedbc.jp/data/open-tggates-pathological-images/LATEST/images/carbon_tetrachloride/Liver/26610.svs,False
26613,carbon tetrachloride,Low,29 day,67,12,3,1,https://dbarchive.biosciencedbc.jp/data/open-tggates-pathological-images/LATEST/images/carbon_tetrachloride/Liver/26613.svs,False
26616,carbon tetrachloride,Low,29 day,67,12,4,1,https://dbarchive.biosciencedbc.jp/data/open-tggates-pathological-images/LATEST/images/carbon_tetrachloride/Liver/26616.svs,False
26620,carbon tetrachloride,Low,29 day,67,12,5,1,https://dbarchive.biosciencedbc.jp/data/open-tggates-pathological-images/LATEST/images/carbon_tetrachloride/Liver/26620.svs,False
26623,carbon tetrachloride,Middle,29 day,67,16,1,1,https://dbarchive.biosciencedbc.jp/data/open-tggates-pathological-images/LATEST/images/carbon_tetrachloride/Liver/26623.svs,False
26626,carbon tetrachloride,Middle,29 day,67,16,2,1,https://dbarchive.biosciencedbc.jp/data/open-tggates-pathological-images/LATEST/images/carbon_tetrachloride/Liver/26626.svs,False
26630,carbon tetrachloride,Middle,29 day,67,16,3,1,https://dbarchive.biosciencedbc.jp/data/open-tggates-pathological-images/LATEST/images/carbon_tetrachloride/Liver/26630.svs,False
26632,carbon tetrachloride,Middle,29 day,67,16,4,1,https://dbarchive.biosciencedbc.jp/data/open-tggates-pathological-images/LATEST/images/carbon_tetrachloride/Liver/26632.svs,False
26635,carbon tetrachloride,Middle,29 day,67,16,5,1,https://dbarchive.biosciencedbc.jp/data/open-tggates-pathological-images/LATEST/images/carbon_tetrachloride/Liver/26635.svs,False
26596,carbon tetrachloride,,29 day,67,8,1,1,https://dbarchive.biosciencedbc.jp/data/open-tggates-pathological-images/LATEST/images/carbon_tetrachloride/Liver/26596.svs,False
26598,carbon tetrachloride,,29 day,67,8,2,1,https://dbarchive.biosciencedbc.jp/data/open-tggates-pathological-images/LATEST/images/carbon_tetrachloride/Liver/26598.svs,False
26601,carbon tetrachloride,,29 day,67,8,3,1,https://dbarchive.biosciencedbc.jp/data/open-tggates-pathological-images/LATEST/images/carbon_tetrachloride/Liver/26601.svs,False
26604,carbon tetrachloride,,29 day,67,8,4,1,https://dbarchive.biosciencedbc.jp/data/open-tggates-pathological-images/LATEST/images/carbon_tetrachloride/Liver/26604.svs,False
26606,carbon tetrachloride,,29 day,67,8,5,1,https://dbarchive.biosciencedbc.jp/data/open-tggates-pathological-images/LATEST/images/carbon_tetrachloride/Liver/26606.svs,False
26430,carbon tetrachloride,Control,4 day,67,1,1,1,https://dbarchive.biosciencedbc.jp/data/open-tggates-pathological-images/LATEST/images/carbon_tetrachloride/Liver/26430.svs,False
26433,carbon tetrachloride,Control,4 day,67,1,2,1,https://dbarchive.biosciencedbc.jp/data/open-tggates-pathological-images/LATEST/images/carbon_tetrachloride/Liver/26433.svs,False
26436,carbon tetrachloride,Control,4 day,67,1,3,1,https://dbarchive.biosciencedbc.jp/data/open-tggates-pathological-images/LATEST/images/carbon_tetrachloride/Liver/26436.svs,False
26439,carbon tetrachloride,Control,4 day,67,1,4,1,https://dbarchive.biosciencedbc.jp/data/open-tggates-pathological-images/LATEST/images/carbon_tetrachloride/Liver/26439.svs,False
26441,carbon tetrachloride,Control,4 day,67,1,5,1,https://dbarchive.biosciencedbc.jp/data/open-tggates-pathological-images/LATEST/images/carbon_tetrachloride/Liver/26441.svs,False
26476,carbon tetrachloride,High,4 day,67,17,1,1,https://dbarchive.biosciencedbc.jp/data/open-tggates-pathological-images/LATEST/images/carbon_tetrachloride/Liver/26476.svs,False
26479,carbon tetrachloride,High,4 day,67,17,2,1,https://dbarchive.biosciencedbc.jp/data/open-tggates-pathological-images/LATEST/images/carbon_tetrachloride/Liver/26479.svs,False
26481,carbon tetrachloride,High,4 day,67,17,3,1,https://dbarchive.biosciencedbc.jp/data/open-tggates-pathological-images/LATEST/images/carbon_tetrachloride/Liver/26481.svs,False
26483,carbon tetrachloride,High,4 day,67,17,4,1,https://dbarchive.biosciencedbc.jp/data/open-tggates-pathological-images/LATEST/images/carbon_tetrachloride/Liver/26483.svs,False
26485,carbon tetrachloride,High,4 day,67,17,5,1,https://dbarchive.biosciencedbc.jp/data/open-tggates-pathological-images/LATEST/images/carbon_tetrachloride/Liver/26485.svs,False
26456,carbon tetrachloride,Low,4 day,67,9,1,1,https://dbarchive.biosciencedbc.jp/data/open-tggates-pathological-images/LATEST/images/carbon_tetrachloride/Liver/26456.svs,False
26458,carbon tetrachloride,Low,4 day,67,9,2,1,https://dbarchive.biosciencedbc.jp/data/open-tggates-pathological-images/LATEST/images/carbon_tetrachloride/Liver/26458.svs,False
26459,carbon tetrachloride,Low,4 day,67,9,3,1,https://dbarchive.biosciencedbc.jp/data/open-tggates-pathological-images/LATEST/images/carbon_tetrachloride/Liver/26459.svs,False
26461,carbon tetrachloride,Low,4 day,67,9,4,1,https://dbarchive.biosciencedbc.jp/data/open-tggates-pathological-images/LATEST/images/carbon_tetrachloride/Liver/26461.svs,False
26463,carbon tetrachloride,Low,4 day,67,9,5,1,https://dbarchive.biosciencedbc.jp/data/open-tggates-pathological-images/LATEST/images/carbon_tetrachloride/Liver/26463.svs,False
26465,carbon tetrachloride,Middle,4 day,67,13,1,1,https://dbarchive.biosciencedbc.jp/data/open-tggates-pathological-images/LATEST/images/carbon_tetrachloride/Liver/26465.svs,False
26467,carbon tetrachloride,Middle,4 day,67,13,2,1,https://dbarchive.biosciencedbc.jp/data/open-tggates-pathological-images/LATEST/images/carbon_tetrachloride/Liver/26467.svs,False
26470,carbon tetrachloride,Middle,4 day,67,13,3,1,https://dbarchive.biosciencedbc.jp/data/open-tggates-pathological-images/LATEST/images/carbon_tetrachloride/Liver/26470.svs,False
26472,carbon tetrachloride,Middle,4 day,67,13,4,1,https://dbarchive.biosciencedbc.jp/data/open-tggates-pathological-images/LATEST/images/carbon_tetrachloride/Liver/26472.svs,False
26474,carbon tetrachloride,Middle,4 day,67,13,5,1,https://dbarchive.biosciencedbc.jp/data/open-tggates-pathological-images/LATEST/images/carbon_tetrachloride/Liver/26474.svs,False
26444,carbon tetrachloride,,4 day,67,5,1,1,https://dbarchive.biosciencedbc.jp/data/open-tggates-pathological-images/LATEST/images/carbon_tetrachloride/Liver/26444.svs,False
26446,carbon tetrachloride,,4 day,67,5,2,1,https://dbarchive.biosciencedbc.jp/data/open-tggates-pathological-images/LATEST/images/carbon_tetrachloride/Liver/26446.svs,False
26449,carbon tetrachloride,,4 day,67,5,3,1,https://dbarchive.biosciencedbc.jp/data/open-tggates-pathological-images/LATEST/images/carbon_tetrachloride/Liver/26449.svs,False
26451,carbon tetrachloride,,4 day,67,5,4,1,https://dbarchive.biosciencedbc.jp/data/open-tggates-pathological-images/LATEST/images/carbon_tetrachloride/Liver/26451.svs,False
26454,carbon tetrachloride,,4 day,67,5,5,1,https://dbarchive.biosciencedbc.jp/data/open-tggates-pathological-images/LATEST/images/carbon_tetrachloride/Liver/26454.svs,False
26487,carbon tetrachloride,Control,8 day,67,2,1,1,https://dbarchive.biosciencedbc.jp/data/open-tggates-pathological-images/LATEST/images/carbon_tetrachloride/Liver/26487.svs,False
26489,carbon tetrachloride,Control,8 day,67,2,2,1,https://dbarchive.biosciencedbc.jp/data/open-tggates-pathological-images/LATEST/images/carbon_tetrachloride/Liver/26489.svs,False
26491,carbon tetrachloride,Control,8 day,67,2,3,1,https://dbarchive.biosciencedbc.jp/data/open-tggates-pathological-images/LATEST/images/carbon_tetrachloride/Liver/26491.svs,False
26492,carbon tetrachloride,Control,8 day,67,2,4,1,https://dbarchive.biosciencedbc.jp/data/open-tggates-pathological-images/LATEST/images/carbon_tetrachloride/Liver/26492.svs,False
26494,carbon tetrachloride,Control,8 day,67,2,5,1,https://dbarchive.biosciencedbc.jp/data/open-tggates-pathological-images/LATEST/images/carbon_tetrachloride/Liver/26494.svs,False
26526,carbon tetrachloride,High,8 day,67,18,1,1,https://dbarchive.biosciencedbc.jp/data/open-tggates-pathological-images/LATEST/images/carbon_tetrachloride/Liver/26526.svs,False
26528,carbon tetrachloride,High,8 day,67,18,2,1,https://dbarchive.biosciencedbc.jp/data/open-tggates-pathological-images/LATEST/images/carbon_tetrachloride/Liver/26528.svs,False
26530,carbon tetrachloride,High,8 day,67,18,3,1,https://dbarchive.biosciencedbc.jp/data/open-tggates-pathological-images/LATEST/images/carbon_tetrachloride/Liver/26530.svs,False
26532,carbon tetrachloride,High,8 day,67,18,4,1,https://dbarchive.biosciencedbc.jp/data/open-tggates-pathological-images/LATEST/images/carbon_tetrachloride/Liver/26532.svs,False
26534,carbon tetrachloride,High,8 day,67,18,5,1,https://dbarchive.biosciencedbc.jp/data/open-tggates-pathological-images/LATEST/images/carbon_tetrachloride/Liver/26534.svs,False
26507,carbon tetrachloride,Low,8 day,67,10,1,1,https://dbarchive.biosciencedbc.jp/data/open-tggates-pathological-images/LATEST/images/carbon_tetrachloride/Liver/26507.svs,False
26509,carbon tetrachloride,Low,8 day,67,10,2,1,https://dbarchive.biosciencedbc.jp/data/open-tggates-pathological-images/LATEST/images/carbon_tetrachloride/Liver/26509.svs,False
26511,carbon tetrachloride,Low,8 day,67,10,3,1,https://dbarchive.biosciencedbc.jp/data/open-tggates-pathological-images/LATEST/images/carbon_tetrachloride/Liver/26511.svs,False
26513,carbon tetrachloride,Low,8 day,67,10,4,1,https://dbarchive.biosciencedbc.jp/data/open-tggates-pathological-images/LATEST/images/carbon_tetrachloride/Liver/26513.svs,False
26515,carbon tetrachloride,Low,8 day,67,10,5,1,https://dbarchive.biosciencedbc.jp/data/open-tggates-pathological-images/LATEST/images/carbon_tetrachloride/Liver/26515.svs,False
26516,carbon tetrachloride,Middle,8 day,67,14,1,1,https://dbarchive.biosciencedbc.jp/data/open-tggates-pathological-images/LATEST/images/carbon_tetrachloride/Liver/26516.svs,False
26518,carbon tetrachloride,Middle,8 day,67,14,2,1,https://dbarchive.biosciencedbc.jp/data/open-tggates-pathological-images/LATEST/images/carbon_tetrachloride/Liver/26518.svs,False
26520,carbon tetrachloride,Middle,8 day,67,14,3,1,https://dbarchive.biosciencedbc.jp/data/open-tggates-pathological-images/LATEST/images/carbon_tetrachloride/Liver/26520.svs,False
26522,carbon tetrachloride,Middle,8 day,67,14,4,1,https://dbarchive.biosciencedbc.jp/data/open-tggates-pathological-images/LATEST/images/carbon_tetrachloride/Liver/26522.svs,False
26524,carbon tetrachloride,Middle,8 day,67,14,5,1,https://dbarchive.biosciencedbc.jp/data/open-tggates-pathological-images/LATEST/images/carbon_tetrachloride/Liver/26524.svs,False
26497,carbon tetrachloride,,8 day,67,6,1,1,https://dbarchive.biosciencedbc.jp/data/open-tggates-pathological-images/LATEST/images/carbon_tetrachloride/Liver/26497.svs,False
26499,carbon tetrachloride,,8 day,67,6,2,1,https://dbarchive.biosciencedbc.jp/data/open-tggates-pathological-images/LATEST/images/carbon_tetrachloride/Liver/26499.svs,False
26501,carbon tetrachloride,,8 day,67,6,3,1,https://dbarchive.biosciencedbc.jp/data/open-tggates-pathological-images/LATEST/images/carbon_tetrachloride/Liver/26501.svs,False
26503,carbon tetrachloride,,8 day,67,6,4,1,https://dbarchive.biosciencedbc.jp/data/open-tggates-pathological-images/LATEST/images/carbon_tetrachloride/Liver/26503.svs,False
26505,carbon tetrachloride,,8 day,67,6,5,1,https://dbarchive.biosciencedbc.jp/data/open-tggates-pathological-images/LATEST/images/carbon_tetrachloride/Liver/26505.svs,False
15727,chloramphenicol,Control,15 day,324,3,1,2,https://dbarchive.biosciencedbc.jp/data/open-tggates-pathological-images/LATEST/images/chloramphenicol/Liver/15727.svs,False
15729,chloramphenicol,Control,15 day,324,3,2,2,https://dbarchive.biosciencedbc.jp/data/open-tggates-pathological-images/LATEST/images/chloramphenicol/Liver/15729.svs,False
15731,chloramphenicol,Control,15 day,324,3,3,2,https://dbarchive.biosciencedbc.jp/data/open-tggates-pathological-images/LATEST/images/chloramphenicol/Liver/15731.svs,False
15732,chloramphenicol,Control,15 day,324,3,4,2,https://dbarchive.biosciencedbc.jp/data/open-tggates-pathological-images/LATEST/images/chloramphenicol/Liver/15732.svs,False
15734,chloramphenicol,Control,15 day,324,3,5,2,https://dbarchive.biosciencedbc.jp/data/open-tggates-pathological-images/LATEST/images/chloramphenicol/Liver/15734.svs,False
15817,chloramphenicol,High,15 day,324,15,1,2,https://dbarchive.biosciencedbc.jp/data/open-tggates-pathological-images/LATEST/images/chloramphenicol/Liver/15817.svs,False
15820,chloramphenicol,High,15 day,324,15,2,2,https://dbarchive.biosciencedbc.jp/data/open-tggates-pathological-images/LATEST/images/chloramphenicol/Liver/15820.svs,False
15822,chloramphenicol,High,15 day,324,15,3,2,https://dbarchive.biosciencedbc.jp/data/open-tggates-pathological-images/LATEST/images/chloramphenicol/Liver/15822.svs,False
15824,chloramphenicol,High,15 day,324,15,4,2,https://dbarchive.biosciencedbc.jp/data/open-tggates-pathological-images/LATEST/images/chloramphenicol/Liver/15824.svs,False
15825,chloramphenicol,High,15 day,324,15,5,2,https://dbarchive.biosciencedbc.jp/data/open-tggates-pathological-images/LATEST/images/chloramphenicol/Liver/15825.svs,False
15761,chloramphenicol,Low,15 day,324,7,1,2,https://dbarchive.biosciencedbc.jp/data/open-tggates-pathological-images/LATEST/images/chloramphenicol/Liver/15761.svs,False
15762,chloramphenicol,Low,15 day,324,7,2,2,https://dbarchive.biosciencedbc.jp/data/open-tggates-pathological-images/LATEST/images/chloramphenicol/Liver/15762.svs,False
15764,chloramphenicol,Low,15 day,324,7,3,2,https://dbarchive.biosciencedbc.jp/data/open-tggates-pathological-images/LATEST/images/chloramphenicol/Liver/15764.svs,False
15765,chloramphenicol,Low,15 day,324,7,4,2,https://dbarchive.biosciencedbc.jp/data/open-tggates-pathological-images/LATEST/images/chloramphenicol/Liver/15765.svs,False
15767,chloramphenicol,Low,15 day,324,7,5,2,https://dbarchive.biosciencedbc.jp/data/open-tggates-pathological-images/LATEST/images/chloramphenicol/Liver/15767.svs,False
15793,chloramphenicol,Middle,15 day,324,11,1,2,https://dbarchive.biosciencedbc.jp/data/open-tggates-pathological-images/LATEST/images/chloramphenicol/Liver/15793.svs,False
15795,chloramphenicol,Middle,15 day,324,11,2,2,https://dbarchive.biosciencedbc.jp/data/open-tggates-pathological-images/LATEST/images/chloramphenicol/Liver/15795.svs,False
15796,chloramphenicol,Middle,15 day,324,11,3,2,https://dbarchive.biosciencedbc.jp/data/open-tggates-pathological-images/LATEST/images/chloramphenicol/Liver/15796.svs,False
15798,chloramphenicol,Middle,15 day,324,11,4,2,https://dbarchive.biosciencedbc.jp/data/open-tggates-pathological-images/LATEST/images/chloramphenicol/Liver/15798.svs,False
15800,chloramphenicol,Middle,15 day,324,11,5,2,https://dbarchive.biosciencedbc.jp/data/open-tggates-pathological-images/LATEST/images/chloramphenicol/Liver/15800.svs,False
15735,chloramphenicol,Control,29 day,324,4,1,2,https://dbarchive.biosciencedbc.jp/data/open-tggates-pathological-images/LATEST/images/chloramphenicol/Liver/15735.svs,False
15737,chloramphenicol,Control,29 day,324,4,2,2,https://dbarchive.biosciencedbc.jp/data/open-tggates-pathological-images/LATEST/images/chloramphenicol/Liver/15737.svs,False
15738,chloramphenicol,Control,29 day,324,4,3,2,https://dbarchive.biosciencedbc.jp/data/open-tggates-pathological-images/LATEST/images/chloramphenicol/Liver/15738.svs,False
15741,chloramphenicol,Control,29 day,324,4,4,2,https://dbarchive.biosciencedbc.jp/data/open-tggates-pathological-images/LATEST/images/chloramphenicol/Liver/15741.svs,False
15742,chloramphenicol,Control,29 day,324,4,5,2,https://dbarchive.biosciencedbc.jp/data/open-tggates-pathological-images/LATEST/images/chloramphenicol/Liver/15742.svs,False
15826,chloramphenicol,High,29 day,324,16,1,2,https://dbarchive.biosciencedbc.jp/data/open-tggates-pathological-images/LATEST/images/chloramphenicol/Liver/15826.svs,False
15827,chloramphenicol,High,29 day,324,16,2,2,https://dbarchive.biosciencedbc.jp/data/open-tggates-pathological-images/LATEST/images/chloramphenicol/Liver/15827.svs,False
15828,chloramphenicol,High,29 day,324,16,3,2,https://dbarchive.biosciencedbc.jp/data/open-tggates-pathological-images/LATEST/images/chloramphenicol/Liver/15828.svs,False
15829,chloramphenicol,High,29 day,324,16,4,2,https://dbarchive.biosciencedbc.jp/data/open-tggates-pathological-images/LATEST/images/chloramphenicol/Liver/15829.svs,False
15830,chloramphenicol,High,29 day,324,16,5,2,https://dbarchive.biosciencedbc.jp/data/open-tggates-pathological-images/LATEST/images/chloramphenicol/Liver/15830.svs,False
15768,chloramphenicol,Low,29 day,324,8,1,2,https://dbarchive.biosciencedbc.jp/data/open-tggates-pathological-images/LATEST/images/chloramphenicol/Liver/15768.svs,False
15770,chloramphenicol,Low,29 day,324,8,2,2,https://dbarchive.biosciencedbc.jp/data/open-tggates-pathological-images/LATEST/images/chloramphenicol/Liver/15770.svs,False
15771,chloramphenicol,Low,29 day,324,8,3,2,https://dbarchive.biosciencedbc.jp/data/open-tggates-pathological-images/LATEST/images/chloramphenicol/Liver/15771.svs,False
15774,chloramphenicol,Low,29 day,324,8,4,2,https://dbarchive.biosciencedbc.jp/data/open-tggates-pathological-images/LATEST/images/chloramphenicol/Liver/15774.svs,False
15775,chloramphenicol,Low,29 day,324,8,5,2,https://dbarchive.biosciencedbc.jp/data/open-tggates-pathological-images/LATEST/images/chloramphenicol/Liver/15775.svs,False
15801,chloramphenicol,Middle,29 day,324,12,1,2,https://dbarchive.biosciencedbc.jp/data/open-tggates-pathological-images/LATEST/images/chloramphenicol/Liver/15801.svs,False
15802,chloramphenicol,Middle,29 day,324,12,2,2,https://dbarchive.biosciencedbc.jp/data/open-tggates-pathological-images/LATEST/images/chloramphenicol/Liver/15802.svs,False
15803,chloramphenicol,Middle,29 day,324,12,3,2,https://dbarchive.biosciencedbc.jp/data/open-tggates-pathological-images/LATEST/images/chloramphenicol/Liver/15803.svs,False
15804,chloramphenicol,Middle,29 day,324,12,4,2,https://dbarchive.biosciencedbc.jp/data/open-tggates-pathological-images/LATEST/images/chloramphenicol/Liver/15804.svs,False
15805,chloramphenicol,Middle,29 day,324,12,5,2,https://dbarchive.biosciencedbc.jp/data/open-tggates-pathological-images/LATEST/images/chloramphenicol/Liver/15805.svs,False
15702,chloramphenicol,Control,4 day,324,1,1,2,https://dbarchive.biosciencedbc.jp/data/open-tggates-pathological-images/LATEST/images/chloramphenicol/Liver/15702.svs,False
15703,chloramphenicol,Control,4 day,324,1,2,2,https://dbarchive.biosciencedbc.jp/data/open-tggates-pathological-images/LATEST/images/chloramphenicol/Liver/15703.svs,False
15706,chloramphenicol,Control,4 day,324,1,3,2,https://dbarchive.biosciencedbc.jp/data/open-tggates-pathological-images/LATEST/images/chloramphenicol/Liver/15706.svs,False
15709,chloramphenicol,Control,4 day,324,1,4,2,https://dbarchive.biosciencedbc.jp/data/open-tggates-pathological-images/LATEST/images/chloramphenicol/Liver/15709.svs,False
15712,chloramphenicol,Control,4 day,324,1,5,2,https://dbarchive.biosciencedbc.jp/data/open-tggates-pathological-images/LATEST/images/chloramphenicol/Liver/15712.svs,False
15806,chloramphenicol,High,4 day,324,13,1,2,https://dbarchive.biosciencedbc.jp/data/open-tggates-pathological-images/LATEST/images/chloramphenicol/Liver/15806.svs,False
15807,chloramphenicol,High,4 day,324,13,2,2,https://dbarchive.biosciencedbc.jp/data/open-tggates-pathological-images/LATEST/images/chloramphenicol/Liver/15807.svs,False
15808,chloramphenicol,High,4 day,324,13,3,2,https://dbarchive.biosciencedbc.jp/data/open-tggates-pathological-images/LATEST/images/chloramphenicol/Liver/15808.svs,False
15809,chloramphenicol,High,4 day,324,13,4,2,https://dbarchive.biosciencedbc.jp/data/open-tggates-pathological-images/LATEST/images/chloramphenicol/Liver/15809.svs,False
15810,chloramphenicol,High,4 day,324,13,5,2,https://dbarchive.biosciencedbc.jp/data/open-tggates-pathological-images/LATEST/images/chloramphenicol/Liver/15810.svs,False
15743,chloramphenicol,Low,4 day,324,5,1,2,https://dbarchive.biosciencedbc.jp/data/open-tggates-pathological-images/LATEST/images/chloramphenicol/Liver/15743.svs,False
15745,chloramphenicol,Low,4 day,324,5,2,2,https://dbarchive.biosciencedbc.jp/data/open-tggates-pathological-images/LATEST/images/chloramphenicol/Liver/15745.svs,False
15746,chloramphenicol,Low,4 day,324,5,3,2,https://dbarchive.biosciencedbc.jp/data/open-tggates-pathological-images/LATEST/images/chloramphenicol/Liver/15746.svs,False
15748,chloramphenicol,Low,4 day,324,5,4,2,https://dbarchive.biosciencedbc.jp/data/open-tggates-pathological-images/LATEST/images/chloramphenicol/Liver/15748.svs,False
15749,chloramphenicol,Low,4 day,324,5,5,2,https://dbarchive.biosciencedbc.jp/data/open-tggates-pathological-images/LATEST/images/chloramphenicol/Liver/15749.svs,False
15777,chloramphenicol,Middle,4 day,324,9,1,2,https://dbarchive.biosciencedbc.jp/data/open-tggates-pathological-images/LATEST/images/chloramphenicol/Liver/15777.svs,False
15778,chloramphenicol,Middle,4 day,324,9,2,2,https://dbarchive.biosciencedbc.jp/data/open-tggates-pathological-images/LATEST/images/chloramphenicol/Liver/15778.svs,False
15780,chloramphenicol,Middle,4 day,324,9,3,2,https://dbarchive.biosciencedbc.jp/data/open-tggates-pathological-images/LATEST/images/chloramphenicol/Liver/15780.svs,False
15781,chloramphenicol,Middle,4 day,324,9,4,2,https://dbarchive.biosciencedbc.jp/data/open-tggates-pathological-images/LATEST/images/chloramphenicol/Liver/15781.svs,False
15783,chloramphenicol,Middle,4 day,324,9,5,2,https://dbarchive.biosciencedbc.jp/data/open-tggates-pathological-images/LATEST/images/chloramphenicol/Liver/15783.svs,False
15715,chloramphenicol,Control,8 day,324,2,1,2,https://dbarchive.biosciencedbc.jp/data/open-tggates-pathological-images/LATEST/images/chloramphenicol/Liver/15715.svs,False
15717,chloramphenicol,Control,8 day,324,2,2,2,https://dbarchive.biosciencedbc.jp/data/open-tggates-pathological-images/LATEST/images/chloramphenicol/Liver/15717.svs,False
15720,chloramphenicol,Control,8 day,324,2,3,2,https://dbarchive.biosciencedbc.jp/data/open-tggates-pathological-images/LATEST/images/chloramphenicol/Liver/15720.svs,False
15722,chloramphenicol,Control,8 day,324,2,4,2,https://dbarchive.biosciencedbc.jp/data/open-tggates-pathological-images/LATEST/images/chloramphenicol/Liver/15722.svs,False
15723,chloramphenicol,Control,8 day,324,2,5,2,https://dbarchive.biosciencedbc.jp/data/open-tggates-pathological-images/LATEST/images/chloramphenicol/Liver/15723.svs,False
15812,chloramphenicol,High,8 day,324,14,1,2,https://dbarchive.biosciencedbc.jp/data/open-tggates-pathological-images/LATEST/images/chloramphenicol/Liver/15812.svs,False
15813,chloramphenicol,High,8 day,324,14,2,2,https://dbarchive.biosciencedbc.jp/data/open-tggates-pathological-images/LATEST/images/chloramphenicol/Liver/15813.svs,False
15814,chloramphenicol,High,8 day,324,14,3,2,https://dbarchive.biosciencedbc.jp/data/open-tggates-pathological-images/LATEST/images/chloramphenicol/Liver/15814.svs,False
15815,chloramphenicol,High,8 day,324,14,4,2,https://dbarchive.biosciencedbc.jp/data/open-tggates-pathological-images/LATEST/images/chloramphenicol/Liver/15815.svs,False
15816,chloramphenicol,High,8 day,324,14,5,2,https://dbarchive.biosciencedbc.jp/data/open-tggates-pathological-images/LATEST/images/chloramphenicol/Liver/15816.svs,False
15751,chloramphenicol,Low,8 day,324,6,1,2,https://dbarchive.biosciencedbc.jp/data/open-tggates-pathological-images/LATEST/images/chloramphenicol/Liver/15751.svs,False
15754,chloramphenicol,Low,8 day,324,6,2,2,https://dbarchive.biosciencedbc.jp/data/open-tggates-pathological-images/LATEST/images/chloramphenicol/Liver/15754.svs,False
15756,chloramphenicol,Low,8 day,324,6,3,2,https://dbarchive.biosciencedbc.jp/data/open-tggates-pathological-images/LATEST/images/chloramphenicol/Liver/15756.svs,False
15758,chloramphenicol,Low,8 day,324,6,4,2,https://dbarchive.biosciencedbc.jp/data/open-tggates-pathological-images/LATEST/images/chloramphenicol/Liver/15758.svs,False
15759,chloramphenicol,Low,8 day,324,6,5,2,https://dbarchive.biosciencedbc.jp/data/open-tggates-pathological-images/LATEST/images/chloramphenicol/Liver/15759.svs,False
15784,chloramphenicol,Middle,8 day,324,10,1,2,https://dbarchive.biosciencedbc.jp/data/open-tggates-pathological-images/LATEST/images/chloramphenicol/Liver/15784.svs,False
15786,chloramphenicol,Middle,8 day,324,10,2,2,https://dbarchive.biosciencedbc.jp/data/open-tggates-pathological-images/LATEST/images/chloramphenicol/Liver/15786.svs,False
15788,chloramphenicol,Middle,8 day,324,10,3,2,https://dbarchive.biosciencedbc.jp/data/open-tggates-pathological-images/LATEST/images/chloramphenicol/Liver/15788.svs,False
15790,chloramphenicol,Middle,8 day,324,10,4,2,https://dbarchive.biosciencedbc.jp/data/open-tggates-pathological-images/LATEST/images/chloramphenicol/Liver/15790.svs,False
15791,chloramphenicol,Middle,8 day,324,10,5,2,https://dbarchive.biosciencedbc.jp/data/open-tggates-pathological-images/LATEST/images/chloramphenicol/Liver/15791.svs,False
31118,cimetidine,Control,15 day,214,3,1,2,https://dbarchive.biosciencedbc.jp/data/open-tggates-pathological-images/LATEST/images/cimetidine/Liver/31118.svs,False
31120,cimetidine,Control,15 day,214,3,2,2,https://dbarchive.biosciencedbc.jp/data/open-tggates-pathological-images/LATEST/images/cimetidine/Liver/31120.svs,False
31122,cimetidine,Control,15 day,214,3,3,2,https://dbarchive.biosciencedbc.jp/data/open-tggates-pathological-images/LATEST/images/cimetidine/Liver/31122.svs,False
31125,cimetidine,Control,15 day,214,3,4,2,https://dbarchive.biosciencedbc.jp/data/open-tggates-pathological-images/LATEST/images/cimetidine/Liver/31125.svs,False
31127,cimetidine,Control,15 day,214,3,5,2,https://dbarchive.biosciencedbc.jp/data/open-tggates-pathological-images/LATEST/images/cimetidine/Liver/31127.svs,False
31143,cimetidine,High,15 day,214,15,1,2,https://dbarchive.biosciencedbc.jp/data/open-tggates-pathological-images/LATEST/images/cimetidine/Liver/31143.svs,False
31144,cimetidine,High,15 day,214,15,2,2,https://dbarchive.biosciencedbc.jp/data/open-tggates-pathological-images/LATEST/images/cimetidine/Liver/31144.svs,False
31145,cimetidine,High,15 day,214,15,3,2,https://dbarchive.biosciencedbc.jp/data/open-tggates-pathological-images/LATEST/images/cimetidine/Liver/31145.svs,False
31146,cimetidine,High,15 day,214,15,4,2,https://dbarchive.biosciencedbc.jp/data/open-tggates-pathological-images/LATEST/images/cimetidine/Liver/31146.svs,False
31147,cimetidine,High,15 day,214,15,5,2,https://dbarchive.biosciencedbc.jp/data/open-tggates-pathological-images/LATEST/images/cimetidine/Liver/31147.svs,False
31129,cimetidine,Low,15 day,214,7,1,2,https://dbarchive.biosciencedbc.jp/data/open-tggates-pathological-images/LATEST/images/cimetidine/Liver/31129.svs,False
31131,cimetidine,Low,15 day,214,7,2,2,https://dbarchive.biosciencedbc.jp/data/open-tggates-pathological-images/LATEST/images/cimetidine/Liver/31131.svs,False
31132,cimetidine,Low,15 day,214,7,3,2,https://dbarchive.biosciencedbc.jp/data/open-tggates-pathological-images/LATEST/images/cimetidine/Liver/31132.svs,False
31134,cimetidine,Low,15 day,214,7,4,2,https://dbarchive.biosciencedbc.jp/data/open-tggates-pathological-images/LATEST/images/cimetidine/Liver/31134.svs,False
31137,cimetidine,Low,15 day,214,7,5,2,https://dbarchive.biosciencedbc.jp/data/open-tggates-pathological-images/LATEST/images/cimetidine/Liver/31137.svs,False
31138,cimetidine,Middle,15 day,214,11,1,2,https://dbarchive.biosciencedbc.jp/data/open-tggates-pathological-images/LATEST/images/cimetidine/Liver/31138.svs,False
31139,cimetidine,Middle,15 day,214,11,2,2,https://dbarchive.biosciencedbc.jp/data/open-tggates-pathological-images/LATEST/images/cimetidine/Liver/31139.svs,False
31140,cimetidine,Middle,15 day,214,11,3,2,https://dbarchive.biosciencedbc.jp/data/open-tggates-pathological-images/LATEST/images/cimetidine/Liver/31140.svs,False
31141,cimetidine,Middle,15 day,214,11,4,2,https://dbarchive.biosciencedbc.jp/data/open-tggates-pathological-images/LATEST/images/cimetidine/Liver/31141.svs,False
31142,cimetidine,Middle,15 day,214,11,5,2,https://dbarchive.biosciencedbc.jp/data/open-tggates-pathological-images/LATEST/images/cimetidine/Liver/31142.svs,False
31148,cimetidine,Control,29 day,214,4,1,2,https://dbarchive.biosciencedbc.jp/data/open-tggates-pathological-images/LATEST/images/cimetidine/Liver/31148.svs,False
31149,cimetidine,Control,29 day,214,4,2,2,https://dbarchive.biosciencedbc.jp/data/open-tggates-pathological-images/LATEST/images/cimetidine/Liver/31149.svs,False
31150,cimetidine,Control,29 day,214,4,3,2,https://dbarchive.biosciencedbc.jp/data/open-tggates-pathological-images/LATEST/images/cimetidine/Liver/31150.svs,False
31151,cimetidine,Control,29 day,214,4,4,2,https://dbarchive.biosciencedbc.jp/data/open-tggates-pathological-images/LATEST/images/cimetidine/Liver/31151.svs,False
31152,cimetidine,Control,29 day,214,4,5,2,https://dbarchive.biosciencedbc.jp/data/open-tggates-pathological-images/LATEST/images/cimetidine/Liver/31152.svs,False
31163,cimetidine,High,29 day,214,16,1,2,https://dbarchive.biosciencedbc.jp/data/open-tggates-pathological-images/LATEST/images/cimetidine/Liver/31163.svs,False
31164,cimetidine,High,29 day,214,16,2,2,https://dbarchive.biosciencedbc.jp/data/open-tggates-pathological-images/LATEST/images/cimetidine/Liver/31164.svs,False
31165,cimetidine,High,29 day,214,16,3,2,https://dbarchive.biosciencedbc.jp/data/open-tggates-pathological-images/LATEST/images/cimetidine/Liver/31165.svs,False
31166,cimetidine,High,29 day,214,16,4,2,https://dbarchive.biosciencedbc.jp/data/open-tggates-pathological-images/LATEST/images/cimetidine/Liver/31166.svs,False
31167,cimetidine,High,29 day,214,16,5,2,https://dbarchive.biosciencedbc.jp/data/open-tggates-pathological-images/LATEST/images/cimetidine/Liver/31167.svs,False
31153,cimetidine,Low,29 day,214,8,1,2,https://dbarchive.biosciencedbc.jp/data/open-tggates-pathological-images/LATEST/images/cimetidine/Liver/31153.svs,False
31154,cimetidine,Low,29 day,214,8,2,2,https://dbarchive.biosciencedbc.jp/data/open-tggates-pathological-images/LATEST/images/cimetidine/Liver/31154.svs,False
31155,cimetidine,Low,29 day,214,8,3,2,https://dbarchive.biosciencedbc.jp/data/open-tggates-pathological-images/LATEST/images/cimetidine/Liver/31155.svs,False
31156,cimetidine,Low,29 day,214,8,4,2,https://dbarchive.biosciencedbc.jp/data/open-tggates-pathological-images/LATEST/images/cimetidine/Liver/31156.svs,False
31157,cimetidine,Low,29 day,214,8,5,2,https://dbarchive.biosciencedbc.jp/data/open-tggates-pathological-images/LATEST/images/cimetidine/Liver/31157.svs,False
31158,cimetidine,Middle,29 day,214,12,1,2,https://dbarchive.biosciencedbc.jp/data/open-tggates-pathological-images/LATEST/images/cimetidine/Liver/31158.svs,False
31159,cimetidine,Middle,29 day,214,12,2,2,https://dbarchive.biosciencedbc.jp/data/open-tggates-pathological-images/LATEST/images/cimetidine/Liver/31159.svs,False
31160,cimetidine,Middle,29 day,214,12,3,2,https://dbarchive.biosciencedbc.jp/data/open-tggates-pathological-images/LATEST/images/cimetidine/Liver/31160.svs,False
31161,cimetidine,Middle,29 day,214,12,4,2,https://dbarchive.biosciencedbc.jp/data/open-tggates-pathological-images/LATEST/images/cimetidine/Liver/31161.svs,False
31162,cimetidine,Middle,29 day,214,12,5,2,https://dbarchive.biosciencedbc.jp/data/open-tggates-pathological-images/LATEST/images/cimetidine/Liver/31162.svs,False
31025,cimetidine,Control,4 day,214,1,1,2,https://dbarchive.biosciencedbc.jp/data/open-tggates-pathological-images/LATEST/images/cimetidine/Liver/31025.svs,False
31027,cimetidine,Control,4 day,214,1,2,2,https://dbarchive.biosciencedbc.jp/data/open-tggates-pathological-images/LATEST/images/cimetidine/Liver/31027.svs,False
31029,cimetidine,Control,4 day,214,1,3,2,https://dbarchive.biosciencedbc.jp/data/open-tggates-pathological-images/LATEST/images/cimetidine/Liver/31029.svs,False
31031,cimetidine,Control,4 day,214,1,4,2,https://dbarchive.biosciencedbc.jp/data/open-tggates-pathological-images/LATEST/images/cimetidine/Liver/31031.svs,False
31033,cimetidine,Control,4 day,214,1,5,2,https://dbarchive.biosciencedbc.jp/data/open-tggates-pathological-images/LATEST/images/cimetidine/Liver/31033.svs,False
31057,cimetidine,High,4 day,214,13,1,2,https://dbarchive.biosciencedbc.jp/data/open-tggates-pathological-images/LATEST/images/cimetidine/Liver/31057.svs,False
31059,cimetidine,High,4 day,214,13,2,2,https://dbarchive.biosciencedbc.jp/data/open-tggates-pathological-images/LATEST/images/cimetidine/Liver/31059.svs,False
31062,cimetidine,High,4 day,214,13,3,2,https://dbarchive.biosciencedbc.jp/data/open-tggates-pathological-images/LATEST/images/cimetidine/Liver/31062.svs,False
31064,cimetidine,High,4 day,214,13,4,2,https://dbarchive.biosciencedbc.jp/data/open-tggates-pathological-images/LATEST/images/cimetidine/Liver/31064.svs,False
31067,cimetidine,High,4 day,214,13,5,2,https://dbarchive.biosciencedbc.jp/data/open-tggates-pathological-images/LATEST/images/cimetidine/Liver/31067.svs,False
31036,cimetidine,Low,4 day,214,5,1,2,https://dbarchive.biosciencedbc.jp/data/open-tggates-pathological-images/LATEST/images/cimetidine/Liver/31036.svs,False
31038,cimetidine,Low,4 day,214,5,2,2,https://dbarchive.biosciencedbc.jp/data/open-tggates-pathological-images/LATEST/images/cimetidine/Liver/31038.svs,False
31040,cimetidine,Low,4 day,214,5,3,2,https://dbarchive.biosciencedbc.jp/data/open-tggates-pathological-images/LATEST/images/cimetidine/Liver/31040.svs,False
31042,cimetidine,Low,4 day,214,5,4,2,https://dbarchive.biosciencedbc.jp/data/open-tggates-pathological-images/LATEST/images/cimetidine/Liver/31042.svs,False
31044,cimetidine,Low,4 day,214,5,5,2,https://dbarchive.biosciencedbc.jp/data/open-tggates-pathological-images/LATEST/images/cimetidine/Liver/31044.svs,False
31046,cimetidine,Middle,4 day,214,9,1,2,https://dbarchive.biosciencedbc.jp/data/open-tggates-pathological-images/LATEST/images/cimetidine/Liver/31046.svs,False
31048,cimetidine,Middle,4 day,214,9,2,2,https://dbarchive.biosciencedbc.jp/data/open-tggates-pathological-images/LATEST/images/cimetidine/Liver/31048.svs,False
31050,cimetidine,Middle,4 day,214,9,3,2,https://dbarchive.biosciencedbc.jp/data/open-tggates-pathological-images/LATEST/images/cimetidine/Liver/31050.svs,False
31053,cimetidine,Middle,4 day,214,9,4,2,https://dbarchive.biosciencedbc.jp/data/open-tggates-pathological-images/LATEST/images/cimetidine/Liver/31053.svs,False
31055,cimetidine,Middle,4 day,214,9,5,2,https://dbarchive.biosciencedbc.jp/data/open-tggates-pathological-images/LATEST/images/cimetidine/Liver/31055.svs,False
31069,cimetidine,Control,8 day,214,2,1,2,https://dbarchive.biosciencedbc.jp/data/open-tggates-pathological-images/LATEST/images/cimetidine/Liver/31069.svs,False
31071,cimetidine,Control,8 day,214,2,2,2,https://dbarchive.biosciencedbc.jp/data/open-tggates-pathological-images/LATEST/images/cimetidine/Liver/31071.svs,False
31074,cimetidine,Control,8 day,214,2,3,2,https://dbarchive.biosciencedbc.jp/data/open-tggates-pathological-images/LATEST/images/cimetidine/Liver/31074.svs,False
31076,cimetidine,Control,8 day,214,2,4,2,https://dbarchive.biosciencedbc.jp/data/open-tggates-pathological-images/LATEST/images/cimetidine/Liver/31076.svs,False
31078,cimetidine,Control,8 day,214,2,5,2,https://dbarchive.biosciencedbc.jp/data/open-tggates-pathological-images/LATEST/images/cimetidine/Liver/31078.svs,False
31104,cimetidine,High,8 day,214,14,1,2,https://dbarchive.biosciencedbc.jp/data/open-tggates-pathological-images/LATEST/images/cimetidine/Liver/31104.svs,False
31107,cimetidine,High,8 day,214,14,2,2,https://dbarchive.biosciencedbc.jp/data/open-tggates-pathological-images/LATEST/images/cimetidine/Liver/31107.svs,False
31110,cimetidine,High,8 day,214,14,3,2,https://dbarchive.biosciencedbc.jp/data/open-tggates-pathological-images/LATEST/images/cimetidine/Liver/31110.svs,False
31112,cimetidine,High,8 day,214,14,4,2,https://dbarchive.biosciencedbc.jp/data/open-tggates-pathological-images/LATEST/images/cimetidine/Liver/31112.svs,False
31115,cimetidine,High,8 day,214,14,5,2,https://dbarchive.biosciencedbc.jp/data/open-tggates-pathological-images/LATEST/images/cimetidine/Liver/31115.svs,False
31081,cimetidine,Low,8 day,214,6,1,2,https://dbarchive.biosciencedbc.jp/data/open-tggates-pathological-images/LATEST/images/cimetidine/Liver/31081.svs,False
31084,cimetidine,Low,8 day,214,6,2,2,https://dbarchive.biosciencedbc.jp/data/open-tggates-pathological-images/LATEST/images/cimetidine/Liver/31084.svs,False
31086,cimetidine,Low,8 day,214,6,3,2,https://dbarchive.biosciencedbc.jp/data/open-tggates-pathological-images/LATEST/images/cimetidine/Liver/31086.svs,False
31088,cimetidine,Low,8 day,214,6,4,2,https://dbarchive.biosciencedbc.jp/data/open-tggates-pathological-images/LATEST/images/cimetidine/Liver/31088.svs,False
31090,cimetidine,Low,8 day,214,6,5,2,https://dbarchive.biosciencedbc.jp/data/open-tggates-pathological-images/LATEST/images/cimetidine/Liver/31090.svs,False
31093,cimetidine,Middle,8 day,214,10,1,2,https://dbarchive.biosciencedbc.jp/data/open-tggates-pathological-images/LATEST/images/cimetidine/Liver/31093.svs,False
31095,cimetidine,Middle,8 day,214,10,2,2,https://dbarchive.biosciencedbc.jp/data/open-tggates-pathological-images/LATEST/images/cimetidine/Liver/31095.svs,False
31097,cimetidine,Middle,8 day,214,10,3,2,https://dbarchive.biosciencedbc.jp/data/open-tggates-pathological-images/LATEST/images/cimetidine/Liver/31097.svs,False
31099,cimetidine,Middle,8 day,214,10,4,2,https://dbarchive.biosciencedbc.jp/data/open-tggates-pathological-images/LATEST/images/cimetidine/Liver/31099.svs,False
31102,cimetidine,Middle,8 day,214,10,5,2,https://dbarchive.biosciencedbc.jp/data/open-tggates-pathological-images/LATEST/images/cimetidine/Liver/31102.svs,False
24974,clofibrate,Control,15 day,99,3,1,1,https://dbarchive.biosciencedbc.jp/data/open-tggates-pathological-images/LATEST/images/clofibrate/Liver/24974.svs,False
24976,clofibrate,Control,15 day,99,3,2,1,https://dbarchive.biosciencedbc.jp/data/open-tggates-pathological-images/LATEST/images/clofibrate/Liver/24976.svs,False
24979,clofibrate,Control,15 day,99,3,3,1,https://dbarchive.biosciencedbc.jp/data/open-tggates-pathological-images/LATEST/images/clofibrate/Liver/24979.svs,False
24981,clofibrate,Control,15 day,99,3,4,1,https://dbarchive.biosciencedbc.jp/data/open-tggates-pathological-images/LATEST/images/clofibrate/Liver/24981.svs,False
24983,clofibrate,Control,15 day,99,3,5,1,https://dbarchive.biosciencedbc.jp/data/open-tggates-pathological-images/LATEST/images/clofibrate/Liver/24983.svs,False
25012,clofibrate,High,15 day,99,15,1,1,https://dbarchive.biosciencedbc.jp/data/open-tggates-pathological-images/LATEST/images/clofibrate/Liver/25012.svs,False
25015,clofibrate,High,15 day,99,15,2,1,https://dbarchive.biosciencedbc.jp/data/open-tggates-pathological-images/LATEST/images/clofibrate/Liver/25015.svs,False
70445,clofibrate,High,15 day,99,15,3,1,https://dbarchive.biosciencedbc.jp/data/open-tggates-pathological-images/LATEST/images/clofibrate/Liver/70445.svs,False
25021,clofibrate,High,15 day,99,15,4,1,https://dbarchive.biosciencedbc.jp/data/open-tggates-pathological-images/LATEST/images/clofibrate/Liver/25021.svs,False
25024,clofibrate,High,15 day,99,15,5,1,https://dbarchive.biosciencedbc.jp/data/open-tggates-pathological-images/LATEST/images/clofibrate/Liver/25024.svs,False
24986,clofibrate,Low,15 day,99,7,1,1,https://dbarchive.biosciencedbc.jp/data/open-tggates-pathological-images/LATEST/images/clofibrate/Liver/24986.svs,False
24989,clofibrate,Low,15 day,99,7,2,1,https://dbarchive.biosciencedbc.jp/data/open-tggates-pathological-images/LATEST/images/clofibrate/Liver/24989.svs,False
24992,clofibrate,Low,15 day,99,7,3,1,https://dbarchive.biosciencedbc.jp/data/open-tggates-pathological-images/LATEST/images/clofibrate/Liver/24992.svs,False
24994,clofibrate,Low,15 day,99,7,4,1,https://dbarchive.biosciencedbc.jp/data/open-tggates-pathological-images/LATEST/images/clofibrate/Liver/24994.svs,False
24997,clofibrate,Low,15 day,99,7,5,1,https://dbarchive.biosciencedbc.jp/data/open-tggates-pathological-images/LATEST/images/clofibrate/Liver/24997.svs,False
25000,clofibrate,Middle,15 day,99,11,1,1,https://dbarchive.biosciencedbc.jp/data/open-tggates-pathological-images/LATEST/images/clofibrate/Liver/25000.svs,False
25003,clofibrate,Middle,15 day,99,11,2,1,https://dbarchive.biosciencedbc.jp/data/open-tggates-pathological-images/LATEST/images/clofibrate/Liver/25003.svs,False
25005,clofibrate,Middle,15 day,99,11,3,1,https://dbarchive.biosciencedbc.jp/data/open-tggates-pathological-images/LATEST/images/clofibrate/Liver/25005.svs,False
25007,clofibrate,Middle,15 day,99,11,4,1,https://dbarchive.biosciencedbc.jp/data/open-tggates-pathological-images/LATEST/images/clofibrate/Liver/25007.svs,False
25010,clofibrate,Middle,15 day,99,11,5,1,https://dbarchive.biosciencedbc.jp/data/open-tggates-pathological-images/LATEST/images/clofibrate/Liver/25010.svs,False
25026,clofibrate,Control,29 day,99,4,1,1,https://dbarchive.biosciencedbc.jp/data/open-tggates-pathological-images/LATEST/images/clofibrate/Liver/25026.svs,False
25028,clofibrate,Control,29 day,99,4,2,1,https://dbarchive.biosciencedbc.jp/data/open-tggates-pathological-images/LATEST/images/clofibrate/Liver/25028.svs,False
25030,clofibrate,Control,29 day,99,4,3,1,https://dbarchive.biosciencedbc.jp/data/open-tggates-pathological-images/LATEST/images/clofibrate/Liver/25030.svs,False
25032,clofibrate,Control,29 day,99,4,4,1,https://dbarchive.biosciencedbc.jp/data/open-tggates-pathological-images/LATEST/images/clofibrate/Liver/25032.svs,False
25034,clofibrate,Control,29 day,99,4,5,1,https://dbarchive.biosciencedbc.jp/data/open-tggates-pathological-images/LATEST/images/clofibrate/Liver/25034.svs,False
25060,clofibrate,High,29 day,99,16,1,1,https://dbarchive.biosciencedbc.jp/data/open-tggates-pathological-images/LATEST/images/clofibrate/Liver/25060.svs,False
25063,clofibrate,High,29 day,99,16,2,1,https://dbarchive.biosciencedbc.jp/data/open-tggates-pathological-images/LATEST/images/clofibrate/Liver/25063.svs,False
25065,clofibrate,High,29 day,99,16,3,1,https://dbarchive.biosciencedbc.jp/data/open-tggates-pathological-images/LATEST/images/clofibrate/Liver/25065.svs,False
25067,clofibrate,High,29 day,99,16,4,1,https://dbarchive.biosciencedbc.jp/data/open-tggates-pathological-images/LATEST/images/clofibrate/Liver/25067.svs,False
25069,clofibrate,High,29 day,99,16,5,1,https://dbarchive.biosciencedbc.jp/data/open-tggates-pathological-images/LATEST/images/clofibrate/Liver/25069.svs,False
25036,clofibrate,Low,29 day,99,8,1,1,https://dbarchive.biosciencedbc.jp/data/open-tggates-pathological-images/LATEST/images/clofibrate/Liver/25036.svs,False
25038,clofibrate,Low,29 day,99,8,2,1,https://dbarchive.biosciencedbc.jp/data/open-tggates-pathological-images/LATEST/images/clofibrate/Liver/25038.svs,False
25040,clofibrate,Low,29 day,99,8,3,1,https://dbarchive.biosciencedbc.jp/data/open-tggates-pathological-images/LATEST/images/clofibrate/Liver/25040.svs,False
25042,clofibrate,Low,29 day,99,8,4,1,https://dbarchive.biosciencedbc.jp/data/open-tggates-pathological-images/LATEST/images/clofibrate/Liver/25042.svs,False
25045,clofibrate,Low,29 day,99,8,5,1,https://dbarchive.biosciencedbc.jp/data/open-tggates-pathological-images/LATEST/images/clofibrate/Liver/25045.svs,False
25047,clofibrate,Middle,29 day,99,12,1,1,https://dbarchive.biosciencedbc.jp/data/open-tggates-pathological-images/LATEST/images/clofibrate/Liver/25047.svs,False
25050,clofibrate,Middle,29 day,99,12,2,1,https://dbarchive.biosciencedbc.jp/data/open-tggates-pathological-images/LATEST/images/clofibrate/Liver/25050.svs,False
25053,clofibrate,Middle,29 day,99,12,3,1,https://dbarchive.biosciencedbc.jp/data/open-tggates-pathological-images/LATEST/images/clofibrate/Liver/25053.svs,False
25055,clofibrate,Middle,29 day,99,12,4,1,https://dbarchive.biosciencedbc.jp/data/open-tggates-pathological-images/LATEST/images/clofibrate/Liver/25055.svs,False
25057,clofibrate,Middle,29 day,99,12,5,1,https://dbarchive.biosciencedbc.jp/data/open-tggates-pathological-images/LATEST/images/clofibrate/Liver/25057.svs,False
24862,clofibrate,Control,4 day,99,1,1,1,https://dbarchive.biosciencedbc.jp/data/open-tggates-pathological-images/LATEST/images/clofibrate/Liver/24862.svs,False
24865,clofibrate,Control,4 day,99,1,2,1,https://dbarchive.biosciencedbc.jp/data/open-tggates-pathological-images/LATEST/images/clofibrate/Liver/24865.svs,False
24868,clofibrate,Control,4 day,99,1,3,1,https://dbarchive.biosciencedbc.jp/data/open-tggates-pathological-images/LATEST/images/clofibrate/Liver/24868.svs,False
24871,clofibrate,Control,4 day,99,1,4,1,https://dbarchive.biosciencedbc.jp/data/open-tggates-pathological-images/LATEST/images/clofibrate/Liver/24871.svs,False
24875,clofibrate,Control,4 day,99,1,5,1,https://dbarchive.biosciencedbc.jp/data/open-tggates-pathological-images/LATEST/images/clofibrate/Liver/24875.svs,False
24906,clofibrate,High,4 day,99,13,1,1,https://dbarchive.biosciencedbc.jp/data/open-tggates-pathological-images/LATEST/images/clofibrate/Liver/24906.svs,False
24910,clofibrate,High,4 day,99,13,2,1,https://dbarchive.biosciencedbc.jp/data/open-tggates-pathological-images/LATEST/images/clofibrate/Liver/24910.svs,False
24914,clofibrate,High,4 day,99,13,3,1,https://dbarchive.biosciencedbc.jp/data/open-tggates-pathological-images/LATEST/images/clofibrate/Liver/24914.svs,False
24917,clofibrate,High,4 day,99,13,4,1,https://dbarchive.biosciencedbc.jp/data/open-tggates-pathological-images/LATEST/images/clofibrate/Liver/24917.svs,False
24921,clofibrate,High,4 day,99,13,5,1,https://dbarchive.biosciencedbc.jp/data/open-tggates-pathological-images/LATEST/images/clofibrate/Liver/24921.svs,False
24878,clofibrate,Low,4 day,99,5,1,1,https://dbarchive.biosciencedbc.jp/data/open-tggates-pathological-images/LATEST/images/clofibrate/Liver/24878.svs,False
24881,clofibrate,Low,4 day,99,5,2,1,https://dbarchive.biosciencedbc.jp/data/open-tggates-pathological-images/LATEST/images/clofibrate/Liver/24881.svs,False
24883,clofibrate,Low,4 day,99,5,3,1,https://dbarchive.biosciencedbc.jp/data/open-tggates-pathological-images/LATEST/images/clofibrate/Liver/24883.svs,False
24886,clofibrate,Low,4 day,99,5,4,1,https://dbarchive.biosciencedbc.jp/data/open-tggates-pathological-images/LATEST/images/clofibrate/Liver/24886.svs,False
24890,clofibrate,Low,4 day,99,5,5,1,https://dbarchive.biosciencedbc.jp/data/open-tggates-pathological-images/LATEST/images/clofibrate/Liver/24890.svs,False
24892,clofibrate,Middle,4 day,99,9,1,1,https://dbarchive.biosciencedbc.jp/data/open-tggates-pathological-images/LATEST/images/clofibrate/Liver/24892.svs,False
24894,clofibrate,Middle,4 day,99,9,2,1,https://dbarchive.biosciencedbc.jp/data/open-tggates-pathological-images/LATEST/images/clofibrate/Liver/24894.svs,False
24897,clofibrate,Middle,4 day,99,9,3,1,https://dbarchive.biosciencedbc.jp/data/open-tggates-pathological-images/LATEST/images/clofibrate/Liver/24897.svs,False
24901,clofibrate,Middle,4 day,99,9,4,1,https://dbarchive.biosciencedbc.jp/data/open-tggates-pathological-images/LATEST/images/clofibrate/Liver/24901.svs,False
24903,clofibrate,Middle,4 day,99,9,5,1,https://dbarchive.biosciencedbc.jp/data/open-tggates-pathological-images/LATEST/images/clofibrate/Liver/24903.svs,False
24923,clofibrate,Control,8 day,99,2,1,1,https://dbarchive.biosciencedbc.jp/data/open-tggates-pathological-images/LATEST/images/clofibrate/Liver/24923.svs,False
24926,clofibrate,Control,8 day,99,2,2,1,https://dbarchive.biosciencedbc.jp/data/open-tggates-pathological-images/LATEST/images/clofibrate/Liver/24926.svs,False
24928,clofibrate,Control,8 day,99,2,3,1,https://dbarchive.biosciencedbc.jp/data/open-tggates-pathological-images/LATEST/images/clofibrate/Liver/24928.svs,False
24932,clofibrate,Control,8 day,99,2,4,1,https://dbarchive.biosciencedbc.jp/data/open-tggates-pathological-images/LATEST/images/clofibrate/Liver/24932.svs,False
24935,clofibrate,Control,8 day,99,2,5,1,https://dbarchive.biosciencedbc.jp/data/open-tggates-pathological-images/LATEST/images/clofibrate/Liver/24935.svs,False
24963,clofibrate,High,8 day,99,14,1,1,https://dbarchive.biosciencedbc.jp/data/open-tggates-pathological-images/LATEST/images/clofibrate/Liver/24963.svs,False
24965,clofibrate,High,8 day,99,14,2,1,https://dbarchive.biosciencedbc.jp/data/open-tggates-pathological-images/LATEST/images/clofibrate/Liver/24965.svs,False
24967,clofibrate,High,8 day,99,14,3,1,https://dbarchive.biosciencedbc.jp/data/open-tggates-pathological-images/LATEST/images/clofibrate/Liver/24967.svs,False
24969,clofibrate,High,8 day,99,14,4,1,https://dbarchive.biosciencedbc.jp/data/open-tggates-pathological-images/LATEST/images/clofibrate/Liver/24969.svs,False
24972,clofibrate,High,8 day,99,14,5,1,https://dbarchive.biosciencedbc.jp/data/open-tggates-pathological-images/LATEST/images/clofibrate/Liver/24972.svs,False
24938,clofibrate,Low,8 day,99,6,1,1,https://dbarchive.biosciencedbc.jp/data/open-tggates-pathological-images/LATEST/images/clofibrate/Liver/24938.svs,False
24941,clofibrate,Low,8 day,99,6,2,1,https://dbarchive.biosciencedbc.jp/data/open-tggates-pathological-images/LATEST/images/clofibrate/Liver/24941.svs,False
24943,clofibrate,Low,8 day,99,6,3,1,https://dbarchive.biosciencedbc.jp/data/open-tggates-pathological-images/LATEST/images/clofibrate/Liver/24943.svs,False
24945,clofibrate,Low,8 day,99,6,4,1,https://dbarchive.biosciencedbc.jp/data/open-tggates-pathological-images/LATEST/images/clofibrate/Liver/24945.svs,False
24948,clofibrate,Low,8 day,99,6,5,1,https://dbarchive.biosciencedbc.jp/data/open-tggates-pathological-images/LATEST/images/clofibrate/Liver/24948.svs,False
24950,clofibrate,Middle,8 day,99,10,1,1,https://dbarchive.biosciencedbc.jp/data/open-tggates-pathological-images/LATEST/images/clofibrate/Liver/24950.svs,False
24953,clofibrate,Middle,8 day,99,10,2,1,https://dbarchive.biosciencedbc.jp/data/open-tggates-pathological-images/LATEST/images/clofibrate/Liver/24953.svs,False
24956,clofibrate,Middle,8 day,99,10,3,1,https://dbarchive.biosciencedbc.jp/data/open-tggates-pathological-images/LATEST/images/clofibrate/Liver/24956.svs,False
24958,clofibrate,Middle,8 day,99,10,4,1,https://dbarchive.biosciencedbc.jp/data/open-tggates-pathological-images/LATEST/images/clofibrate/Liver/24958.svs,False
24960,clofibrate,Middle,8 day,99,10,5,1,https://dbarchive.biosciencedbc.jp/data/open-tggates-pathological-images/LATEST/images/clofibrate/Liver/24960.svs,False
42861,clomipramine,Control,15 day,527,3,1,2,https://dbarchive.biosciencedbc.jp/data/open-tggates-pathological-images/LATEST/images/clomipramine/Liver/42861.svs,False
42863,clomipramine,Control,15 day,527,3,2,2,https://dbarchive.biosciencedbc.jp/data/open-tggates-pathological-images/LATEST/images/clomipramine/Liver/42863.svs,False
42865,clomipramine,Control,15 day,527,3,3,2,https://dbarchive.biosciencedbc.jp/data/open-tggates-pathological-images/LATEST/images/clomipramine/Liver/42865.svs,False
42867,clomipramine,Control,15 day,527,3,4,2,https://dbarchive.biosciencedbc.jp/data/open-tggates-pathological-images/LATEST/images/clomipramine/Liver/42867.svs,False
42869,clomipramine,Control,15 day,527,3,5,2,https://dbarchive.biosciencedbc.jp/data/open-tggates-pathological-images/LATEST/images/clomipramine/Liver/42869.svs,False
42976,clomipramine,High,15 day,527,15,1,2,https://dbarchive.biosciencedbc.jp/data/open-tggates-pathological-images/LATEST/images/clomipramine/Liver/42976.svs,False
42978,clomipramine,High,15 day,527,15,2,2,https://dbarchive.biosciencedbc.jp/data/open-tggates-pathological-images/LATEST/images/clomipramine/Liver/42978.svs,False
42980,clomipramine,High,15 day,527,15,3,2,https://dbarchive.biosciencedbc.jp/data/open-tggates-pathological-images/LATEST/images/clomipramine/Liver/42980.svs,False
42982,clomipramine,High,15 day,527,15,4,2,https://dbarchive.biosciencedbc.jp/data/open-tggates-pathological-images/LATEST/images/clomipramine/Liver/42982.svs,False
42984,clomipramine,High,15 day,527,15,5,2,https://dbarchive.biosciencedbc.jp/data/open-tggates-pathological-images/LATEST/images/clomipramine/Liver/42984.svs,False
42897,clomipramine,Low,15 day,527,7,1,2,https://dbarchive.biosciencedbc.jp/data/open-tggates-pathological-images/LATEST/images/clomipramine/Liver/42897.svs,False
42899,clomipramine,Low,15 day,527,7,2,2,https://dbarchive.biosciencedbc.jp/data/open-tggates-pathological-images/LATEST/images/clomipramine/Liver/42899.svs,False
42901,clomipramine,Low,15 day,527,7,3,2,https://dbarchive.biosciencedbc.jp/data/open-tggates-pathological-images/LATEST/images/clomipramine/Liver/42901.svs,False
42903,clomipramine,Low,15 day,527,7,4,2,https://dbarchive.biosciencedbc.jp/data/open-tggates-pathological-images/LATEST/images/clomipramine/Liver/42903.svs,False
42904,clomipramine,Low,15 day,527,7,5,2,https://dbarchive.biosciencedbc.jp/data/open-tggates-pathological-images/LATEST/images/clomipramine/Liver/42904.svs,False
42934,clomipramine,Middle,15 day,527,11,1,2,https://dbarchive.biosciencedbc.jp/data/open-tggates-pathological-images/LATEST/images/clomipramine/Liver/42934.svs,False
42936,clomipramine,Middle,15 day,527,11,2,2,https://dbarchive.biosciencedbc.jp/data/open-tggates-pathological-images/LATEST/images/clomipramine/Liver/42936.svs,False
42938,clomipramine,Middle,15 day,527,11,3,2,https://dbarchive.biosciencedbc.jp/data/open-tggates-pathological-images/LATEST/images/clomipramine/Liver/42938.svs,False
42940,clomipramine,Middle,15 day,527,11,4,2,https://dbarchive.biosciencedbc.jp/data/open-tggates-pathological-images/LATEST/images/clomipramine/Liver/42940.svs,False
42942,clomipramine,Middle,15 day,527,11,5,2,https://dbarchive.biosciencedbc.jp/data/open-tggates-pathological-images/LATEST/images/clomipramine/Liver/42942.svs,False
42871,clomipramine,Control,29 day,527,4,1,2,https://dbarchive.biosciencedbc.jp/data/open-tggates-pathological-images/LATEST/images/clomipramine/Liver/42871.svs,False
42873,clomipramine,Control,29 day,527,4,2,2,https://dbarchive.biosciencedbc.jp/data/open-tggates-pathological-images/LATEST/images/clomipramine/Liver/42873.svs,False
42874,clomipramine,Control,29 day,527,4,3,2,https://dbarchive.biosciencedbc.jp/data/open-tggates-pathological-images/LATEST/images/clomipramine/Liver/42874.svs,False
42876,clomipramine,Control,29 day,527,4,4,2,https://dbarchive.biosciencedbc.jp/data/open-tggates-pathological-images/LATEST/images/clomipramine/Liver/42876.svs,False
42878,clomipramine,Control,29 day,527,4,5,2,https://dbarchive.biosciencedbc.jp/data/open-tggates-pathological-images/LATEST/images/clomipramine/Liver/42878.svs,False
42986,clomipramine,High,29 day,527,16,1,2,https://dbarchive.biosciencedbc.jp/data/open-tggates-pathological-images/LATEST/images/clomipramine/Liver/42986.svs,False
42988,clomipramine,High,29 day,527,16,2,2,https://dbarchive.biosciencedbc.jp/data/open-tggates-pathological-images/LATEST/images/clomipramine/Liver/42988.svs,False
42990,clomipramine,High,29 day,527,16,3,2,https://dbarchive.biosciencedbc.jp/data/open-tggates-pathological-images/LATEST/images/clomipramine/Liver/42990.svs,False
42992,clomipramine,High,29 day,527,16,4,2,https://dbarchive.biosciencedbc.jp/data/open-tggates-pathological-images/LATEST/images/clomipramine/Liver/42992.svs,False
42994,clomipramine,High,29 day,527,16,5,2,https://dbarchive.biosciencedbc.jp/data/open-tggates-pathological-images/LATEST/images/clomipramine/Liver/42994.svs,False
42906,clomipramine,Low,29 day,527,8,1,2,https://dbarchive.biosciencedbc.jp/data/open-tggates-pathological-images/LATEST/images/clomipramine/Liver/42906.svs,False
42908,clomipramine,Low,29 day,527,8,2,2,https://dbarchive.biosciencedbc.jp/data/open-tggates-pathological-images/LATEST/images/clomipramine/Liver/42908.svs,False
42910,clomipramine,Low,29 day,527,8,3,2,https://dbarchive.biosciencedbc.jp/data/open-tggates-pathological-images/LATEST/images/clomipramine/Liver/42910.svs,False
42912,clomipramine,Low,29 day,527,8,4,2,https://dbarchive.biosciencedbc.jp/data/open-tggates-pathological-images/LATEST/images/clomipramine/Liver/42912.svs,False
42913,clomipramine,Low,29 day,527,8,5,2,https://dbarchive.biosciencedbc.jp/data/open-tggates-pathological-images/LATEST/images/clomipramine/Liver/42913.svs,False
42943,clomipramine,Middle,29 day,527,12,1,2,https://dbarchive.biosciencedbc.jp/data/open-tggates-pathological-images/LATEST/images/clomipramine/Liver/42943.svs,False
42945,clomipramine,Middle,29 day,527,12,2,2,https://dbarchive.biosciencedbc.jp/data/open-tggates-pathological-images/LATEST/images/clomipramine/Liver/42945.svs,False
42948,clomipramine,Middle,29 day,527,12,3,2,https://dbarchive.biosciencedbc.jp/data/open-tggates-pathological-images/LATEST/images/clomipramine/Liver/42948.svs,False
42951,clomipramine,Middle,29 day,527,12,4,2,https://dbarchive.biosciencedbc.jp/data/open-tggates-pathological-images/LATEST/images/clomipramine/Liver/42951.svs,False
42953,clomipramine,Middle,29 day,527,12,5,2,https://dbarchive.biosciencedbc.jp/data/open-tggates-pathological-images/LATEST/images/clomipramine/Liver/42953.svs,False
42843,clomipramine,Control,4 day,527,1,1,2,https://dbarchive.biosciencedbc.jp/data/open-tggates-pathological-images/LATEST/images/clomipramine/Liver/42843.svs,False
42845,clomipramine,Control,4 day,527,1,2,2,https://dbarchive.biosciencedbc.jp/data/open-tggates-pathological-images/LATEST/images/clomipramine/Liver/42845.svs,False
42847,clomipramine,Control,4 day,527,1,3,2,https://dbarchive.biosciencedbc.jp/data/open-tggates-pathological-images/LATEST/images/clomipramine/Liver/42847.svs,False
42848,clomipramine,Control,4 day,527,1,4,2,https://dbarchive.biosciencedbc.jp/data/open-tggates-pathological-images/LATEST/images/clomipramine/Liver/42848.svs,False
42850,clomipramine,Control,4 day,527,1,5,2,https://dbarchive.biosciencedbc.jp/data/open-tggates-pathological-images/LATEST/images/clomipramine/Liver/42850.svs,False
42956,clomipramine,High,4 day,527,13,1,2,https://dbarchive.biosciencedbc.jp/data/open-tggates-pathological-images/LATEST/images/clomipramine/Liver/42956.svs,False
42958,clomipramine,High,4 day,527,13,2,2,https://dbarchive.biosciencedbc.jp/data/open-tggates-pathological-images/LATEST/images/clomipramine/Liver/42958.svs,False
42959,clomipramine,High,4 day,527,13,3,2,https://dbarchive.biosciencedbc.jp/data/open-tggates-pathological-images/LATEST/images/clomipramine/Liver/42959.svs,False
42962,clomipramine,High,4 day,527,13,4,2,https://dbarchive.biosciencedbc.jp/data/open-tggates-pathological-images/LATEST/images/clomipramine/Liver/42962.svs,False
42964,clomipramine,High,4 day,527,13,5,2,https://dbarchive.biosciencedbc.jp/data/open-tggates-pathological-images/LATEST/images/clomipramine/Liver/42964.svs,False
42879,clomipramine,Low,4 day,527,5,1,2,https://dbarchive.biosciencedbc.jp/data/open-tggates-pathological-images/LATEST/images/clomipramine/Liver/42879.svs,False
42881,clomipramine,Low,4 day,527,5,2,2,https://dbarchive.biosciencedbc.jp/data/open-tggates-pathological-images/LATEST/images/clomipramine/Liver/42881.svs,False
42883,clomipramine,Low,4 day,527,5,3,2,https://dbarchive.biosciencedbc.jp/data/open-tggates-pathological-images/LATEST/images/clomipramine/Liver/42883.svs,False
42885,clomipramine,Low,4 day,527,5,4,2,https://dbarchive.biosciencedbc.jp/data/open-tggates-pathological-images/LATEST/images/clomipramine/Liver/42885.svs,False
42886,clomipramine,Low,4 day,527,5,5,2,https://dbarchive.biosciencedbc.jp/data/open-tggates-pathological-images/LATEST/images/clomipramine/Liver/42886.svs,False
42915,clomipramine,Middle,4 day,527,9,1,2,https://dbarchive.biosciencedbc.jp/data/open-tggates-pathological-images/LATEST/images/clomipramine/Liver/42915.svs,False
42917,clomipramine,Middle,4 day,527,9,2,2,https://dbarchive.biosciencedbc.jp/data/open-tggates-pathological-images/LATEST/images/clomipramine/Liver/42917.svs,False
42919,clomipramine,Middle,4 day,527,9,3,2,https://dbarchive.biosciencedbc.jp/data/open-tggates-pathological-images/LATEST/images/clomipramine/Liver/42919.svs,False
42920,clomipramine,Middle,4 day,527,9,4,2,https://dbarchive.biosciencedbc.jp/data/open-tggates-pathological-images/LATEST/images/clomipramine/Liver/42920.svs,False
42922,clomipramine,Middle,4 day,527,9,5,2,https://dbarchive.biosciencedbc.jp/data/open-tggates-pathological-images/LATEST/images/clomipramine/Liver/42922.svs,False
42852,clomipramine,Control,8 day,527,2,1,2,https://dbarchive.biosciencedbc.jp/data/open-tggates-pathological-images/LATEST/images/clomipramine/Liver/42852.svs,False
42854,clomipramine,Control,8 day,527,2,2,2,https://dbarchive.biosciencedbc.jp/data/open-tggates-pathological-images/LATEST/images/clomipramine/Liver/42854.svs,False
42856,clomipramine,Control,8 day,527,2,3,2,https://dbarchive.biosciencedbc.jp/data/open-tggates-pathological-images/LATEST/images/clomipramine/Liver/42856.svs,False
42857,clomipramine,Control,8 day,527,2,4,2,https://dbarchive.biosciencedbc.jp/data/open-tggates-pathological-images/LATEST/images/clomipramine/Liver/42857.svs,False
42859,clomipramine,Control,8 day,527,2,5,2,https://dbarchive.biosciencedbc.jp/data/open-tggates-pathological-images/LATEST/images/clomipramine/Liver/42859.svs,False
42966,clomipramine,High,8 day,527,14,1,2,https://dbarchive.biosciencedbc.jp/data/open-tggates-pathological-images/LATEST/images/clomipramine/Liver/42966.svs,False
42968,clomipramine,High,8 day,527,14,2,2,https://dbarchive.biosciencedbc.jp/data/open-tggates-pathological-images/LATEST/images/clomipramine/Liver/42968.svs,False
42970,clomipramine,High,8 day,527,14,3,2,https://dbarchive.biosciencedbc.jp/data/open-tggates-pathological-images/LATEST/images/clomipramine/Liver/42970.svs,False
42972,clomipramine,High,8 day,527,14,4,2,https://dbarchive.biosciencedbc.jp/data/open-tggates-pathological-images/LATEST/images/clomipramine/Liver/42972.svs,False
42974,clomipramine,High,8 day,527,14,5,2,https://dbarchive.biosciencedbc.jp/data/open-tggates-pathological-images/LATEST/images/clomipramine/Liver/42974.svs,False
42888,clomipramine,Low,8 day,527,6,1,2,https://dbarchive.biosciencedbc.jp/data/open-tggates-pathological-images/LATEST/images/clomipramine/Liver/42888.svs,False
42890,clomipramine,Low,8 day,527,6,2,2,https://dbarchive.biosciencedbc.jp/data/open-tggates-pathological-images/LATEST/images/clomipramine/Liver/42890.svs,False
42892,clomipramine,Low,8 day,527,6,3,2,https://dbarchive.biosciencedbc.jp/data/open-tggates-pathological-images/LATEST/images/clomipramine/Liver/42892.svs,False
42893,clomipramine,Low,8 day,527,6,4,2,https://dbarchive.biosciencedbc.jp/data/open-tggates-pathological-images/LATEST/images/clomipramine/Liver/42893.svs,False
42895,clomipramine,Low,8 day,527,6,5,2,https://dbarchive.biosciencedbc.jp/data/open-tggates-pathological-images/LATEST/images/clomipramine/Liver/42895.svs,False
42924,clomipramine,Middle,8 day,527,10,1,2,https://dbarchive.biosciencedbc.jp/data/open-tggates-pathological-images/LATEST/images/clomipramine/Liver/42924.svs,False
42925,clomipramine,Middle,8 day,527,10,2,2,https://dbarchive.biosciencedbc.jp/data/open-tggates-pathological-images/LATEST/images/clomipramine/Liver/42925.svs,False
42928,clomipramine,Middle,8 day,527,10,3,2,https://dbarchive.biosciencedbc.jp/data/open-tggates-pathological-images/LATEST/images/clomipramine/Liver/42928.svs,False
42930,clomipramine,Middle,8 day,527,10,4,2,https://dbarchive.biosciencedbc.jp/data/open-tggates-pathological-images/LATEST/images/clomipramine/Liver/42930.svs,False
42932,clomipramine,Middle,8 day,527,10,5,2,https://dbarchive.biosciencedbc.jp/data/open-tggates-pathological-images/LATEST/images/clomipramine/Liver/42932.svs,False
21833,diltiazem,Control,15 day,413,3,1,1,https://dbarchive.biosciencedbc.jp/data/open-tggates-pathological-images/LATEST/images/diltiazem/Liver/21833.svs,False
21838,diltiazem,Control,15 day,413,3,2,1,https://dbarchive.biosciencedbc.jp/data/open-tggates-pathological-images/LATEST/images/diltiazem/Liver/21838.svs,False
21843,diltiazem,Control,15 day,413,3,3,1,https://dbarchive.biosciencedbc.jp/data/open-tggates-pathological-images/LATEST/images/diltiazem/Liver/21843.svs,False
21847,diltiazem,Control,15 day,413,3,4,1,https://dbarchive.biosciencedbc.jp/data/open-tggates-pathological-images/LATEST/images/diltiazem/Liver/21847.svs,False
21852,diltiazem,Control,15 day,413,3,5,1,https://dbarchive.biosciencedbc.jp/data/open-tggates-pathological-images/LATEST/images/diltiazem/Liver/21852.svs,False
22170,diltiazem,High,15 day,413,15,1,1,https://dbarchive.biosciencedbc.jp/data/open-tggates-pathological-images/LATEST/images/diltiazem/Liver/22170.svs,False
22174,diltiazem,High,15 day,413,15,2,1,https://dbarchive.biosciencedbc.jp/data/open-tggates-pathological-images/LATEST/images/diltiazem/Liver/22174.svs,False
22180,diltiazem,High,15 day,413,15,3,1,https://dbarchive.biosciencedbc.jp/data/open-tggates-pathological-images/LATEST/images/diltiazem/Liver/22180.svs,False
22186,diltiazem,High,15 day,413,15,4,1,https://dbarchive.biosciencedbc.jp/data/open-tggates-pathological-images/LATEST/images/diltiazem/Liver/22186.svs,False
22191,diltiazem,High,15 day,413,15,5,1,https://dbarchive.biosciencedbc.jp/data/open-tggates-pathological-images/LATEST/images/diltiazem/Liver/22191.svs,False
21919,diltiazem,Low,15 day,413,7,1,1,https://dbarchive.biosciencedbc.jp/data/open-tggates-pathological-images/LATEST/images/diltiazem/Liver/21919.svs,False
21923,diltiazem,Low,15 day,413,7,2,1,https://dbarchive.biosciencedbc.jp/data/open-tggates-pathological-images/LATEST/images/diltiazem/Liver/21923.svs,False
21927,diltiazem,Low,15 day,413,7,3,1,https://dbarchive.biosciencedbc.jp/data/open-tggates-pathological-images/LATEST/images/diltiazem/Liver/21927.svs,False
21930,diltiazem,Low,15 day,413,7,4,1,https://dbarchive.biosciencedbc.jp/data/open-tggates-pathological-images/LATEST/images/diltiazem/Liver/21930.svs,False
21933,diltiazem,Low,15 day,413,7,5,1,https://dbarchive.biosciencedbc.jp/data/open-tggates-pathological-images/LATEST/images/diltiazem/Liver/21933.svs,False
22096,diltiazem,Middle,15 day,413,11,1,1,https://dbarchive.biosciencedbc.jp/data/open-tggates-pathological-images/LATEST/images/diltiazem/Liver/22096.svs,False
22100,diltiazem,Middle,15 day,413,11,2,1,https://dbarchive.biosciencedbc.jp/data/open-tggates-pathological-images/LATEST/images/diltiazem/Liver/22100.svs,False
22104,diltiazem,Middle,15 day,413,11,3,1,https://dbarchive.biosciencedbc.jp/data/open-tggates-pathological-images/LATEST/images/diltiazem/Liver/22104.svs,False
22108,diltiazem,Middle,15 day,413,11,4,1,https://dbarchive.biosciencedbc.jp/data/open-tggates-pathological-images/LATEST/images/diltiazem/Liver/22108.svs,False
22113,diltiazem,Middle,15 day,413,11,5,1,https://dbarchive.biosciencedbc.jp/data/open-tggates-pathological-images/LATEST/images/diltiazem/Liver/22113.svs,False
21857,diltiazem,Control,29 day,413,4,1,1,https://dbarchive.biosciencedbc.jp/data/open-tggates-pathological-images/LATEST/images/diltiazem/Liver/21857.svs,False
21862,diltiazem,Control,29 day,413,4,2,1,https://dbarchive.biosciencedbc.jp/data/open-tggates-pathological-images/LATEST/images/diltiazem/Liver/21862.svs,False
21867,diltiazem,Control,29 day,413,4,3,1,https://dbarchive.biosciencedbc.jp/data/open-tggates-pathological-images/LATEST/images/diltiazem/Liver/21867.svs,False
21872,diltiazem,Control,29 day,413,4,4,1,https://dbarchive.biosciencedbc.jp/data/open-tggates-pathological-images/LATEST/images/diltiazem/Liver/21872.svs,False
21876,diltiazem,Control,29 day,413,4,5,1,https://dbarchive.biosciencedbc.jp/data/open-tggates-pathological-images/LATEST/images/diltiazem/Liver/21876.svs,False
22197,diltiazem,High,29 day,413,16,1,1,https://dbarchive.biosciencedbc.jp/data/open-tggates-pathological-images/LATEST/images/diltiazem/Liver/22197.svs,False
22203,diltiazem,High,29 day,413,16,2,1,https://dbarchive.biosciencedbc.jp/data/open-tggates-pathological-images/LATEST/images/diltiazem/Liver/22203.svs,False
22210,diltiazem,High,29 day,413,16,3,1,https://dbarchive.biosciencedbc.jp/data/open-tggates-pathological-images/LATEST/images/diltiazem/Liver/22210.svs,False
22216,diltiazem,High,29 day,413,16,4,1,https://dbarchive.biosciencedbc.jp/data/open-tggates-pathological-images/LATEST/images/diltiazem/Liver/22216.svs,False
21937,diltiazem,Low,29 day,413,8,1,1,https://dbarchive.biosciencedbc.jp/data/open-tggates-pathological-images/LATEST/images/diltiazem/Liver/21937.svs,False
21941,diltiazem,Low,29 day,413,8,2,1,https://dbarchive.biosciencedbc.jp/data/open-tggates-pathological-images/LATEST/images/diltiazem/Liver/21941.svs,False
21945,diltiazem,Low,29 day,413,8,3,1,https://dbarchive.biosciencedbc.jp/data/open-tggates-pathological-images/LATEST/images/diltiazem/Liver/21945.svs,False
21949,diltiazem,Low,29 day,413,8,4,1,https://dbarchive.biosciencedbc.jp/data/open-tggates-pathological-images/LATEST/images/diltiazem/Liver/21949.svs,False
21952,diltiazem,Low,29 day,413,8,5,1,https://dbarchive.biosciencedbc.jp/data/open-tggates-pathological-images/LATEST/images/diltiazem/Liver/21952.svs,False
22117,diltiazem,Middle,29 day,413,12,1,1,https://dbarchive.biosciencedbc.jp/data/open-tggates-pathological-images/LATEST/images/diltiazem/Liver/22117.svs,False
22121,diltiazem,Middle,29 day,413,12,2,1,https://dbarchive.biosciencedbc.jp/data/open-tggates-pathological-images/LATEST/images/diltiazem/Liver/22121.svs,False
22126,diltiazem,Middle,29 day,413,12,3,1,https://dbarchive.biosciencedbc.jp/data/open-tggates-pathological-images/LATEST/images/diltiazem/Liver/22126.svs,False
22131,diltiazem,Middle,29 day,413,12,4,1,https://dbarchive.biosciencedbc.jp/data/open-tggates-pathological-images/LATEST/images/diltiazem/Liver/22131.svs,False
22135,diltiazem,Middle,29 day,413,12,5,1,https://dbarchive.biosciencedbc.jp/data/open-tggates-pathological-images/LATEST/images/diltiazem/Liver/22135.svs,False
21787,diltiazem,Control,4 day,413,1,1,1,https://dbarchive.biosciencedbc.jp/data/open-tggates-pathological-images/LATEST/images/diltiazem/Liver/21787.svs,False
21792,diltiazem,Control,4 day,413,1,2,1,https://dbarchive.biosciencedbc.jp/data/open-tggates-pathological-images/LATEST/images/diltiazem/Liver/21792.svs,False
21797,diltiazem,Control,4 day,413,1,3,1,https://dbarchive.biosciencedbc.jp/data/open-tggates-pathological-images/LATEST/images/diltiazem/Liver/21797.svs,False
21801,diltiazem,Control,4 day,413,1,4,1,https://dbarchive.biosciencedbc.jp/data/open-tggates-pathological-images/LATEST/images/diltiazem/Liver/21801.svs,False
21806,diltiazem,Control,4 day,413,1,5,1,https://dbarchive.biosciencedbc.jp/data/open-tggates-pathological-images/LATEST/images/diltiazem/Liver/21806.svs,False
22140,diltiazem,High,4 day,413,13,1,1,https://dbarchive.biosciencedbc.jp/data/open-tggates-pathological-images/LATEST/images/diltiazem/Liver/22140.svs,False
22144,diltiazem,High,4 day,413,13,2,1,https://dbarchive.biosciencedbc.jp/data/open-tggates-pathological-images/LATEST/images/diltiazem/Liver/22144.svs,False
22147,diltiazem,High,4 day,413,13,3,1,https://dbarchive.biosciencedbc.jp/data/open-tggates-pathological-images/LATEST/images/diltiazem/Liver/22147.svs,False
22151,diltiazem,High,4 day,413,13,4,1,https://dbarchive.biosciencedbc.jp/data/open-tggates-pathological-images/LATEST/images/diltiazem/Liver/22151.svs,False
22155,diltiazem,High,4 day,413,13,5,1,https://dbarchive.biosciencedbc.jp/data/open-tggates-pathological-images/LATEST/images/diltiazem/Liver/22155.svs,False
21881,diltiazem,Low,4 day,413,5,1,1,https://dbarchive.biosciencedbc.jp/data/open-tggates-pathological-images/LATEST/images/diltiazem/Liver/21881.svs,False
21886,diltiazem,Low,4 day,413,5,2,1,https://dbarchive.biosciencedbc.jp/data/open-tggates-pathological-images/LATEST/images/diltiazem/Liver/21886.svs,False
21890,diltiazem,Low,4 day,413,5,3,1,https://dbarchive.biosciencedbc.jp/data/open-tggates-pathological-images/LATEST/images/diltiazem/Liver/21890.svs,False
21894,diltiazem,Low,4 day,413,5,4,1,https://dbarchive.biosciencedbc.jp/data/open-tggates-pathological-images/LATEST/images/diltiazem/Liver/21894.svs,False
21898,diltiazem,Low,4 day,413,5,5,1,https://dbarchive.biosciencedbc.jp/data/open-tggates-pathological-images/LATEST/images/diltiazem/Liver/21898.svs,False
22056,diltiazem,Middle,4 day,413,9,1,1,https://dbarchive.biosciencedbc.jp/data/open-tggates-pathological-images/LATEST/images/diltiazem/Liver/22056.svs,False
22060,diltiazem,Middle,4 day,413,9,2,1,https://dbarchive.biosciencedbc.jp/data/open-tggates-pathological-images/LATEST/images/diltiazem/Liver/22060.svs,False
22064,diltiazem,Middle,4 day,413,9,3,1,https://dbarchive.biosciencedbc.jp/data/open-tggates-pathological-images/LATEST/images/diltiazem/Liver/22064.svs,False
22068,diltiazem,Middle,4 day,413,9,4,1,https://dbarchive.biosciencedbc.jp/data/open-tggates-pathological-images/LATEST/images/diltiazem/Liver/22068.svs,False
22072,diltiazem,Middle,4 day,413,9,5,1,https://dbarchive.biosciencedbc.jp/data/open-tggates-pathological-images/LATEST/images/diltiazem/Liver/22072.svs,False
21810,diltiazem,Control,8 day,413,2,1,1,https://dbarchive.biosciencedbc.jp/data/open-tggates-pathological-images/LATEST/images/diltiazem/Liver/21810.svs,False
21815,diltiazem,Control,8 day,413,2,2,1,https://dbarchive.biosciencedbc.jp/data/open-tggates-pathological-images/LATEST/images/diltiazem/Liver/21815.svs,False
21819,diltiazem,Control,8 day,413,2,3,1,https://dbarchive.biosciencedbc.jp/data/open-tggates-pathological-images/LATEST/images/diltiazem/Liver/21819.svs,False
21824,diltiazem,Control,8 day,413,2,4,1,https://dbarchive.biosciencedbc.jp/data/open-tggates-pathological-images/LATEST/images/diltiazem/Liver/21824.svs,False
21828,diltiazem,Control,8 day,413,2,5,1,https://dbarchive.biosciencedbc.jp/data/open-tggates-pathological-images/LATEST/images/diltiazem/Liver/21828.svs,False
22159,diltiazem,High,8 day,413,14,1,1,https://dbarchive.biosciencedbc.jp/data/open-tggates-pathological-images/LATEST/images/diltiazem/Liver/22159.svs,False
22162,diltiazem,High,8 day,413,14,2,1,https://dbarchive.biosciencedbc.jp/data/open-tggates-pathological-images/LATEST/images/diltiazem/Liver/22162.svs,False
22164,diltiazem,High,8 day,413,14,3,1,https://dbarchive.biosciencedbc.jp/data/open-tggates-pathological-images/LATEST/images/diltiazem/Liver/22164.svs,False
22166,diltiazem,High,8 day,413,14,4,1,https://dbarchive.biosciencedbc.jp/data/open-tggates-pathological-images/LATEST/images/diltiazem/Liver/22166.svs,False
22168,diltiazem,High,8 day,413,14,5,1,https://dbarchive.biosciencedbc.jp/data/open-tggates-pathological-images/LATEST/images/diltiazem/Liver/22168.svs,False
21901,diltiazem,Low,8 day,413,6,1,1,https://dbarchive.biosciencedbc.jp/data/open-tggates-pathological-images/LATEST/images/diltiazem/Liver/21901.svs,False
21905,diltiazem,Low,8 day,413,6,2,1,https://dbarchive.biosciencedbc.jp/data/open-tggates-pathological-images/LATEST/images/diltiazem/Liver/21905.svs,False
21909,diltiazem,Low,8 day,413,6,3,1,https://dbarchive.biosciencedbc.jp/data/open-tggates-pathological-images/LATEST/images/diltiazem/Liver/21909.svs,False
21912,diltiazem,Low,8 day,413,6,4,1,https://dbarchive.biosciencedbc.jp/data/open-tggates-pathological-images/LATEST/images/diltiazem/Liver/21912.svs,False
21916,diltiazem,Low,8 day,413,6,5,1,https://dbarchive.biosciencedbc.jp/data/open-tggates-pathological-images/LATEST/images/diltiazem/Liver/21916.svs,False
22076,diltiazem,Middle,8 day,413,10,1,1,https://dbarchive.biosciencedbc.jp/data/open-tggates-pathological-images/LATEST/images/diltiazem/Liver/22076.svs,False
22080,diltiazem,Middle,8 day,413,10,2,1,https://dbarchive.biosciencedbc.jp/data/open-tggates-pathological-images/LATEST/images/diltiazem/Liver/22080.svs,False
22084,diltiazem,Middle,8 day,413,10,3,1,https://dbarchive.biosciencedbc.jp/data/open-tggates-pathological-images/LATEST/images/diltiazem/Liver/22084.svs,False
22088,diltiazem,Middle,8 day,413,10,4,1,https://dbarchive.biosciencedbc.jp/data/open-tggates-pathological-images/LATEST/images/diltiazem/Liver/22088.svs,False
22092,diltiazem,Middle,8 day,413,10,5,1,https://dbarchive.biosciencedbc.jp/data/open-tggates-pathological-images/LATEST/images/diltiazem/Liver/22092.svs,False
38342,disopyramide,Control,15 day,463,3,1,1,https://dbarchive.biosciencedbc.jp/data/open-tggates-pathological-images/LATEST/images/disopyramide/Liver/38342.svs,False
38348,disopyramide,Control,15 day,463,3,2,1,https://dbarchive.biosciencedbc.jp/data/open-tggates-pathological-images/LATEST/images/disopyramide/Liver/38348.svs,False
38353,disopyramide,Control,15 day,463,3,3,1,https://dbarchive.biosciencedbc.jp/data/open-tggates-pathological-images/LATEST/images/disopyramide/Liver/38353.svs,False
38359,disopyramide,Control,15 day,463,3,4,1,https://dbarchive.biosciencedbc.jp/data/open-tggates-pathological-images/LATEST/images/disopyramide/Liver/38359.svs,False
38364,disopyramide,Control,15 day,463,3,5,1,https://dbarchive.biosciencedbc.jp/data/open-tggates-pathological-images/LATEST/images/disopyramide/Liver/38364.svs,False
38638,disopyramide,High,15 day,463,15,1,1,https://dbarchive.biosciencedbc.jp/data/open-tggates-pathological-images/LATEST/images/disopyramide/Liver/38638.svs,False
38643,disopyramide,High,15 day,463,15,2,1,https://dbarchive.biosciencedbc.jp/data/open-tggates-pathological-images/LATEST/images/disopyramide/Liver/38643.svs,False
38649,disopyramide,High,15 day,463,15,3,1,https://dbarchive.biosciencedbc.jp/data/open-tggates-pathological-images/LATEST/images/disopyramide/Liver/38649.svs,False
38654,disopyramide,High,15 day,463,15,4,1,https://dbarchive.biosciencedbc.jp/data/open-tggates-pathological-images/LATEST/images/disopyramide/Liver/38654.svs,False
38659,disopyramide,High,15 day,463,15,5,1,https://dbarchive.biosciencedbc.jp/data/open-tggates-pathological-images/LATEST/images/disopyramide/Liver/38659.svs,False
38445,disopyramide,Low,15 day,463,7,1,1,https://dbarchive.biosciencedbc.jp/data/open-tggates-pathological-images/LATEST/images/disopyramide/Liver/38445.svs,False
38450,disopyramide,Low,15 day,463,7,2,1,https://dbarchive.biosciencedbc.jp/data/open-tggates-pathological-images/LATEST/images/disopyramide/Liver/38450.svs,False
38455,disopyramide,Low,15 day,463,7,3,1,https://dbarchive.biosciencedbc.jp/data/open-tggates-pathological-images/LATEST/images/disopyramide/Liver/38455.svs,False
38459,disopyramide,Low,15 day,463,7,4,1,https://dbarchive.biosciencedbc.jp/data/open-tggates-pathological-images/LATEST/images/disopyramide/Liver/38459.svs,False
38464,disopyramide,Low,15 day,463,7,5,1,https://dbarchive.biosciencedbc.jp/data/open-tggates-pathological-images/LATEST/images/disopyramide/Liver/38464.svs,False
38539,disopyramide,Middle,15 day,463,11,1,1,https://dbarchive.biosciencedbc.jp/data/open-tggates-pathological-images/LATEST/images/disopyramide/Liver/38539.svs,False
38544,disopyramide,Middle,15 day,463,11,2,1,https://dbarchive.biosciencedbc.jp/data/open-tggates-pathological-images/LATEST/images/disopyramide/Liver/38544.svs,False
38549,disopyramide,Middle,15 day,463,11,3,1,https://dbarchive.biosciencedbc.jp/data/open-tggates-pathological-images/LATEST/images/disopyramide/Liver/38549.svs,False
38553,disopyramide,Middle,15 day,463,11,4,1,https://dbarchive.biosciencedbc.jp/data/open-tggates-pathological-images/LATEST/images/disopyramide/Liver/38553.svs,False
38558,disopyramide,Middle,15 day,463,11,5,1,https://dbarchive.biosciencedbc.jp/data/open-tggates-pathological-images/LATEST/images/disopyramide/Liver/38558.svs,False
38370,disopyramide,Control,29 day,463,4,1,1,https://dbarchive.biosciencedbc.jp/data/open-tggates-pathological-images/LATEST/images/disopyramide/Liver/38370.svs,False
38376,disopyramide,Control,29 day,463,4,2,1,https://dbarchive.biosciencedbc.jp/data/open-tggates-pathological-images/LATEST/images/disopyramide/Liver/38376.svs,False
38382,disopyramide,Control,29 day,463,4,3,1,https://dbarchive.biosciencedbc.jp/data/open-tggates-pathological-images/LATEST/images/disopyramide/Liver/38382.svs,False
38387,disopyramide,Control,29 day,463,4,4,1,https://dbarchive.biosciencedbc.jp/data/open-tggates-pathological-images/LATEST/images/disopyramide/Liver/38387.svs,False
38393,disopyramide,Control,29 day,463,4,5,1,https://dbarchive.biosciencedbc.jp/data/open-tggates-pathological-images/LATEST/images/disopyramide/Liver/38393.svs,False
38665,disopyramide,High,29 day,463,16,2,1,https://dbarchive.biosciencedbc.jp/data/open-tggates-pathological-images/LATEST/images/disopyramide/Liver/38665.svs,False
38670,disopyramide,High,29 day,463,16,3,1,https://dbarchive.biosciencedbc.jp/data/open-tggates-pathological-images/LATEST/images/disopyramide/Liver/38670.svs,False
38674,disopyramide,High,29 day,463,16,4,1,https://dbarchive.biosciencedbc.jp/data/open-tggates-pathological-images/LATEST/images/disopyramide/Liver/38674.svs,False
38679,disopyramide,High,29 day,463,16,5,1,https://dbarchive.biosciencedbc.jp/data/open-tggates-pathological-images/LATEST/images/disopyramide/Liver/38679.svs,False
38469,disopyramide,Low,29 day,463,8,1,1,https://dbarchive.biosciencedbc.jp/data/open-tggates-pathological-images/LATEST/images/disopyramide/Liver/38469.svs,False
38474,disopyramide,Low,29 day,463,8,2,1,https://dbarchive.biosciencedbc.jp/data/open-tggates-pathological-images/LATEST/images/disopyramide/Liver/38474.svs,False
38479,disopyramide,Low,29 day,463,8,3,1,https://dbarchive.biosciencedbc.jp/data/open-tggates-pathological-images/LATEST/images/disopyramide/Liver/38479.svs,False
38484,disopyramide,Low,29 day,463,8,4,1,https://dbarchive.biosciencedbc.jp/data/open-tggates-pathological-images/LATEST/images/disopyramide/Liver/38484.svs,False
38488,disopyramide,Low,29 day,463,8,5,1,https://dbarchive.biosciencedbc.jp/data/open-tggates-pathological-images/LATEST/images/disopyramide/Liver/38488.svs,False
38563,disopyramide,Middle,29 day,463,12,1,1,https://dbarchive.biosciencedbc.jp/data/open-tggates-pathological-images/LATEST/images/disopyramide/Liver/38563.svs,False
38569,disopyramide,Middle,29 day,463,12,2,1,https://dbarchive.biosciencedbc.jp/data/open-tggates-pathological-images/LATEST/images/disopyramide/Liver/38569.svs,False
38573,disopyramide,Middle,29 day,463,12,3,1,https://dbarchive.biosciencedbc.jp/data/open-tggates-pathological-images/LATEST/images/disopyramide/Liver/38573.svs,False
38578,disopyramide,Middle,29 day,463,12,4,1,https://dbarchive.biosciencedbc.jp/data/open-tggates-pathological-images/LATEST/images/disopyramide/Liver/38578.svs,False
38583,disopyramide,Middle,29 day,463,12,5,1,https://dbarchive.biosciencedbc.jp/data/open-tggates-pathological-images/LATEST/images/disopyramide/Liver/38583.svs,False
38289,disopyramide,Control,4 day,463,1,1,1,https://dbarchive.biosciencedbc.jp/data/open-tggates-pathological-images/LATEST/images/disopyramide/Liver/38289.svs,False
38295,disopyramide,Control,4 day,463,1,2,1,https://dbarchive.biosciencedbc.jp/data/open-tggates-pathological-images/LATEST/images/disopyramide/Liver/38295.svs,False
38300,disopyramide,Control,4 day,463,1,3,1,https://dbarchive.biosciencedbc.jp/data/open-tggates-pathological-images/LATEST/images/disopyramide/Liver/38300.svs,False
38305,disopyramide,Control,4 day,463,1,4,1,https://dbarchive.biosciencedbc.jp/data/open-tggates-pathological-images/LATEST/images/disopyramide/Liver/38305.svs,False
38310,disopyramide,Control,4 day,463,1,5,1,https://dbarchive.biosciencedbc.jp/data/open-tggates-pathological-images/LATEST/images/disopyramide/Liver/38310.svs,False
38588,disopyramide,High,4 day,463,13,1,1,https://dbarchive.biosciencedbc.jp/data/open-tggates-pathological-images/LATEST/images/disopyramide/Liver/38588.svs,False
38593,disopyramide,High,4 day,463,13,2,1,https://dbarchive.biosciencedbc.jp/data/open-tggates-pathological-images/LATEST/images/disopyramide/Liver/38593.svs,False
38598,disopyramide,High,4 day,463,13,3,1,https://dbarchive.biosciencedbc.jp/data/open-tggates-pathological-images/LATEST/images/disopyramide/Liver/38598.svs,False
38603,disopyramide,High,4 day,463,13,4,1,https://dbarchive.biosciencedbc.jp/data/open-tggates-pathological-images/LATEST/images/disopyramide/Liver/38603.svs,False
38608,disopyramide,High,4 day,463,13,5,1,https://dbarchive.biosciencedbc.jp/data/open-tggates-pathological-images/LATEST/images/disopyramide/Liver/38608.svs,False
38398,disopyramide,Low,4 day,463,5,1,1,https://dbarchive.biosciencedbc.jp/data/open-tggates-pathological-images/LATEST/images/disopyramide/Liver/38398.svs,False
38403,disopyramide,Low,4 day,463,5,2,1,https://dbarchive.biosciencedbc.jp/data/open-tggates-pathological-images/LATEST/images/disopyramide/Liver/38403.svs,False
38407,disopyramide,Low,4 day,463,5,3,1,https://dbarchive.biosciencedbc.jp/data/open-tggates-pathological-images/LATEST/images/disopyramide/Liver/38407.svs,False
38412,disopyramide,Low,4 day,463,5,4,1,https://dbarchive.biosciencedbc.jp/data/open-tggates-pathological-images/LATEST/images/disopyramide/Liver/38412.svs,False
38417,disopyramide,Low,4 day,463,5,5,1,https://dbarchive.biosciencedbc.jp/data/open-tggates-pathological-images/LATEST/images/disopyramide/Liver/38417.svs,False
38493,disopyramide,Middle,4 day,463,9,1,1,https://dbarchive.biosciencedbc.jp/data/open-tggates-pathological-images/LATEST/images/disopyramide/Liver/38493.svs,False
38497,disopyramide,Middle,4 day,463,9,2,1,https://dbarchive.biosciencedbc.jp/data/open-tggates-pathological-images/LATEST/images/disopyramide/Liver/38497.svs,False
38502,disopyramide,Middle,4 day,463,9,3,1,https://dbarchive.biosciencedbc.jp/data/open-tggates-pathological-images/LATEST/images/disopyramide/Liver/38502.svs,False
38507,disopyramide,Middle,4 day,463,9,4,1,https://dbarchive.biosciencedbc.jp/data/open-tggates-pathological-images/LATEST/images/disopyramide/Liver/38507.svs,False
38512,disopyramide,Middle,4 day,463,9,5,1,https://dbarchive.biosciencedbc.jp/data/open-tggates-pathological-images/LATEST/images/disopyramide/Liver/38512.svs,False
38316,disopyramide,Control,8 day,463,2,1,1,https://dbarchive.biosciencedbc.jp/data/open-tggates-pathological-images/LATEST/images/disopyramide/Liver/38316.svs,False
38321,disopyramide,Control,8 day,463,2,2,1,https://dbarchive.biosciencedbc.jp/data/open-tggates-pathological-images/LATEST/images/disopyramide/Liver/38321.svs,False
38326,disopyramide,Control,8 day,463,2,3,1,https://dbarchive.biosciencedbc.jp/data/open-tggates-pathological-images/LATEST/images/disopyramide/Liver/38326.svs,False
38332,disopyramide,Control,8 day,463,2,4,1,https://dbarchive.biosciencedbc.jp/data/open-tggates-pathological-images/LATEST/images/disopyramide/Liver/38332.svs,False
38337,disopyramide,Control,8 day,463,2,5,1,https://dbarchive.biosciencedbc.jp/data/open-tggates-pathological-images/LATEST/images/disopyramide/Liver/38337.svs,False
38613,disopyramide,High,8 day,463,14,1,1,https://dbarchive.biosciencedbc.jp/data/open-tggates-pathological-images/LATEST/images/disopyramide/Liver/38613.svs,False
38618,disopyramide,High,8 day,463,14,2,1,https://dbarchive.biosciencedbc.jp/data/open-tggates-pathological-images/LATEST/images/disopyramide/Liver/38618.svs,False
38623,disopyramide,High,8 day,463,14,3,1,https://dbarchive.biosciencedbc.jp/data/open-tggates-pathological-images/LATEST/images/disopyramide/Liver/38623.svs,False
38628,disopyramide,High,8 day,463,14,4,1,https://dbarchive.biosciencedbc.jp/data/open-tggates-pathological-images/LATEST/images/disopyramide/Liver/38628.svs,False
38635,disopyramide,High,8 day,463,14,5,1,https://dbarchive.biosciencedbc.jp/data/open-tggates-pathological-images/LATEST/images/disopyramide/Liver/38635.svs,False
38422,disopyramide,Low,8 day,463,6,1,1,https://dbarchive.biosciencedbc.jp/data/open-tggates-pathological-images/LATEST/images/disopyramide/Liver/38422.svs,False
38426,disopyramide,Low,8 day,463,6,2,1,https://dbarchive.biosciencedbc.jp/data/open-tggates-pathological-images/LATEST/images/disopyramide/Liver/38426.svs,False
38431,disopyramide,Low,8 day,463,6,3,1,https://dbarchive.biosciencedbc.jp/data/open-tggates-pathological-images/LATEST/images/disopyramide/Liver/38431.svs,False
38436,disopyramide,Low,8 day,463,6,4,1,https://dbarchive.biosciencedbc.jp/data/open-tggates-pathological-images/LATEST/images/disopyramide/Liver/38436.svs,False
38440,disopyramide,Low,8 day,463,6,5,1,https://dbarchive.biosciencedbc.jp/data/open-tggates-pathological-images/LATEST/images/disopyramide/Liver/38440.svs,False
38516,disopyramide,Middle,8 day,463,10,1,1,https://dbarchive.biosciencedbc.jp/data/open-tggates-pathological-images/LATEST/images/disopyramide/Liver/38516.svs,False
38521,disopyramide,Middle,8 day,463,10,2,1,https://dbarchive.biosciencedbc.jp/data/open-tggates-pathological-images/LATEST/images/disopyramide/Liver/38521.svs,False
38524,disopyramide,Middle,8 day,463,10,3,1,https://dbarchive.biosciencedbc.jp/data/open-tggates-pathological-images/LATEST/images/disopyramide/Liver/38524.svs,False
38530,disopyramide,Middle,8 day,463,10,4,1,https://dbarchive.biosciencedbc.jp/data/open-tggates-pathological-images/LATEST/images/disopyramide/Liver/38530.svs,False
38535,disopyramide,Middle,8 day,463,10,5,1,https://dbarchive.biosciencedbc.jp/data/open-tggates-pathological-images/LATEST/images/disopyramide/Liver/38535.svs,False
36069,ethambutol,Control,15 day,391,3,1,1,https://dbarchive.biosciencedbc.jp/data/open-tggates-pathological-images/LATEST/images/ethambutol/Liver/36069.svs,True
36076,ethambutol,Control,15 day,391,3,2,1,https://dbarchive.biosciencedbc.jp/data/open-tggates-pathological-images/LATEST/images/ethambutol/Liver/36076.svs,True
36082,ethambutol,Control,15 day,391,3,3,1,https://dbarchive.biosciencedbc.jp/data/open-tggates-pathological-images/LATEST/images/ethambutol/Liver/36082.svs,True
36089,ethambutol,Control,15 day,391,3,4,1,https://dbarchive.biosciencedbc.jp/data/open-tggates-pathological-images/LATEST/images/ethambutol/Liver/36089.svs,True
36095,ethambutol,Control,15 day,391,3,5,1,https://dbarchive.biosciencedbc.jp/data/open-tggates-pathological-images/LATEST/images/ethambutol/Liver/36095.svs,True
36460,ethambutol,High,15 day,391,15,1,1,https://dbarchive.biosciencedbc.jp/data/open-tggates-pathological-images/LATEST/images/ethambutol/Liver/36460.svs,True
36466,ethambutol,High,15 day,391,15,2,1,https://dbarchive.biosciencedbc.jp/data/open-tggates-pathological-images/LATEST/images/ethambutol/Liver/36466.svs,True
36473,ethambutol,High,15 day,391,15,3,1,https://dbarchive.biosciencedbc.jp/data/open-tggates-pathological-images/LATEST/images/ethambutol/Liver/36473.svs,True
36479,ethambutol,High,15 day,391,15,4,1,https://dbarchive.biosciencedbc.jp/data/open-tggates-pathological-images/LATEST/images/ethambutol/Liver/36479.svs,True
70607,ethambutol,High,15 day,391,15,5,1,https://dbarchive.biosciencedbc.jp/data/open-tggates-pathological-images/LATEST/images/ethambutol/Liver/70607.svs,True
36200,ethambutol,Low,15 day,391,7,1,1,https://dbarchive.biosciencedbc.jp/data/open-tggates-pathological-images/LATEST/images/ethambutol/Liver/36200.svs,True
36206,ethambutol,Low,15 day,391,7,2,1,https://dbarchive.biosciencedbc.jp/data/open-tggates-pathological-images/LATEST/images/ethambutol/Liver/36206.svs,True
36213,ethambutol,Low,15 day,391,7,3,1,https://dbarchive.biosciencedbc.jp/data/open-tggates-pathological-images/LATEST/images/ethambutol/Liver/36213.svs,True
36219,ethambutol,Low,15 day,391,7,4,1,https://dbarchive.biosciencedbc.jp/data/open-tggates-pathological-images/LATEST/images/ethambutol/Liver/36219.svs,True
36226,ethambutol,Low,15 day,391,7,5,1,https://dbarchive.biosciencedbc.jp/data/open-tggates-pathological-images/LATEST/images/ethambutol/Liver/36226.svs,True
36329,ethambutol,Middle,15 day,391,11,1,1,https://dbarchive.biosciencedbc.jp/data/open-tggates-pathological-images/LATEST/images/ethambutol/Liver/36329.svs,True
36335,ethambutol,Middle,15 day,391,11,2,1,https://dbarchive.biosciencedbc.jp/data/open-tggates-pathological-images/LATEST/images/ethambutol/Liver/36335.svs,True
36342,ethambutol,Middle,15 day,391,11,3,1,https://dbarchive.biosciencedbc.jp/data/open-tggates-pathological-images/LATEST/images/ethambutol/Liver/36342.svs,True
36349,ethambutol,Middle,15 day,391,11,4,1,https://dbarchive.biosciencedbc.jp/data/open-tggates-pathological-images/LATEST/images/ethambutol/Liver/36349.svs,True
36355,ethambutol,Middle,15 day,391,11,5,1,https://dbarchive.biosciencedbc.jp/data/open-tggates-pathological-images/LATEST/images/ethambutol/Liver/36355.svs,True
36101,ethambutol,Control,29 day,391,4,1,1,https://dbarchive.biosciencedbc.jp/data/open-tggates-pathological-images/LATEST/images/ethambutol/Liver/36101.svs,True
36108,ethambutol,Control,29 day,391,4,2,1,https://dbarchive.biosciencedbc.jp/data/open-tggates-pathological-images/LATEST/images/ethambutol/Liver/36108.svs,True
36115,ethambutol,Control,29 day,391,4,3,1,https://dbarchive.biosciencedbc.jp/data/open-tggates-pathological-images/LATEST/images/ethambutol/Liver/36115.svs,True
36124,ethambutol,Control,29 day,391,4,4,1,https://dbarchive.biosciencedbc.jp/data/open-tggates-pathological-images/LATEST/images/ethambutol/Liver/36124.svs,True
36130,ethambutol,Control,29 day,391,4,5,1,https://dbarchive.biosciencedbc.jp/data/open-tggates-pathological-images/LATEST/images/ethambutol/Liver/36130.svs,True
70608,ethambutol,High,29 day,391,16,2,1,https://dbarchive.biosciencedbc.jp/data/open-tggates-pathological-images/LATEST/images/ethambutol/Liver/70608.svs,True
70609,ethambutol,High,29 day,391,16,3,1,https://dbarchive.biosciencedbc.jp/data/open-tggates-pathological-images/LATEST/images/ethambutol/Liver/70609.svs,True
70610,ethambutol,High,29 day,391,16,4,1,https://dbarchive.biosciencedbc.jp/data/open-tggates-pathological-images/LATEST/images/ethambutol/Liver/70610.svs,True
36232,ethambutol,Low,29 day,391,8,1,1,https://dbarchive.biosciencedbc.jp/data/open-tggates-pathological-images/LATEST/images/ethambutol/Liver/36232.svs,True
36239,ethambutol,Low,29 day,391,8,2,1,https://dbarchive.biosciencedbc.jp/data/open-tggates-pathological-images/LATEST/images/ethambutol/Liver/36239.svs,True
36245,ethambutol,Low,29 day,391,8,3,1,https://dbarchive.biosciencedbc.jp/data/open-tggates-pathological-images/LATEST/images/ethambutol/Liver/36245.svs,True
36252,ethambutol,Low,29 day,391,8,4,1,https://dbarchive.biosciencedbc.jp/data/open-tggates-pathological-images/LATEST/images/ethambutol/Liver/36252.svs,True
36259,ethambutol,Low,29 day,391,8,5,1,https://dbarchive.biosciencedbc.jp/data/open-tggates-pathological-images/LATEST/images/ethambutol/Liver/36259.svs,True
36362,ethambutol,Middle,29 day,391,12,1,1,https://dbarchive.biosciencedbc.jp/data/open-tggates-pathological-images/LATEST/images/ethambutol/Liver/36362.svs,True
36368,ethambutol,Middle,29 day,391,12,2,1,https://dbarchive.biosciencedbc.jp/data/open-tggates-pathological-images/LATEST/images/ethambutol/Liver/36368.svs,True
36375,ethambutol,Middle,29 day,391,12,3,1,https://dbarchive.biosciencedbc.jp/data/open-tggates-pathological-images/LATEST/images/ethambutol/Liver/36375.svs,True
36381,ethambutol,Middle,29 day,391,12,4,1,https://dbarchive.biosciencedbc.jp/data/open-tggates-pathological-images/LATEST/images/ethambutol/Liver/36381.svs,True
36388,ethambutol,Middle,29 day,391,12,5,1,https://dbarchive.biosciencedbc.jp/data/open-tggates-pathological-images/LATEST/images/ethambutol/Liver/36388.svs,True
36008,ethambutol,Control,4 day,391,1,1,1,https://dbarchive.biosciencedbc.jp/data/open-tggates-pathological-images/LATEST/images/ethambutol/Liver/36008.svs,True
36014,ethambutol,Control,4 day,391,1,2,1,https://dbarchive.biosciencedbc.jp/data/open-tggates-pathological-images/LATEST/images/ethambutol/Liver/36014.svs,True
36020,ethambutol,Control,4 day,391,1,3,1,https://dbarchive.biosciencedbc.jp/data/open-tggates-pathological-images/LATEST/images/ethambutol/Liver/36020.svs,True
36027,ethambutol,Control,4 day,391,1,4,1,https://dbarchive.biosciencedbc.jp/data/open-tggates-pathological-images/LATEST/images/ethambutol/Liver/36027.svs,True
36033,ethambutol,Control,4 day,391,1,5,1,https://dbarchive.biosciencedbc.jp/data/open-tggates-pathological-images/LATEST/images/ethambutol/Liver/36033.svs,True
36395,ethambutol,High,4 day,391,13,1,1,https://dbarchive.biosciencedbc.jp/data/open-tggates-pathological-images/LATEST/images/ethambutol/Liver/36395.svs,True
36401,ethambutol,High,4 day,391,13,2,1,https://dbarchive.biosciencedbc.jp/data/open-tggates-pathological-images/LATEST/images/ethambutol/Liver/36401.svs,True
36407,ethambutol,High,4 day,391,13,3,1,https://dbarchive.biosciencedbc.jp/data/open-tggates-pathological-images/LATEST/images/ethambutol/Liver/36407.svs,True
36414,ethambutol,High,4 day,391,13,4,1,https://dbarchive.biosciencedbc.jp/data/open-tggates-pathological-images/LATEST/images/ethambutol/Liver/36414.svs,True
36421,ethambutol,High,4 day,391,13,5,1,https://dbarchive.biosciencedbc.jp/data/open-tggates-pathological-images/LATEST/images/ethambutol/Liver/36421.svs,True
36137,ethambutol,Low,4 day,391,5,1,1,https://dbarchive.biosciencedbc.jp/data/open-tggates-pathological-images/LATEST/images/ethambutol/Liver/36137.svs,True
36143,ethambutol,Low,4 day,391,5,2,1,https://dbarchive.biosciencedbc.jp/data/open-tggates-pathological-images/LATEST/images/ethambutol/Liver/36143.svs,True
36149,ethambutol,Low,4 day,391,5,3,1,https://dbarchive.biosciencedbc.jp/data/open-tggates-pathological-images/LATEST/images/ethambutol/Liver/36149.svs,True
36156,ethambutol,Low,4 day,391,5,4,1,https://dbarchive.biosciencedbc.jp/data/open-tggates-pathological-images/LATEST/images/ethambutol/Liver/36156.svs,True
36162,ethambutol,Low,4 day,391,5,5,1,https://dbarchive.biosciencedbc.jp/data/open-tggates-pathological-images/LATEST/images/ethambutol/Liver/36162.svs,True
36266,ethambutol,Middle,4 day,391,9,1,1,https://dbarchive.biosciencedbc.jp/data/open-tggates-pathological-images/LATEST/images/ethambutol/Liver/36266.svs,True
36272,ethambutol,Middle,4 day,391,9,2,1,https://dbarchive.biosciencedbc.jp/data/open-tggates-pathological-images/LATEST/images/ethambutol/Liver/36272.svs,True
36278,ethambutol,Middle,4 day,391,9,3,1,https://dbarchive.biosciencedbc.jp/data/open-tggates-pathological-images/LATEST/images/ethambutol/Liver/36278.svs,True
36284,ethambutol,Middle,4 day,391,9,4,1,https://dbarchive.biosciencedbc.jp/data/open-tggates-pathological-images/LATEST/images/ethambutol/Liver/36284.svs,True
36291,ethambutol,Middle,4 day,391,9,5,1,https://dbarchive.biosciencedbc.jp/data/open-tggates-pathological-images/LATEST/images/ethambutol/Liver/36291.svs,True
36039,ethambutol,Control,8 day,391,2,1,1,https://dbarchive.biosciencedbc.jp/data/open-tggates-pathological-images/LATEST/images/ethambutol/Liver/36039.svs,True
36045,ethambutol,Control,8 day,391,2,2,1,https://dbarchive.biosciencedbc.jp/data/open-tggates-pathological-images/LATEST/images/ethambutol/Liver/36045.svs,True
36051,ethambutol,Control,8 day,391,2,3,1,https://dbarchive.biosciencedbc.jp/data/open-tggates-pathological-images/LATEST/images/ethambutol/Liver/36051.svs,True
36057,ethambutol,Control,8 day,391,2,4,1,https://dbarchive.biosciencedbc.jp/data/open-tggates-pathological-images/LATEST/images/ethambutol/Liver/36057.svs,True
36063,ethambutol,Control,8 day,391,2,5,1,https://dbarchive.biosciencedbc.jp/data/open-tggates-pathological-images/LATEST/images/ethambutol/Liver/36063.svs,True
70606,ethambutol,High,8 day,391,14,1,1,https://dbarchive.biosciencedbc.jp/data/open-tggates-pathological-images/LATEST/images/ethambutol/Liver/70606.svs,True
36433,ethambutol,High,8 day,391,14,2,1,https://dbarchive.biosciencedbc.jp/data/open-tggates-pathological-images/LATEST/images/ethambutol/Liver/36433.svs,True
36440,ethambutol,High,8 day,391,14,3,1,https://dbarchive.biosciencedbc.jp/data/open-tggates-pathological-images/LATEST/images/ethambutol/Liver/36440.svs,True
36448,ethambutol,High,8 day,391,14,4,1,https://dbarchive.biosciencedbc.jp/data/open-tggates-pathological-images/LATEST/images/ethambutol/Liver/36448.svs,True
36454,ethambutol,High,8 day,391,14,5,1,https://dbarchive.biosciencedbc.jp/data/open-tggates-pathological-images/LATEST/images/ethambutol/Liver/36454.svs,True
36168,ethambutol,Low,8 day,391,6,1,1,https://dbarchive.biosciencedbc.jp/data/open-tggates-pathological-images/LATEST/images/ethambutol/Liver/36168.svs,True
36174,ethambutol,Low,8 day,391,6,2,1,https://dbarchive.biosciencedbc.jp/data/open-tggates-pathological-images/LATEST/images/ethambutol/Liver/36174.svs,True
36181,ethambutol,Low,8 day,391,6,3,1,https://dbarchive.biosciencedbc.jp/data/open-tggates-pathological-images/LATEST/images/ethambutol/Liver/36181.svs,True
36188,ethambutol,Low,8 day,391,6,4,1,https://dbarchive.biosciencedbc.jp/data/open-tggates-pathological-images/LATEST/images/ethambutol/Liver/36188.svs,True
36194,ethambutol,Low,8 day,391,6,5,1,https://dbarchive.biosciencedbc.jp/data/open-tggates-pathological-images/LATEST/images/ethambutol/Liver/36194.svs,True
36297,ethambutol,Middle,8 day,391,10,1,1,https://dbarchive.biosciencedbc.jp/data/open-tggates-pathological-images/LATEST/images/ethambutol/Liver/36297.svs,True
36304,ethambutol,Middle,8 day,391,10,2,1,https://dbarchive.biosciencedbc.jp/data/open-tggates-pathological-images/LATEST/images/ethambutol/Liver/36304.svs,True
36310,ethambutol,Middle,8 day,391,10,3,1,https://dbarchive.biosciencedbc.jp/data/open-tggates-pathological-images/LATEST/images/ethambutol/Liver/36310.svs,True
36316,ethambutol,Middle,8 day,391,10,4,1,https://dbarchive.biosciencedbc.jp/data/open-tggates-pathological-images/LATEST/images/ethambutol/Liver/36316.svs,True
36322,ethambutol,Middle,8 day,391,10,5,1,https://dbarchive.biosciencedbc.jp/data/open-tggates-pathological-images/LATEST/images/ethambutol/Liver/36322.svs,True
33583,ethinylestradiol,Control,15 day,305,3,1,1,https://dbarchive.biosciencedbc.jp/data/open-tggates-pathological-images/LATEST/images/ethinylestradiol/Liver/33583.svs,False
33585,ethinylestradiol,Control,15 day,305,3,2,1,https://dbarchive.biosciencedbc.jp/data/open-tggates-pathological-images/LATEST/images/ethinylestradiol/Liver/33585.svs,False
33586,ethinylestradiol,Control,15 day,305,3,3,1,https://dbarchive.biosciencedbc.jp/data/open-tggates-pathological-images/LATEST/images/ethinylestradiol/Liver/33586.svs,False
33589,ethinylestradiol,Control,15 day,305,3,4,1,https://dbarchive.biosciencedbc.jp/data/open-tggates-pathological-images/LATEST/images/ethinylestradiol/Liver/33589.svs,False
33592,ethinylestradiol,Control,15 day,305,3,5,1,https://dbarchive.biosciencedbc.jp/data/open-tggates-pathological-images/LATEST/images/ethinylestradiol/Liver/33592.svs,False
33695,ethinylestradiol,High,15 day,305,15,1,1,https://dbarchive.biosciencedbc.jp/data/open-tggates-pathological-images/LATEST/images/ethinylestradiol/Liver/33695.svs,False
33697,ethinylestradiol,High,15 day,305,15,2,1,https://dbarchive.biosciencedbc.jp/data/open-tggates-pathological-images/LATEST/images/ethinylestradiol/Liver/33697.svs,False
33698,ethinylestradiol,High,15 day,305,15,3,1,https://dbarchive.biosciencedbc.jp/data/open-tggates-pathological-images/LATEST/images/ethinylestradiol/Liver/33698.svs,False
33700,ethinylestradiol,High,15 day,305,15,4,1,https://dbarchive.biosciencedbc.jp/data/open-tggates-pathological-images/LATEST/images/ethinylestradiol/Liver/33700.svs,False
33701,ethinylestradiol,High,15 day,305,15,5,1,https://dbarchive.biosciencedbc.jp/data/open-tggates-pathological-images/LATEST/images/ethinylestradiol/Liver/33701.svs,False
33623,ethinylestradiol,Low,15 day,305,7,1,1,https://dbarchive.biosciencedbc.jp/data/open-tggates-pathological-images/LATEST/images/ethinylestradiol/Liver/33623.svs,False
33625,ethinylestradiol,Low,15 day,305,7,2,1,https://dbarchive.biosciencedbc.jp/data/open-tggates-pathological-images/LATEST/images/ethinylestradiol/Liver/33625.svs,False
33626,ethinylestradiol,Low,15 day,305,7,3,1,https://dbarchive.biosciencedbc.jp/data/open-tggates-pathological-images/LATEST/images/ethinylestradiol/Liver/33626.svs,False
33628,ethinylestradiol,Low,15 day,305,7,4,1,https://dbarchive.biosciencedbc.jp/data/open-tggates-pathological-images/LATEST/images/ethinylestradiol/Liver/33628.svs,False
33629,ethinylestradiol,Low,15 day,305,7,5,1,https://dbarchive.biosciencedbc.jp/data/open-tggates-pathological-images/LATEST/images/ethinylestradiol/Liver/33629.svs,False
33659,ethinylestradiol,Middle,15 day,305,11,1,1,https://dbarchive.biosciencedbc.jp/data/open-tggates-pathological-images/LATEST/images/ethinylestradiol/Liver/33659.svs,False
33662,ethinylestradiol,Middle,15 day,305,11,2,1,https://dbarchive.biosciencedbc.jp/data/open-tggates-pathological-images/LATEST/images/ethinylestradiol/Liver/33662.svs,False
33664,ethinylestradiol,Middle,15 day,305,11,3,1,https://dbarchive.biosciencedbc.jp/data/open-tggates-pathological-images/LATEST/images/ethinylestradiol/Liver/33664.svs,False
33665,ethinylestradiol,Middle,15 day,305,11,4,1,https://dbarchive.biosciencedbc.jp/data/open-tggates-pathological-images/LATEST/images/ethinylestradiol/Liver/33665.svs,False
33667,ethinylestradiol,Middle,15 day,305,11,5,1,https://dbarchive.biosciencedbc.jp/data/open-tggates-pathological-images/LATEST/images/ethinylestradiol/Liver/33667.svs,False
33593,ethinylestradiol,Control,29 day,305,4,1,1,https://dbarchive.biosciencedbc.jp/data/open-tggates-pathological-images/LATEST/images/ethinylestradiol/Liver/33593.svs,False
33596,ethinylestradiol,Control,29 day,305,4,2,1,https://dbarchive.biosciencedbc.jp/data/open-tggates-pathological-images/LATEST/images/ethinylestradiol/Liver/33596.svs,False
33598,ethinylestradiol,Control,29 day,305,4,3,1,https://dbarchive.biosciencedbc.jp/data/open-tggates-pathological-images/LATEST/images/ethinylestradiol/Liver/33598.svs,False
33599,ethinylestradiol,Control,29 day,305,4,4,1,https://dbarchive.biosciencedbc.jp/data/open-tggates-pathological-images/LATEST/images/ethinylestradiol/Liver/33599.svs,False
33601,ethinylestradiol,Control,29 day,305,4,5,1,https://dbarchive.biosciencedbc.jp/data/open-tggates-pathological-images/LATEST/images/ethinylestradiol/Liver/33601.svs,False
33703,ethinylestradiol,High,29 day,305,16,1,1,https://dbarchive.biosciencedbc.jp/data/open-tggates-pathological-images/LATEST/images/ethinylestradiol/Liver/33703.svs,False
33705,ethinylestradiol,High,29 day,305,16,2,1,https://dbarchive.biosciencedbc.jp/data/open-tggates-pathological-images/LATEST/images/ethinylestradiol/Liver/33705.svs,False
33706,ethinylestradiol,High,29 day,305,16,3,1,https://dbarchive.biosciencedbc.jp/data/open-tggates-pathological-images/LATEST/images/ethinylestradiol/Liver/33706.svs,False
33707,ethinylestradiol,High,29 day,305,16,4,1,https://dbarchive.biosciencedbc.jp/data/open-tggates-pathological-images/LATEST/images/ethinylestradiol/Liver/33707.svs,False
33709,ethinylestradiol,High,29 day,305,16,5,1,https://dbarchive.biosciencedbc.jp/data/open-tggates-pathological-images/LATEST/images/ethinylestradiol/Liver/33709.svs,False
33632,ethinylestradiol,Low,29 day,305,8,1,1,https://dbarchive.biosciencedbc.jp/data/open-tggates-pathological-images/LATEST/images/ethinylestradiol/Liver/33632.svs,False
33634,ethinylestradiol,Low,29 day,305,8,2,1,https://dbarchive.biosciencedbc.jp/data/open-tggates-pathological-images/LATEST/images/ethinylestradiol/Liver/33634.svs,False
33636,ethinylestradiol,Low,29 day,305,8,3,1,https://dbarchive.biosciencedbc.jp/data/open-tggates-pathological-images/LATEST/images/ethinylestradiol/Liver/33636.svs,False
33637,ethinylestradiol,Low,29 day,305,8,4,1,https://dbarchive.biosciencedbc.jp/data/open-tggates-pathological-images/LATEST/images/ethinylestradiol/Liver/33637.svs,False
33639,ethinylestradiol,Low,29 day,305,8,5,1,https://dbarchive.biosciencedbc.jp/data/open-tggates-pathological-images/LATEST/images/ethinylestradiol/Liver/33639.svs,False
33670,ethinylestradiol,Middle,29 day,305,12,1,1,https://dbarchive.biosciencedbc.jp/data/open-tggates-pathological-images/LATEST/images/ethinylestradiol/Liver/33670.svs,False
33672,ethinylestradiol,Middle,29 day,305,12,2,1,https://dbarchive.biosciencedbc.jp/data/open-tggates-pathological-images/LATEST/images/ethinylestradiol/Liver/33672.svs,False
33675,ethinylestradiol,Middle,29 day,305,12,3,1,https://dbarchive.biosciencedbc.jp/data/open-tggates-pathological-images/LATEST/images/ethinylestradiol/Liver/33675.svs,False
33676,ethinylestradiol,Middle,29 day,305,12,4,1,https://dbarchive.biosciencedbc.jp/data/open-tggates-pathological-images/LATEST/images/ethinylestradiol/Liver/33676.svs,False
33677,ethinylestradiol,Middle,29 day,305,12,5,1,https://dbarchive.biosciencedbc.jp/data/open-tggates-pathological-images/LATEST/images/ethinylestradiol/Liver/33677.svs,False
33561,ethinylestradiol,Control,4 day,305,1,1,1,https://dbarchive.biosciencedbc.jp/data/open-tggates-pathological-images/LATEST/images/ethinylestradiol/Liver/33561.svs,False
33563,ethinylestradiol,Control,4 day,305,1,2,1,https://dbarchive.biosciencedbc.jp/data/open-tggates-pathological-images/LATEST/images/ethinylestradiol/Liver/33563.svs,False
33566,ethinylestradiol,Control,4 day,305,1,3,1,https://dbarchive.biosciencedbc.jp/data/open-tggates-pathological-images/LATEST/images/ethinylestradiol/Liver/33566.svs,False
33568,ethinylestradiol,Control,4 day,305,1,4,1,https://dbarchive.biosciencedbc.jp/data/open-tggates-pathological-images/LATEST/images/ethinylestradiol/Liver/33568.svs,False
33571,ethinylestradiol,Control,4 day,305,1,5,1,https://dbarchive.biosciencedbc.jp/data/open-tggates-pathological-images/LATEST/images/ethinylestradiol/Liver/33571.svs,False
33680,ethinylestradiol,High,4 day,305,13,1,1,https://dbarchive.biosciencedbc.jp/data/open-tggates-pathological-images/LATEST/images/ethinylestradiol/Liver/33680.svs,False
33681,ethinylestradiol,High,4 day,305,13,2,1,https://dbarchive.biosciencedbc.jp/data/open-tggates-pathological-images/LATEST/images/ethinylestradiol/Liver/33681.svs,False
33682,ethinylestradiol,High,4 day,305,13,3,1,https://dbarchive.biosciencedbc.jp/data/open-tggates-pathological-images/LATEST/images/ethinylestradiol/Liver/33682.svs,False
33684,ethinylestradiol,High,4 day,305,13,4,1,https://dbarchive.biosciencedbc.jp/data/open-tggates-pathological-images/LATEST/images/ethinylestradiol/Liver/33684.svs,False
33685,ethinylestradiol,High,4 day,305,13,5,1,https://dbarchive.biosciencedbc.jp/data/open-tggates-pathological-images/LATEST/images/ethinylestradiol/Liver/33685.svs,False
33602,ethinylestradiol,Low,4 day,305,5,1,1,https://dbarchive.biosciencedbc.jp/data/open-tggates-pathological-images/LATEST/images/ethinylestradiol/Liver/33602.svs,False
33604,ethinylestradiol,Low,4 day,305,5,2,1,https://dbarchive.biosciencedbc.jp/data/open-tggates-pathological-images/LATEST/images/ethinylestradiol/Liver/33604.svs,False
33606,ethinylestradiol,Low,4 day,305,5,3,1,https://dbarchive.biosciencedbc.jp/data/open-tggates-pathological-images/LATEST/images/ethinylestradiol/Liver/33606.svs,False
33607,ethinylestradiol,Low,4 day,305,5,4,1,https://dbarchive.biosciencedbc.jp/data/open-tggates-pathological-images/LATEST/images/ethinylestradiol/Liver/33607.svs,False
33610,ethinylestradiol,Low,4 day,305,5,5,1,https://dbarchive.biosciencedbc.jp/data/open-tggates-pathological-images/LATEST/images/ethinylestradiol/Liver/33610.svs,False
33641,ethinylestradiol,Middle,4 day,305,9,1,1,https://dbarchive.biosciencedbc.jp/data/open-tggates-pathological-images/LATEST/images/ethinylestradiol/Liver/33641.svs,False
33643,ethinylestradiol,Middle,4 day,305,9,2,1,https://dbarchive.biosciencedbc.jp/data/open-tggates-pathological-images/LATEST/images/ethinylestradiol/Liver/33643.svs,False
33644,ethinylestradiol,Middle,4 day,305,9,3,1,https://dbarchive.biosciencedbc.jp/data/open-tggates-pathological-images/LATEST/images/ethinylestradiol/Liver/33644.svs,False
33646,ethinylestradiol,Middle,4 day,305,9,4,1,https://dbarchive.biosciencedbc.jp/data/open-tggates-pathological-images/LATEST/images/ethinylestradiol/Liver/33646.svs,False
33648,ethinylestradiol,Middle,4 day,305,9,5,1,https://dbarchive.biosciencedbc.jp/data/open-tggates-pathological-images/LATEST/images/ethinylestradiol/Liver/33648.svs,False
33573,ethinylestradiol,Control,8 day,305,2,1,1,https://dbarchive.biosciencedbc.jp/data/open-tggates-pathological-images/LATEST/images/ethinylestradiol/Liver/33573.svs,False
33575,ethinylestradiol,Control,8 day,305,2,2,1,https://dbarchive.biosciencedbc.jp/data/open-tggates-pathological-images/LATEST/images/ethinylestradiol/Liver/33575.svs,False
33576,ethinylestradiol,Control,8 day,305,2,3,1,https://dbarchive.biosciencedbc.jp/data/open-tggates-pathological-images/LATEST/images/ethinylestradiol/Liver/33576.svs,False
33578,ethinylestradiol,Control,8 day,305,2,4,1,https://dbarchive.biosciencedbc.jp/data/open-tggates-pathological-images/LATEST/images/ethinylestradiol/Liver/33578.svs,False
33580,ethinylestradiol,Control,8 day,305,2,5,1,https://dbarchive.biosciencedbc.jp/data/open-tggates-pathological-images/LATEST/images/ethinylestradiol/Liver/33580.svs,False
33687,ethinylestradiol,High,8 day,305,14,1,1,https://dbarchive.biosciencedbc.jp/data/open-tggates-pathological-images/LATEST/images/ethinylestradiol/Liver/33687.svs,False
33689,ethinylestradiol,High,8 day,305,14,2,1,https://dbarchive.biosciencedbc.jp/data/open-tggates-pathological-images/LATEST/images/ethinylestradiol/Liver/33689.svs,False
70513,ethinylestradiol,High,8 day,305,14,3,1,https://dbarchive.biosciencedbc.jp/data/open-tggates-pathological-images/LATEST/images/ethinylestradiol/Liver/70513.svs,False
33692,ethinylestradiol,High,8 day,305,14,4,1,https://dbarchive.biosciencedbc.jp/data/open-tggates-pathological-images/LATEST/images/ethinylestradiol/Liver/33692.svs,False
33693,ethinylestradiol,High,8 day,305,14,5,1,https://dbarchive.biosciencedbc.jp/data/open-tggates-pathological-images/LATEST/images/ethinylestradiol/Liver/33693.svs,False
33612,ethinylestradiol,Low,8 day,305,6,1,1,https://dbarchive.biosciencedbc.jp/data/open-tggates-pathological-images/LATEST/images/ethinylestradiol/Liver/33612.svs,False
33613,ethinylestradiol,Low,8 day,305,6,2,1,https://dbarchive.biosciencedbc.jp/data/open-tggates-pathological-images/LATEST/images/ethinylestradiol/Liver/33613.svs,False
33616,ethinylestradiol,Low,8 day,305,6,3,1,https://dbarchive.biosciencedbc.jp/data/open-tggates-pathological-images/LATEST/images/ethinylestradiol/Liver/33616.svs,False
33619,ethinylestradiol,Low,8 day,305,6,4,1,https://dbarchive.biosciencedbc.jp/data/open-tggates-pathological-images/LATEST/images/ethinylestradiol/Liver/33619.svs,False
33621,ethinylestradiol,Low,8 day,305,6,5,1,https://dbarchive.biosciencedbc.jp/data/open-tggates-pathological-images/LATEST/images/ethinylestradiol/Liver/33621.svs,False
33651,ethinylestradiol,Middle,8 day,305,10,1,1,https://dbarchive.biosciencedbc.jp/data/open-tggates-pathological-images/LATEST/images/ethinylestradiol/Liver/33651.svs,False
33653,ethinylestradiol,Middle,8 day,305,10,2,1,https://dbarchive.biosciencedbc.jp/data/open-tggates-pathological-images/LATEST/images/ethinylestradiol/Liver/33653.svs,False
33655,ethinylestradiol,Middle,8 day,305,10,3,1,https://dbarchive.biosciencedbc.jp/data/open-tggates-pathological-images/LATEST/images/ethinylestradiol/Liver/33655.svs,False
33656,ethinylestradiol,Middle,8 day,305,10,4,1,https://dbarchive.biosciencedbc.jp/data/open-tggates-pathological-images/LATEST/images/ethinylestradiol/Liver/33656.svs,False
33658,ethinylestradiol,Middle,8 day,305,10,5,1,https://dbarchive.biosciencedbc.jp/data/open-tggates-pathological-images/LATEST/images/ethinylestradiol/Liver/33658.svs,False
46307,ethionamide,Control,15 day,585,3,1,1,https://dbarchive.biosciencedbc.jp/data/open-tggates-pathological-images/LATEST/images/ethionamide/Liver/46307.svs,False
46308,ethionamide,Control,15 day,585,3,2,1,https://dbarchive.biosciencedbc.jp/data/open-tggates-pathological-images/LATEST/images/ethionamide/Liver/46308.svs,False
46310,ethionamide,Control,15 day,585,3,3,1,https://dbarchive.biosciencedbc.jp/data/open-tggates-pathological-images/LATEST/images/ethionamide/Liver/46310.svs,False
46312,ethionamide,Control,15 day,585,3,4,1,https://dbarchive.biosciencedbc.jp/data/open-tggates-pathological-images/LATEST/images/ethionamide/Liver/46312.svs,False
46313,ethionamide,Control,15 day,585,3,5,1,https://dbarchive.biosciencedbc.jp/data/open-tggates-pathological-images/LATEST/images/ethionamide/Liver/46313.svs,False
46414,ethionamide,High,15 day,585,15,2,1,https://dbarchive.biosciencedbc.jp/data/open-tggates-pathological-images/LATEST/images/ethionamide/Liver/46414.svs,False
46418,ethionamide,High,15 day,585,15,3,1,https://dbarchive.biosciencedbc.jp/data/open-tggates-pathological-images/LATEST/images/ethionamide/Liver/46418.svs,False
46421,ethionamide,High,15 day,585,15,5,1,https://dbarchive.biosciencedbc.jp/data/open-tggates-pathological-images/LATEST/images/ethionamide/Liver/46421.svs,False
46423,ethionamide,High,15 day,585,16,2,1,https://dbarchive.biosciencedbc.jp/data/open-tggates-pathological-images/LATEST/images/ethionamide/Liver/46423.svs,False
46426,ethionamide,High,15 day,585,16,3,1,https://dbarchive.biosciencedbc.jp/data/open-tggates-pathological-images/LATEST/images/ethionamide/Liver/46426.svs,False
46340,ethionamide,Low,15 day,585,7,1,1,https://dbarchive.biosciencedbc.jp/data/open-tggates-pathological-images/LATEST/images/ethionamide/Liver/46340.svs,False
46342,ethionamide,Low,15 day,585,7,2,1,https://dbarchive.biosciencedbc.jp/data/open-tggates-pathological-images/LATEST/images/ethionamide/Liver/46342.svs,False
46344,ethionamide,Low,15 day,585,7,3,1,https://dbarchive.biosciencedbc.jp/data/open-tggates-pathological-images/LATEST/images/ethionamide/Liver/46344.svs,False
46345,ethionamide,Low,15 day,585,7,4,1,https://dbarchive.biosciencedbc.jp/data/open-tggates-pathological-images/LATEST/images/ethionamide/Liver/46345.svs,False
46347,ethionamide,Low,15 day,585,7,5,1,https://dbarchive.biosciencedbc.jp/data/open-tggates-pathological-images/LATEST/images/ethionamide/Liver/46347.svs,False
46373,ethionamide,Middle,15 day,585,11,1,1,https://dbarchive.biosciencedbc.jp/data/open-tggates-pathological-images/LATEST/images/ethionamide/Liver/46373.svs,False
46374,ethionamide,Middle,15 day,585,11,2,1,https://dbarchive.biosciencedbc.jp/data/open-tggates-pathological-images/LATEST/images/ethionamide/Liver/46374.svs,False
46376,ethionamide,Middle,15 day,585,11,3,1,https://dbarchive.biosciencedbc.jp/data/open-tggates-pathological-images/LATEST/images/ethionamide/Liver/46376.svs,False
46378,ethionamide,Middle,15 day,585,11,4,1,https://dbarchive.biosciencedbc.jp/data/open-tggates-pathological-images/LATEST/images/ethionamide/Liver/46378.svs,False
46380,ethionamide,Middle,15 day,585,11,5,1,https://dbarchive.biosciencedbc.jp/data/open-tggates-pathological-images/LATEST/images/ethionamide/Liver/46380.svs,False
46315,ethionamide,Control,29 day,585,4,1,1,https://dbarchive.biosciencedbc.jp/data/open-tggates-pathological-images/LATEST/images/ethionamide/Liver/46315.svs,False
46316,ethionamide,Control,29 day,585,4,2,1,https://dbarchive.biosciencedbc.jp/data/open-tggates-pathological-images/LATEST/images/ethionamide/Liver/46316.svs,False
46318,ethionamide,Control,29 day,585,4,3,1,https://dbarchive.biosciencedbc.jp/data/open-tggates-pathological-images/LATEST/images/ethionamide/Liver/46318.svs,False
46320,ethionamide,Control,29 day,585,4,4,1,https://dbarchive.biosciencedbc.jp/data/open-tggates-pathological-images/LATEST/images/ethionamide/Liver/46320.svs,False
70095,ethionamide,Control,29 day,585,4,5,1,https://dbarchive.biosciencedbc.jp/data/open-tggates-pathological-images/LATEST/images/ethionamide/Liver/70095.svs,False
46348,ethionamide,Low,29 day,585,8,1,1,https://dbarchive.biosciencedbc.jp/data/open-tggates-pathological-images/LATEST/images/ethionamide/Liver/46348.svs,False
46350,ethionamide,Low,29 day,585,8,2,1,https://dbarchive.biosciencedbc.jp/data/open-tggates-pathological-images/LATEST/images/ethionamide/Liver/46350.svs,False
46352,ethionamide,Low,29 day,585,8,3,1,https://dbarchive.biosciencedbc.jp/data/open-tggates-pathological-images/LATEST/images/ethionamide/Liver/46352.svs,False
46354,ethionamide,Low,29 day,585,8,4,1,https://dbarchive.biosciencedbc.jp/data/open-tggates-pathological-images/LATEST/images/ethionamide/Liver/46354.svs,False
46355,ethionamide,Low,29 day,585,8,5,1,https://dbarchive.biosciencedbc.jp/data/open-tggates-pathological-images/LATEST/images/ethionamide/Liver/46355.svs,False
46382,ethionamide,Middle,29 day,585,12,1,1,https://dbarchive.biosciencedbc.jp/data/open-tggates-pathological-images/LATEST/images/ethionamide/Liver/46382.svs,False
46384,ethionamide,Middle,29 day,585,12,2,1,https://dbarchive.biosciencedbc.jp/data/open-tggates-pathological-images/LATEST/images/ethionamide/Liver/46384.svs,False
46386,ethionamide,Middle,29 day,585,12,3,1,https://dbarchive.biosciencedbc.jp/data/open-tggates-pathological-images/LATEST/images/ethionamide/Liver/46386.svs,False
46387,ethionamide,Middle,29 day,585,12,4,1,https://dbarchive.biosciencedbc.jp/data/open-tggates-pathological-images/LATEST/images/ethionamide/Liver/46387.svs,False
46389,ethionamide,Middle,29 day,585,12,5,1,https://dbarchive.biosciencedbc.jp/data/open-tggates-pathological-images/LATEST/images/ethionamide/Liver/46389.svs,False
46290,ethionamide,Control,4 day,585,1,1,1,https://dbarchive.biosciencedbc.jp/data/open-tggates-pathological-images/LATEST/images/ethionamide/Liver/46290.svs,False
46292,ethionamide,Control,4 day,585,1,2,1,https://dbarchive.biosciencedbc.jp/data/open-tggates-pathological-images/LATEST/images/ethionamide/Liver/46292.svs,False
46294,ethionamide,Control,4 day,585,1,3,1,https://dbarchive.biosciencedbc.jp/data/open-tggates-pathological-images/LATEST/images/ethionamide/Liver/46294.svs,False
46295,ethionamide,Control,4 day,585,1,4,1,https://dbarchive.biosciencedbc.jp/data/open-tggates-pathological-images/LATEST/images/ethionamide/Liver/46295.svs,False
46297,ethionamide,Control,4 day,585,1,5,1,https://dbarchive.biosciencedbc.jp/data/open-tggates-pathological-images/LATEST/images/ethionamide/Liver/46297.svs,False
46391,ethionamide,High,4 day,585,13,1,1,https://dbarchive.biosciencedbc.jp/data/open-tggates-pathological-images/LATEST/images/ethionamide/Liver/46391.svs,False
46395,ethionamide,High,4 day,585,13,2,1,https://dbarchive.biosciencedbc.jp/data/open-tggates-pathological-images/LATEST/images/ethionamide/Liver/46395.svs,False
46397,ethionamide,High,4 day,585,13,3,1,https://dbarchive.biosciencedbc.jp/data/open-tggates-pathological-images/LATEST/images/ethionamide/Liver/46397.svs,False
46400,ethionamide,High,4 day,585,13,4,1,https://dbarchive.biosciencedbc.jp/data/open-tggates-pathological-images/LATEST/images/ethionamide/Liver/46400.svs,False
46403,ethionamide,High,4 day,585,13,5,1,https://dbarchive.biosciencedbc.jp/data/open-tggates-pathological-images/LATEST/images/ethionamide/Liver/46403.svs,False
46323,ethionamide,Low,4 day,585,5,1,1,https://dbarchive.biosciencedbc.jp/data/open-tggates-pathological-images/LATEST/images/ethionamide/Liver/46323.svs,False
46325,ethionamide,Low,4 day,585,5,2,1,https://dbarchive.biosciencedbc.jp/data/open-tggates-pathological-images/LATEST/images/ethionamide/Liver/46325.svs,False
46326,ethionamide,Low,4 day,585,5,3,1,https://dbarchive.biosciencedbc.jp/data/open-tggates-pathological-images/LATEST/images/ethionamide/Liver/46326.svs,False
46328,ethionamide,Low,4 day,585,5,4,1,https://dbarchive.biosciencedbc.jp/data/open-tggates-pathological-images/LATEST/images/ethionamide/Liver/46328.svs,False
46330,ethionamide,Low,4 day,585,5,5,1,https://dbarchive.biosciencedbc.jp/data/open-tggates-pathological-images/LATEST/images/ethionamide/Liver/46330.svs,False
46357,ethionamide,Middle,4 day,585,9,1,1,https://dbarchive.biosciencedbc.jp/data/open-tggates-pathological-images/LATEST/images/ethionamide/Liver/46357.svs,False
46358,ethionamide,Middle,4 day,585,9,2,1,https://dbarchive.biosciencedbc.jp/data/open-tggates-pathological-images/LATEST/images/ethionamide/Liver/46358.svs,False
46360,ethionamide,Middle,4 day,585,9,3,1,https://dbarchive.biosciencedbc.jp/data/open-tggates-pathological-images/LATEST/images/ethionamide/Liver/46360.svs,False
46362,ethionamide,Middle,4 day,585,9,4,1,https://dbarchive.biosciencedbc.jp/data/open-tggates-pathological-images/LATEST/images/ethionamide/Liver/46362.svs,False
46363,ethionamide,Middle,4 day,585,9,5,1,https://dbarchive.biosciencedbc.jp/data/open-tggates-pathological-images/LATEST/images/ethionamide/Liver/46363.svs,False
46298,ethionamide,Control,8 day,585,2,1,1,https://dbarchive.biosciencedbc.jp/data/open-tggates-pathological-images/LATEST/images/ethionamide/Liver/46298.svs,False
46300,ethionamide,Control,8 day,585,2,2,1,https://dbarchive.biosciencedbc.jp/data/open-tggates-pathological-images/LATEST/images/ethionamide/Liver/46300.svs,False
46301,ethionamide,Control,8 day,585,2,3,1,https://dbarchive.biosciencedbc.jp/data/open-tggates-pathological-images/LATEST/images/ethionamide/Liver/46301.svs,False
46304,ethionamide,Control,8 day,585,2,4,1,https://dbarchive.biosciencedbc.jp/data/open-tggates-pathological-images/LATEST/images/ethionamide/Liver/46304.svs,False
46305,ethionamide,Control,8 day,585,2,5,1,https://dbarchive.biosciencedbc.jp/data/open-tggates-pathological-images/LATEST/images/ethionamide/Liver/46305.svs,False
46406,ethionamide,High,8 day,585,14,1,1,https://dbarchive.biosciencedbc.jp/data/open-tggates-pathological-images/LATEST/images/ethionamide/Liver/46406.svs,False
46409,ethionamide,High,8 day,585,14,2,1,https://dbarchive.biosciencedbc.jp/data/open-tggates-pathological-images/LATEST/images/ethionamide/Liver/46409.svs,False
46412,ethionamide,High,8 day,585,14,3,1,https://dbarchive.biosciencedbc.jp/data/open-tggates-pathological-images/LATEST/images/ethionamide/Liver/46412.svs,False
46331,ethionamide,Low,8 day,585,6,1,1,https://dbarchive.biosciencedbc.jp/data/open-tggates-pathological-images/LATEST/images/ethionamide/Liver/46331.svs,False
46333,ethionamide,Low,8 day,585,6,2,1,https://dbarchive.biosciencedbc.jp/data/open-tggates-pathological-images/LATEST/images/ethionamide/Liver/46333.svs,False
46335,ethionamide,Low,8 day,585,6,3,1,https://dbarchive.biosciencedbc.jp/data/open-tggates-pathological-images/LATEST/images/ethionamide/Liver/46335.svs,False
46336,ethionamide,Low,8 day,585,6,4,1,https://dbarchive.biosciencedbc.jp/data/open-tggates-pathological-images/LATEST/images/ethionamide/Liver/46336.svs,False
46338,ethionamide,Low,8 day,585,6,5,1,https://dbarchive.biosciencedbc.jp/data/open-tggates-pathological-images/LATEST/images/ethionamide/Liver/46338.svs,False
46365,ethionamide,Middle,8 day,585,10,1,1,https://dbarchive.biosciencedbc.jp/data/open-tggates-pathological-images/LATEST/images/ethionamide/Liver/46365.svs,False
46367,ethionamide,Middle,8 day,585,10,2,1,https://dbarchive.biosciencedbc.jp/data/open-tggates-pathological-images/LATEST/images/ethionamide/Liver/46367.svs,False
46368,ethionamide,Middle,8 day,585,10,3,1,https://dbarchive.biosciencedbc.jp/data/open-tggates-pathological-images/LATEST/images/ethionamide/Liver/46368.svs,False
46369,ethionamide,Middle,8 day,585,10,4,1,https://dbarchive.biosciencedbc.jp/data/open-tggates-pathological-images/LATEST/images/ethionamide/Liver/46369.svs,False
46371,ethionamide,Middle,8 day,585,10,5,1,https://dbarchive.biosciencedbc.jp/data/open-tggates-pathological-images/LATEST/images/ethionamide/Liver/46371.svs,False
27805,ethionine,Control,15 day,126,3,1,1,https://dbarchive.biosciencedbc.jp/data/open-tggates-pathological-images/LATEST/images/ethionine/Liver/27805.svs,False
27808,ethionine,Control,15 day,126,3,2,1,https://dbarchive.biosciencedbc.jp/data/open-tggates-pathological-images/LATEST/images/ethionine/Liver/27808.svs,False
27811,ethionine,Control,15 day,126,3,3,1,https://dbarchive.biosciencedbc.jp/data/open-tggates-pathological-images/LATEST/images/ethionine/Liver/27811.svs,False
27814,ethionine,Control,15 day,126,3,4,1,https://dbarchive.biosciencedbc.jp/data/open-tggates-pathological-images/LATEST/images/ethionine/Liver/27814.svs,False
27815,ethionine,Control,15 day,126,3,5,1,https://dbarchive.biosciencedbc.jp/data/open-tggates-pathological-images/LATEST/images/ethionine/Liver/27815.svs,False
27838,ethionine,High,15 day,126,15,1,1,https://dbarchive.biosciencedbc.jp/data/open-tggates-pathological-images/LATEST/images/ethionine/Liver/27838.svs,False
27840,ethionine,High,15 day,126,15,2,1,https://dbarchive.biosciencedbc.jp/data/open-tggates-pathological-images/LATEST/images/ethionine/Liver/27840.svs,False
27843,ethionine,High,15 day,126,15,3,1,https://dbarchive.biosciencedbc.jp/data/open-tggates-pathological-images/LATEST/images/ethionine/Liver/27843.svs,False
27845,ethionine,High,15 day,126,15,4,1,https://dbarchive.biosciencedbc.jp/data/open-tggates-pathological-images/LATEST/images/ethionine/Liver/27845.svs,False
27847,ethionine,High,15 day,126,15,5,1,https://dbarchive.biosciencedbc.jp/data/open-tggates-pathological-images/LATEST/images/ethionine/Liver/27847.svs,False
27816,ethionine,Low,15 day,126,7,1,1,https://dbarchive.biosciencedbc.jp/data/open-tggates-pathological-images/LATEST/images/ethionine/Liver/27816.svs,False
27817,ethionine,Low,15 day,126,7,2,1,https://dbarchive.biosciencedbc.jp/data/open-tggates-pathological-images/LATEST/images/ethionine/Liver/27817.svs,False
27819,ethionine,Low,15 day,126,7,3,1,https://dbarchive.biosciencedbc.jp/data/open-tggates-pathological-images/LATEST/images/ethionine/Liver/27819.svs,False
27821,ethionine,Low,15 day,126,7,4,1,https://dbarchive.biosciencedbc.jp/data/open-tggates-pathological-images/LATEST/images/ethionine/Liver/27821.svs,False
27824,ethionine,Low,15 day,126,7,5,1,https://dbarchive.biosciencedbc.jp/data/open-tggates-pathological-images/LATEST/images/ethionine/Liver/27824.svs,False
27826,ethionine,Middle,15 day,126,11,1,1,https://dbarchive.biosciencedbc.jp/data/open-tggates-pathological-images/LATEST/images/ethionine/Liver/27826.svs,False
27829,ethionine,Middle,15 day,126,11,2,1,https://dbarchive.biosciencedbc.jp/data/open-tggates-pathological-images/LATEST/images/ethionine/Liver/27829.svs,False
27831,ethionine,Middle,15 day,126,11,3,1,https://dbarchive.biosciencedbc.jp/data/open-tggates-pathological-images/LATEST/images/ethionine/Liver/27831.svs,False
27833,ethionine,Middle,15 day,126,11,4,1,https://dbarchive.biosciencedbc.jp/data/open-tggates-pathological-images/LATEST/images/ethionine/Liver/27833.svs,False
27835,ethionine,Middle,15 day,126,11,5,1,https://dbarchive.biosciencedbc.jp/data/open-tggates-pathological-images/LATEST/images/ethionine/Liver/27835.svs,False
27850,ethionine,Control,29 day,126,4,1,1,https://dbarchive.biosciencedbc.jp/data/open-tggates-pathological-images/LATEST/images/ethionine/Liver/27850.svs,False
27852,ethionine,Control,29 day,126,4,2,1,https://dbarchive.biosciencedbc.jp/data/open-tggates-pathological-images/LATEST/images/ethionine/Liver/27852.svs,False
27855,ethionine,Control,29 day,126,4,3,1,https://dbarchive.biosciencedbc.jp/data/open-tggates-pathological-images/LATEST/images/ethionine/Liver/27855.svs,False
27858,ethionine,Control,29 day,126,4,4,1,https://dbarchive.biosciencedbc.jp/data/open-tggates-pathological-images/LATEST/images/ethionine/Liver/27858.svs,False
27861,ethionine,Control,29 day,126,4,5,1,https://dbarchive.biosciencedbc.jp/data/open-tggates-pathological-images/LATEST/images/ethionine/Liver/27861.svs,False
27891,ethionine,High,29 day,126,16,1,1,https://dbarchive.biosciencedbc.jp/data/open-tggates-pathological-images/LATEST/images/ethionine/Liver/27891.svs,False
27893,ethionine,High,29 day,126,16,2,1,https://dbarchive.biosciencedbc.jp/data/open-tggates-pathological-images/LATEST/images/ethionine/Liver/27893.svs,False
27895,ethionine,High,29 day,126,16,3,1,https://dbarchive.biosciencedbc.jp/data/open-tggates-pathological-images/LATEST/images/ethionine/Liver/27895.svs,False
27897,ethionine,High,29 day,126,16,4,1,https://dbarchive.biosciencedbc.jp/data/open-tggates-pathological-images/LATEST/images/ethionine/Liver/27897.svs,False
27900,ethionine,High,29 day,126,16,5,1,https://dbarchive.biosciencedbc.jp/data/open-tggates-pathological-images/LATEST/images/ethionine/Liver/27900.svs,False
27863,ethionine,Low,29 day,126,8,1,1,https://dbarchive.biosciencedbc.jp/data/open-tggates-pathological-images/LATEST/images/ethionine/Liver/27863.svs,False
27866,ethionine,Low,29 day,126,8,2,1,https://dbarchive.biosciencedbc.jp/data/open-tggates-pathological-images/LATEST/images/ethionine/Liver/27866.svs,False
27870,ethionine,Low,29 day,126,8,3,1,https://dbarchive.biosciencedbc.jp/data/open-tggates-pathological-images/LATEST/images/ethionine/Liver/27870.svs,False
27872,ethionine,Low,29 day,126,8,4,1,https://dbarchive.biosciencedbc.jp/data/open-tggates-pathological-images/LATEST/images/ethionine/Liver/27872.svs,False
27875,ethionine,Low,29 day,126,8,5,1,https://dbarchive.biosciencedbc.jp/data/open-tggates-pathological-images/LATEST/images/ethionine/Liver/27875.svs,False
27878,ethionine,Middle,29 day,126,12,1,1,https://dbarchive.biosciencedbc.jp/data/open-tggates-pathological-images/LATEST/images/ethionine/Liver/27878.svs,False
27880,ethionine,Middle,29 day,126,12,2,1,https://dbarchive.biosciencedbc.jp/data/open-tggates-pathological-images/LATEST/images/ethionine/Liver/27880.svs,False
27883,ethionine,Middle,29 day,126,12,3,1,https://dbarchive.biosciencedbc.jp/data/open-tggates-pathological-images/LATEST/images/ethionine/Liver/27883.svs,False
27886,ethionine,Middle,29 day,126,12,4,1,https://dbarchive.biosciencedbc.jp/data/open-tggates-pathological-images/LATEST/images/ethionine/Liver/27886.svs,False
27888,ethionine,Middle,29 day,126,12,5,1,https://dbarchive.biosciencedbc.jp/data/open-tggates-pathological-images/LATEST/images/ethionine/Liver/27888.svs,False
27695,ethionine,Control,4 day,126,1,1,1,https://dbarchive.biosciencedbc.jp/data/open-tggates-pathological-images/LATEST/images/ethionine/Liver/27695.svs,False
27697,ethionine,Control,4 day,126,1,2,1,https://dbarchive.biosciencedbc.jp/data/open-tggates-pathological-images/LATEST/images/ethionine/Liver/27697.svs,False
27701,ethionine,Control,4 day,126,1,3,1,https://dbarchive.biosciencedbc.jp/data/open-tggates-pathological-images/LATEST/images/ethionine/Liver/27701.svs,False
27703,ethionine,Control,4 day,126,1,4,1,https://dbarchive.biosciencedbc.jp/data/open-tggates-pathological-images/LATEST/images/ethionine/Liver/27703.svs,False
27706,ethionine,Control,4 day,126,1,5,1,https://dbarchive.biosciencedbc.jp/data/open-tggates-pathological-images/LATEST/images/ethionine/Liver/27706.svs,False
27737,ethionine,High,4 day,126,13,1,1,https://dbarchive.biosciencedbc.jp/data/open-tggates-pathological-images/LATEST/images/ethionine/Liver/27737.svs,False
27739,ethionine,High,4 day,126,13,2,1,https://dbarchive.biosciencedbc.jp/data/open-tggates-pathological-images/LATEST/images/ethionine/Liver/27739.svs,False
27742,ethionine,High,4 day,126,13,3,1,https://dbarchive.biosciencedbc.jp/data/open-tggates-pathological-images/LATEST/images/ethionine/Liver/27742.svs,False
27745,ethionine,High,4 day,126,13,4,1,https://dbarchive.biosciencedbc.jp/data/open-tggates-pathological-images/LATEST/images/ethionine/Liver/27745.svs,False
27747,ethionine,High,4 day,126,13,5,1,https://dbarchive.biosciencedbc.jp/data/open-tggates-pathological-images/LATEST/images/ethionine/Liver/27747.svs,False
27709,ethionine,Low,4 day,126,5,1,1,https://dbarchive.biosciencedbc.jp/data/open-tggates-pathological-images/LATEST/images/ethionine/Liver/27709.svs,False
27711,ethionine,Low,4 day,126,5,2,1,https://dbarchive.biosciencedbc.jp/data/open-tggates-pathological-images/LATEST/images/ethionine/Liver/27711.svs,False
27716,ethionine,Low,4 day,126,5,3,1,https://dbarchive.biosciencedbc.jp/data/open-tggates-pathological-images/LATEST/images/ethionine/Liver/27716.svs,False
27718,ethionine,Low,4 day,126,5,4,1,https://dbarchive.biosciencedbc.jp/data/open-tggates-pathological-images/LATEST/images/ethionine/Liver/27718.svs,False
27721,ethionine,Low,4 day,126,5,5,1,https://dbarchive.biosciencedbc.jp/data/open-tggates-pathological-images/LATEST/images/ethionine/Liver/27721.svs,False
27724,ethionine,Middle,4 day,126,9,1,1,https://dbarchive.biosciencedbc.jp/data/open-tggates-pathological-images/LATEST/images/ethionine/Liver/27724.svs,False
27726,ethionine,Middle,4 day,126,9,2,1,https://dbarchive.biosciencedbc.jp/data/open-tggates-pathological-images/LATEST/images/ethionine/Liver/27726.svs,False
27729,ethionine,Middle,4 day,126,9,3,1,https://dbarchive.biosciencedbc.jp/data/open-tggates-pathological-images/LATEST/images/ethionine/Liver/27729.svs,False
27732,ethionine,Middle,4 day,126,9,4,1,https://dbarchive.biosciencedbc.jp/data/open-tggates-pathological-images/LATEST/images/ethionine/Liver/27732.svs,False
27734,ethionine,Middle,4 day,126,9,5,1,https://dbarchive.biosciencedbc.jp/data/open-tggates-pathological-images/LATEST/images/ethionine/Liver/27734.svs,False
27750,ethionine,Control,8 day,126,2,1,1,https://dbarchive.biosciencedbc.jp/data/open-tggates-pathological-images/LATEST/images/ethionine/Liver/27750.svs,False
27753,ethionine,Control,8 day,126,2,2,1,https://dbarchive.biosciencedbc.jp/data/open-tggates-pathological-images/LATEST/images/ethionine/Liver/27753.svs,False
27756,ethionine,Control,8 day,126,2,3,1,https://dbarchive.biosciencedbc.jp/data/open-tggates-pathological-images/LATEST/images/ethionine/Liver/27756.svs,False
27759,ethionine,Control,8 day,126,2,4,1,https://dbarchive.biosciencedbc.jp/data/open-tggates-pathological-images/LATEST/images/ethionine/Liver/27759.svs,False
27762,ethionine,Control,8 day,126,2,5,1,https://dbarchive.biosciencedbc.jp/data/open-tggates-pathological-images/LATEST/images/ethionine/Liver/27762.svs,False
27793,ethionine,High,8 day,126,14,1,1,https://dbarchive.biosciencedbc.jp/data/open-tggates-pathological-images/LATEST/images/ethionine/Liver/27793.svs,False
27796,ethionine,High,8 day,126,14,2,1,https://dbarchive.biosciencedbc.jp/data/open-tggates-pathological-images/LATEST/images/ethionine/Liver/27796.svs,False
27799,ethionine,High,8 day,126,14,3,1,https://dbarchive.biosciencedbc.jp/data/open-tggates-pathological-images/LATEST/images/ethionine/Liver/27799.svs,False
27801,ethionine,High,8 day,126,14,4,1,https://dbarchive.biosciencedbc.jp/data/open-tggates-pathological-images/LATEST/images/ethionine/Liver/27801.svs,False
27804,ethionine,High,8 day,126,14,5,1,https://dbarchive.biosciencedbc.jp/data/open-tggates-pathological-images/LATEST/images/ethionine/Liver/27804.svs,False
27764,ethionine,Low,8 day,126,6,1,1,https://dbarchive.biosciencedbc.jp/data/open-tggates-pathological-images/LATEST/images/ethionine/Liver/27764.svs,False
27767,ethionine,Low,8 day,126,6,2,1,https://dbarchive.biosciencedbc.jp/data/open-tggates-pathological-images/LATEST/images/ethionine/Liver/27767.svs,False
27770,ethionine,Low,8 day,126,6,3,1,https://dbarchive.biosciencedbc.jp/data/open-tggates-pathological-images/LATEST/images/ethionine/Liver/27770.svs,False
27773,ethionine,Low,8 day,126,6,4,1,https://dbarchive.biosciencedbc.jp/data/open-tggates-pathological-images/LATEST/images/ethionine/Liver/27773.svs,False
27777,ethionine,Low,8 day,126,6,5,1,https://dbarchive.biosciencedbc.jp/data/open-tggates-pathological-images/LATEST/images/ethionine/Liver/27777.svs,False
27780,ethionine,Middle,8 day,126,10,1,1,https://dbarchive.biosciencedbc.jp/data/open-tggates-pathological-images/LATEST/images/ethionine/Liver/27780.svs,False
27782,ethionine,Middle,8 day,126,10,2,1,https://dbarchive.biosciencedbc.jp/data/open-tggates-pathological-images/LATEST/images/ethionine/Liver/27782.svs,False
27785,ethionine,Middle,8 day,126,10,3,1,https://dbarchive.biosciencedbc.jp/data/open-tggates-pathological-images/LATEST/images/ethionine/Liver/27785.svs,False
27788,ethionine,Middle,8 day,126,10,4,1,https://dbarchive.biosciencedbc.jp/data/open-tggates-pathological-images/LATEST/images/ethionine/Liver/27788.svs,False
27791,ethionine,Middle,8 day,126,10,5,1,https://dbarchive.biosciencedbc.jp/data/open-tggates-pathological-images/LATEST/images/ethionine/Liver/27791.svs,False
34934,fenofibrate,Control,15 day,434,3,1,1,https://dbarchive.biosciencedbc.jp/data/open-tggates-pathological-images/LATEST/images/fenofibrate/Liver/34934.svs,False
34937,fenofibrate,Control,15 day,434,3,2,1,https://dbarchive.biosciencedbc.jp/data/open-tggates-pathological-images/LATEST/images/fenofibrate/Liver/34937.svs,False
34939,fenofibrate,Control,15 day,434,3,3,1,https://dbarchive.biosciencedbc.jp/data/open-tggates-pathological-images/LATEST/images/fenofibrate/Liver/34939.svs,False
34942,fenofibrate,Control,15 day,434,3,4,1,https://dbarchive.biosciencedbc.jp/data/open-tggates-pathological-images/LATEST/images/fenofibrate/Liver/34942.svs,False
34944,fenofibrate,Control,15 day,434,3,5,1,https://dbarchive.biosciencedbc.jp/data/open-tggates-pathological-images/LATEST/images/fenofibrate/Liver/34944.svs,False
35104,fenofibrate,High,15 day,434,15,1,1,https://dbarchive.biosciencedbc.jp/data/open-tggates-pathological-images/LATEST/images/fenofibrate/Liver/35104.svs,False
35107,fenofibrate,High,15 day,434,15,2,1,https://dbarchive.biosciencedbc.jp/data/open-tggates-pathological-images/LATEST/images/fenofibrate/Liver/35107.svs,False
35110,fenofibrate,High,15 day,434,15,3,1,https://dbarchive.biosciencedbc.jp/data/open-tggates-pathological-images/LATEST/images/fenofibrate/Liver/35110.svs,False
35112,fenofibrate,High,15 day,434,15,4,1,https://dbarchive.biosciencedbc.jp/data/open-tggates-pathological-images/LATEST/images/fenofibrate/Liver/35112.svs,False
35115,fenofibrate,High,15 day,434,15,5,1,https://dbarchive.biosciencedbc.jp/data/open-tggates-pathological-images/LATEST/images/fenofibrate/Liver/35115.svs,False
34989,fenofibrate,Low,15 day,434,7,1,1,https://dbarchive.biosciencedbc.jp/data/open-tggates-pathological-images/LATEST/images/fenofibrate/Liver/34989.svs,False
34992,fenofibrate,Low,15 day,434,7,2,1,https://dbarchive.biosciencedbc.jp/data/open-tggates-pathological-images/LATEST/images/fenofibrate/Liver/34992.svs,False
34994,fenofibrate,Low,15 day,434,7,3,1,https://dbarchive.biosciencedbc.jp/data/open-tggates-pathological-images/LATEST/images/fenofibrate/Liver/34994.svs,False
34997,fenofibrate,Low,15 day,434,7,4,1,https://dbarchive.biosciencedbc.jp/data/open-tggates-pathological-images/LATEST/images/fenofibrate/Liver/34997.svs,False
35000,fenofibrate,Low,15 day,434,7,5,1,https://dbarchive.biosciencedbc.jp/data/open-tggates-pathological-images/LATEST/images/fenofibrate/Liver/35000.svs,False
35045,fenofibrate,Middle,15 day,434,11,1,1,https://dbarchive.biosciencedbc.jp/data/open-tggates-pathological-images/LATEST/images/fenofibrate/Liver/35045.svs,False
35048,fenofibrate,Middle,15 day,434,11,2,1,https://dbarchive.biosciencedbc.jp/data/open-tggates-pathological-images/LATEST/images/fenofibrate/Liver/35048.svs,False
35052,fenofibrate,Middle,15 day,434,11,3,1,https://dbarchive.biosciencedbc.jp/data/open-tggates-pathological-images/LATEST/images/fenofibrate/Liver/35052.svs,False
35054,fenofibrate,Middle,15 day,434,11,4,1,https://dbarchive.biosciencedbc.jp/data/open-tggates-pathological-images/LATEST/images/fenofibrate/Liver/35054.svs,False
35058,fenofibrate,Middle,15 day,434,11,5,1,https://dbarchive.biosciencedbc.jp/data/open-tggates-pathological-images/LATEST/images/fenofibrate/Liver/35058.svs,False
34947,fenofibrate,Control,29 day,434,4,1,1,https://dbarchive.biosciencedbc.jp/data/open-tggates-pathological-images/LATEST/images/fenofibrate/Liver/34947.svs,False
34950,fenofibrate,Control,29 day,434,4,2,1,https://dbarchive.biosciencedbc.jp/data/open-tggates-pathological-images/LATEST/images/fenofibrate/Liver/34950.svs,False
34952,fenofibrate,Control,29 day,434,4,3,1,https://dbarchive.biosciencedbc.jp/data/open-tggates-pathological-images/LATEST/images/fenofibrate/Liver/34952.svs,False
34955,fenofibrate,Control,29 day,434,4,4,1,https://dbarchive.biosciencedbc.jp/data/open-tggates-pathological-images/LATEST/images/fenofibrate/Liver/34955.svs,False
34958,fenofibrate,Control,29 day,434,4,5,1,https://dbarchive.biosciencedbc.jp/data/open-tggates-pathological-images/LATEST/images/fenofibrate/Liver/34958.svs,False
35118,fenofibrate,High,29 day,434,16,1,1,https://dbarchive.biosciencedbc.jp/data/open-tggates-pathological-images/LATEST/images/fenofibrate/Liver/35118.svs,False
35121,fenofibrate,High,29 day,434,16,2,1,https://dbarchive.biosciencedbc.jp/data/open-tggates-pathological-images/LATEST/images/fenofibrate/Liver/35121.svs,False
35124,fenofibrate,High,29 day,434,16,3,1,https://dbarchive.biosciencedbc.jp/data/open-tggates-pathological-images/LATEST/images/fenofibrate/Liver/35124.svs,False
35127,fenofibrate,High,29 day,434,16,4,1,https://dbarchive.biosciencedbc.jp/data/open-tggates-pathological-images/LATEST/images/fenofibrate/Liver/35127.svs,False
35130,fenofibrate,High,29 day,434,16,5,1,https://dbarchive.biosciencedbc.jp/data/open-tggates-pathological-images/LATEST/images/fenofibrate/Liver/35130.svs,False
35003,fenofibrate,Low,29 day,434,8,1,1,https://dbarchive.biosciencedbc.jp/data/open-tggates-pathological-images/LATEST/images/fenofibrate/Liver/35003.svs,False
35006,fenofibrate,Low,29 day,434,8,2,1,https://dbarchive.biosciencedbc.jp/data/open-tggates-pathological-images/LATEST/images/fenofibrate/Liver/35006.svs,False
35008,fenofibrate,Low,29 day,434,8,3,1,https://dbarchive.biosciencedbc.jp/data/open-tggates-pathological-images/LATEST/images/fenofibrate/Liver/35008.svs,False
35011,fenofibrate,Low,29 day,434,8,4,1,https://dbarchive.biosciencedbc.jp/data/open-tggates-pathological-images/LATEST/images/fenofibrate/Liver/35011.svs,False
35014,fenofibrate,Low,29 day,434,8,5,1,https://dbarchive.biosciencedbc.jp/data/open-tggates-pathological-images/LATEST/images/fenofibrate/Liver/35014.svs,False
35061,fenofibrate,Middle,29 day,434,12,1,1,https://dbarchive.biosciencedbc.jp/data/open-tggates-pathological-images/LATEST/images/fenofibrate/Liver/35061.svs,False
35064,fenofibrate,Middle,29 day,434,12,2,1,https://dbarchive.biosciencedbc.jp/data/open-tggates-pathological-images/LATEST/images/fenofibrate/Liver/35064.svs,False
35067,fenofibrate,Middle,29 day,434,12,3,1,https://dbarchive.biosciencedbc.jp/data/open-tggates-pathological-images/LATEST/images/fenofibrate/Liver/35067.svs,False
35070,fenofibrate,Middle,29 day,434,12,4,1,https://dbarchive.biosciencedbc.jp/data/open-tggates-pathological-images/LATEST/images/fenofibrate/Liver/35070.svs,False
35073,fenofibrate,Middle,29 day,434,12,5,1,https://dbarchive.biosciencedbc.jp/data/open-tggates-pathological-images/LATEST/images/fenofibrate/Liver/35073.svs,False
34910,fenofibrate,Control,4 day,434,1,1,1,https://dbarchive.biosciencedbc.jp/data/open-tggates-pathological-images/LATEST/images/fenofibrate/Liver/34910.svs,False
34912,fenofibrate,Control,4 day,434,1,2,1,https://dbarchive.biosciencedbc.jp/data/open-tggates-pathological-images/LATEST/images/fenofibrate/Liver/34912.svs,False
34915,fenofibrate,Control,4 day,434,1,3,1,https://dbarchive.biosciencedbc.jp/data/open-tggates-pathological-images/LATEST/images/fenofibrate/Liver/34915.svs,False
34917,fenofibrate,Control,4 day,434,1,4,1,https://dbarchive.biosciencedbc.jp/data/open-tggates-pathological-images/LATEST/images/fenofibrate/Liver/34917.svs,False
34920,fenofibrate,Control,4 day,434,1,5,1,https://dbarchive.biosciencedbc.jp/data/open-tggates-pathological-images/LATEST/images/fenofibrate/Liver/34920.svs,False
35076,fenofibrate,High,4 day,434,13,1,1,https://dbarchive.biosciencedbc.jp/data/open-tggates-pathological-images/LATEST/images/fenofibrate/Liver/35076.svs,False
35079,fenofibrate,High,4 day,434,13,2,1,https://dbarchive.biosciencedbc.jp/data/open-tggates-pathological-images/LATEST/images/fenofibrate/Liver/35079.svs,False
35082,fenofibrate,High,4 day,434,13,3,1,https://dbarchive.biosciencedbc.jp/data/open-tggates-pathological-images/LATEST/images/fenofibrate/Liver/35082.svs,False
35085,fenofibrate,High,4 day,434,13,4,1,https://dbarchive.biosciencedbc.jp/data/open-tggates-pathological-images/LATEST/images/fenofibrate/Liver/35085.svs,False
35087,fenofibrate,High,4 day,434,13,5,1,https://dbarchive.biosciencedbc.jp/data/open-tggates-pathological-images/LATEST/images/fenofibrate/Liver/35087.svs,False
34961,fenofibrate,Low,4 day,434,5,1,1,https://dbarchive.biosciencedbc.jp/data/open-tggates-pathological-images/LATEST/images/fenofibrate/Liver/34961.svs,False
34964,fenofibrate,Low,4 day,434,5,2,1,https://dbarchive.biosciencedbc.jp/data/open-tggates-pathological-images/LATEST/images/fenofibrate/Liver/34964.svs,False
34967,fenofibrate,Low,4 day,434,5,3,1,https://dbarchive.biosciencedbc.jp/data/open-tggates-pathological-images/LATEST/images/fenofibrate/Liver/34967.svs,False
34970,fenofibrate,Low,4 day,434,5,4,1,https://dbarchive.biosciencedbc.jp/data/open-tggates-pathological-images/LATEST/images/fenofibrate/Liver/34970.svs,False
34972,fenofibrate,Low,4 day,434,5,5,1,https://dbarchive.biosciencedbc.jp/data/open-tggates-pathological-images/LATEST/images/fenofibrate/Liver/34972.svs,False
35017,fenofibrate,Middle,4 day,434,9,1,1,https://dbarchive.biosciencedbc.jp/data/open-tggates-pathological-images/LATEST/images/fenofibrate/Liver/35017.svs,False
35020,fenofibrate,Middle,4 day,434,9,2,1,https://dbarchive.biosciencedbc.jp/data/open-tggates-pathological-images/LATEST/images/fenofibrate/Liver/35020.svs,False
35023,fenofibrate,Middle,4 day,434,9,3,1,https://dbarchive.biosciencedbc.jp/data/open-tggates-pathological-images/LATEST/images/fenofibrate/Liver/35023.svs,False
35025,fenofibrate,Middle,4 day,434,9,4,1,https://dbarchive.biosciencedbc.jp/data/open-tggates-pathological-images/LATEST/images/fenofibrate/Liver/35025.svs,False
35028,fenofibrate,Middle,4 day,434,9,5,1,https://dbarchive.biosciencedbc.jp/data/open-tggates-pathological-images/LATEST/images/fenofibrate/Liver/35028.svs,False
34922,fenofibrate,Control,8 day,434,2,1,1,https://dbarchive.biosciencedbc.jp/data/open-tggates-pathological-images/LATEST/images/fenofibrate/Liver/34922.svs,False
34924,fenofibrate,Control,8 day,434,2,2,1,https://dbarchive.biosciencedbc.jp/data/open-tggates-pathological-images/LATEST/images/fenofibrate/Liver/34924.svs,False
34927,fenofibrate,Control,8 day,434,2,3,1,https://dbarchive.biosciencedbc.jp/data/open-tggates-pathological-images/LATEST/images/fenofibrate/Liver/34927.svs,False
34929,fenofibrate,Control,8 day,434,2,4,1,https://dbarchive.biosciencedbc.jp/data/open-tggates-pathological-images/LATEST/images/fenofibrate/Liver/34929.svs,False
34932,fenofibrate,Control,8 day,434,2,5,1,https://dbarchive.biosciencedbc.jp/data/open-tggates-pathological-images/LATEST/images/fenofibrate/Liver/34932.svs,False
35090,fenofibrate,High,8 day,434,14,1,1,https://dbarchive.biosciencedbc.jp/data/open-tggates-pathological-images/LATEST/images/fenofibrate/Liver/35090.svs,False
35093,fenofibrate,High,8 day,434,14,2,1,https://dbarchive.biosciencedbc.jp/data/open-tggates-pathological-images/LATEST/images/fenofibrate/Liver/35093.svs,False
35095,fenofibrate,High,8 day,434,14,3,1,https://dbarchive.biosciencedbc.jp/data/open-tggates-pathological-images/LATEST/images/fenofibrate/Liver/35095.svs,False
35098,fenofibrate,High,8 day,434,14,4,1,https://dbarchive.biosciencedbc.jp/data/open-tggates-pathological-images/LATEST/images/fenofibrate/Liver/35098.svs,False
35101,fenofibrate,High,8 day,434,14,5,1,https://dbarchive.biosciencedbc.jp/data/open-tggates-pathological-images/LATEST/images/fenofibrate/Liver/35101.svs,False
34975,fenofibrate,Low,8 day,434,6,1,1,https://dbarchive.biosciencedbc.jp/data/open-tggates-pathological-images/LATEST/images/fenofibrate/Liver/34975.svs,False
34978,fenofibrate,Low,8 day,434,6,2,1,https://dbarchive.biosciencedbc.jp/data/open-tggates-pathological-images/LATEST/images/fenofibrate/Liver/34978.svs,False
34980,fenofibrate,Low,8 day,434,6,3,1,https://dbarchive.biosciencedbc.jp/data/open-tggates-pathological-images/LATEST/images/fenofibrate/Liver/34980.svs,False
34983,fenofibrate,Low,8 day,434,6,4,1,https://dbarchive.biosciencedbc.jp/data/open-tggates-pathological-images/LATEST/images/fenofibrate/Liver/34983.svs,False
34986,fenofibrate,Low,8 day,434,6,5,1,https://dbarchive.biosciencedbc.jp/data/open-tggates-pathological-images/LATEST/images/fenofibrate/Liver/34986.svs,False
35031,fenofibrate,Middle,8 day,434,10,1,1,https://dbarchive.biosciencedbc.jp/data/open-tggates-pathological-images/LATEST/images/fenofibrate/Liver/35031.svs,False
35033,fenofibrate,Middle,8 day,434,10,2,1,https://dbarchive.biosciencedbc.jp/data/open-tggates-pathological-images/LATEST/images/fenofibrate/Liver/35033.svs,False
35036,fenofibrate,Middle,8 day,434,10,3,1,https://dbarchive.biosciencedbc.jp/data/open-tggates-pathological-images/LATEST/images/fenofibrate/Liver/35036.svs,False
35039,fenofibrate,Middle,8 day,434,10,4,1,https://dbarchive.biosciencedbc.jp/data/open-tggates-pathological-images/LATEST/images/fenofibrate/Liver/35039.svs,False
35041,fenofibrate,Middle,8 day,434,10,5,1,https://dbarchive.biosciencedbc.jp/data/open-tggates-pathological-images/LATEST/images/fenofibrate/Liver/35041.svs,False
29836,gemfibrozil,Control,15 day,184,3,1,1,https://dbarchive.biosciencedbc.jp/data/open-tggates-pathological-images/LATEST/images/gemfibrozil/Liver/29836.svs,False
29838,gemfibrozil,Control,15 day,184,3,2,1,https://dbarchive.biosciencedbc.jp/data/open-tggates-pathological-images/LATEST/images/gemfibrozil/Liver/29838.svs,False
29840,gemfibrozil,Control,15 day,184,3,3,1,https://dbarchive.biosciencedbc.jp/data/open-tggates-pathological-images/LATEST/images/gemfibrozil/Liver/29840.svs,False
29843,gemfibrozil,Control,15 day,184,3,4,1,https://dbarchive.biosciencedbc.jp/data/open-tggates-pathological-images/LATEST/images/gemfibrozil/Liver/29843.svs,False
29845,gemfibrozil,Control,15 day,184,3,5,1,https://dbarchive.biosciencedbc.jp/data/open-tggates-pathological-images/LATEST/images/gemfibrozil/Liver/29845.svs,False
29969,gemfibrozil,High,15 day,184,15,1,1,https://dbarchive.biosciencedbc.jp/data/open-tggates-pathological-images/LATEST/images/gemfibrozil/Liver/29969.svs,False
29971,gemfibrozil,High,15 day,184,15,2,1,https://dbarchive.biosciencedbc.jp/data/open-tggates-pathological-images/LATEST/images/gemfibrozil/Liver/29971.svs,False
29973,gemfibrozil,High,15 day,184,15,3,1,https://dbarchive.biosciencedbc.jp/data/open-tggates-pathological-images/LATEST/images/gemfibrozil/Liver/29973.svs,False
29975,gemfibrozil,High,15 day,184,15,4,1,https://dbarchive.biosciencedbc.jp/data/open-tggates-pathological-images/LATEST/images/gemfibrozil/Liver/29975.svs,False
29977,gemfibrozil,High,15 day,184,15,5,1,https://dbarchive.biosciencedbc.jp/data/open-tggates-pathological-images/LATEST/images/gemfibrozil/Liver/29977.svs,False
29882,gemfibrozil,Low,15 day,184,7,1,1,https://dbarchive.biosciencedbc.jp/data/open-tggates-pathological-images/LATEST/images/gemfibrozil/Liver/29882.svs,False
29884,gemfibrozil,Low,15 day,184,7,2,1,https://dbarchive.biosciencedbc.jp/data/open-tggates-pathological-images/LATEST/images/gemfibrozil/Liver/29884.svs,False
29886,gemfibrozil,Low,15 day,184,7,3,1,https://dbarchive.biosciencedbc.jp/data/open-tggates-pathological-images/LATEST/images/gemfibrozil/Liver/29886.svs,False
29889,gemfibrozil,Low,15 day,184,7,4,1,https://dbarchive.biosciencedbc.jp/data/open-tggates-pathological-images/LATEST/images/gemfibrozil/Liver/29889.svs,False
29891,gemfibrozil,Low,15 day,184,7,5,1,https://dbarchive.biosciencedbc.jp/data/open-tggates-pathological-images/LATEST/images/gemfibrozil/Liver/29891.svs,False
29929,gemfibrozil,Middle,15 day,184,11,1,1,https://dbarchive.biosciencedbc.jp/data/open-tggates-pathological-images/LATEST/images/gemfibrozil/Liver/29929.svs,False
29931,gemfibrozil,Middle,15 day,184,11,2,1,https://dbarchive.biosciencedbc.jp/data/open-tggates-pathological-images/LATEST/images/gemfibrozil/Liver/29931.svs,False
29933,gemfibrozil,Middle,15 day,184,11,3,1,https://dbarchive.biosciencedbc.jp/data/open-tggates-pathological-images/LATEST/images/gemfibrozil/Liver/29933.svs,False
29935,gemfibrozil,Middle,15 day,184,11,4,1,https://dbarchive.biosciencedbc.jp/data/open-tggates-pathological-images/LATEST/images/gemfibrozil/Liver/29935.svs,False
29937,gemfibrozil,Middle,15 day,184,11,5,1,https://dbarchive.biosciencedbc.jp/data/open-tggates-pathological-images/LATEST/images/gemfibrozil/Liver/29937.svs,False
29847,gemfibrozil,Control,29 day,184,4,1,1,https://dbarchive.biosciencedbc.jp/data/open-tggates-pathological-images/LATEST/images/gemfibrozil/Liver/29847.svs,False
29849,gemfibrozil,Control,29 day,184,4,2,1,https://dbarchive.biosciencedbc.jp/data/open-tggates-pathological-images/LATEST/images/gemfibrozil/Liver/29849.svs,False
29852,gemfibrozil,Control,29 day,184,4,3,1,https://dbarchive.biosciencedbc.jp/data/open-tggates-pathological-images/LATEST/images/gemfibrozil/Liver/29852.svs,False
29854,gemfibrozil,Control,29 day,184,4,4,1,https://dbarchive.biosciencedbc.jp/data/open-tggates-pathological-images/LATEST/images/gemfibrozil/Liver/29854.svs,False
29856,gemfibrozil,Control,29 day,184,4,5,1,https://dbarchive.biosciencedbc.jp/data/open-tggates-pathological-images/LATEST/images/gemfibrozil/Liver/29856.svs,False
29978,gemfibrozil,High,29 day,184,16,1,1,https://dbarchive.biosciencedbc.jp/data/open-tggates-pathological-images/LATEST/images/gemfibrozil/Liver/29978.svs,False
29980,gemfibrozil,High,29 day,184,16,2,1,https://dbarchive.biosciencedbc.jp/data/open-tggates-pathological-images/LATEST/images/gemfibrozil/Liver/29980.svs,False
29982,gemfibrozil,High,29 day,184,16,3,1,https://dbarchive.biosciencedbc.jp/data/open-tggates-pathological-images/LATEST/images/gemfibrozil/Liver/29982.svs,False
29984,gemfibrozil,High,29 day,184,16,4,1,https://dbarchive.biosciencedbc.jp/data/open-tggates-pathological-images/LATEST/images/gemfibrozil/Liver/29984.svs,False
29986,gemfibrozil,High,29 day,184,16,5,1,https://dbarchive.biosciencedbc.jp/data/open-tggates-pathological-images/LATEST/images/gemfibrozil/Liver/29986.svs,False
29893,gemfibrozil,Low,29 day,184,8,1,1,https://dbarchive.biosciencedbc.jp/data/open-tggates-pathological-images/LATEST/images/gemfibrozil/Liver/29893.svs,False
29896,gemfibrozil,Low,29 day,184,8,2,1,https://dbarchive.biosciencedbc.jp/data/open-tggates-pathological-images/LATEST/images/gemfibrozil/Liver/29896.svs,False
29898,gemfibrozil,Low,29 day,184,8,3,1,https://dbarchive.biosciencedbc.jp/data/open-tggates-pathological-images/LATEST/images/gemfibrozil/Liver/29898.svs,False
29901,gemfibrozil,Low,29 day,184,8,4,1,https://dbarchive.biosciencedbc.jp/data/open-tggates-pathological-images/LATEST/images/gemfibrozil/Liver/29901.svs,False
29903,gemfibrozil,Low,29 day,184,8,5,1,https://dbarchive.biosciencedbc.jp/data/open-tggates-pathological-images/LATEST/images/gemfibrozil/Liver/29903.svs,False
29939,gemfibrozil,Middle,29 day,184,12,1,1,https://dbarchive.biosciencedbc.jp/data/open-tggates-pathological-images/LATEST/images/gemfibrozil/Liver/29939.svs,False
29941,gemfibrozil,Middle,29 day,184,12,2,1,https://dbarchive.biosciencedbc.jp/data/open-tggates-pathological-images/LATEST/images/gemfibrozil/Liver/29941.svs,False
29943,gemfibrozil,Middle,29 day,184,12,3,1,https://dbarchive.biosciencedbc.jp/data/open-tggates-pathological-images/LATEST/images/gemfibrozil/Liver/29943.svs,False
29945,gemfibrozil,Middle,29 day,184,12,4,1,https://dbarchive.biosciencedbc.jp/data/open-tggates-pathological-images/LATEST/images/gemfibrozil/Liver/29945.svs,False
29947,gemfibrozil,Middle,29 day,184,12,5,1,https://dbarchive.biosciencedbc.jp/data/open-tggates-pathological-images/LATEST/images/gemfibrozil/Liver/29947.svs,False
29813,gemfibrozil,Control,4 day,184,1,1,1,https://dbarchive.biosciencedbc.jp/data/open-tggates-pathological-images/LATEST/images/gemfibrozil/Liver/29813.svs,False
29816,gemfibrozil,Control,4 day,184,1,2,1,https://dbarchive.biosciencedbc.jp/data/open-tggates-pathological-images/LATEST/images/gemfibrozil/Liver/29816.svs,False
29818,gemfibrozil,Control,4 day,184,1,3,1,https://dbarchive.biosciencedbc.jp/data/open-tggates-pathological-images/LATEST/images/gemfibrozil/Liver/29818.svs,False
29819,gemfibrozil,Control,4 day,184,1,4,1,https://dbarchive.biosciencedbc.jp/data/open-tggates-pathological-images/LATEST/images/gemfibrozil/Liver/29819.svs,False
29822,gemfibrozil,Control,4 day,184,1,5,1,https://dbarchive.biosciencedbc.jp/data/open-tggates-pathological-images/LATEST/images/gemfibrozil/Liver/29822.svs,False
29949,gemfibrozil,High,4 day,184,13,1,1,https://dbarchive.biosciencedbc.jp/data/open-tggates-pathological-images/LATEST/images/gemfibrozil/Liver/29949.svs,False
29951,gemfibrozil,High,4 day,184,13,2,1,https://dbarchive.biosciencedbc.jp/data/open-tggates-pathological-images/LATEST/images/gemfibrozil/Liver/29951.svs,False
29953,gemfibrozil,High,4 day,184,13,3,1,https://dbarchive.biosciencedbc.jp/data/open-tggates-pathological-images/LATEST/images/gemfibrozil/Liver/29953.svs,False
29955,gemfibrozil,High,4 day,184,13,4,1,https://dbarchive.biosciencedbc.jp/data/open-tggates-pathological-images/LATEST/images/gemfibrozil/Liver/29955.svs,False
29957,gemfibrozil,High,4 day,184,13,5,1,https://dbarchive.biosciencedbc.jp/data/open-tggates-pathological-images/LATEST/images/gemfibrozil/Liver/29957.svs,False
29858,gemfibrozil,Low,4 day,184,5,1,1,https://dbarchive.biosciencedbc.jp/data/open-tggates-pathological-images/LATEST/images/gemfibrozil/Liver/29858.svs,False
29861,gemfibrozil,Low,4 day,184,5,2,1,https://dbarchive.biosciencedbc.jp/data/open-tggates-pathological-images/LATEST/images/gemfibrozil/Liver/29861.svs,False
29863,gemfibrozil,Low,4 day,184,5,3,1,https://dbarchive.biosciencedbc.jp/data/open-tggates-pathological-images/LATEST/images/gemfibrozil/Liver/29863.svs,False
29865,gemfibrozil,Low,4 day,184,5,4,1,https://dbarchive.biosciencedbc.jp/data/open-tggates-pathological-images/LATEST/images/gemfibrozil/Liver/29865.svs,False
29868,gemfibrozil,Low,4 day,184,5,5,1,https://dbarchive.biosciencedbc.jp/data/open-tggates-pathological-images/LATEST/images/gemfibrozil/Liver/29868.svs,False
29906,gemfibrozil,Middle,4 day,184,9,1,1,https://dbarchive.biosciencedbc.jp/data/open-tggates-pathological-images/LATEST/images/gemfibrozil/Liver/29906.svs,False
29908,gemfibrozil,Middle,4 day,184,9,2,1,https://dbarchive.biosciencedbc.jp/data/open-tggates-pathological-images/LATEST/images/gemfibrozil/Liver/29908.svs,False
29910,gemfibrozil,Middle,4 day,184,9,3,1,https://dbarchive.biosciencedbc.jp/data/open-tggates-pathological-images/LATEST/images/gemfibrozil/Liver/29910.svs,False
29913,gemfibrozil,Middle,4 day,184,9,4,1,https://dbarchive.biosciencedbc.jp/data/open-tggates-pathological-images/LATEST/images/gemfibrozil/Liver/29913.svs,False
29915,gemfibrozil,Middle,4 day,184,9,5,1,https://dbarchive.biosciencedbc.jp/data/open-tggates-pathological-images/LATEST/images/gemfibrozil/Liver/29915.svs,False
29824,gemfibrozil,Control,8 day,184,2,1,1,https://dbarchive.biosciencedbc.jp/data/open-tggates-pathological-images/LATEST/images/gemfibrozil/Liver/29824.svs,False
29826,gemfibrozil,Control,8 day,184,2,2,1,https://dbarchive.biosciencedbc.jp/data/open-tggates-pathological-images/LATEST/images/gemfibrozil/Liver/29826.svs,False
29829,gemfibrozil,Control,8 day,184,2,3,1,https://dbarchive.biosciencedbc.jp/data/open-tggates-pathological-images/LATEST/images/gemfibrozil/Liver/29829.svs,False
29831,gemfibrozil,Control,8 day,184,2,4,1,https://dbarchive.biosciencedbc.jp/data/open-tggates-pathological-images/LATEST/images/gemfibrozil/Liver/29831.svs,False
29833,gemfibrozil,Control,8 day,184,2,5,1,https://dbarchive.biosciencedbc.jp/data/open-tggates-pathological-images/LATEST/images/gemfibrozil/Liver/29833.svs,False
29958,gemfibrozil,High,8 day,184,14,1,1,https://dbarchive.biosciencedbc.jp/data/open-tggates-pathological-images/LATEST/images/gemfibrozil/Liver/29958.svs,False
29960,gemfibrozil,High,8 day,184,14,2,1,https://dbarchive.biosciencedbc.jp/data/open-tggates-pathological-images/LATEST/images/gemfibrozil/Liver/29960.svs,False
29962,gemfibrozil,High,8 day,184,14,3,1,https://dbarchive.biosciencedbc.jp/data/open-tggates-pathological-images/LATEST/images/gemfibrozil/Liver/29962.svs,False
29965,gemfibrozil,High,8 day,184,14,4,1,https://dbarchive.biosciencedbc.jp/data/open-tggates-pathological-images/LATEST/images/gemfibrozil/Liver/29965.svs,False
29967,gemfibrozil,High,8 day,184,14,5,1,https://dbarchive.biosciencedbc.jp/data/open-tggates-pathological-images/LATEST/images/gemfibrozil/Liver/29967.svs,False
29870,gemfibrozil,Low,8 day,184,6,1,1,https://dbarchive.biosciencedbc.jp/data/open-tggates-pathological-images/LATEST/images/gemfibrozil/Liver/29870.svs,False
29872,gemfibrozil,Low,8 day,184,6,2,1,https://dbarchive.biosciencedbc.jp/data/open-tggates-pathological-images/LATEST/images/gemfibrozil/Liver/29872.svs,False
29874,gemfibrozil,Low,8 day,184,6,3,1,https://dbarchive.biosciencedbc.jp/data/open-tggates-pathological-images/LATEST/images/gemfibrozil/Liver/29874.svs,False
29877,gemfibrozil,Low,8 day,184,6,4,1,https://dbarchive.biosciencedbc.jp/data/open-tggates-pathological-images/LATEST/images/gemfibrozil/Liver/29877.svs,False
29879,gemfibrozil,Low,8 day,184,6,5,1,https://dbarchive.biosciencedbc.jp/data/open-tggates-pathological-images/LATEST/images/gemfibrozil/Liver/29879.svs,False
29917,gemfibrozil,Middle,8 day,184,10,1,1,https://dbarchive.biosciencedbc.jp/data/open-tggates-pathological-images/LATEST/images/gemfibrozil/Liver/29917.svs,False
29920,gemfibrozil,Middle,8 day,184,10,2,1,https://dbarchive.biosciencedbc.jp/data/open-tggates-pathological-images/LATEST/images/gemfibrozil/Liver/29920.svs,False
29922,gemfibrozil,Middle,8 day,184,10,3,1,https://dbarchive.biosciencedbc.jp/data/open-tggates-pathological-images/LATEST/images/gemfibrozil/Liver/29922.svs,False
29925,gemfibrozil,Middle,8 day,184,10,4,1,https://dbarchive.biosciencedbc.jp/data/open-tggates-pathological-images/LATEST/images/gemfibrozil/Liver/29925.svs,False
29927,gemfibrozil,Middle,8 day,184,10,5,1,https://dbarchive.biosciencedbc.jp/data/open-tggates-pathological-images/LATEST/images/gemfibrozil/Liver/29927.svs,False
31897,griseofulvin,Control,15 day,290,3,1,2,https://dbarchive.biosciencedbc.jp/data/open-tggates-pathological-images/LATEST/images/griseofulvin/Liver/31897.svs,False
31900,griseofulvin,Control,15 day,290,3,2,2,https://dbarchive.biosciencedbc.jp/data/open-tggates-pathological-images/LATEST/images/griseofulvin/Liver/31900.svs,False
31903,griseofulvin,Control,15 day,290,3,3,2,https://dbarchive.biosciencedbc.jp/data/open-tggates-pathological-images/LATEST/images/griseofulvin/Liver/31903.svs,False
31906,griseofulvin,Control,15 day,290,3,4,2,https://dbarchive.biosciencedbc.jp/data/open-tggates-pathological-images/LATEST/images/griseofulvin/Liver/31906.svs,False
31909,griseofulvin,Control,15 day,290,3,5,2,https://dbarchive.biosciencedbc.jp/data/open-tggates-pathological-images/LATEST/images/griseofulvin/Liver/31909.svs,False
31945,griseofulvin,High,15 day,290,15,1,2,https://dbarchive.biosciencedbc.jp/data/open-tggates-pathological-images/LATEST/images/griseofulvin/Liver/31945.svs,False
31949,griseofulvin,High,15 day,290,15,2,2,https://dbarchive.biosciencedbc.jp/data/open-tggates-pathological-images/LATEST/images/griseofulvin/Liver/31949.svs,False
31952,griseofulvin,High,15 day,290,15,3,2,https://dbarchive.biosciencedbc.jp/data/open-tggates-pathological-images/LATEST/images/griseofulvin/Liver/31952.svs,False
31955,griseofulvin,High,15 day,290,15,4,2,https://dbarchive.biosciencedbc.jp/data/open-tggates-pathological-images/LATEST/images/griseofulvin/Liver/31955.svs,False
31958,griseofulvin,High,15 day,290,15,5,2,https://dbarchive.biosciencedbc.jp/data/open-tggates-pathological-images/LATEST/images/griseofulvin/Liver/31958.svs,False
31913,griseofulvin,Low,15 day,290,7,1,2,https://dbarchive.biosciencedbc.jp/data/open-tggates-pathological-images/LATEST/images/griseofulvin/Liver/31913.svs,False
31915,griseofulvin,Low,15 day,290,7,2,2,https://dbarchive.biosciencedbc.jp/data/open-tggates-pathological-images/LATEST/images/griseofulvin/Liver/31915.svs,False
31919,griseofulvin,Low,15 day,290,7,3,2,https://dbarchive.biosciencedbc.jp/data/open-tggates-pathological-images/LATEST/images/griseofulvin/Liver/31919.svs,False
31923,griseofulvin,Low,15 day,290,7,4,2,https://dbarchive.biosciencedbc.jp/data/open-tggates-pathological-images/LATEST/images/griseofulvin/Liver/31923.svs,False
31926,griseofulvin,Low,15 day,290,7,5,2,https://dbarchive.biosciencedbc.jp/data/open-tggates-pathological-images/LATEST/images/griseofulvin/Liver/31926.svs,False
31929,griseofulvin,Middle,15 day,290,11,1,2,https://dbarchive.biosciencedbc.jp/data/open-tggates-pathological-images/LATEST/images/griseofulvin/Liver/31929.svs,False
31932,griseofulvin,Middle,15 day,290,11,2,2,https://dbarchive.biosciencedbc.jp/data/open-tggates-pathological-images/LATEST/images/griseofulvin/Liver/31932.svs,False
31936,griseofulvin,Middle,15 day,290,11,3,2,https://dbarchive.biosciencedbc.jp/data/open-tggates-pathological-images/LATEST/images/griseofulvin/Liver/31936.svs,False
31939,griseofulvin,Middle,15 day,290,11,4,2,https://dbarchive.biosciencedbc.jp/data/open-tggates-pathological-images/LATEST/images/griseofulvin/Liver/31939.svs,False
31942,griseofulvin,Middle,15 day,290,11,5,2,https://dbarchive.biosciencedbc.jp/data/open-tggates-pathological-images/LATEST/images/griseofulvin/Liver/31942.svs,False
31962,griseofulvin,Control,29 day,290,4,1,2,https://dbarchive.biosciencedbc.jp/data/open-tggates-pathological-images/LATEST/images/griseofulvin/Liver/31962.svs,False
31965,griseofulvin,Control,29 day,290,4,2,2,https://dbarchive.biosciencedbc.jp/data/open-tggates-pathological-images/LATEST/images/griseofulvin/Liver/31965.svs,False
31968,griseofulvin,Control,29 day,290,4,3,2,https://dbarchive.biosciencedbc.jp/data/open-tggates-pathological-images/LATEST/images/griseofulvin/Liver/31968.svs,False
31971,griseofulvin,Control,29 day,290,4,4,2,https://dbarchive.biosciencedbc.jp/data/open-tggates-pathological-images/LATEST/images/griseofulvin/Liver/31971.svs,False
31975,griseofulvin,Control,29 day,290,4,5,2,https://dbarchive.biosciencedbc.jp/data/open-tggates-pathological-images/LATEST/images/griseofulvin/Liver/31975.svs,False
32010,griseofulvin,High,29 day,290,16,1,2,https://dbarchive.biosciencedbc.jp/data/open-tggates-pathological-images/LATEST/images/griseofulvin/Liver/32010.svs,False
32011,griseofulvin,High,29 day,290,16,2,2,https://dbarchive.biosciencedbc.jp/data/open-tggates-pathological-images/LATEST/images/griseofulvin/Liver/32011.svs,False
32014,griseofulvin,High,29 day,290,16,3,2,https://dbarchive.biosciencedbc.jp/data/open-tggates-pathological-images/LATEST/images/griseofulvin/Liver/32014.svs,False
32018,griseofulvin,High,29 day,290,16,4,2,https://dbarchive.biosciencedbc.jp/data/open-tggates-pathological-images/LATEST/images/griseofulvin/Liver/32018.svs,False
32021,griseofulvin,High,29 day,290,16,5,2,https://dbarchive.biosciencedbc.jp/data/open-tggates-pathological-images/LATEST/images/griseofulvin/Liver/32021.svs,False
31977,griseofulvin,Low,29 day,290,8,1,2,https://dbarchive.biosciencedbc.jp/data/open-tggates-pathological-images/LATEST/images/griseofulvin/Liver/31977.svs,False
31981,griseofulvin,Low,29 day,290,8,2,2,https://dbarchive.biosciencedbc.jp/data/open-tggates-pathological-images/LATEST/images/griseofulvin/Liver/31981.svs,False
31984,griseofulvin,Low,29 day,290,8,3,2,https://dbarchive.biosciencedbc.jp/data/open-tggates-pathological-images/LATEST/images/griseofulvin/Liver/31984.svs,False
31987,griseofulvin,Low,29 day,290,8,4,2,https://dbarchive.biosciencedbc.jp/data/open-tggates-pathological-images/LATEST/images/griseofulvin/Liver/31987.svs,False
31990,griseofulvin,Low,29 day,290,8,5,2,https://dbarchive.biosciencedbc.jp/data/open-tggates-pathological-images/LATEST/images/griseofulvin/Liver/31990.svs,False
31993,griseofulvin,Middle,29 day,290,12,1,2,https://dbarchive.biosciencedbc.jp/data/open-tggates-pathological-images/LATEST/images/griseofulvin/Liver/31993.svs,False
31997,griseofulvin,Middle,29 day,290,12,2,2,https://dbarchive.biosciencedbc.jp/data/open-tggates-pathological-images/LATEST/images/griseofulvin/Liver/31997.svs,False
32000,griseofulvin,Middle,29 day,290,12,3,2,https://dbarchive.biosciencedbc.jp/data/open-tggates-pathological-images/LATEST/images/griseofulvin/Liver/32000.svs,False
32003,griseofulvin,Middle,29 day,290,12,4,2,https://dbarchive.biosciencedbc.jp/data/open-tggates-pathological-images/LATEST/images/griseofulvin/Liver/32003.svs,False
32006,griseofulvin,Middle,29 day,290,12,5,2,https://dbarchive.biosciencedbc.jp/data/open-tggates-pathological-images/LATEST/images/griseofulvin/Liver/32006.svs,False
31794,griseofulvin,Control,4 day,290,1,1,2,https://dbarchive.biosciencedbc.jp/data/open-tggates-pathological-images/LATEST/images/griseofulvin/Liver/31794.svs,False
31795,griseofulvin,Control,4 day,290,1,2,2,https://dbarchive.biosciencedbc.jp/data/open-tggates-pathological-images/LATEST/images/griseofulvin/Liver/31795.svs,False
31797,griseofulvin,Control,4 day,290,1,3,2,https://dbarchive.biosciencedbc.jp/data/open-tggates-pathological-images/LATEST/images/griseofulvin/Liver/31797.svs,False
31799,griseofulvin,Control,4 day,290,1,4,2,https://dbarchive.biosciencedbc.jp/data/open-tggates-pathological-images/LATEST/images/griseofulvin/Liver/31799.svs,False
31801,griseofulvin,Control,4 day,290,1,5,2,https://dbarchive.biosciencedbc.jp/data/open-tggates-pathological-images/LATEST/images/griseofulvin/Liver/31801.svs,False
31825,griseofulvin,High,4 day,290,13,1,2,https://dbarchive.biosciencedbc.jp/data/open-tggates-pathological-images/LATEST/images/griseofulvin/Liver/31825.svs,False
31828,griseofulvin,High,4 day,290,13,2,2,https://dbarchive.biosciencedbc.jp/data/open-tggates-pathological-images/LATEST/images/griseofulvin/Liver/31828.svs,False
31831,griseofulvin,High,4 day,290,13,3,2,https://dbarchive.biosciencedbc.jp/data/open-tggates-pathological-images/LATEST/images/griseofulvin/Liver/31831.svs,False
31834,griseofulvin,High,4 day,290,13,4,2,https://dbarchive.biosciencedbc.jp/data/open-tggates-pathological-images/LATEST/images/griseofulvin/Liver/31834.svs,False
31837,griseofulvin,High,4 day,290,13,5,2,https://dbarchive.biosciencedbc.jp/data/open-tggates-pathological-images/LATEST/images/griseofulvin/Liver/31837.svs,False
31802,griseofulvin,Low,4 day,290,5,1,2,https://dbarchive.biosciencedbc.jp/data/open-tggates-pathological-images/LATEST/images/griseofulvin/Liver/31802.svs,False
31805,griseofulvin,Low,4 day,290,5,2,2,https://dbarchive.biosciencedbc.jp/data/open-tggates-pathological-images/LATEST/images/griseofulvin/Liver/31805.svs,False
31808,griseofulvin,Low,4 day,290,5,3,2,https://dbarchive.biosciencedbc.jp/data/open-tggates-pathological-images/LATEST/images/griseofulvin/Liver/31808.svs,False
31810,griseofulvin,Low,4 day,290,5,4,2,https://dbarchive.biosciencedbc.jp/data/open-tggates-pathological-images/LATEST/images/griseofulvin/Liver/31810.svs,False
31811,griseofulvin,Low,4 day,290,5,5,2,https://dbarchive.biosciencedbc.jp/data/open-tggates-pathological-images/LATEST/images/griseofulvin/Liver/31811.svs,False
31815,griseofulvin,Middle,4 day,290,9,1,2,https://dbarchive.biosciencedbc.jp/data/open-tggates-pathological-images/LATEST/images/griseofulvin/Liver/31815.svs,False
31817,griseofulvin,Middle,4 day,290,9,2,2,https://dbarchive.biosciencedbc.jp/data/open-tggates-pathological-images/LATEST/images/griseofulvin/Liver/31817.svs,False
31818,griseofulvin,Middle,4 day,290,9,3,2,https://dbarchive.biosciencedbc.jp/data/open-tggates-pathological-images/LATEST/images/griseofulvin/Liver/31818.svs,False
31820,griseofulvin,Middle,4 day,290,9,4,2,https://dbarchive.biosciencedbc.jp/data/open-tggates-pathological-images/LATEST/images/griseofulvin/Liver/31820.svs,False
31822,griseofulvin,Middle,4 day,290,9,5,2,https://dbarchive.biosciencedbc.jp/data/open-tggates-pathological-images/LATEST/images/griseofulvin/Liver/31822.svs,False
31841,griseofulvin,Control,8 day,290,2,1,2,https://dbarchive.biosciencedbc.jp/data/open-tggates-pathological-images/LATEST/images/griseofulvin/Liver/31841.svs,False
31845,griseofulvin,Control,8 day,290,2,2,2,https://dbarchive.biosciencedbc.jp/data/open-tggates-pathological-images/LATEST/images/griseofulvin/Liver/31845.svs,False
31848,griseofulvin,Control,8 day,290,2,3,2,https://dbarchive.biosciencedbc.jp/data/open-tggates-pathological-images/LATEST/images/griseofulvin/Liver/31848.svs,False
31849,griseofulvin,Control,8 day,290,2,4,2,https://dbarchive.biosciencedbc.jp/data/open-tggates-pathological-images/LATEST/images/griseofulvin/Liver/31849.svs,False
31851,griseofulvin,Control,8 day,290,2,5,2,https://dbarchive.biosciencedbc.jp/data/open-tggates-pathological-images/LATEST/images/griseofulvin/Liver/31851.svs,False
31884,griseofulvin,High,8 day,290,14,1,2,https://dbarchive.biosciencedbc.jp/data/open-tggates-pathological-images/LATEST/images/griseofulvin/Liver/31884.svs,False
31887,griseofulvin,High,8 day,290,14,2,2,https://dbarchive.biosciencedbc.jp/data/open-tggates-pathological-images/LATEST/images/griseofulvin/Liver/31887.svs,False
31890,griseofulvin,High,8 day,290,14,3,2,https://dbarchive.biosciencedbc.jp/data/open-tggates-pathological-images/LATEST/images/griseofulvin/Liver/31890.svs,False
31893,griseofulvin,High,8 day,290,14,4,2,https://dbarchive.biosciencedbc.jp/data/open-tggates-pathological-images/LATEST/images/griseofulvin/Liver/31893.svs,False
31896,griseofulvin,High,8 day,290,14,5,2,https://dbarchive.biosciencedbc.jp/data/open-tggates-pathological-images/LATEST/images/griseofulvin/Liver/31896.svs,False
31853,griseofulvin,Low,8 day,290,6,1,2,https://dbarchive.biosciencedbc.jp/data/open-tggates-pathological-images/LATEST/images/griseofulvin/Liver/31853.svs,False
31856,griseofulvin,Low,8 day,290,6,2,2,https://dbarchive.biosciencedbc.jp/data/open-tggates-pathological-images/LATEST/images/griseofulvin/Liver/31856.svs,False
31859,griseofulvin,Low,8 day,290,6,3,2,https://dbarchive.biosciencedbc.jp/data/open-tggates-pathological-images/LATEST/images/griseofulvin/Liver/31859.svs,False
31863,griseofulvin,Low,8 day,290,6,4,2,https://dbarchive.biosciencedbc.jp/data/open-tggates-pathological-images/LATEST/images/griseofulvin/Liver/31863.svs,False
31865,griseofulvin,Low,8 day,290,6,5,2,https://dbarchive.biosciencedbc.jp/data/open-tggates-pathological-images/LATEST/images/griseofulvin/Liver/31865.svs,False
31869,griseofulvin,Middle,8 day,290,10,1,2,https://dbarchive.biosciencedbc.jp/data/open-tggates-pathological-images/LATEST/images/griseofulvin/Liver/31869.svs,False
31872,griseofulvin,Middle,8 day,290,10,2,2,https://dbarchive.biosciencedbc.jp/data/open-tggates-pathological-images/LATEST/images/griseofulvin/Liver/31872.svs,False
31874,griseofulvin,Middle,8 day,290,10,3,2,https://dbarchive.biosciencedbc.jp/data/open-tggates-pathological-images/LATEST/images/griseofulvin/Liver/31874.svs,False
31878,griseofulvin,Middle,8 day,290,10,4,2,https://dbarchive.biosciencedbc.jp/data/open-tggates-pathological-images/LATEST/images/griseofulvin/Liver/31878.svs,False
31881,griseofulvin,Middle,8 day,290,10,5,2,https://dbarchive.biosciencedbc.jp/data/open-tggates-pathological-images/LATEST/images/griseofulvin/Liver/31881.svs,False
6217,hexachlorobenzene,Control,15 day,157,3,1,1,https://dbarchive.biosciencedbc.jp/data/open-tggates-pathological-images/LATEST/images/hexachlorobenzene/Liver/6217.svs,False
6219,hexachlorobenzene,Control,15 day,157,3,2,1,https://dbarchive.biosciencedbc.jp/data/open-tggates-pathological-images/LATEST/images/hexachlorobenzene/Liver/6219.svs,False
6222,hexachlorobenzene,Control,15 day,157,3,3,1,https://dbarchive.biosciencedbc.jp/data/open-tggates-pathological-images/LATEST/images/hexachlorobenzene/Liver/6222.svs,False
6224,hexachlorobenzene,Control,15 day,157,3,4,1,https://dbarchive.biosciencedbc.jp/data/open-tggates-pathological-images/LATEST/images/hexachlorobenzene/Liver/6224.svs,False
6228,hexachlorobenzene,Control,15 day,157,3,5,1,https://dbarchive.biosciencedbc.jp/data/open-tggates-pathological-images/LATEST/images/hexachlorobenzene/Liver/6228.svs,False
6403,hexachlorobenzene,High,15 day,157,15,1,1,https://dbarchive.biosciencedbc.jp/data/open-tggates-pathological-images/LATEST/images/hexachlorobenzene/Liver/6403.svs,False
6404,hexachlorobenzene,High,15 day,157,15,2,1,https://dbarchive.biosciencedbc.jp/data/open-tggates-pathological-images/LATEST/images/hexachlorobenzene/Liver/6404.svs,False
6406,hexachlorobenzene,High,15 day,157,15,3,1,https://dbarchive.biosciencedbc.jp/data/open-tggates-pathological-images/LATEST/images/hexachlorobenzene/Liver/6406.svs,False
6408,hexachlorobenzene,High,15 day,157,15,4,1,https://dbarchive.biosciencedbc.jp/data/open-tggates-pathological-images/LATEST/images/hexachlorobenzene/Liver/6408.svs,False
6410,hexachlorobenzene,High,15 day,157,15,5,1,https://dbarchive.biosciencedbc.jp/data/open-tggates-pathological-images/LATEST/images/hexachlorobenzene/Liver/6410.svs,False
6280,hexachlorobenzene,Low,15 day,157,7,1,1,https://dbarchive.biosciencedbc.jp/data/open-tggates-pathological-images/LATEST/images/hexachlorobenzene/Liver/6280.svs,False
6283,hexachlorobenzene,Low,15 day,157,7,2,1,https://dbarchive.biosciencedbc.jp/data/open-tggates-pathological-images/LATEST/images/hexachlorobenzene/Liver/6283.svs,False
6287,hexachlorobenzene,Low,15 day,157,7,3,1,https://dbarchive.biosciencedbc.jp/data/open-tggates-pathological-images/LATEST/images/hexachlorobenzene/Liver/6287.svs,False
6291,hexachlorobenzene,Low,15 day,157,7,4,1,https://dbarchive.biosciencedbc.jp/data/open-tggates-pathological-images/LATEST/images/hexachlorobenzene/Liver/6291.svs,False
6294,hexachlorobenzene,Low,15 day,157,7,5,1,https://dbarchive.biosciencedbc.jp/data/open-tggates-pathological-images/LATEST/images/hexachlorobenzene/Liver/6294.svs,False
6372,hexachlorobenzene,Middle,15 day,157,11,1,1,https://dbarchive.biosciencedbc.jp/data/open-tggates-pathological-images/LATEST/images/hexachlorobenzene/Liver/6372.svs,False
6374,hexachlorobenzene,Middle,15 day,157,11,2,1,https://dbarchive.biosciencedbc.jp/data/open-tggates-pathological-images/LATEST/images/hexachlorobenzene/Liver/6374.svs,False
6375,hexachlorobenzene,Middle,15 day,157,11,3,1,https://dbarchive.biosciencedbc.jp/data/open-tggates-pathological-images/LATEST/images/hexachlorobenzene/Liver/6375.svs,False
6377,hexachlorobenzene,Middle,15 day,157,11,4,1,https://dbarchive.biosciencedbc.jp/data/open-tggates-pathological-images/LATEST/images/hexachlorobenzene/Liver/6377.svs,False
6378,hexachlorobenzene,Middle,15 day,157,11,5,1,https://dbarchive.biosciencedbc.jp/data/open-tggates-pathological-images/LATEST/images/hexachlorobenzene/Liver/6378.svs,False
6232,hexachlorobenzene,Control,29 day,157,4,1,1,https://dbarchive.biosciencedbc.jp/data/open-tggates-pathological-images/LATEST/images/hexachlorobenzene/Liver/6232.svs,False
6236,hexachlorobenzene,Control,29 day,157,4,2,1,https://dbarchive.biosciencedbc.jp/data/open-tggates-pathological-images/LATEST/images/hexachlorobenzene/Liver/6236.svs,False
6239,hexachlorobenzene,Control,29 day,157,4,3,1,https://dbarchive.biosciencedbc.jp/data/open-tggates-pathological-images/LATEST/images/hexachlorobenzene/Liver/6239.svs,False
6242,hexachlorobenzene,Control,29 day,157,4,4,1,https://dbarchive.biosciencedbc.jp/data/open-tggates-pathological-images/LATEST/images/hexachlorobenzene/Liver/6242.svs,False
6245,hexachlorobenzene,Control,29 day,157,4,5,1,https://dbarchive.biosciencedbc.jp/data/open-tggates-pathological-images/LATEST/images/hexachlorobenzene/Liver/6245.svs,False
6411,hexachlorobenzene,High,29 day,157,16,1,1,https://dbarchive.biosciencedbc.jp/data/open-tggates-pathological-images/LATEST/images/hexachlorobenzene/Liver/6411.svs,False
6413,hexachlorobenzene,High,29 day,157,16,2,1,https://dbarchive.biosciencedbc.jp/data/open-tggates-pathological-images/LATEST/images/hexachlorobenzene/Liver/6413.svs,False
6414,hexachlorobenzene,High,29 day,157,16,3,1,https://dbarchive.biosciencedbc.jp/data/open-tggates-pathological-images/LATEST/images/hexachlorobenzene/Liver/6414.svs,False
6416,hexachlorobenzene,High,29 day,157,16,4,1,https://dbarchive.biosciencedbc.jp/data/open-tggates-pathological-images/LATEST/images/hexachlorobenzene/Liver/6416.svs,False
6418,hexachlorobenzene,High,29 day,157,16,5,1,https://dbarchive.biosciencedbc.jp/data/open-tggates-pathological-images/LATEST/images/hexachlorobenzene/Liver/6418.svs,False
6296,hexachlorobenzene,Low,29 day,157,8,1,1,https://dbarchive.biosciencedbc.jp/data/open-tggates-pathological-images/LATEST/images/hexachlorobenzene/Liver/6296.svs,False
6298,hexachlorobenzene,Low,29 day,157,8,2,1,https://dbarchive.biosciencedbc.jp/data/open-tggates-pathological-images/LATEST/images/hexachlorobenzene/Liver/6298.svs,False
6299,hexachlorobenzene,Low,29 day,157,8,3,1,https://dbarchive.biosciencedbc.jp/data/open-tggates-pathological-images/LATEST/images/hexachlorobenzene/Liver/6299.svs,False
6301,hexachlorobenzene,Low,29 day,157,8,4,1,https://dbarchive.biosciencedbc.jp/data/open-tggates-pathological-images/LATEST/images/hexachlorobenzene/Liver/6301.svs,False
6302,hexachlorobenzene,Low,29 day,157,8,5,1,https://dbarchive.biosciencedbc.jp/data/open-tggates-pathological-images/LATEST/images/hexachlorobenzene/Liver/6302.svs,False
6380,hexachlorobenzene,Middle,29 day,157,12,1,1,https://dbarchive.biosciencedbc.jp/data/open-tggates-pathological-images/LATEST/images/hexachlorobenzene/Liver/6380.svs,False
6382,hexachlorobenzene,Middle,29 day,157,12,2,1,https://dbarchive.biosciencedbc.jp/data/open-tggates-pathological-images/LATEST/images/hexachlorobenzene/Liver/6382.svs,False
6383,hexachlorobenzene,Middle,29 day,157,12,3,1,https://dbarchive.biosciencedbc.jp/data/open-tggates-pathological-images/LATEST/images/hexachlorobenzene/Liver/6383.svs,False
6385,hexachlorobenzene,Middle,29 day,157,12,4,1,https://dbarchive.biosciencedbc.jp/data/open-tggates-pathological-images/LATEST/images/hexachlorobenzene/Liver/6385.svs,False
6387,hexachlorobenzene,Middle,29 day,157,12,5,1,https://dbarchive.biosciencedbc.jp/data/open-tggates-pathological-images/LATEST/images/hexachlorobenzene/Liver/6387.svs,False
6194,hexachlorobenzene,Control,4 day,157,1,1,1,https://dbarchive.biosciencedbc.jp/data/open-tggates-pathological-images/LATEST/images/hexachlorobenzene/Liver/6194.svs,False
6196,hexachlorobenzene,Control,4 day,157,1,2,1,https://dbarchive.biosciencedbc.jp/data/open-tggates-pathological-images/LATEST/images/hexachlorobenzene/Liver/6196.svs,False
6198,hexachlorobenzene,Control,4 day,157,1,3,1,https://dbarchive.biosciencedbc.jp/data/open-tggates-pathological-images/LATEST/images/hexachlorobenzene/Liver/6198.svs,False
6200,hexachlorobenzene,Control,4 day,157,1,4,1,https://dbarchive.biosciencedbc.jp/data/open-tggates-pathological-images/LATEST/images/hexachlorobenzene/Liver/6200.svs,False
6202,hexachlorobenzene,Control,4 day,157,1,5,1,https://dbarchive.biosciencedbc.jp/data/open-tggates-pathological-images/LATEST/images/hexachlorobenzene/Liver/6202.svs,False
6388,hexachlorobenzene,High,4 day,157,13,1,1,https://dbarchive.biosciencedbc.jp/data/open-tggates-pathological-images/LATEST/images/hexachlorobenzene/Liver/6388.svs,False
6390,hexachlorobenzene,High,4 day,157,13,2,1,https://dbarchive.biosciencedbc.jp/data/open-tggates-pathological-images/LATEST/images/hexachlorobenzene/Liver/6390.svs,False
6391,hexachlorobenzene,High,4 day,157,13,3,1,https://dbarchive.biosciencedbc.jp/data/open-tggates-pathological-images/LATEST/images/hexachlorobenzene/Liver/6391.svs,False
6392,hexachlorobenzene,High,4 day,157,13,4,1,https://dbarchive.biosciencedbc.jp/data/open-tggates-pathological-images/LATEST/images/hexachlorobenzene/Liver/6392.svs,False
6394,hexachlorobenzene,High,4 day,157,13,5,1,https://dbarchive.biosciencedbc.jp/data/open-tggates-pathological-images/LATEST/images/hexachlorobenzene/Liver/6394.svs,False
6249,hexachlorobenzene,Low,4 day,157,5,1,1,https://dbarchive.biosciencedbc.jp/data/open-tggates-pathological-images/LATEST/images/hexachlorobenzene/Liver/6249.svs,False
6252,hexachlorobenzene,Low,4 day,157,5,2,1,https://dbarchive.biosciencedbc.jp/data/open-tggates-pathological-images/LATEST/images/hexachlorobenzene/Liver/6252.svs,False
6256,hexachlorobenzene,Low,4 day,157,5,3,1,https://dbarchive.biosciencedbc.jp/data/open-tggates-pathological-images/LATEST/images/hexachlorobenzene/Liver/6256.svs,False
6258,hexachlorobenzene,Low,4 day,157,5,4,1,https://dbarchive.biosciencedbc.jp/data/open-tggates-pathological-images/LATEST/images/hexachlorobenzene/Liver/6258.svs,False
6261,hexachlorobenzene,Low,4 day,157,5,5,1,https://dbarchive.biosciencedbc.jp/data/open-tggates-pathological-images/LATEST/images/hexachlorobenzene/Liver/6261.svs,False
6358,hexachlorobenzene,Middle,4 day,157,9,1,1,https://dbarchive.biosciencedbc.jp/data/open-tggates-pathological-images/LATEST/images/hexachlorobenzene/Liver/6358.svs,False
6359,hexachlorobenzene,Middle,4 day,157,9,2,1,https://dbarchive.biosciencedbc.jp/data/open-tggates-pathological-images/LATEST/images/hexachlorobenzene/Liver/6359.svs,False
6361,hexachlorobenzene,Middle,4 day,157,9,3,1,https://dbarchive.biosciencedbc.jp/data/open-tggates-pathological-images/LATEST/images/hexachlorobenzene/Liver/6361.svs,False
6362,hexachlorobenzene,Middle,4 day,157,9,4,1,https://dbarchive.biosciencedbc.jp/data/open-tggates-pathological-images/LATEST/images/hexachlorobenzene/Liver/6362.svs,False
6363,hexachlorobenzene,Middle,4 day,157,9,5,1,https://dbarchive.biosciencedbc.jp/data/open-tggates-pathological-images/LATEST/images/hexachlorobenzene/Liver/6363.svs,False
6204,hexachlorobenzene,Control,8 day,157,2,1,1,https://dbarchive.biosciencedbc.jp/data/open-tggates-pathological-images/LATEST/images/hexachlorobenzene/Liver/6204.svs,False
6206,hexachlorobenzene,Control,8 day,157,2,2,1,https://dbarchive.biosciencedbc.jp/data/open-tggates-pathological-images/LATEST/images/hexachlorobenzene/Liver/6206.svs,False
6208,hexachlorobenzene,Control,8 day,157,2,3,1,https://dbarchive.biosciencedbc.jp/data/open-tggates-pathological-images/LATEST/images/hexachlorobenzene/Liver/6208.svs,False
6210,hexachlorobenzene,Control,8 day,157,2,4,1,https://dbarchive.biosciencedbc.jp/data/open-tggates-pathological-images/LATEST/images/hexachlorobenzene/Liver/6210.svs,False
6213,hexachlorobenzene,Control,8 day,157,2,5,1,https://dbarchive.biosciencedbc.jp/data/open-tggates-pathological-images/LATEST/images/hexachlorobenzene/Liver/6213.svs,False
6396,hexachlorobenzene,High,8 day,157,14,1,1,https://dbarchive.biosciencedbc.jp/data/open-tggates-pathological-images/LATEST/images/hexachlorobenzene/Liver/6396.svs,False
6397,hexachlorobenzene,High,8 day,157,14,2,1,https://dbarchive.biosciencedbc.jp/data/open-tggates-pathological-images/LATEST/images/hexachlorobenzene/Liver/6397.svs,False
6399,hexachlorobenzene,High,8 day,157,14,3,1,https://dbarchive.biosciencedbc.jp/data/open-tggates-pathological-images/LATEST/images/hexachlorobenzene/Liver/6399.svs,False
6400,hexachlorobenzene,High,8 day,157,14,4,1,https://dbarchive.biosciencedbc.jp/data/open-tggates-pathological-images/LATEST/images/hexachlorobenzene/Liver/6400.svs,False
6402,hexachlorobenzene,High,8 day,157,14,5,1,https://dbarchive.biosciencedbc.jp/data/open-tggates-pathological-images/LATEST/images/hexachlorobenzene/Liver/6402.svs,False
6264,hexachlorobenzene,Low,8 day,157,6,1,1,https://dbarchive.biosciencedbc.jp/data/open-tggates-pathological-images/LATEST/images/hexachlorobenzene/Liver/6264.svs,False
6267,hexachlorobenzene,Low,8 day,157,6,2,1,https://dbarchive.biosciencedbc.jp/data/open-tggates-pathological-images/LATEST/images/hexachlorobenzene/Liver/6267.svs,False
6270,hexachlorobenzene,Low,8 day,157,6,3,1,https://dbarchive.biosciencedbc.jp/data/open-tggates-pathological-images/LATEST/images/hexachlorobenzene/Liver/6270.svs,False
6274,hexachlorobenzene,Low,8 day,157,6,4,1,https://dbarchive.biosciencedbc.jp/data/open-tggates-pathological-images/LATEST/images/hexachlorobenzene/Liver/6274.svs,False
6277,hexachlorobenzene,Low,8 day,157,6,5,1,https://dbarchive.biosciencedbc.jp/data/open-tggates-pathological-images/LATEST/images/hexachlorobenzene/Liver/6277.svs,False
6365,hexachlorobenzene,Middle,8 day,157,10,1,1,https://dbarchive.biosciencedbc.jp/data/open-tggates-pathological-images/LATEST/images/hexachlorobenzene/Liver/6365.svs,False
6366,hexachlorobenzene,Middle,8 day,157,10,2,1,https://dbarchive.biosciencedbc.jp/data/open-tggates-pathological-images/LATEST/images/hexachlorobenzene/Liver/6366.svs,False
6368,hexachlorobenzene,Middle,8 day,157,10,3,1,https://dbarchive.biosciencedbc.jp/data/open-tggates-pathological-images/LATEST/images/hexachlorobenzene/Liver/6368.svs,False
6369,hexachlorobenzene,Middle,8 day,157,10,4,1,https://dbarchive.biosciencedbc.jp/data/open-tggates-pathological-images/LATEST/images/hexachlorobenzene/Liver/6369.svs,False
6371,hexachlorobenzene,Middle,8 day,157,10,5,1,https://dbarchive.biosciencedbc.jp/data/open-tggates-pathological-images/LATEST/images/hexachlorobenzene/Liver/6371.svs,False
19597,hydroxyzine,Control,15 day,370,3,1,2,https://dbarchive.biosciencedbc.jp/data/open-tggates-pathological-images/LATEST/images/hydroxyzine/Liver/19597.svs,False
19600,hydroxyzine,Control,15 day,370,3,2,2,https://dbarchive.biosciencedbc.jp/data/open-tggates-pathological-images/LATEST/images/hydroxyzine/Liver/19600.svs,False
19603,hydroxyzine,Control,15 day,370,3,3,2,https://dbarchive.biosciencedbc.jp/data/open-tggates-pathological-images/LATEST/images/hydroxyzine/Liver/19603.svs,False
19606,hydroxyzine,Control,15 day,370,3,4,2,https://dbarchive.biosciencedbc.jp/data/open-tggates-pathological-images/LATEST/images/hydroxyzine/Liver/19606.svs,False
19609,hydroxyzine,Control,15 day,370,3,5,2,https://dbarchive.biosciencedbc.jp/data/open-tggates-pathological-images/LATEST/images/hydroxyzine/Liver/19609.svs,False
19764,hydroxyzine,High,15 day,370,15,1,2,https://dbarchive.biosciencedbc.jp/data/open-tggates-pathological-images/LATEST/images/hydroxyzine/Liver/19764.svs,False
19767,hydroxyzine,High,15 day,370,15,2,2,https://dbarchive.biosciencedbc.jp/data/open-tggates-pathological-images/LATEST/images/hydroxyzine/Liver/19767.svs,False
19770,hydroxyzine,High,15 day,370,15,3,2,https://dbarchive.biosciencedbc.jp/data/open-tggates-pathological-images/LATEST/images/hydroxyzine/Liver/19770.svs,False
19773,hydroxyzine,High,15 day,370,15,4,2,https://dbarchive.biosciencedbc.jp/data/open-tggates-pathological-images/LATEST/images/hydroxyzine/Liver/19773.svs,False
19775,hydroxyzine,High,15 day,370,15,5,2,https://dbarchive.biosciencedbc.jp/data/open-tggates-pathological-images/LATEST/images/hydroxyzine/Liver/19775.svs,False
19655,hydroxyzine,Low,15 day,370,7,1,2,https://dbarchive.biosciencedbc.jp/data/open-tggates-pathological-images/LATEST/images/hydroxyzine/Liver/19655.svs,False
19658,hydroxyzine,Low,15 day,370,7,2,2,https://dbarchive.biosciencedbc.jp/data/open-tggates-pathological-images/LATEST/images/hydroxyzine/Liver/19658.svs,False
19661,hydroxyzine,Low,15 day,370,7,3,2,https://dbarchive.biosciencedbc.jp/data/open-tggates-pathological-images/LATEST/images/hydroxyzine/Liver/19661.svs,False
19664,hydroxyzine,Low,15 day,370,7,4,2,https://dbarchive.biosciencedbc.jp/data/open-tggates-pathological-images/LATEST/images/hydroxyzine/Liver/19664.svs,False
19667,hydroxyzine,Low,15 day,370,7,5,2,https://dbarchive.biosciencedbc.jp/data/open-tggates-pathological-images/LATEST/images/hydroxyzine/Liver/19667.svs,False
19711,hydroxyzine,Middle,15 day,370,11,1,2,https://dbarchive.biosciencedbc.jp/data/open-tggates-pathological-images/LATEST/images/hydroxyzine/Liver/19711.svs,False
19714,hydroxyzine,Middle,15 day,370,11,2,2,https://dbarchive.biosciencedbc.jp/data/open-tggates-pathological-images/LATEST/images/hydroxyzine/Liver/19714.svs,False
19717,hydroxyzine,Middle,15 day,370,11,3,2,https://dbarchive.biosciencedbc.jp/data/open-tggates-pathological-images/LATEST/images/hydroxyzine/Liver/19717.svs,False
19720,hydroxyzine,Middle,15 day,370,11,4,2,https://dbarchive.biosciencedbc.jp/data/open-tggates-pathological-images/LATEST/images/hydroxyzine/Liver/19720.svs,False
19723,hydroxyzine,Middle,15 day,370,11,5,2,https://dbarchive.biosciencedbc.jp/data/open-tggates-pathological-images/LATEST/images/hydroxyzine/Liver/19723.svs,False
19612,hydroxyzine,Control,29 day,370,4,1,2,https://dbarchive.biosciencedbc.jp/data/open-tggates-pathological-images/LATEST/images/hydroxyzine/Liver/19612.svs,False
19614,hydroxyzine,Control,29 day,370,4,2,2,https://dbarchive.biosciencedbc.jp/data/open-tggates-pathological-images/LATEST/images/hydroxyzine/Liver/19614.svs,False
19617,hydroxyzine,Control,29 day,370,4,3,2,https://dbarchive.biosciencedbc.jp/data/open-tggates-pathological-images/LATEST/images/hydroxyzine/Liver/19617.svs,False
19620,hydroxyzine,Control,29 day,370,4,4,2,https://dbarchive.biosciencedbc.jp/data/open-tggates-pathological-images/LATEST/images/hydroxyzine/Liver/19620.svs,False
19623,hydroxyzine,Control,29 day,370,4,5,2,https://dbarchive.biosciencedbc.jp/data/open-tggates-pathological-images/LATEST/images/hydroxyzine/Liver/19623.svs,False
19777,hydroxyzine,High,29 day,370,16,1,2,https://dbarchive.biosciencedbc.jp/data/open-tggates-pathological-images/LATEST/images/hydroxyzine/Liver/19777.svs,False
19778,hydroxyzine,High,29 day,370,16,2,2,https://dbarchive.biosciencedbc.jp/data/open-tggates-pathological-images/LATEST/images/hydroxyzine/Liver/19778.svs,False
19781,hydroxyzine,High,29 day,370,16,3,2,https://dbarchive.biosciencedbc.jp/data/open-tggates-pathological-images/LATEST/images/hydroxyzine/Liver/19781.svs,False
19784,hydroxyzine,High,29 day,370,16,4,2,https://dbarchive.biosciencedbc.jp/data/open-tggates-pathological-images/LATEST/images/hydroxyzine/Liver/19784.svs,False
19785,hydroxyzine,High,29 day,370,16,5,2,https://dbarchive.biosciencedbc.jp/data/open-tggates-pathological-images/LATEST/images/hydroxyzine/Liver/19785.svs,False
19669,hydroxyzine,Low,29 day,370,8,1,2,https://dbarchive.biosciencedbc.jp/data/open-tggates-pathological-images/LATEST/images/hydroxyzine/Liver/19669.svs,False
19672,hydroxyzine,Low,29 day,370,8,2,2,https://dbarchive.biosciencedbc.jp/data/open-tggates-pathological-images/LATEST/images/hydroxyzine/Liver/19672.svs,False
19675,hydroxyzine,Low,29 day,370,8,3,2,https://dbarchive.biosciencedbc.jp/data/open-tggates-pathological-images/LATEST/images/hydroxyzine/Liver/19675.svs,False
19678,hydroxyzine,Low,29 day,370,8,4,2,https://dbarchive.biosciencedbc.jp/data/open-tggates-pathological-images/LATEST/images/hydroxyzine/Liver/19678.svs,False
19681,hydroxyzine,Low,29 day,370,8,5,2,https://dbarchive.biosciencedbc.jp/data/open-tggates-pathological-images/LATEST/images/hydroxyzine/Liver/19681.svs,False
19727,hydroxyzine,Middle,29 day,370,12,1,2,https://dbarchive.biosciencedbc.jp/data/open-tggates-pathological-images/LATEST/images/hydroxyzine/Liver/19727.svs,False
19730,hydroxyzine,Middle,29 day,370,12,2,2,https://dbarchive.biosciencedbc.jp/data/open-tggates-pathological-images/LATEST/images/hydroxyzine/Liver/19730.svs,False
19733,hydroxyzine,Middle,29 day,370,12,3,2,https://dbarchive.biosciencedbc.jp/data/open-tggates-pathological-images/LATEST/images/hydroxyzine/Liver/19733.svs,False
19736,hydroxyzine,Middle,29 day,370,12,4,2,https://dbarchive.biosciencedbc.jp/data/open-tggates-pathological-images/LATEST/images/hydroxyzine/Liver/19736.svs,False
19739,hydroxyzine,Middle,29 day,370,12,5,2,https://dbarchive.biosciencedbc.jp/data/open-tggates-pathological-images/LATEST/images/hydroxyzine/Liver/19739.svs,False
19570,hydroxyzine,Control,4 day,370,1,1,2,https://dbarchive.biosciencedbc.jp/data/open-tggates-pathological-images/LATEST/images/hydroxyzine/Liver/19570.svs,False
19573,hydroxyzine,Control,4 day,370,1,2,2,https://dbarchive.biosciencedbc.jp/data/open-tggates-pathological-images/LATEST/images/hydroxyzine/Liver/19573.svs,False
19576,hydroxyzine,Control,4 day,370,1,3,2,https://dbarchive.biosciencedbc.jp/data/open-tggates-pathological-images/LATEST/images/hydroxyzine/Liver/19576.svs,False
19578,hydroxyzine,Control,4 day,370,1,4,2,https://dbarchive.biosciencedbc.jp/data/open-tggates-pathological-images/LATEST/images/hydroxyzine/Liver/19578.svs,False
19581,hydroxyzine,Control,4 day,370,1,5,2,https://dbarchive.biosciencedbc.jp/data/open-tggates-pathological-images/LATEST/images/hydroxyzine/Liver/19581.svs,False
19740,hydroxyzine,High,4 day,370,13,1,2,https://dbarchive.biosciencedbc.jp/data/open-tggates-pathological-images/LATEST/images/hydroxyzine/Liver/19740.svs,False
19742,hydroxyzine,High,4 day,370,13,2,2,https://dbarchive.biosciencedbc.jp/data/open-tggates-pathological-images/LATEST/images/hydroxyzine/Liver/19742.svs,False
19744,hydroxyzine,High,4 day,370,13,3,2,https://dbarchive.biosciencedbc.jp/data/open-tggates-pathological-images/LATEST/images/hydroxyzine/Liver/19744.svs,False
19747,hydroxyzine,High,4 day,370,13,4,2,https://dbarchive.biosciencedbc.jp/data/open-tggates-pathological-images/LATEST/images/hydroxyzine/Liver/19747.svs,False
19749,hydroxyzine,High,4 day,370,13,5,2,https://dbarchive.biosciencedbc.jp/data/open-tggates-pathological-images/LATEST/images/hydroxyzine/Liver/19749.svs,False
19626,hydroxyzine,Low,4 day,370,5,1,2,https://dbarchive.biosciencedbc.jp/data/open-tggates-pathological-images/LATEST/images/hydroxyzine/Liver/19626.svs,False
19629,hydroxyzine,Low,4 day,370,5,2,2,https://dbarchive.biosciencedbc.jp/data/open-tggates-pathological-images/LATEST/images/hydroxyzine/Liver/19629.svs,False
19632,hydroxyzine,Low,4 day,370,5,3,2,https://dbarchive.biosciencedbc.jp/data/open-tggates-pathological-images/LATEST/images/hydroxyzine/Liver/19632.svs,False
19635,hydroxyzine,Low,4 day,370,5,4,2,https://dbarchive.biosciencedbc.jp/data/open-tggates-pathological-images/LATEST/images/hydroxyzine/Liver/19635.svs,False
19638,hydroxyzine,Low,4 day,370,5,5,2,https://dbarchive.biosciencedbc.jp/data/open-tggates-pathological-images/LATEST/images/hydroxyzine/Liver/19638.svs,False
19684,hydroxyzine,Middle,4 day,370,9,1,2,https://dbarchive.biosciencedbc.jp/data/open-tggates-pathological-images/LATEST/images/hydroxyzine/Liver/19684.svs,False
19687,hydroxyzine,Middle,4 day,370,9,2,2,https://dbarchive.biosciencedbc.jp/data/open-tggates-pathological-images/LATEST/images/hydroxyzine/Liver/19687.svs,False
19690,hydroxyzine,Middle,4 day,370,9,3,2,https://dbarchive.biosciencedbc.jp/data/open-tggates-pathological-images/LATEST/images/hydroxyzine/Liver/19690.svs,False
19692,hydroxyzine,Middle,4 day,370,9,4,2,https://dbarchive.biosciencedbc.jp/data/open-tggates-pathological-images/LATEST/images/hydroxyzine/Liver/19692.svs,False
19695,hydroxyzine,Middle,4 day,370,9,5,2,https://dbarchive.biosciencedbc.jp/data/open-tggates-pathological-images/LATEST/images/hydroxyzine/Liver/19695.svs,False
19583,hydroxyzine,Control,8 day,370,2,1,2,https://dbarchive.biosciencedbc.jp/data/open-tggates-pathological-images/LATEST/images/hydroxyzine/Liver/19583.svs,False
19586,hydroxyzine,Control,8 day,370,2,2,2,https://dbarchive.biosciencedbc.jp/data/open-tggates-pathological-images/LATEST/images/hydroxyzine/Liver/19586.svs,False
19589,hydroxyzine,Control,8 day,370,2,3,2,https://dbarchive.biosciencedbc.jp/data/open-tggates-pathological-images/LATEST/images/hydroxyzine/Liver/19589.svs,False
19592,hydroxyzine,Control,8 day,370,2,4,2,https://dbarchive.biosciencedbc.jp/data/open-tggates-pathological-images/LATEST/images/hydroxyzine/Liver/19592.svs,False
19595,hydroxyzine,Control,8 day,370,2,5,2,https://dbarchive.biosciencedbc.jp/data/open-tggates-pathological-images/LATEST/images/hydroxyzine/Liver/19595.svs,False
19751,hydroxyzine,High,8 day,370,14,1,2,https://dbarchive.biosciencedbc.jp/data/open-tggates-pathological-images/LATEST/images/hydroxyzine/Liver/19751.svs,False
19753,hydroxyzine,High,8 day,370,14,2,2,https://dbarchive.biosciencedbc.jp/data/open-tggates-pathological-images/LATEST/images/hydroxyzine/Liver/19753.svs,False
19755,hydroxyzine,High,8 day,370,14,3,2,https://dbarchive.biosciencedbc.jp/data/open-tggates-pathological-images/LATEST/images/hydroxyzine/Liver/19755.svs,False
19758,hydroxyzine,High,8 day,370,14,4,2,https://dbarchive.biosciencedbc.jp/data/open-tggates-pathological-images/LATEST/images/hydroxyzine/Liver/19758.svs,False
19761,hydroxyzine,High,8 day,370,14,5,2,https://dbarchive.biosciencedbc.jp/data/open-tggates-pathological-images/LATEST/images/hydroxyzine/Liver/19761.svs,False
19641,hydroxyzine,Low,8 day,370,6,1,2,https://dbarchive.biosciencedbc.jp/data/open-tggates-pathological-images/LATEST/images/hydroxyzine/Liver/19641.svs,False
19643,hydroxyzine,Low,8 day,370,6,2,2,https://dbarchive.biosciencedbc.jp/data/open-tggates-pathological-images/LATEST/images/hydroxyzine/Liver/19643.svs,False
19646,hydroxyzine,Low,8 day,370,6,3,2,https://dbarchive.biosciencedbc.jp/data/open-tggates-pathological-images/LATEST/images/hydroxyzine/Liver/19646.svs,False
19649,hydroxyzine,Low,8 day,370,6,4,2,https://dbarchive.biosciencedbc.jp/data/open-tggates-pathological-images/LATEST/images/hydroxyzine/Liver/19649.svs,False
19652,hydroxyzine,Low,8 day,370,6,5,2,https://dbarchive.biosciencedbc.jp/data/open-tggates-pathological-images/LATEST/images/hydroxyzine/Liver/19652.svs,False
19697,hydroxyzine,Middle,8 day,370,10,1,2,https://dbarchive.biosciencedbc.jp/data/open-tggates-pathological-images/LATEST/images/hydroxyzine/Liver/19697.svs,False
19700,hydroxyzine,Middle,8 day,370,10,2,2,https://dbarchive.biosciencedbc.jp/data/open-tggates-pathological-images/LATEST/images/hydroxyzine/Liver/19700.svs,False
19702,hydroxyzine,Middle,8 day,370,10,3,2,https://dbarchive.biosciencedbc.jp/data/open-tggates-pathological-images/LATEST/images/hydroxyzine/Liver/19702.svs,False
19705,hydroxyzine,Middle,8 day,370,10,4,2,https://dbarchive.biosciencedbc.jp/data/open-tggates-pathological-images/LATEST/images/hydroxyzine/Liver/19705.svs,False
19708,hydroxyzine,Middle,8 day,370,10,5,2,https://dbarchive.biosciencedbc.jp/data/open-tggates-pathological-images/LATEST/images/hydroxyzine/Liver/19708.svs,False
19571,ibuprofen,Control,15 day,346,3,1,1,https://dbarchive.biosciencedbc.jp/data/open-tggates-pathological-images/LATEST/images/ibuprofen/Liver/19571.svs,False
19575,ibuprofen,Control,15 day,346,3,2,1,https://dbarchive.biosciencedbc.jp/data/open-tggates-pathological-images/LATEST/images/ibuprofen/Liver/19575.svs,False
19580,ibuprofen,Control,15 day,346,3,3,1,https://dbarchive.biosciencedbc.jp/data/open-tggates-pathological-images/LATEST/images/ibuprofen/Liver/19580.svs,False
19585,ibuprofen,Control,15 day,346,3,4,1,https://dbarchive.biosciencedbc.jp/data/open-tggates-pathological-images/LATEST/images/ibuprofen/Liver/19585.svs,False
19590,ibuprofen,Control,15 day,346,3,5,1,https://dbarchive.biosciencedbc.jp/data/open-tggates-pathological-images/LATEST/images/ibuprofen/Liver/19590.svs,False
19875,ibuprofen,High,15 day,346,15,1,1,https://dbarchive.biosciencedbc.jp/data/open-tggates-pathological-images/LATEST/images/ibuprofen/Liver/19875.svs,False
19880,ibuprofen,High,15 day,346,15,2,1,https://dbarchive.biosciencedbc.jp/data/open-tggates-pathological-images/LATEST/images/ibuprofen/Liver/19880.svs,False
19888,ibuprofen,High,15 day,346,15,4,1,https://dbarchive.biosciencedbc.jp/data/open-tggates-pathological-images/LATEST/images/ibuprofen/Liver/19888.svs,False
19892,ibuprofen,High,15 day,346,15,5,1,https://dbarchive.biosciencedbc.jp/data/open-tggates-pathological-images/LATEST/images/ibuprofen/Liver/19892.svs,False
19663,ibuprofen,Low,15 day,346,7,1,1,https://dbarchive.biosciencedbc.jp/data/open-tggates-pathological-images/LATEST/images/ibuprofen/Liver/19663.svs,False
19668,ibuprofen,Low,15 day,346,7,2,1,https://dbarchive.biosciencedbc.jp/data/open-tggates-pathological-images/LATEST/images/ibuprofen/Liver/19668.svs,False
19673,ibuprofen,Low,15 day,346,7,3,1,https://dbarchive.biosciencedbc.jp/data/open-tggates-pathological-images/LATEST/images/ibuprofen/Liver/19673.svs,False
19677,ibuprofen,Low,15 day,346,7,4,1,https://dbarchive.biosciencedbc.jp/data/open-tggates-pathological-images/LATEST/images/ibuprofen/Liver/19677.svs,False
19682,ibuprofen,Low,15 day,346,7,5,1,https://dbarchive.biosciencedbc.jp/data/open-tggates-pathological-images/LATEST/images/ibuprofen/Liver/19682.svs,False
19759,ibuprofen,Middle,15 day,346,11,1,1,https://dbarchive.biosciencedbc.jp/data/open-tggates-pathological-images/LATEST/images/ibuprofen/Liver/19759.svs,False
19763,ibuprofen,Middle,15 day,346,11,2,1,https://dbarchive.biosciencedbc.jp/data/open-tggates-pathological-images/LATEST/images/ibuprofen/Liver/19763.svs,False
19768,ibuprofen,Middle,15 day,346,11,3,1,https://dbarchive.biosciencedbc.jp/data/open-tggates-pathological-images/LATEST/images/ibuprofen/Liver/19768.svs,False
19772,ibuprofen,Middle,15 day,346,11,4,1,https://dbarchive.biosciencedbc.jp/data/open-tggates-pathological-images/LATEST/images/ibuprofen/Liver/19772.svs,False
19779,ibuprofen,Middle,15 day,346,11,5,1,https://dbarchive.biosciencedbc.jp/data/open-tggates-pathological-images/LATEST/images/ibuprofen/Liver/19779.svs,False
19594,ibuprofen,Control,29 day,346,4,1,1,https://dbarchive.biosciencedbc.jp/data/open-tggates-pathological-images/LATEST/images/ibuprofen/Liver/19594.svs,False
19599,ibuprofen,Control,29 day,346,4,2,1,https://dbarchive.biosciencedbc.jp/data/open-tggates-pathological-images/LATEST/images/ibuprofen/Liver/19599.svs,False
19604,ibuprofen,Control,29 day,346,4,3,1,https://dbarchive.biosciencedbc.jp/data/open-tggates-pathological-images/LATEST/images/ibuprofen/Liver/19604.svs,False
19608,ibuprofen,Control,29 day,346,4,4,1,https://dbarchive.biosciencedbc.jp/data/open-tggates-pathological-images/LATEST/images/ibuprofen/Liver/19608.svs,False
19613,ibuprofen,Control,29 day,346,4,5,1,https://dbarchive.biosciencedbc.jp/data/open-tggates-pathological-images/LATEST/images/ibuprofen/Liver/19613.svs,False
19897,ibuprofen,High,29 day,346,16,2,1,https://dbarchive.biosciencedbc.jp/data/open-tggates-pathological-images/LATEST/images/ibuprofen/Liver/19897.svs,False
19899,ibuprofen,High,29 day,346,16,3,1,https://dbarchive.biosciencedbc.jp/data/open-tggates-pathological-images/LATEST/images/ibuprofen/Liver/19899.svs,False
19904,ibuprofen,High,29 day,346,16,4,1,https://dbarchive.biosciencedbc.jp/data/open-tggates-pathological-images/LATEST/images/ibuprofen/Liver/19904.svs,False
19909,ibuprofen,High,29 day,346,16,5,1,https://dbarchive.biosciencedbc.jp/data/open-tggates-pathological-images/LATEST/images/ibuprofen/Liver/19909.svs,False
19686,ibuprofen,Low,29 day,346,8,1,1,https://dbarchive.biosciencedbc.jp/data/open-tggates-pathological-images/LATEST/images/ibuprofen/Liver/19686.svs,False
19691,ibuprofen,Low,29 day,346,8,2,1,https://dbarchive.biosciencedbc.jp/data/open-tggates-pathological-images/LATEST/images/ibuprofen/Liver/19691.svs,False
19696,ibuprofen,Low,29 day,346,8,3,1,https://dbarchive.biosciencedbc.jp/data/open-tggates-pathological-images/LATEST/images/ibuprofen/Liver/19696.svs,False
19701,ibuprofen,Low,29 day,346,8,4,1,https://dbarchive.biosciencedbc.jp/data/open-tggates-pathological-images/LATEST/images/ibuprofen/Liver/19701.svs,False
19706,ibuprofen,Low,29 day,346,8,5,1,https://dbarchive.biosciencedbc.jp/data/open-tggates-pathological-images/LATEST/images/ibuprofen/Liver/19706.svs,False
19783,ibuprofen,Middle,29 day,346,12,1,1,https://dbarchive.biosciencedbc.jp/data/open-tggates-pathological-images/LATEST/images/ibuprofen/Liver/19783.svs,False
19789,ibuprofen,Middle,29 day,346,12,2,1,https://dbarchive.biosciencedbc.jp/data/open-tggates-pathological-images/LATEST/images/ibuprofen/Liver/19789.svs,False
19796,ibuprofen,Middle,29 day,346,12,3,1,https://dbarchive.biosciencedbc.jp/data/open-tggates-pathological-images/LATEST/images/ibuprofen/Liver/19796.svs,False
19801,ibuprofen,Middle,29 day,346,12,4,1,https://dbarchive.biosciencedbc.jp/data/open-tggates-pathological-images/LATEST/images/ibuprofen/Liver/19801.svs,False
19807,ibuprofen,Middle,29 day,346,12,5,1,https://dbarchive.biosciencedbc.jp/data/open-tggates-pathological-images/LATEST/images/ibuprofen/Liver/19807.svs,False
19520,ibuprofen,Control,4 day,346,1,1,1,https://dbarchive.biosciencedbc.jp/data/open-tggates-pathological-images/LATEST/images/ibuprofen/Liver/19520.svs,False
19525,ibuprofen,Control,4 day,346,1,2,1,https://dbarchive.biosciencedbc.jp/data/open-tggates-pathological-images/LATEST/images/ibuprofen/Liver/19525.svs,False
19530,ibuprofen,Control,4 day,346,1,3,1,https://dbarchive.biosciencedbc.jp/data/open-tggates-pathological-images/LATEST/images/ibuprofen/Liver/19530.svs,False
19535,ibuprofen,Control,4 day,346,1,4,1,https://dbarchive.biosciencedbc.jp/data/open-tggates-pathological-images/LATEST/images/ibuprofen/Liver/19535.svs,False
19540,ibuprofen,Control,4 day,346,1,5,1,https://dbarchive.biosciencedbc.jp/data/open-tggates-pathological-images/LATEST/images/ibuprofen/Liver/19540.svs,False
19814,ibuprofen,High,4 day,346,13,1,1,https://dbarchive.biosciencedbc.jp/data/open-tggates-pathological-images/LATEST/images/ibuprofen/Liver/19814.svs,False
19821,ibuprofen,High,4 day,346,13,2,1,https://dbarchive.biosciencedbc.jp/data/open-tggates-pathological-images/LATEST/images/ibuprofen/Liver/19821.svs,False
19827,ibuprofen,High,4 day,346,13,3,1,https://dbarchive.biosciencedbc.jp/data/open-tggates-pathological-images/LATEST/images/ibuprofen/Liver/19827.svs,False
19835,ibuprofen,High,4 day,346,13,4,1,https://dbarchive.biosciencedbc.jp/data/open-tggates-pathological-images/LATEST/images/ibuprofen/Liver/19835.svs,False
19843,ibuprofen,High,4 day,346,13,5,1,https://dbarchive.biosciencedbc.jp/data/open-tggates-pathological-images/LATEST/images/ibuprofen/Liver/19843.svs,False
19618,ibuprofen,Low,4 day,346,5,1,1,https://dbarchive.biosciencedbc.jp/data/open-tggates-pathological-images/LATEST/images/ibuprofen/Liver/19618.svs,False
19622,ibuprofen,Low,4 day,346,5,2,1,https://dbarchive.biosciencedbc.jp/data/open-tggates-pathological-images/LATEST/images/ibuprofen/Liver/19622.svs,False
19627,ibuprofen,Low,4 day,346,5,3,1,https://dbarchive.biosciencedbc.jp/data/open-tggates-pathological-images/LATEST/images/ibuprofen/Liver/19627.svs,False
19631,ibuprofen,Low,4 day,346,5,4,1,https://dbarchive.biosciencedbc.jp/data/open-tggates-pathological-images/LATEST/images/ibuprofen/Liver/19631.svs,False
19636,ibuprofen,Low,4 day,346,5,5,1,https://dbarchive.biosciencedbc.jp/data/open-tggates-pathological-images/LATEST/images/ibuprofen/Liver/19636.svs,False
19710,ibuprofen,Middle,4 day,346,9,1,1,https://dbarchive.biosciencedbc.jp/data/open-tggates-pathological-images/LATEST/images/ibuprofen/Liver/19710.svs,False
19715,ibuprofen,Middle,4 day,346,9,2,1,https://dbarchive.biosciencedbc.jp/data/open-tggates-pathological-images/LATEST/images/ibuprofen/Liver/19715.svs,False
19719,ibuprofen,Middle,4 day,346,9,3,1,https://dbarchive.biosciencedbc.jp/data/open-tggates-pathological-images/LATEST/images/ibuprofen/Liver/19719.svs,False
19724,ibuprofen,Middle,4 day,346,9,4,1,https://dbarchive.biosciencedbc.jp/data/open-tggates-pathological-images/LATEST/images/ibuprofen/Liver/19724.svs,False
19728,ibuprofen,Middle,4 day,346,9,5,1,https://dbarchive.biosciencedbc.jp/data/open-tggates-pathological-images/LATEST/images/ibuprofen/Liver/19728.svs,False
19545,ibuprofen,Control,8 day,346,2,1,1,https://dbarchive.biosciencedbc.jp/data/open-tggates-pathological-images/LATEST/images/ibuprofen/Liver/19545.svs,False
19550,ibuprofen,Control,8 day,346,2,2,1,https://dbarchive.biosciencedbc.jp/data/open-tggates-pathological-images/LATEST/images/ibuprofen/Liver/19550.svs,False
19555,ibuprofen,Control,8 day,346,2,3,1,https://dbarchive.biosciencedbc.jp/data/open-tggates-pathological-images/LATEST/images/ibuprofen/Liver/19555.svs,False
19561,ibuprofen,Control,8 day,346,2,4,1,https://dbarchive.biosciencedbc.jp/data/open-tggates-pathological-images/LATEST/images/ibuprofen/Liver/19561.svs,False
19566,ibuprofen,Control,8 day,346,2,5,1,https://dbarchive.biosciencedbc.jp/data/open-tggates-pathological-images/LATEST/images/ibuprofen/Liver/19566.svs,False
19848,ibuprofen,High,8 day,346,14,1,1,https://dbarchive.biosciencedbc.jp/data/open-tggates-pathological-images/LATEST/images/ibuprofen/Liver/19848.svs,False
19855,ibuprofen,High,8 day,346,14,2,1,https://dbarchive.biosciencedbc.jp/data/open-tggates-pathological-images/LATEST/images/ibuprofen/Liver/19855.svs,False
19860,ibuprofen,High,8 day,346,14,3,1,https://dbarchive.biosciencedbc.jp/data/open-tggates-pathological-images/LATEST/images/ibuprofen/Liver/19860.svs,False
19865,ibuprofen,High,8 day,346,14,4,1,https://dbarchive.biosciencedbc.jp/data/open-tggates-pathological-images/LATEST/images/ibuprofen/Liver/19865.svs,False
19870,ibuprofen,High,8 day,346,14,5,1,https://dbarchive.biosciencedbc.jp/data/open-tggates-pathological-images/LATEST/images/ibuprofen/Liver/19870.svs,False
19640,ibuprofen,Low,8 day,346,6,1,1,https://dbarchive.biosciencedbc.jp/data/open-tggates-pathological-images/LATEST/images/ibuprofen/Liver/19640.svs,False
19645,ibuprofen,Low,8 day,346,6,2,1,https://dbarchive.biosciencedbc.jp/data/open-tggates-pathological-images/LATEST/images/ibuprofen/Liver/19645.svs,False
19650,ibuprofen,Low,8 day,346,6,3,1,https://dbarchive.biosciencedbc.jp/data/open-tggates-pathological-images/LATEST/images/ibuprofen/Liver/19650.svs,False
19654,ibuprofen,Low,8 day,346,6,4,1,https://dbarchive.biosciencedbc.jp/data/open-tggates-pathological-images/LATEST/images/ibuprofen/Liver/19654.svs,False
19659,ibuprofen,Low,8 day,346,6,5,1,https://dbarchive.biosciencedbc.jp/data/open-tggates-pathological-images/LATEST/images/ibuprofen/Liver/19659.svs,False
19732,ibuprofen,Middle,8 day,346,10,1,1,https://dbarchive.biosciencedbc.jp/data/open-tggates-pathological-images/LATEST/images/ibuprofen/Liver/19732.svs,False
19737,ibuprofen,Middle,8 day,346,10,2,1,https://dbarchive.biosciencedbc.jp/data/open-tggates-pathological-images/LATEST/images/ibuprofen/Liver/19737.svs,False
19743,ibuprofen,Middle,8 day,346,10,3,1,https://dbarchive.biosciencedbc.jp/data/open-tggates-pathological-images/LATEST/images/ibuprofen/Liver/19743.svs,False
19748,ibuprofen,Middle,8 day,346,10,4,1,https://dbarchive.biosciencedbc.jp/data/open-tggates-pathological-images/LATEST/images/ibuprofen/Liver/19748.svs,False
19754,ibuprofen,Middle,8 day,346,10,5,1,https://dbarchive.biosciencedbc.jp/data/open-tggates-pathological-images/LATEST/images/ibuprofen/Liver/19754.svs,False
33852,imipramine,Control,15 day,366,3,1,2,https://dbarchive.biosciencedbc.jp/data/open-tggates-pathological-images/LATEST/images/imipramine/Liver/33852.svs,False
33854,imipramine,Control,15 day,366,3,2,2,https://dbarchive.biosciencedbc.jp/data/open-tggates-pathological-images/LATEST/images/imipramine/Liver/33854.svs,False
33855,imipramine,Control,15 day,366,3,3,2,https://dbarchive.biosciencedbc.jp/data/open-tggates-pathological-images/LATEST/images/imipramine/Liver/33855.svs,False
33857,imipramine,Control,15 day,366,3,4,2,https://dbarchive.biosciencedbc.jp/data/open-tggates-pathological-images/LATEST/images/imipramine/Liver/33857.svs,False
33858,imipramine,Control,15 day,366,3,5,2,https://dbarchive.biosciencedbc.jp/data/open-tggates-pathological-images/LATEST/images/imipramine/Liver/33858.svs,False
33948,imipramine,High,15 day,366,15,1,2,https://dbarchive.biosciencedbc.jp/data/open-tggates-pathological-images/LATEST/images/imipramine/Liver/33948.svs,False
33951,imipramine,High,15 day,366,15,2,2,https://dbarchive.biosciencedbc.jp/data/open-tggates-pathological-images/LATEST/images/imipramine/Liver/33951.svs,False
33952,imipramine,High,15 day,366,15,3,2,https://dbarchive.biosciencedbc.jp/data/open-tggates-pathological-images/LATEST/images/imipramine/Liver/33952.svs,False
33953,imipramine,High,15 day,366,15,4,2,https://dbarchive.biosciencedbc.jp/data/open-tggates-pathological-images/LATEST/images/imipramine/Liver/33953.svs,False
33955,imipramine,High,15 day,366,15,5,2,https://dbarchive.biosciencedbc.jp/data/open-tggates-pathological-images/LATEST/images/imipramine/Liver/33955.svs,False
33884,imipramine,Low,15 day,366,7,1,2,https://dbarchive.biosciencedbc.jp/data/open-tggates-pathological-images/LATEST/images/imipramine/Liver/33884.svs,False
33886,imipramine,Low,15 day,366,7,2,2,https://dbarchive.biosciencedbc.jp/data/open-tggates-pathological-images/LATEST/images/imipramine/Liver/33886.svs,False
33888,imipramine,Low,15 day,366,7,3,2,https://dbarchive.biosciencedbc.jp/data/open-tggates-pathological-images/LATEST/images/imipramine/Liver/33888.svs,False
33889,imipramine,Low,15 day,366,7,4,2,https://dbarchive.biosciencedbc.jp/data/open-tggates-pathological-images/LATEST/images/imipramine/Liver/33889.svs,False
33891,imipramine,Low,15 day,366,7,5,2,https://dbarchive.biosciencedbc.jp/data/open-tggates-pathological-images/LATEST/images/imipramine/Liver/33891.svs,False
33920,imipramine,Middle,15 day,366,11,1,2,https://dbarchive.biosciencedbc.jp/data/open-tggates-pathological-images/LATEST/images/imipramine/Liver/33920.svs,False
33921,imipramine,Middle,15 day,366,11,2,2,https://dbarchive.biosciencedbc.jp/data/open-tggates-pathological-images/LATEST/images/imipramine/Liver/33921.svs,False
33923,imipramine,Middle,15 day,366,11,3,2,https://dbarchive.biosciencedbc.jp/data/open-tggates-pathological-images/LATEST/images/imipramine/Liver/33923.svs,False
33924,imipramine,Middle,15 day,366,11,4,2,https://dbarchive.biosciencedbc.jp/data/open-tggates-pathological-images/LATEST/images/imipramine/Liver/33924.svs,False
33926,imipramine,Middle,15 day,366,11,5,2,https://dbarchive.biosciencedbc.jp/data/open-tggates-pathological-images/LATEST/images/imipramine/Liver/33926.svs,False
33860,imipramine,Control,29 day,366,4,1,2,https://dbarchive.biosciencedbc.jp/data/open-tggates-pathological-images/LATEST/images/imipramine/Liver/33860.svs,False
33863,imipramine,Control,29 day,366,4,2,2,https://dbarchive.biosciencedbc.jp/data/open-tggates-pathological-images/LATEST/images/imipramine/Liver/33863.svs,False
33864,imipramine,Control,29 day,366,4,3,2,https://dbarchive.biosciencedbc.jp/data/open-tggates-pathological-images/LATEST/images/imipramine/Liver/33864.svs,False
33865,imipramine,Control,29 day,366,4,4,2,https://dbarchive.biosciencedbc.jp/data/open-tggates-pathological-images/LATEST/images/imipramine/Liver/33865.svs,False
33867,imipramine,Control,29 day,366,4,5,2,https://dbarchive.biosciencedbc.jp/data/open-tggates-pathological-images/LATEST/images/imipramine/Liver/33867.svs,False
33956,imipramine,High,29 day,366,16,1,2,https://dbarchive.biosciencedbc.jp/data/open-tggates-pathological-images/LATEST/images/imipramine/Liver/33956.svs,False
33958,imipramine,High,29 day,366,16,3,2,https://dbarchive.biosciencedbc.jp/data/open-tggates-pathological-images/LATEST/images/imipramine/Liver/33958.svs,False
33959,imipramine,High,29 day,366,16,4,2,https://dbarchive.biosciencedbc.jp/data/open-tggates-pathological-images/LATEST/images/imipramine/Liver/33959.svs,False
33960,imipramine,High,29 day,366,16,5,2,https://dbarchive.biosciencedbc.jp/data/open-tggates-pathological-images/LATEST/images/imipramine/Liver/33960.svs,False
33893,imipramine,Low,29 day,366,8,1,2,https://dbarchive.biosciencedbc.jp/data/open-tggates-pathological-images/LATEST/images/imipramine/Liver/33893.svs,False
33894,imipramine,Low,29 day,366,8,2,2,https://dbarchive.biosciencedbc.jp/data/open-tggates-pathological-images/LATEST/images/imipramine/Liver/33894.svs,False
33897,imipramine,Low,29 day,366,8,3,2,https://dbarchive.biosciencedbc.jp/data/open-tggates-pathological-images/LATEST/images/imipramine/Liver/33897.svs,False
33899,imipramine,Low,29 day,366,8,4,2,https://dbarchive.biosciencedbc.jp/data/open-tggates-pathological-images/LATEST/images/imipramine/Liver/33899.svs,False
33902,imipramine,Low,29 day,366,8,5,2,https://dbarchive.biosciencedbc.jp/data/open-tggates-pathological-images/LATEST/images/imipramine/Liver/33902.svs,False
33928,imipramine,Middle,29 day,366,12,1,2,https://dbarchive.biosciencedbc.jp/data/open-tggates-pathological-images/LATEST/images/imipramine/Liver/33928.svs,False
33929,imipramine,Middle,29 day,366,12,2,2,https://dbarchive.biosciencedbc.jp/data/open-tggates-pathological-images/LATEST/images/imipramine/Liver/33929.svs,False
33930,imipramine,Middle,29 day,366,12,3,2,https://dbarchive.biosciencedbc.jp/data/open-tggates-pathological-images/LATEST/images/imipramine/Liver/33930.svs,False
33932,imipramine,Middle,29 day,366,12,4,2,https://dbarchive.biosciencedbc.jp/data/open-tggates-pathological-images/LATEST/images/imipramine/Liver/33932.svs,False
33933,imipramine,Middle,29 day,366,12,5,2,https://dbarchive.biosciencedbc.jp/data/open-tggates-pathological-images/LATEST/images/imipramine/Liver/33933.svs,False
33835,imipramine,Control,4 day,366,1,1,2,https://dbarchive.biosciencedbc.jp/data/open-tggates-pathological-images/LATEST/images/imipramine/Liver/33835.svs,False
33837,imipramine,Control,4 day,366,1,2,2,https://dbarchive.biosciencedbc.jp/data/open-tggates-pathological-images/LATEST/images/imipramine/Liver/33837.svs,False
33839,imipramine,Control,4 day,366,1,3,2,https://dbarchive.biosciencedbc.jp/data/open-tggates-pathological-images/LATEST/images/imipramine/Liver/33839.svs,False
33840,imipramine,Control,4 day,366,1,4,2,https://dbarchive.biosciencedbc.jp/data/open-tggates-pathological-images/LATEST/images/imipramine/Liver/33840.svs,False
33842,imipramine,Control,4 day,366,1,5,2,https://dbarchive.biosciencedbc.jp/data/open-tggates-pathological-images/LATEST/images/imipramine/Liver/33842.svs,False
33935,imipramine,High,4 day,366,13,1,2,https://dbarchive.biosciencedbc.jp/data/open-tggates-pathological-images/LATEST/images/imipramine/Liver/33935.svs,False
33936,imipramine,High,4 day,366,13,2,2,https://dbarchive.biosciencedbc.jp/data/open-tggates-pathological-images/LATEST/images/imipramine/Liver/33936.svs,False
33937,imipramine,High,4 day,366,13,3,2,https://dbarchive.biosciencedbc.jp/data/open-tggates-pathological-images/LATEST/images/imipramine/Liver/33937.svs,False
33939,imipramine,High,4 day,366,13,4,2,https://dbarchive.biosciencedbc.jp/data/open-tggates-pathological-images/LATEST/images/imipramine/Liver/33939.svs,False
33940,imipramine,High,4 day,366,13,5,2,https://dbarchive.biosciencedbc.jp/data/open-tggates-pathological-images/LATEST/images/imipramine/Liver/33940.svs,False
33869,imipramine,Low,4 day,366,5,1,2,https://dbarchive.biosciencedbc.jp/data/open-tggates-pathological-images/LATEST/images/imipramine/Liver/33869.svs,False
33871,imipramine,Low,4 day,366,5,2,2,https://dbarchive.biosciencedbc.jp/data/open-tggates-pathological-images/LATEST/images/imipramine/Liver/33871.svs,False
33872,imipramine,Low,4 day,366,5,3,2,https://dbarchive.biosciencedbc.jp/data/open-tggates-pathological-images/LATEST/images/imipramine/Liver/33872.svs,False
33874,imipramine,Low,4 day,366,5,4,2,https://dbarchive.biosciencedbc.jp/data/open-tggates-pathological-images/LATEST/images/imipramine/Liver/33874.svs,False
33875,imipramine,Low,4 day,366,5,5,2,https://dbarchive.biosciencedbc.jp/data/open-tggates-pathological-images/LATEST/images/imipramine/Liver/33875.svs,False
33904,imipramine,Middle,4 day,366,9,1,2,https://dbarchive.biosciencedbc.jp/data/open-tggates-pathological-images/LATEST/images/imipramine/Liver/33904.svs,False
33905,imipramine,Middle,4 day,366,9,2,2,https://dbarchive.biosciencedbc.jp/data/open-tggates-pathological-images/LATEST/images/imipramine/Liver/33905.svs,False
33906,imipramine,Middle,4 day,366,9,3,2,https://dbarchive.biosciencedbc.jp/data/open-tggates-pathological-images/LATEST/images/imipramine/Liver/33906.svs,False
33909,imipramine,Middle,4 day,366,9,4,2,https://dbarchive.biosciencedbc.jp/data/open-tggates-pathological-images/LATEST/images/imipramine/Liver/33909.svs,False
33911,imipramine,Middle,4 day,366,9,5,2,https://dbarchive.biosciencedbc.jp/data/open-tggates-pathological-images/LATEST/images/imipramine/Liver/33911.svs,False
33843,imipramine,Control,8 day,366,2,1,2,https://dbarchive.biosciencedbc.jp/data/open-tggates-pathological-images/LATEST/images/imipramine/Liver/33843.svs,False
33846,imipramine,Control,8 day,366,2,2,2,https://dbarchive.biosciencedbc.jp/data/open-tggates-pathological-images/LATEST/images/imipramine/Liver/33846.svs,False
33848,imipramine,Control,8 day,366,2,3,2,https://dbarchive.biosciencedbc.jp/data/open-tggates-pathological-images/LATEST/images/imipramine/Liver/33848.svs,False
33849,imipramine,Control,8 day,366,2,4,2,https://dbarchive.biosciencedbc.jp/data/open-tggates-pathological-images/LATEST/images/imipramine/Liver/33849.svs,False
33851,imipramine,Control,8 day,366,2,5,2,https://dbarchive.biosciencedbc.jp/data/open-tggates-pathological-images/LATEST/images/imipramine/Liver/33851.svs,False
33942,imipramine,High,8 day,366,14,1,2,https://dbarchive.biosciencedbc.jp/data/open-tggates-pathological-images/LATEST/images/imipramine/Liver/33942.svs,False
33943,imipramine,High,8 day,366,14,2,2,https://dbarchive.biosciencedbc.jp/data/open-tggates-pathological-images/LATEST/images/imipramine/Liver/33943.svs,False
33944,imipramine,High,8 day,366,14,3,2,https://dbarchive.biosciencedbc.jp/data/open-tggates-pathological-images/LATEST/images/imipramine/Liver/33944.svs,False
33946,imipramine,High,8 day,366,14,4,2,https://dbarchive.biosciencedbc.jp/data/open-tggates-pathological-images/LATEST/images/imipramine/Liver/33946.svs,False
33947,imipramine,High,8 day,366,14,5,2,https://dbarchive.biosciencedbc.jp/data/open-tggates-pathological-images/LATEST/images/imipramine/Liver/33947.svs,False
33876,imipramine,Low,8 day,366,6,1,2,https://dbarchive.biosciencedbc.jp/data/open-tggates-pathological-images/LATEST/images/imipramine/Liver/33876.svs,False
33878,imipramine,Low,8 day,366,6,2,2,https://dbarchive.biosciencedbc.jp/data/open-tggates-pathological-images/LATEST/images/imipramine/Liver/33878.svs,False
33879,imipramine,Low,8 day,366,6,3,2,https://dbarchive.biosciencedbc.jp/data/open-tggates-pathological-images/LATEST/images/imipramine/Liver/33879.svs,False
33881,imipramine,Low,8 day,366,6,4,2,https://dbarchive.biosciencedbc.jp/data/open-tggates-pathological-images/LATEST/images/imipramine/Liver/33881.svs,False
33883,imipramine,Low,8 day,366,6,5,2,https://dbarchive.biosciencedbc.jp/data/open-tggates-pathological-images/LATEST/images/imipramine/Liver/33883.svs,False
33912,imipramine,Middle,8 day,366,10,1,2,https://dbarchive.biosciencedbc.jp/data/open-tggates-pathological-images/LATEST/images/imipramine/Liver/33912.svs,False
33913,imipramine,Middle,8 day,366,10,2,2,https://dbarchive.biosciencedbc.jp/data/open-tggates-pathological-images/LATEST/images/imipramine/Liver/33913.svs,False
33915,imipramine,Middle,8 day,366,10,3,2,https://dbarchive.biosciencedbc.jp/data/open-tggates-pathological-images/LATEST/images/imipramine/Liver/33915.svs,False
33917,imipramine,Middle,8 day,366,10,4,2,https://dbarchive.biosciencedbc.jp/data/open-tggates-pathological-images/LATEST/images/imipramine/Liver/33917.svs,False
33918,imipramine,Middle,8 day,366,10,5,2,https://dbarchive.biosciencedbc.jp/data/open-tggates-pathological-images/LATEST/images/imipramine/Liver/33918.svs,False
34152,iproniazid,Control,15 day,319,3,1,1,https://dbarchive.biosciencedbc.jp/data/open-tggates-pathological-images/LATEST/images/iproniazid/Liver/34152.svs,False
34156,iproniazid,Control,15 day,319,3,2,1,https://dbarchive.biosciencedbc.jp/data/open-tggates-pathological-images/LATEST/images/iproniazid/Liver/34156.svs,False
34161,iproniazid,Control,15 day,319,3,3,1,https://dbarchive.biosciencedbc.jp/data/open-tggates-pathological-images/LATEST/images/iproniazid/Liver/34161.svs,False
34165,iproniazid,Control,15 day,319,3,4,1,https://dbarchive.biosciencedbc.jp/data/open-tggates-pathological-images/LATEST/images/iproniazid/Liver/34165.svs,False
34170,iproniazid,Control,15 day,319,3,5,1,https://dbarchive.biosciencedbc.jp/data/open-tggates-pathological-images/LATEST/images/iproniazid/Liver/34170.svs,False
34442,iproniazid,High,15 day,319,15,1,1,https://dbarchive.biosciencedbc.jp/data/open-tggates-pathological-images/LATEST/images/iproniazid/Liver/34442.svs,False
34446,iproniazid,High,15 day,319,15,2,1,https://dbarchive.biosciencedbc.jp/data/open-tggates-pathological-images/LATEST/images/iproniazid/Liver/34446.svs,False
34451,iproniazid,High,15 day,319,15,3,1,https://dbarchive.biosciencedbc.jp/data/open-tggates-pathological-images/LATEST/images/iproniazid/Liver/34451.svs,False
34455,iproniazid,High,15 day,319,15,4,1,https://dbarchive.biosciencedbc.jp/data/open-tggates-pathological-images/LATEST/images/iproniazid/Liver/34455.svs,False
34460,iproniazid,High,15 day,319,15,5,1,https://dbarchive.biosciencedbc.jp/data/open-tggates-pathological-images/LATEST/images/iproniazid/Liver/34460.svs,False
34248,iproniazid,Low,15 day,319,7,1,1,https://dbarchive.biosciencedbc.jp/data/open-tggates-pathological-images/LATEST/images/iproniazid/Liver/34248.svs,False
34253,iproniazid,Low,15 day,319,7,2,1,https://dbarchive.biosciencedbc.jp/data/open-tggates-pathological-images/LATEST/images/iproniazid/Liver/34253.svs,False
34257,iproniazid,Low,15 day,319,7,3,1,https://dbarchive.biosciencedbc.jp/data/open-tggates-pathological-images/LATEST/images/iproniazid/Liver/34257.svs,False
34262,iproniazid,Low,15 day,319,7,4,1,https://dbarchive.biosciencedbc.jp/data/open-tggates-pathological-images/LATEST/images/iproniazid/Liver/34262.svs,False
34267,iproniazid,Low,15 day,319,7,5,1,https://dbarchive.biosciencedbc.jp/data/open-tggates-pathological-images/LATEST/images/iproniazid/Liver/34267.svs,False
34346,iproniazid,Middle,15 day,319,11,1,1,https://dbarchive.biosciencedbc.jp/data/open-tggates-pathological-images/LATEST/images/iproniazid/Liver/34346.svs,False
34350,iproniazid,Middle,15 day,319,11,2,1,https://dbarchive.biosciencedbc.jp/data/open-tggates-pathological-images/LATEST/images/iproniazid/Liver/34350.svs,False
34355,iproniazid,Middle,15 day,319,11,3,1,https://dbarchive.biosciencedbc.jp/data/open-tggates-pathological-images/LATEST/images/iproniazid/Liver/34355.svs,False
34360,iproniazid,Middle,15 day,319,11,4,1,https://dbarchive.biosciencedbc.jp/data/open-tggates-pathological-images/LATEST/images/iproniazid/Liver/34360.svs,False
34365,iproniazid,Middle,15 day,319,11,5,1,https://dbarchive.biosciencedbc.jp/data/open-tggates-pathological-images/LATEST/images/iproniazid/Liver/34365.svs,False
34174,iproniazid,Control,29 day,319,4,1,1,https://dbarchive.biosciencedbc.jp/data/open-tggates-pathological-images/LATEST/images/iproniazid/Liver/34174.svs,False
34179,iproniazid,Control,29 day,319,4,2,1,https://dbarchive.biosciencedbc.jp/data/open-tggates-pathological-images/LATEST/images/iproniazid/Liver/34179.svs,False
34184,iproniazid,Control,29 day,319,4,3,1,https://dbarchive.biosciencedbc.jp/data/open-tggates-pathological-images/LATEST/images/iproniazid/Liver/34184.svs,False
34189,iproniazid,Control,29 day,319,4,4,1,https://dbarchive.biosciencedbc.jp/data/open-tggates-pathological-images/LATEST/images/iproniazid/Liver/34189.svs,False
34195,iproniazid,Control,29 day,319,4,5,1,https://dbarchive.biosciencedbc.jp/data/open-tggates-pathological-images/LATEST/images/iproniazid/Liver/34195.svs,False
34465,iproniazid,High,29 day,319,16,1,1,https://dbarchive.biosciencedbc.jp/data/open-tggates-pathological-images/LATEST/images/iproniazid/Liver/34465.svs,False
34470,iproniazid,High,29 day,319,16,2,1,https://dbarchive.biosciencedbc.jp/data/open-tggates-pathological-images/LATEST/images/iproniazid/Liver/34470.svs,False
34475,iproniazid,High,29 day,319,16,3,1,https://dbarchive.biosciencedbc.jp/data/open-tggates-pathological-images/LATEST/images/iproniazid/Liver/34475.svs,False
34480,iproniazid,High,29 day,319,16,4,1,https://dbarchive.biosciencedbc.jp/data/open-tggates-pathological-images/LATEST/images/iproniazid/Liver/34480.svs,False
34488,iproniazid,High,29 day,319,16,5,1,https://dbarchive.biosciencedbc.jp/data/open-tggates-pathological-images/LATEST/images/iproniazid/Liver/34488.svs,False
34272,iproniazid,Low,29 day,319,8,1,1,https://dbarchive.biosciencedbc.jp/data/open-tggates-pathological-images/LATEST/images/iproniazid/Liver/34272.svs,False
34276,iproniazid,Low,29 day,319,8,2,1,https://dbarchive.biosciencedbc.jp/data/open-tggates-pathological-images/LATEST/images/iproniazid/Liver/34276.svs,False
34283,iproniazid,Low,29 day,319,8,3,1,https://dbarchive.biosciencedbc.jp/data/open-tggates-pathological-images/LATEST/images/iproniazid/Liver/34283.svs,False
34290,iproniazid,Low,29 day,319,8,4,1,https://dbarchive.biosciencedbc.jp/data/open-tggates-pathological-images/LATEST/images/iproniazid/Liver/34290.svs,False
34294,iproniazid,Low,29 day,319,8,5,1,https://dbarchive.biosciencedbc.jp/data/open-tggates-pathological-images/LATEST/images/iproniazid/Liver/34294.svs,False
34369,iproniazid,Middle,29 day,319,12,1,1,https://dbarchive.biosciencedbc.jp/data/open-tggates-pathological-images/LATEST/images/iproniazid/Liver/34369.svs,False
34374,iproniazid,Middle,29 day,319,12,2,1,https://dbarchive.biosciencedbc.jp/data/open-tggates-pathological-images/LATEST/images/iproniazid/Liver/34374.svs,False
34379,iproniazid,Middle,29 day,319,12,3,1,https://dbarchive.biosciencedbc.jp/data/open-tggates-pathological-images/LATEST/images/iproniazid/Liver/34379.svs,False
34383,iproniazid,Middle,29 day,319,12,4,1,https://dbarchive.biosciencedbc.jp/data/open-tggates-pathological-images/LATEST/images/iproniazid/Liver/34383.svs,False
34388,iproniazid,Middle,29 day,319,12,5,1,https://dbarchive.biosciencedbc.jp/data/open-tggates-pathological-images/LATEST/images/iproniazid/Liver/34388.svs,False
34107,iproniazid,Control,4 day,319,1,1,1,https://dbarchive.biosciencedbc.jp/data/open-tggates-pathological-images/LATEST/images/iproniazid/Liver/34107.svs,False
34112,iproniazid,Control,4 day,319,1,2,1,https://dbarchive.biosciencedbc.jp/data/open-tggates-pathological-images/LATEST/images/iproniazid/Liver/34112.svs,False
34116,iproniazid,Control,4 day,319,1,3,1,https://dbarchive.biosciencedbc.jp/data/open-tggates-pathological-images/LATEST/images/iproniazid/Liver/34116.svs,False
34121,iproniazid,Control,4 day,319,1,4,1,https://dbarchive.biosciencedbc.jp/data/open-tggates-pathological-images/LATEST/images/iproniazid/Liver/34121.svs,False
34125,iproniazid,Control,4 day,319,1,5,1,https://dbarchive.biosciencedbc.jp/data/open-tggates-pathological-images/LATEST/images/iproniazid/Liver/34125.svs,False
34392,iproniazid,High,4 day,319,13,1,1,https://dbarchive.biosciencedbc.jp/data/open-tggates-pathological-images/LATEST/images/iproniazid/Liver/34392.svs,False
34397,iproniazid,High,4 day,319,13,2,1,https://dbarchive.biosciencedbc.jp/data/open-tggates-pathological-images/LATEST/images/iproniazid/Liver/34397.svs,False
34401,iproniazid,High,4 day,319,13,3,1,https://dbarchive.biosciencedbc.jp/data/open-tggates-pathological-images/LATEST/images/iproniazid/Liver/34401.svs,False
34406,iproniazid,High,4 day,319,13,4,1,https://dbarchive.biosciencedbc.jp/data/open-tggates-pathological-images/LATEST/images/iproniazid/Liver/34406.svs,False
34410,iproniazid,High,4 day,319,13,5,1,https://dbarchive.biosciencedbc.jp/data/open-tggates-pathological-images/LATEST/images/iproniazid/Liver/34410.svs,False
34200,iproniazid,Low,4 day,319,5,1,1,https://dbarchive.biosciencedbc.jp/data/open-tggates-pathological-images/LATEST/images/iproniazid/Liver/34200.svs,False
34204,iproniazid,Low,4 day,319,5,2,1,https://dbarchive.biosciencedbc.jp/data/open-tggates-pathological-images/LATEST/images/iproniazid/Liver/34204.svs,False
34209,iproniazid,Low,4 day,319,5,3,1,https://dbarchive.biosciencedbc.jp/data/open-tggates-pathological-images/LATEST/images/iproniazid/Liver/34209.svs,False
34213,iproniazid,Low,4 day,319,5,4,1,https://dbarchive.biosciencedbc.jp/data/open-tggates-pathological-images/LATEST/images/iproniazid/Liver/34213.svs,False
34218,iproniazid,Low,4 day,319,5,5,1,https://dbarchive.biosciencedbc.jp/data/open-tggates-pathological-images/LATEST/images/iproniazid/Liver/34218.svs,False
34299,iproniazid,Middle,4 day,319,9,1,1,https://dbarchive.biosciencedbc.jp/data/open-tggates-pathological-images/LATEST/images/iproniazid/Liver/34299.svs,False
34304,iproniazid,Middle,4 day,319,9,2,1,https://dbarchive.biosciencedbc.jp/data/open-tggates-pathological-images/LATEST/images/iproniazid/Liver/34304.svs,False
34309,iproniazid,Middle,4 day,319,9,3,1,https://dbarchive.biosciencedbc.jp/data/open-tggates-pathological-images/LATEST/images/iproniazid/Liver/34309.svs,False
34314,iproniazid,Middle,4 day,319,9,4,1,https://dbarchive.biosciencedbc.jp/data/open-tggates-pathological-images/LATEST/images/iproniazid/Liver/34314.svs,False
34318,iproniazid,Middle,4 day,319,9,5,1,https://dbarchive.biosciencedbc.jp/data/open-tggates-pathological-images/LATEST/images/iproniazid/Liver/34318.svs,False
34130,iproniazid,Control,8 day,319,2,1,1,https://dbarchive.biosciencedbc.jp/data/open-tggates-pathological-images/LATEST/images/iproniazid/Liver/34130.svs,False
34134,iproniazid,Control,8 day,319,2,2,1,https://dbarchive.biosciencedbc.jp/data/open-tggates-pathological-images/LATEST/images/iproniazid/Liver/34134.svs,False
34138,iproniazid,Control,8 day,319,2,3,1,https://dbarchive.biosciencedbc.jp/data/open-tggates-pathological-images/LATEST/images/iproniazid/Liver/34138.svs,False
34143,iproniazid,Control,8 day,319,2,4,1,https://dbarchive.biosciencedbc.jp/data/open-tggates-pathological-images/LATEST/images/iproniazid/Liver/34143.svs,False
34147,iproniazid,Control,8 day,319,2,5,1,https://dbarchive.biosciencedbc.jp/data/open-tggates-pathological-images/LATEST/images/iproniazid/Liver/34147.svs,False
34418,iproniazid,High,8 day,319,14,1,1,https://dbarchive.biosciencedbc.jp/data/open-tggates-pathological-images/LATEST/images/iproniazid/Liver/34418.svs,False
34423,iproniazid,High,8 day,319,14,2,1,https://dbarchive.biosciencedbc.jp/data/open-tggates-pathological-images/LATEST/images/iproniazid/Liver/34423.svs,False
34428,iproniazid,High,8 day,319,14,3,1,https://dbarchive.biosciencedbc.jp/data/open-tggates-pathological-images/LATEST/images/iproniazid/Liver/34428.svs,False
34432,iproniazid,High,8 day,319,14,4,1,https://dbarchive.biosciencedbc.jp/data/open-tggates-pathological-images/LATEST/images/iproniazid/Liver/34432.svs,False
34437,iproniazid,High,8 day,319,14,5,1,https://dbarchive.biosciencedbc.jp/data/open-tggates-pathological-images/LATEST/images/iproniazid/Liver/34437.svs,False
34222,iproniazid,Low,8 day,319,6,1,1,https://dbarchive.biosciencedbc.jp/data/open-tggates-pathological-images/LATEST/images/iproniazid/Liver/34222.svs,False
34226,iproniazid,Low,8 day,319,6,2,1,https://dbarchive.biosciencedbc.jp/data/open-tggates-pathological-images/LATEST/images/iproniazid/Liver/34226.svs,False
34231,iproniazid,Low,8 day,319,6,3,1,https://dbarchive.biosciencedbc.jp/data/open-tggates-pathological-images/LATEST/images/iproniazid/Liver/34231.svs,False
34239,iproniazid,Low,8 day,319,6,4,1,https://dbarchive.biosciencedbc.jp/data/open-tggates-pathological-images/LATEST/images/iproniazid/Liver/34239.svs,False
34243,iproniazid,Low,8 day,319,6,5,1,https://dbarchive.biosciencedbc.jp/data/open-tggates-pathological-images/LATEST/images/iproniazid/Liver/34243.svs,False
34323,iproniazid,Middle,8 day,319,10,1,1,https://dbarchive.biosciencedbc.jp/data/open-tggates-pathological-images/LATEST/images/iproniazid/Liver/34323.svs,False
34328,iproniazid,Middle,8 day,319,10,2,1,https://dbarchive.biosciencedbc.jp/data/open-tggates-pathological-images/LATEST/images/iproniazid/Liver/34328.svs,False
34332,iproniazid,Middle,8 day,319,10,3,1,https://dbarchive.biosciencedbc.jp/data/open-tggates-pathological-images/LATEST/images/iproniazid/Liver/34332.svs,False
34337,iproniazid,Middle,8 day,319,10,4,1,https://dbarchive.biosciencedbc.jp/data/open-tggates-pathological-images/LATEST/images/iproniazid/Liver/34337.svs,False
34341,iproniazid,Middle,8 day,319,10,5,1,https://dbarchive.biosciencedbc.jp/data/open-tggates-pathological-images/LATEST/images/iproniazid/Liver/34341.svs,False
32228,lomustine,Control,15 day,311,3,1,1,https://dbarchive.biosciencedbc.jp/data/open-tggates-pathological-images/LATEST/images/lomustine/Liver/32228.svs,False
32231,lomustine,Control,15 day,311,3,2,1,https://dbarchive.biosciencedbc.jp/data/open-tggates-pathological-images/LATEST/images/lomustine/Liver/32231.svs,False
32233,lomustine,Control,15 day,311,3,3,1,https://dbarchive.biosciencedbc.jp/data/open-tggates-pathological-images/LATEST/images/lomustine/Liver/32233.svs,False
32237,lomustine,Control,15 day,311,3,4,1,https://dbarchive.biosciencedbc.jp/data/open-tggates-pathological-images/LATEST/images/lomustine/Liver/32237.svs,False
32240,lomustine,Control,15 day,311,3,5,1,https://dbarchive.biosciencedbc.jp/data/open-tggates-pathological-images/LATEST/images/lomustine/Liver/32240.svs,False
32369,lomustine,High,15 day,311,15,1,1,https://dbarchive.biosciencedbc.jp/data/open-tggates-pathological-images/LATEST/images/lomustine/Liver/32369.svs,False
32372,lomustine,High,15 day,311,15,2,1,https://dbarchive.biosciencedbc.jp/data/open-tggates-pathological-images/LATEST/images/lomustine/Liver/32372.svs,False
32374,lomustine,High,15 day,311,15,3,1,https://dbarchive.biosciencedbc.jp/data/open-tggates-pathological-images/LATEST/images/lomustine/Liver/32374.svs,False
32375,lomustine,High,15 day,311,15,4,1,https://dbarchive.biosciencedbc.jp/data/open-tggates-pathological-images/LATEST/images/lomustine/Liver/32375.svs,False
32378,lomustine,High,15 day,311,15,5,1,https://dbarchive.biosciencedbc.jp/data/open-tggates-pathological-images/LATEST/images/lomustine/Liver/32378.svs,False
32278,lomustine,Low,15 day,311,7,1,1,https://dbarchive.biosciencedbc.jp/data/open-tggates-pathological-images/LATEST/images/lomustine/Liver/32278.svs,False
71306,lomustine,Low,15 day,311,7,2,1,https://dbarchive.biosciencedbc.jp/data/open-tggates-pathological-images/LATEST/images/lomustine/Liver/71306.svs,False
32282,lomustine,Low,15 day,311,7,3,1,https://dbarchive.biosciencedbc.jp/data/open-tggates-pathological-images/LATEST/images/lomustine/Liver/32282.svs,False
32284,lomustine,Low,15 day,311,7,4,1,https://dbarchive.biosciencedbc.jp/data/open-tggates-pathological-images/LATEST/images/lomustine/Liver/32284.svs,False
32285,lomustine,Low,15 day,311,7,5,1,https://dbarchive.biosciencedbc.jp/data/open-tggates-pathological-images/LATEST/images/lomustine/Liver/32285.svs,False
32324,lomustine,Middle,15 day,311,11,1,1,https://dbarchive.biosciencedbc.jp/data/open-tggates-pathological-images/LATEST/images/lomustine/Liver/32324.svs,False
32325,lomustine,Middle,15 day,311,11,2,1,https://dbarchive.biosciencedbc.jp/data/open-tggates-pathological-images/LATEST/images/lomustine/Liver/32325.svs,False
32327,lomustine,Middle,15 day,311,11,3,1,https://dbarchive.biosciencedbc.jp/data/open-tggates-pathological-images/LATEST/images/lomustine/Liver/32327.svs,False
32330,lomustine,Middle,15 day,311,11,4,1,https://dbarchive.biosciencedbc.jp/data/open-tggates-pathological-images/LATEST/images/lomustine/Liver/32330.svs,False
32332,lomustine,Middle,15 day,311,11,5,1,https://dbarchive.biosciencedbc.jp/data/open-tggates-pathological-images/LATEST/images/lomustine/Liver/32332.svs,False
32244,lomustine,Control,29 day,311,4,1,1,https://dbarchive.biosciencedbc.jp/data/open-tggates-pathological-images/LATEST/images/lomustine/Liver/32244.svs,False
32247,lomustine,Control,29 day,311,4,2,1,https://dbarchive.biosciencedbc.jp/data/open-tggates-pathological-images/LATEST/images/lomustine/Liver/32247.svs,False
32250,lomustine,Control,29 day,311,4,3,1,https://dbarchive.biosciencedbc.jp/data/open-tggates-pathological-images/LATEST/images/lomustine/Liver/32250.svs,False
32252,lomustine,Control,29 day,311,4,4,1,https://dbarchive.biosciencedbc.jp/data/open-tggates-pathological-images/LATEST/images/lomustine/Liver/32252.svs,False
32255,lomustine,Control,29 day,311,4,5,1,https://dbarchive.biosciencedbc.jp/data/open-tggates-pathological-images/LATEST/images/lomustine/Liver/32255.svs,False
32381,lomustine,High,29 day,311,16,1,1,https://dbarchive.biosciencedbc.jp/data/open-tggates-pathological-images/LATEST/images/lomustine/Liver/32381.svs,False
32384,lomustine,High,29 day,311,16,2,1,https://dbarchive.biosciencedbc.jp/data/open-tggates-pathological-images/LATEST/images/lomustine/Liver/32384.svs,False
32387,lomustine,High,29 day,311,16,3,1,https://dbarchive.biosciencedbc.jp/data/open-tggates-pathological-images/LATEST/images/lomustine/Liver/32387.svs,False
32389,lomustine,High,29 day,311,16,4,1,https://dbarchive.biosciencedbc.jp/data/open-tggates-pathological-images/LATEST/images/lomustine/Liver/32389.svs,False
32392,lomustine,High,29 day,311,16,5,1,https://dbarchive.biosciencedbc.jp/data/open-tggates-pathological-images/LATEST/images/lomustine/Liver/32392.svs,False
32289,lomustine,Low,29 day,311,8,1,1,https://dbarchive.biosciencedbc.jp/data/open-tggates-pathological-images/LATEST/images/lomustine/Liver/32289.svs,False
32292,lomustine,Low,29 day,311,8,2,1,https://dbarchive.biosciencedbc.jp/data/open-tggates-pathological-images/LATEST/images/lomustine/Liver/32292.svs,False
32294,lomustine,Low,29 day,311,8,3,1,https://dbarchive.biosciencedbc.jp/data/open-tggates-pathological-images/LATEST/images/lomustine/Liver/32294.svs,False
32296,lomustine,Low,29 day,311,8,4,1,https://dbarchive.biosciencedbc.jp/data/open-tggates-pathological-images/LATEST/images/lomustine/Liver/32296.svs,False
32299,lomustine,Low,29 day,311,8,5,1,https://dbarchive.biosciencedbc.jp/data/open-tggates-pathological-images/LATEST/images/lomustine/Liver/32299.svs,False
32336,lomustine,Middle,29 day,311,12,1,1,https://dbarchive.biosciencedbc.jp/data/open-tggates-pathological-images/LATEST/images/lomustine/Liver/32336.svs,False
32339,lomustine,Middle,29 day,311,12,2,1,https://dbarchive.biosciencedbc.jp/data/open-tggates-pathological-images/LATEST/images/lomustine/Liver/32339.svs,False
32341,lomustine,Middle,29 day,311,12,3,1,https://dbarchive.biosciencedbc.jp/data/open-tggates-pathological-images/LATEST/images/lomustine/Liver/32341.svs,False
32343,lomustine,Middle,29 day,311,12,4,1,https://dbarchive.biosciencedbc.jp/data/open-tggates-pathological-images/LATEST/images/lomustine/Liver/32343.svs,False
32346,lomustine,Middle,29 day,311,12,5,1,https://dbarchive.biosciencedbc.jp/data/open-tggates-pathological-images/LATEST/images/lomustine/Liver/32346.svs,False
32200,lomustine,Control,4 day,311,1,1,1,https://dbarchive.biosciencedbc.jp/data/open-tggates-pathological-images/LATEST/images/lomustine/Liver/32200.svs,False
32202,lomustine,Control,4 day,311,1,2,1,https://dbarchive.biosciencedbc.jp/data/open-tggates-pathological-images/LATEST/images/lomustine/Liver/32202.svs,False
32205,lomustine,Control,4 day,311,1,3,1,https://dbarchive.biosciencedbc.jp/data/open-tggates-pathological-images/LATEST/images/lomustine/Liver/32205.svs,False
32209,lomustine,Control,4 day,311,1,4,1,https://dbarchive.biosciencedbc.jp/data/open-tggates-pathological-images/LATEST/images/lomustine/Liver/32209.svs,False
32211,lomustine,Control,4 day,311,1,5,1,https://dbarchive.biosciencedbc.jp/data/open-tggates-pathological-images/LATEST/images/lomustine/Liver/32211.svs,False
32347,lomustine,High,4 day,311,13,1,1,https://dbarchive.biosciencedbc.jp/data/open-tggates-pathological-images/LATEST/images/lomustine/Liver/32347.svs,False
32351,lomustine,High,4 day,311,13,2,1,https://dbarchive.biosciencedbc.jp/data/open-tggates-pathological-images/LATEST/images/lomustine/Liver/32351.svs,False
32354,lomustine,High,4 day,311,13,3,1,https://dbarchive.biosciencedbc.jp/data/open-tggates-pathological-images/LATEST/images/lomustine/Liver/32354.svs,False
32356,lomustine,High,4 day,311,13,4,1,https://dbarchive.biosciencedbc.jp/data/open-tggates-pathological-images/LATEST/images/lomustine/Liver/32356.svs,False
32357,lomustine,High,4 day,311,13,5,1,https://dbarchive.biosciencedbc.jp/data/open-tggates-pathological-images/LATEST/images/lomustine/Liver/32357.svs,False
32258,lomustine,Low,4 day,311,5,1,1,https://dbarchive.biosciencedbc.jp/data/open-tggates-pathological-images/LATEST/images/lomustine/Liver/32258.svs,False
32260,lomustine,Low,4 day,311,5,2,1,https://dbarchive.biosciencedbc.jp/data/open-tggates-pathological-images/LATEST/images/lomustine/Liver/32260.svs,False
32261,lomustine,Low,4 day,311,5,3,1,https://dbarchive.biosciencedbc.jp/data/open-tggates-pathological-images/LATEST/images/lomustine/Liver/32261.svs,False
32262,lomustine,Low,4 day,311,5,4,1,https://dbarchive.biosciencedbc.jp/data/open-tggates-pathological-images/LATEST/images/lomustine/Liver/32262.svs,False
32263,lomustine,Low,4 day,311,5,5,1,https://dbarchive.biosciencedbc.jp/data/open-tggates-pathological-images/LATEST/images/lomustine/Liver/32263.svs,False
32302,lomustine,Middle,4 day,311,9,1,1,https://dbarchive.biosciencedbc.jp/data/open-tggates-pathological-images/LATEST/images/lomustine/Liver/32302.svs,False
32303,lomustine,Middle,4 day,311,9,2,1,https://dbarchive.biosciencedbc.jp/data/open-tggates-pathological-images/LATEST/images/lomustine/Liver/32303.svs,False
32305,lomustine,Middle,4 day,311,9,3,1,https://dbarchive.biosciencedbc.jp/data/open-tggates-pathological-images/LATEST/images/lomustine/Liver/32305.svs,False
32308,lomustine,Middle,4 day,311,9,4,1,https://dbarchive.biosciencedbc.jp/data/open-tggates-pathological-images/LATEST/images/lomustine/Liver/32308.svs,False
32310,lomustine,Middle,4 day,311,9,5,1,https://dbarchive.biosciencedbc.jp/data/open-tggates-pathological-images/LATEST/images/lomustine/Liver/32310.svs,False
32214,lomustine,Control,8 day,311,2,1,1,https://dbarchive.biosciencedbc.jp/data/open-tggates-pathological-images/LATEST/images/lomustine/Liver/32214.svs,False
32217,lomustine,Control,8 day,311,2,2,1,https://dbarchive.biosciencedbc.jp/data/open-tggates-pathological-images/LATEST/images/lomustine/Liver/32217.svs,False
32219,lomustine,Control,8 day,311,2,3,1,https://dbarchive.biosciencedbc.jp/data/open-tggates-pathological-images/LATEST/images/lomustine/Liver/32219.svs,False
32221,lomustine,Control,8 day,311,2,4,1,https://dbarchive.biosciencedbc.jp/data/open-tggates-pathological-images/LATEST/images/lomustine/Liver/32221.svs,False
32224,lomustine,Control,8 day,311,2,5,1,https://dbarchive.biosciencedbc.jp/data/open-tggates-pathological-images/LATEST/images/lomustine/Liver/32224.svs,False
32360,lomustine,High,8 day,311,14,1,1,https://dbarchive.biosciencedbc.jp/data/open-tggates-pathological-images/LATEST/images/lomustine/Liver/32360.svs,False
32362,lomustine,High,8 day,311,14,2,1,https://dbarchive.biosciencedbc.jp/data/open-tggates-pathological-images/LATEST/images/lomustine/Liver/32362.svs,False
32363,lomustine,High,8 day,311,14,3,1,https://dbarchive.biosciencedbc.jp/data/open-tggates-pathological-images/LATEST/images/lomustine/Liver/32363.svs,False
32366,lomustine,High,8 day,311,14,4,1,https://dbarchive.biosciencedbc.jp/data/open-tggates-pathological-images/LATEST/images/lomustine/Liver/32366.svs,False
32368,lomustine,High,8 day,311,14,5,1,https://dbarchive.biosciencedbc.jp/data/open-tggates-pathological-images/LATEST/images/lomustine/Liver/32368.svs,False
32265,lomustine,Low,8 day,311,6,1,1,https://dbarchive.biosciencedbc.jp/data/open-tggates-pathological-images/LATEST/images/lomustine/Liver/32265.svs,False
32268,lomustine,Low,8 day,311,6,2,1,https://dbarchive.biosciencedbc.jp/data/open-tggates-pathological-images/LATEST/images/lomustine/Liver/32268.svs,False
32271,lomustine,Low,8 day,311,6,3,1,https://dbarchive.biosciencedbc.jp/data/open-tggates-pathological-images/LATEST/images/lomustine/Liver/32271.svs,False
32272,lomustine,Low,8 day,311,6,4,1,https://dbarchive.biosciencedbc.jp/data/open-tggates-pathological-images/LATEST/images/lomustine/Liver/32272.svs,False
32275,lomustine,Low,8 day,311,6,5,1,https://dbarchive.biosciencedbc.jp/data/open-tggates-pathological-images/LATEST/images/lomustine/Liver/32275.svs,False
32311,lomustine,Middle,8 day,311,10,1,1,https://dbarchive.biosciencedbc.jp/data/open-tggates-pathological-images/LATEST/images/lomustine/Liver/32311.svs,False
32314,lomustine,Middle,8 day,311,10,2,1,https://dbarchive.biosciencedbc.jp/data/open-tggates-pathological-images/LATEST/images/lomustine/Liver/32314.svs,False
32316,lomustine,Middle,8 day,311,10,3,1,https://dbarchive.biosciencedbc.jp/data/open-tggates-pathological-images/LATEST/images/lomustine/Liver/32316.svs,False
32319,lomustine,Middle,8 day,311,10,4,1,https://dbarchive.biosciencedbc.jp/data/open-tggates-pathological-images/LATEST/images/lomustine/Liver/32319.svs,False
32321,lomustine,Middle,8 day,311,10,5,1,https://dbarchive.biosciencedbc.jp/data/open-tggates-pathological-images/LATEST/images/lomustine/Liver/32321.svs,False
45451,lornoxicam,Control,15 day,538,3,1,1,https://dbarchive.biosciencedbc.jp/data/open-tggates-pathological-images/LATEST/images/lornoxicam/Liver/45451.svs,False
45454,lornoxicam,Control,15 day,538,3,2,1,https://dbarchive.biosciencedbc.jp/data/open-tggates-pathological-images/LATEST/images/lornoxicam/Liver/45454.svs,False
45457,lornoxicam,Control,15 day,538,3,3,1,https://dbarchive.biosciencedbc.jp/data/open-tggates-pathological-images/LATEST/images/lornoxicam/Liver/45457.svs,False
45459,lornoxicam,Control,15 day,538,3,4,1,https://dbarchive.biosciencedbc.jp/data/open-tggates-pathological-images/LATEST/images/lornoxicam/Liver/45459.svs,False
45463,lornoxicam,Control,15 day,538,3,5,1,https://dbarchive.biosciencedbc.jp/data/open-tggates-pathological-images/LATEST/images/lornoxicam/Liver/45463.svs,False
45495,lornoxicam,High,15 day,538,15,2,1,https://dbarchive.biosciencedbc.jp/data/open-tggates-pathological-images/LATEST/images/lornoxicam/Liver/45495.svs,False
45499,lornoxicam,High,15 day,538,15,3,1,https://dbarchive.biosciencedbc.jp/data/open-tggates-pathological-images/LATEST/images/lornoxicam/Liver/45499.svs,False
45502,lornoxicam,High,15 day,538,15,4,1,https://dbarchive.biosciencedbc.jp/data/open-tggates-pathological-images/LATEST/images/lornoxicam/Liver/45502.svs,False
45539,lornoxicam,High,15 day,538,16,5,1,https://dbarchive.biosciencedbc.jp/data/open-tggates-pathological-images/LATEST/images/lornoxicam/Liver/45539.svs,False
45466,lornoxicam,Low,15 day,538,7,1,1,https://dbarchive.biosciencedbc.jp/data/open-tggates-pathological-images/LATEST/images/lornoxicam/Liver/45466.svs,False
45469,lornoxicam,Low,15 day,538,7,2,1,https://dbarchive.biosciencedbc.jp/data/open-tggates-pathological-images/LATEST/images/lornoxicam/Liver/45469.svs,False
45471,lornoxicam,Low,15 day,538,7,3,1,https://dbarchive.biosciencedbc.jp/data/open-tggates-pathological-images/LATEST/images/lornoxicam/Liver/45471.svs,False
45474,lornoxicam,Low,15 day,538,7,4,1,https://dbarchive.biosciencedbc.jp/data/open-tggates-pathological-images/LATEST/images/lornoxicam/Liver/45474.svs,False
45478,lornoxicam,Low,15 day,538,7,5,1,https://dbarchive.biosciencedbc.jp/data/open-tggates-pathological-images/LATEST/images/lornoxicam/Liver/45478.svs,False
45482,lornoxicam,Middle,15 day,538,11,1,1,https://dbarchive.biosciencedbc.jp/data/open-tggates-pathological-images/LATEST/images/lornoxicam/Liver/45482.svs,False
45485,lornoxicam,Middle,15 day,538,11,2,1,https://dbarchive.biosciencedbc.jp/data/open-tggates-pathological-images/LATEST/images/lornoxicam/Liver/45485.svs,False
45488,lornoxicam,Middle,15 day,538,11,3,1,https://dbarchive.biosciencedbc.jp/data/open-tggates-pathological-images/LATEST/images/lornoxicam/Liver/45488.svs,False
45490,lornoxicam,Middle,15 day,538,11,4,1,https://dbarchive.biosciencedbc.jp/data/open-tggates-pathological-images/LATEST/images/lornoxicam/Liver/45490.svs,False
45492,lornoxicam,Middle,15 day,538,11,5,1,https://dbarchive.biosciencedbc.jp/data/open-tggates-pathological-images/LATEST/images/lornoxicam/Liver/45492.svs,False
45505,lornoxicam,Control,29 day,538,4,1,1,https://dbarchive.biosciencedbc.jp/data/open-tggates-pathological-images/LATEST/images/lornoxicam/Liver/45505.svs,False
45508,lornoxicam,Control,29 day,538,4,2,1,https://dbarchive.biosciencedbc.jp/data/open-tggates-pathological-images/LATEST/images/lornoxicam/Liver/45508.svs,False
45510,lornoxicam,Control,29 day,538,4,3,1,https://dbarchive.biosciencedbc.jp/data/open-tggates-pathological-images/LATEST/images/lornoxicam/Liver/45510.svs,False
45513,lornoxicam,Control,29 day,538,4,4,1,https://dbarchive.biosciencedbc.jp/data/open-tggates-pathological-images/LATEST/images/lornoxicam/Liver/45513.svs,False
45515,lornoxicam,Control,29 day,538,4,5,1,https://dbarchive.biosciencedbc.jp/data/open-tggates-pathological-images/LATEST/images/lornoxicam/Liver/45515.svs,False
45517,lornoxicam,Low,29 day,538,8,1,1,https://dbarchive.biosciencedbc.jp/data/open-tggates-pathological-images/LATEST/images/lornoxicam/Liver/45517.svs,False
45520,lornoxicam,Low,29 day,538,8,2,1,https://dbarchive.biosciencedbc.jp/data/open-tggates-pathological-images/LATEST/images/lornoxicam/Liver/45520.svs,False
45523,lornoxicam,Low,29 day,538,8,3,1,https://dbarchive.biosciencedbc.jp/data/open-tggates-pathological-images/LATEST/images/lornoxicam/Liver/45523.svs,False
45525,lornoxicam,Low,29 day,538,8,4,1,https://dbarchive.biosciencedbc.jp/data/open-tggates-pathological-images/LATEST/images/lornoxicam/Liver/45525.svs,False
45527,lornoxicam,Low,29 day,538,8,5,1,https://dbarchive.biosciencedbc.jp/data/open-tggates-pathological-images/LATEST/images/lornoxicam/Liver/45527.svs,False
45529,lornoxicam,Middle,29 day,538,12,2,1,https://dbarchive.biosciencedbc.jp/data/open-tggates-pathological-images/LATEST/images/lornoxicam/Liver/45529.svs,False
45532,lornoxicam,Middle,29 day,538,12,3,1,https://dbarchive.biosciencedbc.jp/data/open-tggates-pathological-images/LATEST/images/lornoxicam/Liver/45532.svs,False
45534,lornoxicam,Middle,29 day,538,12,4,1,https://dbarchive.biosciencedbc.jp/data/open-tggates-pathological-images/LATEST/images/lornoxicam/Liver/45534.svs,False
45537,lornoxicam,Middle,29 day,538,12,5,1,https://dbarchive.biosciencedbc.jp/data/open-tggates-pathological-images/LATEST/images/lornoxicam/Liver/45537.svs,False
45349,lornoxicam,Control,4 day,538,1,1,1,https://dbarchive.biosciencedbc.jp/data/open-tggates-pathological-images/LATEST/images/lornoxicam/Liver/45349.svs,False
45352,lornoxicam,Control,4 day,538,1,2,1,https://dbarchive.biosciencedbc.jp/data/open-tggates-pathological-images/LATEST/images/lornoxicam/Liver/45352.svs,False
45354,lornoxicam,Control,4 day,538,1,3,1,https://dbarchive.biosciencedbc.jp/data/open-tggates-pathological-images/LATEST/images/lornoxicam/Liver/45354.svs,False
45356,lornoxicam,Control,4 day,538,1,4,1,https://dbarchive.biosciencedbc.jp/data/open-tggates-pathological-images/LATEST/images/lornoxicam/Liver/45356.svs,False
45358,lornoxicam,Control,4 day,538,1,5,1,https://dbarchive.biosciencedbc.jp/data/open-tggates-pathological-images/LATEST/images/lornoxicam/Liver/45358.svs,False
45383,lornoxicam,High,4 day,538,13,1,1,https://dbarchive.biosciencedbc.jp/data/open-tggates-pathological-images/LATEST/images/lornoxicam/Liver/45383.svs,False
45385,lornoxicam,High,4 day,538,13,2,1,https://dbarchive.biosciencedbc.jp/data/open-tggates-pathological-images/LATEST/images/lornoxicam/Liver/45385.svs,False
45387,lornoxicam,High,4 day,538,13,3,1,https://dbarchive.biosciencedbc.jp/data/open-tggates-pathological-images/LATEST/images/lornoxicam/Liver/45387.svs,False
45390,lornoxicam,High,4 day,538,13,4,1,https://dbarchive.biosciencedbc.jp/data/open-tggates-pathological-images/LATEST/images/lornoxicam/Liver/45390.svs,False
45394,lornoxicam,High,4 day,538,13,5,1,https://dbarchive.biosciencedbc.jp/data/open-tggates-pathological-images/LATEST/images/lornoxicam/Liver/45394.svs,False
45360,lornoxicam,Low,4 day,538,5,1,1,https://dbarchive.biosciencedbc.jp/data/open-tggates-pathological-images/LATEST/images/lornoxicam/Liver/45360.svs,False
45363,lornoxicam,Low,4 day,538,5,2,1,https://dbarchive.biosciencedbc.jp/data/open-tggates-pathological-images/LATEST/images/lornoxicam/Liver/45363.svs,False
45365,lornoxicam,Low,4 day,538,5,3,1,https://dbarchive.biosciencedbc.jp/data/open-tggates-pathological-images/LATEST/images/lornoxicam/Liver/45365.svs,False
45367,lornoxicam,Low,4 day,538,5,4,1,https://dbarchive.biosciencedbc.jp/data/open-tggates-pathological-images/LATEST/images/lornoxicam/Liver/45367.svs,False
45369,lornoxicam,Low,4 day,538,5,5,1,https://dbarchive.biosciencedbc.jp/data/open-tggates-pathological-images/LATEST/images/lornoxicam/Liver/45369.svs,False
45372,lornoxicam,Middle,4 day,538,9,1,1,https://dbarchive.biosciencedbc.jp/data/open-tggates-pathological-images/LATEST/images/lornoxicam/Liver/45372.svs,False
45374,lornoxicam,Middle,4 day,538,9,2,1,https://dbarchive.biosciencedbc.jp/data/open-tggates-pathological-images/LATEST/images/lornoxicam/Liver/45374.svs,False
45376,lornoxicam,Middle,4 day,538,9,3,1,https://dbarchive.biosciencedbc.jp/data/open-tggates-pathological-images/LATEST/images/lornoxicam/Liver/45376.svs,False
45378,lornoxicam,Middle,4 day,538,9,4,1,https://dbarchive.biosciencedbc.jp/data/open-tggates-pathological-images/LATEST/images/lornoxicam/Liver/45378.svs,False
45380,lornoxicam,Middle,4 day,538,9,5,1,https://dbarchive.biosciencedbc.jp/data/open-tggates-pathological-images/LATEST/images/lornoxicam/Liver/45380.svs,False
45397,lornoxicam,Control,8 day,538,2,1,1,https://dbarchive.biosciencedbc.jp/data/open-tggates-pathological-images/LATEST/images/lornoxicam/Liver/45397.svs,False
45401,lornoxicam,Control,8 day,538,2,2,1,https://dbarchive.biosciencedbc.jp/data/open-tggates-pathological-images/LATEST/images/lornoxicam/Liver/45401.svs,False
45403,lornoxicam,Control,8 day,538,2,3,1,https://dbarchive.biosciencedbc.jp/data/open-tggates-pathological-images/LATEST/images/lornoxicam/Liver/45403.svs,False
45406,lornoxicam,Control,8 day,538,2,4,1,https://dbarchive.biosciencedbc.jp/data/open-tggates-pathological-images/LATEST/images/lornoxicam/Liver/45406.svs,False
45409,lornoxicam,Control,8 day,538,2,5,1,https://dbarchive.biosciencedbc.jp/data/open-tggates-pathological-images/LATEST/images/lornoxicam/Liver/45409.svs,False
45442,lornoxicam,High,8 day,538,14,2,1,https://dbarchive.biosciencedbc.jp/data/open-tggates-pathological-images/LATEST/images/lornoxicam/Liver/45442.svs,False
45445,lornoxicam,High,8 day,538,14,4,1,https://dbarchive.biosciencedbc.jp/data/open-tggates-pathological-images/LATEST/images/lornoxicam/Liver/45445.svs,False
45448,lornoxicam,High,8 day,538,14,5,1,https://dbarchive.biosciencedbc.jp/data/open-tggates-pathological-images/LATEST/images/lornoxicam/Liver/45448.svs,False
45412,lornoxicam,Low,8 day,538,6,1,1,https://dbarchive.biosciencedbc.jp/data/open-tggates-pathological-images/LATEST/images/lornoxicam/Liver/45412.svs,False
45415,lornoxicam,Low,8 day,538,6,2,1,https://dbarchive.biosciencedbc.jp/data/open-tggates-pathological-images/LATEST/images/lornoxicam/Liver/45415.svs,False
45417,lornoxicam,Low,8 day,538,6,3,1,https://dbarchive.biosciencedbc.jp/data/open-tggates-pathological-images/LATEST/images/lornoxicam/Liver/45417.svs,False
45421,lornoxicam,Low,8 day,538,6,4,1,https://dbarchive.biosciencedbc.jp/data/open-tggates-pathological-images/LATEST/images/lornoxicam/Liver/45421.svs,False
45424,lornoxicam,Low,8 day,538,6,5,1,https://dbarchive.biosciencedbc.jp/data/open-tggates-pathological-images/LATEST/images/lornoxicam/Liver/45424.svs,False
45427,lornoxicam,Middle,8 day,538,10,1,1,https://dbarchive.biosciencedbc.jp/data/open-tggates-pathological-images/LATEST/images/lornoxicam/Liver/45427.svs,False
45430,lornoxicam,Middle,8 day,538,10,2,1,https://dbarchive.biosciencedbc.jp/data/open-tggates-pathological-images/LATEST/images/lornoxicam/Liver/45430.svs,False
45433,lornoxicam,Middle,8 day,538,10,3,1,https://dbarchive.biosciencedbc.jp/data/open-tggates-pathological-images/LATEST/images/lornoxicam/Liver/45433.svs,False
45436,lornoxicam,Middle,8 day,538,10,4,1,https://dbarchive.biosciencedbc.jp/data/open-tggates-pathological-images/LATEST/images/lornoxicam/Liver/45436.svs,False
45439,lornoxicam,Middle,8 day,538,10,5,1,https://dbarchive.biosciencedbc.jp/data/open-tggates-pathological-images/LATEST/images/lornoxicam/Liver/45439.svs,False
20372,mefenamic acid,Control,15 day,378,3,1,1,https://dbarchive.biosciencedbc.jp/data/open-tggates-pathological-images/LATEST/images/mefenamic_acid/Liver/20372.svs,False
20375,mefenamic acid,Control,15 day,378,3,2,1,https://dbarchive.biosciencedbc.jp/data/open-tggates-pathological-images/LATEST/images/mefenamic_acid/Liver/20375.svs,False
20378,mefenamic acid,Control,15 day,378,3,3,1,https://dbarchive.biosciencedbc.jp/data/open-tggates-pathological-images/LATEST/images/mefenamic_acid/Liver/20378.svs,False
20380,mefenamic acid,Control,15 day,378,3,4,1,https://dbarchive.biosciencedbc.jp/data/open-tggates-pathological-images/LATEST/images/mefenamic_acid/Liver/20380.svs,False
20383,mefenamic acid,Control,15 day,378,3,5,1,https://dbarchive.biosciencedbc.jp/data/open-tggates-pathological-images/LATEST/images/mefenamic_acid/Liver/20383.svs,False
20414,mefenamic acid,High,15 day,378,15,1,1,https://dbarchive.biosciencedbc.jp/data/open-tggates-pathological-images/LATEST/images/mefenamic_acid/Liver/20414.svs,False
20417,mefenamic acid,High,15 day,378,15,2,1,https://dbarchive.biosciencedbc.jp/data/open-tggates-pathological-images/LATEST/images/mefenamic_acid/Liver/20417.svs,False
20419,mefenamic acid,High,15 day,378,15,3,1,https://dbarchive.biosciencedbc.jp/data/open-tggates-pathological-images/LATEST/images/mefenamic_acid/Liver/20419.svs,False
20422,mefenamic acid,High,15 day,378,15,5,1,https://dbarchive.biosciencedbc.jp/data/open-tggates-pathological-images/LATEST/images/mefenamic_acid/Liver/20422.svs,False
20386,mefenamic acid,Low,15 day,378,7,1,1,https://dbarchive.biosciencedbc.jp/data/open-tggates-pathological-images/LATEST/images/mefenamic_acid/Liver/20386.svs,False
20389,mefenamic acid,Low,15 day,378,7,2,1,https://dbarchive.biosciencedbc.jp/data/open-tggates-pathological-images/LATEST/images/mefenamic_acid/Liver/20389.svs,False
20392,mefenamic acid,Low,15 day,378,7,3,1,https://dbarchive.biosciencedbc.jp/data/open-tggates-pathological-images/LATEST/images/mefenamic_acid/Liver/20392.svs,False
20395,mefenamic acid,Low,15 day,378,7,4,1,https://dbarchive.biosciencedbc.jp/data/open-tggates-pathological-images/LATEST/images/mefenamic_acid/Liver/20395.svs,False
20397,mefenamic acid,Low,15 day,378,7,5,1,https://dbarchive.biosciencedbc.jp/data/open-tggates-pathological-images/LATEST/images/mefenamic_acid/Liver/20397.svs,False
20400,mefenamic acid,Middle,15 day,378,11,1,1,https://dbarchive.biosciencedbc.jp/data/open-tggates-pathological-images/LATEST/images/mefenamic_acid/Liver/20400.svs,False
20403,mefenamic acid,Middle,15 day,378,11,2,1,https://dbarchive.biosciencedbc.jp/data/open-tggates-pathological-images/LATEST/images/mefenamic_acid/Liver/20403.svs,False
20406,mefenamic acid,Middle,15 day,378,11,3,1,https://dbarchive.biosciencedbc.jp/data/open-tggates-pathological-images/LATEST/images/mefenamic_acid/Liver/20406.svs,False
20409,mefenamic acid,Middle,15 day,378,11,4,1,https://dbarchive.biosciencedbc.jp/data/open-tggates-pathological-images/LATEST/images/mefenamic_acid/Liver/20409.svs,False
20411,mefenamic acid,Middle,15 day,378,11,5,1,https://dbarchive.biosciencedbc.jp/data/open-tggates-pathological-images/LATEST/images/mefenamic_acid/Liver/20411.svs,False
20424,mefenamic acid,Control,29 day,378,4,1,1,https://dbarchive.biosciencedbc.jp/data/open-tggates-pathological-images/LATEST/images/mefenamic_acid/Liver/20424.svs,False
20428,mefenamic acid,Control,29 day,378,4,2,1,https://dbarchive.biosciencedbc.jp/data/open-tggates-pathological-images/LATEST/images/mefenamic_acid/Liver/20428.svs,False
20431,mefenamic acid,Control,29 day,378,4,3,1,https://dbarchive.biosciencedbc.jp/data/open-tggates-pathological-images/LATEST/images/mefenamic_acid/Liver/20431.svs,False
20434,mefenamic acid,Control,29 day,378,4,4,1,https://dbarchive.biosciencedbc.jp/data/open-tggates-pathological-images/LATEST/images/mefenamic_acid/Liver/20434.svs,False
20439,mefenamic acid,Control,29 day,378,4,5,1,https://dbarchive.biosciencedbc.jp/data/open-tggates-pathological-images/LATEST/images/mefenamic_acid/Liver/20439.svs,False
20473,mefenamic acid,High,29 day,378,16,1,1,https://dbarchive.biosciencedbc.jp/data/open-tggates-pathological-images/LATEST/images/mefenamic_acid/Liver/20473.svs,False
20477,mefenamic acid,High,29 day,378,16,2,1,https://dbarchive.biosciencedbc.jp/data/open-tggates-pathological-images/LATEST/images/mefenamic_acid/Liver/20477.svs,False
20480,mefenamic acid,High,29 day,378,16,3,1,https://dbarchive.biosciencedbc.jp/data/open-tggates-pathological-images/LATEST/images/mefenamic_acid/Liver/20480.svs,False
20483,mefenamic acid,High,29 day,378,16,4,1,https://dbarchive.biosciencedbc.jp/data/open-tggates-pathological-images/LATEST/images/mefenamic_acid/Liver/20483.svs,False
20442,mefenamic acid,Low,29 day,378,8,1,1,https://dbarchive.biosciencedbc.jp/data/open-tggates-pathological-images/LATEST/images/mefenamic_acid/Liver/20442.svs,False
20445,mefenamic acid,Low,29 day,378,8,2,1,https://dbarchive.biosciencedbc.jp/data/open-tggates-pathological-images/LATEST/images/mefenamic_acid/Liver/20445.svs,False
20448,mefenamic acid,Low,29 day,378,8,3,1,https://dbarchive.biosciencedbc.jp/data/open-tggates-pathological-images/LATEST/images/mefenamic_acid/Liver/20448.svs,False
20451,mefenamic acid,Low,29 day,378,8,4,1,https://dbarchive.biosciencedbc.jp/data/open-tggates-pathological-images/LATEST/images/mefenamic_acid/Liver/20451.svs,False
20454,mefenamic acid,Low,29 day,378,8,5,1,https://dbarchive.biosciencedbc.jp/data/open-tggates-pathological-images/LATEST/images/mefenamic_acid/Liver/20454.svs,False
20458,mefenamic acid,Middle,29 day,378,12,1,1,https://dbarchive.biosciencedbc.jp/data/open-tggates-pathological-images/LATEST/images/mefenamic_acid/Liver/20458.svs,False
20461,mefenamic acid,Middle,29 day,378,12,2,1,https://dbarchive.biosciencedbc.jp/data/open-tggates-pathological-images/LATEST/images/mefenamic_acid/Liver/20461.svs,False
20464,mefenamic acid,Middle,29 day,378,12,3,1,https://dbarchive.biosciencedbc.jp/data/open-tggates-pathological-images/LATEST/images/mefenamic_acid/Liver/20464.svs,False
20467,mefenamic acid,Middle,29 day,378,12,4,1,https://dbarchive.biosciencedbc.jp/data/open-tggates-pathological-images/LATEST/images/mefenamic_acid/Liver/20467.svs,False
20470,mefenamic acid,Middle,29 day,378,12,5,1,https://dbarchive.biosciencedbc.jp/data/open-tggates-pathological-images/LATEST/images/mefenamic_acid/Liver/20470.svs,False
20265,mefenamic acid,Control,4 day,378,1,1,1,https://dbarchive.biosciencedbc.jp/data/open-tggates-pathological-images/LATEST/images/mefenamic_acid/Liver/20265.svs,False
20268,mefenamic acid,Control,4 day,378,1,2,1,https://dbarchive.biosciencedbc.jp/data/open-tggates-pathological-images/LATEST/images/mefenamic_acid/Liver/20268.svs,False
20271,mefenamic acid,Control,4 day,378,1,3,1,https://dbarchive.biosciencedbc.jp/data/open-tggates-pathological-images/LATEST/images/mefenamic_acid/Liver/20271.svs,False
20274,mefenamic acid,Control,4 day,378,1,4,1,https://dbarchive.biosciencedbc.jp/data/open-tggates-pathological-images/LATEST/images/mefenamic_acid/Liver/20274.svs,False
20276,mefenamic acid,Control,4 day,378,1,5,1,https://dbarchive.biosciencedbc.jp/data/open-tggates-pathological-images/LATEST/images/mefenamic_acid/Liver/20276.svs,False
20305,mefenamic acid,High,4 day,378,13,1,1,https://dbarchive.biosciencedbc.jp/data/open-tggates-pathological-images/LATEST/images/mefenamic_acid/Liver/20305.svs,False
20307,mefenamic acid,High,4 day,378,13,2,1,https://dbarchive.biosciencedbc.jp/data/open-tggates-pathological-images/LATEST/images/mefenamic_acid/Liver/20307.svs,False
20309,mefenamic acid,High,4 day,378,13,3,1,https://dbarchive.biosciencedbc.jp/data/open-tggates-pathological-images/LATEST/images/mefenamic_acid/Liver/20309.svs,False
20312,mefenamic acid,High,4 day,378,13,4,1,https://dbarchive.biosciencedbc.jp/data/open-tggates-pathological-images/LATEST/images/mefenamic_acid/Liver/20312.svs,False
20316,mefenamic acid,High,4 day,378,13,5,1,https://dbarchive.biosciencedbc.jp/data/open-tggates-pathological-images/LATEST/images/mefenamic_acid/Liver/20316.svs,False
20278,mefenamic acid,Low,4 day,378,5,1,1,https://dbarchive.biosciencedbc.jp/data/open-tggates-pathological-images/LATEST/images/mefenamic_acid/Liver/20278.svs,False
20281,mefenamic acid,Low,4 day,378,5,2,1,https://dbarchive.biosciencedbc.jp/data/open-tggates-pathological-images/LATEST/images/mefenamic_acid/Liver/20281.svs,False
20283,mefenamic acid,Low,4 day,378,5,3,1,https://dbarchive.biosciencedbc.jp/data/open-tggates-pathological-images/LATEST/images/mefenamic_acid/Liver/20283.svs,False
20286,mefenamic acid,Low,4 day,378,5,4,1,https://dbarchive.biosciencedbc.jp/data/open-tggates-pathological-images/LATEST/images/mefenamic_acid/Liver/20286.svs,False
20288,mefenamic acid,Low,4 day,378,5,5,1,https://dbarchive.biosciencedbc.jp/data/open-tggates-pathological-images/LATEST/images/mefenamic_acid/Liver/20288.svs,False
20290,mefenamic acid,Middle,4 day,378,9,1,1,https://dbarchive.biosciencedbc.jp/data/open-tggates-pathological-images/LATEST/images/mefenamic_acid/Liver/20290.svs,False
20293,mefenamic acid,Middle,4 day,378,9,2,1,https://dbarchive.biosciencedbc.jp/data/open-tggates-pathological-images/LATEST/images/mefenamic_acid/Liver/20293.svs,False
20296,mefenamic acid,Middle,4 day,378,9,3,1,https://dbarchive.biosciencedbc.jp/data/open-tggates-pathological-images/LATEST/images/mefenamic_acid/Liver/20296.svs,False
20298,mefenamic acid,Middle,4 day,378,9,4,1,https://dbarchive.biosciencedbc.jp/data/open-tggates-pathological-images/LATEST/images/mefenamic_acid/Liver/20298.svs,False
20302,mefenamic acid,Middle,4 day,378,9,5,1,https://dbarchive.biosciencedbc.jp/data/open-tggates-pathological-images/LATEST/images/mefenamic_acid/Liver/20302.svs,False
20319,mefenamic acid,Control,8 day,378,2,1,1,https://dbarchive.biosciencedbc.jp/data/open-tggates-pathological-images/LATEST/images/mefenamic_acid/Liver/20319.svs,False
20321,mefenamic acid,Control,8 day,378,2,2,1,https://dbarchive.biosciencedbc.jp/data/open-tggates-pathological-images/LATEST/images/mefenamic_acid/Liver/20321.svs,False
20324,mefenamic acid,Control,8 day,378,2,3,1,https://dbarchive.biosciencedbc.jp/data/open-tggates-pathological-images/LATEST/images/mefenamic_acid/Liver/20324.svs,False
20327,mefenamic acid,Control,8 day,378,2,4,1,https://dbarchive.biosciencedbc.jp/data/open-tggates-pathological-images/LATEST/images/mefenamic_acid/Liver/20327.svs,False
20329,mefenamic acid,Control,8 day,378,2,5,1,https://dbarchive.biosciencedbc.jp/data/open-tggates-pathological-images/LATEST/images/mefenamic_acid/Liver/20329.svs,False
20359,mefenamic acid,High,8 day,378,14,1,1,https://dbarchive.biosciencedbc.jp/data/open-tggates-pathological-images/LATEST/images/mefenamic_acid/Liver/20359.svs,False
20362,mefenamic acid,High,8 day,378,14,2,1,https://dbarchive.biosciencedbc.jp/data/open-tggates-pathological-images/LATEST/images/mefenamic_acid/Liver/20362.svs,False
20365,mefenamic acid,High,8 day,378,14,3,1,https://dbarchive.biosciencedbc.jp/data/open-tggates-pathological-images/LATEST/images/mefenamic_acid/Liver/20365.svs,False
20367,mefenamic acid,High,8 day,378,14,4,1,https://dbarchive.biosciencedbc.jp/data/open-tggates-pathological-images/LATEST/images/mefenamic_acid/Liver/20367.svs,False
20370,mefenamic acid,High,8 day,378,14,5,1,https://dbarchive.biosciencedbc.jp/data/open-tggates-pathological-images/LATEST/images/mefenamic_acid/Liver/20370.svs,False
20332,mefenamic acid,Low,8 day,378,6,1,1,https://dbarchive.biosciencedbc.jp/data/open-tggates-pathological-images/LATEST/images/mefenamic_acid/Liver/20332.svs,False
20335,mefenamic acid,Low,8 day,378,6,2,1,https://dbarchive.biosciencedbc.jp/data/open-tggates-pathological-images/LATEST/images/mefenamic_acid/Liver/20335.svs,False
20337,mefenamic acid,Low,8 day,378,6,3,1,https://dbarchive.biosciencedbc.jp/data/open-tggates-pathological-images/LATEST/images/mefenamic_acid/Liver/20337.svs,False
20340,mefenamic acid,Low,8 day,378,6,4,1,https://dbarchive.biosciencedbc.jp/data/open-tggates-pathological-images/LATEST/images/mefenamic_acid/Liver/20340.svs,False
20343,mefenamic acid,Low,8 day,378,6,5,1,https://dbarchive.biosciencedbc.jp/data/open-tggates-pathological-images/LATEST/images/mefenamic_acid/Liver/20343.svs,False
20346,mefenamic acid,Middle,8 day,378,10,1,1,https://dbarchive.biosciencedbc.jp/data/open-tggates-pathological-images/LATEST/images/mefenamic_acid/Liver/20346.svs,False
20349,mefenamic acid,Middle,8 day,378,10,2,1,https://dbarchive.biosciencedbc.jp/data/open-tggates-pathological-images/LATEST/images/mefenamic_acid/Liver/20349.svs,False
20351,mefenamic acid,Middle,8 day,378,10,3,1,https://dbarchive.biosciencedbc.jp/data/open-tggates-pathological-images/LATEST/images/mefenamic_acid/Liver/20351.svs,False
20354,mefenamic acid,Middle,8 day,378,10,4,1,https://dbarchive.biosciencedbc.jp/data/open-tggates-pathological-images/LATEST/images/mefenamic_acid/Liver/20354.svs,False
20357,mefenamic acid,Middle,8 day,378,10,5,1,https://dbarchive.biosciencedbc.jp/data/open-tggates-pathological-images/LATEST/images/mefenamic_acid/Liver/20357.svs,False
44825,meloxicam,Control,15 day,536,3,1,2,https://dbarchive.biosciencedbc.jp/data/open-tggates-pathological-images/LATEST/images/meloxicam/Liver/44825.svs,False
44827,meloxicam,Control,15 day,536,3,2,2,https://dbarchive.biosciencedbc.jp/data/open-tggates-pathological-images/LATEST/images/meloxicam/Liver/44827.svs,False
44829,meloxicam,Control,15 day,536,3,3,2,https://dbarchive.biosciencedbc.jp/data/open-tggates-pathological-images/LATEST/images/meloxicam/Liver/44829.svs,False
44831,meloxicam,Control,15 day,536,3,4,2,https://dbarchive.biosciencedbc.jp/data/open-tggates-pathological-images/LATEST/images/meloxicam/Liver/44831.svs,False
44834,meloxicam,Control,15 day,536,3,5,2,https://dbarchive.biosciencedbc.jp/data/open-tggates-pathological-images/LATEST/images/meloxicam/Liver/44834.svs,False
44861,meloxicam,High,15 day,536,15,3,2,https://dbarchive.biosciencedbc.jp/data/open-tggates-pathological-images/LATEST/images/meloxicam/Liver/44861.svs,False
44863,meloxicam,High,15 day,536,15,4,2,https://dbarchive.biosciencedbc.jp/data/open-tggates-pathological-images/LATEST/images/meloxicam/Liver/44863.svs,False
44836,meloxicam,Low,15 day,536,7,1,2,https://dbarchive.biosciencedbc.jp/data/open-tggates-pathological-images/LATEST/images/meloxicam/Liver/44836.svs,False
44838,meloxicam,Low,15 day,536,7,2,2,https://dbarchive.biosciencedbc.jp/data/open-tggates-pathological-images/LATEST/images/meloxicam/Liver/44838.svs,False
44841,meloxicam,Low,15 day,536,7,3,2,https://dbarchive.biosciencedbc.jp/data/open-tggates-pathological-images/LATEST/images/meloxicam/Liver/44841.svs,False
44844,meloxicam,Low,15 day,536,7,4,2,https://dbarchive.biosciencedbc.jp/data/open-tggates-pathological-images/LATEST/images/meloxicam/Liver/44844.svs,False
44847,meloxicam,Low,15 day,536,7,5,2,https://dbarchive.biosciencedbc.jp/data/open-tggates-pathological-images/LATEST/images/meloxicam/Liver/44847.svs,False
44850,meloxicam,Middle,15 day,536,11,1,2,https://dbarchive.biosciencedbc.jp/data/open-tggates-pathological-images/LATEST/images/meloxicam/Liver/44850.svs,False
44852,meloxicam,Middle,15 day,536,11,2,2,https://dbarchive.biosciencedbc.jp/data/open-tggates-pathological-images/LATEST/images/meloxicam/Liver/44852.svs,False
44854,meloxicam,Middle,15 day,536,11,3,2,https://dbarchive.biosciencedbc.jp/data/open-tggates-pathological-images/LATEST/images/meloxicam/Liver/44854.svs,False
44857,meloxicam,Middle,15 day,536,11,4,2,https://dbarchive.biosciencedbc.jp/data/open-tggates-pathological-images/LATEST/images/meloxicam/Liver/44857.svs,False
44859,meloxicam,Middle,15 day,536,11,5,2,https://dbarchive.biosciencedbc.jp/data/open-tggates-pathological-images/LATEST/images/meloxicam/Liver/44859.svs,False
44866,meloxicam,Control,29 day,536,4,1,2,https://dbarchive.biosciencedbc.jp/data/open-tggates-pathological-images/LATEST/images/meloxicam/Liver/44866.svs,False
44869,meloxicam,Control,29 day,536,4,2,2,https://dbarchive.biosciencedbc.jp/data/open-tggates-pathological-images/LATEST/images/meloxicam/Liver/44869.svs,False
44872,meloxicam,Control,29 day,536,4,3,2,https://dbarchive.biosciencedbc.jp/data/open-tggates-pathological-images/LATEST/images/meloxicam/Liver/44872.svs,False
44876,meloxicam,Control,29 day,536,4,4,2,https://dbarchive.biosciencedbc.jp/data/open-tggates-pathological-images/LATEST/images/meloxicam/Liver/44876.svs,False
44878,meloxicam,Control,29 day,536,4,5,2,https://dbarchive.biosciencedbc.jp/data/open-tggates-pathological-images/LATEST/images/meloxicam/Liver/44878.svs,False
44881,meloxicam,Low,29 day,536,8,1,2,https://dbarchive.biosciencedbc.jp/data/open-tggates-pathological-images/LATEST/images/meloxicam/Liver/44881.svs,False
44884,meloxicam,Low,29 day,536,8,2,2,https://dbarchive.biosciencedbc.jp/data/open-tggates-pathological-images/LATEST/images/meloxicam/Liver/44884.svs,False
44887,meloxicam,Low,29 day,536,8,3,2,https://dbarchive.biosciencedbc.jp/data/open-tggates-pathological-images/LATEST/images/meloxicam/Liver/44887.svs,False
44890,meloxicam,Low,29 day,536,8,4,2,https://dbarchive.biosciencedbc.jp/data/open-tggates-pathological-images/LATEST/images/meloxicam/Liver/44890.svs,False
44892,meloxicam,Low,29 day,536,8,5,2,https://dbarchive.biosciencedbc.jp/data/open-tggates-pathological-images/LATEST/images/meloxicam/Liver/44892.svs,False
44895,meloxicam,Middle,29 day,536,12,1,2,https://dbarchive.biosciencedbc.jp/data/open-tggates-pathological-images/LATEST/images/meloxicam/Liver/44895.svs,False
44898,meloxicam,Middle,29 day,536,12,2,2,https://dbarchive.biosciencedbc.jp/data/open-tggates-pathological-images/LATEST/images/meloxicam/Liver/44898.svs,False
44900,meloxicam,Middle,29 day,536,12,3,2,https://dbarchive.biosciencedbc.jp/data/open-tggates-pathological-images/LATEST/images/meloxicam/Liver/44900.svs,False
44902,meloxicam,Middle,29 day,536,12,4,2,https://dbarchive.biosciencedbc.jp/data/open-tggates-pathological-images/LATEST/images/meloxicam/Liver/44902.svs,False
44903,meloxicam,Middle,29 day,536,12,5,2,https://dbarchive.biosciencedbc.jp/data/open-tggates-pathological-images/LATEST/images/meloxicam/Liver/44903.svs,False
44714,meloxicam,Control,4 day,536,1,1,2,https://dbarchive.biosciencedbc.jp/data/open-tggates-pathological-images/LATEST/images/meloxicam/Liver/44714.svs,False
44717,meloxicam,Control,4 day,536,1,2,2,https://dbarchive.biosciencedbc.jp/data/open-tggates-pathological-images/LATEST/images/meloxicam/Liver/44717.svs,False
44720,meloxicam,Control,4 day,536,1,3,2,https://dbarchive.biosciencedbc.jp/data/open-tggates-pathological-images/LATEST/images/meloxicam/Liver/44720.svs,False
44725,meloxicam,Control,4 day,536,1,4,2,https://dbarchive.biosciencedbc.jp/data/open-tggates-pathological-images/LATEST/images/meloxicam/Liver/44725.svs,False
44729,meloxicam,Control,4 day,536,1,5,2,https://dbarchive.biosciencedbc.jp/data/open-tggates-pathological-images/LATEST/images/meloxicam/Liver/44729.svs,False
44762,meloxicam,High,4 day,536,13,1,2,https://dbarchive.biosciencedbc.jp/data/open-tggates-pathological-images/LATEST/images/meloxicam/Liver/44762.svs,False
44764,meloxicam,High,4 day,536,13,2,2,https://dbarchive.biosciencedbc.jp/data/open-tggates-pathological-images/LATEST/images/meloxicam/Liver/44764.svs,False
44767,meloxicam,High,4 day,536,13,3,2,https://dbarchive.biosciencedbc.jp/data/open-tggates-pathological-images/LATEST/images/meloxicam/Liver/44767.svs,False
44769,meloxicam,High,4 day,536,13,4,2,https://dbarchive.biosciencedbc.jp/data/open-tggates-pathological-images/LATEST/images/meloxicam/Liver/44769.svs,False
44772,meloxicam,High,4 day,536,13,5,2,https://dbarchive.biosciencedbc.jp/data/open-tggates-pathological-images/LATEST/images/meloxicam/Liver/44772.svs,False
44732,meloxicam,Low,4 day,536,5,1,2,https://dbarchive.biosciencedbc.jp/data/open-tggates-pathological-images/LATEST/images/meloxicam/Liver/44732.svs,False
44736,meloxicam,Low,4 day,536,5,2,2,https://dbarchive.biosciencedbc.jp/data/open-tggates-pathological-images/LATEST/images/meloxicam/Liver/44736.svs,False
44739,meloxicam,Low,4 day,536,5,3,2,https://dbarchive.biosciencedbc.jp/data/open-tggates-pathological-images/LATEST/images/meloxicam/Liver/44739.svs,False
44742,meloxicam,Low,4 day,536,5,4,2,https://dbarchive.biosciencedbc.jp/data/open-tggates-pathological-images/LATEST/images/meloxicam/Liver/44742.svs,False
44744,meloxicam,Low,4 day,536,5,5,2,https://dbarchive.biosciencedbc.jp/data/open-tggates-pathological-images/LATEST/images/meloxicam/Liver/44744.svs,False
44747,meloxicam,Middle,4 day,536,9,1,2,https://dbarchive.biosciencedbc.jp/data/open-tggates-pathological-images/LATEST/images/meloxicam/Liver/44747.svs,False
44751,meloxicam,Middle,4 day,536,9,2,2,https://dbarchive.biosciencedbc.jp/data/open-tggates-pathological-images/LATEST/images/meloxicam/Liver/44751.svs,False
44754,meloxicam,Middle,4 day,536,9,3,2,https://dbarchive.biosciencedbc.jp/data/open-tggates-pathological-images/LATEST/images/meloxicam/Liver/44754.svs,False
44756,meloxicam,Middle,4 day,536,9,4,2,https://dbarchive.biosciencedbc.jp/data/open-tggates-pathological-images/LATEST/images/meloxicam/Liver/44756.svs,False
44759,meloxicam,Middle,4 day,536,9,5,2,https://dbarchive.biosciencedbc.jp/data/open-tggates-pathological-images/LATEST/images/meloxicam/Liver/44759.svs,False
44774,meloxicam,Control,8 day,536,2,1,2,https://dbarchive.biosciencedbc.jp/data/open-tggates-pathological-images/LATEST/images/meloxicam/Liver/44774.svs,False
44777,meloxicam,Control,8 day,536,2,2,2,https://dbarchive.biosciencedbc.jp/data/open-tggates-pathological-images/LATEST/images/meloxicam/Liver/44777.svs,False
44779,meloxicam,Control,8 day,536,2,3,2,https://dbarchive.biosciencedbc.jp/data/open-tggates-pathological-images/LATEST/images/meloxicam/Liver/44779.svs,False
44782,meloxicam,Control,8 day,536,2,4,2,https://dbarchive.biosciencedbc.jp/data/open-tggates-pathological-images/LATEST/images/meloxicam/Liver/44782.svs,False
44785,meloxicam,Control,8 day,536,2,5,2,https://dbarchive.biosciencedbc.jp/data/open-tggates-pathological-images/LATEST/images/meloxicam/Liver/44785.svs,False
44811,meloxicam,High,8 day,536,14,1,2,https://dbarchive.biosciencedbc.jp/data/open-tggates-pathological-images/LATEST/images/meloxicam/Liver/44811.svs,False
44813,meloxicam,High,8 day,536,14,2,2,https://dbarchive.biosciencedbc.jp/data/open-tggates-pathological-images/LATEST/images/meloxicam/Liver/44813.svs,False
44817,meloxicam,High,8 day,536,14,3,2,https://dbarchive.biosciencedbc.jp/data/open-tggates-pathological-images/LATEST/images/meloxicam/Liver/44817.svs,False
44820,meloxicam,High,8 day,536,14,4,2,https://dbarchive.biosciencedbc.jp/data/open-tggates-pathological-images/LATEST/images/meloxicam/Liver/44820.svs,False
44822,meloxicam,High,8 day,536,14,5,2,https://dbarchive.biosciencedbc.jp/data/open-tggates-pathological-images/LATEST/images/meloxicam/Liver/44822.svs,False
44787,meloxicam,Low,8 day,536,6,1,2,https://dbarchive.biosciencedbc.jp/data/open-tggates-pathological-images/LATEST/images/meloxicam/Liver/44787.svs,False
44789,meloxicam,Low,8 day,536,6,2,2,https://dbarchive.biosciencedbc.jp/data/open-tggates-pathological-images/LATEST/images/meloxicam/Liver/44789.svs,False
44791,meloxicam,Low,8 day,536,6,3,2,https://dbarchive.biosciencedbc.jp/data/open-tggates-pathological-images/LATEST/images/meloxicam/Liver/44791.svs,False
44793,meloxicam,Low,8 day,536,6,4,2,https://dbarchive.biosciencedbc.jp/data/open-tggates-pathological-images/LATEST/images/meloxicam/Liver/44793.svs,False
44795,meloxicam,Low,8 day,536,6,5,2,https://dbarchive.biosciencedbc.jp/data/open-tggates-pathological-images/LATEST/images/meloxicam/Liver/44795.svs,False
44798,meloxicam,Middle,8 day,536,10,1,2,https://dbarchive.biosciencedbc.jp/data/open-tggates-pathological-images/LATEST/images/meloxicam/Liver/44798.svs,False
44801,meloxicam,Middle,8 day,536,10,2,2,https://dbarchive.biosciencedbc.jp/data/open-tggates-pathological-images/LATEST/images/meloxicam/Liver/44801.svs,False
44804,meloxicam,Middle,8 day,536,10,3,2,https://dbarchive.biosciencedbc.jp/data/open-tggates-pathological-images/LATEST/images/meloxicam/Liver/44804.svs,False
44806,meloxicam,Middle,8 day,536,10,4,2,https://dbarchive.biosciencedbc.jp/data/open-tggates-pathological-images/LATEST/images/meloxicam/Liver/44806.svs,False
44809,meloxicam,Middle,8 day,536,10,5,2,https://dbarchive.biosciencedbc.jp/data/open-tggates-pathological-images/LATEST/images/meloxicam/Liver/44809.svs,False
46661,methapyrilene,Control,15 day,174,3,1,1,https://dbarchive.biosciencedbc.jp/data/open-tggates-pathological-images/LATEST/images/methapyrilene/Liver/46661.svs,False
46666,methapyrilene,Control,15 day,174,3,2,1,https://dbarchive.biosciencedbc.jp/data/open-tggates-pathological-images/LATEST/images/methapyrilene/Liver/46666.svs,False
46671,methapyrilene,Control,15 day,174,3,3,1,https://dbarchive.biosciencedbc.jp/data/open-tggates-pathological-images/LATEST/images/methapyrilene/Liver/46671.svs,False
46676,methapyrilene,Control,15 day,174,3,4,1,https://dbarchive.biosciencedbc.jp/data/open-tggates-pathological-images/LATEST/images/methapyrilene/Liver/46676.svs,False
46680,methapyrilene,Control,15 day,174,3,5,1,https://dbarchive.biosciencedbc.jp/data/open-tggates-pathological-images/LATEST/images/methapyrilene/Liver/46680.svs,False
46961,methapyrilene,High,15 day,174,15,1,1,https://dbarchive.biosciencedbc.jp/data/open-tggates-pathological-images/LATEST/images/methapyrilene/Liver/46961.svs,False
70092,methapyrilene,High,15 day,174,15,2,1,https://dbarchive.biosciencedbc.jp/data/open-tggates-pathological-images/LATEST/images/methapyrilene/Liver/70092.svs,False
46973,methapyrilene,High,15 day,174,15,3,1,https://dbarchive.biosciencedbc.jp/data/open-tggates-pathological-images/LATEST/images/methapyrilene/Liver/46973.svs,False
46978,methapyrilene,High,15 day,174,15,4,1,https://dbarchive.biosciencedbc.jp/data/open-tggates-pathological-images/LATEST/images/methapyrilene/Liver/46978.svs,False
46984,methapyrilene,High,15 day,174,15,5,1,https://dbarchive.biosciencedbc.jp/data/open-tggates-pathological-images/LATEST/images/methapyrilene/Liver/46984.svs,False
46752,methapyrilene,Low,15 day,174,7,1,1,https://dbarchive.biosciencedbc.jp/data/open-tggates-pathological-images/LATEST/images/methapyrilene/Liver/46752.svs,False
46757,methapyrilene,Low,15 day,174,7,2,1,https://dbarchive.biosciencedbc.jp/data/open-tggates-pathological-images/LATEST/images/methapyrilene/Liver/46757.svs,False
46762,methapyrilene,Low,15 day,174,7,3,1,https://dbarchive.biosciencedbc.jp/data/open-tggates-pathological-images/LATEST/images/methapyrilene/Liver/46762.svs,False
46767,methapyrilene,Low,15 day,174,7,4,1,https://dbarchive.biosciencedbc.jp/data/open-tggates-pathological-images/LATEST/images/methapyrilene/Liver/46767.svs,False
46773,methapyrilene,Low,15 day,174,7,5,1,https://dbarchive.biosciencedbc.jp/data/open-tggates-pathological-images/LATEST/images/methapyrilene/Liver/46773.svs,False
46847,methapyrilene,Middle,15 day,174,11,1,1,https://dbarchive.biosciencedbc.jp/data/open-tggates-pathological-images/LATEST/images/methapyrilene/Liver/46847.svs,False
46853,methapyrilene,Middle,15 day,174,11,2,1,https://dbarchive.biosciencedbc.jp/data/open-tggates-pathological-images/LATEST/images/methapyrilene/Liver/46853.svs,False
46860,methapyrilene,Middle,15 day,174,11,3,1,https://dbarchive.biosciencedbc.jp/data/open-tggates-pathological-images/LATEST/images/methapyrilene/Liver/46860.svs,False
46868,methapyrilene,Middle,15 day,174,11,4,1,https://dbarchive.biosciencedbc.jp/data/open-tggates-pathological-images/LATEST/images/methapyrilene/Liver/46868.svs,False
46873,methapyrilene,Middle,15 day,174,11,5,1,https://dbarchive.biosciencedbc.jp/data/open-tggates-pathological-images/LATEST/images/methapyrilene/Liver/46873.svs,False
46685,methapyrilene,Control,29 day,174,4,1,1,https://dbarchive.biosciencedbc.jp/data/open-tggates-pathological-images/LATEST/images/methapyrilene/Liver/46685.svs,False
46690,methapyrilene,Control,29 day,174,4,2,1,https://dbarchive.biosciencedbc.jp/data/open-tggates-pathological-images/LATEST/images/methapyrilene/Liver/46690.svs,False
46695,methapyrilene,Control,29 day,174,4,3,1,https://dbarchive.biosciencedbc.jp/data/open-tggates-pathological-images/LATEST/images/methapyrilene/Liver/46695.svs,False
46699,methapyrilene,Control,29 day,174,4,4,1,https://dbarchive.biosciencedbc.jp/data/open-tggates-pathological-images/LATEST/images/methapyrilene/Liver/46699.svs,False
46707,methapyrilene,Control,29 day,174,4,5,1,https://dbarchive.biosciencedbc.jp/data/open-tggates-pathological-images/LATEST/images/methapyrilene/Liver/46707.svs,False
46989,methapyrilene,High,29 day,174,16,1,1,https://dbarchive.biosciencedbc.jp/data/open-tggates-pathological-images/LATEST/images/methapyrilene/Liver/46989.svs,False
46994,methapyrilene,High,29 day,174,16,2,1,https://dbarchive.biosciencedbc.jp/data/open-tggates-pathological-images/LATEST/images/methapyrilene/Liver/46994.svs,False
46999,methapyrilene,High,29 day,174,16,3,1,https://dbarchive.biosciencedbc.jp/data/open-tggates-pathological-images/LATEST/images/methapyrilene/Liver/46999.svs,False
47004,methapyrilene,High,29 day,174,16,5,1,https://dbarchive.biosciencedbc.jp/data/open-tggates-pathological-images/LATEST/images/methapyrilene/Liver/47004.svs,False
46777,methapyrilene,Low,29 day,174,8,1,1,https://dbarchive.biosciencedbc.jp/data/open-tggates-pathological-images/LATEST/images/methapyrilene/Liver/46777.svs,False
46782,methapyrilene,Low,29 day,174,8,2,1,https://dbarchive.biosciencedbc.jp/data/open-tggates-pathological-images/LATEST/images/methapyrilene/Liver/46782.svs,False
46786,methapyrilene,Low,29 day,174,8,3,1,https://dbarchive.biosciencedbc.jp/data/open-tggates-pathological-images/LATEST/images/methapyrilene/Liver/46786.svs,False
46791,methapyrilene,Low,29 day,174,8,4,1,https://dbarchive.biosciencedbc.jp/data/open-tggates-pathological-images/LATEST/images/methapyrilene/Liver/46791.svs,False
70090,methapyrilene,Low,29 day,174,8,5,1,https://dbarchive.biosciencedbc.jp/data/open-tggates-pathological-images/LATEST/images/methapyrilene/Liver/70090.svs,False
46880,methapyrilene,Middle,29 day,174,12,1,1,https://dbarchive.biosciencedbc.jp/data/open-tggates-pathological-images/LATEST/images/methapyrilene/Liver/46880.svs,False
46885,methapyrilene,Middle,29 day,174,12,2,1,https://dbarchive.biosciencedbc.jp/data/open-tggates-pathological-images/LATEST/images/methapyrilene/Liver/46885.svs,False
46891,methapyrilene,Middle,29 day,174,12,3,1,https://dbarchive.biosciencedbc.jp/data/open-tggates-pathological-images/LATEST/images/methapyrilene/Liver/46891.svs,False
46896,methapyrilene,Middle,29 day,174,12,4,1,https://dbarchive.biosciencedbc.jp/data/open-tggates-pathological-images/LATEST/images/methapyrilene/Liver/46896.svs,False
46902,methapyrilene,Middle,29 day,174,12,5,1,https://dbarchive.biosciencedbc.jp/data/open-tggates-pathological-images/LATEST/images/methapyrilene/Liver/46902.svs,False
46617,methapyrilene,Control,4 day,174,1,1,1,https://dbarchive.biosciencedbc.jp/data/open-tggates-pathological-images/LATEST/images/methapyrilene/Liver/46617.svs,False
46620,methapyrilene,Control,4 day,174,1,2,1,https://dbarchive.biosciencedbc.jp/data/open-tggates-pathological-images/LATEST/images/methapyrilene/Liver/46620.svs,False
46624,methapyrilene,Control,4 day,174,1,3,1,https://dbarchive.biosciencedbc.jp/data/open-tggates-pathological-images/LATEST/images/methapyrilene/Liver/46624.svs,False
46630,methapyrilene,Control,4 day,174,1,4,1,https://dbarchive.biosciencedbc.jp/data/open-tggates-pathological-images/LATEST/images/methapyrilene/Liver/46630.svs,False
46634,methapyrilene,Control,4 day,174,1,5,1,https://dbarchive.biosciencedbc.jp/data/open-tggates-pathological-images/LATEST/images/methapyrilene/Liver/46634.svs,False
46908,methapyrilene,High,4 day,174,13,1,1,https://dbarchive.biosciencedbc.jp/data/open-tggates-pathological-images/LATEST/images/methapyrilene/Liver/46908.svs,False
46913,methapyrilene,High,4 day,174,13,2,1,https://dbarchive.biosciencedbc.jp/data/open-tggates-pathological-images/LATEST/images/methapyrilene/Liver/46913.svs,False
46919,methapyrilene,High,4 day,174,13,3,1,https://dbarchive.biosciencedbc.jp/data/open-tggates-pathological-images/LATEST/images/methapyrilene/Liver/46919.svs,False
46924,methapyrilene,High,4 day,174,13,4,1,https://dbarchive.biosciencedbc.jp/data/open-tggates-pathological-images/LATEST/images/methapyrilene/Liver/46924.svs,False
46929,methapyrilene,High,4 day,174,13,5,1,https://dbarchive.biosciencedbc.jp/data/open-tggates-pathological-images/LATEST/images/methapyrilene/Liver/46929.svs,False
46709,methapyrilene,Low,4 day,174,5,1,1,https://dbarchive.biosciencedbc.jp/data/open-tggates-pathological-images/LATEST/images/methapyrilene/Liver/46709.svs,False
46713,methapyrilene,Low,4 day,174,5,2,1,https://dbarchive.biosciencedbc.jp/data/open-tggates-pathological-images/LATEST/images/methapyrilene/Liver/46713.svs,False
46718,methapyrilene,Low,4 day,174,5,3,1,https://dbarchive.biosciencedbc.jp/data/open-tggates-pathological-images/LATEST/images/methapyrilene/Liver/46718.svs,False
46722,methapyrilene,Low,4 day,174,5,4,1,https://dbarchive.biosciencedbc.jp/data/open-tggates-pathological-images/LATEST/images/methapyrilene/Liver/46722.svs,False
46726,methapyrilene,Low,4 day,174,5,5,1,https://dbarchive.biosciencedbc.jp/data/open-tggates-pathological-images/LATEST/images/methapyrilene/Liver/46726.svs,False
46801,methapyrilene,Middle,4 day,174,9,1,1,https://dbarchive.biosciencedbc.jp/data/open-tggates-pathological-images/LATEST/images/methapyrilene/Liver/46801.svs,False
46805,methapyrilene,Middle,4 day,174,9,2,1,https://dbarchive.biosciencedbc.jp/data/open-tggates-pathological-images/LATEST/images/methapyrilene/Liver/46805.svs,False
46810,methapyrilene,Middle,4 day,174,9,3,1,https://dbarchive.biosciencedbc.jp/data/open-tggates-pathological-images/LATEST/images/methapyrilene/Liver/46810.svs,False
46814,methapyrilene,Middle,4 day,174,9,4,1,https://dbarchive.biosciencedbc.jp/data/open-tggates-pathological-images/LATEST/images/methapyrilene/Liver/46814.svs,False
46819,methapyrilene,Middle,4 day,174,9,5,1,https://dbarchive.biosciencedbc.jp/data/open-tggates-pathological-images/LATEST/images/methapyrilene/Liver/46819.svs,False
46639,methapyrilene,Control,8 day,174,2,1,1,https://dbarchive.biosciencedbc.jp/data/open-tggates-pathological-images/LATEST/images/methapyrilene/Liver/46639.svs,False
46643,methapyrilene,Control,8 day,174,2,2,1,https://dbarchive.biosciencedbc.jp/data/open-tggates-pathological-images/LATEST/images/methapyrilene/Liver/46643.svs,False
46648,methapyrilene,Control,8 day,174,2,3,1,https://dbarchive.biosciencedbc.jp/data/open-tggates-pathological-images/LATEST/images/methapyrilene/Liver/46648.svs,False
46652,methapyrilene,Control,8 day,174,2,4,1,https://dbarchive.biosciencedbc.jp/data/open-tggates-pathological-images/LATEST/images/methapyrilene/Liver/46652.svs,False
46656,methapyrilene,Control,8 day,174,2,5,1,https://dbarchive.biosciencedbc.jp/data/open-tggates-pathological-images/LATEST/images/methapyrilene/Liver/46656.svs,False
46935,methapyrilene,High,8 day,174,14,1,1,https://dbarchive.biosciencedbc.jp/data/open-tggates-pathological-images/LATEST/images/methapyrilene/Liver/46935.svs,False
46940,methapyrilene,High,8 day,174,14,2,1,https://dbarchive.biosciencedbc.jp/data/open-tggates-pathological-images/LATEST/images/methapyrilene/Liver/46940.svs,False
46945,methapyrilene,High,8 day,174,14,3,1,https://dbarchive.biosciencedbc.jp/data/open-tggates-pathological-images/LATEST/images/methapyrilene/Liver/46945.svs,False
46950,methapyrilene,High,8 day,174,14,4,1,https://dbarchive.biosciencedbc.jp/data/open-tggates-pathological-images/LATEST/images/methapyrilene/Liver/46950.svs,False
46955,methapyrilene,High,8 day,174,14,5,1,https://dbarchive.biosciencedbc.jp/data/open-tggates-pathological-images/LATEST/images/methapyrilene/Liver/46955.svs,False
46731,methapyrilene,Low,8 day,174,6,1,1,https://dbarchive.biosciencedbc.jp/data/open-tggates-pathological-images/LATEST/images/methapyrilene/Liver/46731.svs,False
46735,methapyrilene,Low,8 day,174,6,2,1,https://dbarchive.biosciencedbc.jp/data/open-tggates-pathological-images/LATEST/images/methapyrilene/Liver/46735.svs,False
46739,methapyrilene,Low,8 day,174,6,3,1,https://dbarchive.biosciencedbc.jp/data/open-tggates-pathological-images/LATEST/images/methapyrilene/Liver/46739.svs,False
46743,methapyrilene,Low,8 day,174,6,4,1,https://dbarchive.biosciencedbc.jp/data/open-tggates-pathological-images/LATEST/images/methapyrilene/Liver/46743.svs,False
46748,methapyrilene,Low,8 day,174,6,5,1,https://dbarchive.biosciencedbc.jp/data/open-tggates-pathological-images/LATEST/images/methapyrilene/Liver/46748.svs,False
46824,methapyrilene,Middle,8 day,174,10,1,1,https://dbarchive.biosciencedbc.jp/data/open-tggates-pathological-images/LATEST/images/methapyrilene/Liver/46824.svs,False
46828,methapyrilene,Middle,8 day,174,10,2,1,https://dbarchive.biosciencedbc.jp/data/open-tggates-pathological-images/LATEST/images/methapyrilene/Liver/46828.svs,False
46834,methapyrilene,Middle,8 day,174,10,3,1,https://dbarchive.biosciencedbc.jp/data/open-tggates-pathological-images/LATEST/images/methapyrilene/Liver/46834.svs,False
46838,methapyrilene,Middle,8 day,174,10,4,1,https://dbarchive.biosciencedbc.jp/data/open-tggates-pathological-images/LATEST/images/methapyrilene/Liver/46838.svs,False
46843,methapyrilene,Middle,8 day,174,10,5,1,https://dbarchive.biosciencedbc.jp/data/open-tggates-pathological-images/LATEST/images/methapyrilene/Liver/46843.svs,False
63781,methylene dianiline,Control,15 day,686,3,1,1,https://dbarchive.biosciencedbc.jp/data/open-tggates-pathological-images/LATEST/images/methylene_dianiline/Liver/63781.svs,False
63786,methylene dianiline,Control,15 day,686,3,2,1,https://dbarchive.biosciencedbc.jp/data/open-tggates-pathological-images/LATEST/images/methylene_dianiline/Liver/63786.svs,False
63792,methylene dianiline,Control,15 day,686,3,3,1,https://dbarchive.biosciencedbc.jp/data/open-tggates-pathological-images/LATEST/images/methylene_dianiline/Liver/63792.svs,False
63796,methylene dianiline,Control,15 day,686,3,4,1,https://dbarchive.biosciencedbc.jp/data/open-tggates-pathological-images/LATEST/images/methylene_dianiline/Liver/63796.svs,False
63801,methylene dianiline,Control,15 day,686,3,5,1,https://dbarchive.biosciencedbc.jp/data/open-tggates-pathological-images/LATEST/images/methylene_dianiline/Liver/63801.svs,False
63855,methylene dianiline,High,15 day,686,15,1,1,https://dbarchive.biosciencedbc.jp/data/open-tggates-pathological-images/LATEST/images/methylene_dianiline/Liver/63855.svs,False
63860,methylene dianiline,High,15 day,686,15,2,1,https://dbarchive.biosciencedbc.jp/data/open-tggates-pathological-images/LATEST/images/methylene_dianiline/Liver/63860.svs,False
63865,methylene dianiline,High,15 day,686,15,3,1,https://dbarchive.biosciencedbc.jp/data/open-tggates-pathological-images/LATEST/images/methylene_dianiline/Liver/63865.svs,False
71285,methylene dianiline,High,15 day,686,15,4,1,https://dbarchive.biosciencedbc.jp/data/open-tggates-pathological-images/LATEST/images/methylene_dianiline/Liver/71285.svs,False
63875,methylene dianiline,High,15 day,686,15,5,1,https://dbarchive.biosciencedbc.jp/data/open-tggates-pathological-images/LATEST/images/methylene_dianiline/Liver/63875.svs,False
63806,methylene dianiline,Low,15 day,686,7,1,1,https://dbarchive.biosciencedbc.jp/data/open-tggates-pathological-images/LATEST/images/methylene_dianiline/Liver/63806.svs,False
63811,methylene dianiline,Low,15 day,686,7,2,1,https://dbarchive.biosciencedbc.jp/data/open-tggates-pathological-images/LATEST/images/methylene_dianiline/Liver/63811.svs,False
63816,methylene dianiline,Low,15 day,686,7,3,1,https://dbarchive.biosciencedbc.jp/data/open-tggates-pathological-images/LATEST/images/methylene_dianiline/Liver/63816.svs,False
63821,methylene dianiline,Low,15 day,686,7,4,1,https://dbarchive.biosciencedbc.jp/data/open-tggates-pathological-images/LATEST/images/methylene_dianiline/Liver/63821.svs,False
63826,methylene dianiline,Low,15 day,686,7,5,1,https://dbarchive.biosciencedbc.jp/data/open-tggates-pathological-images/LATEST/images/methylene_dianiline/Liver/63826.svs,False
63831,methylene dianiline,Middle,15 day,686,11,1,1,https://dbarchive.biosciencedbc.jp/data/open-tggates-pathological-images/LATEST/images/methylene_dianiline/Liver/63831.svs,False
63836,methylene dianiline,Middle,15 day,686,11,2,1,https://dbarchive.biosciencedbc.jp/data/open-tggates-pathological-images/LATEST/images/methylene_dianiline/Liver/63836.svs,False
63841,methylene dianiline,Middle,15 day,686,11,3,1,https://dbarchive.biosciencedbc.jp/data/open-tggates-pathological-images/LATEST/images/methylene_dianiline/Liver/63841.svs,False
63846,methylene dianiline,Middle,15 day,686,11,4,1,https://dbarchive.biosciencedbc.jp/data/open-tggates-pathological-images/LATEST/images/methylene_dianiline/Liver/63846.svs,False
63850,methylene dianiline,Middle,15 day,686,11,5,1,https://dbarchive.biosciencedbc.jp/data/open-tggates-pathological-images/LATEST/images/methylene_dianiline/Liver/63850.svs,False
63879,methylene dianiline,Control,29 day,686,4,1,1,https://dbarchive.biosciencedbc.jp/data/open-tggates-pathological-images/LATEST/images/methylene_dianiline/Liver/63879.svs,False
63884,methylene dianiline,Control,29 day,686,4,2,1,https://dbarchive.biosciencedbc.jp/data/open-tggates-pathological-images/LATEST/images/methylene_dianiline/Liver/63884.svs,False
63889,methylene dianiline,Control,29 day,686,4,3,1,https://dbarchive.biosciencedbc.jp/data/open-tggates-pathological-images/LATEST/images/methylene_dianiline/Liver/63889.svs,False
63894,methylene dianiline,Control,29 day,686,4,4,1,https://dbarchive.biosciencedbc.jp/data/open-tggates-pathological-images/LATEST/images/methylene_dianiline/Liver/63894.svs,False
63899,methylene dianiline,Control,29 day,686,4,5,1,https://dbarchive.biosciencedbc.jp/data/open-tggates-pathological-images/LATEST/images/methylene_dianiline/Liver/63899.svs,False
63941,methylene dianiline,High,29 day,686,16,1,1,https://dbarchive.biosciencedbc.jp/data/open-tggates-pathological-images/LATEST/images/methylene_dianiline/Liver/63941.svs,False
63944,methylene dianiline,High,29 day,686,16,2,1,https://dbarchive.biosciencedbc.jp/data/open-tggates-pathological-images/LATEST/images/methylene_dianiline/Liver/63944.svs,False
63948,methylene dianiline,High,29 day,686,16,3,1,https://dbarchive.biosciencedbc.jp/data/open-tggates-pathological-images/LATEST/images/methylene_dianiline/Liver/63948.svs,False
63952,methylene dianiline,High,29 day,686,16,4,1,https://dbarchive.biosciencedbc.jp/data/open-tggates-pathological-images/LATEST/images/methylene_dianiline/Liver/63952.svs,False
63955,methylene dianiline,High,29 day,686,16,5,1,https://dbarchive.biosciencedbc.jp/data/open-tggates-pathological-images/LATEST/images/methylene_dianiline/Liver/63955.svs,False
63903,methylene dianiline,Low,29 day,686,8,1,1,https://dbarchive.biosciencedbc.jp/data/open-tggates-pathological-images/LATEST/images/methylene_dianiline/Liver/63903.svs,False
63907,methylene dianiline,Low,29 day,686,8,2,1,https://dbarchive.biosciencedbc.jp/data/open-tggates-pathological-images/LATEST/images/methylene_dianiline/Liver/63907.svs,False
63911,methylene dianiline,Low,29 day,686,8,3,1,https://dbarchive.biosciencedbc.jp/data/open-tggates-pathological-images/LATEST/images/methylene_dianiline/Liver/63911.svs,False
63915,methylene dianiline,Low,29 day,686,8,4,1,https://dbarchive.biosciencedbc.jp/data/open-tggates-pathological-images/LATEST/images/methylene_dianiline/Liver/63915.svs,False
63919,methylene dianiline,Low,29 day,686,8,5,1,https://dbarchive.biosciencedbc.jp/data/open-tggates-pathological-images/LATEST/images/methylene_dianiline/Liver/63919.svs,False
63923,methylene dianiline,Middle,29 day,686,12,1,1,https://dbarchive.biosciencedbc.jp/data/open-tggates-pathological-images/LATEST/images/methylene_dianiline/Liver/63923.svs,False
63926,methylene dianiline,Middle,29 day,686,12,2,1,https://dbarchive.biosciencedbc.jp/data/open-tggates-pathological-images/LATEST/images/methylene_dianiline/Liver/63926.svs,False
63930,methylene dianiline,Middle,29 day,686,12,3,1,https://dbarchive.biosciencedbc.jp/data/open-tggates-pathological-images/LATEST/images/methylene_dianiline/Liver/63930.svs,False
63934,methylene dianiline,Middle,29 day,686,12,4,1,https://dbarchive.biosciencedbc.jp/data/open-tggates-pathological-images/LATEST/images/methylene_dianiline/Liver/63934.svs,False
63937,methylene dianiline,Middle,29 day,686,12,5,1,https://dbarchive.biosciencedbc.jp/data/open-tggates-pathological-images/LATEST/images/methylene_dianiline/Liver/63937.svs,False
63627,methylene dianiline,Control,4 day,686,1,1,1,https://dbarchive.biosciencedbc.jp/data/open-tggates-pathological-images/LATEST/images/methylene_dianiline/Liver/63627.svs,False
63630,methylene dianiline,Control,4 day,686,1,2,1,https://dbarchive.biosciencedbc.jp/data/open-tggates-pathological-images/LATEST/images/methylene_dianiline/Liver/63630.svs,False
63634,methylene dianiline,Control,4 day,686,1,3,1,https://dbarchive.biosciencedbc.jp/data/open-tggates-pathological-images/LATEST/images/methylene_dianiline/Liver/63634.svs,False
63638,methylene dianiline,Control,4 day,686,1,4,1,https://dbarchive.biosciencedbc.jp/data/open-tggates-pathological-images/LATEST/images/methylene_dianiline/Liver/63638.svs,False
63641,methylene dianiline,Control,4 day,686,1,5,1,https://dbarchive.biosciencedbc.jp/data/open-tggates-pathological-images/LATEST/images/methylene_dianiline/Liver/63641.svs,False
63684,methylene dianiline,High,4 day,686,13,1,1,https://dbarchive.biosciencedbc.jp/data/open-tggates-pathological-images/LATEST/images/methylene_dianiline/Liver/63684.svs,False
63687,methylene dianiline,High,4 day,686,13,2,1,https://dbarchive.biosciencedbc.jp/data/open-tggates-pathological-images/LATEST/images/methylene_dianiline/Liver/63687.svs,False
63691,methylene dianiline,High,4 day,686,13,3,1,https://dbarchive.biosciencedbc.jp/data/open-tggates-pathological-images/LATEST/images/methylene_dianiline/Liver/63691.svs,False
70929,methylene dianiline,High,4 day,686,13,4,1,https://dbarchive.biosciencedbc.jp/data/open-tggates-pathological-images/LATEST/images/methylene_dianiline/Liver/70929.svs,False
63698,methylene dianiline,High,4 day,686,13,5,1,https://dbarchive.biosciencedbc.jp/data/open-tggates-pathological-images/LATEST/images/methylene_dianiline/Liver/63698.svs,False
63645,methylene dianiline,Low,4 day,686,5,1,1,https://dbarchive.biosciencedbc.jp/data/open-tggates-pathological-images/LATEST/images/methylene_dianiline/Liver/63645.svs,False
63649,methylene dianiline,Low,4 day,686,5,2,1,https://dbarchive.biosciencedbc.jp/data/open-tggates-pathological-images/LATEST/images/methylene_dianiline/Liver/63649.svs,False
63653,methylene dianiline,Low,4 day,686,5,3,1,https://dbarchive.biosciencedbc.jp/data/open-tggates-pathological-images/LATEST/images/methylene_dianiline/Liver/63653.svs,False
63657,methylene dianiline,Low,4 day,686,5,4,1,https://dbarchive.biosciencedbc.jp/data/open-tggates-pathological-images/LATEST/images/methylene_dianiline/Liver/63657.svs,False
63661,methylene dianiline,Low,4 day,686,5,5,1,https://dbarchive.biosciencedbc.jp/data/open-tggates-pathological-images/LATEST/images/methylene_dianiline/Liver/63661.svs,False
63665,methylene dianiline,Middle,4 day,686,9,1,1,https://dbarchive.biosciencedbc.jp/data/open-tggates-pathological-images/LATEST/images/methylene_dianiline/Liver/63665.svs,False
63669,methylene dianiline,Middle,4 day,686,9,2,1,https://dbarchive.biosciencedbc.jp/data/open-tggates-pathological-images/LATEST/images/methylene_dianiline/Liver/63669.svs,False
63672,methylene dianiline,Middle,4 day,686,9,3,1,https://dbarchive.biosciencedbc.jp/data/open-tggates-pathological-images/LATEST/images/methylene_dianiline/Liver/63672.svs,False
63676,methylene dianiline,Middle,4 day,686,9,4,1,https://dbarchive.biosciencedbc.jp/data/open-tggates-pathological-images/LATEST/images/methylene_dianiline/Liver/63676.svs,False
63680,methylene dianiline,Middle,4 day,686,9,5,1,https://dbarchive.biosciencedbc.jp/data/open-tggates-pathological-images/LATEST/images/methylene_dianiline/Liver/63680.svs,False
63702,methylene dianiline,Control,8 day,686,2,1,1,https://dbarchive.biosciencedbc.jp/data/open-tggates-pathological-images/LATEST/images/methylene_dianiline/Liver/63702.svs,False
63706,methylene dianiline,Control,8 day,686,2,2,1,https://dbarchive.biosciencedbc.jp/data/open-tggates-pathological-images/LATEST/images/methylene_dianiline/Liver/63706.svs,False
63710,methylene dianiline,Control,8 day,686,2,3,1,https://dbarchive.biosciencedbc.jp/data/open-tggates-pathological-images/LATEST/images/methylene_dianiline/Liver/63710.svs,False
63714,methylene dianiline,Control,8 day,686,2,4,1,https://dbarchive.biosciencedbc.jp/data/open-tggates-pathological-images/LATEST/images/methylene_dianiline/Liver/63714.svs,False
63717,methylene dianiline,Control,8 day,686,2,5,1,https://dbarchive.biosciencedbc.jp/data/open-tggates-pathological-images/LATEST/images/methylene_dianiline/Liver/63717.svs,False
63760,methylene dianiline,High,8 day,686,14,1,1,https://dbarchive.biosciencedbc.jp/data/open-tggates-pathological-images/LATEST/images/methylene_dianiline/Liver/63760.svs,False
63763,methylene dianiline,High,8 day,686,14,2,1,https://dbarchive.biosciencedbc.jp/data/open-tggates-pathological-images/LATEST/images/methylene_dianiline/Liver/63763.svs,False
63768,methylene dianiline,High,8 day,686,14,3,1,https://dbarchive.biosciencedbc.jp/data/open-tggates-pathological-images/LATEST/images/methylene_dianiline/Liver/63768.svs,False
63772,methylene dianiline,High,8 day,686,14,4,1,https://dbarchive.biosciencedbc.jp/data/open-tggates-pathological-images/LATEST/images/methylene_dianiline/Liver/63772.svs,False
63777,methylene dianiline,High,8 day,686,14,5,1,https://dbarchive.biosciencedbc.jp/data/open-tggates-pathological-images/LATEST/images/methylene_dianiline/Liver/63777.svs,False
63721,methylene dianiline,Low,8 day,686,6,1,1,https://dbarchive.biosciencedbc.jp/data/open-tggates-pathological-images/LATEST/images/methylene_dianiline/Liver/63721.svs,False
63725,methylene dianiline,Low,8 day,686,6,2,1,https://dbarchive.biosciencedbc.jp/data/open-tggates-pathological-images/LATEST/images/methylene_dianiline/Liver/63725.svs,False
63729,methylene dianiline,Low,8 day,686,6,3,1,https://dbarchive.biosciencedbc.jp/data/open-tggates-pathological-images/LATEST/images/methylene_dianiline/Liver/63729.svs,False
63733,methylene dianiline,Low,8 day,686,6,4,1,https://dbarchive.biosciencedbc.jp/data/open-tggates-pathological-images/LATEST/images/methylene_dianiline/Liver/63733.svs,False
63737,methylene dianiline,Low,8 day,686,6,5,1,https://dbarchive.biosciencedbc.jp/data/open-tggates-pathological-images/LATEST/images/methylene_dianiline/Liver/63737.svs,False
63740,methylene dianiline,Middle,8 day,686,10,1,1,https://dbarchive.biosciencedbc.jp/data/open-tggates-pathological-images/LATEST/images/methylene_dianiline/Liver/63740.svs,False
63744,methylene dianiline,Middle,8 day,686,10,2,1,https://dbarchive.biosciencedbc.jp/data/open-tggates-pathological-images/LATEST/images/methylene_dianiline/Liver/63744.svs,False
63748,methylene dianiline,Middle,8 day,686,10,3,1,https://dbarchive.biosciencedbc.jp/data/open-tggates-pathological-images/LATEST/images/methylene_dianiline/Liver/63748.svs,False
63752,methylene dianiline,Middle,8 day,686,10,4,1,https://dbarchive.biosciencedbc.jp/data/open-tggates-pathological-images/LATEST/images/methylene_dianiline/Liver/63752.svs,False
63756,methylene dianiline,Middle,8 day,686,10,5,1,https://dbarchive.biosciencedbc.jp/data/open-tggates-pathological-images/LATEST/images/methylene_dianiline/Liver/63756.svs,False
33615,monocrotaline,Control,15 day,280,3,1,1,https://dbarchive.biosciencedbc.jp/data/open-tggates-pathological-images/LATEST/images/monocrotaline/Liver/33615.svs,True
33620,monocrotaline,Control,15 day,280,3,2,1,https://dbarchive.biosciencedbc.jp/data/open-tggates-pathological-images/LATEST/images/monocrotaline/Liver/33620.svs,True
33627,monocrotaline,Control,15 day,280,3,3,1,https://dbarchive.biosciencedbc.jp/data/open-tggates-pathological-images/LATEST/images/monocrotaline/Liver/33627.svs,True
33633,monocrotaline,Control,15 day,280,3,4,1,https://dbarchive.biosciencedbc.jp/data/open-tggates-pathological-images/LATEST/images/monocrotaline/Liver/33633.svs,True
33640,monocrotaline,Control,15 day,280,3,5,1,https://dbarchive.biosciencedbc.jp/data/open-tggates-pathological-images/LATEST/images/monocrotaline/Liver/33640.svs,True
34085,monocrotaline,High,15 day,280,15,2,1,https://dbarchive.biosciencedbc.jp/data/open-tggates-pathological-images/LATEST/images/monocrotaline/Liver/34085.svs,True
70561,monocrotaline,High,15 day,280,15,5,1,https://dbarchive.biosciencedbc.jp/data/open-tggates-pathological-images/LATEST/images/monocrotaline/Liver/70561.svs,True
70562,monocrotaline,High,15 day,280,16,3,1,https://dbarchive.biosciencedbc.jp/data/open-tggates-pathological-images/LATEST/images/monocrotaline/Liver/70562.svs,True
70564,monocrotaline,High,15 day,280,16,4,1,https://dbarchive.biosciencedbc.jp/data/open-tggates-pathological-images/LATEST/images/monocrotaline/Liver/70564.svs,True
33767,monocrotaline,Low,15 day,280,7,1,1,https://dbarchive.biosciencedbc.jp/data/open-tggates-pathological-images/LATEST/images/monocrotaline/Liver/33767.svs,True
70545,monocrotaline,Low,15 day,280,7,2,1,https://dbarchive.biosciencedbc.jp/data/open-tggates-pathological-images/LATEST/images/monocrotaline/Liver/70545.svs,True
33786,monocrotaline,Low,15 day,280,7,3,1,https://dbarchive.biosciencedbc.jp/data/open-tggates-pathological-images/LATEST/images/monocrotaline/Liver/33786.svs,True
33795,monocrotaline,Low,15 day,280,7,4,1,https://dbarchive.biosciencedbc.jp/data/open-tggates-pathological-images/LATEST/images/monocrotaline/Liver/33795.svs,True
33800,monocrotaline,Low,15 day,280,7,5,1,https://dbarchive.biosciencedbc.jp/data/open-tggates-pathological-images/LATEST/images/monocrotaline/Liver/33800.svs,True
70550,monocrotaline,Middle,15 day,280,11,1,1,https://dbarchive.biosciencedbc.jp/data/open-tggates-pathological-images/LATEST/images/monocrotaline/Liver/70550.svs,True
33925,monocrotaline,Middle,15 day,280,11,2,1,https://dbarchive.biosciencedbc.jp/data/open-tggates-pathological-images/LATEST/images/monocrotaline/Liver/33925.svs,True
70551,monocrotaline,Middle,15 day,280,11,3,1,https://dbarchive.biosciencedbc.jp/data/open-tggates-pathological-images/LATEST/images/monocrotaline/Liver/70551.svs,True
33945,monocrotaline,Middle,15 day,280,11,4,1,https://dbarchive.biosciencedbc.jp/data/open-tggates-pathological-images/LATEST/images/monocrotaline/Liver/33945.svs,True
70552,monocrotaline,Middle,15 day,280,11,5,1,https://dbarchive.biosciencedbc.jp/data/open-tggates-pathological-images/LATEST/images/monocrotaline/Liver/70552.svs,True
33647,monocrotaline,Control,29 day,280,4,1,1,https://dbarchive.biosciencedbc.jp/data/open-tggates-pathological-images/LATEST/images/monocrotaline/Liver/33647.svs,True
33652,monocrotaline,Control,29 day,280,4,2,1,https://dbarchive.biosciencedbc.jp/data/open-tggates-pathological-images/LATEST/images/monocrotaline/Liver/33652.svs,True
70543,monocrotaline,Control,29 day,280,4,3,1,https://dbarchive.biosciencedbc.jp/data/open-tggates-pathological-images/LATEST/images/monocrotaline/Liver/70543.svs,True
33666,monocrotaline,Control,29 day,280,4,4,1,https://dbarchive.biosciencedbc.jp/data/open-tggates-pathological-images/LATEST/images/monocrotaline/Liver/33666.svs,True
33671,monocrotaline,Control,29 day,280,4,5,1,https://dbarchive.biosciencedbc.jp/data/open-tggates-pathological-images/LATEST/images/monocrotaline/Liver/33671.svs,True
33807,monocrotaline,Low,29 day,280,8,1,1,https://dbarchive.biosciencedbc.jp/data/open-tggates-pathological-images/LATEST/images/monocrotaline/Liver/33807.svs,True
70546,monocrotaline,Low,29 day,280,8,2,1,https://dbarchive.biosciencedbc.jp/data/open-tggates-pathological-images/LATEST/images/monocrotaline/Liver/70546.svs,True
33820,monocrotaline,Low,29 day,280,8,3,1,https://dbarchive.biosciencedbc.jp/data/open-tggates-pathological-images/LATEST/images/monocrotaline/Liver/33820.svs,True
33828,monocrotaline,Low,29 day,280,8,4,1,https://dbarchive.biosciencedbc.jp/data/open-tggates-pathological-images/LATEST/images/monocrotaline/Liver/33828.svs,True
33836,monocrotaline,Low,29 day,280,8,5,1,https://dbarchive.biosciencedbc.jp/data/open-tggates-pathological-images/LATEST/images/monocrotaline/Liver/33836.svs,True
33964,monocrotaline,Middle,29 day,280,12,1,1,https://dbarchive.biosciencedbc.jp/data/open-tggates-pathological-images/LATEST/images/monocrotaline/Liver/33964.svs,True
70554,monocrotaline,Middle,29 day,280,12,2,1,https://dbarchive.biosciencedbc.jp/data/open-tggates-pathological-images/LATEST/images/monocrotaline/Liver/70554.svs,True
33978,monocrotaline,Middle,29 day,280,12,3,1,https://dbarchive.biosciencedbc.jp/data/open-tggates-pathological-images/LATEST/images/monocrotaline/Liver/33978.svs,True
33986,monocrotaline,Middle,29 day,280,12,4,1,https://dbarchive.biosciencedbc.jp/data/open-tggates-pathological-images/LATEST/images/monocrotaline/Liver/33986.svs,True
33993,monocrotaline,Middle,29 day,280,12,5,1,https://dbarchive.biosciencedbc.jp/data/open-tggates-pathological-images/LATEST/images/monocrotaline/Liver/33993.svs,True
33556,monocrotaline,Control,4 day,280,1,1,1,https://dbarchive.biosciencedbc.jp/data/open-tggates-pathological-images/LATEST/images/monocrotaline/Liver/33556.svs,True
33562,monocrotaline,Control,4 day,280,1,2,1,https://dbarchive.biosciencedbc.jp/data/open-tggates-pathological-images/LATEST/images/monocrotaline/Liver/33562.svs,True
33567,monocrotaline,Control,4 day,280,1,3,1,https://dbarchive.biosciencedbc.jp/data/open-tggates-pathological-images/LATEST/images/monocrotaline/Liver/33567.svs,True
33572,monocrotaline,Control,4 day,280,1,4,1,https://dbarchive.biosciencedbc.jp/data/open-tggates-pathological-images/LATEST/images/monocrotaline/Liver/33572.svs,True
33579,monocrotaline,Control,4 day,280,1,5,1,https://dbarchive.biosciencedbc.jp/data/open-tggates-pathological-images/LATEST/images/monocrotaline/Liver/33579.svs,True
70556,monocrotaline,High,4 day,280,13,1,1,https://dbarchive.biosciencedbc.jp/data/open-tggates-pathological-images/LATEST/images/monocrotaline/Liver/70556.svs,True
34012,monocrotaline,High,4 day,280,13,2,1,https://dbarchive.biosciencedbc.jp/data/open-tggates-pathological-images/LATEST/images/monocrotaline/Liver/34012.svs,True
34020,monocrotaline,High,4 day,280,13,3,1,https://dbarchive.biosciencedbc.jp/data/open-tggates-pathological-images/LATEST/images/monocrotaline/Liver/34020.svs,True
70557,monocrotaline,High,4 day,280,13,4,1,https://dbarchive.biosciencedbc.jp/data/open-tggates-pathological-images/LATEST/images/monocrotaline/Liver/70557.svs,True
34037,monocrotaline,High,4 day,280,13,5,1,https://dbarchive.biosciencedbc.jp/data/open-tggates-pathological-images/LATEST/images/monocrotaline/Liver/34037.svs,True
33678,monocrotaline,Low,4 day,280,5,1,1,https://dbarchive.biosciencedbc.jp/data/open-tggates-pathological-images/LATEST/images/monocrotaline/Liver/33678.svs,True
33686,monocrotaline,Low,4 day,280,5,2,1,https://dbarchive.biosciencedbc.jp/data/open-tggates-pathological-images/LATEST/images/monocrotaline/Liver/33686.svs,True
33694,monocrotaline,Low,4 day,280,5,3,1,https://dbarchive.biosciencedbc.jp/data/open-tggates-pathological-images/LATEST/images/monocrotaline/Liver/33694.svs,True
70544,monocrotaline,Low,4 day,280,5,4,1,https://dbarchive.biosciencedbc.jp/data/open-tggates-pathological-images/LATEST/images/monocrotaline/Liver/70544.svs,True
33710,monocrotaline,Low,4 day,280,5,5,1,https://dbarchive.biosciencedbc.jp/data/open-tggates-pathological-images/LATEST/images/monocrotaline/Liver/33710.svs,True
49138,monocrotaline,Middle,4 day,280,9,1,1,https://dbarchive.biosciencedbc.jp/data/open-tggates-pathological-images/LATEST/images/monocrotaline/Liver/49138.svs,True
33850,monocrotaline,Middle,4 day,280,9,2,1,https://dbarchive.biosciencedbc.jp/data/open-tggates-pathological-images/LATEST/images/monocrotaline/Liver/33850.svs,True
70548,monocrotaline,Middle,4 day,280,9,3,1,https://dbarchive.biosciencedbc.jp/data/open-tggates-pathological-images/LATEST/images/monocrotaline/Liver/70548.svs,True
33866,monocrotaline,Middle,4 day,280,9,4,1,https://dbarchive.biosciencedbc.jp/data/open-tggates-pathological-images/LATEST/images/monocrotaline/Liver/33866.svs,True
33873,monocrotaline,Middle,4 day,280,9,5,1,https://dbarchive.biosciencedbc.jp/data/open-tggates-pathological-images/LATEST/images/monocrotaline/Liver/33873.svs,True
33584,monocrotaline,Control,8 day,280,2,1,1,https://dbarchive.biosciencedbc.jp/data/open-tggates-pathological-images/LATEST/images/monocrotaline/Liver/33584.svs,True
33590,monocrotaline,Control,8 day,280,2,2,1,https://dbarchive.biosciencedbc.jp/data/open-tggates-pathological-images/LATEST/images/monocrotaline/Liver/33590.svs,True
33595,monocrotaline,Control,8 day,280,2,3,1,https://dbarchive.biosciencedbc.jp/data/open-tggates-pathological-images/LATEST/images/monocrotaline/Liver/33595.svs,True
33603,monocrotaline,Control,8 day,280,2,4,1,https://dbarchive.biosciencedbc.jp/data/open-tggates-pathological-images/LATEST/images/monocrotaline/Liver/33603.svs,True
33609,monocrotaline,Control,8 day,280,2,5,1,https://dbarchive.biosciencedbc.jp/data/open-tggates-pathological-images/LATEST/images/monocrotaline/Liver/33609.svs,True
70558,monocrotaline,High,8 day,280,14,1,1,https://dbarchive.biosciencedbc.jp/data/open-tggates-pathological-images/LATEST/images/monocrotaline/Liver/70558.svs,True
34053,monocrotaline,High,8 day,280,14,2,1,https://dbarchive.biosciencedbc.jp/data/open-tggates-pathological-images/LATEST/images/monocrotaline/Liver/34053.svs,True
70559,monocrotaline,High,8 day,280,14,3,1,https://dbarchive.biosciencedbc.jp/data/open-tggates-pathological-images/LATEST/images/monocrotaline/Liver/70559.svs,True
34069,monocrotaline,High,8 day,280,14,4,1,https://dbarchive.biosciencedbc.jp/data/open-tggates-pathological-images/LATEST/images/monocrotaline/Liver/34069.svs,True
34078,monocrotaline,High,8 day,280,14,5,1,https://dbarchive.biosciencedbc.jp/data/open-tggates-pathological-images/LATEST/images/monocrotaline/Liver/34078.svs,True
33720,monocrotaline,Low,8 day,280,6,1,1,https://dbarchive.biosciencedbc.jp/data/open-tggates-pathological-images/LATEST/images/monocrotaline/Liver/33720.svs,True
33729,monocrotaline,Low,8 day,280,6,2,1,https://dbarchive.biosciencedbc.jp/data/open-tggates-pathological-images/LATEST/images/monocrotaline/Liver/33729.svs,True
33740,monocrotaline,Low,8 day,280,6,3,1,https://dbarchive.biosciencedbc.jp/data/open-tggates-pathological-images/LATEST/images/monocrotaline/Liver/33740.svs,True
33749,monocrotaline,Low,8 day,280,6,4,1,https://dbarchive.biosciencedbc.jp/data/open-tggates-pathological-images/LATEST/images/monocrotaline/Liver/33749.svs,True
33758,monocrotaline,Low,8 day,280,6,5,1,https://dbarchive.biosciencedbc.jp/data/open-tggates-pathological-images/LATEST/images/monocrotaline/Liver/33758.svs,True
70549,monocrotaline,Middle,8 day,280,10,1,1,https://dbarchive.biosciencedbc.jp/data/open-tggates-pathological-images/LATEST/images/monocrotaline/Liver/70549.svs,True
33890,monocrotaline,Middle,8 day,280,10,2,1,https://dbarchive.biosciencedbc.jp/data/open-tggates-pathological-images/LATEST/images/monocrotaline/Liver/33890.svs,True
33896,monocrotaline,Middle,8 day,280,10,3,1,https://dbarchive.biosciencedbc.jp/data/open-tggates-pathological-images/LATEST/images/monocrotaline/Liver/33896.svs,True
33901,monocrotaline,Middle,8 day,280,10,4,1,https://dbarchive.biosciencedbc.jp/data/open-tggates-pathological-images/LATEST/images/monocrotaline/Liver/33901.svs,True
33908,monocrotaline,Middle,8 day,280,10,5,1,https://dbarchive.biosciencedbc.jp/data/open-tggates-pathological-images/LATEST/images/monocrotaline/Liver/33908.svs,True
25334,naphthyl isothiocyanate,Control,15 day,101,3,1,1,https://dbarchive.biosciencedbc.jp/data/open-tggates-pathological-images/LATEST/images/naphthyl_isothiocyanate/Liver/25334.svs,False
25337,naphthyl isothiocyanate,Control,15 day,101,3,2,1,https://dbarchive.biosciencedbc.jp/data/open-tggates-pathological-images/LATEST/images/naphthyl_isothiocyanate/Liver/25337.svs,False
25339,naphthyl isothiocyanate,Control,15 day,101,3,3,1,https://dbarchive.biosciencedbc.jp/data/open-tggates-pathological-images/LATEST/images/naphthyl_isothiocyanate/Liver/25339.svs,False
25340,naphthyl isothiocyanate,Control,15 day,101,3,4,1,https://dbarchive.biosciencedbc.jp/data/open-tggates-pathological-images/LATEST/images/naphthyl_isothiocyanate/Liver/25340.svs,False
25343,naphthyl isothiocyanate,Control,15 day,101,3,5,1,https://dbarchive.biosciencedbc.jp/data/open-tggates-pathological-images/LATEST/images/naphthyl_isothiocyanate/Liver/25343.svs,False
25370,naphthyl isothiocyanate,High,15 day,101,15,1,1,https://dbarchive.biosciencedbc.jp/data/open-tggates-pathological-images/LATEST/images/naphthyl_isothiocyanate/Liver/25370.svs,False
25371,naphthyl isothiocyanate,High,15 day,101,15,2,1,https://dbarchive.biosciencedbc.jp/data/open-tggates-pathological-images/LATEST/images/naphthyl_isothiocyanate/Liver/25371.svs,False
25373,naphthyl isothiocyanate,High,15 day,101,15,3,1,https://dbarchive.biosciencedbc.jp/data/open-tggates-pathological-images/LATEST/images/naphthyl_isothiocyanate/Liver/25373.svs,False
25375,naphthyl isothiocyanate,High,15 day,101,15,4,1,https://dbarchive.biosciencedbc.jp/data/open-tggates-pathological-images/LATEST/images/naphthyl_isothiocyanate/Liver/25375.svs,False
25378,naphthyl isothiocyanate,High,15 day,101,15,5,1,https://dbarchive.biosciencedbc.jp/data/open-tggates-pathological-images/LATEST/images/naphthyl_isothiocyanate/Liver/25378.svs,False
25345,naphthyl isothiocyanate,Low,15 day,101,7,1,1,https://dbarchive.biosciencedbc.jp/data/open-tggates-pathological-images/LATEST/images/naphthyl_isothiocyanate/Liver/25345.svs,False
25348,naphthyl isothiocyanate,Low,15 day,101,7,2,1,https://dbarchive.biosciencedbc.jp/data/open-tggates-pathological-images/LATEST/images/naphthyl_isothiocyanate/Liver/25348.svs,False
25350,naphthyl isothiocyanate,Low,15 day,101,7,3,1,https://dbarchive.biosciencedbc.jp/data/open-tggates-pathological-images/LATEST/images/naphthyl_isothiocyanate/Liver/25350.svs,False
25352,naphthyl isothiocyanate,Low,15 day,101,7,4,1,https://dbarchive.biosciencedbc.jp/data/open-tggates-pathological-images/LATEST/images/naphthyl_isothiocyanate/Liver/25352.svs,False
25355,naphthyl isothiocyanate,Low,15 day,101,7,5,1,https://dbarchive.biosciencedbc.jp/data/open-tggates-pathological-images/LATEST/images/naphthyl_isothiocyanate/Liver/25355.svs,False
25357,naphthyl isothiocyanate,Middle,15 day,101,11,1,1,https://dbarchive.biosciencedbc.jp/data/open-tggates-pathological-images/LATEST/images/naphthyl_isothiocyanate/Liver/25357.svs,False
25360,naphthyl isothiocyanate,Middle,15 day,101,11,2,1,https://dbarchive.biosciencedbc.jp/data/open-tggates-pathological-images/LATEST/images/naphthyl_isothiocyanate/Liver/25360.svs,False
25362,naphthyl isothiocyanate,Middle,15 day,101,11,3,1,https://dbarchive.biosciencedbc.jp/data/open-tggates-pathological-images/LATEST/images/naphthyl_isothiocyanate/Liver/25362.svs,False
25364,naphthyl isothiocyanate,Middle,15 day,101,11,4,1,https://dbarchive.biosciencedbc.jp/data/open-tggates-pathological-images/LATEST/images/naphthyl_isothiocyanate/Liver/25364.svs,False
25368,naphthyl isothiocyanate,Middle,15 day,101,11,5,1,https://dbarchive.biosciencedbc.jp/data/open-tggates-pathological-images/LATEST/images/naphthyl_isothiocyanate/Liver/25368.svs,False
25382,naphthyl isothiocyanate,Control,29 day,101,4,1,1,https://dbarchive.biosciencedbc.jp/data/open-tggates-pathological-images/LATEST/images/naphthyl_isothiocyanate/Liver/25382.svs,False
25384,naphthyl isothiocyanate,Control,29 day,101,4,2,1,https://dbarchive.biosciencedbc.jp/data/open-tggates-pathological-images/LATEST/images/naphthyl_isothiocyanate/Liver/25384.svs,False
25387,naphthyl isothiocyanate,Control,29 day,101,4,3,1,https://dbarchive.biosciencedbc.jp/data/open-tggates-pathological-images/LATEST/images/naphthyl_isothiocyanate/Liver/25387.svs,False
25391,naphthyl isothiocyanate,Control,29 day,101,4,4,1,https://dbarchive.biosciencedbc.jp/data/open-tggates-pathological-images/LATEST/images/naphthyl_isothiocyanate/Liver/25391.svs,False
25394,naphthyl isothiocyanate,Control,29 day,101,4,5,1,https://dbarchive.biosciencedbc.jp/data/open-tggates-pathological-images/LATEST/images/naphthyl_isothiocyanate/Liver/25394.svs,False
25423,naphthyl isothiocyanate,High,29 day,101,16,1,1,https://dbarchive.biosciencedbc.jp/data/open-tggates-pathological-images/LATEST/images/naphthyl_isothiocyanate/Liver/25423.svs,False
25426,naphthyl isothiocyanate,High,29 day,101,16,2,1,https://dbarchive.biosciencedbc.jp/data/open-tggates-pathological-images/LATEST/images/naphthyl_isothiocyanate/Liver/25426.svs,False
25429,naphthyl isothiocyanate,High,29 day,101,16,3,1,https://dbarchive.biosciencedbc.jp/data/open-tggates-pathological-images/LATEST/images/naphthyl_isothiocyanate/Liver/25429.svs,False
25431,naphthyl isothiocyanate,High,29 day,101,16,4,1,https://dbarchive.biosciencedbc.jp/data/open-tggates-pathological-images/LATEST/images/naphthyl_isothiocyanate/Liver/25431.svs,False
25434,naphthyl isothiocyanate,High,29 day,101,16,5,1,https://dbarchive.biosciencedbc.jp/data/open-tggates-pathological-images/LATEST/images/naphthyl_isothiocyanate/Liver/25434.svs,False
25397,naphthyl isothiocyanate,Low,29 day,101,8,1,1,https://dbarchive.biosciencedbc.jp/data/open-tggates-pathological-images/LATEST/images/naphthyl_isothiocyanate/Liver/25397.svs,False
25399,naphthyl isothiocyanate,Low,29 day,101,8,2,1,https://dbarchive.biosciencedbc.jp/data/open-tggates-pathological-images/LATEST/images/naphthyl_isothiocyanate/Liver/25399.svs,False
25402,naphthyl isothiocyanate,Low,29 day,101,8,3,1,https://dbarchive.biosciencedbc.jp/data/open-tggates-pathological-images/LATEST/images/naphthyl_isothiocyanate/Liver/25402.svs,False
25405,naphthyl isothiocyanate,Low,29 day,101,8,4,1,https://dbarchive.biosciencedbc.jp/data/open-tggates-pathological-images/LATEST/images/naphthyl_isothiocyanate/Liver/25405.svs,False
25407,naphthyl isothiocyanate,Low,29 day,101,8,5,1,https://dbarchive.biosciencedbc.jp/data/open-tggates-pathological-images/LATEST/images/naphthyl_isothiocyanate/Liver/25407.svs,False
25409,naphthyl isothiocyanate,Middle,29 day,101,12,1,1,https://dbarchive.biosciencedbc.jp/data/open-tggates-pathological-images/LATEST/images/naphthyl_isothiocyanate/Liver/25409.svs,False
25412,naphthyl isothiocyanate,Middle,29 day,101,12,2,1,https://dbarchive.biosciencedbc.jp/data/open-tggates-pathological-images/LATEST/images/naphthyl_isothiocyanate/Liver/25412.svs,False
25414,naphthyl isothiocyanate,Middle,29 day,101,12,3,1,https://dbarchive.biosciencedbc.jp/data/open-tggates-pathological-images/LATEST/images/naphthyl_isothiocyanate/Liver/25414.svs,False
25417,naphthyl isothiocyanate,Middle,29 day,101,12,4,1,https://dbarchive.biosciencedbc.jp/data/open-tggates-pathological-images/LATEST/images/naphthyl_isothiocyanate/Liver/25417.svs,False
25421,naphthyl isothiocyanate,Middle,29 day,101,12,5,1,https://dbarchive.biosciencedbc.jp/data/open-tggates-pathological-images/LATEST/images/naphthyl_isothiocyanate/Liver/25421.svs,False
25229,naphthyl isothiocyanate,Control,4 day,101,1,1,1,https://dbarchive.biosciencedbc.jp/data/open-tggates-pathological-images/LATEST/images/naphthyl_isothiocyanate/Liver/25229.svs,False
25232,naphthyl isothiocyanate,Control,4 day,101,1,2,1,https://dbarchive.biosciencedbc.jp/data/open-tggates-pathological-images/LATEST/images/naphthyl_isothiocyanate/Liver/25232.svs,False
25234,naphthyl isothiocyanate,Control,4 day,101,1,3,1,https://dbarchive.biosciencedbc.jp/data/open-tggates-pathological-images/LATEST/images/naphthyl_isothiocyanate/Liver/25234.svs,False
25236,naphthyl isothiocyanate,Control,4 day,101,1,4,1,https://dbarchive.biosciencedbc.jp/data/open-tggates-pathological-images/LATEST/images/naphthyl_isothiocyanate/Liver/25236.svs,False
25239,naphthyl isothiocyanate,Control,4 day,101,1,5,1,https://dbarchive.biosciencedbc.jp/data/open-tggates-pathological-images/LATEST/images/naphthyl_isothiocyanate/Liver/25239.svs,False
25268,naphthyl isothiocyanate,High,4 day,101,13,1,1,https://dbarchive.biosciencedbc.jp/data/open-tggates-pathological-images/LATEST/images/naphthyl_isothiocyanate/Liver/25268.svs,False
25270,naphthyl isothiocyanate,High,4 day,101,13,2,1,https://dbarchive.biosciencedbc.jp/data/open-tggates-pathological-images/LATEST/images/naphthyl_isothiocyanate/Liver/25270.svs,False
25272,naphthyl isothiocyanate,High,4 day,101,13,3,1,https://dbarchive.biosciencedbc.jp/data/open-tggates-pathological-images/LATEST/images/naphthyl_isothiocyanate/Liver/25272.svs,False
25275,naphthyl isothiocyanate,High,4 day,101,13,4,1,https://dbarchive.biosciencedbc.jp/data/open-tggates-pathological-images/LATEST/images/naphthyl_isothiocyanate/Liver/25275.svs,False
25278,naphthyl isothiocyanate,High,4 day,101,13,5,1,https://dbarchive.biosciencedbc.jp/data/open-tggates-pathological-images/LATEST/images/naphthyl_isothiocyanate/Liver/25278.svs,False
25241,naphthyl isothiocyanate,Low,4 day,101,5,1,1,https://dbarchive.biosciencedbc.jp/data/open-tggates-pathological-images/LATEST/images/naphthyl_isothiocyanate/Liver/25241.svs,False
25243,naphthyl isothiocyanate,Low,4 day,101,5,2,1,https://dbarchive.biosciencedbc.jp/data/open-tggates-pathological-images/LATEST/images/naphthyl_isothiocyanate/Liver/25243.svs,False
25247,naphthyl isothiocyanate,Low,4 day,101,5,3,1,https://dbarchive.biosciencedbc.jp/data/open-tggates-pathological-images/LATEST/images/naphthyl_isothiocyanate/Liver/25247.svs,False
25250,naphthyl isothiocyanate,Low,4 day,101,5,4,1,https://dbarchive.biosciencedbc.jp/data/open-tggates-pathological-images/LATEST/images/naphthyl_isothiocyanate/Liver/25250.svs,False
25253,naphthyl isothiocyanate,Low,4 day,101,5,5,1,https://dbarchive.biosciencedbc.jp/data/open-tggates-pathological-images/LATEST/images/naphthyl_isothiocyanate/Liver/25253.svs,False
25255,naphthyl isothiocyanate,Middle,4 day,101,9,1,1,https://dbarchive.biosciencedbc.jp/data/open-tggates-pathological-images/LATEST/images/naphthyl_isothiocyanate/Liver/25255.svs,False
25258,naphthyl isothiocyanate,Middle,4 day,101,9,2,1,https://dbarchive.biosciencedbc.jp/data/open-tggates-pathological-images/LATEST/images/naphthyl_isothiocyanate/Liver/25258.svs,False
25261,naphthyl isothiocyanate,Middle,4 day,101,9,3,1,https://dbarchive.biosciencedbc.jp/data/open-tggates-pathological-images/LATEST/images/naphthyl_isothiocyanate/Liver/25261.svs,False
25263,naphthyl isothiocyanate,Middle,4 day,101,9,4,1,https://dbarchive.biosciencedbc.jp/data/open-tggates-pathological-images/LATEST/images/naphthyl_isothiocyanate/Liver/25263.svs,False
25266,naphthyl isothiocyanate,Middle,4 day,101,9,5,1,https://dbarchive.biosciencedbc.jp/data/open-tggates-pathological-images/LATEST/images/naphthyl_isothiocyanate/Liver/25266.svs,False
25281,naphthyl isothiocyanate,Control,8 day,101,2,1,1,https://dbarchive.biosciencedbc.jp/data/open-tggates-pathological-images/LATEST/images/naphthyl_isothiocyanate/Liver/25281.svs,False
25283,naphthyl isothiocyanate,Control,8 day,101,2,2,1,https://dbarchive.biosciencedbc.jp/data/open-tggates-pathological-images/LATEST/images/naphthyl_isothiocyanate/Liver/25283.svs,False
25286,naphthyl isothiocyanate,Control,8 day,101,2,3,1,https://dbarchive.biosciencedbc.jp/data/open-tggates-pathological-images/LATEST/images/naphthyl_isothiocyanate/Liver/25286.svs,False
25290,naphthyl isothiocyanate,Control,8 day,101,2,4,1,https://dbarchive.biosciencedbc.jp/data/open-tggates-pathological-images/LATEST/images/naphthyl_isothiocyanate/Liver/25290.svs,False
25292,naphthyl isothiocyanate,Control,8 day,101,2,5,1,https://dbarchive.biosciencedbc.jp/data/open-tggates-pathological-images/LATEST/images/naphthyl_isothiocyanate/Liver/25292.svs,False
25319,naphthyl isothiocyanate,High,8 day,101,14,1,1,https://dbarchive.biosciencedbc.jp/data/open-tggates-pathological-images/LATEST/images/naphthyl_isothiocyanate/Liver/25319.svs,False
25321,naphthyl isothiocyanate,High,8 day,101,14,2,1,https://dbarchive.biosciencedbc.jp/data/open-tggates-pathological-images/LATEST/images/naphthyl_isothiocyanate/Liver/25321.svs,False
25325,naphthyl isothiocyanate,High,8 day,101,14,3,1,https://dbarchive.biosciencedbc.jp/data/open-tggates-pathological-images/LATEST/images/naphthyl_isothiocyanate/Liver/25325.svs,False
25330,naphthyl isothiocyanate,High,8 day,101,14,4,1,https://dbarchive.biosciencedbc.jp/data/open-tggates-pathological-images/LATEST/images/naphthyl_isothiocyanate/Liver/25330.svs,False
25332,naphthyl isothiocyanate,High,8 day,101,14,5,1,https://dbarchive.biosciencedbc.jp/data/open-tggates-pathological-images/LATEST/images/naphthyl_isothiocyanate/Liver/25332.svs,False
25294,naphthyl isothiocyanate,Low,8 day,101,6,1,1,https://dbarchive.biosciencedbc.jp/data/open-tggates-pathological-images/LATEST/images/naphthyl_isothiocyanate/Liver/25294.svs,False
25296,naphthyl isothiocyanate,Low,8 day,101,6,2,1,https://dbarchive.biosciencedbc.jp/data/open-tggates-pathological-images/LATEST/images/naphthyl_isothiocyanate/Liver/25296.svs,False
25299,naphthyl isothiocyanate,Low,8 day,101,6,3,1,https://dbarchive.biosciencedbc.jp/data/open-tggates-pathological-images/LATEST/images/naphthyl_isothiocyanate/Liver/25299.svs,False
25302,naphthyl isothiocyanate,Low,8 day,101,6,4,1,https://dbarchive.biosciencedbc.jp/data/open-tggates-pathological-images/LATEST/images/naphthyl_isothiocyanate/Liver/25302.svs,False
25304,naphthyl isothiocyanate,Low,8 day,101,6,5,1,https://dbarchive.biosciencedbc.jp/data/open-tggates-pathological-images/LATEST/images/naphthyl_isothiocyanate/Liver/25304.svs,False
25306,naphthyl isothiocyanate,Middle,8 day,101,10,1,1,https://dbarchive.biosciencedbc.jp/data/open-tggates-pathological-images/LATEST/images/naphthyl_isothiocyanate/Liver/25306.svs,False
25308,naphthyl isothiocyanate,Middle,8 day,101,10,2,1,https://dbarchive.biosciencedbc.jp/data/open-tggates-pathological-images/LATEST/images/naphthyl_isothiocyanate/Liver/25308.svs,False
25311,naphthyl isothiocyanate,Middle,8 day,101,10,3,1,https://dbarchive.biosciencedbc.jp/data/open-tggates-pathological-images/LATEST/images/naphthyl_isothiocyanate/Liver/25311.svs,False
25313,naphthyl isothiocyanate,Middle,8 day,101,10,4,1,https://dbarchive.biosciencedbc.jp/data/open-tggates-pathological-images/LATEST/images/naphthyl_isothiocyanate/Liver/25313.svs,False
25316,naphthyl isothiocyanate,Middle,8 day,101,10,5,1,https://dbarchive.biosciencedbc.jp/data/open-tggates-pathological-images/LATEST/images/naphthyl_isothiocyanate/Liver/25316.svs,False
34542,naproxen,Control,15 day,348,3,1,1,https://dbarchive.biosciencedbc.jp/data/open-tggates-pathological-images/LATEST/images/naproxen/Liver/34542.svs,False
34547,naproxen,Control,15 day,348,3,2,1,https://dbarchive.biosciencedbc.jp/data/open-tggates-pathological-images/LATEST/images/naproxen/Liver/34547.svs,False
34551,naproxen,Control,15 day,348,3,3,1,https://dbarchive.biosciencedbc.jp/data/open-tggates-pathological-images/LATEST/images/naproxen/Liver/34551.svs,False
34555,naproxen,Control,15 day,348,3,4,1,https://dbarchive.biosciencedbc.jp/data/open-tggates-pathological-images/LATEST/images/naproxen/Liver/34555.svs,False
34560,naproxen,Control,15 day,348,3,5,1,https://dbarchive.biosciencedbc.jp/data/open-tggates-pathological-images/LATEST/images/naproxen/Liver/34560.svs,False
34831,naproxen,High,15 day,348,15,1,1,https://dbarchive.biosciencedbc.jp/data/open-tggates-pathological-images/LATEST/images/naproxen/Liver/34831.svs,False
34835,naproxen,High,15 day,348,15,4,1,https://dbarchive.biosciencedbc.jp/data/open-tggates-pathological-images/LATEST/images/naproxen/Liver/34835.svs,False
34840,naproxen,High,15 day,348,16,1,1,https://dbarchive.biosciencedbc.jp/data/open-tggates-pathological-images/LATEST/images/naproxen/Liver/34840.svs,False
34844,naproxen,High,15 day,348,16,2,1,https://dbarchive.biosciencedbc.jp/data/open-tggates-pathological-images/LATEST/images/naproxen/Liver/34844.svs,False
34633,naproxen,Low,15 day,348,7,1,1,https://dbarchive.biosciencedbc.jp/data/open-tggates-pathological-images/LATEST/images/naproxen/Liver/34633.svs,False
34638,naproxen,Low,15 day,348,7,2,1,https://dbarchive.biosciencedbc.jp/data/open-tggates-pathological-images/LATEST/images/naproxen/Liver/34638.svs,False
70589,naproxen,Low,15 day,348,7,3,1,https://dbarchive.biosciencedbc.jp/data/open-tggates-pathological-images/LATEST/images/naproxen/Liver/70589.svs,False
34647,naproxen,Low,15 day,348,7,4,1,https://dbarchive.biosciencedbc.jp/data/open-tggates-pathological-images/LATEST/images/naproxen/Liver/34647.svs,False
34652,naproxen,Low,15 day,348,7,5,1,https://dbarchive.biosciencedbc.jp/data/open-tggates-pathological-images/LATEST/images/naproxen/Liver/34652.svs,False
34735,naproxen,Middle,15 day,348,11,1,1,https://dbarchive.biosciencedbc.jp/data/open-tggates-pathological-images/LATEST/images/naproxen/Liver/34735.svs,False
34740,naproxen,Middle,15 day,348,11,2,1,https://dbarchive.biosciencedbc.jp/data/open-tggates-pathological-images/LATEST/images/naproxen/Liver/34740.svs,False
34745,naproxen,Middle,15 day,348,11,3,1,https://dbarchive.biosciencedbc.jp/data/open-tggates-pathological-images/LATEST/images/naproxen/Liver/34745.svs,False
34749,naproxen,Middle,15 day,348,11,4,1,https://dbarchive.biosciencedbc.jp/data/open-tggates-pathological-images/LATEST/images/naproxen/Liver/34749.svs,False
34754,naproxen,Middle,15 day,348,11,5,1,https://dbarchive.biosciencedbc.jp/data/open-tggates-pathological-images/LATEST/images/naproxen/Liver/34754.svs,False
34565,naproxen,Control,29 day,348,4,1,1,https://dbarchive.biosciencedbc.jp/data/open-tggates-pathological-images/LATEST/images/naproxen/Liver/34565.svs,False
34569,naproxen,Control,29 day,348,4,2,1,https://dbarchive.biosciencedbc.jp/data/open-tggates-pathological-images/LATEST/images/naproxen/Liver/34569.svs,False
34574,naproxen,Control,29 day,348,4,3,1,https://dbarchive.biosciencedbc.jp/data/open-tggates-pathological-images/LATEST/images/naproxen/Liver/34574.svs,False
34579,naproxen,Control,29 day,348,4,4,1,https://dbarchive.biosciencedbc.jp/data/open-tggates-pathological-images/LATEST/images/naproxen/Liver/34579.svs,False
34583,naproxen,Control,29 day,348,4,5,1,https://dbarchive.biosciencedbc.jp/data/open-tggates-pathological-images/LATEST/images/naproxen/Liver/34583.svs,False
34657,naproxen,Low,29 day,348,8,1,1,https://dbarchive.biosciencedbc.jp/data/open-tggates-pathological-images/LATEST/images/naproxen/Liver/34657.svs,False
34661,naproxen,Low,29 day,348,8,2,1,https://dbarchive.biosciencedbc.jp/data/open-tggates-pathological-images/LATEST/images/naproxen/Liver/34661.svs,False
34667,naproxen,Low,29 day,348,8,3,1,https://dbarchive.biosciencedbc.jp/data/open-tggates-pathological-images/LATEST/images/naproxen/Liver/34667.svs,False
34672,naproxen,Low,29 day,348,8,4,1,https://dbarchive.biosciencedbc.jp/data/open-tggates-pathological-images/LATEST/images/naproxen/Liver/34672.svs,False
34677,naproxen,Low,29 day,348,8,5,1,https://dbarchive.biosciencedbc.jp/data/open-tggates-pathological-images/LATEST/images/naproxen/Liver/34677.svs,False
34759,naproxen,Middle,29 day,348,12,1,1,https://dbarchive.biosciencedbc.jp/data/open-tggates-pathological-images/LATEST/images/naproxen/Liver/34759.svs,False
34764,naproxen,Middle,29 day,348,12,2,1,https://dbarchive.biosciencedbc.jp/data/open-tggates-pathological-images/LATEST/images/naproxen/Liver/34764.svs,False
34770,naproxen,Middle,29 day,348,12,3,1,https://dbarchive.biosciencedbc.jp/data/open-tggates-pathological-images/LATEST/images/naproxen/Liver/34770.svs,False
34776,naproxen,Middle,29 day,348,12,4,1,https://dbarchive.biosciencedbc.jp/data/open-tggates-pathological-images/LATEST/images/naproxen/Liver/34776.svs,False
34781,naproxen,Middle,29 day,348,12,5,1,https://dbarchive.biosciencedbc.jp/data/open-tggates-pathological-images/LATEST/images/naproxen/Liver/34781.svs,False
34496,naproxen,Control,4 day,348,1,1,1,https://dbarchive.biosciencedbc.jp/data/open-tggates-pathological-images/LATEST/images/naproxen/Liver/34496.svs,False
34500,naproxen,Control,4 day,348,1,2,1,https://dbarchive.biosciencedbc.jp/data/open-tggates-pathological-images/LATEST/images/naproxen/Liver/34500.svs,False
34505,naproxen,Control,4 day,348,1,3,1,https://dbarchive.biosciencedbc.jp/data/open-tggates-pathological-images/LATEST/images/naproxen/Liver/34505.svs,False
34510,naproxen,Control,4 day,348,1,4,1,https://dbarchive.biosciencedbc.jp/data/open-tggates-pathological-images/LATEST/images/naproxen/Liver/34510.svs,False
34514,naproxen,Control,4 day,348,1,5,1,https://dbarchive.biosciencedbc.jp/data/open-tggates-pathological-images/LATEST/images/naproxen/Liver/34514.svs,False
34787,naproxen,High,4 day,348,13,1,1,https://dbarchive.biosciencedbc.jp/data/open-tggates-pathological-images/LATEST/images/naproxen/Liver/34787.svs,False
34792,naproxen,High,4 day,348,13,2,1,https://dbarchive.biosciencedbc.jp/data/open-tggates-pathological-images/LATEST/images/naproxen/Liver/34792.svs,False
34796,naproxen,High,4 day,348,13,3,1,https://dbarchive.biosciencedbc.jp/data/open-tggates-pathological-images/LATEST/images/naproxen/Liver/34796.svs,False
70594,naproxen,High,4 day,348,13,4,1,https://dbarchive.biosciencedbc.jp/data/open-tggates-pathological-images/LATEST/images/naproxen/Liver/70594.svs,False
34805,naproxen,High,4 day,348,13,5,1,https://dbarchive.biosciencedbc.jp/data/open-tggates-pathological-images/LATEST/images/naproxen/Liver/34805.svs,False
34588,naproxen,Low,4 day,348,5,1,1,https://dbarchive.biosciencedbc.jp/data/open-tggates-pathological-images/LATEST/images/naproxen/Liver/34588.svs,False
34592,naproxen,Low,4 day,348,5,2,1,https://dbarchive.biosciencedbc.jp/data/open-tggates-pathological-images/LATEST/images/naproxen/Liver/34592.svs,False
34597,naproxen,Low,4 day,348,5,3,1,https://dbarchive.biosciencedbc.jp/data/open-tggates-pathological-images/LATEST/images/naproxen/Liver/34597.svs,False
34601,naproxen,Low,4 day,348,5,4,1,https://dbarchive.biosciencedbc.jp/data/open-tggates-pathological-images/LATEST/images/naproxen/Liver/34601.svs,False
34606,naproxen,Low,4 day,348,5,5,1,https://dbarchive.biosciencedbc.jp/data/open-tggates-pathological-images/LATEST/images/naproxen/Liver/34606.svs,False
34683,naproxen,Middle,4 day,348,9,1,1,https://dbarchive.biosciencedbc.jp/data/open-tggates-pathological-images/LATEST/images/naproxen/Liver/34683.svs,False
34687,naproxen,Middle,4 day,348,9,2,1,https://dbarchive.biosciencedbc.jp/data/open-tggates-pathological-images/LATEST/images/naproxen/Liver/34687.svs,False
34692,naproxen,Middle,4 day,348,9,3,1,https://dbarchive.biosciencedbc.jp/data/open-tggates-pathological-images/LATEST/images/naproxen/Liver/34692.svs,False
34697,naproxen,Middle,4 day,348,9,4,1,https://dbarchive.biosciencedbc.jp/data/open-tggates-pathological-images/LATEST/images/naproxen/Liver/34697.svs,False
34702,naproxen,Middle,4 day,348,9,5,1,https://dbarchive.biosciencedbc.jp/data/open-tggates-pathological-images/LATEST/images/naproxen/Liver/34702.svs,False
34519,naproxen,Control,8 day,348,2,1,1,https://dbarchive.biosciencedbc.jp/data/open-tggates-pathological-images/LATEST/images/naproxen/Liver/34519.svs,False
34523,naproxen,Control,8 day,348,2,2,1,https://dbarchive.biosciencedbc.jp/data/open-tggates-pathological-images/LATEST/images/naproxen/Liver/34523.svs,False
34528,naproxen,Control,8 day,348,2,3,1,https://dbarchive.biosciencedbc.jp/data/open-tggates-pathological-images/LATEST/images/naproxen/Liver/34528.svs,False
34533,naproxen,Control,8 day,348,2,4,1,https://dbarchive.biosciencedbc.jp/data/open-tggates-pathological-images/LATEST/images/naproxen/Liver/34533.svs,False
34538,naproxen,Control,8 day,348,2,5,1,https://dbarchive.biosciencedbc.jp/data/open-tggates-pathological-images/LATEST/images/naproxen/Liver/34538.svs,False
34809,naproxen,High,8 day,348,14,1,1,https://dbarchive.biosciencedbc.jp/data/open-tggates-pathological-images/LATEST/images/naproxen/Liver/34809.svs,False
34815,naproxen,High,8 day,348,14,2,1,https://dbarchive.biosciencedbc.jp/data/open-tggates-pathological-images/LATEST/images/naproxen/Liver/34815.svs,False
34820,naproxen,High,8 day,348,14,3,1,https://dbarchive.biosciencedbc.jp/data/open-tggates-pathological-images/LATEST/images/naproxen/Liver/34820.svs,False
34824,naproxen,High,8 day,348,14,4,1,https://dbarchive.biosciencedbc.jp/data/open-tggates-pathological-images/LATEST/images/naproxen/Liver/34824.svs,False
34610,naproxen,Low,8 day,348,6,1,1,https://dbarchive.biosciencedbc.jp/data/open-tggates-pathological-images/LATEST/images/naproxen/Liver/34610.svs,False
34614,naproxen,Low,8 day,348,6,2,1,https://dbarchive.biosciencedbc.jp/data/open-tggates-pathological-images/LATEST/images/naproxen/Liver/34614.svs,False
34619,naproxen,Low,8 day,348,6,3,1,https://dbarchive.biosciencedbc.jp/data/open-tggates-pathological-images/LATEST/images/naproxen/Liver/34619.svs,False
34624,naproxen,Low,8 day,348,6,4,1,https://dbarchive.biosciencedbc.jp/data/open-tggates-pathological-images/LATEST/images/naproxen/Liver/34624.svs,False
70588,naproxen,Low,8 day,348,6,5,1,https://dbarchive.biosciencedbc.jp/data/open-tggates-pathological-images/LATEST/images/naproxen/Liver/70588.svs,False
34706,naproxen,Middle,8 day,348,10,1,1,https://dbarchive.biosciencedbc.jp/data/open-tggates-pathological-images/LATEST/images/naproxen/Liver/34706.svs,False
34715,naproxen,Middle,8 day,348,10,2,1,https://dbarchive.biosciencedbc.jp/data/open-tggates-pathological-images/LATEST/images/naproxen/Liver/34715.svs,False
34721,naproxen,Middle,8 day,348,10,3,1,https://dbarchive.biosciencedbc.jp/data/open-tggates-pathological-images/LATEST/images/naproxen/Liver/34721.svs,False
34725,naproxen,Middle,8 day,348,10,4,1,https://dbarchive.biosciencedbc.jp/data/open-tggates-pathological-images/LATEST/images/naproxen/Liver/34725.svs,False
34730,naproxen,Middle,8 day,348,10,5,1,https://dbarchive.biosciencedbc.jp/data/open-tggates-pathological-images/LATEST/images/naproxen/Liver/34730.svs,False
52759,nitrosodiethylamine,Control,15 day,571,3,1,1,https://dbarchive.biosciencedbc.jp/data/open-tggates-pathological-images/LATEST/images/nitrosodiethylamine/Liver/52759.svs,False
52762,nitrosodiethylamine,Control,15 day,571,3,2,1,https://dbarchive.biosciencedbc.jp/data/open-tggates-pathological-images/LATEST/images/nitrosodiethylamine/Liver/52762.svs,False
52766,nitrosodiethylamine,Control,15 day,571,3,3,1,https://dbarchive.biosciencedbc.jp/data/open-tggates-pathological-images/LATEST/images/nitrosodiethylamine/Liver/52766.svs,False
52770,nitrosodiethylamine,Control,15 day,571,3,4,1,https://dbarchive.biosciencedbc.jp/data/open-tggates-pathological-images/LATEST/images/nitrosodiethylamine/Liver/52770.svs,False
52774,nitrosodiethylamine,Control,15 day,571,3,5,1,https://dbarchive.biosciencedbc.jp/data/open-tggates-pathological-images/LATEST/images/nitrosodiethylamine/Liver/52774.svs,False
52812,nitrosodiethylamine,High,15 day,571,15,5,1,https://dbarchive.biosciencedbc.jp/data/open-tggates-pathological-images/LATEST/images/nitrosodiethylamine/Liver/52812.svs,False
52777,nitrosodiethylamine,Low,15 day,571,7,1,1,https://dbarchive.biosciencedbc.jp/data/open-tggates-pathological-images/LATEST/images/nitrosodiethylamine/Liver/52777.svs,False
52781,nitrosodiethylamine,Low,15 day,571,7,2,1,https://dbarchive.biosciencedbc.jp/data/open-tggates-pathological-images/LATEST/images/nitrosodiethylamine/Liver/52781.svs,False
52784,nitrosodiethylamine,Low,15 day,571,7,3,1,https://dbarchive.biosciencedbc.jp/data/open-tggates-pathological-images/LATEST/images/nitrosodiethylamine/Liver/52784.svs,False
52788,nitrosodiethylamine,Low,15 day,571,7,4,1,https://dbarchive.biosciencedbc.jp/data/open-tggates-pathological-images/LATEST/images/nitrosodiethylamine/Liver/52788.svs,False
52791,nitrosodiethylamine,Low,15 day,571,7,5,1,https://dbarchive.biosciencedbc.jp/data/open-tggates-pathological-images/LATEST/images/nitrosodiethylamine/Liver/52791.svs,False
52795,nitrosodiethylamine,Middle,15 day,571,11,1,1,https://dbarchive.biosciencedbc.jp/data/open-tggates-pathological-images/LATEST/images/nitrosodiethylamine/Liver/52795.svs,False
52798,nitrosodiethylamine,Middle,15 day,571,11,2,1,https://dbarchive.biosciencedbc.jp/data/open-tggates-pathological-images/LATEST/images/nitrosodiethylamine/Liver/52798.svs,False
52802,nitrosodiethylamine,Middle,15 day,571,11,3,1,https://dbarchive.biosciencedbc.jp/data/open-tggates-pathological-images/LATEST/images/nitrosodiethylamine/Liver/52802.svs,False
52805,nitrosodiethylamine,Middle,15 day,571,11,4,1,https://dbarchive.biosciencedbc.jp/data/open-tggates-pathological-images/LATEST/images/nitrosodiethylamine/Liver/52805.svs,False
52808,nitrosodiethylamine,Middle,15 day,571,11,5,1,https://dbarchive.biosciencedbc.jp/data/open-tggates-pathological-images/LATEST/images/nitrosodiethylamine/Liver/52808.svs,False
52814,nitrosodiethylamine,Control,29 day,571,4,1,1,https://dbarchive.biosciencedbc.jp/data/open-tggates-pathological-images/LATEST/images/nitrosodiethylamine/Liver/52814.svs,False
52818,nitrosodiethylamine,Control,29 day,571,4,2,1,https://dbarchive.biosciencedbc.jp/data/open-tggates-pathological-images/LATEST/images/nitrosodiethylamine/Liver/52818.svs,False
52822,nitrosodiethylamine,Control,29 day,571,4,3,1,https://dbarchive.biosciencedbc.jp/data/open-tggates-pathological-images/LATEST/images/nitrosodiethylamine/Liver/52822.svs,False
52826,nitrosodiethylamine,Control,29 day,571,4,4,1,https://dbarchive.biosciencedbc.jp/data/open-tggates-pathological-images/LATEST/images/nitrosodiethylamine/Liver/52826.svs,False
52830,nitrosodiethylamine,Control,29 day,571,4,5,1,https://dbarchive.biosciencedbc.jp/data/open-tggates-pathological-images/LATEST/images/nitrosodiethylamine/Liver/52830.svs,False
52833,nitrosodiethylamine,Low,29 day,571,8,1,1,https://dbarchive.biosciencedbc.jp/data/open-tggates-pathological-images/LATEST/images/nitrosodiethylamine/Liver/52833.svs,False
52837,nitrosodiethylamine,Low,29 day,571,8,2,1,https://dbarchive.biosciencedbc.jp/data/open-tggates-pathological-images/LATEST/images/nitrosodiethylamine/Liver/52837.svs,False
52840,nitrosodiethylamine,Low,29 day,571,8,3,1,https://dbarchive.biosciencedbc.jp/data/open-tggates-pathological-images/LATEST/images/nitrosodiethylamine/Liver/52840.svs,False
52842,nitrosodiethylamine,Low,29 day,571,8,4,1,https://dbarchive.biosciencedbc.jp/data/open-tggates-pathological-images/LATEST/images/nitrosodiethylamine/Liver/52842.svs,False
52844,nitrosodiethylamine,Low,29 day,571,8,5,1,https://dbarchive.biosciencedbc.jp/data/open-tggates-pathological-images/LATEST/images/nitrosodiethylamine/Liver/52844.svs,False
52848,nitrosodiethylamine,Middle,29 day,571,12,1,1,https://dbarchive.biosciencedbc.jp/data/open-tggates-pathological-images/LATEST/images/nitrosodiethylamine/Liver/52848.svs,False
52849,nitrosodiethylamine,Middle,29 day,571,12,2,1,https://dbarchive.biosciencedbc.jp/data/open-tggates-pathological-images/LATEST/images/nitrosodiethylamine/Liver/52849.svs,False
52850,nitrosodiethylamine,Middle,29 day,571,12,3,1,https://dbarchive.biosciencedbc.jp/data/open-tggates-pathological-images/LATEST/images/nitrosodiethylamine/Liver/52850.svs,False
52851,nitrosodiethylamine,Middle,29 day,571,12,4,1,https://dbarchive.biosciencedbc.jp/data/open-tggates-pathological-images/LATEST/images/nitrosodiethylamine/Liver/52851.svs,False
52853,nitrosodiethylamine,Middle,29 day,571,12,5,1,https://dbarchive.biosciencedbc.jp/data/open-tggates-pathological-images/LATEST/images/nitrosodiethylamine/Liver/52853.svs,False
52635,nitrosodiethylamine,Control,4 day,571,1,1,1,https://dbarchive.biosciencedbc.jp/data/open-tggates-pathological-images/LATEST/images/nitrosodiethylamine/Liver/52635.svs,False
52639,nitrosodiethylamine,Control,4 day,571,1,2,1,https://dbarchive.biosciencedbc.jp/data/open-tggates-pathological-images/LATEST/images/nitrosodiethylamine/Liver/52639.svs,False
52642,nitrosodiethylamine,Control,4 day,571,1,3,1,https://dbarchive.biosciencedbc.jp/data/open-tggates-pathological-images/LATEST/images/nitrosodiethylamine/Liver/52642.svs,False
52646,nitrosodiethylamine,Control,4 day,571,1,4,1,https://dbarchive.biosciencedbc.jp/data/open-tggates-pathological-images/LATEST/images/nitrosodiethylamine/Liver/52646.svs,False
52650,nitrosodiethylamine,Control,4 day,571,1,5,1,https://dbarchive.biosciencedbc.jp/data/open-tggates-pathological-images/LATEST/images/nitrosodiethylamine/Liver/52650.svs,False
52679,nitrosodiethylamine,High,4 day,571,13,1,1,https://dbarchive.biosciencedbc.jp/data/open-tggates-pathological-images/LATEST/images/nitrosodiethylamine/Liver/52679.svs,False
52681,nitrosodiethylamine,High,4 day,571,13,2,1,https://dbarchive.biosciencedbc.jp/data/open-tggates-pathological-images/LATEST/images/nitrosodiethylamine/Liver/52681.svs,False
52684,nitrosodiethylamine,High,4 day,571,13,3,1,https://dbarchive.biosciencedbc.jp/data/open-tggates-pathological-images/LATEST/images/nitrosodiethylamine/Liver/52684.svs,False
53645,nitrosodiethylamine,High,4 day,571,13,4,1,https://dbarchive.biosciencedbc.jp/data/open-tggates-pathological-images/LATEST/images/nitrosodiethylamine/Liver/53645.svs,False
52689,nitrosodiethylamine,High,4 day,571,13,5,1,https://dbarchive.biosciencedbc.jp/data/open-tggates-pathological-images/LATEST/images/nitrosodiethylamine/Liver/52689.svs,False
52653,nitrosodiethylamine,Low,4 day,571,5,1,1,https://dbarchive.biosciencedbc.jp/data/open-tggates-pathological-images/LATEST/images/nitrosodiethylamine/Liver/52653.svs,False
52657,nitrosodiethylamine,Low,4 day,571,5,2,1,https://dbarchive.biosciencedbc.jp/data/open-tggates-pathological-images/LATEST/images/nitrosodiethylamine/Liver/52657.svs,False
52660,nitrosodiethylamine,Low,4 day,571,5,3,1,https://dbarchive.biosciencedbc.jp/data/open-tggates-pathological-images/LATEST/images/nitrosodiethylamine/Liver/52660.svs,False
52664,nitrosodiethylamine,Low,4 day,571,5,4,1,https://dbarchive.biosciencedbc.jp/data/open-tggates-pathological-images/LATEST/images/nitrosodiethylamine/Liver/52664.svs,False
52667,nitrosodiethylamine,Low,4 day,571,5,5,1,https://dbarchive.biosciencedbc.jp/data/open-tggates-pathological-images/LATEST/images/nitrosodiethylamine/Liver/52667.svs,False
52668,nitrosodiethylamine,Middle,4 day,571,9,1,1,https://dbarchive.biosciencedbc.jp/data/open-tggates-pathological-images/LATEST/images/nitrosodiethylamine/Liver/52668.svs,False
52669,nitrosodiethylamine,Middle,4 day,571,9,2,1,https://dbarchive.biosciencedbc.jp/data/open-tggates-pathological-images/LATEST/images/nitrosodiethylamine/Liver/52669.svs,False
52670,nitrosodiethylamine,Middle,4 day,571,9,3,1,https://dbarchive.biosciencedbc.jp/data/open-tggates-pathological-images/LATEST/images/nitrosodiethylamine/Liver/52670.svs,False
52671,nitrosodiethylamine,Middle,4 day,571,9,4,1,https://dbarchive.biosciencedbc.jp/data/open-tggates-pathological-images/LATEST/images/nitrosodiethylamine/Liver/52671.svs,False
52675,nitrosodiethylamine,Middle,4 day,571,9,5,1,https://dbarchive.biosciencedbc.jp/data/open-tggates-pathological-images/LATEST/images/nitrosodiethylamine/Liver/52675.svs,False
52693,nitrosodiethylamine,Control,8 day,571,2,1,1,https://dbarchive.biosciencedbc.jp/data/open-tggates-pathological-images/LATEST/images/nitrosodiethylamine/Liver/52693.svs,False
52697,nitrosodiethylamine,Control,8 day,571,2,2,1,https://dbarchive.biosciencedbc.jp/data/open-tggates-pathological-images/LATEST/images/nitrosodiethylamine/Liver/52697.svs,False
52700,nitrosodiethylamine,Control,8 day,571,2,3,1,https://dbarchive.biosciencedbc.jp/data/open-tggates-pathological-images/LATEST/images/nitrosodiethylamine/Liver/52700.svs,False
52704,nitrosodiethylamine,Control,8 day,571,2,4,1,https://dbarchive.biosciencedbc.jp/data/open-tggates-pathological-images/LATEST/images/nitrosodiethylamine/Liver/52704.svs,False
52707,nitrosodiethylamine,Control,8 day,571,2,5,1,https://dbarchive.biosciencedbc.jp/data/open-tggates-pathological-images/LATEST/images/nitrosodiethylamine/Liver/52707.svs,False
52745,nitrosodiethylamine,High,8 day,571,14,1,1,https://dbarchive.biosciencedbc.jp/data/open-tggates-pathological-images/LATEST/images/nitrosodiethylamine/Liver/52745.svs,False
52748,nitrosodiethylamine,High,8 day,571,14,2,1,https://dbarchive.biosciencedbc.jp/data/open-tggates-pathological-images/LATEST/images/nitrosodiethylamine/Liver/52748.svs,False
52750,nitrosodiethylamine,High,8 day,571,14,3,1,https://dbarchive.biosciencedbc.jp/data/open-tggates-pathological-images/LATEST/images/nitrosodiethylamine/Liver/52750.svs,False
52753,nitrosodiethylamine,High,8 day,571,14,4,1,https://dbarchive.biosciencedbc.jp/data/open-tggates-pathological-images/LATEST/images/nitrosodiethylamine/Liver/52753.svs,False
52756,nitrosodiethylamine,High,8 day,571,14,5,1,https://dbarchive.biosciencedbc.jp/data/open-tggates-pathological-images/LATEST/images/nitrosodiethylamine/Liver/52756.svs,False
52711,nitrosodiethylamine,Low,8 day,571,6,1,1,https://dbarchive.biosciencedbc.jp/data/open-tggates-pathological-images/LATEST/images/nitrosodiethylamine/Liver/52711.svs,False
52714,nitrosodiethylamine,Low,8 day,571,6,2,1,https://dbarchive.biosciencedbc.jp/data/open-tggates-pathological-images/LATEST/images/nitrosodiethylamine/Liver/52714.svs,False
52718,nitrosodiethylamine,Low,8 day,571,6,3,1,https://dbarchive.biosciencedbc.jp/data/open-tggates-pathological-images/LATEST/images/nitrosodiethylamine/Liver/52718.svs,False
52721,nitrosodiethylamine,Low,8 day,571,6,4,1,https://dbarchive.biosciencedbc.jp/data/open-tggates-pathological-images/LATEST/images/nitrosodiethylamine/Liver/52721.svs,False
52724,nitrosodiethylamine,Low,8 day,571,6,5,1,https://dbarchive.biosciencedbc.jp/data/open-tggates-pathological-images/LATEST/images/nitrosodiethylamine/Liver/52724.svs,False
52728,nitrosodiethylamine,Middle,8 day,571,10,1,1,https://dbarchive.biosciencedbc.jp/data/open-tggates-pathological-images/LATEST/images/nitrosodiethylamine/Liver/52728.svs,False
52731,nitrosodiethylamine,Middle,8 day,571,10,2,1,https://dbarchive.biosciencedbc.jp/data/open-tggates-pathological-images/LATEST/images/nitrosodiethylamine/Liver/52731.svs,False
52735,nitrosodiethylamine,Middle,8 day,571,10,3,1,https://dbarchive.biosciencedbc.jp/data/open-tggates-pathological-images/LATEST/images/nitrosodiethylamine/Liver/52735.svs,False
52738,nitrosodiethylamine,Middle,8 day,571,10,4,1,https://dbarchive.biosciencedbc.jp/data/open-tggates-pathological-images/LATEST/images/nitrosodiethylamine/Liver/52738.svs,False
52741,nitrosodiethylamine,Middle,8 day,571,10,5,1,https://dbarchive.biosciencedbc.jp/data/open-tggates-pathological-images/LATEST/images/nitrosodiethylamine/Liver/52741.svs,False
37405,papaverine,Control,15 day,432,3,1,1,https://dbarchive.biosciencedbc.jp/data/open-tggates-pathological-images/LATEST/images/papaverine/Liver/37405.svs,False
37409,papaverine,Control,15 day,432,3,2,1,https://dbarchive.biosciencedbc.jp/data/open-tggates-pathological-images/LATEST/images/papaverine/Liver/37409.svs,False
37414,papaverine,Control,15 day,432,3,3,1,https://dbarchive.biosciencedbc.jp/data/open-tggates-pathological-images/LATEST/images/papaverine/Liver/37414.svs,False
37419,papaverine,Control,15 day,432,3,4,1,https://dbarchive.biosciencedbc.jp/data/open-tggates-pathological-images/LATEST/images/papaverine/Liver/37419.svs,False
37424,papaverine,Control,15 day,432,3,5,1,https://dbarchive.biosciencedbc.jp/data/open-tggates-pathological-images/LATEST/images/papaverine/Liver/37424.svs,False
37772,papaverine,High,15 day,432,15,1,1,https://dbarchive.biosciencedbc.jp/data/open-tggates-pathological-images/LATEST/images/papaverine/Liver/37772.svs,False
37777,papaverine,High,15 day,432,15,2,1,https://dbarchive.biosciencedbc.jp/data/open-tggates-pathological-images/LATEST/images/papaverine/Liver/37777.svs,False
37782,papaverine,High,15 day,432,15,3,1,https://dbarchive.biosciencedbc.jp/data/open-tggates-pathological-images/LATEST/images/papaverine/Liver/37782.svs,False
37786,papaverine,High,15 day,432,15,4,1,https://dbarchive.biosciencedbc.jp/data/open-tggates-pathological-images/LATEST/images/papaverine/Liver/37786.svs,False
37791,papaverine,High,15 day,432,15,5,1,https://dbarchive.biosciencedbc.jp/data/open-tggates-pathological-images/LATEST/images/papaverine/Liver/37791.svs,False
37501,papaverine,Low,15 day,432,7,1,1,https://dbarchive.biosciencedbc.jp/data/open-tggates-pathological-images/LATEST/images/papaverine/Liver/37501.svs,False
37506,papaverine,Low,15 day,432,7,2,1,https://dbarchive.biosciencedbc.jp/data/open-tggates-pathological-images/LATEST/images/papaverine/Liver/37506.svs,False
37511,papaverine,Low,15 day,432,7,3,1,https://dbarchive.biosciencedbc.jp/data/open-tggates-pathological-images/LATEST/images/papaverine/Liver/37511.svs,False
37516,papaverine,Low,15 day,432,7,4,1,https://dbarchive.biosciencedbc.jp/data/open-tggates-pathological-images/LATEST/images/papaverine/Liver/37516.svs,False
37521,papaverine,Low,15 day,432,7,5,1,https://dbarchive.biosciencedbc.jp/data/open-tggates-pathological-images/LATEST/images/papaverine/Liver/37521.svs,False
37679,papaverine,Middle,15 day,432,11,1,1,https://dbarchive.biosciencedbc.jp/data/open-tggates-pathological-images/LATEST/images/papaverine/Liver/37679.svs,False
37683,papaverine,Middle,15 day,432,11,2,1,https://dbarchive.biosciencedbc.jp/data/open-tggates-pathological-images/LATEST/images/papaverine/Liver/37683.svs,False
37688,papaverine,Middle,15 day,432,11,3,1,https://dbarchive.biosciencedbc.jp/data/open-tggates-pathological-images/LATEST/images/papaverine/Liver/37688.svs,False
37693,papaverine,Middle,15 day,432,11,4,1,https://dbarchive.biosciencedbc.jp/data/open-tggates-pathological-images/LATEST/images/papaverine/Liver/37693.svs,False
37698,papaverine,Middle,15 day,432,11,5,1,https://dbarchive.biosciencedbc.jp/data/open-tggates-pathological-images/LATEST/images/papaverine/Liver/37698.svs,False
37429,papaverine,Control,29 day,432,4,1,1,https://dbarchive.biosciencedbc.jp/data/open-tggates-pathological-images/LATEST/images/papaverine/Liver/37429.svs,False
37434,papaverine,Control,29 day,432,4,2,1,https://dbarchive.biosciencedbc.jp/data/open-tggates-pathological-images/LATEST/images/papaverine/Liver/37434.svs,False
37439,papaverine,Control,29 day,432,4,3,1,https://dbarchive.biosciencedbc.jp/data/open-tggates-pathological-images/LATEST/images/papaverine/Liver/37439.svs,False
37444,papaverine,Control,29 day,432,4,4,1,https://dbarchive.biosciencedbc.jp/data/open-tggates-pathological-images/LATEST/images/papaverine/Liver/37444.svs,False
37449,papaverine,Control,29 day,432,4,5,1,https://dbarchive.biosciencedbc.jp/data/open-tggates-pathological-images/LATEST/images/papaverine/Liver/37449.svs,False
37796,papaverine,High,29 day,432,16,2,1,https://dbarchive.biosciencedbc.jp/data/open-tggates-pathological-images/LATEST/images/papaverine/Liver/37796.svs,False
37801,papaverine,High,29 day,432,16,3,1,https://dbarchive.biosciencedbc.jp/data/open-tggates-pathological-images/LATEST/images/papaverine/Liver/37801.svs,False
37806,papaverine,High,29 day,432,16,4,1,https://dbarchive.biosciencedbc.jp/data/open-tggates-pathological-images/LATEST/images/papaverine/Liver/37806.svs,False
37811,papaverine,High,29 day,432,16,5,1,https://dbarchive.biosciencedbc.jp/data/open-tggates-pathological-images/LATEST/images/papaverine/Liver/37811.svs,False
37526,papaverine,Low,29 day,432,8,1,1,https://dbarchive.biosciencedbc.jp/data/open-tggates-pathological-images/LATEST/images/papaverine/Liver/37526.svs,False
37531,papaverine,Low,29 day,432,8,2,1,https://dbarchive.biosciencedbc.jp/data/open-tggates-pathological-images/LATEST/images/papaverine/Liver/37531.svs,False
37536,papaverine,Low,29 day,432,8,3,1,https://dbarchive.biosciencedbc.jp/data/open-tggates-pathological-images/LATEST/images/papaverine/Liver/37536.svs,False
37542,papaverine,Low,29 day,432,8,4,1,https://dbarchive.biosciencedbc.jp/data/open-tggates-pathological-images/LATEST/images/papaverine/Liver/37542.svs,False
37548,papaverine,Low,29 day,432,8,5,1,https://dbarchive.biosciencedbc.jp/data/open-tggates-pathological-images/LATEST/images/papaverine/Liver/37548.svs,False
37702,papaverine,Middle,29 day,432,12,1,1,https://dbarchive.biosciencedbc.jp/data/open-tggates-pathological-images/LATEST/images/papaverine/Liver/37702.svs,False
37707,papaverine,Middle,29 day,432,12,2,1,https://dbarchive.biosciencedbc.jp/data/open-tggates-pathological-images/LATEST/images/papaverine/Liver/37707.svs,False
37711,papaverine,Middle,29 day,432,12,3,1,https://dbarchive.biosciencedbc.jp/data/open-tggates-pathological-images/LATEST/images/papaverine/Liver/37711.svs,False
37716,papaverine,Middle,29 day,432,12,4,1,https://dbarchive.biosciencedbc.jp/data/open-tggates-pathological-images/LATEST/images/papaverine/Liver/37716.svs,False
37721,papaverine,Middle,29 day,432,12,5,1,https://dbarchive.biosciencedbc.jp/data/open-tggates-pathological-images/LATEST/images/papaverine/Liver/37721.svs,False
37356,papaverine,Control,4 day,432,1,1,1,https://dbarchive.biosciencedbc.jp/data/open-tggates-pathological-images/LATEST/images/papaverine/Liver/37356.svs,False
37360,papaverine,Control,4 day,432,1,2,1,https://dbarchive.biosciencedbc.jp/data/open-tggates-pathological-images/LATEST/images/papaverine/Liver/37360.svs,False
37365,papaverine,Control,4 day,432,1,3,1,https://dbarchive.biosciencedbc.jp/data/open-tggates-pathological-images/LATEST/images/papaverine/Liver/37365.svs,False
37370,papaverine,Control,4 day,432,1,4,1,https://dbarchive.biosciencedbc.jp/data/open-tggates-pathological-images/LATEST/images/papaverine/Liver/37370.svs,False
37375,papaverine,Control,4 day,432,1,5,1,https://dbarchive.biosciencedbc.jp/data/open-tggates-pathological-images/LATEST/images/papaverine/Liver/37375.svs,False
37726,papaverine,High,4 day,432,13,1,1,https://dbarchive.biosciencedbc.jp/data/open-tggates-pathological-images/LATEST/images/papaverine/Liver/37726.svs,False
37730,papaverine,High,4 day,432,13,2,1,https://dbarchive.biosciencedbc.jp/data/open-tggates-pathological-images/LATEST/images/papaverine/Liver/37730.svs,False
37735,papaverine,High,4 day,432,13,3,1,https://dbarchive.biosciencedbc.jp/data/open-tggates-pathological-images/LATEST/images/papaverine/Liver/37735.svs,False
37739,papaverine,High,4 day,432,13,4,1,https://dbarchive.biosciencedbc.jp/data/open-tggates-pathological-images/LATEST/images/papaverine/Liver/37739.svs,False
37744,papaverine,High,4 day,432,13,5,1,https://dbarchive.biosciencedbc.jp/data/open-tggates-pathological-images/LATEST/images/papaverine/Liver/37744.svs,False
37454,papaverine,Low,4 day,432,5,1,1,https://dbarchive.biosciencedbc.jp/data/open-tggates-pathological-images/LATEST/images/papaverine/Liver/37454.svs,False
37459,papaverine,Low,4 day,432,5,2,1,https://dbarchive.biosciencedbc.jp/data/open-tggates-pathological-images/LATEST/images/papaverine/Liver/37459.svs,False
37463,papaverine,Low,4 day,432,5,3,1,https://dbarchive.biosciencedbc.jp/data/open-tggates-pathological-images/LATEST/images/papaverine/Liver/37463.svs,False
37468,papaverine,Low,4 day,432,5,4,1,https://dbarchive.biosciencedbc.jp/data/open-tggates-pathological-images/LATEST/images/papaverine/Liver/37468.svs,False
37473,papaverine,Low,4 day,432,5,5,1,https://dbarchive.biosciencedbc.jp/data/open-tggates-pathological-images/LATEST/images/papaverine/Liver/37473.svs,False
37634,papaverine,Middle,4 day,432,9,1,1,https://dbarchive.biosciencedbc.jp/data/open-tggates-pathological-images/LATEST/images/papaverine/Liver/37634.svs,False
37638,papaverine,Middle,4 day,432,9,2,1,https://dbarchive.biosciencedbc.jp/data/open-tggates-pathological-images/LATEST/images/papaverine/Liver/37638.svs,False
37643,papaverine,Middle,4 day,432,9,3,1,https://dbarchive.biosciencedbc.jp/data/open-tggates-pathological-images/LATEST/images/papaverine/Liver/37643.svs,False
37647,papaverine,Middle,4 day,432,9,4,1,https://dbarchive.biosciencedbc.jp/data/open-tggates-pathological-images/LATEST/images/papaverine/Liver/37647.svs,False
37652,papaverine,Middle,4 day,432,9,5,1,https://dbarchive.biosciencedbc.jp/data/open-tggates-pathological-images/LATEST/images/papaverine/Liver/37652.svs,False
37380,papaverine,Control,8 day,432,2,1,1,https://dbarchive.biosciencedbc.jp/data/open-tggates-pathological-images/LATEST/images/papaverine/Liver/37380.svs,False
37385,papaverine,Control,8 day,432,2,2,1,https://dbarchive.biosciencedbc.jp/data/open-tggates-pathological-images/LATEST/images/papaverine/Liver/37385.svs,False
37390,papaverine,Control,8 day,432,2,3,1,https://dbarchive.biosciencedbc.jp/data/open-tggates-pathological-images/LATEST/images/papaverine/Liver/37390.svs,False
37395,papaverine,Control,8 day,432,2,4,1,https://dbarchive.biosciencedbc.jp/data/open-tggates-pathological-images/LATEST/images/papaverine/Liver/37395.svs,False
37400,papaverine,Control,8 day,432,2,5,1,https://dbarchive.biosciencedbc.jp/data/open-tggates-pathological-images/LATEST/images/papaverine/Liver/37400.svs,False
37749,papaverine,High,8 day,432,14,1,1,https://dbarchive.biosciencedbc.jp/data/open-tggates-pathological-images/LATEST/images/papaverine/Liver/37749.svs,False
37754,papaverine,High,8 day,432,14,2,1,https://dbarchive.biosciencedbc.jp/data/open-tggates-pathological-images/LATEST/images/papaverine/Liver/37754.svs,False
37758,papaverine,High,8 day,432,14,3,1,https://dbarchive.biosciencedbc.jp/data/open-tggates-pathological-images/LATEST/images/papaverine/Liver/37758.svs,False
37763,papaverine,High,8 day,432,14,4,1,https://dbarchive.biosciencedbc.jp/data/open-tggates-pathological-images/LATEST/images/papaverine/Liver/37763.svs,False
37768,papaverine,High,8 day,432,14,5,1,https://dbarchive.biosciencedbc.jp/data/open-tggates-pathological-images/LATEST/images/papaverine/Liver/37768.svs,False
37478,papaverine,Low,8 day,432,6,1,1,https://dbarchive.biosciencedbc.jp/data/open-tggates-pathological-images/LATEST/images/papaverine/Liver/37478.svs,False
37482,papaverine,Low,8 day,432,6,2,1,https://dbarchive.biosciencedbc.jp/data/open-tggates-pathological-images/LATEST/images/papaverine/Liver/37482.svs,False
37487,papaverine,Low,8 day,432,6,3,1,https://dbarchive.biosciencedbc.jp/data/open-tggates-pathological-images/LATEST/images/papaverine/Liver/37487.svs,False
37492,papaverine,Low,8 day,432,6,4,1,https://dbarchive.biosciencedbc.jp/data/open-tggates-pathological-images/LATEST/images/papaverine/Liver/37492.svs,False
37497,papaverine,Low,8 day,432,6,5,1,https://dbarchive.biosciencedbc.jp/data/open-tggates-pathological-images/LATEST/images/papaverine/Liver/37497.svs,False
37656,papaverine,Middle,8 day,432,10,1,1,https://dbarchive.biosciencedbc.jp/data/open-tggates-pathological-images/LATEST/images/papaverine/Liver/37656.svs,False
37661,papaverine,Middle,8 day,432,10,2,1,https://dbarchive.biosciencedbc.jp/data/open-tggates-pathological-images/LATEST/images/papaverine/Liver/37661.svs,False
37665,papaverine,Middle,8 day,432,10,3,1,https://dbarchive.biosciencedbc.jp/data/open-tggates-pathological-images/LATEST/images/papaverine/Liver/37665.svs,False
37670,papaverine,Middle,8 day,432,10,4,1,https://dbarchive.biosciencedbc.jp/data/open-tggates-pathological-images/LATEST/images/papaverine/Liver/37670.svs,False
37674,papaverine,Middle,8 day,432,10,5,1,https://dbarchive.biosciencedbc.jp/data/open-tggates-pathological-images/LATEST/images/papaverine/Liver/37674.svs,False
59239,phalloidin,Control,4 day,481,1,1,1,https://dbarchive.biosciencedbc.jp/data/open-tggates-pathological-images/LATEST/images/phalloidin/Liver/59239.svs,False
59242,phalloidin,Control,4 day,481,1,2,1,https://dbarchive.biosciencedbc.jp/data/open-tggates-pathological-images/LATEST/images/phalloidin/Liver/59242.svs,False
59245,phalloidin,Control,4 day,481,1,3,1,https://dbarchive.biosciencedbc.jp/data/open-tggates-pathological-images/LATEST/images/phalloidin/Liver/59245.svs,False
59248,phalloidin,Control,4 day,481,1,4,1,https://dbarchive.biosciencedbc.jp/data/open-tggates-pathological-images/LATEST/images/phalloidin/Liver/59248.svs,False
59251,phalloidin,Control,4 day,481,1,5,1,https://dbarchive.biosciencedbc.jp/data/open-tggates-pathological-images/LATEST/images/phalloidin/Liver/59251.svs,False
59269,phalloidin,High,4 day,481,3,1,1,https://dbarchive.biosciencedbc.jp/data/open-tggates-pathological-images/LATEST/images/phalloidin/Liver/59269.svs,False
59272,phalloidin,High,4 day,481,3,2,1,https://dbarchive.biosciencedbc.jp/data/open-tggates-pathological-images/LATEST/images/phalloidin/Liver/59272.svs,False
59275,phalloidin,High,4 day,481,3,3,1,https://dbarchive.biosciencedbc.jp/data/open-tggates-pathological-images/LATEST/images/phalloidin/Liver/59275.svs,False
59278,phalloidin,High,4 day,481,3,4,1,https://dbarchive.biosciencedbc.jp/data/open-tggates-pathological-images/LATEST/images/phalloidin/Liver/59278.svs,False
59281,phalloidin,High,4 day,481,3,5,1,https://dbarchive.biosciencedbc.jp/data/open-tggates-pathological-images/LATEST/images/phalloidin/Liver/59281.svs,False
59254,phalloidin,Control,8 day,481,2,1,1,https://dbarchive.biosciencedbc.jp/data/open-tggates-pathological-images/LATEST/images/phalloidin/Liver/59254.svs,False
59257,phalloidin,Control,8 day,481,2,2,1,https://dbarchive.biosciencedbc.jp/data/open-tggates-pathological-images/LATEST/images/phalloidin/Liver/59257.svs,False
71080,phalloidin,Control,8 day,481,2,3,1,https://dbarchive.biosciencedbc.jp/data/open-tggates-pathological-images/LATEST/images/phalloidin/Liver/71080.svs,False
71081,phalloidin,Control,8 day,481,2,4,1,https://dbarchive.biosciencedbc.jp/data/open-tggates-pathological-images/LATEST/images/phalloidin/Liver/71081.svs,False
59266,phalloidin,Control,8 day,481,2,5,1,https://dbarchive.biosciencedbc.jp/data/open-tggates-pathological-images/LATEST/images/phalloidin/Liver/59266.svs,False
59284,phalloidin,High,8 day,481,4,1,1,https://dbarchive.biosciencedbc.jp/data/open-tggates-pathological-images/LATEST/images/phalloidin/Liver/59284.svs,False
59287,phalloidin,High,8 day,481,4,2,1,https://dbarchive.biosciencedbc.jp/data/open-tggates-pathological-images/LATEST/images/phalloidin/Liver/59287.svs,False
59290,phalloidin,High,8 day,481,4,3,1,https://dbarchive.biosciencedbc.jp/data/open-tggates-pathological-images/LATEST/images/phalloidin/Liver/59290.svs,False
59293,phalloidin,High,8 day,481,4,4,1,https://dbarchive.biosciencedbc.jp/data/open-tggates-pathological-images/LATEST/images/phalloidin/Liver/59293.svs,False
59296,phalloidin,High,8 day,481,4,5,1,https://dbarchive.biosciencedbc.jp/data/open-tggates-pathological-images/LATEST/images/phalloidin/Liver/59296.svs,False
48870,phenacetin,Control,15 day,594,3,1,1,https://dbarchive.biosciencedbc.jp/data/open-tggates-pathological-images/LATEST/images/phenacetin/Liver/48870.svs,False
48876,phenacetin,Control,15 day,594,3,2,1,https://dbarchive.biosciencedbc.jp/data/open-tggates-pathological-images/LATEST/images/phenacetin/Liver/48876.svs,False
48881,phenacetin,Control,15 day,594,3,3,1,https://dbarchive.biosciencedbc.jp/data/open-tggates-pathological-images/LATEST/images/phenacetin/Liver/48881.svs,False
48886,phenacetin,Control,15 day,594,3,4,1,https://dbarchive.biosciencedbc.jp/data/open-tggates-pathological-images/LATEST/images/phenacetin/Liver/48886.svs,False
48891,phenacetin,Control,15 day,594,3,5,1,https://dbarchive.biosciencedbc.jp/data/open-tggates-pathological-images/LATEST/images/phenacetin/Liver/48891.svs,False
49072,phenacetin,High,15 day,594,15,1,1,https://dbarchive.biosciencedbc.jp/data/open-tggates-pathological-images/LATEST/images/phenacetin/Liver/49072.svs,False
49074,phenacetin,High,15 day,594,15,2,1,https://dbarchive.biosciencedbc.jp/data/open-tggates-pathological-images/LATEST/images/phenacetin/Liver/49074.svs,False
49076,phenacetin,High,15 day,594,15,3,1,https://dbarchive.biosciencedbc.jp/data/open-tggates-pathological-images/LATEST/images/phenacetin/Liver/49076.svs,False
49078,phenacetin,High,15 day,594,15,4,1,https://dbarchive.biosciencedbc.jp/data/open-tggates-pathological-images/LATEST/images/phenacetin/Liver/49078.svs,False
49080,phenacetin,High,15 day,594,15,5,1,https://dbarchive.biosciencedbc.jp/data/open-tggates-pathological-images/LATEST/images/phenacetin/Liver/49080.svs,False
48977,phenacetin,Low,15 day,594,7,1,1,https://dbarchive.biosciencedbc.jp/data/open-tggates-pathological-images/LATEST/images/phenacetin/Liver/48977.svs,False
48983,phenacetin,Low,15 day,594,7,2,1,https://dbarchive.biosciencedbc.jp/data/open-tggates-pathological-images/LATEST/images/phenacetin/Liver/48983.svs,False
48988,phenacetin,Low,15 day,594,7,3,1,https://dbarchive.biosciencedbc.jp/data/open-tggates-pathological-images/LATEST/images/phenacetin/Liver/48988.svs,False
48993,phenacetin,Low,15 day,594,7,4,1,https://dbarchive.biosciencedbc.jp/data/open-tggates-pathological-images/LATEST/images/phenacetin/Liver/48993.svs,False
48998,phenacetin,Low,15 day,594,7,5,1,https://dbarchive.biosciencedbc.jp/data/open-tggates-pathological-images/LATEST/images/phenacetin/Liver/48998.svs,False
49032,phenacetin,Middle,15 day,594,11,1,1,https://dbarchive.biosciencedbc.jp/data/open-tggates-pathological-images/LATEST/images/phenacetin/Liver/49032.svs,False
49034,phenacetin,Middle,15 day,594,11,2,1,https://dbarchive.biosciencedbc.jp/data/open-tggates-pathological-images/LATEST/images/phenacetin/Liver/49034.svs,False
49036,phenacetin,Middle,15 day,594,11,3,1,https://dbarchive.biosciencedbc.jp/data/open-tggates-pathological-images/LATEST/images/phenacetin/Liver/49036.svs,False
49038,phenacetin,Middle,15 day,594,11,4,1,https://dbarchive.biosciencedbc.jp/data/open-tggates-pathological-images/LATEST/images/phenacetin/Liver/49038.svs,False
49040,phenacetin,Middle,15 day,594,11,5,1,https://dbarchive.biosciencedbc.jp/data/open-tggates-pathological-images/LATEST/images/phenacetin/Liver/49040.svs,False
48896,phenacetin,Control,29 day,594,4,1,1,https://dbarchive.biosciencedbc.jp/data/open-tggates-pathological-images/LATEST/images/phenacetin/Liver/48896.svs,False
48902,phenacetin,Control,29 day,594,4,2,1,https://dbarchive.biosciencedbc.jp/data/open-tggates-pathological-images/LATEST/images/phenacetin/Liver/48902.svs,False
48908,phenacetin,Control,29 day,594,4,3,1,https://dbarchive.biosciencedbc.jp/data/open-tggates-pathological-images/LATEST/images/phenacetin/Liver/48908.svs,False
48914,phenacetin,Control,29 day,594,4,4,1,https://dbarchive.biosciencedbc.jp/data/open-tggates-pathological-images/LATEST/images/phenacetin/Liver/48914.svs,False
48920,phenacetin,Control,29 day,594,4,5,1,https://dbarchive.biosciencedbc.jp/data/open-tggates-pathological-images/LATEST/images/phenacetin/Liver/48920.svs,False
49082,phenacetin,High,29 day,594,16,1,1,https://dbarchive.biosciencedbc.jp/data/open-tggates-pathological-images/LATEST/images/phenacetin/Liver/49082.svs,False
49084,phenacetin,High,29 day,594,16,2,1,https://dbarchive.biosciencedbc.jp/data/open-tggates-pathological-images/LATEST/images/phenacetin/Liver/49084.svs,False
49086,phenacetin,High,29 day,594,16,3,1,https://dbarchive.biosciencedbc.jp/data/open-tggates-pathological-images/LATEST/images/phenacetin/Liver/49086.svs,False
49088,phenacetin,High,29 day,594,16,4,1,https://dbarchive.biosciencedbc.jp/data/open-tggates-pathological-images/LATEST/images/phenacetin/Liver/49088.svs,False
49090,phenacetin,High,29 day,594,16,5,1,https://dbarchive.biosciencedbc.jp/data/open-tggates-pathological-images/LATEST/images/phenacetin/Liver/49090.svs,False
49002,phenacetin,Low,29 day,594,8,1,1,https://dbarchive.biosciencedbc.jp/data/open-tggates-pathological-images/LATEST/images/phenacetin/Liver/49002.svs,False
49004,phenacetin,Low,29 day,594,8,2,1,https://dbarchive.biosciencedbc.jp/data/open-tggates-pathological-images/LATEST/images/phenacetin/Liver/49004.svs,False
49006,phenacetin,Low,29 day,594,8,3,1,https://dbarchive.biosciencedbc.jp/data/open-tggates-pathological-images/LATEST/images/phenacetin/Liver/49006.svs,False
49008,phenacetin,Low,29 day,594,8,4,1,https://dbarchive.biosciencedbc.jp/data/open-tggates-pathological-images/LATEST/images/phenacetin/Liver/49008.svs,False
49010,phenacetin,Low,29 day,594,8,5,1,https://dbarchive.biosciencedbc.jp/data/open-tggates-pathological-images/LATEST/images/phenacetin/Liver/49010.svs,False
49042,phenacetin,Middle,29 day,594,12,1,1,https://dbarchive.biosciencedbc.jp/data/open-tggates-pathological-images/LATEST/images/phenacetin/Liver/49042.svs,False
49044,phenacetin,Middle,29 day,594,12,2,1,https://dbarchive.biosciencedbc.jp/data/open-tggates-pathological-images/LATEST/images/phenacetin/Liver/49044.svs,False
49046,phenacetin,Middle,29 day,594,12,3,1,https://dbarchive.biosciencedbc.jp/data/open-tggates-pathological-images/LATEST/images/phenacetin/Liver/49046.svs,False
49048,phenacetin,Middle,29 day,594,12,4,1,https://dbarchive.biosciencedbc.jp/data/open-tggates-pathological-images/LATEST/images/phenacetin/Liver/49048.svs,False
70759,phenacetin,Middle,29 day,594,12,5,1,https://dbarchive.biosciencedbc.jp/data/open-tggates-pathological-images/LATEST/images/phenacetin/Liver/70759.svs,False
48816,phenacetin,Control,4 day,594,1,1,1,https://dbarchive.biosciencedbc.jp/data/open-tggates-pathological-images/LATEST/images/phenacetin/Liver/48816.svs,False
48821,phenacetin,Control,4 day,594,1,2,1,https://dbarchive.biosciencedbc.jp/data/open-tggates-pathological-images/LATEST/images/phenacetin/Liver/48821.svs,False
48827,phenacetin,Control,4 day,594,1,3,1,https://dbarchive.biosciencedbc.jp/data/open-tggates-pathological-images/LATEST/images/phenacetin/Liver/48827.svs,False
48834,phenacetin,Control,4 day,594,1,4,1,https://dbarchive.biosciencedbc.jp/data/open-tggates-pathological-images/LATEST/images/phenacetin/Liver/48834.svs,False
48839,phenacetin,Control,4 day,594,1,5,1,https://dbarchive.biosciencedbc.jp/data/open-tggates-pathological-images/LATEST/images/phenacetin/Liver/48839.svs,False
49052,phenacetin,High,4 day,594,13,1,1,https://dbarchive.biosciencedbc.jp/data/open-tggates-pathological-images/LATEST/images/phenacetin/Liver/49052.svs,False
49054,phenacetin,High,4 day,594,13,2,1,https://dbarchive.biosciencedbc.jp/data/open-tggates-pathological-images/LATEST/images/phenacetin/Liver/49054.svs,False
49056,phenacetin,High,4 day,594,13,3,1,https://dbarchive.biosciencedbc.jp/data/open-tggates-pathological-images/LATEST/images/phenacetin/Liver/49056.svs,False
49058,phenacetin,High,4 day,594,13,4,1,https://dbarchive.biosciencedbc.jp/data/open-tggates-pathological-images/LATEST/images/phenacetin/Liver/49058.svs,False
49060,phenacetin,High,4 day,594,13,5,1,https://dbarchive.biosciencedbc.jp/data/open-tggates-pathological-images/LATEST/images/phenacetin/Liver/49060.svs,False
48926,phenacetin,Low,4 day,594,5,1,1,https://dbarchive.biosciencedbc.jp/data/open-tggates-pathological-images/LATEST/images/phenacetin/Liver/48926.svs,False
48931,phenacetin,Low,4 day,594,5,2,1,https://dbarchive.biosciencedbc.jp/data/open-tggates-pathological-images/LATEST/images/phenacetin/Liver/48931.svs,False
48936,phenacetin,Low,4 day,594,5,3,1,https://dbarchive.biosciencedbc.jp/data/open-tggates-pathological-images/LATEST/images/phenacetin/Liver/48936.svs,False
48941,phenacetin,Low,4 day,594,5,4,1,https://dbarchive.biosciencedbc.jp/data/open-tggates-pathological-images/LATEST/images/phenacetin/Liver/48941.svs,False
48946,phenacetin,Low,4 day,594,5,5,1,https://dbarchive.biosciencedbc.jp/data/open-tggates-pathological-images/LATEST/images/phenacetin/Liver/48946.svs,False
49012,phenacetin,Middle,4 day,594,9,1,1,https://dbarchive.biosciencedbc.jp/data/open-tggates-pathological-images/LATEST/images/phenacetin/Liver/49012.svs,False
49014,phenacetin,Middle,4 day,594,9,2,1,https://dbarchive.biosciencedbc.jp/data/open-tggates-pathological-images/LATEST/images/phenacetin/Liver/49014.svs,False
49016,phenacetin,Middle,4 day,594,9,3,1,https://dbarchive.biosciencedbc.jp/data/open-tggates-pathological-images/LATEST/images/phenacetin/Liver/49016.svs,False
49018,phenacetin,Middle,4 day,594,9,4,1,https://dbarchive.biosciencedbc.jp/data/open-tggates-pathological-images/LATEST/images/phenacetin/Liver/49018.svs,False
49020,phenacetin,Middle,4 day,594,9,5,1,https://dbarchive.biosciencedbc.jp/data/open-tggates-pathological-images/LATEST/images/phenacetin/Liver/49020.svs,False
48844,phenacetin,Control,8 day,594,2,1,1,https://dbarchive.biosciencedbc.jp/data/open-tggates-pathological-images/LATEST/images/phenacetin/Liver/48844.svs,False
48849,phenacetin,Control,8 day,594,2,2,1,https://dbarchive.biosciencedbc.jp/data/open-tggates-pathological-images/LATEST/images/phenacetin/Liver/48849.svs,False
48854,phenacetin,Control,8 day,594,2,3,1,https://dbarchive.biosciencedbc.jp/data/open-tggates-pathological-images/LATEST/images/phenacetin/Liver/48854.svs,False
48859,phenacetin,Control,8 day,594,2,4,1,https://dbarchive.biosciencedbc.jp/data/open-tggates-pathological-images/LATEST/images/phenacetin/Liver/48859.svs,False
48865,phenacetin,Control,8 day,594,2,5,1,https://dbarchive.biosciencedbc.jp/data/open-tggates-pathological-images/LATEST/images/phenacetin/Liver/48865.svs,False
49062,phenacetin,High,8 day,594,14,1,1,https://dbarchive.biosciencedbc.jp/data/open-tggates-pathological-images/LATEST/images/phenacetin/Liver/49062.svs,False
49064,phenacetin,High,8 day,594,14,2,1,https://dbarchive.biosciencedbc.jp/data/open-tggates-pathological-images/LATEST/images/phenacetin/Liver/49064.svs,False
49066,phenacetin,High,8 day,594,14,3,1,https://dbarchive.biosciencedbc.jp/data/open-tggates-pathological-images/LATEST/images/phenacetin/Liver/49066.svs,False
49068,phenacetin,High,8 day,594,14,4,1,https://dbarchive.biosciencedbc.jp/data/open-tggates-pathological-images/LATEST/images/phenacetin/Liver/49068.svs,False
70760,phenacetin,High,8 day,594,14,5,1,https://dbarchive.biosciencedbc.jp/data/open-tggates-pathological-images/LATEST/images/phenacetin/Liver/70760.svs,False
48951,phenacetin,Low,8 day,594,6,1,1,https://dbarchive.biosciencedbc.jp/data/open-tggates-pathological-images/LATEST/images/phenacetin/Liver/48951.svs,False
48957,phenacetin,Low,8 day,594,6,2,1,https://dbarchive.biosciencedbc.jp/data/open-tggates-pathological-images/LATEST/images/phenacetin/Liver/48957.svs,False
48962,phenacetin,Low,8 day,594,6,3,1,https://dbarchive.biosciencedbc.jp/data/open-tggates-pathological-images/LATEST/images/phenacetin/Liver/48962.svs,False
48967,phenacetin,Low,8 day,594,6,4,1,https://dbarchive.biosciencedbc.jp/data/open-tggates-pathological-images/LATEST/images/phenacetin/Liver/48967.svs,False
48972,phenacetin,Low,8 day,594,6,5,1,https://dbarchive.biosciencedbc.jp/data/open-tggates-pathological-images/LATEST/images/phenacetin/Liver/48972.svs,False
49022,phenacetin,Middle,8 day,594,10,1,1,https://dbarchive.biosciencedbc.jp/data/open-tggates-pathological-images/LATEST/images/phenacetin/Liver/49022.svs,False
49024,phenacetin,Middle,8 day,594,10,2,1,https://dbarchive.biosciencedbc.jp/data/open-tggates-pathological-images/LATEST/images/phenacetin/Liver/49024.svs,False
49026,phenacetin,Middle,8 day,594,10,3,1,https://dbarchive.biosciencedbc.jp/data/open-tggates-pathological-images/LATEST/images/phenacetin/Liver/49026.svs,False
49028,phenacetin,Middle,8 day,594,10,4,1,https://dbarchive.biosciencedbc.jp/data/open-tggates-pathological-images/LATEST/images/phenacetin/Liver/49028.svs,False
49030,phenacetin,Middle,8 day,594,10,5,1,https://dbarchive.biosciencedbc.jp/data/open-tggates-pathological-images/LATEST/images/phenacetin/Liver/49030.svs,False
25540,phenobarbital,Control,15 day,93,3,1,2,https://dbarchive.biosciencedbc.jp/data/open-tggates-pathological-images/LATEST/images/phenobarbital/Liver/25540.svs,True
25543,phenobarbital,Control,15 day,93,3,2,2,https://dbarchive.biosciencedbc.jp/data/open-tggates-pathological-images/LATEST/images/phenobarbital/Liver/25543.svs,True
25545,phenobarbital,Control,15 day,93,3,3,2,https://dbarchive.biosciencedbc.jp/data/open-tggates-pathological-images/LATEST/images/phenobarbital/Liver/25545.svs,True
25548,phenobarbital,Control,15 day,93,3,4,2,https://dbarchive.biosciencedbc.jp/data/open-tggates-pathological-images/LATEST/images/phenobarbital/Liver/25548.svs,True
25550,phenobarbital,Control,15 day,93,3,5,2,https://dbarchive.biosciencedbc.jp/data/open-tggates-pathological-images/LATEST/images/phenobarbital/Liver/25550.svs,True
25666,phenobarbital,High,15 day,93,15,1,2,https://dbarchive.biosciencedbc.jp/data/open-tggates-pathological-images/LATEST/images/phenobarbital/Liver/25666.svs,True
25668,phenobarbital,High,15 day,93,15,2,2,https://dbarchive.biosciencedbc.jp/data/open-tggates-pathological-images/LATEST/images/phenobarbital/Liver/25668.svs,True
25670,phenobarbital,High,15 day,93,15,3,2,https://dbarchive.biosciencedbc.jp/data/open-tggates-pathological-images/LATEST/images/phenobarbital/Liver/25670.svs,True
25672,phenobarbital,High,15 day,93,15,4,2,https://dbarchive.biosciencedbc.jp/data/open-tggates-pathological-images/LATEST/images/phenobarbital/Liver/25672.svs,True
25673,phenobarbital,High,15 day,93,15,5,2,https://dbarchive.biosciencedbc.jp/data/open-tggates-pathological-images/LATEST/images/phenobarbital/Liver/25673.svs,True
25587,phenobarbital,Low,15 day,93,7,1,2,https://dbarchive.biosciencedbc.jp/data/open-tggates-pathological-images/LATEST/images/phenobarbital/Liver/25587.svs,True
25589,phenobarbital,Low,15 day,93,7,2,2,https://dbarchive.biosciencedbc.jp/data/open-tggates-pathological-images/LATEST/images/phenobarbital/Liver/25589.svs,True
25591,phenobarbital,Low,15 day,93,7,3,2,https://dbarchive.biosciencedbc.jp/data/open-tggates-pathological-images/LATEST/images/phenobarbital/Liver/25591.svs,True
25593,phenobarbital,Low,15 day,93,7,4,2,https://dbarchive.biosciencedbc.jp/data/open-tggates-pathological-images/LATEST/images/phenobarbital/Liver/25593.svs,True
25595,phenobarbital,Low,15 day,93,7,5,2,https://dbarchive.biosciencedbc.jp/data/open-tggates-pathological-images/LATEST/images/phenobarbital/Liver/25595.svs,True
25626,phenobarbital,Middle,15 day,93,11,1,2,https://dbarchive.biosciencedbc.jp/data/open-tggates-pathological-images/LATEST/images/phenobarbital/Liver/25626.svs,True
25628,phenobarbital,Middle,15 day,93,11,2,2,https://dbarchive.biosciencedbc.jp/data/open-tggates-pathological-images/LATEST/images/phenobarbital/Liver/25628.svs,True
25629,phenobarbital,Middle,15 day,93,11,3,2,https://dbarchive.biosciencedbc.jp/data/open-tggates-pathological-images/LATEST/images/phenobarbital/Liver/25629.svs,True
25631,phenobarbital,Middle,15 day,93,11,4,2,https://dbarchive.biosciencedbc.jp/data/open-tggates-pathological-images/LATEST/images/phenobarbital/Liver/25631.svs,True
25633,phenobarbital,Middle,15 day,93,11,5,2,https://dbarchive.biosciencedbc.jp/data/open-tggates-pathological-images/LATEST/images/phenobarbital/Liver/25633.svs,True
25552,phenobarbital,Control,29 day,93,4,1,2,https://dbarchive.biosciencedbc.jp/data/open-tggates-pathological-images/LATEST/images/phenobarbital/Liver/25552.svs,True
25555,phenobarbital,Control,29 day,93,4,2,2,https://dbarchive.biosciencedbc.jp/data/open-tggates-pathological-images/LATEST/images/phenobarbital/Liver/25555.svs,True
25557,phenobarbital,Control,29 day,93,4,3,2,https://dbarchive.biosciencedbc.jp/data/open-tggates-pathological-images/LATEST/images/phenobarbital/Liver/25557.svs,True
25560,phenobarbital,Control,29 day,93,4,4,2,https://dbarchive.biosciencedbc.jp/data/open-tggates-pathological-images/LATEST/images/phenobarbital/Liver/25560.svs,True
25562,phenobarbital,Control,29 day,93,4,5,2,https://dbarchive.biosciencedbc.jp/data/open-tggates-pathological-images/LATEST/images/phenobarbital/Liver/25562.svs,True
25675,phenobarbital,High,29 day,93,16,1,2,https://dbarchive.biosciencedbc.jp/data/open-tggates-pathological-images/LATEST/images/phenobarbital/Liver/25675.svs,True
25678,phenobarbital,High,29 day,93,16,2,2,https://dbarchive.biosciencedbc.jp/data/open-tggates-pathological-images/LATEST/images/phenobarbital/Liver/25678.svs,True
25680,phenobarbital,High,29 day,93,16,3,2,https://dbarchive.biosciencedbc.jp/data/open-tggates-pathological-images/LATEST/images/phenobarbital/Liver/25680.svs,True
25682,phenobarbital,High,29 day,93,16,4,2,https://dbarchive.biosciencedbc.jp/data/open-tggates-pathological-images/LATEST/images/phenobarbital/Liver/25682.svs,True
25683,phenobarbital,High,29 day,93,16,5,2,https://dbarchive.biosciencedbc.jp/data/open-tggates-pathological-images/LATEST/images/phenobarbital/Liver/25683.svs,True
25597,phenobarbital,Low,29 day,93,8,1,2,https://dbarchive.biosciencedbc.jp/data/open-tggates-pathological-images/LATEST/images/phenobarbital/Liver/25597.svs,True
25599,phenobarbital,Low,29 day,93,8,2,2,https://dbarchive.biosciencedbc.jp/data/open-tggates-pathological-images/LATEST/images/phenobarbital/Liver/25599.svs,True
25601,phenobarbital,Low,29 day,93,8,3,2,https://dbarchive.biosciencedbc.jp/data/open-tggates-pathological-images/LATEST/images/phenobarbital/Liver/25601.svs,True
25603,phenobarbital,Low,29 day,93,8,4,2,https://dbarchive.biosciencedbc.jp/data/open-tggates-pathological-images/LATEST/images/phenobarbital/Liver/25603.svs,True
25605,phenobarbital,Low,29 day,93,8,5,2,https://dbarchive.biosciencedbc.jp/data/open-tggates-pathological-images/LATEST/images/phenobarbital/Liver/25605.svs,True
25635,phenobarbital,Middle,29 day,93,12,1,2,https://dbarchive.biosciencedbc.jp/data/open-tggates-pathological-images/LATEST/images/phenobarbital/Liver/25635.svs,True
25637,phenobarbital,Middle,29 day,93,12,2,2,https://dbarchive.biosciencedbc.jp/data/open-tggates-pathological-images/LATEST/images/phenobarbital/Liver/25637.svs,True
25640,phenobarbital,Middle,29 day,93,12,3,2,https://dbarchive.biosciencedbc.jp/data/open-tggates-pathological-images/LATEST/images/phenobarbital/Liver/25640.svs,True
25642,phenobarbital,Middle,29 day,93,12,4,2,https://dbarchive.biosciencedbc.jp/data/open-tggates-pathological-images/LATEST/images/phenobarbital/Liver/25642.svs,True
25644,phenobarbital,Middle,29 day,93,12,5,2,https://dbarchive.biosciencedbc.jp/data/open-tggates-pathological-images/LATEST/images/phenobarbital/Liver/25644.svs,True
25516,phenobarbital,Control,4 day,93,1,1,2,https://dbarchive.biosciencedbc.jp/data/open-tggates-pathological-images/LATEST/images/phenobarbital/Liver/25516.svs,True
25519,phenobarbital,Control,4 day,93,1,2,2,https://dbarchive.biosciencedbc.jp/data/open-tggates-pathological-images/LATEST/images/phenobarbital/Liver/25519.svs,True
25521,phenobarbital,Control,4 day,93,1,3,2,https://dbarchive.biosciencedbc.jp/data/open-tggates-pathological-images/LATEST/images/phenobarbital/Liver/25521.svs,True
25523,phenobarbital,Control,4 day,93,1,4,2,https://dbarchive.biosciencedbc.jp/data/open-tggates-pathological-images/LATEST/images/phenobarbital/Liver/25523.svs,True
25526,phenobarbital,Control,4 day,93,1,5,2,https://dbarchive.biosciencedbc.jp/data/open-tggates-pathological-images/LATEST/images/phenobarbital/Liver/25526.svs,True
25646,phenobarbital,High,4 day,93,13,1,2,https://dbarchive.biosciencedbc.jp/data/open-tggates-pathological-images/LATEST/images/phenobarbital/Liver/25646.svs,True
25648,phenobarbital,High,4 day,93,13,2,2,https://dbarchive.biosciencedbc.jp/data/open-tggates-pathological-images/LATEST/images/phenobarbital/Liver/25648.svs,True
25650,phenobarbital,High,4 day,93,13,3,2,https://dbarchive.biosciencedbc.jp/data/open-tggates-pathological-images/LATEST/images/phenobarbital/Liver/25650.svs,True
25652,phenobarbital,High,4 day,93,13,4,2,https://dbarchive.biosciencedbc.jp/data/open-tggates-pathological-images/LATEST/images/phenobarbital/Liver/25652.svs,True
25654,phenobarbital,High,4 day,93,13,5,2,https://dbarchive.biosciencedbc.jp/data/open-tggates-pathological-images/LATEST/images/phenobarbital/Liver/25654.svs,True
25565,phenobarbital,Low,4 day,93,5,1,2,https://dbarchive.biosciencedbc.jp/data/open-tggates-pathological-images/LATEST/images/phenobarbital/Liver/25565.svs,True
25567,phenobarbital,Low,4 day,93,5,2,2,https://dbarchive.biosciencedbc.jp/data/open-tggates-pathological-images/LATEST/images/phenobarbital/Liver/25567.svs,True
25570,phenobarbital,Low,4 day,93,5,3,2,https://dbarchive.biosciencedbc.jp/data/open-tggates-pathological-images/LATEST/images/phenobarbital/Liver/25570.svs,True
25572,phenobarbital,Low,4 day,93,5,4,2,https://dbarchive.biosciencedbc.jp/data/open-tggates-pathological-images/LATEST/images/phenobarbital/Liver/25572.svs,True
25574,phenobarbital,Low,4 day,93,5,5,2,https://dbarchive.biosciencedbc.jp/data/open-tggates-pathological-images/LATEST/images/phenobarbital/Liver/25574.svs,True
25607,phenobarbital,Middle,4 day,93,9,1,2,https://dbarchive.biosciencedbc.jp/data/open-tggates-pathological-images/LATEST/images/phenobarbital/Liver/25607.svs,True
25609,phenobarbital,Middle,4 day,93,9,2,2,https://dbarchive.biosciencedbc.jp/data/open-tggates-pathological-images/LATEST/images/phenobarbital/Liver/25609.svs,True
25611,phenobarbital,Middle,4 day,93,9,3,2,https://dbarchive.biosciencedbc.jp/data/open-tggates-pathological-images/LATEST/images/phenobarbital/Liver/25611.svs,True
25613,phenobarbital,Middle,4 day,93,9,4,2,https://dbarchive.biosciencedbc.jp/data/open-tggates-pathological-images/LATEST/images/phenobarbital/Liver/25613.svs,True
25615,phenobarbital,Middle,4 day,93,9,5,2,https://dbarchive.biosciencedbc.jp/data/open-tggates-pathological-images/LATEST/images/phenobarbital/Liver/25615.svs,True
25528,phenobarbital,Control,8 day,93,2,1,2,https://dbarchive.biosciencedbc.jp/data/open-tggates-pathological-images/LATEST/images/phenobarbital/Liver/25528.svs,True
25531,phenobarbital,Control,8 day,93,2,2,2,https://dbarchive.biosciencedbc.jp/data/open-tggates-pathological-images/LATEST/images/phenobarbital/Liver/25531.svs,True
25533,phenobarbital,Control,8 day,93,2,3,2,https://dbarchive.biosciencedbc.jp/data/open-tggates-pathological-images/LATEST/images/phenobarbital/Liver/25533.svs,True
25535,phenobarbital,Control,8 day,93,2,4,2,https://dbarchive.biosciencedbc.jp/data/open-tggates-pathological-images/LATEST/images/phenobarbital/Liver/25535.svs,True
25538,phenobarbital,Control,8 day,93,2,5,2,https://dbarchive.biosciencedbc.jp/data/open-tggates-pathological-images/LATEST/images/phenobarbital/Liver/25538.svs,True
25656,phenobarbital,High,8 day,93,14,1,2,https://dbarchive.biosciencedbc.jp/data/open-tggates-pathological-images/LATEST/images/phenobarbital/Liver/25656.svs,True
25658,phenobarbital,High,8 day,93,14,2,2,https://dbarchive.biosciencedbc.jp/data/open-tggates-pathological-images/LATEST/images/phenobarbital/Liver/25658.svs,True
25660,phenobarbital,High,8 day,93,14,3,2,https://dbarchive.biosciencedbc.jp/data/open-tggates-pathological-images/LATEST/images/phenobarbital/Liver/25660.svs,True
25662,phenobarbital,High,8 day,93,14,4,2,https://dbarchive.biosciencedbc.jp/data/open-tggates-pathological-images/LATEST/images/phenobarbital/Liver/25662.svs,True
25664,phenobarbital,High,8 day,93,14,5,2,https://dbarchive.biosciencedbc.jp/data/open-tggates-pathological-images/LATEST/images/phenobarbital/Liver/25664.svs,True
25576,phenobarbital,Low,8 day,93,6,1,2,https://dbarchive.biosciencedbc.jp/data/open-tggates-pathological-images/LATEST/images/phenobarbital/Liver/25576.svs,True
25579,phenobarbital,Low,8 day,93,6,2,2,https://dbarchive.biosciencedbc.jp/data/open-tggates-pathological-images/LATEST/images/phenobarbital/Liver/25579.svs,True
25581,phenobarbital,Low,8 day,93,6,3,2,https://dbarchive.biosciencedbc.jp/data/open-tggates-pathological-images/LATEST/images/phenobarbital/Liver/25581.svs,True
25583,phenobarbital,Low,8 day,93,6,4,2,https://dbarchive.biosciencedbc.jp/data/open-tggates-pathological-images/LATEST/images/phenobarbital/Liver/25583.svs,True
25585,phenobarbital,Low,8 day,93,6,5,2,https://dbarchive.biosciencedbc.jp/data/open-tggates-pathological-images/LATEST/images/phenobarbital/Liver/25585.svs,True
25616,phenobarbital,Middle,8 day,93,10,1,2,https://dbarchive.biosciencedbc.jp/data/open-tggates-pathological-images/LATEST/images/phenobarbital/Liver/25616.svs,True
25618,phenobarbital,Middle,8 day,93,10,2,2,https://dbarchive.biosciencedbc.jp/data/open-tggates-pathological-images/LATEST/images/phenobarbital/Liver/25618.svs,True
25620,phenobarbital,Middle,8 day,93,10,3,2,https://dbarchive.biosciencedbc.jp/data/open-tggates-pathological-images/LATEST/images/phenobarbital/Liver/25620.svs,True
25622,phenobarbital,Middle,8 day,93,10,4,2,https://dbarchive.biosciencedbc.jp/data/open-tggates-pathological-images/LATEST/images/phenobarbital/Liver/25622.svs,True
25624,phenobarbital,Middle,8 day,93,10,5,2,https://dbarchive.biosciencedbc.jp/data/open-tggates-pathological-images/LATEST/images/phenobarbital/Liver/25624.svs,True
31428,phenytoin,Control,15 day,176,3,1,1,https://dbarchive.biosciencedbc.jp/data/open-tggates-pathological-images/LATEST/images/phenytoin/Liver/31428.svs,False
31434,phenytoin,Control,15 day,176,3,2,1,https://dbarchive.biosciencedbc.jp/data/open-tggates-pathological-images/LATEST/images/phenytoin/Liver/31434.svs,False
31439,phenytoin,Control,15 day,176,3,3,1,https://dbarchive.biosciencedbc.jp/data/open-tggates-pathological-images/LATEST/images/phenytoin/Liver/31439.svs,False
31445,phenytoin,Control,15 day,176,3,4,1,https://dbarchive.biosciencedbc.jp/data/open-tggates-pathological-images/LATEST/images/phenytoin/Liver/31445.svs,False
31450,phenytoin,Control,15 day,176,3,5,1,https://dbarchive.biosciencedbc.jp/data/open-tggates-pathological-images/LATEST/images/phenytoin/Liver/31450.svs,False
31744,phenytoin,High,15 day,176,15,1,1,https://dbarchive.biosciencedbc.jp/data/open-tggates-pathological-images/LATEST/images/phenytoin/Liver/31744.svs,False
31749,phenytoin,High,15 day,176,15,2,1,https://dbarchive.biosciencedbc.jp/data/open-tggates-pathological-images/LATEST/images/phenytoin/Liver/31749.svs,False
31754,phenytoin,High,15 day,176,15,3,1,https://dbarchive.biosciencedbc.jp/data/open-tggates-pathological-images/LATEST/images/phenytoin/Liver/31754.svs,False
31758,phenytoin,High,15 day,176,15,4,1,https://dbarchive.biosciencedbc.jp/data/open-tggates-pathological-images/LATEST/images/phenytoin/Liver/31758.svs,False
31764,phenytoin,High,15 day,176,15,5,1,https://dbarchive.biosciencedbc.jp/data/open-tggates-pathological-images/LATEST/images/phenytoin/Liver/31764.svs,False
31530,phenytoin,Low,15 day,176,7,1,1,https://dbarchive.biosciencedbc.jp/data/open-tggates-pathological-images/LATEST/images/phenytoin/Liver/31530.svs,False
31533,phenytoin,Low,15 day,176,7,2,1,https://dbarchive.biosciencedbc.jp/data/open-tggates-pathological-images/LATEST/images/phenytoin/Liver/31533.svs,False
31539,phenytoin,Low,15 day,176,7,3,1,https://dbarchive.biosciencedbc.jp/data/open-tggates-pathological-images/LATEST/images/phenytoin/Liver/31539.svs,False
31545,phenytoin,Low,15 day,176,7,4,1,https://dbarchive.biosciencedbc.jp/data/open-tggates-pathological-images/LATEST/images/phenytoin/Liver/31545.svs,False
31551,phenytoin,Low,15 day,176,7,5,1,https://dbarchive.biosciencedbc.jp/data/open-tggates-pathological-images/LATEST/images/phenytoin/Liver/31551.svs,False
31635,phenytoin,Middle,15 day,176,11,1,1,https://dbarchive.biosciencedbc.jp/data/open-tggates-pathological-images/LATEST/images/phenytoin/Liver/31635.svs,False
31639,phenytoin,Middle,15 day,176,11,2,1,https://dbarchive.biosciencedbc.jp/data/open-tggates-pathological-images/LATEST/images/phenytoin/Liver/31639.svs,False
31644,phenytoin,Middle,15 day,176,11,3,1,https://dbarchive.biosciencedbc.jp/data/open-tggates-pathological-images/LATEST/images/phenytoin/Liver/31644.svs,False
31650,phenytoin,Middle,15 day,176,11,4,1,https://dbarchive.biosciencedbc.jp/data/open-tggates-pathological-images/LATEST/images/phenytoin/Liver/31650.svs,False
31656,phenytoin,Middle,15 day,176,11,5,1,https://dbarchive.biosciencedbc.jp/data/open-tggates-pathological-images/LATEST/images/phenytoin/Liver/31656.svs,False
70987,phenytoin,Control,29 day,176,4,1,1,https://dbarchive.biosciencedbc.jp/data/open-tggates-pathological-images/LATEST/images/phenytoin/Liver/70987.svs,False
70989,phenytoin,Control,29 day,176,4,2,1,https://dbarchive.biosciencedbc.jp/data/open-tggates-pathological-images/LATEST/images/phenytoin/Liver/70989.svs,False
70991,phenytoin,Control,29 day,176,4,3,1,https://dbarchive.biosciencedbc.jp/data/open-tggates-pathological-images/LATEST/images/phenytoin/Liver/70991.svs,False
31470,phenytoin,Control,29 day,176,4,4,1,https://dbarchive.biosciencedbc.jp/data/open-tggates-pathological-images/LATEST/images/phenytoin/Liver/31470.svs,False
70993,phenytoin,Control,29 day,176,4,5,1,https://dbarchive.biosciencedbc.jp/data/open-tggates-pathological-images/LATEST/images/phenytoin/Liver/70993.svs,False
31769,phenytoin,High,29 day,176,16,1,1,https://dbarchive.biosciencedbc.jp/data/open-tggates-pathological-images/LATEST/images/phenytoin/Liver/31769.svs,False
71003,phenytoin,High,29 day,176,16,2,1,https://dbarchive.biosciencedbc.jp/data/open-tggates-pathological-images/LATEST/images/phenytoin/Liver/71003.svs,False
71004,phenytoin,High,29 day,176,16,3,1,https://dbarchive.biosciencedbc.jp/data/open-tggates-pathological-images/LATEST/images/phenytoin/Liver/71004.svs,False
31784,phenytoin,High,29 day,176,16,4,1,https://dbarchive.biosciencedbc.jp/data/open-tggates-pathological-images/LATEST/images/phenytoin/Liver/31784.svs,False
71006,phenytoin,High,29 day,176,16,5,1,https://dbarchive.biosciencedbc.jp/data/open-tggates-pathological-images/LATEST/images/phenytoin/Liver/71006.svs,False
31557,phenytoin,Low,29 day,176,8,1,1,https://dbarchive.biosciencedbc.jp/data/open-tggates-pathological-images/LATEST/images/phenytoin/Liver/31557.svs,False
31563,phenytoin,Low,29 day,176,8,2,1,https://dbarchive.biosciencedbc.jp/data/open-tggates-pathological-images/LATEST/images/phenytoin/Liver/31563.svs,False
31568,phenytoin,Low,29 day,176,8,3,1,https://dbarchive.biosciencedbc.jp/data/open-tggates-pathological-images/LATEST/images/phenytoin/Liver/31568.svs,False
31572,phenytoin,Low,29 day,176,8,4,1,https://dbarchive.biosciencedbc.jp/data/open-tggates-pathological-images/LATEST/images/phenytoin/Liver/31572.svs,False
31578,phenytoin,Low,29 day,176,8,5,1,https://dbarchive.biosciencedbc.jp/data/open-tggates-pathological-images/LATEST/images/phenytoin/Liver/31578.svs,False
31662,phenytoin,Middle,29 day,176,12,1,1,https://dbarchive.biosciencedbc.jp/data/open-tggates-pathological-images/LATEST/images/phenytoin/Liver/31662.svs,False
31668,phenytoin,Middle,29 day,176,12,2,1,https://dbarchive.biosciencedbc.jp/data/open-tggates-pathological-images/LATEST/images/phenytoin/Liver/31668.svs,False
70997,phenytoin,Middle,29 day,176,12,3,1,https://dbarchive.biosciencedbc.jp/data/open-tggates-pathological-images/LATEST/images/phenytoin/Liver/70997.svs,False
31680,phenytoin,Middle,29 day,176,12,4,1,https://dbarchive.biosciencedbc.jp/data/open-tggates-pathological-images/LATEST/images/phenytoin/Liver/31680.svs,False
70998,phenytoin,Middle,29 day,176,12,5,1,https://dbarchive.biosciencedbc.jp/data/open-tggates-pathological-images/LATEST/images/phenytoin/Liver/70998.svs,False
70986,phenytoin,Control,4 day,176,1,1,1,https://dbarchive.biosciencedbc.jp/data/open-tggates-pathological-images/LATEST/images/phenytoin/Liver/70986.svs,False
31380,phenytoin,Control,4 day,176,1,2,1,https://dbarchive.biosciencedbc.jp/data/open-tggates-pathological-images/LATEST/images/phenytoin/Liver/31380.svs,False
31386,phenytoin,Control,4 day,176,1,3,1,https://dbarchive.biosciencedbc.jp/data/open-tggates-pathological-images/LATEST/images/phenytoin/Liver/31386.svs,False
31392,phenytoin,Control,4 day,176,1,4,1,https://dbarchive.biosciencedbc.jp/data/open-tggates-pathological-images/LATEST/images/phenytoin/Liver/31392.svs,False
31398,phenytoin,Control,4 day,176,1,5,1,https://dbarchive.biosciencedbc.jp/data/open-tggates-pathological-images/LATEST/images/phenytoin/Liver/31398.svs,False
31689,phenytoin,High,4 day,176,13,1,1,https://dbarchive.biosciencedbc.jp/data/open-tggates-pathological-images/LATEST/images/phenytoin/Liver/31689.svs,False
31696,phenytoin,High,4 day,176,13,2,1,https://dbarchive.biosciencedbc.jp/data/open-tggates-pathological-images/LATEST/images/phenytoin/Liver/31696.svs,False
71265,phenytoin,High,4 day,176,13,3,1,https://dbarchive.biosciencedbc.jp/data/open-tggates-pathological-images/LATEST/images/phenytoin/Liver/71265.svs,False
31705,phenytoin,High,4 day,176,13,4,1,https://dbarchive.biosciencedbc.jp/data/open-tggates-pathological-images/LATEST/images/phenytoin/Liver/31705.svs,False
31711,phenytoin,High,4 day,176,13,5,1,https://dbarchive.biosciencedbc.jp/data/open-tggates-pathological-images/LATEST/images/phenytoin/Liver/31711.svs,False
31479,phenytoin,Low,4 day,176,5,1,1,https://dbarchive.biosciencedbc.jp/data/open-tggates-pathological-images/LATEST/images/phenytoin/Liver/31479.svs,False
31484,phenytoin,Low,4 day,176,5,2,1,https://dbarchive.biosciencedbc.jp/data/open-tggates-pathological-images/LATEST/images/phenytoin/Liver/31484.svs,False
31489,phenytoin,Low,4 day,176,5,3,1,https://dbarchive.biosciencedbc.jp/data/open-tggates-pathological-images/LATEST/images/phenytoin/Liver/31489.svs,False
31494,phenytoin,Low,4 day,176,5,4,1,https://dbarchive.biosciencedbc.jp/data/open-tggates-pathological-images/LATEST/images/phenytoin/Liver/31494.svs,False
31499,phenytoin,Low,4 day,176,5,5,1,https://dbarchive.biosciencedbc.jp/data/open-tggates-pathological-images/LATEST/images/phenytoin/Liver/31499.svs,False
31584,phenytoin,Middle,4 day,176,9,1,1,https://dbarchive.biosciencedbc.jp/data/open-tggates-pathological-images/LATEST/images/phenytoin/Liver/31584.svs,False
31590,phenytoin,Middle,4 day,176,9,2,1,https://dbarchive.biosciencedbc.jp/data/open-tggates-pathological-images/LATEST/images/phenytoin/Liver/31590.svs,False
31593,phenytoin,Middle,4 day,176,9,3,1,https://dbarchive.biosciencedbc.jp/data/open-tggates-pathological-images/LATEST/images/phenytoin/Liver/31593.svs,False
31599,phenytoin,Middle,4 day,176,9,4,1,https://dbarchive.biosciencedbc.jp/data/open-tggates-pathological-images/LATEST/images/phenytoin/Liver/31599.svs,False
70995,phenytoin,Middle,4 day,176,9,5,1,https://dbarchive.biosciencedbc.jp/data/open-tggates-pathological-images/LATEST/images/phenytoin/Liver/70995.svs,False
31403,phenytoin,Control,8 day,176,2,1,1,https://dbarchive.biosciencedbc.jp/data/open-tggates-pathological-images/LATEST/images/phenytoin/Liver/31403.svs,False
31407,phenytoin,Control,8 day,176,2,2,1,https://dbarchive.biosciencedbc.jp/data/open-tggates-pathological-images/LATEST/images/phenytoin/Liver/31407.svs,False
31413,phenytoin,Control,8 day,176,2,3,1,https://dbarchive.biosciencedbc.jp/data/open-tggates-pathological-images/LATEST/images/phenytoin/Liver/31413.svs,False
31418,phenytoin,Control,8 day,176,2,4,1,https://dbarchive.biosciencedbc.jp/data/open-tggates-pathological-images/LATEST/images/phenytoin/Liver/31418.svs,False
31423,phenytoin,Control,8 day,176,2,5,1,https://dbarchive.biosciencedbc.jp/data/open-tggates-pathological-images/LATEST/images/phenytoin/Liver/31423.svs,False
31717,phenytoin,High,8 day,176,14,1,1,https://dbarchive.biosciencedbc.jp/data/open-tggates-pathological-images/LATEST/images/phenytoin/Liver/31717.svs,False
31724,phenytoin,High,8 day,176,14,2,1,https://dbarchive.biosciencedbc.jp/data/open-tggates-pathological-images/LATEST/images/phenytoin/Liver/31724.svs,False
31730,phenytoin,High,8 day,176,14,3,1,https://dbarchive.biosciencedbc.jp/data/open-tggates-pathological-images/LATEST/images/phenytoin/Liver/31730.svs,False
31736,phenytoin,High,8 day,176,14,4,1,https://dbarchive.biosciencedbc.jp/data/open-tggates-pathological-images/LATEST/images/phenytoin/Liver/31736.svs,False
31739,phenytoin,High,8 day,176,14,5,1,https://dbarchive.biosciencedbc.jp/data/open-tggates-pathological-images/LATEST/images/phenytoin/Liver/31739.svs,False
31503,phenytoin,Low,8 day,176,6,1,1,https://dbarchive.biosciencedbc.jp/data/open-tggates-pathological-images/LATEST/images/phenytoin/Liver/31503.svs,False
31508,phenytoin,Low,8 day,176,6,2,1,https://dbarchive.biosciencedbc.jp/data/open-tggates-pathological-images/LATEST/images/phenytoin/Liver/31508.svs,False
31514,phenytoin,Low,8 day,176,6,3,1,https://dbarchive.biosciencedbc.jp/data/open-tggates-pathological-images/LATEST/images/phenytoin/Liver/31514.svs,False
31519,phenytoin,Low,8 day,176,6,4,1,https://dbarchive.biosciencedbc.jp/data/open-tggates-pathological-images/LATEST/images/phenytoin/Liver/31519.svs,False
31524,phenytoin,Low,8 day,176,6,5,1,https://dbarchive.biosciencedbc.jp/data/open-tggates-pathological-images/LATEST/images/phenytoin/Liver/31524.svs,False
31609,phenytoin,Middle,8 day,176,10,1,1,https://dbarchive.biosciencedbc.jp/data/open-tggates-pathological-images/LATEST/images/phenytoin/Liver/31609.svs,False
31614,phenytoin,Middle,8 day,176,10,2,1,https://dbarchive.biosciencedbc.jp/data/open-tggates-pathological-images/LATEST/images/phenytoin/Liver/31614.svs,False
31620,phenytoin,Middle,8 day,176,10,3,1,https://dbarchive.biosciencedbc.jp/data/open-tggates-pathological-images/LATEST/images/phenytoin/Liver/31620.svs,False
31625,phenytoin,Middle,8 day,176,10,4,1,https://dbarchive.biosciencedbc.jp/data/open-tggates-pathological-images/LATEST/images/phenytoin/Liver/31625.svs,False
31629,phenytoin,Middle,8 day,176,10,5,1,https://dbarchive.biosciencedbc.jp/data/open-tggates-pathological-images/LATEST/images/phenytoin/Liver/31629.svs,False
48661,promethazine,Control,15 day,494,3,1,1,https://dbarchive.biosciencedbc.jp/data/open-tggates-pathological-images/LATEST/images/promethazine/Liver/48661.svs,True
48666,promethazine,Control,15 day,494,3,2,1,https://dbarchive.biosciencedbc.jp/data/open-tggates-pathological-images/LATEST/images/promethazine/Liver/48666.svs,True
48671,promethazine,Control,15 day,494,3,3,1,https://dbarchive.biosciencedbc.jp/data/open-tggates-pathological-images/LATEST/images/promethazine/Liver/48671.svs,True
48676,promethazine,Control,15 day,494,3,4,1,https://dbarchive.biosciencedbc.jp/data/open-tggates-pathological-images/LATEST/images/promethazine/Liver/48676.svs,True
48681,promethazine,Control,15 day,494,3,5,1,https://dbarchive.biosciencedbc.jp/data/open-tggates-pathological-images/LATEST/images/promethazine/Liver/48681.svs,True
48953,promethazine,High,15 day,494,15,1,1,https://dbarchive.biosciencedbc.jp/data/open-tggates-pathological-images/LATEST/images/promethazine/Liver/48953.svs,True
48958,promethazine,High,15 day,494,15,2,1,https://dbarchive.biosciencedbc.jp/data/open-tggates-pathological-images/LATEST/images/promethazine/Liver/48958.svs,True
48963,promethazine,High,15 day,494,15,3,1,https://dbarchive.biosciencedbc.jp/data/open-tggates-pathological-images/LATEST/images/promethazine/Liver/48963.svs,True
48968,promethazine,High,15 day,494,15,4,1,https://dbarchive.biosciencedbc.jp/data/open-tggates-pathological-images/LATEST/images/promethazine/Liver/48968.svs,True
48973,promethazine,High,15 day,494,15,5,1,https://dbarchive.biosciencedbc.jp/data/open-tggates-pathological-images/LATEST/images/promethazine/Liver/48973.svs,True
48761,promethazine,Low,15 day,494,7,1,1,https://dbarchive.biosciencedbc.jp/data/open-tggates-pathological-images/LATEST/images/promethazine/Liver/48761.svs,True
48766,promethazine,Low,15 day,494,7,2,1,https://dbarchive.biosciencedbc.jp/data/open-tggates-pathological-images/LATEST/images/promethazine/Liver/48766.svs,True
48770,promethazine,Low,15 day,494,7,3,1,https://dbarchive.biosciencedbc.jp/data/open-tggates-pathological-images/LATEST/images/promethazine/Liver/48770.svs,True
48774,promethazine,Low,15 day,494,7,4,1,https://dbarchive.biosciencedbc.jp/data/open-tggates-pathological-images/LATEST/images/promethazine/Liver/48774.svs,True
48779,promethazine,Low,15 day,494,7,5,1,https://dbarchive.biosciencedbc.jp/data/open-tggates-pathological-images/LATEST/images/promethazine/Liver/48779.svs,True
48858,promethazine,Middle,15 day,494,11,1,1,https://dbarchive.biosciencedbc.jp/data/open-tggates-pathological-images/LATEST/images/promethazine/Liver/48858.svs,True
48863,promethazine,Middle,15 day,494,11,2,1,https://dbarchive.biosciencedbc.jp/data/open-tggates-pathological-images/LATEST/images/promethazine/Liver/48863.svs,True
48867,promethazine,Middle,15 day,494,11,3,1,https://dbarchive.biosciencedbc.jp/data/open-tggates-pathological-images/LATEST/images/promethazine/Liver/48867.svs,True
48872,promethazine,Middle,15 day,494,11,4,1,https://dbarchive.biosciencedbc.jp/data/open-tggates-pathological-images/LATEST/images/promethazine/Liver/48872.svs,True
48877,promethazine,Middle,15 day,494,11,5,1,https://dbarchive.biosciencedbc.jp/data/open-tggates-pathological-images/LATEST/images/promethazine/Liver/48877.svs,True
48686,promethazine,Control,29 day,494,4,1,1,https://dbarchive.biosciencedbc.jp/data/open-tggates-pathological-images/LATEST/images/promethazine/Liver/48686.svs,True
48691,promethazine,Control,29 day,494,4,2,1,https://dbarchive.biosciencedbc.jp/data/open-tggates-pathological-images/LATEST/images/promethazine/Liver/48691.svs,True
48696,promethazine,Control,29 day,494,4,3,1,https://dbarchive.biosciencedbc.jp/data/open-tggates-pathological-images/LATEST/images/promethazine/Liver/48696.svs,True
48701,promethazine,Control,29 day,494,4,4,1,https://dbarchive.biosciencedbc.jp/data/open-tggates-pathological-images/LATEST/images/promethazine/Liver/48701.svs,True
48707,promethazine,Control,29 day,494,4,5,1,https://dbarchive.biosciencedbc.jp/data/open-tggates-pathological-images/LATEST/images/promethazine/Liver/48707.svs,True
48978,promethazine,High,29 day,494,16,1,1,https://dbarchive.biosciencedbc.jp/data/open-tggates-pathological-images/LATEST/images/promethazine/Liver/48978.svs,True
48982,promethazine,High,29 day,494,16,2,1,https://dbarchive.biosciencedbc.jp/data/open-tggates-pathological-images/LATEST/images/promethazine/Liver/48982.svs,True
70688,promethazine,High,29 day,494,16,3,1,https://dbarchive.biosciencedbc.jp/data/open-tggates-pathological-images/LATEST/images/promethazine/Liver/70688.svs,True
48992,promethazine,High,29 day,494,16,4,1,https://dbarchive.biosciencedbc.jp/data/open-tggates-pathological-images/LATEST/images/promethazine/Liver/48992.svs,True
70689,promethazine,High,29 day,494,16,5,1,https://dbarchive.biosciencedbc.jp/data/open-tggates-pathological-images/LATEST/images/promethazine/Liver/70689.svs,True
48784,promethazine,Low,29 day,494,8,1,1,https://dbarchive.biosciencedbc.jp/data/open-tggates-pathological-images/LATEST/images/promethazine/Liver/48784.svs,True
48790,promethazine,Low,29 day,494,8,2,1,https://dbarchive.biosciencedbc.jp/data/open-tggates-pathological-images/LATEST/images/promethazine/Liver/48790.svs,True
48794,promethazine,Low,29 day,494,8,3,1,https://dbarchive.biosciencedbc.jp/data/open-tggates-pathological-images/LATEST/images/promethazine/Liver/48794.svs,True
48799,promethazine,Low,29 day,494,8,4,1,https://dbarchive.biosciencedbc.jp/data/open-tggates-pathological-images/LATEST/images/promethazine/Liver/48799.svs,True
48805,promethazine,Low,29 day,494,8,5,1,https://dbarchive.biosciencedbc.jp/data/open-tggates-pathological-images/LATEST/images/promethazine/Liver/48805.svs,True
48882,promethazine,Middle,29 day,494,12,1,1,https://dbarchive.biosciencedbc.jp/data/open-tggates-pathological-images/LATEST/images/promethazine/Liver/48882.svs,True
48887,promethazine,Middle,29 day,494,12,2,1,https://dbarchive.biosciencedbc.jp/data/open-tggates-pathological-images/LATEST/images/promethazine/Liver/48887.svs,True
48892,promethazine,Middle,29 day,494,12,3,1,https://dbarchive.biosciencedbc.jp/data/open-tggates-pathological-images/LATEST/images/promethazine/Liver/48892.svs,True
70686,promethazine,Middle,29 day,494,12,4,1,https://dbarchive.biosciencedbc.jp/data/open-tggates-pathological-images/LATEST/images/promethazine/Liver/70686.svs,True
48901,promethazine,Middle,29 day,494,12,5,1,https://dbarchive.biosciencedbc.jp/data/open-tggates-pathological-images/LATEST/images/promethazine/Liver/48901.svs,True
48608,promethazine,Control,4 day,494,1,1,1,https://dbarchive.biosciencedbc.jp/data/open-tggates-pathological-images/LATEST/images/promethazine/Liver/48608.svs,True
48615,promethazine,Control,4 day,494,1,2,1,https://dbarchive.biosciencedbc.jp/data/open-tggates-pathological-images/LATEST/images/promethazine/Liver/48615.svs,True
48621,promethazine,Control,4 day,494,1,3,1,https://dbarchive.biosciencedbc.jp/data/open-tggates-pathological-images/LATEST/images/promethazine/Liver/48621.svs,True
48626,promethazine,Control,4 day,494,1,4,1,https://dbarchive.biosciencedbc.jp/data/open-tggates-pathological-images/LATEST/images/promethazine/Liver/48626.svs,True
48631,promethazine,Control,4 day,494,1,5,1,https://dbarchive.biosciencedbc.jp/data/open-tggates-pathological-images/LATEST/images/promethazine/Liver/48631.svs,True
48906,promethazine,High,4 day,494,13,1,1,https://dbarchive.biosciencedbc.jp/data/open-tggates-pathological-images/LATEST/images/promethazine/Liver/48906.svs,True
48910,promethazine,High,4 day,494,13,2,1,https://dbarchive.biosciencedbc.jp/data/open-tggates-pathological-images/LATEST/images/promethazine/Liver/48910.svs,True
48915,promethazine,High,4 day,494,13,3,1,https://dbarchive.biosciencedbc.jp/data/open-tggates-pathological-images/LATEST/images/promethazine/Liver/48915.svs,True
48919,promethazine,High,4 day,494,13,4,1,https://dbarchive.biosciencedbc.jp/data/open-tggates-pathological-images/LATEST/images/promethazine/Liver/48919.svs,True
48924,promethazine,High,4 day,494,13,5,1,https://dbarchive.biosciencedbc.jp/data/open-tggates-pathological-images/LATEST/images/promethazine/Liver/48924.svs,True
48712,promethazine,Low,4 day,494,5,1,1,https://dbarchive.biosciencedbc.jp/data/open-tggates-pathological-images/LATEST/images/promethazine/Liver/48712.svs,True
48716,promethazine,Low,4 day,494,5,2,1,https://dbarchive.biosciencedbc.jp/data/open-tggates-pathological-images/LATEST/images/promethazine/Liver/48716.svs,True
48721,promethazine,Low,4 day,494,5,3,1,https://dbarchive.biosciencedbc.jp/data/open-tggates-pathological-images/LATEST/images/promethazine/Liver/48721.svs,True
48726,promethazine,Low,4 day,494,5,4,1,https://dbarchive.biosciencedbc.jp/data/open-tggates-pathological-images/LATEST/images/promethazine/Liver/48726.svs,True
48731,promethazine,Low,4 day,494,5,5,1,https://dbarchive.biosciencedbc.jp/data/open-tggates-pathological-images/LATEST/images/promethazine/Liver/48731.svs,True
48810,promethazine,Middle,4 day,494,9,1,1,https://dbarchive.biosciencedbc.jp/data/open-tggates-pathological-images/LATEST/images/promethazine/Liver/48810.svs,True
48815,promethazine,Middle,4 day,494,9,2,1,https://dbarchive.biosciencedbc.jp/data/open-tggates-pathological-images/LATEST/images/promethazine/Liver/48815.svs,True
48820,promethazine,Middle,4 day,494,9,3,1,https://dbarchive.biosciencedbc.jp/data/open-tggates-pathological-images/LATEST/images/promethazine/Liver/48820.svs,True
48825,promethazine,Middle,4 day,494,9,4,1,https://dbarchive.biosciencedbc.jp/data/open-tggates-pathological-images/LATEST/images/promethazine/Liver/48825.svs,True
48829,promethazine,Middle,4 day,494,9,5,1,https://dbarchive.biosciencedbc.jp/data/open-tggates-pathological-images/LATEST/images/promethazine/Liver/48829.svs,True
48636,promethazine,Control,8 day,494,2,1,1,https://dbarchive.biosciencedbc.jp/data/open-tggates-pathological-images/LATEST/images/promethazine/Liver/48636.svs,True
48641,promethazine,Control,8 day,494,2,2,1,https://dbarchive.biosciencedbc.jp/data/open-tggates-pathological-images/LATEST/images/promethazine/Liver/48641.svs,True
48646,promethazine,Control,8 day,494,2,3,1,https://dbarchive.biosciencedbc.jp/data/open-tggates-pathological-images/LATEST/images/promethazine/Liver/48646.svs,True
48651,promethazine,Control,8 day,494,2,4,1,https://dbarchive.biosciencedbc.jp/data/open-tggates-pathological-images/LATEST/images/promethazine/Liver/48651.svs,True
48656,promethazine,Control,8 day,494,2,5,1,https://dbarchive.biosciencedbc.jp/data/open-tggates-pathological-images/LATEST/images/promethazine/Liver/48656.svs,True
48928,promethazine,High,8 day,494,14,1,1,https://dbarchive.biosciencedbc.jp/data/open-tggates-pathological-images/LATEST/images/promethazine/Liver/48928.svs,True
48933,promethazine,High,8 day,494,14,2,1,https://dbarchive.biosciencedbc.jp/data/open-tggates-pathological-images/LATEST/images/promethazine/Liver/48933.svs,True
48938,promethazine,High,8 day,494,14,3,1,https://dbarchive.biosciencedbc.jp/data/open-tggates-pathological-images/LATEST/images/promethazine/Liver/48938.svs,True
48943,promethazine,High,8 day,494,14,4,1,https://dbarchive.biosciencedbc.jp/data/open-tggates-pathological-images/LATEST/images/promethazine/Liver/48943.svs,True
48948,promethazine,High,8 day,494,14,5,1,https://dbarchive.biosciencedbc.jp/data/open-tggates-pathological-images/LATEST/images/promethazine/Liver/48948.svs,True
48736,promethazine,Low,8 day,494,6,1,1,https://dbarchive.biosciencedbc.jp/data/open-tggates-pathological-images/LATEST/images/promethazine/Liver/48736.svs,True
48741,promethazine,Low,8 day,494,6,2,1,https://dbarchive.biosciencedbc.jp/data/open-tggates-pathological-images/LATEST/images/promethazine/Liver/48741.svs,True
48746,promethazine,Low,8 day,494,6,3,1,https://dbarchive.biosciencedbc.jp/data/open-tggates-pathological-images/LATEST/images/promethazine/Liver/48746.svs,True
48751,promethazine,Low,8 day,494,6,4,1,https://dbarchive.biosciencedbc.jp/data/open-tggates-pathological-images/LATEST/images/promethazine/Liver/48751.svs,True
48756,promethazine,Low,8 day,494,6,5,1,https://dbarchive.biosciencedbc.jp/data/open-tggates-pathological-images/LATEST/images/promethazine/Liver/48756.svs,True
48833,promethazine,Middle,8 day,494,10,1,1,https://dbarchive.biosciencedbc.jp/data/open-tggates-pathological-images/LATEST/images/promethazine/Liver/48833.svs,True
48838,promethazine,Middle,8 day,494,10,2,1,https://dbarchive.biosciencedbc.jp/data/open-tggates-pathological-images/LATEST/images/promethazine/Liver/48838.svs,True
70104,promethazine,Middle,8 day,494,10,3,1,https://dbarchive.biosciencedbc.jp/data/open-tggates-pathological-images/LATEST/images/promethazine/Liver/70104.svs,True
48848,promethazine,Middle,8 day,494,10,4,1,https://dbarchive.biosciencedbc.jp/data/open-tggates-pathological-images/LATEST/images/promethazine/Liver/48848.svs,True
48853,promethazine,Middle,8 day,494,10,5,1,https://dbarchive.biosciencedbc.jp/data/open-tggates-pathological-images/LATEST/images/promethazine/Liver/48853.svs,True
62751,rosiglitazone maleate,Control,15 day,666,3,1,1,https://dbarchive.biosciencedbc.jp/data/open-tggates-pathological-images/LATEST/images/rosiglitazone_maleate/Liver/62751.svs,False
62754,rosiglitazone maleate,Control,15 day,666,3,2,1,https://dbarchive.biosciencedbc.jp/data/open-tggates-pathological-images/LATEST/images/rosiglitazone_maleate/Liver/62754.svs,False
62756,rosiglitazone maleate,Control,15 day,666,3,3,1,https://dbarchive.biosciencedbc.jp/data/open-tggates-pathological-images/LATEST/images/rosiglitazone_maleate/Liver/62756.svs,False
62758,rosiglitazone maleate,Control,15 day,666,3,4,1,https://dbarchive.biosciencedbc.jp/data/open-tggates-pathological-images/LATEST/images/rosiglitazone_maleate/Liver/62758.svs,False
62760,rosiglitazone maleate,Control,15 day,666,3,5,1,https://dbarchive.biosciencedbc.jp/data/open-tggates-pathological-images/LATEST/images/rosiglitazone_maleate/Liver/62760.svs,False
62872,rosiglitazone maleate,High,15 day,666,15,1,1,https://dbarchive.biosciencedbc.jp/data/open-tggates-pathological-images/LATEST/images/rosiglitazone_maleate/Liver/62872.svs,False
62874,rosiglitazone maleate,High,15 day,666,15,2,1,https://dbarchive.biosciencedbc.jp/data/open-tggates-pathological-images/LATEST/images/rosiglitazone_maleate/Liver/62874.svs,False
62877,rosiglitazone maleate,High,15 day,666,15,3,1,https://dbarchive.biosciencedbc.jp/data/open-tggates-pathological-images/LATEST/images/rosiglitazone_maleate/Liver/62877.svs,False
62879,rosiglitazone maleate,High,15 day,666,15,4,1,https://dbarchive.biosciencedbc.jp/data/open-tggates-pathological-images/LATEST/images/rosiglitazone_maleate/Liver/62879.svs,False
62881,rosiglitazone maleate,High,15 day,666,15,5,1,https://dbarchive.biosciencedbc.jp/data/open-tggates-pathological-images/LATEST/images/rosiglitazone_maleate/Liver/62881.svs,False
62791,rosiglitazone maleate,Low,15 day,666,7,1,1,https://dbarchive.biosciencedbc.jp/data/open-tggates-pathological-images/LATEST/images/rosiglitazone_maleate/Liver/62791.svs,False
62793,rosiglitazone maleate,Low,15 day,666,7,2,1,https://dbarchive.biosciencedbc.jp/data/open-tggates-pathological-images/LATEST/images/rosiglitazone_maleate/Liver/62793.svs,False
62796,rosiglitazone maleate,Low,15 day,666,7,3,1,https://dbarchive.biosciencedbc.jp/data/open-tggates-pathological-images/LATEST/images/rosiglitazone_maleate/Liver/62796.svs,False
62797,rosiglitazone maleate,Low,15 day,666,7,4,1,https://dbarchive.biosciencedbc.jp/data/open-tggates-pathological-images/LATEST/images/rosiglitazone_maleate/Liver/62797.svs,False
62800,rosiglitazone maleate,Low,15 day,666,7,5,1,https://dbarchive.biosciencedbc.jp/data/open-tggates-pathological-images/LATEST/images/rosiglitazone_maleate/Liver/62800.svs,False
62832,rosiglitazone maleate,Middle,15 day,666,11,1,1,https://dbarchive.biosciencedbc.jp/data/open-tggates-pathological-images/LATEST/images/rosiglitazone_maleate/Liver/62832.svs,False
62834,rosiglitazone maleate,Middle,15 day,666,11,2,1,https://dbarchive.biosciencedbc.jp/data/open-tggates-pathological-images/LATEST/images/rosiglitazone_maleate/Liver/62834.svs,False
62836,rosiglitazone maleate,Middle,15 day,666,11,3,1,https://dbarchive.biosciencedbc.jp/data/open-tggates-pathological-images/LATEST/images/rosiglitazone_maleate/Liver/62836.svs,False
62838,rosiglitazone maleate,Middle,15 day,666,11,4,1,https://dbarchive.biosciencedbc.jp/data/open-tggates-pathological-images/LATEST/images/rosiglitazone_maleate/Liver/62838.svs,False
62840,rosiglitazone maleate,Middle,15 day,666,11,5,1,https://dbarchive.biosciencedbc.jp/data/open-tggates-pathological-images/LATEST/images/rosiglitazone_maleate/Liver/62840.svs,False
62761,rosiglitazone maleate,Control,29 day,666,4,1,1,https://dbarchive.biosciencedbc.jp/data/open-tggates-pathological-images/LATEST/images/rosiglitazone_maleate/Liver/62761.svs,False
62764,rosiglitazone maleate,Control,29 day,666,4,2,1,https://dbarchive.biosciencedbc.jp/data/open-tggates-pathological-images/LATEST/images/rosiglitazone_maleate/Liver/62764.svs,False
62766,rosiglitazone maleate,Control,29 day,666,4,3,1,https://dbarchive.biosciencedbc.jp/data/open-tggates-pathological-images/LATEST/images/rosiglitazone_maleate/Liver/62766.svs,False
62768,rosiglitazone maleate,Control,29 day,666,4,4,1,https://dbarchive.biosciencedbc.jp/data/open-tggates-pathological-images/LATEST/images/rosiglitazone_maleate/Liver/62768.svs,False
62770,rosiglitazone maleate,Control,29 day,666,4,5,1,https://dbarchive.biosciencedbc.jp/data/open-tggates-pathological-images/LATEST/images/rosiglitazone_maleate/Liver/62770.svs,False
62883,rosiglitazone maleate,High,29 day,666,16,1,1,https://dbarchive.biosciencedbc.jp/data/open-tggates-pathological-images/LATEST/images/rosiglitazone_maleate/Liver/62883.svs,False
62885,rosiglitazone maleate,High,29 day,666,16,2,1,https://dbarchive.biosciencedbc.jp/data/open-tggates-pathological-images/LATEST/images/rosiglitazone_maleate/Liver/62885.svs,False
62887,rosiglitazone maleate,High,29 day,666,16,3,1,https://dbarchive.biosciencedbc.jp/data/open-tggates-pathological-images/LATEST/images/rosiglitazone_maleate/Liver/62887.svs,False
62889,rosiglitazone maleate,High,29 day,666,16,4,1,https://dbarchive.biosciencedbc.jp/data/open-tggates-pathological-images/LATEST/images/rosiglitazone_maleate/Liver/62889.svs,False
62892,rosiglitazone maleate,High,29 day,666,16,5,1,https://dbarchive.biosciencedbc.jp/data/open-tggates-pathological-images/LATEST/images/rosiglitazone_maleate/Liver/62892.svs,False
62801,rosiglitazone maleate,Low,29 day,666,8,1,1,https://dbarchive.biosciencedbc.jp/data/open-tggates-pathological-images/LATEST/images/rosiglitazone_maleate/Liver/62801.svs,False
62803,rosiglitazone maleate,Low,29 day,666,8,2,1,https://dbarchive.biosciencedbc.jp/data/open-tggates-pathological-images/LATEST/images/rosiglitazone_maleate/Liver/62803.svs,False
62805,rosiglitazone maleate,Low,29 day,666,8,3,1,https://dbarchive.biosciencedbc.jp/data/open-tggates-pathological-images/LATEST/images/rosiglitazone_maleate/Liver/62805.svs,False
62807,rosiglitazone maleate,Low,29 day,666,8,4,1,https://dbarchive.biosciencedbc.jp/data/open-tggates-pathological-images/LATEST/images/rosiglitazone_maleate/Liver/62807.svs,False
62810,rosiglitazone maleate,Low,29 day,666,8,5,1,https://dbarchive.biosciencedbc.jp/data/open-tggates-pathological-images/LATEST/images/rosiglitazone_maleate/Liver/62810.svs,False
62842,rosiglitazone maleate,Middle,29 day,666,12,1,1,https://dbarchive.biosciencedbc.jp/data/open-tggates-pathological-images/LATEST/images/rosiglitazone_maleate/Liver/62842.svs,False
62844,rosiglitazone maleate,Middle,29 day,666,12,2,1,https://dbarchive.biosciencedbc.jp/data/open-tggates-pathological-images/LATEST/images/rosiglitazone_maleate/Liver/62844.svs,False
62846,rosiglitazone maleate,Middle,29 day,666,12,3,1,https://dbarchive.biosciencedbc.jp/data/open-tggates-pathological-images/LATEST/images/rosiglitazone_maleate/Liver/62846.svs,False
62848,rosiglitazone maleate,Middle,29 day,666,12,4,1,https://dbarchive.biosciencedbc.jp/data/open-tggates-pathological-images/LATEST/images/rosiglitazone_maleate/Liver/62848.svs,False
62850,rosiglitazone maleate,Middle,29 day,666,12,5,1,https://dbarchive.biosciencedbc.jp/data/open-tggates-pathological-images/LATEST/images/rosiglitazone_maleate/Liver/62850.svs,False
62731,rosiglitazone maleate,Control,4 day,666,1,1,1,https://dbarchive.biosciencedbc.jp/data/open-tggates-pathological-images/LATEST/images/rosiglitazone_maleate/Liver/62731.svs,False
62733,rosiglitazone maleate,Control,4 day,666,1,2,1,https://dbarchive.biosciencedbc.jp/data/open-tggates-pathological-images/LATEST/images/rosiglitazone_maleate/Liver/62733.svs,False
62735,rosiglitazone maleate,Control,4 day,666,1,3,1,https://dbarchive.biosciencedbc.jp/data/open-tggates-pathological-images/LATEST/images/rosiglitazone_maleate/Liver/62735.svs,False
62737,rosiglitazone maleate,Control,4 day,666,1,4,1,https://dbarchive.biosciencedbc.jp/data/open-tggates-pathological-images/LATEST/images/rosiglitazone_maleate/Liver/62737.svs,False
62739,rosiglitazone maleate,Control,4 day,666,1,5,1,https://dbarchive.biosciencedbc.jp/data/open-tggates-pathological-images/LATEST/images/rosiglitazone_maleate/Liver/62739.svs,False
62852,rosiglitazone maleate,High,4 day,666,13,1,1,https://dbarchive.biosciencedbc.jp/data/open-tggates-pathological-images/LATEST/images/rosiglitazone_maleate/Liver/62852.svs,False
62854,rosiglitazone maleate,High,4 day,666,13,2,1,https://dbarchive.biosciencedbc.jp/data/open-tggates-pathological-images/LATEST/images/rosiglitazone_maleate/Liver/62854.svs,False
62856,rosiglitazone maleate,High,4 day,666,13,3,1,https://dbarchive.biosciencedbc.jp/data/open-tggates-pathological-images/LATEST/images/rosiglitazone_maleate/Liver/62856.svs,False
62858,rosiglitazone maleate,High,4 day,666,13,4,1,https://dbarchive.biosciencedbc.jp/data/open-tggates-pathological-images/LATEST/images/rosiglitazone_maleate/Liver/62858.svs,False
62860,rosiglitazone maleate,High,4 day,666,13,5,1,https://dbarchive.biosciencedbc.jp/data/open-tggates-pathological-images/LATEST/images/rosiglitazone_maleate/Liver/62860.svs,False
62772,rosiglitazone maleate,Low,4 day,666,5,1,1,https://dbarchive.biosciencedbc.jp/data/open-tggates-pathological-images/LATEST/images/rosiglitazone_maleate/Liver/62772.svs,False
62774,rosiglitazone maleate,Low,4 day,666,5,2,1,https://dbarchive.biosciencedbc.jp/data/open-tggates-pathological-images/LATEST/images/rosiglitazone_maleate/Liver/62774.svs,False
62775,rosiglitazone maleate,Low,4 day,666,5,3,1,https://dbarchive.biosciencedbc.jp/data/open-tggates-pathological-images/LATEST/images/rosiglitazone_maleate/Liver/62775.svs,False
62777,rosiglitazone maleate,Low,4 day,666,5,4,1,https://dbarchive.biosciencedbc.jp/data/open-tggates-pathological-images/LATEST/images/rosiglitazone_maleate/Liver/62777.svs,False
62779,rosiglitazone maleate,Low,4 day,666,5,5,1,https://dbarchive.biosciencedbc.jp/data/open-tggates-pathological-images/LATEST/images/rosiglitazone_maleate/Liver/62779.svs,False
62812,rosiglitazone maleate,Middle,4 day,666,9,1,1,https://dbarchive.biosciencedbc.jp/data/open-tggates-pathological-images/LATEST/images/rosiglitazone_maleate/Liver/62812.svs,False
62814,rosiglitazone maleate,Middle,4 day,666,9,2,1,https://dbarchive.biosciencedbc.jp/data/open-tggates-pathological-images/LATEST/images/rosiglitazone_maleate/Liver/62814.svs,False
62815,rosiglitazone maleate,Middle,4 day,666,9,3,1,https://dbarchive.biosciencedbc.jp/data/open-tggates-pathological-images/LATEST/images/rosiglitazone_maleate/Liver/62815.svs,False
62817,rosiglitazone maleate,Middle,4 day,666,9,4,1,https://dbarchive.biosciencedbc.jp/data/open-tggates-pathological-images/LATEST/images/rosiglitazone_maleate/Liver/62817.svs,False
62820,rosiglitazone maleate,Middle,4 day,666,9,5,1,https://dbarchive.biosciencedbc.jp/data/open-tggates-pathological-images/LATEST/images/rosiglitazone_maleate/Liver/62820.svs,False
62741,rosiglitazone maleate,Control,8 day,666,2,1,1,https://dbarchive.biosciencedbc.jp/data/open-tggates-pathological-images/LATEST/images/rosiglitazone_maleate/Liver/62741.svs,False
62743,rosiglitazone maleate,Control,8 day,666,2,2,1,https://dbarchive.biosciencedbc.jp/data/open-tggates-pathological-images/LATEST/images/rosiglitazone_maleate/Liver/62743.svs,False
62745,rosiglitazone maleate,Control,8 day,666,2,3,1,https://dbarchive.biosciencedbc.jp/data/open-tggates-pathological-images/LATEST/images/rosiglitazone_maleate/Liver/62745.svs,False
62747,rosiglitazone maleate,Control,8 day,666,2,4,1,https://dbarchive.biosciencedbc.jp/data/open-tggates-pathological-images/LATEST/images/rosiglitazone_maleate/Liver/62747.svs,False
62749,rosiglitazone maleate,Control,8 day,666,2,5,1,https://dbarchive.biosciencedbc.jp/data/open-tggates-pathological-images/LATEST/images/rosiglitazone_maleate/Liver/62749.svs,False
62862,rosiglitazone maleate,High,8 day,666,14,1,1,https://dbarchive.biosciencedbc.jp/data/open-tggates-pathological-images/LATEST/images/rosiglitazone_maleate/Liver/62862.svs,False
62864,rosiglitazone maleate,High,8 day,666,14,2,1,https://dbarchive.biosciencedbc.jp/data/open-tggates-pathological-images/LATEST/images/rosiglitazone_maleate/Liver/62864.svs,False
62866,rosiglitazone maleate,High,8 day,666,14,3,1,https://dbarchive.biosciencedbc.jp/data/open-tggates-pathological-images/LATEST/images/rosiglitazone_maleate/Liver/62866.svs,False
62868,rosiglitazone maleate,High,8 day,666,14,4,1,https://dbarchive.biosciencedbc.jp/data/open-tggates-pathological-images/LATEST/images/rosiglitazone_maleate/Liver/62868.svs,False
62870,rosiglitazone maleate,High,8 day,666,14,5,1,https://dbarchive.biosciencedbc.jp/data/open-tggates-pathological-images/LATEST/images/rosiglitazone_maleate/Liver/62870.svs,False
62781,rosiglitazone maleate,Low,8 day,666,6,1,1,https://dbarchive.biosciencedbc.jp/data/open-tggates-pathological-images/LATEST/images/rosiglitazone_maleate/Liver/62781.svs,False
62783,rosiglitazone maleate,Low,8 day,666,6,2,1,https://dbarchive.biosciencedbc.jp/data/open-tggates-pathological-images/LATEST/images/rosiglitazone_maleate/Liver/62783.svs,False
62785,rosiglitazone maleate,Low,8 day,666,6,3,1,https://dbarchive.biosciencedbc.jp/data/open-tggates-pathological-images/LATEST/images/rosiglitazone_maleate/Liver/62785.svs,False
62787,rosiglitazone maleate,Low,8 day,666,6,4,1,https://dbarchive.biosciencedbc.jp/data/open-tggates-pathological-images/LATEST/images/rosiglitazone_maleate/Liver/62787.svs,False
62789,rosiglitazone maleate,Low,8 day,666,6,5,1,https://dbarchive.biosciencedbc.jp/data/open-tggates-pathological-images/LATEST/images/rosiglitazone_maleate/Liver/62789.svs,False
62821,rosiglitazone maleate,Middle,8 day,666,10,1,1,https://dbarchive.biosciencedbc.jp/data/open-tggates-pathological-images/LATEST/images/rosiglitazone_maleate/Liver/62821.svs,False
62823,rosiglitazone maleate,Middle,8 day,666,10,2,1,https://dbarchive.biosciencedbc.jp/data/open-tggates-pathological-images/LATEST/images/rosiglitazone_maleate/Liver/62823.svs,False
62825,rosiglitazone maleate,Middle,8 day,666,10,3,1,https://dbarchive.biosciencedbc.jp/data/open-tggates-pathological-images/LATEST/images/rosiglitazone_maleate/Liver/62825.svs,False
62828,rosiglitazone maleate,Middle,8 day,666,10,4,1,https://dbarchive.biosciencedbc.jp/data/open-tggates-pathological-images/LATEST/images/rosiglitazone_maleate/Liver/62828.svs,False
62829,rosiglitazone maleate,Middle,8 day,666,10,5,1,https://dbarchive.biosciencedbc.jp/data/open-tggates-pathological-images/LATEST/images/rosiglitazone_maleate/Liver/62829.svs,False
30769,sulfasalazine,Control,15 day,211,3,1,1,https://dbarchive.biosciencedbc.jp/data/open-tggates-pathological-images/LATEST/images/sulfasalazine/Liver/30769.svs,False
30771,sulfasalazine,Control,15 day,211,3,2,1,https://dbarchive.biosciencedbc.jp/data/open-tggates-pathological-images/LATEST/images/sulfasalazine/Liver/30771.svs,False
30774,sulfasalazine,Control,15 day,211,3,3,1,https://dbarchive.biosciencedbc.jp/data/open-tggates-pathological-images/LATEST/images/sulfasalazine/Liver/30774.svs,False
30776,sulfasalazine,Control,15 day,211,3,4,1,https://dbarchive.biosciencedbc.jp/data/open-tggates-pathological-images/LATEST/images/sulfasalazine/Liver/30776.svs,False
30779,sulfasalazine,Control,15 day,211,3,5,1,https://dbarchive.biosciencedbc.jp/data/open-tggates-pathological-images/LATEST/images/sulfasalazine/Liver/30779.svs,False
30803,sulfasalazine,High,15 day,211,15,1,1,https://dbarchive.biosciencedbc.jp/data/open-tggates-pathological-images/LATEST/images/sulfasalazine/Liver/30803.svs,False
30805,sulfasalazine,High,15 day,211,15,2,1,https://dbarchive.biosciencedbc.jp/data/open-tggates-pathological-images/LATEST/images/sulfasalazine/Liver/30805.svs,False
30807,sulfasalazine,High,15 day,211,15,3,1,https://dbarchive.biosciencedbc.jp/data/open-tggates-pathological-images/LATEST/images/sulfasalazine/Liver/30807.svs,False
30810,sulfasalazine,High,15 day,211,15,4,1,https://dbarchive.biosciencedbc.jp/data/open-tggates-pathological-images/LATEST/images/sulfasalazine/Liver/30810.svs,False
30813,sulfasalazine,High,15 day,211,15,5,1,https://dbarchive.biosciencedbc.jp/data/open-tggates-pathological-images/LATEST/images/sulfasalazine/Liver/30813.svs,False
30781,sulfasalazine,Low,15 day,211,7,1,1,https://dbarchive.biosciencedbc.jp/data/open-tggates-pathological-images/LATEST/images/sulfasalazine/Liver/30781.svs,False
30783,sulfasalazine,Low,15 day,211,7,2,1,https://dbarchive.biosciencedbc.jp/data/open-tggates-pathological-images/LATEST/images/sulfasalazine/Liver/30783.svs,False
30786,sulfasalazine,Low,15 day,211,7,3,1,https://dbarchive.biosciencedbc.jp/data/open-tggates-pathological-images/LATEST/images/sulfasalazine/Liver/30786.svs,False
30788,sulfasalazine,Low,15 day,211,7,4,1,https://dbarchive.biosciencedbc.jp/data/open-tggates-pathological-images/LATEST/images/sulfasalazine/Liver/30788.svs,False
30790,sulfasalazine,Low,15 day,211,7,5,1,https://dbarchive.biosciencedbc.jp/data/open-tggates-pathological-images/LATEST/images/sulfasalazine/Liver/30790.svs,False
30792,sulfasalazine,Middle,15 day,211,11,1,1,https://dbarchive.biosciencedbc.jp/data/open-tggates-pathological-images/LATEST/images/sulfasalazine/Liver/30792.svs,False
30795,sulfasalazine,Middle,15 day,211,11,2,1,https://dbarchive.biosciencedbc.jp/data/open-tggates-pathological-images/LATEST/images/sulfasalazine/Liver/30795.svs,False
30797,sulfasalazine,Middle,15 day,211,11,3,1,https://dbarchive.biosciencedbc.jp/data/open-tggates-pathological-images/LATEST/images/sulfasalazine/Liver/30797.svs,False
30799,sulfasalazine,Middle,15 day,211,11,4,1,https://dbarchive.biosciencedbc.jp/data/open-tggates-pathological-images/LATEST/images/sulfasalazine/Liver/30799.svs,False
30801,sulfasalazine,Middle,15 day,211,11,5,1,https://dbarchive.biosciencedbc.jp/data/open-tggates-pathological-images/LATEST/images/sulfasalazine/Liver/30801.svs,False
30815,sulfasalazine,Control,29 day,211,4,1,1,https://dbarchive.biosciencedbc.jp/data/open-tggates-pathological-images/LATEST/images/sulfasalazine/Liver/30815.svs,False
30819,sulfasalazine,Control,29 day,211,4,2,1,https://dbarchive.biosciencedbc.jp/data/open-tggates-pathological-images/LATEST/images/sulfasalazine/Liver/30819.svs,False
30822,sulfasalazine,Control,29 day,211,4,3,1,https://dbarchive.biosciencedbc.jp/data/open-tggates-pathological-images/LATEST/images/sulfasalazine/Liver/30822.svs,False
30824,sulfasalazine,Control,29 day,211,4,4,1,https://dbarchive.biosciencedbc.jp/data/open-tggates-pathological-images/LATEST/images/sulfasalazine/Liver/30824.svs,False
30826,sulfasalazine,Control,29 day,211,4,5,1,https://dbarchive.biosciencedbc.jp/data/open-tggates-pathological-images/LATEST/images/sulfasalazine/Liver/30826.svs,False
30856,sulfasalazine,High,29 day,211,16,1,1,https://dbarchive.biosciencedbc.jp/data/open-tggates-pathological-images/LATEST/images/sulfasalazine/Liver/30856.svs,False
30859,sulfasalazine,High,29 day,211,16,2,1,https://dbarchive.biosciencedbc.jp/data/open-tggates-pathological-images/LATEST/images/sulfasalazine/Liver/30859.svs,False
30862,sulfasalazine,High,29 day,211,16,3,1,https://dbarchive.biosciencedbc.jp/data/open-tggates-pathological-images/LATEST/images/sulfasalazine/Liver/30862.svs,False
30865,sulfasalazine,High,29 day,211,16,4,1,https://dbarchive.biosciencedbc.jp/data/open-tggates-pathological-images/LATEST/images/sulfasalazine/Liver/30865.svs,False
30867,sulfasalazine,High,29 day,211,16,5,1,https://dbarchive.biosciencedbc.jp/data/open-tggates-pathological-images/LATEST/images/sulfasalazine/Liver/30867.svs,False
30829,sulfasalazine,Low,29 day,211,8,1,1,https://dbarchive.biosciencedbc.jp/data/open-tggates-pathological-images/LATEST/images/sulfasalazine/Liver/30829.svs,False
30831,sulfasalazine,Low,29 day,211,8,2,1,https://dbarchive.biosciencedbc.jp/data/open-tggates-pathological-images/LATEST/images/sulfasalazine/Liver/30831.svs,False
30833,sulfasalazine,Low,29 day,211,8,3,1,https://dbarchive.biosciencedbc.jp/data/open-tggates-pathological-images/LATEST/images/sulfasalazine/Liver/30833.svs,False
30836,sulfasalazine,Low,29 day,211,8,4,1,https://dbarchive.biosciencedbc.jp/data/open-tggates-pathological-images/LATEST/images/sulfasalazine/Liver/30836.svs,False
30839,sulfasalazine,Low,29 day,211,8,5,1,https://dbarchive.biosciencedbc.jp/data/open-tggates-pathological-images/LATEST/images/sulfasalazine/Liver/30839.svs,False
30842,sulfasalazine,Middle,29 day,211,12,1,1,https://dbarchive.biosciencedbc.jp/data/open-tggates-pathological-images/LATEST/images/sulfasalazine/Liver/30842.svs,False
30845,sulfasalazine,Middle,29 day,211,12,2,1,https://dbarchive.biosciencedbc.jp/data/open-tggates-pathological-images/LATEST/images/sulfasalazine/Liver/30845.svs,False
30847,sulfasalazine,Middle,29 day,211,12,3,1,https://dbarchive.biosciencedbc.jp/data/open-tggates-pathological-images/LATEST/images/sulfasalazine/Liver/30847.svs,False
30850,sulfasalazine,Middle,29 day,211,12,4,1,https://dbarchive.biosciencedbc.jp/data/open-tggates-pathological-images/LATEST/images/sulfasalazine/Liver/30850.svs,False
30854,sulfasalazine,Middle,29 day,211,12,5,1,https://dbarchive.biosciencedbc.jp/data/open-tggates-pathological-images/LATEST/images/sulfasalazine/Liver/30854.svs,False
30678,sulfasalazine,Control,4 day,211,1,1,1,https://dbarchive.biosciencedbc.jp/data/open-tggates-pathological-images/LATEST/images/sulfasalazine/Liver/30678.svs,False
30681,sulfasalazine,Control,4 day,211,1,2,1,https://dbarchive.biosciencedbc.jp/data/open-tggates-pathological-images/LATEST/images/sulfasalazine/Liver/30681.svs,False
30683,sulfasalazine,Control,4 day,211,1,3,1,https://dbarchive.biosciencedbc.jp/data/open-tggates-pathological-images/LATEST/images/sulfasalazine/Liver/30683.svs,False
30686,sulfasalazine,Control,4 day,211,1,4,1,https://dbarchive.biosciencedbc.jp/data/open-tggates-pathological-images/LATEST/images/sulfasalazine/Liver/30686.svs,False
30689,sulfasalazine,Control,4 day,211,1,5,1,https://dbarchive.biosciencedbc.jp/data/open-tggates-pathological-images/LATEST/images/sulfasalazine/Liver/30689.svs,False
30714,sulfasalazine,High,4 day,211,13,1,1,https://dbarchive.biosciencedbc.jp/data/open-tggates-pathological-images/LATEST/images/sulfasalazine/Liver/30714.svs,False
30716,sulfasalazine,High,4 day,211,13,2,1,https://dbarchive.biosciencedbc.jp/data/open-tggates-pathological-images/LATEST/images/sulfasalazine/Liver/30716.svs,False
30718,sulfasalazine,High,4 day,211,13,3,1,https://dbarchive.biosciencedbc.jp/data/open-tggates-pathological-images/LATEST/images/sulfasalazine/Liver/30718.svs,False
30721,sulfasalazine,High,4 day,211,13,4,1,https://dbarchive.biosciencedbc.jp/data/open-tggates-pathological-images/LATEST/images/sulfasalazine/Liver/30721.svs,False
30723,sulfasalazine,High,4 day,211,13,5,1,https://dbarchive.biosciencedbc.jp/data/open-tggates-pathological-images/LATEST/images/sulfasalazine/Liver/30723.svs,False
30691,sulfasalazine,Low,4 day,211,5,1,1,https://dbarchive.biosciencedbc.jp/data/open-tggates-pathological-images/LATEST/images/sulfasalazine/Liver/30691.svs,False
30693,sulfasalazine,Low,4 day,211,5,2,1,https://dbarchive.biosciencedbc.jp/data/open-tggates-pathological-images/LATEST/images/sulfasalazine/Liver/30693.svs,False
30696,sulfasalazine,Low,4 day,211,5,3,1,https://dbarchive.biosciencedbc.jp/data/open-tggates-pathological-images/LATEST/images/sulfasalazine/Liver/30696.svs,False
30698,sulfasalazine,Low,4 day,211,5,4,1,https://dbarchive.biosciencedbc.jp/data/open-tggates-pathological-images/LATEST/images/sulfasalazine/Liver/30698.svs,False
30700,sulfasalazine,Low,4 day,211,5,5,1,https://dbarchive.biosciencedbc.jp/data/open-tggates-pathological-images/LATEST/images/sulfasalazine/Liver/30700.svs,False
30702,sulfasalazine,Middle,4 day,211,9,1,1,https://dbarchive.biosciencedbc.jp/data/open-tggates-pathological-images/LATEST/images/sulfasalazine/Liver/30702.svs,False
30705,sulfasalazine,Middle,4 day,211,9,2,1,https://dbarchive.biosciencedbc.jp/data/open-tggates-pathological-images/LATEST/images/sulfasalazine/Liver/30705.svs,False
30707,sulfasalazine,Middle,4 day,211,9,3,1,https://dbarchive.biosciencedbc.jp/data/open-tggates-pathological-images/LATEST/images/sulfasalazine/Liver/30707.svs,False
30709,sulfasalazine,Middle,4 day,211,9,4,1,https://dbarchive.biosciencedbc.jp/data/open-tggates-pathological-images/LATEST/images/sulfasalazine/Liver/30709.svs,False
30712,sulfasalazine,Middle,4 day,211,9,5,1,https://dbarchive.biosciencedbc.jp/data/open-tggates-pathological-images/LATEST/images/sulfasalazine/Liver/30712.svs,False
30725,sulfasalazine,Control,8 day,211,2,1,1,https://dbarchive.biosciencedbc.jp/data/open-tggates-pathological-images/LATEST/images/sulfasalazine/Liver/30725.svs,False
30728,sulfasalazine,Control,8 day,211,2,2,1,https://dbarchive.biosciencedbc.jp/data/open-tggates-pathological-images/LATEST/images/sulfasalazine/Liver/30728.svs,False
30730,sulfasalazine,Control,8 day,211,2,3,1,https://dbarchive.biosciencedbc.jp/data/open-tggates-pathological-images/LATEST/images/sulfasalazine/Liver/30730.svs,False
30732,sulfasalazine,Control,8 day,211,2,4,1,https://dbarchive.biosciencedbc.jp/data/open-tggates-pathological-images/LATEST/images/sulfasalazine/Liver/30732.svs,False
30734,sulfasalazine,Control,8 day,211,2,5,1,https://dbarchive.biosciencedbc.jp/data/open-tggates-pathological-images/LATEST/images/sulfasalazine/Liver/30734.svs,False
30759,sulfasalazine,High,8 day,211,14,1,1,https://dbarchive.biosciencedbc.jp/data/open-tggates-pathological-images/LATEST/images/sulfasalazine/Liver/30759.svs,False
30761,sulfasalazine,High,8 day,211,14,2,1,https://dbarchive.biosciencedbc.jp/data/open-tggates-pathological-images/LATEST/images/sulfasalazine/Liver/30761.svs,False
30763,sulfasalazine,High,8 day,211,14,3,1,https://dbarchive.biosciencedbc.jp/data/open-tggates-pathological-images/LATEST/images/sulfasalazine/Liver/30763.svs,False
30765,sulfasalazine,High,8 day,211,14,4,1,https://dbarchive.biosciencedbc.jp/data/open-tggates-pathological-images/LATEST/images/sulfasalazine/Liver/30765.svs,False
30767,sulfasalazine,High,8 day,211,14,5,1,https://dbarchive.biosciencedbc.jp/data/open-tggates-pathological-images/LATEST/images/sulfasalazine/Liver/30767.svs,False
30736,sulfasalazine,Low,8 day,211,6,1,1,https://dbarchive.biosciencedbc.jp/data/open-tggates-pathological-images/LATEST/images/sulfasalazine/Liver/30736.svs,False
30738,sulfasalazine,Low,8 day,211,6,2,1,https://dbarchive.biosciencedbc.jp/data/open-tggates-pathological-images/LATEST/images/sulfasalazine/Liver/30738.svs,False
30741,sulfasalazine,Low,8 day,211,6,3,1,https://dbarchive.biosciencedbc.jp/data/open-tggates-pathological-images/LATEST/images/sulfasalazine/Liver/30741.svs,False
30743,sulfasalazine,Low,8 day,211,6,4,1,https://dbarchive.biosciencedbc.jp/data/open-tggates-pathological-images/LATEST/images/sulfasalazine/Liver/30743.svs,False
30745,sulfasalazine,Low,8 day,211,6,5,1,https://dbarchive.biosciencedbc.jp/data/open-tggates-pathological-images/LATEST/images/sulfasalazine/Liver/30745.svs,False
30747,sulfasalazine,Middle,8 day,211,10,1,1,https://dbarchive.biosciencedbc.jp/data/open-tggates-pathological-images/LATEST/images/sulfasalazine/Liver/30747.svs,False
30750,sulfasalazine,Middle,8 day,211,10,2,1,https://dbarchive.biosciencedbc.jp/data/open-tggates-pathological-images/LATEST/images/sulfasalazine/Liver/30750.svs,False
30752,sulfasalazine,Middle,8 day,211,10,3,1,https://dbarchive.biosciencedbc.jp/data/open-tggates-pathological-images/LATEST/images/sulfasalazine/Liver/30752.svs,False
30754,sulfasalazine,Middle,8 day,211,10,4,1,https://dbarchive.biosciencedbc.jp/data/open-tggates-pathological-images/LATEST/images/sulfasalazine/Liver/30754.svs,False
30756,sulfasalazine,Middle,8 day,211,10,5,1,https://dbarchive.biosciencedbc.jp/data/open-tggates-pathological-images/LATEST/images/sulfasalazine/Liver/30756.svs,False
38415,sulindac,Control,15 day,443,3,1,2,https://dbarchive.biosciencedbc.jp/data/open-tggates-pathological-images/LATEST/images/sulindac/Liver/38415.svs,False
38418,sulindac,Control,15 day,443,3,2,2,https://dbarchive.biosciencedbc.jp/data/open-tggates-pathological-images/LATEST/images/sulindac/Liver/38418.svs,False
38421,sulindac,Control,15 day,443,3,3,2,https://dbarchive.biosciencedbc.jp/data/open-tggates-pathological-images/LATEST/images/sulindac/Liver/38421.svs,False
38424,sulindac,Control,15 day,443,3,4,2,https://dbarchive.biosciencedbc.jp/data/open-tggates-pathological-images/LATEST/images/sulindac/Liver/38424.svs,False
38427,sulindac,Control,15 day,443,3,5,2,https://dbarchive.biosciencedbc.jp/data/open-tggates-pathological-images/LATEST/images/sulindac/Liver/38427.svs,False
38579,sulindac,High,15 day,443,15,1,2,https://dbarchive.biosciencedbc.jp/data/open-tggates-pathological-images/LATEST/images/sulindac/Liver/38579.svs,False
38581,sulindac,High,15 day,443,15,2,2,https://dbarchive.biosciencedbc.jp/data/open-tggates-pathological-images/LATEST/images/sulindac/Liver/38581.svs,False
38584,sulindac,High,15 day,443,15,5,2,https://dbarchive.biosciencedbc.jp/data/open-tggates-pathological-images/LATEST/images/sulindac/Liver/38584.svs,False
38470,sulindac,Low,15 day,443,7,1,2,https://dbarchive.biosciencedbc.jp/data/open-tggates-pathological-images/LATEST/images/sulindac/Liver/38470.svs,False
38473,sulindac,Low,15 day,443,7,2,2,https://dbarchive.biosciencedbc.jp/data/open-tggates-pathological-images/LATEST/images/sulindac/Liver/38473.svs,False
38475,sulindac,Low,15 day,443,7,3,2,https://dbarchive.biosciencedbc.jp/data/open-tggates-pathological-images/LATEST/images/sulindac/Liver/38475.svs,False
38478,sulindac,Low,15 day,443,7,4,2,https://dbarchive.biosciencedbc.jp/data/open-tggates-pathological-images/LATEST/images/sulindac/Liver/38478.svs,False
38480,sulindac,Low,15 day,443,7,5,2,https://dbarchive.biosciencedbc.jp/data/open-tggates-pathological-images/LATEST/images/sulindac/Liver/38480.svs,False
38525,sulindac,Middle,15 day,443,11,1,2,https://dbarchive.biosciencedbc.jp/data/open-tggates-pathological-images/LATEST/images/sulindac/Liver/38525.svs,False
38527,sulindac,Middle,15 day,443,11,2,2,https://dbarchive.biosciencedbc.jp/data/open-tggates-pathological-images/LATEST/images/sulindac/Liver/38527.svs,False
38531,sulindac,Middle,15 day,443,11,3,2,https://dbarchive.biosciencedbc.jp/data/open-tggates-pathological-images/LATEST/images/sulindac/Liver/38531.svs,False
38534,sulindac,Middle,15 day,443,11,4,2,https://dbarchive.biosciencedbc.jp/data/open-tggates-pathological-images/LATEST/images/sulindac/Liver/38534.svs,False
38536,sulindac,Middle,15 day,443,11,5,2,https://dbarchive.biosciencedbc.jp/data/open-tggates-pathological-images/LATEST/images/sulindac/Liver/38536.svs,False
38430,sulindac,Control,29 day,443,4,1,2,https://dbarchive.biosciencedbc.jp/data/open-tggates-pathological-images/LATEST/images/sulindac/Liver/38430.svs,False
38432,sulindac,Control,29 day,443,4,2,2,https://dbarchive.biosciencedbc.jp/data/open-tggates-pathological-images/LATEST/images/sulindac/Liver/38432.svs,False
38435,sulindac,Control,29 day,443,4,3,2,https://dbarchive.biosciencedbc.jp/data/open-tggates-pathological-images/LATEST/images/sulindac/Liver/38435.svs,False
38438,sulindac,Control,29 day,443,4,4,2,https://dbarchive.biosciencedbc.jp/data/open-tggates-pathological-images/LATEST/images/sulindac/Liver/38438.svs,False
38441,sulindac,Control,29 day,443,4,5,2,https://dbarchive.biosciencedbc.jp/data/open-tggates-pathological-images/LATEST/images/sulindac/Liver/38441.svs,False
38586,sulindac,High,29 day,443,16,1,2,https://dbarchive.biosciencedbc.jp/data/open-tggates-pathological-images/LATEST/images/sulindac/Liver/38586.svs,False
38589,sulindac,High,29 day,443,16,3,2,https://dbarchive.biosciencedbc.jp/data/open-tggates-pathological-images/LATEST/images/sulindac/Liver/38589.svs,False
38592,sulindac,High,29 day,443,16,4,2,https://dbarchive.biosciencedbc.jp/data/open-tggates-pathological-images/LATEST/images/sulindac/Liver/38592.svs,False
38483,sulindac,Low,29 day,443,8,1,2,https://dbarchive.biosciencedbc.jp/data/open-tggates-pathological-images/LATEST/images/sulindac/Liver/38483.svs,False
38485,sulindac,Low,29 day,443,8,2,2,https://dbarchive.biosciencedbc.jp/data/open-tggates-pathological-images/LATEST/images/sulindac/Liver/38485.svs,False
38489,sulindac,Low,29 day,443,8,3,2,https://dbarchive.biosciencedbc.jp/data/open-tggates-pathological-images/LATEST/images/sulindac/Liver/38489.svs,False
38492,sulindac,Low,29 day,443,8,4,2,https://dbarchive.biosciencedbc.jp/data/open-tggates-pathological-images/LATEST/images/sulindac/Liver/38492.svs,False
38494,sulindac,Low,29 day,443,8,5,2,https://dbarchive.biosciencedbc.jp/data/open-tggates-pathological-images/LATEST/images/sulindac/Liver/38494.svs,False
38540,sulindac,Middle,29 day,443,12,1,2,https://dbarchive.biosciencedbc.jp/data/open-tggates-pathological-images/LATEST/images/sulindac/Liver/38540.svs,False
38542,sulindac,Middle,29 day,443,12,2,2,https://dbarchive.biosciencedbc.jp/data/open-tggates-pathological-images/LATEST/images/sulindac/Liver/38542.svs,False
38545,sulindac,Middle,29 day,443,12,3,2,https://dbarchive.biosciencedbc.jp/data/open-tggates-pathological-images/LATEST/images/sulindac/Liver/38545.svs,False
38548,sulindac,Middle,29 day,443,12,4,2,https://dbarchive.biosciencedbc.jp/data/open-tggates-pathological-images/LATEST/images/sulindac/Liver/38548.svs,False
38551,sulindac,Middle,29 day,443,12,5,2,https://dbarchive.biosciencedbc.jp/data/open-tggates-pathological-images/LATEST/images/sulindac/Liver/38551.svs,False
38389,sulindac,Control,4 day,443,1,1,2,https://dbarchive.biosciencedbc.jp/data/open-tggates-pathological-images/LATEST/images/sulindac/Liver/38389.svs,False
38392,sulindac,Control,4 day,443,1,2,2,https://dbarchive.biosciencedbc.jp/data/open-tggates-pathological-images/LATEST/images/sulindac/Liver/38392.svs,False
70654,sulindac,Control,4 day,443,1,3,2,https://dbarchive.biosciencedbc.jp/data/open-tggates-pathological-images/LATEST/images/sulindac/Liver/70654.svs,False
70655,sulindac,Control,4 day,443,1,4,2,https://dbarchive.biosciencedbc.jp/data/open-tggates-pathological-images/LATEST/images/sulindac/Liver/70655.svs,False
38399,sulindac,Control,4 day,443,1,5,2,https://dbarchive.biosciencedbc.jp/data/open-tggates-pathological-images/LATEST/images/sulindac/Liver/38399.svs,False
38554,sulindac,High,4 day,443,13,1,2,https://dbarchive.biosciencedbc.jp/data/open-tggates-pathological-images/LATEST/images/sulindac/Liver/38554.svs,False
38556,sulindac,High,4 day,443,13,2,2,https://dbarchive.biosciencedbc.jp/data/open-tggates-pathological-images/LATEST/images/sulindac/Liver/38556.svs,False
38559,sulindac,High,4 day,443,13,3,2,https://dbarchive.biosciencedbc.jp/data/open-tggates-pathological-images/LATEST/images/sulindac/Liver/38559.svs,False
38562,sulindac,High,4 day,443,13,4,2,https://dbarchive.biosciencedbc.jp/data/open-tggates-pathological-images/LATEST/images/sulindac/Liver/38562.svs,False
38564,sulindac,High,4 day,443,13,5,2,https://dbarchive.biosciencedbc.jp/data/open-tggates-pathological-images/LATEST/images/sulindac/Liver/38564.svs,False
38444,sulindac,Low,4 day,443,5,1,2,https://dbarchive.biosciencedbc.jp/data/open-tggates-pathological-images/LATEST/images/sulindac/Liver/38444.svs,False
38446,sulindac,Low,4 day,443,5,2,2,https://dbarchive.biosciencedbc.jp/data/open-tggates-pathological-images/LATEST/images/sulindac/Liver/38446.svs,False
38449,sulindac,Low,4 day,443,5,3,2,https://dbarchive.biosciencedbc.jp/data/open-tggates-pathological-images/LATEST/images/sulindac/Liver/38449.svs,False
38451,sulindac,Low,4 day,443,5,4,2,https://dbarchive.biosciencedbc.jp/data/open-tggates-pathological-images/LATEST/images/sulindac/Liver/38451.svs,False
38454,sulindac,Low,4 day,443,5,5,2,https://dbarchive.biosciencedbc.jp/data/open-tggates-pathological-images/LATEST/images/sulindac/Liver/38454.svs,False
38498,sulindac,Middle,4 day,443,9,1,2,https://dbarchive.biosciencedbc.jp/data/open-tggates-pathological-images/LATEST/images/sulindac/Liver/38498.svs,False
38500,sulindac,Middle,4 day,443,9,2,2,https://dbarchive.biosciencedbc.jp/data/open-tggates-pathological-images/LATEST/images/sulindac/Liver/38500.svs,False
38503,sulindac,Middle,4 day,443,9,3,2,https://dbarchive.biosciencedbc.jp/data/open-tggates-pathological-images/LATEST/images/sulindac/Liver/38503.svs,False
38506,sulindac,Middle,4 day,443,9,4,2,https://dbarchive.biosciencedbc.jp/data/open-tggates-pathological-images/LATEST/images/sulindac/Liver/38506.svs,False
38508,sulindac,Middle,4 day,443,9,5,2,https://dbarchive.biosciencedbc.jp/data/open-tggates-pathological-images/LATEST/images/sulindac/Liver/38508.svs,False
38402,sulindac,Control,8 day,443,2,1,2,https://dbarchive.biosciencedbc.jp/data/open-tggates-pathological-images/LATEST/images/sulindac/Liver/38402.svs,False
38404,sulindac,Control,8 day,443,2,2,2,https://dbarchive.biosciencedbc.jp/data/open-tggates-pathological-images/LATEST/images/sulindac/Liver/38404.svs,False
38408,sulindac,Control,8 day,443,2,3,2,https://dbarchive.biosciencedbc.jp/data/open-tggates-pathological-images/LATEST/images/sulindac/Liver/38408.svs,False
38410,sulindac,Control,8 day,443,2,4,2,https://dbarchive.biosciencedbc.jp/data/open-tggates-pathological-images/LATEST/images/sulindac/Liver/38410.svs,False
38413,sulindac,Control,8 day,443,2,5,2,https://dbarchive.biosciencedbc.jp/data/open-tggates-pathological-images/LATEST/images/sulindac/Liver/38413.svs,False
38566,sulindac,High,8 day,443,14,1,2,https://dbarchive.biosciencedbc.jp/data/open-tggates-pathological-images/LATEST/images/sulindac/Liver/38566.svs,False
38568,sulindac,High,8 day,443,14,2,2,https://dbarchive.biosciencedbc.jp/data/open-tggates-pathological-images/LATEST/images/sulindac/Liver/38568.svs,False
38571,sulindac,High,8 day,443,14,3,2,https://dbarchive.biosciencedbc.jp/data/open-tggates-pathological-images/LATEST/images/sulindac/Liver/38571.svs,False
38574,sulindac,High,8 day,443,14,4,2,https://dbarchive.biosciencedbc.jp/data/open-tggates-pathological-images/LATEST/images/sulindac/Liver/38574.svs,False
38576,sulindac,High,8 day,443,14,5,2,https://dbarchive.biosciencedbc.jp/data/open-tggates-pathological-images/LATEST/images/sulindac/Liver/38576.svs,False
38457,sulindac,Low,8 day,443,6,1,2,https://dbarchive.biosciencedbc.jp/data/open-tggates-pathological-images/LATEST/images/sulindac/Liver/38457.svs,False
38460,sulindac,Low,8 day,443,6,2,2,https://dbarchive.biosciencedbc.jp/data/open-tggates-pathological-images/LATEST/images/sulindac/Liver/38460.svs,False
38462,sulindac,Low,8 day,443,6,3,2,https://dbarchive.biosciencedbc.jp/data/open-tggates-pathological-images/LATEST/images/sulindac/Liver/38462.svs,False
38465,sulindac,Low,8 day,443,6,4,2,https://dbarchive.biosciencedbc.jp/data/open-tggates-pathological-images/LATEST/images/sulindac/Liver/38465.svs,False
38468,sulindac,Low,8 day,443,6,5,2,https://dbarchive.biosciencedbc.jp/data/open-tggates-pathological-images/LATEST/images/sulindac/Liver/38468.svs,False
38511,sulindac,Middle,8 day,443,10,1,2,https://dbarchive.biosciencedbc.jp/data/open-tggates-pathological-images/LATEST/images/sulindac/Liver/38511.svs,False
38514,sulindac,Middle,8 day,443,10,2,2,https://dbarchive.biosciencedbc.jp/data/open-tggates-pathological-images/LATEST/images/sulindac/Liver/38514.svs,False
38517,sulindac,Middle,8 day,443,10,3,2,https://dbarchive.biosciencedbc.jp/data/open-tggates-pathological-images/LATEST/images/sulindac/Liver/38517.svs,False
38520,sulindac,Middle,8 day,443,10,4,2,https://dbarchive.biosciencedbc.jp/data/open-tggates-pathological-images/LATEST/images/sulindac/Liver/38520.svs,False
38522,sulindac,Middle,8 day,443,10,5,2,https://dbarchive.biosciencedbc.jp/data/open-tggates-pathological-images/LATEST/images/sulindac/Liver/38522.svs,False
57808,theophylline,Control,15 day,428,3,1,1,https://dbarchive.biosciencedbc.jp/data/open-tggates-pathological-images/LATEST/images/theophylline/Liver/57808.svs,False
57814,theophylline,Control,15 day,428,3,2,1,https://dbarchive.biosciencedbc.jp/data/open-tggates-pathological-images/LATEST/images/theophylline/Liver/57814.svs,False
57821,theophylline,Control,15 day,428,3,3,1,https://dbarchive.biosciencedbc.jp/data/open-tggates-pathological-images/LATEST/images/theophylline/Liver/57821.svs,False
57827,theophylline,Control,15 day,428,3,4,1,https://dbarchive.biosciencedbc.jp/data/open-tggates-pathological-images/LATEST/images/theophylline/Liver/57827.svs,False
57830,theophylline,Control,15 day,428,3,5,1,https://dbarchive.biosciencedbc.jp/data/open-tggates-pathological-images/LATEST/images/theophylline/Liver/57830.svs,False
58197,theophylline,High,15 day,428,15,1,1,https://dbarchive.biosciencedbc.jp/data/open-tggates-pathological-images/LATEST/images/theophylline/Liver/58197.svs,False
58203,theophylline,High,15 day,428,15,3,1,https://dbarchive.biosciencedbc.jp/data/open-tggates-pathological-images/LATEST/images/theophylline/Liver/58203.svs,False
58209,theophylline,High,15 day,428,15,4,1,https://dbarchive.biosciencedbc.jp/data/open-tggates-pathological-images/LATEST/images/theophylline/Liver/58209.svs,False
58216,theophylline,High,15 day,428,15,5,1,https://dbarchive.biosciencedbc.jp/data/open-tggates-pathological-images/LATEST/images/theophylline/Liver/58216.svs,False
57965,theophylline,Low,15 day,428,7,1,1,https://dbarchive.biosciencedbc.jp/data/open-tggates-pathological-images/LATEST/images/theophylline/Liver/57965.svs,False
57972,theophylline,Low,15 day,428,7,2,1,https://dbarchive.biosciencedbc.jp/data/open-tggates-pathological-images/LATEST/images/theophylline/Liver/57972.svs,False
57978,theophylline,Low,15 day,428,7,3,1,https://dbarchive.biosciencedbc.jp/data/open-tggates-pathological-images/LATEST/images/theophylline/Liver/57978.svs,False
57985,theophylline,Low,15 day,428,7,4,1,https://dbarchive.biosciencedbc.jp/data/open-tggates-pathological-images/LATEST/images/theophylline/Liver/57985.svs,False
57992,theophylline,Low,15 day,428,7,5,1,https://dbarchive.biosciencedbc.jp/data/open-tggates-pathological-images/LATEST/images/theophylline/Liver/57992.svs,False
58091,theophylline,Middle,15 day,428,11,1,1,https://dbarchive.biosciencedbc.jp/data/open-tggates-pathological-images/LATEST/images/theophylline/Liver/58091.svs,False
58094,theophylline,Middle,15 day,428,11,2,1,https://dbarchive.biosciencedbc.jp/data/open-tggates-pathological-images/LATEST/images/theophylline/Liver/58094.svs,False
58097,theophylline,Middle,15 day,428,11,3,1,https://dbarchive.biosciencedbc.jp/data/open-tggates-pathological-images/LATEST/images/theophylline/Liver/58097.svs,False
58100,theophylline,Middle,15 day,428,11,4,1,https://dbarchive.biosciencedbc.jp/data/open-tggates-pathological-images/LATEST/images/theophylline/Liver/58100.svs,False
58103,theophylline,Middle,15 day,428,11,5,1,https://dbarchive.biosciencedbc.jp/data/open-tggates-pathological-images/LATEST/images/theophylline/Liver/58103.svs,False
57837,theophylline,Control,29 day,428,4,1,1,https://dbarchive.biosciencedbc.jp/data/open-tggates-pathological-images/LATEST/images/theophylline/Liver/57837.svs,False
57845,theophylline,Control,29 day,428,4,2,1,https://dbarchive.biosciencedbc.jp/data/open-tggates-pathological-images/LATEST/images/theophylline/Liver/57845.svs,False
57851,theophylline,Control,29 day,428,4,3,1,https://dbarchive.biosciencedbc.jp/data/open-tggates-pathological-images/LATEST/images/theophylline/Liver/57851.svs,False
57858,theophylline,Control,29 day,428,4,4,1,https://dbarchive.biosciencedbc.jp/data/open-tggates-pathological-images/LATEST/images/theophylline/Liver/57858.svs,False
57865,theophylline,Control,29 day,428,4,5,1,https://dbarchive.biosciencedbc.jp/data/open-tggates-pathological-images/LATEST/images/theophylline/Liver/57865.svs,False
58222,theophylline,High,29 day,428,16,3,1,https://dbarchive.biosciencedbc.jp/data/open-tggates-pathological-images/LATEST/images/theophylline/Liver/58222.svs,False
58229,theophylline,High,29 day,428,16,4,1,https://dbarchive.biosciencedbc.jp/data/open-tggates-pathological-images/LATEST/images/theophylline/Liver/58229.svs,False
57998,theophylline,Low,29 day,428,8,1,1,https://dbarchive.biosciencedbc.jp/data/open-tggates-pathological-images/LATEST/images/theophylline/Liver/57998.svs,False
58006,theophylline,Low,29 day,428,8,2,1,https://dbarchive.biosciencedbc.jp/data/open-tggates-pathological-images/LATEST/images/theophylline/Liver/58006.svs,False
58012,theophylline,Low,29 day,428,8,3,1,https://dbarchive.biosciencedbc.jp/data/open-tggates-pathological-images/LATEST/images/theophylline/Liver/58012.svs,False
58019,theophylline,Low,29 day,428,8,4,1,https://dbarchive.biosciencedbc.jp/data/open-tggates-pathological-images/LATEST/images/theophylline/Liver/58019.svs,False
58026,theophylline,Low,29 day,428,8,5,1,https://dbarchive.biosciencedbc.jp/data/open-tggates-pathological-images/LATEST/images/theophylline/Liver/58026.svs,False
58110,theophylline,Middle,29 day,428,12,1,1,https://dbarchive.biosciencedbc.jp/data/open-tggates-pathological-images/LATEST/images/theophylline/Liver/58110.svs,False
58116,theophylline,Middle,29 day,428,12,2,1,https://dbarchive.biosciencedbc.jp/data/open-tggates-pathological-images/LATEST/images/theophylline/Liver/58116.svs,False
58124,theophylline,Middle,29 day,428,12,3,1,https://dbarchive.biosciencedbc.jp/data/open-tggates-pathological-images/LATEST/images/theophylline/Liver/58124.svs,False
58131,theophylline,Middle,29 day,428,12,4,1,https://dbarchive.biosciencedbc.jp/data/open-tggates-pathological-images/LATEST/images/theophylline/Liver/58131.svs,False
58137,theophylline,Middle,29 day,428,12,5,1,https://dbarchive.biosciencedbc.jp/data/open-tggates-pathological-images/LATEST/images/theophylline/Liver/58137.svs,False
57749,theophylline,Control,4 day,428,1,1,1,https://dbarchive.biosciencedbc.jp/data/open-tggates-pathological-images/LATEST/images/theophylline/Liver/57749.svs,False
57753,theophylline,Control,4 day,428,1,2,1,https://dbarchive.biosciencedbc.jp/data/open-tggates-pathological-images/LATEST/images/theophylline/Liver/57753.svs,False
57758,theophylline,Control,4 day,428,1,3,1,https://dbarchive.biosciencedbc.jp/data/open-tggates-pathological-images/LATEST/images/theophylline/Liver/57758.svs,False
57764,theophylline,Control,4 day,428,1,4,1,https://dbarchive.biosciencedbc.jp/data/open-tggates-pathological-images/LATEST/images/theophylline/Liver/57764.svs,False
57770,theophylline,Control,4 day,428,1,5,1,https://dbarchive.biosciencedbc.jp/data/open-tggates-pathological-images/LATEST/images/theophylline/Liver/57770.svs,False
58144,theophylline,High,4 day,428,13,1,1,https://dbarchive.biosciencedbc.jp/data/open-tggates-pathological-images/LATEST/images/theophylline/Liver/58144.svs,False
58150,theophylline,High,4 day,428,13,2,1,https://dbarchive.biosciencedbc.jp/data/open-tggates-pathological-images/LATEST/images/theophylline/Liver/58150.svs,False
58156,theophylline,High,4 day,428,13,3,1,https://dbarchive.biosciencedbc.jp/data/open-tggates-pathological-images/LATEST/images/theophylline/Liver/58156.svs,False
58162,theophylline,High,4 day,428,13,4,1,https://dbarchive.biosciencedbc.jp/data/open-tggates-pathological-images/LATEST/images/theophylline/Liver/58162.svs,False
57872,theophylline,Low,4 day,428,5,1,1,https://dbarchive.biosciencedbc.jp/data/open-tggates-pathological-images/LATEST/images/theophylline/Liver/57872.svs,False
57878,theophylline,Low,4 day,428,5,2,1,https://dbarchive.biosciencedbc.jp/data/open-tggates-pathological-images/LATEST/images/theophylline/Liver/57878.svs,False
57884,theophylline,Low,4 day,428,5,3,1,https://dbarchive.biosciencedbc.jp/data/open-tggates-pathological-images/LATEST/images/theophylline/Liver/57884.svs,False
57890,theophylline,Low,4 day,428,5,4,1,https://dbarchive.biosciencedbc.jp/data/open-tggates-pathological-images/LATEST/images/theophylline/Liver/57890.svs,False
70646,theophylline,Low,4 day,428,5,5,1,https://dbarchive.biosciencedbc.jp/data/open-tggates-pathological-images/LATEST/images/theophylline/Liver/70646.svs,False
58033,theophylline,Middle,4 day,428,9,1,1,https://dbarchive.biosciencedbc.jp/data/open-tggates-pathological-images/LATEST/images/theophylline/Liver/58033.svs,False
58040,theophylline,Middle,4 day,428,9,2,1,https://dbarchive.biosciencedbc.jp/data/open-tggates-pathological-images/LATEST/images/theophylline/Liver/58040.svs,False
58046,theophylline,Middle,4 day,428,9,3,1,https://dbarchive.biosciencedbc.jp/data/open-tggates-pathological-images/LATEST/images/theophylline/Liver/58046.svs,False
58053,theophylline,Middle,4 day,428,9,4,1,https://dbarchive.biosciencedbc.jp/data/open-tggates-pathological-images/LATEST/images/theophylline/Liver/58053.svs,False
58059,theophylline,Middle,4 day,428,9,5,1,https://dbarchive.biosciencedbc.jp/data/open-tggates-pathological-images/LATEST/images/theophylline/Liver/58059.svs,False
57777,theophylline,Control,8 day,428,2,1,1,https://dbarchive.biosciencedbc.jp/data/open-tggates-pathological-images/LATEST/images/theophylline/Liver/57777.svs,False
57783,theophylline,Control,8 day,428,2,2,1,https://dbarchive.biosciencedbc.jp/data/open-tggates-pathological-images/LATEST/images/theophylline/Liver/57783.svs,False
57789,theophylline,Control,8 day,428,2,3,1,https://dbarchive.biosciencedbc.jp/data/open-tggates-pathological-images/LATEST/images/theophylline/Liver/57789.svs,False
57796,theophylline,Control,8 day,428,2,4,1,https://dbarchive.biosciencedbc.jp/data/open-tggates-pathological-images/LATEST/images/theophylline/Liver/57796.svs,False
57802,theophylline,Control,8 day,428,2,5,1,https://dbarchive.biosciencedbc.jp/data/open-tggates-pathological-images/LATEST/images/theophylline/Liver/57802.svs,False
58167,theophylline,High,8 day,428,14,1,1,https://dbarchive.biosciencedbc.jp/data/open-tggates-pathological-images/LATEST/images/theophylline/Liver/58167.svs,False
58173,theophylline,High,8 day,428,14,2,1,https://dbarchive.biosciencedbc.jp/data/open-tggates-pathological-images/LATEST/images/theophylline/Liver/58173.svs,False
58179,theophylline,High,8 day,428,14,3,1,https://dbarchive.biosciencedbc.jp/data/open-tggates-pathological-images/LATEST/images/theophylline/Liver/58179.svs,False
58185,theophylline,High,8 day,428,14,4,1,https://dbarchive.biosciencedbc.jp/data/open-tggates-pathological-images/LATEST/images/theophylline/Liver/58185.svs,False
58191,theophylline,High,8 day,428,14,5,1,https://dbarchive.biosciencedbc.jp/data/open-tggates-pathological-images/LATEST/images/theophylline/Liver/58191.svs,False
57902,theophylline,Low,8 day,428,6,1,1,https://dbarchive.biosciencedbc.jp/data/open-tggates-pathological-images/LATEST/images/theophylline/Liver/57902.svs,False
57908,theophylline,Low,8 day,428,6,2,1,https://dbarchive.biosciencedbc.jp/data/open-tggates-pathological-images/LATEST/images/theophylline/Liver/57908.svs,False
57946,theophylline,Low,8 day,428,6,3,1,https://dbarchive.biosciencedbc.jp/data/open-tggates-pathological-images/LATEST/images/theophylline/Liver/57946.svs,False
57952,theophylline,Low,8 day,428,6,4,1,https://dbarchive.biosciencedbc.jp/data/open-tggates-pathological-images/LATEST/images/theophylline/Liver/57952.svs,False
57959,theophylline,Low,8 day,428,6,5,1,https://dbarchive.biosciencedbc.jp/data/open-tggates-pathological-images/LATEST/images/theophylline/Liver/57959.svs,False
58065,theophylline,Middle,8 day,428,10,1,1,https://dbarchive.biosciencedbc.jp/data/open-tggates-pathological-images/LATEST/images/theophylline/Liver/58065.svs,False
58071,theophylline,Middle,8 day,428,10,2,1,https://dbarchive.biosciencedbc.jp/data/open-tggates-pathological-images/LATEST/images/theophylline/Liver/58071.svs,False
58077,theophylline,Middle,8 day,428,10,3,1,https://dbarchive.biosciencedbc.jp/data/open-tggates-pathological-images/LATEST/images/theophylline/Liver/58077.svs,False
58083,theophylline,Middle,8 day,428,10,4,1,https://dbarchive.biosciencedbc.jp/data/open-tggates-pathological-images/LATEST/images/theophylline/Liver/58083.svs,False
58088,theophylline,Middle,8 day,428,10,5,1,https://dbarchive.biosciencedbc.jp/data/open-tggates-pathological-images/LATEST/images/theophylline/Liver/58088.svs,False
46649,thioacetamide,Control,15 day,117,3,1,1,https://dbarchive.biosciencedbc.jp/data/open-tggates-pathological-images/LATEST/images/thioacetamide/Liver/46649.svs,True
46653,thioacetamide,Control,15 day,117,3,2,1,https://dbarchive.biosciencedbc.jp/data/open-tggates-pathological-images/LATEST/images/thioacetamide/Liver/46653.svs,True
46657,thioacetamide,Control,15 day,117,3,3,1,https://dbarchive.biosciencedbc.jp/data/open-tggates-pathological-images/LATEST/images/thioacetamide/Liver/46657.svs,True
46660,thioacetamide,Control,15 day,117,3,4,1,https://dbarchive.biosciencedbc.jp/data/open-tggates-pathological-images/LATEST/images/thioacetamide/Liver/46660.svs,True
46662,thioacetamide,Control,15 day,117,3,5,1,https://dbarchive.biosciencedbc.jp/data/open-tggates-pathological-images/LATEST/images/thioacetamide/Liver/46662.svs,True
46820,thioacetamide,High,15 day,117,15,1,1,https://dbarchive.biosciencedbc.jp/data/open-tggates-pathological-images/LATEST/images/thioacetamide/Liver/46820.svs,True
46823,thioacetamide,High,15 day,117,15,2,1,https://dbarchive.biosciencedbc.jp/data/open-tggates-pathological-images/LATEST/images/thioacetamide/Liver/46823.svs,True
46826,thioacetamide,High,15 day,117,15,3,1,https://dbarchive.biosciencedbc.jp/data/open-tggates-pathological-images/LATEST/images/thioacetamide/Liver/46826.svs,True
46829,thioacetamide,High,15 day,117,15,4,1,https://dbarchive.biosciencedbc.jp/data/open-tggates-pathological-images/LATEST/images/thioacetamide/Liver/46829.svs,True
46831,thioacetamide,High,15 day,117,15,5,1,https://dbarchive.biosciencedbc.jp/data/open-tggates-pathological-images/LATEST/images/thioacetamide/Liver/46831.svs,True
46705,thioacetamide,Low,15 day,117,7,1,1,https://dbarchive.biosciencedbc.jp/data/open-tggates-pathological-images/LATEST/images/thioacetamide/Liver/46705.svs,True
46708,thioacetamide,Low,15 day,117,7,2,1,https://dbarchive.biosciencedbc.jp/data/open-tggates-pathological-images/LATEST/images/thioacetamide/Liver/46708.svs,True
46711,thioacetamide,Low,15 day,117,7,3,1,https://dbarchive.biosciencedbc.jp/data/open-tggates-pathological-images/LATEST/images/thioacetamide/Liver/46711.svs,True
46714,thioacetamide,Low,15 day,117,7,4,1,https://dbarchive.biosciencedbc.jp/data/open-tggates-pathological-images/LATEST/images/thioacetamide/Liver/46714.svs,True
46717,thioacetamide,Low,15 day,117,7,5,1,https://dbarchive.biosciencedbc.jp/data/open-tggates-pathological-images/LATEST/images/thioacetamide/Liver/46717.svs,True
46765,thioacetamide,Middle,15 day,117,11,1,1,https://dbarchive.biosciencedbc.jp/data/open-tggates-pathological-images/LATEST/images/thioacetamide/Liver/46765.svs,True
46768,thioacetamide,Middle,15 day,117,11,2,1,https://dbarchive.biosciencedbc.jp/data/open-tggates-pathological-images/LATEST/images/thioacetamide/Liver/46768.svs,True
46769,thioacetamide,Middle,15 day,117,11,3,1,https://dbarchive.biosciencedbc.jp/data/open-tggates-pathological-images/LATEST/images/thioacetamide/Liver/46769.svs,True
46772,thioacetamide,Middle,15 day,117,11,4,1,https://dbarchive.biosciencedbc.jp/data/open-tggates-pathological-images/LATEST/images/thioacetamide/Liver/46772.svs,True
46774,thioacetamide,Middle,15 day,117,11,5,1,https://dbarchive.biosciencedbc.jp/data/open-tggates-pathological-images/LATEST/images/thioacetamide/Liver/46774.svs,True
46665,thioacetamide,Control,29 day,117,4,1,1,https://dbarchive.biosciencedbc.jp/data/open-tggates-pathological-images/LATEST/images/thioacetamide/Liver/46665.svs,True
46667,thioacetamide,Control,29 day,117,4,2,1,https://dbarchive.biosciencedbc.jp/data/open-tggates-pathological-images/LATEST/images/thioacetamide/Liver/46667.svs,True
46669,thioacetamide,Control,29 day,117,4,3,1,https://dbarchive.biosciencedbc.jp/data/open-tggates-pathological-images/LATEST/images/thioacetamide/Liver/46669.svs,True
46672,thioacetamide,Control,29 day,117,4,4,1,https://dbarchive.biosciencedbc.jp/data/open-tggates-pathological-images/LATEST/images/thioacetamide/Liver/46672.svs,True
46675,thioacetamide,Control,29 day,117,4,5,1,https://dbarchive.biosciencedbc.jp/data/open-tggates-pathological-images/LATEST/images/thioacetamide/Liver/46675.svs,True
46833,thioacetamide,High,29 day,117,16,1,1,https://dbarchive.biosciencedbc.jp/data/open-tggates-pathological-images/LATEST/images/thioacetamide/Liver/46833.svs,True
46835,thioacetamide,High,29 day,117,16,2,1,https://dbarchive.biosciencedbc.jp/data/open-tggates-pathological-images/LATEST/images/thioacetamide/Liver/46835.svs,True
46839,thioacetamide,High,29 day,117,16,3,1,https://dbarchive.biosciencedbc.jp/data/open-tggates-pathological-images/LATEST/images/thioacetamide/Liver/46839.svs,True
46841,thioacetamide,High,29 day,117,16,4,1,https://dbarchive.biosciencedbc.jp/data/open-tggates-pathological-images/LATEST/images/thioacetamide/Liver/46841.svs,True
46844,thioacetamide,High,29 day,117,16,5,1,https://dbarchive.biosciencedbc.jp/data/open-tggates-pathological-images/LATEST/images/thioacetamide/Liver/46844.svs,True
46720,thioacetamide,Low,29 day,117,8,1,1,https://dbarchive.biosciencedbc.jp/data/open-tggates-pathological-images/LATEST/images/thioacetamide/Liver/46720.svs,True
46723,thioacetamide,Low,29 day,117,8,2,1,https://dbarchive.biosciencedbc.jp/data/open-tggates-pathological-images/LATEST/images/thioacetamide/Liver/46723.svs,True
46727,thioacetamide,Low,29 day,117,8,3,1,https://dbarchive.biosciencedbc.jp/data/open-tggates-pathological-images/LATEST/images/thioacetamide/Liver/46727.svs,True
46730,thioacetamide,Low,29 day,117,8,4,1,https://dbarchive.biosciencedbc.jp/data/open-tggates-pathological-images/LATEST/images/thioacetamide/Liver/46730.svs,True
46733,thioacetamide,Low,29 day,117,8,5,1,https://dbarchive.biosciencedbc.jp/data/open-tggates-pathological-images/LATEST/images/thioacetamide/Liver/46733.svs,True
46778,thioacetamide,Middle,29 day,117,12,1,1,https://dbarchive.biosciencedbc.jp/data/open-tggates-pathological-images/LATEST/images/thioacetamide/Liver/46778.svs,True
46781,thioacetamide,Middle,29 day,117,12,2,1,https://dbarchive.biosciencedbc.jp/data/open-tggates-pathological-images/LATEST/images/thioacetamide/Liver/46781.svs,True
46783,thioacetamide,Middle,29 day,117,12,3,1,https://dbarchive.biosciencedbc.jp/data/open-tggates-pathological-images/LATEST/images/thioacetamide/Liver/46783.svs,True
46787,thioacetamide,Middle,29 day,117,12,4,1,https://dbarchive.biosciencedbc.jp/data/open-tggates-pathological-images/LATEST/images/thioacetamide/Liver/46787.svs,True
46789,thioacetamide,Middle,29 day,117,12,5,1,https://dbarchive.biosciencedbc.jp/data/open-tggates-pathological-images/LATEST/images/thioacetamide/Liver/46789.svs,True
46622,thioacetamide,Control,4 day,117,1,1,1,https://dbarchive.biosciencedbc.jp/data/open-tggates-pathological-images/LATEST/images/thioacetamide/Liver/46622.svs,True
46625,thioacetamide,Control,4 day,117,1,2,1,https://dbarchive.biosciencedbc.jp/data/open-tggates-pathological-images/LATEST/images/thioacetamide/Liver/46625.svs,True
46626,thioacetamide,Control,4 day,117,1,3,1,https://dbarchive.biosciencedbc.jp/data/open-tggates-pathological-images/LATEST/images/thioacetamide/Liver/46626.svs,True
46629,thioacetamide,Control,4 day,117,1,4,1,https://dbarchive.biosciencedbc.jp/data/open-tggates-pathological-images/LATEST/images/thioacetamide/Liver/46629.svs,True
46631,thioacetamide,Control,4 day,117,1,5,1,https://dbarchive.biosciencedbc.jp/data/open-tggates-pathological-images/LATEST/images/thioacetamide/Liver/46631.svs,True
46792,thioacetamide,High,4 day,117,13,1,1,https://dbarchive.biosciencedbc.jp/data/open-tggates-pathological-images/LATEST/images/thioacetamide/Liver/46792.svs,True
46795,thioacetamide,High,4 day,117,13,2,1,https://dbarchive.biosciencedbc.jp/data/open-tggates-pathological-images/LATEST/images/thioacetamide/Liver/46795.svs,True
46797,thioacetamide,High,4 day,117,13,3,1,https://dbarchive.biosciencedbc.jp/data/open-tggates-pathological-images/LATEST/images/thioacetamide/Liver/46797.svs,True
46800,thioacetamide,High,4 day,117,13,4,1,https://dbarchive.biosciencedbc.jp/data/open-tggates-pathological-images/LATEST/images/thioacetamide/Liver/46800.svs,True
46803,thioacetamide,High,4 day,117,13,5,1,https://dbarchive.biosciencedbc.jp/data/open-tggates-pathological-images/LATEST/images/thioacetamide/Liver/46803.svs,True
46678,thioacetamide,Low,4 day,117,5,1,1,https://dbarchive.biosciencedbc.jp/data/open-tggates-pathological-images/LATEST/images/thioacetamide/Liver/46678.svs,True
46681,thioacetamide,Low,4 day,117,5,2,1,https://dbarchive.biosciencedbc.jp/data/open-tggates-pathological-images/LATEST/images/thioacetamide/Liver/46681.svs,True
46684,thioacetamide,Low,4 day,117,5,3,1,https://dbarchive.biosciencedbc.jp/data/open-tggates-pathological-images/LATEST/images/thioacetamide/Liver/46684.svs,True
46686,thioacetamide,Low,4 day,117,5,4,1,https://dbarchive.biosciencedbc.jp/data/open-tggates-pathological-images/LATEST/images/thioacetamide/Liver/46686.svs,True
46689,thioacetamide,Low,4 day,117,5,5,1,https://dbarchive.biosciencedbc.jp/data/open-tggates-pathological-images/LATEST/images/thioacetamide/Liver/46689.svs,True
46736,thioacetamide,Middle,4 day,117,9,1,1,https://dbarchive.biosciencedbc.jp/data/open-tggates-pathological-images/LATEST/images/thioacetamide/Liver/46736.svs,True
46740,thioacetamide,Middle,4 day,117,9,2,1,https://dbarchive.biosciencedbc.jp/data/open-tggates-pathological-images/LATEST/images/thioacetamide/Liver/46740.svs,True
46744,thioacetamide,Middle,4 day,117,9,3,1,https://dbarchive.biosciencedbc.jp/data/open-tggates-pathological-images/LATEST/images/thioacetamide/Liver/46744.svs,True
46747,thioacetamide,Middle,4 day,117,9,4,1,https://dbarchive.biosciencedbc.jp/data/open-tggates-pathological-images/LATEST/images/thioacetamide/Liver/46747.svs,True
46750,thioacetamide,Middle,4 day,117,9,5,1,https://dbarchive.biosciencedbc.jp/data/open-tggates-pathological-images/LATEST/images/thioacetamide/Liver/46750.svs,True
46635,thioacetamide,Control,8 day,117,2,1,1,https://dbarchive.biosciencedbc.jp/data/open-tggates-pathological-images/LATEST/images/thioacetamide/Liver/46635.svs,True
46638,thioacetamide,Control,8 day,117,2,2,1,https://dbarchive.biosciencedbc.jp/data/open-tggates-pathological-images/LATEST/images/thioacetamide/Liver/46638.svs,True
46640,thioacetamide,Control,8 day,117,2,3,1,https://dbarchive.biosciencedbc.jp/data/open-tggates-pathological-images/LATEST/images/thioacetamide/Liver/46640.svs,True
46644,thioacetamide,Control,8 day,117,2,4,1,https://dbarchive.biosciencedbc.jp/data/open-tggates-pathological-images/LATEST/images/thioacetamide/Liver/46644.svs,True
46647,thioacetamide,Control,8 day,117,2,5,1,https://dbarchive.biosciencedbc.jp/data/open-tggates-pathological-images/LATEST/images/thioacetamide/Liver/46647.svs,True
46806,thioacetamide,High,8 day,117,14,1,1,https://dbarchive.biosciencedbc.jp/data/open-tggates-pathological-images/LATEST/images/thioacetamide/Liver/46806.svs,True
46809,thioacetamide,High,8 day,117,14,2,1,https://dbarchive.biosciencedbc.jp/data/open-tggates-pathological-images/LATEST/images/thioacetamide/Liver/46809.svs,True
46811,thioacetamide,High,8 day,117,14,3,1,https://dbarchive.biosciencedbc.jp/data/open-tggates-pathological-images/LATEST/images/thioacetamide/Liver/46811.svs,True
46815,thioacetamide,High,8 day,117,14,4,1,https://dbarchive.biosciencedbc.jp/data/open-tggates-pathological-images/LATEST/images/thioacetamide/Liver/46815.svs,True
46817,thioacetamide,High,8 day,117,14,5,1,https://dbarchive.biosciencedbc.jp/data/open-tggates-pathological-images/LATEST/images/thioacetamide/Liver/46817.svs,True
46691,thioacetamide,Low,8 day,117,6,1,1,https://dbarchive.biosciencedbc.jp/data/open-tggates-pathological-images/LATEST/images/thioacetamide/Liver/46691.svs,True
46694,thioacetamide,Low,8 day,117,6,2,1,https://dbarchive.biosciencedbc.jp/data/open-tggates-pathological-images/LATEST/images/thioacetamide/Liver/46694.svs,True
46696,thioacetamide,Low,8 day,117,6,3,1,https://dbarchive.biosciencedbc.jp/data/open-tggates-pathological-images/LATEST/images/thioacetamide/Liver/46696.svs,True
46700,thioacetamide,Low,8 day,117,6,4,1,https://dbarchive.biosciencedbc.jp/data/open-tggates-pathological-images/LATEST/images/thioacetamide/Liver/46700.svs,True
46702,thioacetamide,Low,8 day,117,6,5,1,https://dbarchive.biosciencedbc.jp/data/open-tggates-pathological-images/LATEST/images/thioacetamide/Liver/46702.svs,True
46753,thioacetamide,Middle,8 day,117,10,1,1,https://dbarchive.biosciencedbc.jp/data/open-tggates-pathological-images/LATEST/images/thioacetamide/Liver/46753.svs,True
46756,thioacetamide,Middle,8 day,117,10,2,1,https://dbarchive.biosciencedbc.jp/data/open-tggates-pathological-images/LATEST/images/thioacetamide/Liver/46756.svs,True
46758,thioacetamide,Middle,8 day,117,10,3,1,https://dbarchive.biosciencedbc.jp/data/open-tggates-pathological-images/LATEST/images/thioacetamide/Liver/46758.svs,True
46759,thioacetamide,Middle,8 day,117,10,4,1,https://dbarchive.biosciencedbc.jp/data/open-tggates-pathological-images/LATEST/images/thioacetamide/Liver/46759.svs,True
46763,thioacetamide,Middle,8 day,117,10,5,1,https://dbarchive.biosciencedbc.jp/data/open-tggates-pathological-images/LATEST/images/thioacetamide/Liver/46763.svs,True
53434,ticlopidine,Control,15 day,573,3,1,1,https://dbarchive.biosciencedbc.jp/data/open-tggates-pathological-images/LATEST/images/ticlopidine/Liver/53434.svs,False
53438,ticlopidine,Control,15 day,573,3,2,1,https://dbarchive.biosciencedbc.jp/data/open-tggates-pathological-images/LATEST/images/ticlopidine/Liver/53438.svs,False
53440,ticlopidine,Control,15 day,573,3,3,1,https://dbarchive.biosciencedbc.jp/data/open-tggates-pathological-images/LATEST/images/ticlopidine/Liver/53440.svs,False
53442,ticlopidine,Control,15 day,573,3,4,1,https://dbarchive.biosciencedbc.jp/data/open-tggates-pathological-images/LATEST/images/ticlopidine/Liver/53442.svs,False
53444,ticlopidine,Control,15 day,573,3,5,1,https://dbarchive.biosciencedbc.jp/data/open-tggates-pathological-images/LATEST/images/ticlopidine/Liver/53444.svs,False
53470,ticlopidine,High,15 day,573,15,1,1,https://dbarchive.biosciencedbc.jp/data/open-tggates-pathological-images/LATEST/images/ticlopidine/Liver/53470.svs,False
53472,ticlopidine,High,15 day,573,15,2,1,https://dbarchive.biosciencedbc.jp/data/open-tggates-pathological-images/LATEST/images/ticlopidine/Liver/53472.svs,False
53474,ticlopidine,High,15 day,573,15,3,1,https://dbarchive.biosciencedbc.jp/data/open-tggates-pathological-images/LATEST/images/ticlopidine/Liver/53474.svs,False
53476,ticlopidine,High,15 day,573,15,4,1,https://dbarchive.biosciencedbc.jp/data/open-tggates-pathological-images/LATEST/images/ticlopidine/Liver/53476.svs,False
53478,ticlopidine,High,15 day,573,15,5,1,https://dbarchive.biosciencedbc.jp/data/open-tggates-pathological-images/LATEST/images/ticlopidine/Liver/53478.svs,False
53446,ticlopidine,Low,15 day,573,7,1,1,https://dbarchive.biosciencedbc.jp/data/open-tggates-pathological-images/LATEST/images/ticlopidine/Liver/53446.svs,False
53448,ticlopidine,Low,15 day,573,7,2,1,https://dbarchive.biosciencedbc.jp/data/open-tggates-pathological-images/LATEST/images/ticlopidine/Liver/53448.svs,False
53450,ticlopidine,Low,15 day,573,7,3,1,https://dbarchive.biosciencedbc.jp/data/open-tggates-pathological-images/LATEST/images/ticlopidine/Liver/53450.svs,False
53452,ticlopidine,Low,15 day,573,7,4,1,https://dbarchive.biosciencedbc.jp/data/open-tggates-pathological-images/LATEST/images/ticlopidine/Liver/53452.svs,False
53454,ticlopidine,Low,15 day,573,7,5,1,https://dbarchive.biosciencedbc.jp/data/open-tggates-pathological-images/LATEST/images/ticlopidine/Liver/53454.svs,False
53458,ticlopidine,Middle,15 day,573,11,1,1,https://dbarchive.biosciencedbc.jp/data/open-tggates-pathological-images/LATEST/images/ticlopidine/Liver/53458.svs,False
53461,ticlopidine,Middle,15 day,573,11,2,1,https://dbarchive.biosciencedbc.jp/data/open-tggates-pathological-images/LATEST/images/ticlopidine/Liver/53461.svs,False
53464,ticlopidine,Middle,15 day,573,11,3,1,https://dbarchive.biosciencedbc.jp/data/open-tggates-pathological-images/LATEST/images/ticlopidine/Liver/53464.svs,False
53466,ticlopidine,Middle,15 day,573,11,4,1,https://dbarchive.biosciencedbc.jp/data/open-tggates-pathological-images/LATEST/images/ticlopidine/Liver/53466.svs,False
53468,ticlopidine,Middle,15 day,573,11,5,1,https://dbarchive.biosciencedbc.jp/data/open-tggates-pathological-images/LATEST/images/ticlopidine/Liver/53468.svs,False
53480,ticlopidine,Control,29 day,573,4,1,1,https://dbarchive.biosciencedbc.jp/data/open-tggates-pathological-images/LATEST/images/ticlopidine/Liver/53480.svs,False
53482,ticlopidine,Control,29 day,573,4,2,1,https://dbarchive.biosciencedbc.jp/data/open-tggates-pathological-images/LATEST/images/ticlopidine/Liver/53482.svs,False
53653,ticlopidine,Control,29 day,573,4,3,1,https://dbarchive.biosciencedbc.jp/data/open-tggates-pathological-images/LATEST/images/ticlopidine/Liver/53653.svs,False
53484,ticlopidine,Control,29 day,573,4,4,1,https://dbarchive.biosciencedbc.jp/data/open-tggates-pathological-images/LATEST/images/ticlopidine/Liver/53484.svs,False
53486,ticlopidine,Control,29 day,573,4,5,1,https://dbarchive.biosciencedbc.jp/data/open-tggates-pathological-images/LATEST/images/ticlopidine/Liver/53486.svs,False
53508,ticlopidine,High,29 day,573,16,1,1,https://dbarchive.biosciencedbc.jp/data/open-tggates-pathological-images/LATEST/images/ticlopidine/Liver/53508.svs,False
53510,ticlopidine,High,29 day,573,16,2,1,https://dbarchive.biosciencedbc.jp/data/open-tggates-pathological-images/LATEST/images/ticlopidine/Liver/53510.svs,False
53512,ticlopidine,High,29 day,573,16,3,1,https://dbarchive.biosciencedbc.jp/data/open-tggates-pathological-images/LATEST/images/ticlopidine/Liver/53512.svs,False
53515,ticlopidine,High,29 day,573,16,4,1,https://dbarchive.biosciencedbc.jp/data/open-tggates-pathological-images/LATEST/images/ticlopidine/Liver/53515.svs,False
53517,ticlopidine,High,29 day,573,16,5,1,https://dbarchive.biosciencedbc.jp/data/open-tggates-pathological-images/LATEST/images/ticlopidine/Liver/53517.svs,False
53488,ticlopidine,Low,29 day,573,8,1,1,https://dbarchive.biosciencedbc.jp/data/open-tggates-pathological-images/LATEST/images/ticlopidine/Liver/53488.svs,False
53490,ticlopidine,Low,29 day,573,8,2,1,https://dbarchive.biosciencedbc.jp/data/open-tggates-pathological-images/LATEST/images/ticlopidine/Liver/53490.svs,False
53491,ticlopidine,Low,29 day,573,8,3,1,https://dbarchive.biosciencedbc.jp/data/open-tggates-pathological-images/LATEST/images/ticlopidine/Liver/53491.svs,False
53493,ticlopidine,Low,29 day,573,8,4,1,https://dbarchive.biosciencedbc.jp/data/open-tggates-pathological-images/LATEST/images/ticlopidine/Liver/53493.svs,False
53495,ticlopidine,Low,29 day,573,8,5,1,https://dbarchive.biosciencedbc.jp/data/open-tggates-pathological-images/LATEST/images/ticlopidine/Liver/53495.svs,False
53497,ticlopidine,Middle,29 day,573,12,1,1,https://dbarchive.biosciencedbc.jp/data/open-tggates-pathological-images/LATEST/images/ticlopidine/Liver/53497.svs,False
53499,ticlopidine,Middle,29 day,573,12,2,1,https://dbarchive.biosciencedbc.jp/data/open-tggates-pathological-images/LATEST/images/ticlopidine/Liver/53499.svs,False
53501,ticlopidine,Middle,29 day,573,12,3,1,https://dbarchive.biosciencedbc.jp/data/open-tggates-pathological-images/LATEST/images/ticlopidine/Liver/53501.svs,False
53503,ticlopidine,Middle,29 day,573,12,4,1,https://dbarchive.biosciencedbc.jp/data/open-tggates-pathological-images/LATEST/images/ticlopidine/Liver/53503.svs,False
53506,ticlopidine,Middle,29 day,573,12,5,1,https://dbarchive.biosciencedbc.jp/data/open-tggates-pathological-images/LATEST/images/ticlopidine/Liver/53506.svs,False
53357,ticlopidine,Control,4 day,573,1,1,1,https://dbarchive.biosciencedbc.jp/data/open-tggates-pathological-images/LATEST/images/ticlopidine/Liver/53357.svs,False
53359,ticlopidine,Control,4 day,573,1,2,1,https://dbarchive.biosciencedbc.jp/data/open-tggates-pathological-images/LATEST/images/ticlopidine/Liver/53359.svs,False
53360,ticlopidine,Control,4 day,573,1,3,1,https://dbarchive.biosciencedbc.jp/data/open-tggates-pathological-images/LATEST/images/ticlopidine/Liver/53360.svs,False
53362,ticlopidine,Control,4 day,573,1,4,1,https://dbarchive.biosciencedbc.jp/data/open-tggates-pathological-images/LATEST/images/ticlopidine/Liver/53362.svs,False
53364,ticlopidine,Control,4 day,573,1,5,1,https://dbarchive.biosciencedbc.jp/data/open-tggates-pathological-images/LATEST/images/ticlopidine/Liver/53364.svs,False
53385,ticlopidine,High,4 day,573,13,1,1,https://dbarchive.biosciencedbc.jp/data/open-tggates-pathological-images/LATEST/images/ticlopidine/Liver/53385.svs,False
53386,ticlopidine,High,4 day,573,13,2,1,https://dbarchive.biosciencedbc.jp/data/open-tggates-pathological-images/LATEST/images/ticlopidine/Liver/53386.svs,False
53388,ticlopidine,High,4 day,573,13,3,1,https://dbarchive.biosciencedbc.jp/data/open-tggates-pathological-images/LATEST/images/ticlopidine/Liver/53388.svs,False
53389,ticlopidine,High,4 day,573,13,4,1,https://dbarchive.biosciencedbc.jp/data/open-tggates-pathological-images/LATEST/images/ticlopidine/Liver/53389.svs,False
53391,ticlopidine,High,4 day,573,13,5,1,https://dbarchive.biosciencedbc.jp/data/open-tggates-pathological-images/LATEST/images/ticlopidine/Liver/53391.svs,False
53366,ticlopidine,Low,4 day,573,5,1,1,https://dbarchive.biosciencedbc.jp/data/open-tggates-pathological-images/LATEST/images/ticlopidine/Liver/53366.svs,False
53368,ticlopidine,Low,4 day,573,5,2,1,https://dbarchive.biosciencedbc.jp/data/open-tggates-pathological-images/LATEST/images/ticlopidine/Liver/53368.svs,False
53370,ticlopidine,Low,4 day,573,5,3,1,https://dbarchive.biosciencedbc.jp/data/open-tggates-pathological-images/LATEST/images/ticlopidine/Liver/53370.svs,False
53372,ticlopidine,Low,4 day,573,5,4,1,https://dbarchive.biosciencedbc.jp/data/open-tggates-pathological-images/LATEST/images/ticlopidine/Liver/53372.svs,False
53374,ticlopidine,Low,4 day,573,5,5,1,https://dbarchive.biosciencedbc.jp/data/open-tggates-pathological-images/LATEST/images/ticlopidine/Liver/53374.svs,False
53375,ticlopidine,Middle,4 day,573,9,1,1,https://dbarchive.biosciencedbc.jp/data/open-tggates-pathological-images/LATEST/images/ticlopidine/Liver/53375.svs,False
53377,ticlopidine,Middle,4 day,573,9,2,1,https://dbarchive.biosciencedbc.jp/data/open-tggates-pathological-images/LATEST/images/ticlopidine/Liver/53377.svs,False
53379,ticlopidine,Middle,4 day,573,9,3,1,https://dbarchive.biosciencedbc.jp/data/open-tggates-pathological-images/LATEST/images/ticlopidine/Liver/53379.svs,False
53381,ticlopidine,Middle,4 day,573,9,4,1,https://dbarchive.biosciencedbc.jp/data/open-tggates-pathological-images/LATEST/images/ticlopidine/Liver/53381.svs,False
53383,ticlopidine,Middle,4 day,573,9,5,1,https://dbarchive.biosciencedbc.jp/data/open-tggates-pathological-images/LATEST/images/ticlopidine/Liver/53383.svs,False
53394,ticlopidine,Control,8 day,573,2,1,1,https://dbarchive.biosciencedbc.jp/data/open-tggates-pathological-images/LATEST/images/ticlopidine/Liver/53394.svs,False
53397,ticlopidine,Control,8 day,573,2,2,1,https://dbarchive.biosciencedbc.jp/data/open-tggates-pathological-images/LATEST/images/ticlopidine/Liver/53397.svs,False
53650,ticlopidine,Control,8 day,573,2,3,1,https://dbarchive.biosciencedbc.jp/data/open-tggates-pathological-images/LATEST/images/ticlopidine/Liver/53650.svs,False
53400,ticlopidine,Control,8 day,573,2,4,1,https://dbarchive.biosciencedbc.jp/data/open-tggates-pathological-images/LATEST/images/ticlopidine/Liver/53400.svs,False
53402,ticlopidine,Control,8 day,573,2,5,1,https://dbarchive.biosciencedbc.jp/data/open-tggates-pathological-images/LATEST/images/ticlopidine/Liver/53402.svs,False
53420,ticlopidine,High,8 day,573,14,1,1,https://dbarchive.biosciencedbc.jp/data/open-tggates-pathological-images/LATEST/images/ticlopidine/Liver/53420.svs,False
53422,ticlopidine,High,8 day,573,14,2,1,https://dbarchive.biosciencedbc.jp/data/open-tggates-pathological-images/LATEST/images/ticlopidine/Liver/53422.svs,False
53424,ticlopidine,High,8 day,573,14,3,1,https://dbarchive.biosciencedbc.jp/data/open-tggates-pathological-images/LATEST/images/ticlopidine/Liver/53424.svs,False
53652,ticlopidine,High,8 day,573,14,4,1,https://dbarchive.biosciencedbc.jp/data/open-tggates-pathological-images/LATEST/images/ticlopidine/Liver/53652.svs,False
53430,ticlopidine,High,8 day,573,14,5,1,https://dbarchive.biosciencedbc.jp/data/open-tggates-pathological-images/LATEST/images/ticlopidine/Liver/53430.svs,False
53404,ticlopidine,Low,8 day,573,6,1,1,https://dbarchive.biosciencedbc.jp/data/open-tggates-pathological-images/LATEST/images/ticlopidine/Liver/53404.svs,False
53406,ticlopidine,Low,8 day,573,6,2,1,https://dbarchive.biosciencedbc.jp/data/open-tggates-pathological-images/LATEST/images/ticlopidine/Liver/53406.svs,False
53408,ticlopidine,Low,8 day,573,6,3,1,https://dbarchive.biosciencedbc.jp/data/open-tggates-pathological-images/LATEST/images/ticlopidine/Liver/53408.svs,False
53651,ticlopidine,Low,8 day,573,6,4,1,https://dbarchive.biosciencedbc.jp/data/open-tggates-pathological-images/LATEST/images/ticlopidine/Liver/53651.svs,False
53410,ticlopidine,Low,8 day,573,6,5,1,https://dbarchive.biosciencedbc.jp/data/open-tggates-pathological-images/LATEST/images/ticlopidine/Liver/53410.svs,False
53412,ticlopidine,Middle,8 day,573,10,1,1,https://dbarchive.biosciencedbc.jp/data/open-tggates-pathological-images/LATEST/images/ticlopidine/Liver/53412.svs,False
53414,ticlopidine,Middle,8 day,573,10,2,1,https://dbarchive.biosciencedbc.jp/data/open-tggates-pathological-images/LATEST/images/ticlopidine/Liver/53414.svs,False
53415,ticlopidine,Middle,8 day,573,10,3,1,https://dbarchive.biosciencedbc.jp/data/open-tggates-pathological-images/LATEST/images/ticlopidine/Liver/53415.svs,False
53417,ticlopidine,Middle,8 day,573,10,4,1,https://dbarchive.biosciencedbc.jp/data/open-tggates-pathological-images/LATEST/images/ticlopidine/Liver/53417.svs,False
53418,ticlopidine,Middle,8 day,573,10,5,1,https://dbarchive.biosciencedbc.jp/data/open-tggates-pathological-images/LATEST/images/ticlopidine/Liver/53418.svs,False
15312,vitamin A,Control,15 day,282,3,1,1,https://dbarchive.biosciencedbc.jp/data/open-tggates-pathological-images/LATEST/images/vitamin_A/Liver/15312.svs,True
15317,vitamin A,Control,15 day,282,3,2,1,https://dbarchive.biosciencedbc.jp/data/open-tggates-pathological-images/LATEST/images/vitamin_A/Liver/15317.svs,True
15322,vitamin A,Control,15 day,282,3,3,1,https://dbarchive.biosciencedbc.jp/data/open-tggates-pathological-images/LATEST/images/vitamin_A/Liver/15322.svs,True
70568,vitamin A,Control,15 day,282,3,4,1,https://dbarchive.biosciencedbc.jp/data/open-tggates-pathological-images/LATEST/images/vitamin_A/Liver/70568.svs,True
15334,vitamin A,Control,15 day,282,3,5,1,https://dbarchive.biosciencedbc.jp/data/open-tggates-pathological-images/LATEST/images/vitamin_A/Liver/15334.svs,True
15707,vitamin A,High,15 day,282,15,1,1,https://dbarchive.biosciencedbc.jp/data/open-tggates-pathological-images/LATEST/images/vitamin_A/Liver/15707.svs,True
15711,vitamin A,High,15 day,282,15,2,1,https://dbarchive.biosciencedbc.jp/data/open-tggates-pathological-images/LATEST/images/vitamin_A/Liver/15711.svs,True
15716,vitamin A,High,15 day,282,15,3,1,https://dbarchive.biosciencedbc.jp/data/open-tggates-pathological-images/LATEST/images/vitamin_A/Liver/15716.svs,True
15721,vitamin A,High,15 day,282,15,4,1,https://dbarchive.biosciencedbc.jp/data/open-tggates-pathological-images/LATEST/images/vitamin_A/Liver/15721.svs,True
15726,vitamin A,High,15 day,282,15,5,1,https://dbarchive.biosciencedbc.jp/data/open-tggates-pathological-images/LATEST/images/vitamin_A/Liver/15726.svs,True
15431,vitamin A,Low,15 day,282,7,1,1,https://dbarchive.biosciencedbc.jp/data/open-tggates-pathological-images/LATEST/images/vitamin_A/Liver/15431.svs,True
70571,vitamin A,Low,15 day,282,7,2,1,https://dbarchive.biosciencedbc.jp/data/open-tggates-pathological-images/LATEST/images/vitamin_A/Liver/70571.svs,True
15441,vitamin A,Low,15 day,282,7,3,1,https://dbarchive.biosciencedbc.jp/data/open-tggates-pathological-images/LATEST/images/vitamin_A/Liver/15441.svs,True
15446,vitamin A,Low,15 day,282,7,4,1,https://dbarchive.biosciencedbc.jp/data/open-tggates-pathological-images/LATEST/images/vitamin_A/Liver/15446.svs,True
15451,vitamin A,Low,15 day,282,7,5,1,https://dbarchive.biosciencedbc.jp/data/open-tggates-pathological-images/LATEST/images/vitamin_A/Liver/15451.svs,True
15578,vitamin A,Middle,15 day,282,11,1,1,https://dbarchive.biosciencedbc.jp/data/open-tggates-pathological-images/LATEST/images/vitamin_A/Liver/15578.svs,True
15583,vitamin A,Middle,15 day,282,11,2,1,https://dbarchive.biosciencedbc.jp/data/open-tggates-pathological-images/LATEST/images/vitamin_A/Liver/15583.svs,True
15588,vitamin A,Middle,15 day,282,11,3,1,https://dbarchive.biosciencedbc.jp/data/open-tggates-pathological-images/LATEST/images/vitamin_A/Liver/15588.svs,True
15593,vitamin A,Middle,15 day,282,11,4,1,https://dbarchive.biosciencedbc.jp/data/open-tggates-pathological-images/LATEST/images/vitamin_A/Liver/15593.svs,True
15599,vitamin A,Middle,15 day,282,11,5,1,https://dbarchive.biosciencedbc.jp/data/open-tggates-pathological-images/LATEST/images/vitamin_A/Liver/15599.svs,True
15339,vitamin A,Control,29 day,282,4,1,1,https://dbarchive.biosciencedbc.jp/data/open-tggates-pathological-images/LATEST/images/vitamin_A/Liver/15339.svs,True
15348,vitamin A,Control,29 day,282,4,2,1,https://dbarchive.biosciencedbc.jp/data/open-tggates-pathological-images/LATEST/images/vitamin_A/Liver/15348.svs,True
15357,vitamin A,Control,29 day,282,4,3,1,https://dbarchive.biosciencedbc.jp/data/open-tggates-pathological-images/LATEST/images/vitamin_A/Liver/15357.svs,True
15365,vitamin A,Control,29 day,282,4,4,1,https://dbarchive.biosciencedbc.jp/data/open-tggates-pathological-images/LATEST/images/vitamin_A/Liver/15365.svs,True
15370,vitamin A,Control,29 day,282,4,5,1,https://dbarchive.biosciencedbc.jp/data/open-tggates-pathological-images/LATEST/images/vitamin_A/Liver/15370.svs,True
15750,vitamin A,High,29 day,282,16,1,1,https://dbarchive.biosciencedbc.jp/data/open-tggates-pathological-images/LATEST/images/vitamin_A/Liver/15750.svs,True
15733,vitamin A,High,29 day,282,16,3,1,https://dbarchive.biosciencedbc.jp/data/open-tggates-pathological-images/LATEST/images/vitamin_A/Liver/15733.svs,True
15740,vitamin A,High,29 day,282,16,4,1,https://dbarchive.biosciencedbc.jp/data/open-tggates-pathological-images/LATEST/images/vitamin_A/Liver/15740.svs,True
15459,vitamin A,Low,29 day,282,8,1,1,https://dbarchive.biosciencedbc.jp/data/open-tggates-pathological-images/LATEST/images/vitamin_A/Liver/15459.svs,True
15470,vitamin A,Low,29 day,282,8,2,1,https://dbarchive.biosciencedbc.jp/data/open-tggates-pathological-images/LATEST/images/vitamin_A/Liver/15470.svs,True
15478,vitamin A,Low,29 day,282,8,3,1,https://dbarchive.biosciencedbc.jp/data/open-tggates-pathological-images/LATEST/images/vitamin_A/Liver/15478.svs,True
15485,vitamin A,Low,29 day,282,8,4,1,https://dbarchive.biosciencedbc.jp/data/open-tggates-pathological-images/LATEST/images/vitamin_A/Liver/15485.svs,True
38251,vitamin A,Low,29 day,282,8,5,1,https://dbarchive.biosciencedbc.jp/data/open-tggates-pathological-images/LATEST/images/vitamin_A/Liver/38251.svs,True
15604,vitamin A,Middle,29 day,282,12,1,1,https://dbarchive.biosciencedbc.jp/data/open-tggates-pathological-images/LATEST/images/vitamin_A/Liver/15604.svs,True
15611,vitamin A,Middle,29 day,282,12,2,1,https://dbarchive.biosciencedbc.jp/data/open-tggates-pathological-images/LATEST/images/vitamin_A/Liver/15611.svs,True
15616,vitamin A,Middle,29 day,282,12,3,1,https://dbarchive.biosciencedbc.jp/data/open-tggates-pathological-images/LATEST/images/vitamin_A/Liver/15616.svs,True
15623,vitamin A,Middle,29 day,282,12,4,1,https://dbarchive.biosciencedbc.jp/data/open-tggates-pathological-images/LATEST/images/vitamin_A/Liver/15623.svs,True
15629,vitamin A,Middle,29 day,282,12,5,1,https://dbarchive.biosciencedbc.jp/data/open-tggates-pathological-images/LATEST/images/vitamin_A/Liver/15629.svs,True
15253,vitamin A,Control,4 day,282,1,1,1,https://dbarchive.biosciencedbc.jp/data/open-tggates-pathological-images/LATEST/images/vitamin_A/Liver/15253.svs,True
15262,vitamin A,Control,4 day,282,1,2,1,https://dbarchive.biosciencedbc.jp/data/open-tggates-pathological-images/LATEST/images/vitamin_A/Liver/15262.svs,True
15268,vitamin A,Control,4 day,282,1,3,1,https://dbarchive.biosciencedbc.jp/data/open-tggates-pathological-images/LATEST/images/vitamin_A/Liver/15268.svs,True
15275,vitamin A,Control,4 day,282,1,4,1,https://dbarchive.biosciencedbc.jp/data/open-tggates-pathological-images/LATEST/images/vitamin_A/Liver/15275.svs,True
15280,vitamin A,Control,4 day,282,1,5,1,https://dbarchive.biosciencedbc.jp/data/open-tggates-pathological-images/LATEST/images/vitamin_A/Liver/15280.svs,True
15635,vitamin A,High,4 day,282,13,1,1,https://dbarchive.biosciencedbc.jp/data/open-tggates-pathological-images/LATEST/images/vitamin_A/Liver/15635.svs,True
15644,vitamin A,High,4 day,282,13,2,1,https://dbarchive.biosciencedbc.jp/data/open-tggates-pathological-images/LATEST/images/vitamin_A/Liver/15644.svs,True
15651,vitamin A,High,4 day,282,13,3,1,https://dbarchive.biosciencedbc.jp/data/open-tggates-pathological-images/LATEST/images/vitamin_A/Liver/15651.svs,True
15658,vitamin A,High,4 day,282,13,4,1,https://dbarchive.biosciencedbc.jp/data/open-tggates-pathological-images/LATEST/images/vitamin_A/Liver/15658.svs,True
15666,vitamin A,High,4 day,282,13,5,1,https://dbarchive.biosciencedbc.jp/data/open-tggates-pathological-images/LATEST/images/vitamin_A/Liver/15666.svs,True
15377,vitamin A,Low,4 day,282,5,1,1,https://dbarchive.biosciencedbc.jp/data/open-tggates-pathological-images/LATEST/images/vitamin_A/Liver/15377.svs,True
15382,vitamin A,Low,4 day,282,5,2,1,https://dbarchive.biosciencedbc.jp/data/open-tggates-pathological-images/LATEST/images/vitamin_A/Liver/15382.svs,True
15387,vitamin A,Low,4 day,282,5,3,1,https://dbarchive.biosciencedbc.jp/data/open-tggates-pathological-images/LATEST/images/vitamin_A/Liver/15387.svs,True
70569,vitamin A,Low,4 day,282,5,4,1,https://dbarchive.biosciencedbc.jp/data/open-tggates-pathological-images/LATEST/images/vitamin_A/Liver/70569.svs,True
15398,vitamin A,Low,4 day,282,5,5,1,https://dbarchive.biosciencedbc.jp/data/open-tggates-pathological-images/LATEST/images/vitamin_A/Liver/15398.svs,True
15500,vitamin A,Middle,4 day,282,9,1,1,https://dbarchive.biosciencedbc.jp/data/open-tggates-pathological-images/LATEST/images/vitamin_A/Liver/15500.svs,True
38253,vitamin A,Middle,4 day,282,9,2,1,https://dbarchive.biosciencedbc.jp/data/open-tggates-pathological-images/LATEST/images/vitamin_A/Liver/38253.svs,True
15511,vitamin A,Middle,4 day,282,9,3,1,https://dbarchive.biosciencedbc.jp/data/open-tggates-pathological-images/LATEST/images/vitamin_A/Liver/15511.svs,True
15520,vitamin A,Middle,4 day,282,9,4,1,https://dbarchive.biosciencedbc.jp/data/open-tggates-pathological-images/LATEST/images/vitamin_A/Liver/15520.svs,True
15530,vitamin A,Middle,4 day,282,9,5,1,https://dbarchive.biosciencedbc.jp/data/open-tggates-pathological-images/LATEST/images/vitamin_A/Liver/15530.svs,True
15285,vitamin A,Control,8 day,282,2,1,1,https://dbarchive.biosciencedbc.jp/data/open-tggates-pathological-images/LATEST/images/vitamin_A/Liver/15285.svs,True
15290,vitamin A,Control,8 day,282,2,2,1,https://dbarchive.biosciencedbc.jp/data/open-tggates-pathological-images/LATEST/images/vitamin_A/Liver/15290.svs,True
15296,vitamin A,Control,8 day,282,2,3,1,https://dbarchive.biosciencedbc.jp/data/open-tggates-pathological-images/LATEST/images/vitamin_A/Liver/15296.svs,True
15301,vitamin A,Control,8 day,282,2,4,1,https://dbarchive.biosciencedbc.jp/data/open-tggates-pathological-images/LATEST/images/vitamin_A/Liver/15301.svs,True
15307,vitamin A,Control,8 day,282,2,5,1,https://dbarchive.biosciencedbc.jp/data/open-tggates-pathological-images/LATEST/images/vitamin_A/Liver/15307.svs,True
15671,vitamin A,High,8 day,282,14,1,1,https://dbarchive.biosciencedbc.jp/data/open-tggates-pathological-images/LATEST/images/vitamin_A/Liver/15671.svs,True
15679,vitamin A,High,8 day,282,14,2,1,https://dbarchive.biosciencedbc.jp/data/open-tggates-pathological-images/LATEST/images/vitamin_A/Liver/15679.svs,True
15687,vitamin A,High,8 day,282,14,3,1,https://dbarchive.biosciencedbc.jp/data/open-tggates-pathological-images/LATEST/images/vitamin_A/Liver/15687.svs,True
15696,vitamin A,High,8 day,282,14,4,1,https://dbarchive.biosciencedbc.jp/data/open-tggates-pathological-images/LATEST/images/vitamin_A/Liver/15696.svs,True
15701,vitamin A,High,8 day,282,14,5,1,https://dbarchive.biosciencedbc.jp/data/open-tggates-pathological-images/LATEST/images/vitamin_A/Liver/15701.svs,True
15405,vitamin A,Low,8 day,282,6,1,1,https://dbarchive.biosciencedbc.jp/data/open-tggates-pathological-images/LATEST/images/vitamin_A/Liver/15405.svs,True
15410,vitamin A,Low,8 day,282,6,2,1,https://dbarchive.biosciencedbc.jp/data/open-tggates-pathological-images/LATEST/images/vitamin_A/Liver/15410.svs,True
15415,vitamin A,Low,8 day,282,6,3,1,https://dbarchive.biosciencedbc.jp/data/open-tggates-pathological-images/LATEST/images/vitamin_A/Liver/15415.svs,True
15419,vitamin A,Low,8 day,282,6,4,1,https://dbarchive.biosciencedbc.jp/data/open-tggates-pathological-images/LATEST/images/vitamin_A/Liver/15419.svs,True
15425,vitamin A,Low,8 day,282,6,5,1,https://dbarchive.biosciencedbc.jp/data/open-tggates-pathological-images/LATEST/images/vitamin_A/Liver/15425.svs,True
15537,vitamin A,Middle,8 day,282,10,1,1,https://dbarchive.biosciencedbc.jp/data/open-tggates-pathological-images/LATEST/images/vitamin_A/Liver/15537.svs,True
15544,vitamin A,Middle,8 day,282,10,2,1,https://dbarchive.biosciencedbc.jp/data/open-tggates-pathological-images/LATEST/images/vitamin_A/Liver/15544.svs,True
15552,vitamin A,Middle,8 day,282,10,3,1,https://dbarchive.biosciencedbc.jp/data/open-tggates-pathological-images/LATEST/images/vitamin_A/Liver/15552.svs,True
15559,vitamin A,Middle,8 day,282,10,4,1,https://dbarchive.biosciencedbc.jp/data/open-tggates-pathological-images/LATEST/images/vitamin_A/Liver/15559.svs,True
15568,vitamin A,Middle,8 day,282,10,5,1,https://dbarchive.biosciencedbc.jp/data/open-tggates-pathological-images/LATEST/images/vitamin_A/Liver/15568.svs,True
