cluster_id,control_median,treated_median,control_q95,treated_presence_frac,control_presence_frac,p_value,control_absent,n_treated_slides,n_compounds,n_experiments,q_value
0,0.0,0.0,0.0011221899871074186,0.04136546184738956,0.05281285878300804,0.9973294862689257,False,103,5,5,1.0
1,0.0,0.0,0.0022077780834248947,0.059839357429718874,0.07462686567164178,0.9729426973602899,False,149,6,6,1.0
2,0.0,0.0,0.0003323731425016256,0.02530120481927711,0.021814006888633754,0.9674728384526231,True,63,8,8,1.0
3,0.0,0.0,0.013420194100599123,0.07550200803212852,0.11710677382319173,0.9998677015840979,False,188,11,11,1.0
4,0.0,0.0,0.00011331155070229656,0.02248995983935743,0.018369690011481057,0.11940925947507697,True,56,9,9,0.51358821279603
5,0.0,0.0,5.501861885032082e-05,0.03132530120481928,0.004592422502870264,0.07345338053445138,True,78,6,6,0.3460538136782625
6,0.0,0.0,0.0018414155990657565,0.06586345381526104,0.06544202066590127,0.7001617603134465,False,164,8,8,1.0
7,0.0,0.0,0.00037484291105082713,0.030522088353413655,0.03329506314580941,0.9122610358651263,True,76,10,10,1.0
8,0.0,0.0,0.0061234441449109734,0.17028112449799196,0.18714121699196326,0.8513003927116005,False,424,11,11,1.0
9,0.0,0.0,0.00347722238280065,0.16666666666666666,0.14580941446613088,0.28741753143395027,False,415,13,13,1.0
10,0.0,1.9236688211757463e-05,0.0012807549897780155,0.09437751004016064,0.08266360505166476,0.21776119387637405,False,235,18,18,0.8454807034338412
11,0.0,0.0,0.0,0.002008032128514056,0.001148105625717566,0.8543456646475656,True,5,1,1,1.0
12,0.0,0.0,0.0,0.02208835341365462,0.0057405281285878304,1.4425468832529472e-05,True,55,6,6,0.00016580998658079853
13,0.0,0.0,0.0,0.010843373493975903,0.001148105625717566,4.4044333646788346e-05,True,27,4,4,0.0004416173736154661
14,0.0,0.0,0.0055675624278626375,0.11325301204819277,0.1079219288174512,0.8325937516198012,False,282,17,17,1.0
15,0.0,0.0,0.0041852070417611464,0.05461847389558233,0.09070034443168772,0.9787059676055857,False,136,8,8,1.0
16,0.0,0.0,0.002517646015474169,0.05140562248995984,0.06314580941446613,0.9578742173240944,False,128,6,6,1.0
17,0.0,0.0,0.0064744056361729346,0.18795180722891566,0.18484500574052812,0.0982142049150535,False,468,9,9,0.437479754632755
18,0.0,0.0,0.001988628542721659,0.10240963855421686,0.08725602755453502,0.8745109003667163,False,255,12,12,1.0
19,0.0001291155584247902,0.00011518084345961875,0.0017452624940017627,0.12570281124497992,0.1251435132032147,0.7625252188538241,False,313,21,21,1.0
20,0.0,0.0,0.00017082663704548142,0.03895582329317269,0.02525832376578645,0.5348434041347294,True,97,5,5,1.0
21,0.0,0.0,0.006132617181680289,0.09678714859437751,0.1354764638346728,0.9994235117780786,False,241,13,13,1.0
22,0.0,0.0,0.020836202429293668,0.1429718875502008,0.17106773823191734,0.99505372019921,False,356,12,12,1.0
23,0.0,0.0,0.0013564116190002647,0.06305220883534136,0.06544202066590127,0.9334447655810358,False,157,7,7,1.0
24,0.0,0.0,0.00029607423272340794,0.06104417670682731,0.01951779563719862,0.0783975832911152,True,152,8,8,0.3629517744959037
25,0.0,0.0,0.00023357363760877114,0.021285140562248995,0.006888633754305396,0.40735231992098714,True,53,8,8,1.0
26,0.0,0.0,0.0018444987847839854,0.048594377510040164,0.0539609644087256,0.29919904156790855,False,121,8,8,1.0
27,0.0,0.0,0.0007727843628454643,0.02610441767068273,0.04707233065442021,0.9999820969859652,True,65,4,4,1.0
28,0.0,0.0,0.00338778334239378,0.08995983935742972,0.1148105625717566,0.6995443004114178,False,224,8,8,1.0
29,0.0,0.0,0.005291304156998105,0.0891566265060241,0.12973593570608496,0.9522612490825761,False,222,8,8,1.0
30,0.0,0.0,0.0,0.008032128514056224,0.01722158438576349,0.969161390646727,True,20,3,3,1.0
31,0.0,0.0,0.008890263681468925,0.10080321285140562,0.1354764638346728,0.999067302828408,False,251,9,9,1.0
32,0.0,0.0,0.0,0.01646586345381526,0.001148105625717566,4.1024109850955447e-08,True,41,3,3,1.0939762626921452e-06
33,0.0,0.0,0.002260804270346563,0.048594377510040164,0.07347876004592423,0.9442077433629791,False,121,7,7,1.0
34,0.0,0.0,0.014672770130453346,0.15180722891566265,0.1618828932261768,0.8514575175011962,False,378,12,12,1.0
35,0.0,0.0,0.0014572412708195935,0.07991967871485944,0.08955223880597014,0.48538059267221556,False,199,10,10,1.0
36,0.0,0.0,0.011125798348526277,0.0855421686746988,0.08725602755453502,0.76734797829516,False,213,7,7,1.0
37,0.0,0.0,0.0009561063639489575,0.04176706827309237,0.0505166475315729,0.9991158824080238,True,104,6,6,1.0
38,0.0,0.0,0.0005751424409538731,0.04257028112449799,0.04362801377726751,0.9205493161912988,True,106,8,8,1.0
39,0.0,0.0,0.0001569253558575321,0.01887550200803213,0.001148105625717566,0.007658716457738455,True,47,10,10,0.04669949059596619
40,0.0,0.0,0.009017646960508403,0.08714859437751005,0.10677382319173363,0.9242558335727332,False,217,7,7,1.0
41,0.0,0.0,0.0,0.010843373493975903,0.0,3.3558390244120873e-06,True,27,2,2,4.6934811530238986e-05
42,0.0,0.0,0.005043959036395781,0.01325301204819277,0.05970149253731343,0.9999992691371141,False,33,8,8,1.0
43,0.0,0.0,0.004913242842010067,0.13815261044176708,0.13892078071182548,0.45997311184828427,False,344,9,9,1.0
44,0.0,0.0,0.001387898212379173,0.03895582329317269,0.05625717566016074,0.9996911680686336,False,97,9,9,1.0
45,0.0,0.0,0.0,0.023293172690763052,0.002296211251435132,0.0004944370193781383,True,58,7,7,0.003971381681752115
46,0.0,0.0,0.0027084164715102934,0.06144578313253012,0.07462686567164178,0.9538056639452738,False,153,12,12,1.0
47,0.0,0.0,0.0002059837448523827,0.020080321285140562,0.024110218140068886,0.9833871044641062,True,50,5,5,1.0
48,0.0,0.0,0.000333226388604867,0.06144578313253012,0.021814006888633754,0.12016480756409437,True,153,5,5,0.5157287878287311
49,0.0,0.0,0.0007990536774825493,0.02971887550200803,0.029850746268656716,0.10396130200386805,True,74,12,12,0.45797930398179754
50,0.0,0.0,0.011292832265996065,0.06947791164658634,0.09414466130884042,0.9938369890115522,False,173,8,8,1.0
51,0.0,0.0,0.0033699889291493026,0.12891566265060242,0.13432835820895522,0.9965998759019539,False,321,6,6,1.0
52,0.0,0.0,0.0,0.02610441767068273,0.003444316877152698,7.339534357118205e-06,True,65,5,5,9.232118688199e-05
53,0.0,0.0,0.0019088760127496949,0.07188755020080322,0.07462686567164178,0.9472749342477467,False,179,12,12,1.0
54,0.0,0.0,0.001101694904253383,0.03614457831325301,0.0539609644087256,0.9833519402366063,False,90,6,6,1.0
55,0.0,0.0,0.007245828611893899,0.06305220883534136,0.1079219288174512,0.9978300449222323,False,157,13,13,1.0
56,0.0,0.0,0.00033451981569101265,0.036947791164658635,0.02870264064293915,0.9123854004093325,True,92,12,12,1.0
57,0.0,0.0,0.0045077790620465675,0.0357429718875502,0.07233065442020666,0.9999103183816579,False,89,4,4,1.0
58,0.0,0.0,0.008527454315029832,0.0751004016064257,0.10907003444316878,0.9420097237741927,False,187,8,8,1.0
59,0.0,0.0,4.5903147025195625e-05,0.006024096385542169,0.012629161882893225,0.9913303023448763,True,15,5,5,1.0
60,0.0,0.0,0.00320258052605398,0.04497991967871486,0.07807118254879448,0.9448239160214892,False,112,6,6,1.0
61,0.0,0.0,0.003913343816792389,0.12730923694779117,0.15729047072330654,0.9233301318457787,False,317,11,11,1.0
62,0.0,0.0,0.004353775145900856,0.1429718875502008,0.14006888633754305,0.9786413870092797,False,356,6,6,1.0
63,0.0,0.0,0.0020754421397699255,0.024497991967871485,0.060849598163030996,0.9999170668704949,False,61,9,9,1.0
64,0.0,0.0,0.00405784349202749,0.06706827309236948,0.0642939150401837,0.513214329302076,False,167,11,11,1.0
65,0.0,0.0,0.0,0.014056224899598393,0.0,1.0297361427504975e-06,True,35,3,3,1.6345018138896787e-05
66,0.0,0.0,0.00024316152043831537,0.01606425702811245,0.02525832376578645,0.9999740226134817,True,40,2,2,1.0
67,0.0,0.0,0.0,0.028112449799196786,0.001148105625717566,0.0005746672646409602,True,70,4,4,0.004579022029011635
68,0.0,0.0,0.009335514949226471,0.11365461847389559,0.15614236509758897,0.9983556829115392,False,283,7,7,1.0
69,0.0,0.0,0.0011735389029230835,0.04457831325301205,0.0539609644087256,0.9299412522995599,False,111,8,8,1.0
70,0.0,0.0,0.0003233994251763501,0.035341365461847386,0.022962112514351322,0.4511971056999431,True,88,8,8,1.0
71,0.0,0.0,0.00018670901321947864,0.03132530120481928,0.045924225028702644,0.9630906343733252,True,78,4,4,1.0
72,0.00017400382808421786,0.0002802455005561149,0.004056676472883146,0.3136546184738956,0.29621125143513205,0.018860413582593764,False,781,29,29,0.1042011800143302
73,0.0,0.0,6.355038876186707e-05,0.011244979919678716,0.009184845005740528,0.34439808857399024,True,28,4,4,1.0
74,0.0,0.0,0.0,0.014457831325301205,0.001148105625717566,0.003192058074696857,True,36,5,5,0.021567959964167955
75,0.0,0.0,0.0030572073701649735,0.0714859437751004,0.07921928817451206,0.9866724805216124,False,178,6,6,1.0
76,0.0,0.0,0.0016099525108190223,0.06907630522088354,0.06888633754305395,0.37317088485598865,False,172,13,13,1.0
77,0.0,0.0,0.006355880665793088,0.06746987951807229,0.08725602755453502,0.9760671190828553,False,168,5,5,1.0
78,0.0,0.0,0.00047563049645262445,0.046586345381526104,0.029850746268656716,0.1839165628253212,True,116,9,9,0.7349938539706959
79,0.0,0.0,0.0017179840364402255,0.05943775100401606,0.05855338691159587,0.7546829808952503,False,148,8,8,1.0
80,0.0,0.0,0.004155598989575116,0.24497991967871485,0.2399540757749713,0.5999242223754774,False,610,14,14,1.0
81,0.0,0.0,0.0,0.010040160642570281,0.0,5.472306760795568e-07,True,25,2,2,9.60053817683433e-06
82,0.0,0.0,0.008415504498021292,0.07068273092369477,0.08725602755453502,0.8017314002387066,False,176,7,7,1.0
83,0.0,0.0,0.004755747572498791,0.08835341365461848,0.09873708381171067,0.888917999349647,False,220,14,14,1.0
84,0.0,0.0,0.003515086653866826,0.10763052208835341,0.11021814006888633,0.6971061059587056,False,268,8,8,1.0
85,0.0,0.0,0.0,0.020481927710843374,0.0,0.003668331472407459,True,51,7,7,0.024537334263595043
86,0.0,0.0,0.001762614733294793,0.04257028112449799,0.0539609644087256,0.9873879817371669,False,106,6,6,1.0
87,0.0,0.0,0.0005306024274385416,0.030120481927710843,0.03903559127439724,0.5740663659391296,True,75,6,6,1.0
88,0.0,0.0,0.00982539525293684,0.05261044176706827,0.09758897818599312,0.9999424951642174,False,131,6,6,1.0
89,0.0,0.0,0.004187142486834166,0.12409638554216867,0.13203214695752008,0.38078175499594275,False,309,8,8,1.0
90,0.0,0.0,0.0011495893295140008,0.06305220883534136,0.06544202066590127,0.7575450341662129,False,157,12,12,1.0
91,0.0,0.0,0.007211116017836871,0.0642570281124498,0.08955223880597014,0.9846743377879932,False,160,8,8,1.0
92,0.0,0.0,0.008888067555392825,0.11044176706827309,0.1044776119402985,0.6299020907073749,False,275,12,12,1.0
93,0.0,0.0,0.004730391865109297,0.08072289156626505,0.11940298507462686,0.9999599218225504,False,201,7,7,1.0
94,0.0,0.0,0.005707721667914453,0.061847389558232935,0.09299655568312284,0.9932303616659761,False,154,7,7,1.0
95,0.0,0.0,0.0005485671361958183,0.05301204819277108,0.03329506314580941,0.0029674819306987014,True,132,6,6,0.020234759967149296
96,0.0,0.0,0.0,0.02208835341365462,0.014925373134328358,0.25847331101817295,True,55,13,13,0.955539042581046
97,0.0,0.0,0.0017187590704437878,0.046987951807228916,0.06888633754305395,0.8964206957186887,False,117,9,9,1.0
98,0.0,0.0,0.00247461516811362,0.07710843373493977,0.09873708381171067,0.990425128867866,False,192,7,7,1.0
99,0.0,0.0,0.001381882326502965,0.005622489959839358,0.05166475315729047,0.999999999995425,False,14,4,4,1.0
100,0.0,0.0,0.005173085763941888,0.08433734939759036,0.1079219288174512,0.8279060039985278,False,210,8,8,1.0
101,0.0,0.0,0.0025197472943493454,0.051807228915662654,0.06314580941446613,0.7982002907526919,False,129,10,10,1.0
102,0.0,0.0,0.0,0.0036144578313253013,0.0,0.00013162696948843168,True,9,2,2,0.001159708982276931
103,0.0,0.0,0.0,0.012449799196787148,0.01722158438576349,0.21259186449430556,True,31,5,5,0.8320620919542292
104,0.0,0.0,0.0,0.009236947791164659,0.0,4.8341169647673497e-05,True,23,3,3,0.00048100666316093027
105,0.0,0.0,0.006703643955931171,0.11204819277108434,0.13432835820895522,0.8369455862750158,False,279,8,8,1.0
106,0.0,0.0,0.0021824476451660574,0.07590361445783132,0.07233065442020666,0.27199130588029774,False,189,7,7,0.9872642681680498
107,0.0,0.0,0.0,0.027710843373493974,0.0057405281285878304,0.00022620143853525822,True,69,4,4,0.001869433376324448
108,0.0,0.0,0.0013499736784073082,0.09799196787148594,0.06659012629161883,0.3461198347674076,False,244,6,6,1.0
109,0.0,0.0,0.00013877540510303586,0.026907630522088354,0.008036739380022962,0.07219149789725002,True,67,7,7,0.3421398004609006
110,0.0,0.0,0.0010252478115790134,0.035341365461847386,0.0505166475315729,0.6965521440185238,False,88,7,7,1.0
111,0.0,0.0,0.004155299983533275,0.07429718875502007,0.07347876004592423,0.6659588432087938,False,185,5,5,1.0
112,0.0,0.0,5.0132207699033984e-05,0.005220883534136547,0.010332950631458095,0.9960939658489597,True,13,5,5,1.0
113,0.0,0.0,0.004202561086152161,0.030923694779116467,0.0711825487944891,0.9999996545968537,False,77,6,6,1.0
114,0.0,0.0,0.0,0.01606425702811245,0.0,1.5475562529628764e-05,True,40,6,6,0.00017585866510941777
115,0.0,0.0,0.003949484938780774,0.07269076305220884,0.10218140068886337,0.9896077024283814,False,181,8,8,1.0
116,0.0,0.0,0.0,0.033734939759036145,0.004592422502870264,2.9177096846396346e-05,True,84,6,6,0.00031144308968013426
117,0.0,0.0,0.006172799300052337,0.06305220883534136,0.09529276693455797,0.9998193347310095,False,157,9,9,1.0
118,0.0,0.0,0.003610383901766004,0.06827309236947791,0.08610792192881746,0.8559100309233787,False,170,8,8,1.0
119,0.0,0.0,0.002989724655113376,0.07751004016064257,0.07233065442020666,0.585186206695798,False,193,13,13,1.0
120,0.0,0.0,0.005751795196024194,0.142570281124498,0.15040183696900114,0.7619695107790663,False,355,13,13,1.0
121,0.0,0.0,0.0,0.018072289156626505,0.0,1.2052109316928118e-05,True,45,5,5,0.00014178952137562493
122,0.0,0.0,0.004865725811449753,0.11285140562248996,0.11710677382319173,0.47478827879752733,False,281,9,9,1.0
123,0.0,0.0,0.002709374044436766,0.06385542168674699,0.08036739380022963,0.9928907805051161,False,159,8,8,1.0
124,0.0,0.0,0.000505853872333996,0.020883534136546186,0.03903559127439724,0.9999789914903122,True,52,7,7,1.0
125,0.0,0.0,0.0,0.024899598393574297,0.0,3.298039058327455e-05,True,62,3,3,0.00034176570552616115
126,0.0,0.0,0.0,0.008032128514056224,0.006888633754305396,0.14874839618287378,True,20,3,3,0.6071363109505052
127,0.0,0.0,0.0,0.021686746987951807,0.0,5.281711290072981e-10,True,54,5,5,3.4075556710148265e-08
128,0.0,0.0,0.0011582132454991216,0.05140562248995984,0.05510907003444317,0.3752027988148036,False,128,6,6,1.0
129,0.0,0.0,0.0005088382360742445,0.03975903614457831,0.03444316877152698,0.118538570151632,True,99,7,7,0.5109421127225517
130,0.0,0.0,0.0007042292342774819,0.027309236947791166,0.04362801377726751,0.9983126188197703,True,68,7,7,1.0
131,0.0,0.0,0.005518768987051229,0.06385542168674699,0.08495981630309989,0.9991291064743978,False,159,14,14,1.0
132,0.0,0.0,0.001984454794868458,0.07951807228915662,0.10332950631458095,0.9875365466139578,False,198,7,7,1.0
133,0.0,0.0,0.006452343047124304,0.08514056224899598,0.10218140068886337,0.9409373354784498,False,212,11,11,1.0
134,0.0,0.0,0.00012415292399380458,0.02650602409638554,0.03903559127439724,0.9842097222223019,True,66,4,4,1.0
135,0.0,0.0,0.0012033604494681993,0.04417670682730924,0.05510907003444317,0.9409292667719775,False,110,10,10,1.0
136,0.0,0.0,0.008637395819466102,0.03654618473895582,0.08151549942594719,0.9999768831945974,False,91,5,5,1.0
137,0.0,0.0,0.008477242545612995,0.18755020080321286,0.23191733639494833,0.9908634065175354,False,467,12,12,1.0
138,0.0,0.0,0.0,0.005220883534136547,0.010332950631458095,0.8891219358487961,True,13,3,3,1.0
139,0.0,0.0,0.003971965510561372,0.08313253012048193,0.09644087256027555,0.7665218816838417,False,207,10,10,1.0
140,0.0,0.0,5.559315455201822e-05,0.004417670682730923,0.0057405281285878304,0.3349281021336512,True,11,6,6,1.0
141,0.0,0.0,0.0,0.010843373493975903,0.0,5.766077224953731e-06,True,27,4,4,7.39240669865863e-05
142,0.0,0.0,0.0012341005992782266,0.04979919678714859,0.05970149253731343,0.9302792330872043,False,124,9,9,1.0
143,0.0,0.0,0.013733243139301705,0.1108433734939759,0.12629161882893225,0.9750830545754472,False,276,11,11,1.0
144,0.0,0.0,0.010155472467821867,0.10843373493975904,0.13318025258323765,0.894032926494105,False,270,8,8,1.0
145,0.0,0.0,0.0038107030693588033,0.046987951807228916,0.09299655568312284,0.9999472774496144,False,117,8,8,1.0
146,0.0,0.0,0.003956209935247229,0.10682730923694779,0.12629161882893225,0.9669189705492262,False,266,8,8,1.0
147,0.0,0.0,0.0,0.01646586345381526,0.0,4.05437986536227e-06,True,41,1,1,5.478891709949014e-05
148,0.0,0.0,0.00010249311674603695,0.027710843373493974,0.03788748564867968,0.9199347957720301,True,69,4,4,1.0
149,0.0,0.0,0.00832677086880804,0.08032128514056225,0.10218140068886337,0.9859159616550452,False,200,6,6,1.0
150,0.0,0.0,0.003492615787596621,0.07590361445783132,0.09184845005740529,0.977025348086203,False,189,8,8,1.0
151,0.0,0.0,0.002144640403002054,0.1566265060240964,0.1515499425947187,0.44223001699781583,False,390,9,9,1.0
152,0.0,0.0,0.00019212792533601945,0.02650602409638554,0.03788748564867968,0.6509341788943234,True,66,7,7,1.0
153,0.0,0.0,0.01503095426476962,0.07028112449799197,0.09644087256027555,0.999116776699529,False,175,12,12,1.0
154,0.0,0.0,0.0002009838775469733,0.02971887550200803,0.024110218140068886,0.43991412990462053,True,74,8,8,1.0
155,0.0,0.0,0.0070789412375693896,0.0746987951807229,0.1079219288174512,0.9992103200904654,False,186,6,6,1.0
156,0.0,0.0,0.0007123699183630471,0.07991967871485944,0.03673938002296211,0.3316871042939886,True,199,7,7,1.0
157,0.0,0.0,0.00237030810983234,0.05060240963855422,0.0642939150401837,0.9953459464890132,False,126,5,5,1.0
158,0.0,0.0,0.0010936068350019625,0.05742971887550201,0.0539609644087256,0.354660669085635,False,143,6,6,1.0
159,0.0,0.0,0.0031264499531880492,0.13052208835341367,0.13892078071182548,0.978021332536028,False,325,6,6,1.0
160,0.0,0.0,0.0022974822110995337,0.058634538152610445,0.0574052812858783,0.9192038014046497,False,146,6,6,1.0
161,0.0,0.0,0.0,0.02610441767068273,0.0,2.6918603033597873e-07,True,65,6,6,5.278157457568211e-06
162,0.0,0.0,0.006156311195281463,0.15622489959839359,0.1618828932261768,0.40536500695467603,False,389,8,8,1.0
163,0.0,0.0,0.0010974377288946423,0.04096385542168675,0.05625717566016074,0.9852676669631605,False,102,6,6,1.0
164,0.0,0.0,0.0015602937228840694,0.011244979919678716,0.05625717566016074,0.9648334455802264,False,28,7,7,1.0
165,0.0,0.0,0.0,0.013654618473895583,0.0,2.1505673862486292e-11,True,34,4,4,3.5842789770810483e-09
166,0.0,0.0,0.0010057050141384083,0.046987951807228916,0.0505166475315729,0.9991532847615717,False,117,6,6,1.0
167,0.0,0.0,0.0030016312166360193,0.058634538152610445,0.07807118254879448,0.9079090888899873,False,146,9,9,1.0
168,0.0,0.0,0.0199104348839977,0.15261044176706828,0.182548794489093,0.9920452760842241,False,380,12,12,1.0
169,0.0,0.0,0.0010945194522067442,0.03293172690763052,0.05625717566016074,0.9999440500059662,False,82,12,12,1.0
170,0.0,0.0,0.0019841696734481796,0.04578313253012048,0.07577497129735936,0.9846690969081306,False,114,6,6,1.0
171,0.0,0.0,0.003403318073746582,0.08755020080321285,0.11021814006888633,0.45707407986553805,False,218,8,8,1.0
172,0.0,0.0,0.0024018766923350043,0.05261044176706827,0.06314580941446613,0.9909299545719196,False,131,5,5,1.0
173,0.0,0.0,5.96488279820668e-05,0.009236947791164659,0.012629161882893225,0.9982400907779901,True,23,5,5,1.0
174,0.0,0.0,0.0016712970683827144,0.04939759036144578,0.07347876004592423,0.8452352431705401,False,123,8,8,1.0
175,0.0,0.0,0.0073873763311059154,0.06746987951807229,0.08955223880597014,0.9298890009549597,False,168,8,8,1.0
176,0.0,0.0,0.0019558865025882974,0.14417670682730924,0.12284730195177956,0.12707026773939945,False,359,10,10,0.539576508447556
177,0.0,0.0,0.00014442485181234314,0.030120481927710843,0.03214695752009185,0.26804662286410796,True,75,5,5,0.9800607782965557
178,0.0,0.0,0.0,0.014859437751004016,0.001148105625717566,0.00021941617890101442,True,37,3,3,0.0018405897355166685
179,0.0,0.0,6.946407960823692e-05,0.03293172690763052,0.013777267508610792,0.05500770106271359,True,82,9,9,0.2696455934446745
180,0.0,0.0,0.0006744387384350974,0.0321285140562249,0.040183696900114814,0.9955278445452133,True,80,6,6,1.0
181,0.0,0.0,0.0,0.020481927710843374,0.002296211251435132,0.005234446711682129,True,51,6,6,0.03355414558770596
182,0.0,0.0,0.0004166156654073401,0.014056224899598393,0.03788748564867968,0.9999738400603008,True,35,7,7,1.0
183,0.0,0.0,0.0014989335897327796,0.040160642570281124,0.05281285878300804,0.9177611306111597,False,100,6,6,1.0
184,0.0,0.0,0.0011120803711328524,0.030923694779116467,0.05970149253731343,0.9999977633059786,False,77,6,6,1.0
185,0.0,0.0,0.002174715188413818,0.08393574297188755,0.08840413318025259,0.8947749854633236,False,209,4,4,1.0
186,0.0,0.0,0.007659771737079187,0.11004016064257029,0.1354764638346728,0.9688365293094275,False,274,8,8,1.0
187,0.0,0.0,0.0,0.021285140562248995,0.0,1.2263660761618236e-10,True,53,3,3,1.3946956710340524e-08
188,0.0,0.0,0.0016146567779780274,0.04497991967871486,0.05970149253731343,0.9863576691560213,False,112,6,6,1.0
189,0.0,0.0,0.00502745152437299,0.15582329317269075,0.1549942594718714,0.12664525930561066,False,388,11,11,0.5389159970451517
190,0.0,0.0,0.0002719572703470419,0.006827309236947791,0.02640642939150402,0.9997877181689834,True,17,4,4,1.0
191,0.0,0.0,0.0,0.010843373493975903,0.0,2.874238391827969e-07,True,27,4,4,5.581045421025181e-06
192,0.0,0.0,0.003606842917777449,0.053413654618473895,0.07233065442020666,0.9837961551343153,False,133,6,6,1.0
193,0.0,0.0,0.0,0.01566265060240964,0.001148105625717566,6.684294420615835e-07,True,39,6,6,1.1426144308745018e-05
194,0.0,0.0,0.002137215132999748,0.05301204819277108,0.05855338691159587,0.13524286762331533,False,132,13,13,0.5658697390096875
195,0.0,0.0,5.914240592139369e-05,0.0321285140562249,0.001148105625717566,0.019804671967479263,True,80,6,6,0.10881687894219375
196,0.0,0.0,0.00024349516804688924,0.03453815261044177,0.04133180252583238,0.9666800559694525,True,86,4,4,1.0
197,0.0,0.0,0.00043706462320760003,0.01646586345381526,0.029850746268656716,0.9833354580372886,True,41,8,8,1.0
198,0.0,0.0,0.0,0.014859437751004016,0.0057405281285878304,0.020738107190800603,True,37,5,5,0.11363346405918139
199,0.0,0.0,0.00031443387434592994,0.01646586345381526,0.03214695752009185,0.9999542659751702,True,41,4,4,1.0
200,0.0,0.0,0.005217996238216216,0.20843373493975903,0.21125143513203215,0.356093772363529,False,519,13,13,1.0
201,0.0,0.0,6.940797230047681e-05,0.053413654618473895,0.010332950631458095,0.03789972523022241,True,133,6,6,0.19287391974667895
202,0.0,0.0,0.0,0.011646586345381526,0.0,1.2552261039306472e-10,True,29,5,5,1.3946956710340524e-08
203,0.0,0.0,0.0017767055997280274,0.0570281124497992,0.0677382319173364,0.8326122993946278,False,142,8,8,1.0
204,0.0,0.0,6.944451008450992e-05,0.02530120481927711,0.014925373134328358,0.04438400427955435,True,63,5,5,0.22192002139777176
205,0.0,0.0,0.0011509172951553919,0.06224899598393574,0.06544202066590127,0.9807405375951302,False,155,8,8,1.0
206,0.0,0.0,0.00742299120279572,0.2714859437751004,0.2847301951779564,0.748932089028235,False,676,13,13,1.0
207,0.0,0.0,0.004040501976468858,0.060240963855421686,0.07233065442020666,0.399039053375245,False,150,8,8,1.0
208,0.0,0.0,0.0022232761406146507,0.08634538152610442,0.09070034443168772,0.49473272475609603,False,215,13,13,1.0
209,0.0,0.0,0.0,0.01566265060240964,0.0,4.449440577753496e-09,True,39,3,3,1.8539335740639566e-07
210,0.0,0.0,0.011784254365272757,0.0714859437751004,0.1044776119402985,0.9877262788401359,False,178,12,12,1.0
211,0.0,0.0,0.00013501036898315617,0.029317269076305223,0.021814006888633754,0.3207298765743295,True,73,8,8,1.0
212,0.0,0.0,0.0,0.01606425702811245,0.0,0.000254451761636117,True,40,3,3,0.0020687135092367238
213,0.0,0.0,0.0027983335271397035,0.03293172690763052,0.06199770378874857,0.994113024659187,False,82,6,6,1.0
214,0.0,0.0,0.0,0.01887550200803213,0.0,0.004993515693847239,True,47,4,4,0.03221623028288541
215,0.0,0.0,0.0,0.02248995983935743,0.0,7.526214409434853e-06,True,56,3,3,9.407768011793567e-05
216,0.0,0.0,0.0003956432386569116,0.027710843373493974,0.03329506314580941,0.9998321883803369,True,69,4,4,1.0
217,0.0,0.0,0.00026744571634897883,0.021285140562248995,0.030998851894374284,0.9995418693039869,True,53,7,7,1.0
218,0.0,0.0,0.006822717702533807,0.05100401606425703,0.07347876004592423,0.9917487925908011,False,127,6,6,1.0
219,0.0,0.0,0.010657399344500692,0.13373493975903614,0.16417910447761194,0.9776037419781745,False,333,8,8,1.0
220,0.0,0.0,0.00011440921094469188,0.03614457831325301,0.010332950631458095,0.6372400148809341,True,90,7,7,1.0
221,0.0,0.0,0.01962071185434472,0.09477911646586346,0.14121699196326062,0.996028935825394,False,236,12,12,1.0
222,0.0,0.0,0.00031341600931182037,0.03132530120481928,0.03788748564867968,0.709140065877296,True,78,10,10,1.0
223,0.0,0.0,0.0,0.05301204819277108,0.0057405281285878304,1.7291578689447855e-08,True,132,6,6,5.085758438072899e-07
224,0.0,0.0,0.0012726089008790668,0.11686746987951807,0.1113662456946039,0.06453709320632306,False,291,17,17,0.3080529508655038
225,0.0,0.0,0.0005788880877846201,0.08273092369477912,0.02525832376578645,0.038652322936903724,True,206,6,6,0.19521375220658446
226,0.0,0.0,0.00045251141610332975,0.018473895582329317,0.024110218140068886,0.9996413307600553,True,46,7,7,1.0
227,0.0,0.0,0.00016069031698379187,0.04136546184738956,0.016073478760045924,0.0016637609910858308,True,103,6,6,0.012188725209420005
228,0.0,0.0,0.001554998739947698,0.06586345381526104,0.07003444316877153,0.5329990742335651,False,164,12,12,1.0
229,0.0,0.0,0.0,0.01967871485943775,0.004592422502870264,0.21813402148593103,True,49,4,4,0.8454807034338412
230,0.0,0.0,7.945533091380727e-05,0.013654618473895583,0.0,0.14090637886645213,True,34,6,6,0.5822577639109592
231,0.0,0.0,0.0,0.0321285140562249,0.040183696900114814,0.8828768346704221,True,80,4,4,1.0
232,0.0,0.0,0.007132649840005582,0.14337349397590363,0.15614236509758897,0.7445623345136393,False,357,8,8,1.0
233,0.0,0.0,0.008429449439000952,0.08273092369477912,0.11940298507462686,0.9961921990219323,False,206,9,9,1.0
234,0.0,0.0,0.0010965376386804877,0.05823293172690763,0.0505166475315729,0.38714992736601883,False,145,5,5,1.0
235,0.0,0.0,0.0038359820694959107,0.07429718875502007,0.09299655568312284,0.9698060481567308,False,185,8,8,1.0
236,0.0,0.0,0.00311259027970578,0.08393574297188755,0.08495981630309989,0.4554701947567248,False,209,6,6,1.0
237,0.0,0.0,0.000205509764907711,0.01927710843373494,0.030998851894374284,0.9708034961881284,True,48,9,9,1.0
238,0.0,0.0,0.00013827821989358368,0.02891566265060241,0.009184845005740528,0.09928507708183065,True,72,7,7,0.44080740791386325
239,0.0,0.0,0.015290493129820663,0.11285140562248996,0.14925373134328357,0.992072072598074,False,281,12,12,1.0
240,0.0,0.0,0.0,0.024899598393574297,0.0,3.284947563793308e-10,True,62,5,5,2.4332944916987468e-08
241,0.0,0.0,0.012153838078046219,0.07911646586345382,0.08725602755453502,0.6818435548243937,False,197,11,11,1.0
242,0.0,0.0,0.00012563882452443388,0.011244979919678716,0.029850746268656716,0.9982380458079332,True,28,5,5,1.0
243,0.0,0.0,0.0,0.012048192771084338,0.0,7.128192949706327e-05,True,30,3,3,0.0006788755190196502
244,0.0,0.0,0.0068827919907453634,0.030923694779116467,0.08725602755453502,0.9999990198133218,False,77,6,6,1.0
245,0.0,0.0,5.718698631989439e-05,0.026907630522088354,0.011481056257175661,0.018157208077825178,True,67,4,4,0.10059395056966858
246,0.0,0.0,7.607758619691799e-05,0.04257028112449799,0.0,1.4114012950081515e-08,True,106,11,11,4.3427732154096973e-07
247,0.0,0.0,0.007745987211023302,0.07550200803212852,0.10562571756601608,0.9974606794111072,False,188,11,11,1.0
248,0.0,0.0,0.0,0.007228915662650603,0.008036739380022962,0.27010444028435465,True,18,4,4,0.983987032001292
249,0.0,0.0,5.979036469666575e-05,0.020481927710843374,0.01951779563719862,0.8236556022347483,True,51,7,7,1.0
250,0.0,0.0,0.002862991429844873,0.06506024096385542,0.07003444316877153,0.3058229225139575,False,162,10,10,1.0
251,0.0,0.0,0.006161599734923126,0.12650602409638553,0.14351320321469574,0.9957474804496514,False,315,6,6,1.0
252,0.0,0.0,0.002011323944921201,0.028112449799196786,0.0711825487944891,0.999748914871675,False,70,5,5,1.0
253,0.0,0.0,0.00016700186974963913,0.01606425702811245,0.03329506314580941,0.9999873989070371,True,40,5,5,1.0
254,0.0,0.0,0.00484177274585007,0.12048192771084337,0.13892078071182548,0.9991583596524679,False,300,6,6,1.0
255,0.0,0.0,0.0023973233351549167,0.061847389558232935,0.07577497129735936,0.9976586782968057,False,154,6,6,1.0
256,0.0,0.0,0.0,0.028112449799196786,0.0,2.74841870996322e-10,True,70,4,4,2.198734967970576e-08
257,0.0,0.0,0.0002846533453915895,0.024899598393574297,0.02870264064293915,0.7877292355562835,True,62,6,6,1.0
258,0.0,0.0,0.007839306158418102,0.09076305220883533,0.09184845005740529,0.6416747378302722,False,226,6,6,1.0
259,0.0,0.0,0.0,0.008032128514056224,0.001148105625717566,0.010657043894993445,True,20,6,6,0.06287341530969584
260,0.0,0.0,0.000340106983886424,0.023293172690763052,0.030998851894374284,0.9999355080103839,True,58,3,3,1.0
261,0.0,0.0,0.0,0.02208835341365462,0.0,6.740068265776656e-09,True,55,3,3,2.450933914827875e-07
262,0.0,0.0,0.0002549547199429361,0.05783132530120482,0.02066590126291619,0.5631000024803925,True,144,5,5,1.0
263,0.0,0.0,0.0010732588082029396,0.035341365461847386,0.05166475315729047,0.8599489184181326,False,88,4,4,1.0
264,0.0,0.0,0.0,0.01606425702811245,0.0,1.0903831020680989e-05,True,40,3,3,0.0001305848026428861
265,0.0,0.0,0.0016809985265715955,0.059839357429718874,0.0677382319173364,0.2405602383412377,False,149,10,10,0.9127750300271974
266,0.0,0.0,0.00010238559725754197,0.02289156626506024,0.029850746268656716,0.9667948130190833,True,57,4,4,1.0
267,0.0,0.0,0.0006907582542839293,0.017269076305220885,0.04477611940298507,0.9997916571915159,True,43,7,7,1.0
268,0.0,0.0,0.0,0.05261044176706827,0.008036739380022962,3.5272393338381394e-05,True,131,5,5,0.0003599223810038918
269,0.0,0.0,0.00273134786124005,0.1321285140562249,0.14121699196326062,0.6985246943436942,False,329,9,9,1.0
270,0.0,0.0,0.0056008166537320474,0.05261044176706827,0.08381171067738231,0.9986412605079148,False,131,6,6,1.0
271,0.0,0.0,0.0,0.018473895582329317,0.0,1.389672564434136e-08,True,46,3,3,4.3427732154096973e-07
272,0.0,0.0,0.010527652095360121,0.12931726907630522,0.1653272101033295,0.995697425693405,False,322,12,12,1.0
273,0.0,0.0,0.0004657782920072314,0.04096385542168675,0.030998851894374284,0.8952231129997714,True,102,7,7,1.0
274,0.0,0.0,0.0013179619306835989,0.03654618473895582,0.05281285878300804,0.9993478145693525,False,91,4,4,1.0
275,0.0,0.0,0.008264527233422067,0.09718875502008033,0.11710677382319173,0.9629756971277653,False,242,8,8,1.0
276,0.0,0.0,0.0027513752797670944,0.07188755020080322,0.10907003444316878,0.9991312156013864,False,179,13,13,1.0
277,0.0,0.0,0.007680107051346559,0.11606425702811245,0.13892078071182548,0.8004140467968,False,289,8,8,1.0
278,0.0,0.0,0.000852988670825914,0.05582329317269076,0.04822043628013777,0.6096418585263028,True,139,6,6,1.0
279,0.0,0.0,0.0001895827427128167,0.030923694779116467,0.029850746268656716,0.6364137207046858,True,77,10,10,1.0
280,0.0,0.0,0.00011314511533255556,0.0429718875502008,0.02066590126291619,0.4489729613999569,True,107,6,6,1.0
281,0.0,0.0,0.0062317294548863734,0.22088353413654618,0.2525832376578645,0.8911010409227063,False,550,12,12,1.0
282,0.0,0.0,6.194258245833178e-05,0.02891566265060241,0.016073478760045924,0.00893815395070481,True,72,5,5,0.0536826063105394
283,0.0,0.0,0.0005588852322833017,0.02208835341365462,0.03788748564867968,0.9984139610914781,True,55,4,4,1.0
284,0.0,0.0,0.0012470640603891897,0.10481927710843374,0.09070034443168772,0.68054870673494,False,261,13,13,1.0
285,0.0,0.0,0.00015026695584395068,0.02891566265060241,0.030998851894374284,0.7899981494739754,True,72,5,5,1.0
286,0.0,0.0,0.003821222669356898,0.08514056224899598,0.08955223880597014,0.8864824623073146,False,212,14,14,1.0
287,0.0,0.0,0.003797254851919505,0.1216867469879518,0.15040183696900114,0.86849669808159,False,303,9,9,1.0
288,0.0,0.0,0.002215146218144589,0.053413654618473895,0.06659012629161883,0.9778871093992907,False,133,10,10,1.0
289,0.0,0.0,0.011078738751689441,0.09518072289156626,0.12284730195177956,0.9187647664206402,False,237,7,7,1.0
290,0.0,0.0,0.00034368290593661375,0.027710843373493974,0.016073478760045924,0.03660066546131027,True,69,8,8,0.18817822859285488
291,0.0,0.0,0.0017035405401664206,0.043775100401606426,0.05281285878300804,0.9362367939926138,False,109,6,6,1.0
292,0.0,0.0,0.0004749643314328895,0.03453815261044177,0.02640642939150402,0.9068201358516754,True,86,11,11,1.0
293,0.0,0.0,0.0,0.009236947791164659,0.0,1.969420598116881e-05,True,23,4,4,0.0002152372238379105
294,0.0,0.0,0.001871840867973501,0.043775100401606426,0.06314580941446613,0.9900126974673779,False,109,6,6,1.0
295,0.0,0.0,7.21560900864503e-05,0.02570281124497992,0.004592422502870264,0.005590630326694085,True,64,5,5,0.03560911036110882
296,0.0,0.0,0.01740858906465638,0.09196787148594378,0.12629161882893225,0.9897465578284436,False,229,8,8,1.0
297,0.0,0.0,0.015886548441925746,0.1598393574297189,0.20436280137772675,0.991492135710732,False,398,12,12,1.0
298,0.0,0.0,7.891405590822827e-05,0.023293172690763052,0.0,9.957608871163721e-05,True,58,7,7,0.0009052371701057929
299,0.0,0.0,0.0037607446167069627,0.1927710843373494,0.19862227324913892,0.769575638886725,False,480,14,14,1.0
300,0.0,0.0,0.0023152722937911374,0.04578313253012048,0.06199770378874857,0.9882178182418707,False,114,8,8,1.0
301,0.0,0.0,0.0,0.015261044176706828,0.0,2.7600791725473074e-05,True,38,4,4,0.0002967827067255169
302,0.0,0.0,0.004753386077581455,0.09558232931726908,0.1113662456946039,0.9543909583921328,False,238,7,7,1.0
303,0.0,0.0,0.0013310683846603616,0.043775100401606426,0.060849598163030996,0.9961504755227051,False,109,9,9,1.0
304,0.0,0.0,0.0008280011166337571,0.05903614457831325,0.04362801377726751,0.836136580551309,True,147,9,9,1.0
305,0.0,0.0,0.008865102654494599,0.08433734939759036,0.1079219288174512,0.7609668511364811,False,210,8,8,1.0
306,0.0,0.0,0.0005866177611438137,0.027710843373493974,0.04707233065442021,0.972909344567275,True,69,4,4,1.0
307,0.0,0.0,0.00476402452604874,0.21887550200803213,0.22388059701492538,0.5825026960883622,False,545,13,13,1.0
308,0.0,0.0,0.00457643752003154,0.09196787148594378,0.10907003444316878,0.9513509536723962,False,229,9,9,1.0
309,0.0,0.0,5.009088853635713e-05,0.03172690763052209,0.02870264064293915,0.24382592244749102,True,79,5,5,0.9200978205565699
310,0.0,0.0,0.00032189840988164576,0.0429718875502008,0.030998851894374284,0.24334128397227578,True,107,5,5,0.9200048543375267
311,0.0,0.0,0.009991454880815558,0.11566265060240964,0.14006888633754305,0.8761970503810197,False,288,8,8,1.0
312,0.0,0.0,0.008404890050520794,0.1140562248995984,0.14006888633754305,0.8383853129568963,False,284,8,8,1.0
313,0.0,0.0,0.0,0.018473895582329317,0.001148105625717566,2.3674566421219767e-09,True,46,4,4,1.0522029520542118e-07
314,0.0,0.0,0.0028405985933711454,0.06626506024096386,0.08725602755453502,0.9566137186404644,False,165,13,13,1.0
315,0.0,0.0,0.0007993186545167794,0.03775100401606426,0.04477611940298507,0.9999839286223055,True,94,6,6,1.0
316,0.0,0.0,0.0007398630692668916,0.04738955823293173,0.04362801377726751,0.5763761280306003,True,118,13,13,1.0
317,7.160246312473149e-05,8.394911048898186e-05,0.0008007648512058706,0.030923694779116467,0.03214695752009185,0.13965436308695833,True,77,16,16,0.5794786850081259
318,0.0,0.0,0.00336997667347798,0.04738955823293173,0.07692307692307693,0.98773487058476,False,118,8,8,1.0
319,0.0,0.0,0.001215379314277642,0.11285140562248996,0.10218140068886337,0.6419729598932213,False,281,14,14,1.0
320,0.0,0.0,0.00013945412393855854,0.023293172690763052,0.02870264064293915,0.9504592852756745,True,58,4,4,1.0
321,0.0,0.0,0.009419518486243155,0.1502008032128514,0.18828932261768083,0.9964710216010414,False,374,12,12,1.0
322,0.0,0.0,0.006405269398120916,0.19518072289156627,0.21469575200918484,0.7900395848635755,False,486,12,12,1.0
323,0.0,0.0,0.003558148680846978,0.03654618473895582,0.07921928817451206,0.9999912499692692,False,91,6,6,1.0
324,0.0,0.0,6.223156438005485e-05,0.02971887550200803,0.006888633754305396,0.32652981206167114,True,74,5,5,1.0
325,0.0,0.0,0.005396713687421964,0.12570281124497992,0.13203214695752008,0.44133599026828396,False,313,9,9,1.0
326,0.0,0.0,0.0012189513909873352,0.04819277108433735,0.0574052812858783,0.97552905472549,False,120,6,6,1.0
327,0.0,0.0,0.0,0.01606425702811245,0.0,0.0008108685073071125,True,40,4,4,0.006237450056208558
328,0.0,0.0,0.0017464978112899945,0.04538152610441767,0.0711825487944891,0.9822735231809984,False,113,7,7,1.0
329,0.0,0.0,0.005405896456953497,0.0963855421686747,0.1182548794489093,0.9254461884488155,False,240,8,8,1.0
330,0.0,0.0,0.0,0.006024096385542169,0.003444316877152698,0.8952216351274371,True,15,3,3,1.0
331,0.0,0.0,0.001744386408028235,0.04417670682730924,0.07003444316877153,0.9919439912965614,False,110,7,7,1.0
332,0.0,0.0,0.00015120793829787927,0.03815261044176707,0.016073478760045924,0.13312575839119883,True,95,10,10,0.5593519260134405
333,0.0,0.0,0.00013180235757939294,0.023293172690763052,0.0057405281285878304,0.021255375572099285,True,58,8,8,0.11614959329016002
334,0.0,0.0,0.010122578419916498,0.09437751004016064,0.10218140068886337,0.91564508989272,False,235,11,11,1.0
335,0.0,0.0,0.0,0.0008032128514056225,0.001148105625717566,0.9425614470787862,True,2,2,2,1.0
336,0.0,0.0,0.0,0.004417670682730923,0.002296211251435132,0.2965189497101493,True,11,7,7,1.0
337,0.0,0.0,0.0,0.030120481927710843,0.004592422502870264,1.1022679315365628e-05,True,75,10,10,0.00013122237280197176
338,0.0,0.0,0.00014899297630227503,0.03734939759036145,0.002296211251435132,0.008583189849469418,True,93,13,13,0.051705962948610955
339,0.0,0.0,0.006859220785316445,0.05823293172690763,0.08955223880597014,0.9851647509809379,False,145,10,10,1.0
340,0.0,0.0,0.006342600242719628,0.06265060240963856,0.07921928817451206,0.9226302285045254,False,156,10,10,1.0
341,0.0,0.0,0.00431576829815472,0.08353413654618475,0.08840413318025259,0.9591154752239105,False,208,12,12,1.0
342,0.0,0.0,0.012232556943048273,0.05100401606425703,0.09070034443168772,0.9998742769214608,False,127,5,5,1.0
343,0.0,0.0,0.0010171564433192044,0.04257028112449799,0.05166475315729047,0.9750510583472614,False,106,9,9,1.0
344,0.0,0.0,0.0003310543087164044,0.03734939759036145,0.04362801377726751,0.9188274330625185,True,93,5,5,1.0
345,0.0,0.0,0.0017498323502026228,0.07911646586345382,0.07233065442020666,0.47280543326594987,False,197,4,4,1.0
346,0.0,0.0,4.62236950446652e-05,0.030120481927710843,0.004592422502870264,0.002346684476793124,True,75,7,7,0.01664315231768173
347,0.0,0.0,0.0010965896888925292,0.03293172690763052,0.05281285878300804,0.9990584367187891,False,82,11,11,1.0
348,0.0,0.0,0.0016736660419732039,0.19678714859437751,0.1687715269804822,0.39469182066385783,False,490,16,16,1.0
349,0.0,0.0,0.0,0.027710843373493974,0.01722158438576349,0.017626434138404572,True,69,5,5,0.09819740467077756
350,0.0,0.0,0.00020340813353255229,0.01927710843373494,0.02870264064293915,0.9999601156093417,True,48,3,3,1.0
351,0.0,0.0,0.009020317524777624,0.10160642570281124,0.10332950631458095,0.9953968203285822,False,253,6,6,1.0
352,0.0,0.0,0.002940169452327777,0.1646586345381526,0.17336394948335246,0.5999955791537972,False,410,11,11,1.0
353,0.0,0.0,0.00042183216155105207,0.030923694779116467,0.040183696900114814,0.6579418187421736,True,77,9,9,1.0
354,0.0,0.0,0.001562060690054237,0.04578313253012048,0.060849598163030996,0.9993011803764695,False,114,9,9,1.0
355,0.0,0.0,0.008606377764417378,0.10843373493975904,0.11940298507462686,0.6131972961474284,False,270,12,12,1.0
356,0.0,0.0,0.001186988272865132,0.04216867469879518,0.05510907003444317,0.9905412674725387,False,105,6,6,1.0
357,0.0,0.0,0.0020225815274809928,0.05542168674698795,0.07003444316877153,0.9746337604072751,False,138,8,8,1.0
358,0.0,0.0,8.739044205167891e-05,0.01927710843373494,0.02525832376578645,0.9373671800736434,True,48,5,5,1.0
359,0.0,0.0,0.0,0.010441767068273093,0.001148105625717566,0.0007131676496798219,True,26,4,4,0.005549942799064762
360,0.0,0.0,0.0019347000886053062,0.14417670682730924,0.1423650975889782,0.10149335411565791,False,359,8,8,0.4490856376799022
361,0.0,0.0,0.0,0.018072289156626505,0.0,6.48714515311766e-05,True,45,5,5,0.0006267773094799671
362,0.0,0.0,6.488361191669574e-05,0.023293172690763052,0.002296211251435132,0.04817784514202598,True,58,6,6,0.23850418387141573
363,0.0,0.0,0.00207328558147448,0.08875502008032128,0.07347876004592423,0.41245324441792497,False,221,6,6,1.0
364,0.0,0.0,0.005689999623225129,0.06706827309236948,0.08840413318025259,0.9721451035114318,False,167,11,11,1.0
365,0.0,0.0,0.0013877658835985286,0.027309236947791166,0.060849598163030996,0.9999892181798998,False,68,4,4,1.0
366,0.0,0.0,0.0051236758704523745,0.28032128514056226,0.2870264064293915,0.7824970182835087,False,698,13,13,1.0
367,0.0,0.0,0.0009667667911036071,0.04136546184738956,0.0505166475315729,0.8771858228149416,True,103,8,8,1.0
368,0.0,0.0,0.004379135266363177,0.06465863453815261,0.07462686567164178,0.9165960552099235,False,161,6,6,1.0
369,0.0,0.0,0.0001527400685954696,0.020080321285140562,0.009184845005740528,0.4276717704649013,True,50,4,4,1.0
370,0.0,0.0,0.0009308468155682249,0.048594377510040164,0.04822043628013777,0.9640353251200195,True,121,11,11,1.0
371,0.0,0.0,0.0008890974334386319,0.040562248995983936,0.03788748564867968,0.5904215883562646,True,101,6,6,1.0
372,0.0,0.0,0.0046648086041341675,0.0783132530120482,0.09070034443168772,0.7159571188058805,False,195,11,11,1.0
373,0.0,0.0,0.003904772058153596,0.027309236947791166,0.0711825487944891,0.9999999577332594,False,68,6,6,1.0
374,0.0,0.0,0.007489808603590565,0.05381526104417671,0.08151549942594719,0.9999641416142331,False,134,6,6,1.0
375,0.0,0.0,0.0,0.011244979919678716,0.0,1.7105402171851032e-07,True,28,4,4,3.526887045742481e-06
376,0.0,0.0,0.0,0.008835341365461847,0.0,1.2618054783531051e-05,True,22,2,2,0.00014672156725036104
377,0.0,0.0,0.0,0.014859437751004016,0.0,3.4035551370429563e-11,True,37,5,5,5.2362386723737786e-09
378,0.0,0.0,0.002619574663947033,0.08795180722891566,0.09299655568312284,0.7841021649170397,False,219,4,4,1.0
379,0.0,0.0,0.0012758708315163542,0.0783132530120482,0.09644087256027555,0.5618825281341444,False,195,11,11,1.0
380,0.0,0.0,0.00030242159379674814,0.010843373493975903,0.027554535017221583,0.9994723980552185,True,27,6,6,1.0
381,0.0,0.0,0.0017859273562483456,0.040562248995983936,0.05970149253731343,0.9161356230909826,False,101,5,5,1.0
382,0.0,0.0,0.0,0.010040160642570281,0.0,1.5407265435610264e-09,True,25,6,6,7.703632717805133e-08
383,0.0,0.0,0.0,0.010843373493975903,0.002296211251435132,0.015925376176844544,True,27,5,5,0.09074288419854441
384,0.0,0.0,0.0006457679556804714,0.06867469879518072,0.03788748564867968,0.43332925974205283,True,171,7,7,1.0
385,0.0,0.0,0.00013125650073205421,0.02208835341365462,0.014925373134328358,0.44997535470409855,True,55,8,8,1.0
386,0.0,0.0,0.0006063483518073337,0.03253012048192771,0.040183696900114814,0.7070071448900535,True,81,9,9,1.0
387,0.0,0.0,0.0019530937085340816,0.08995983935742972,0.07577497129735936,0.8699063384514889,False,224,12,12,1.0
388,0.0,0.0,0.0,0.008433734939759036,0.0,2.478267393061799e-10,True,21,6,6,2.1550151244015643e-08
389,0.0,0.0,5.458790507224539e-05,0.01566265060240964,0.01951779563719862,0.5585830505709262,True,39,4,4,1.0
390,0.0,0.0,0.00955883849957062,0.18072289156626506,0.21354764638346727,0.9333995743415123,False,450,13,13,1.0
391,0.0,0.0,0.0,0.018072289156626505,0.0,8.409699072661954e-11,True,45,3,3,1.1212932096882605e-08
392,0.0,0.0,0.0013967473087204679,0.03975903614457831,0.05855338691159587,0.8785815986514123,False,99,10,10,1.0
393,0.0,0.0,0.0013310679535894657,0.040160642570281124,0.05625717566016074,0.9985339116037676,False,100,6,6,1.0
394,0.0,0.0,0.0,0.024497991967871485,0.011481056257175661,0.17720532360250107,True,61,5,5,0.7116679662751048
395,0.0,0.0,9.945347987170879e-05,0.0036144578313253013,0.02066590126291619,0.9965379519163284,True,9,3,3,1.0
396,0.0,0.0,0.0006592656420540298,0.028112449799196786,0.03903559127439724,0.9535747809090173,True,70,8,8,1.0
397,0.0,0.0,0.016413820763727542,0.14738955823293173,0.1894374282433984,0.9993040300429344,False,367,12,12,1.0
398,0.0,0.0,0.00043092661570787,0.0024096385542168677,0.04477611940298507,0.9999999999995979,True,6,2,2,1.0
399,0.0,0.0,0.0,0.016867469879518072,0.0,1.908628404769028e-08,True,42,6,6,5.532256245707328e-07
400,0.0,0.0,2.586652871184687e-05,0.007630522088353414,0.012629161882893225,0.9881825445958451,True,19,4,4,1.0
401,0.0,0.0,0.0,0.015261044176706828,0.0,1.1694596192211859e-06,True,38,6,6,1.827280655033103e-05
402,0.0,0.0,0.008781057265238711,0.13253012048192772,0.1446613088404133,0.9966485917821565,False,330,6,6,1.0
403,0.0,0.0,0.006372711798793668,0.07309236947791165,0.08036739380022963,0.901550235539559,False,182,6,6,1.0
404,0.0,0.0,7.604253718170679e-05,0.009236947791164659,0.016073478760045924,0.9785265217978255,True,23,6,6,1.0
405,0.0,0.0,0.001895390342691155,0.03815261044176707,0.05510907003444317,0.9962801818709829,False,95,10,10,1.0
406,0.0,0.0,0.0,0.021686746987951807,0.0,1.304068820508448e-06,True,54,1,1,2.0062597238591507e-05
407,0.0,0.0,0.0012313139124122824,0.06586345381526104,0.06199770378874857,0.7277346830253265,False,164,11,11,1.0
408,0.0,0.0,0.0060089524284106435,0.06465863453815261,0.08381171067738231,0.9209807159469855,False,161,8,8,1.0
409,0.0,0.0,0.0022703198345459413,0.12891566265060242,0.15269804822043628,0.773334117994283,False,321,8,8,1.0
410,0.0,0.0,0.0002697266949887252,0.01646586345381526,0.03903559127439724,0.9994617984028777,True,41,9,9,1.0
411,0.0,0.0,0.006203363977588279,0.08714859437751005,0.1113662456946039,0.9376064324256217,False,217,8,8,1.0
412,0.0,0.0,0.0033327309691975203,0.27228915662650605,0.28587830080367393,0.8651622322544996,False,678,14,14,1.0
413,0.0,0.0,0.0,0.020883534136546186,0.001148105625717566,0.0011125942717649063,True,52,7,7,0.008428744483067473
414,0.0,0.0,0.007069250439802966,0.07269076305220884,0.10332950631458095,0.956071029852479,False,181,7,7,1.0
415,0.0,0.0,0.0018942538341681272,0.08795180722891566,0.11710677382319173,0.7488727097460608,False,219,19,19,1.0
416,0.0,0.0,0.0008527852723139684,0.04136546184738956,0.045924225028702644,0.9876824450011997,True,103,6,6,1.0
417,0.0,0.0,0.0,0.01566265060240964,0.001148105625717566,0.0024609818079662353,True,39,4,4,0.017392097582800248
418,0.0,0.0,6.311075008330059e-05,0.024497991967871485,0.02525832376578645,0.7620770521914468,True,61,4,4,1.0
419,0.0,0.0,0.0,0.004417670682730923,0.0057405281285878304,0.6431064625359844,True,11,3,3,1.0
420,0.0,0.0,0.001195044211220836,0.06626506024096386,0.07233065442020666,0.4170621310311997,False,165,12,12,1.0
421,0.0,0.0,0.0,0.004016064257028112,0.0,0.11079006848013945,True,10,3,3,0.4827453964276229
422,0.0,0.0,0.0,0.011244979919678716,0.006888633754305396,0.06416866157047312,True,28,6,6,0.30702708885393837
423,0.0,0.0,0.0008431189017472203,0.05461847389558233,0.04936854190585534,0.23075119386222165,True,136,11,11,0.882454144537148
424,0.0,0.0,0.014578607854263018,0.11646586345381527,0.1584385763490241,0.9980942881317096,False,290,12,12,1.0
425,0.0,0.0,2.284148012791229e-05,0.014859437751004016,0.021814006888633754,0.9822318629715192,True,37,2,2,1.0
426,9.53197979220284e-05,0.00010018090370923058,0.0012496335824843533,0.05220883534136546,0.06888633754305395,0.34418728097343754,False,130,13,13,1.0
427,0.0,0.0,0.01322131121803018,0.1570281124497992,0.17451205510907003,0.9452537327792354,False,391,12,12,1.0
428,0.0,0.0,0.0012081655974711726,0.06385542168674699,0.0677382319173364,0.7802552848239952,False,159,9,9,1.0
429,0.0,0.0,0.0,0.012048192771084338,0.001148105625717566,6.571641088247613e-09,True,30,6,6,2.4339411437954123e-07
430,0.0,0.0,0.0008403723715084451,0.043775100401606426,0.03559127439724455,0.14866834901804554,True,109,11,11,0.6071363109505052
431,0.0,0.0,0.0,0.004016064257028112,0.001148105625717566,0.28110775321253095,True,10,5,5,1.0
432,0.0,0.0,0.002991488207708424,0.060240963855421686,0.07807118254879448,0.8920494411059494,False,150,8,8,1.0
433,0.0,0.0,0.0006105868287132597,0.04136546184738956,0.04247990815154994,0.898997172864739,True,103,6,6,1.0
434,0.0,0.0,0.004897162980677354,0.10441767068273092,0.15729047072330654,0.9999250734776433,False,260,10,10,1.0
435,0.0,0.0,0.002529416129520714,0.05220883534136546,0.06888633754305395,0.9549507448043315,False,130,8,8,1.0
436,0.0,0.0,0.0,0.02891566265060241,0.001148105625717566,9.822837239946524e-07,True,72,5,5,1.571653958391444e-05
437,0.0,0.0,0.0012373594514088345,0.05461847389558233,0.06199770378874857,0.8031524232331192,False,136,11,11,1.0
438,0.0,0.0,0.0007531225256683315,0.04417670682730924,0.03903559127439724,0.7944669421075307,True,110,8,8,1.0
439,0.0,0.0,0.007487456366098933,0.1389558232931727,0.14580941446613088,0.7907921712219987,False,346,12,12,1.0
440,0.0,0.0,0.003364305602985905,0.00642570281124498,0.0642939150401837,0.9999999992299715,False,16,5,5,1.0
441,0.0,0.0,0.0,0.00963855421686747,0.0,1.0830417703290415e-05,True,24,6,6,0.00013048696028060742
442,0.0,0.0,0.000178409561231191,0.04457831325301205,0.009184845005740528,0.01077970509681204,True,111,14,14,0.0634100299812473
443,0.0,0.0,0.008929648822693701,0.0895582329317269,0.08725602755453502,0.4367287419704177,False,223,6,6,1.0
444,0.0,0.0,0.0035056982859124385,0.04979919678714859,0.09414466130884042,0.9909186711318836,False,124,8,8,1.0
445,0.0,0.0,0.0011629507227678211,0.05943775100401606,0.0642939150401837,0.975838590505986,False,148,6,6,1.0
446,0.0,0.0,0.0,0.04176706827309237,0.008036739380022962,0.0027813185941514148,True,104,5,5,0.019247879544300447
447,0.0,0.0,0.007580031051093628,0.11686746987951807,0.15384615384615385,0.9961950547307645,False,291,13,13,1.0
448,0.0,0.0,0.004623067385173128,0.121285140562249,0.14121699196326062,0.6159092253645079,False,302,8,8,1.0
449,0.0,0.0,0.00017166253786697462,0.021285140562248995,0.027554535017221583,0.9779522418656932,True,53,7,7,1.0
450,0.0,0.0,0.001236066675076621,0.04538152610441767,0.0539609644087256,0.9908789138766262,False,113,7,7,1.0
451,0.0,0.0,0.0013062280874447812,0.05823293172690763,0.0539609644087256,0.4184485616035164,False,145,8,8,1.0
452,0.0,0.0,0.0,0.01285140562248996,0.013777267508610792,0.2690555875443416,True,32,4,4,0.9819546990669402
453,0.0,0.0,0.0,0.010441767068273093,0.0,1.8242361279992119e-06,True,26,5,5,2.7367037433732943e-05
454,0.0,0.0,0.008789035697663683,0.14738955823293173,0.17795637198622274,0.9203439353635077,False,367,7,7,1.0
455,0.0,0.0,0.0016027123617501674,0.07389558232931727,0.0642939150401837,0.43050782897890894,False,184,8,8,1.0
456,0.0,0.0,6.161620963684581e-05,0.021285140562248995,0.01722158438576349,0.2865351373837056,True,53,4,4,1.0
457,0.0,0.0,0.0028933882006383976,0.06224899598393574,0.07921928817451206,0.9825700998307746,False,155,8,8,1.0
458,0.0,0.0,0.0009212341414668057,0.04457831325301205,0.04247990815154994,0.4444514290834518,True,111,11,11,1.0
459,0.0,0.0,0.0,0.024899598393574297,0.0,5.51920260051539e-05,True,62,8,8,0.0005437638030064423
460,0.0,0.0,0.0041639444136042265,0.12811244979919678,0.13662456946039037,0.9851739627224122,False,319,7,7,1.0
461,0.0,0.0,0.002280772481955914,0.11686746987951807,0.12055109070034443,0.9802733749568148,False,291,9,9,1.0
462,0.0,0.0,0.0,0.016867469879518072,0.001148105625717566,0.043227239690051274,True,42,4,4,0.2166778931832144
463,0.0,0.0,0.006896163757466978,0.14738955823293173,0.14810562571756603,0.7706864164194644,False,367,12,12,1.0
464,0.0,0.0,0.005666400621526731,0.08152610441767068,0.10218140068886337,0.9644937038108209,False,203,8,8,1.0
465,0.0,0.0,0.0006437124103158634,0.028112449799196786,0.04822043628013777,0.9072538161169297,True,70,9,9,1.0
466,0.0,0.0,0.0028101745317065316,0.11044176706827309,0.12055109070034443,0.8449863970946407,False,275,10,10,1.0
467,0.0,0.0,0.0,0.008433734939759036,0.0,8.809819825751144e-05,True,21,6,6,0.0008157240579399207
468,0.0,0.0,5.062645433521835e-05,0.008835341365461847,0.009184845005740528,0.9952480025537307,True,22,4,4,1.0
469,0.0,0.0,0.0009346078350338351,0.024497991967871485,0.04936854190585534,0.48248358900350746,True,61,6,6,1.0
470,0.0,0.0,0.00010470099341979828,0.027710843373493974,0.03329506314580941,0.9792298230930068,True,69,8,8,1.0
471,0.0,0.0,0.004863066786522619,0.09236947791164658,0.10562571756601608,0.6161766639443428,False,230,7,7,1.0
472,0.0,0.0,0.00869090324388878,0.0927710843373494,0.11710677382319173,0.9354008787603381,False,231,8,8,1.0
473,0.0,0.0,0.000913828778816879,0.03333333333333333,0.04936854190585534,0.9979968164757601,True,83,4,4,1.0
474,0.0,0.0,0.025172261739659474,0.09598393574297188,0.1251435132032147,0.9855887492055917,False,239,11,11,1.0
475,0.0,0.0,0.0001225341578063069,0.021285140562248995,0.03903559127439724,0.9955972431165495,True,53,4,4,1.0
476,0.0,0.0,0.000438792554203888,0.035341365461847386,0.02525832376578645,0.8786718638558123,True,88,9,9,1.0
477,0.0,0.0,0.005667103355556578,0.05542168674698795,0.07347876004592423,0.9986270731967481,False,138,8,8,1.0
478,0.0,0.0,0.0010488790608878737,0.046987951807228916,0.0539609644087256,0.7898746479497518,False,117,7,7,1.0
479,0.0,0.0,0.00021288079033638524,0.017269076305220885,0.029850746268656716,0.999977078802731,True,43,3,3,1.0
480,0.0,0.0,0.0,0.024497991967871485,0.02066590126291619,0.3004909831917389,True,61,4,4,1.0
481,0.0,0.0,0.0001413521297803472,0.020883534136546186,0.02870264064293915,0.9986780657395942,True,52,4,4,1.0
482,0.0,0.0,0.0001390559124799417,0.03855421686746988,0.03214695752009185,0.12858589421456645,True,96,10,10,0.5437035696176171
483,0.0,0.0,0.0028159154729772845,0.06385542168674699,0.0711825487944891,0.8315729644450967,False,159,6,6,1.0
484,0.0,0.0,0.0022041772088556445,0.05783132530120482,0.07807118254879448,0.9957284054123635,False,144,7,7,1.0
485,0.0,0.0,0.00010728151876477236,0.02891566265060241,0.03673938002296211,0.9123968592896079,True,72,3,3,1.0
486,0.00014954389113204725,0.00017220242779587453,0.002524269872763568,0.1570281124497992,0.15040183696900114,0.11480025916308134,False,391,28,28,0.49804884669449606
487,0.0,0.0,0.001972906896134127,0.056626506024096385,0.0677382319173364,0.9852503483998118,False,141,11,11,1.0
488,0.0,0.0,0.0,0.01566265060240964,0.0,0.00023297440697064278,True,39,8,8,0.001917484831034097
489,0.0,0.0,0.0015082277442404284,0.07429718875502007,0.06314580941446613,0.712921983522051,False,185,7,7,1.0
490,0.0,0.0,0.006934335914257794,0.07188755020080322,0.08610792192881746,0.838055638338264,False,179,6,6,1.0
491,0.0,0.0,0.0010147952463127386,0.051807228915662654,0.05166475315729047,0.6900820868525521,False,129,16,16,1.0
492,0.0,0.0,0.0,0.008032128514056224,0.001148105625717566,5.815425717001295e-06,True,20,2,2,7.408185626753244e-05
493,0.0,0.0,0.0002882590855765125,0.010441767068273093,0.02640642939150402,0.9905270335327525,True,26,4,4,1.0
494,0.0,0.0,0.0006984676483016149,0.03132530120481928,0.04133180252583238,0.6476041106219741,True,78,9,9,1.0
495,0.0,0.0,0.006062129847628268,0.14337349397590363,0.16647531572904709,0.9810155584127603,False,357,12,12,1.0
496,0.0,0.0,0.0,0.010843373493975903,0.009184845005740528,0.10943888787903572,True,27,6,6,0.4778990737075796
497,0.0,0.0,0.0,0.017670682730923693,0.0,5.373567254961793e-06,True,44,6,6,6.978658772677653e-05
498,0.0,0.0,0.0,0.00963855421686747,0.0,3.6480576098547854e-07,True,24,3,3,6.755662240471825e-06
499,0.0,0.0,0.0,0.013654618473895583,0.0,6.327309363928556e-08,True,34,4,4,1.643456977643781e-06
500,0.0,0.0,0.0024785443120860723,0.0751004016064257,0.1113662456946039,0.9931124273450594,False,187,10,10,1.0
501,0.0,0.0,0.006918771740663845,0.06385542168674699,0.09758897818599312,0.9975364693113407,False,159,8,8,1.0
502,0.0,0.0,0.001346606644845186,0.08835341365461848,0.06314580941446613,0.026736193233049925,False,220,9,9,0.14221379379281876
503,0.0,0.0,0.001490656338974696,0.1144578313253012,0.1148105625717566,0.8472990939383178,False,285,9,9,1.0
504,0.0,0.0,0.0013445914683355574,0.03293172690763052,0.05281285878300804,0.9980157988786577,False,82,4,4,1.0
505,0.0,0.0,0.022817672946538928,0.13614457831325302,0.16762342135476463,0.9534991630415292,False,339,12,12,1.0
506,0.0,0.0,0.0,0.01606425702811245,0.001148105625717566,2.025857298295812e-05,True,40,3,3,0.00022020188024954478
507,0.0,0.0,0.0,0.017269076305220885,0.0,2.927565042993262e-05,True,43,5,5,0.00031144308968013426
508,0.0,0.0,0.0006028231734107675,0.03493975903614458,0.030998851894374284,0.9815358960846419,True,87,9,9,1.0
509,0.0,0.0,0.0003027302924985526,0.0321285140562249,0.03214695752009185,0.9952083446770584,True,80,2,2,1.0
510,0.0,0.0,0.0007024518350025708,0.05261044176706827,0.022962112514351322,0.5089660983066273,True,131,8,8,1.0
511,0.0,0.0,0.0061628827214108796,0.0927710843373494,0.1113662456946039,0.9535551889951486,False,231,7,7,1.0
512,0.0,0.0,0.001535256366063842,0.06546184738955824,0.06659012629161883,0.9471492107157606,False,163,7,7,1.0
513,0.0,0.0,0.0012303597275817048,0.056626506024096385,0.05510907003444317,0.17561690634818433,False,141,9,9,0.7067078726285083
514,0.0,0.0,0.00016908832674457299,0.020080321285140562,0.02525832376578645,0.9988958243224367,True,50,4,4,1.0
515,0.0,0.0,0.0,0.023694779116465864,0.0,3.442137729507865e-05,True,59,3,3,0.0003548595597430789
516,0.0,0.0,0.0,0.026907630522088354,0.0,0.0002470399234590978,True,67,6,6,0.0020166524364007986
517,0.0,0.0,0.003938620292923398,0.0819277108433735,0.10677382319173363,0.983354287497324,False,204,5,5,1.0
518,0.0,0.0,0.002807837218186027,0.03855421686746988,0.07233065442020666,0.9882494340113406,False,96,7,7,1.0
519,0.0,0.0,5.683169434217196e-05,0.01606425702811245,0.016073478760045924,0.34453284942425555,True,40,6,6,1.0
520,0.0,0.0,0.00018583654968985458,0.018473895582329317,0.022962112514351322,0.6179529653975565,True,46,3,3,1.0
521,0.0,0.0,0.0018561118615458005,0.08032128514056225,0.07003444316877153,0.9904464077051871,False,200,6,6,1.0
522,0.0,0.0,0.005222462805996387,0.11365461847389559,0.13088404133180254,0.9877303885904597,False,283,12,12,1.0
523,0.0,0.0,0.00028657055642885947,0.05742971887550201,0.014925373134328358,0.17179431052642097,True,143,6,6,0.6927189940581491
524,0.0,0.0,0.00461157913511946,0.0714859437751004,0.09529276693455797,0.9299597347902082,False,178,7,7,1.0
525,0.0,0.0,0.0,0.020883534136546186,0.0,1.484446889328959e-10,True,52,3,3,1.484446889328959e-08
526,0.0,0.0,0.0001221924757199383,0.014056224899598393,0.013777267508610792,0.9525971933388157,True,35,4,4,1.0
527,0.0,0.0,0.00017349192293336044,0.03132530120481928,0.02870264064293915,0.9774313396997176,True,78,6,6,1.0
528,0.0,0.0,0.0,0.00963855421686747,0.0,3.331873053072879e-08,True,24,6,6,9.12841932348734e-07
529,0.0,0.0,0.005357940871044981,0.07670682730923695,0.1251435132032147,0.9999996298924961,False,191,10,10,1.0
530,0.0,0.0,5.718734822001956e-05,0.028112449799196786,0.030998851894374284,0.09226588097872229,True,70,5,5,0.4174926741118656
531,0.0,0.0,0.0,0.020883534136546186,0.003444316877152698,0.0028991156630572496,True,52,5,5,0.019925193560530925
532,0.0,0.0,0.005329675124467399,0.10080321285140562,0.13318025258323765,0.9965953980065361,False,251,10,10,1.0
533,0.0,0.0,0.0005986871714174668,0.04417670682730924,0.03214695752009185,0.9380726428097236,True,110,11,11,1.0
534,0.0,0.0,0.0,0.010843373493975903,0.0,1.0810273282098953e-05,True,27,3,3,0.00013048696028060742
535,0.0,0.0,0.0,0.0036144578313253013,0.0,0.029065889501899183,True,9,2,2,0.15297836579946938
536,0.0,0.0,0.002823383233842528,0.06666666666666667,0.07577497129735936,0.9624236257439778,False,166,11,11,1.0
537,0.0,0.0,0.001884850741778586,0.043775100401606426,0.0642939150401837,0.9395564835285523,False,109,7,7,1.0
538,0.0,0.0,0.0005951476996375628,0.01967871485943775,0.030998851894374284,0.9832937318919879,True,49,8,8,1.0
539,0.0,0.0,0.0,0.02891566265060241,0.003444316877152698,3.478795701365485e-05,True,72,4,4,0.0003567995591144088
540,0.0,0.0,0.0,0.01285140562248996,0.013777267508610792,0.8579827771321733,True,32,4,4,1.0
541,0.0,0.0,0.00011207243702042693,0.05060240963855422,0.010332950631458095,0.0028295589121747583,True,126,7,7,0.019514199394308675
542,0.0,0.0,0.00609249305948621,0.08634538152610442,0.10218140068886337,0.9355270349685363,False,215,8,8,1.0
543,0.0,0.0,0.002187934096893351,0.07791164658634538,0.0711825487944891,0.017240199342056,False,194,9,9,0.09658374981543977
544,0.0,0.0,0.0005155911009961463,0.08273092369477912,0.021814006888633754,0.045324572650799255,True,206,7,7,0.2260577189566048
545,0.0,0.0,0.0005184026417234174,0.015261044176706828,0.03444316877152698,0.9999989923344413,True,38,5,5,1.0
546,0.0,0.0,0.003371313211095278,0.051807228915662654,0.06314580941446613,0.9685341746899122,False,129,6,6,1.0
547,0.0,0.0,0.0004400497369415312,0.02610441767068273,0.04133180252583238,0.9664081930878413,True,65,3,3,1.0
548,0.0,0.0,0.004210719581534157,0.05823293172690763,0.07003444316877153,0.9909128556424508,False,145,6,6,1.0
549,0.0,0.0,8.637333467915561e-05,0.03132530120481928,0.022962112514351322,0.733878996596995,True,78,11,11,1.0
550,0.0,0.0,0.0,0.021285140562248995,0.0,1.445951034055036e-11,True,53,3,3,3.005187261163126e-09
551,0.0,0.0,0.0,0.013654618473895583,0.027554535017221583,0.92666459399105,True,34,3,3,1.0
552,0.0,0.0,0.0003921941031709309,0.024096385542168676,0.040183696900114814,0.9999904459730864,True,60,6,6,1.0
553,0.0,0.0,0.010751296034718697,0.08273092369477912,0.1079219288174512,0.9073866115134785,False,206,9,9,1.0
554,0.0,0.0,0.0,0.02610441767068273,0.0,1.1034255269218521e-07,True,65,9,9,2.5663370542859925e-06
555,0.0,0.0,0.00344131099372085,0.15622489959839359,0.17221584385763491,0.8944932992273055,False,389,13,13,1.0
556,0.0,0.0,0.003000986399151942,0.04578313253012048,0.060849598163030996,0.9948839545836344,False,114,8,8,1.0
557,0.0,0.0,0.009015317237534706,0.11726907630522089,0.1446613088404133,0.9266213358531366,False,292,8,8,1.0
558,0.0,0.0,0.0,0.0008032128514056225,0.0,0.9987730750025194,True,2,2,2,1.0
559,0.0,0.0,0.00022010189978574656,0.00321285140562249,0.03788748564867968,0.9999998040209179,True,8,3,3,1.0
560,0.0,0.0,0.008335277615339975,0.17751004016064256,0.20780711825487944,0.989530274165156,False,442,15,15,1.0
561,0.0,0.0,0.00041425650356233874,0.02891566265060241,0.018369690011481057,0.012566988380856911,True,72,10,10,0.07264155133443302
562,0.0,0.0,0.0019712534375663365,0.04257028112449799,0.06888633754305395,0.9975525870187634,False,106,8,8,1.0
563,0.0,0.0,0.0010440934727136359,0.06345381526104418,0.05510907003444317,0.29864314834720396,False,158,8,8,1.0
564,0.0,0.0,0.0031828211172217243,0.0606425702811245,0.11021814006888633,0.9996391172404844,False,151,10,10,1.0
565,0.0,0.0,0.011394651075985293,0.10361445783132531,0.1251435132032147,0.9883333822210062,False,258,11,11,1.0
566,0.0,0.0,0.008388636655206925,0.06987951807228916,0.09644087256027555,0.9976003702939382,False,174,6,6,1.0
567,0.0,0.0,0.014112291380230912,0.13333333333333333,0.14121699196326062,0.9719482129350526,False,332,12,12,1.0
568,0.0,0.0,0.00021426225447549233,0.030522088353413655,0.03444316877152698,0.07473370064813421,True,76,10,10,0.35086244435743763
569,0.0,0.0,0.0079254010208919,0.10642570281124498,0.12055109070034443,0.8365247943408591,False,265,8,8,1.0
570,0.0,0.0,0.0,0.01967871485943775,0.001148105625717566,3.1714757816179382e-06,True,49,5,5,4.4985472079687066e-05
571,0.0,0.0,0.007263507913130645,0.14497991967871485,0.182548794489093,0.9286320911378371,False,361,12,12,1.0
572,0.0,0.0,0.0,0.018072289156626505,0.0,1.1495683246861015e-08,True,45,4,4,3.7690764743806606e-07
573,0.0,0.0,0.0013306443804481035,0.06265060240963856,0.0711825487944891,0.9249163149226262,False,156,17,17,1.0
574,0.0,0.0,0.003471143862834207,0.15261044176706828,0.1653272101033295,0.7449762030646768,False,380,11,11,1.0
575,0.0,0.0,0.0007671666289920268,0.035341365461847386,0.04477611940298507,0.9997760856430434,True,88,5,5,1.0
576,0.0,0.0,0.00010083785510702349,0.02891566265060241,0.03903559127439724,0.9537057241176551,True,72,4,4,1.0
577,0.0,0.0,0.0,0.0024096385542168677,0.002296211251435132,0.14527341029028884,True,6,2,2,0.5990656094444899
578,0.0,0.0,0.0011620546681424353,0.0606425702811245,0.05970149253731343,0.4000390254969414,False,151,9,9,1.0
579,0.0,0.0,0.0,0.020080321285140562,0.022962112514351322,0.6964813220957518,True,50,9,9,1.0
580,0.0,0.0,0.007274426241282099,0.03895582329317269,0.08036739380022963,0.9995526438141741,False,97,5,5,1.0
581,0.0,0.0,8.979056124844958e-05,0.029317269076305223,0.001148105625717566,0.0030310834852912117,True,73,12,12,0.020549718544347197
582,0.0,0.0,0.0014292663111837912,0.06224899598393574,0.0539609644087256,0.08678047837634345,False,155,7,7,0.39625789212942214
583,0.0,0.0,0.0,0.04216867469879518,0.0,1.1374741384553893e-12,True,105,5,5,5.687370692276947e-10
584,0.0,0.0,0.0028451086557255856,0.10200803212851406,0.1079219288174512,0.482479584539193,False,254,9,9,1.0
585,0.0,0.0,0.0,0.007228915662650603,0.001148105625717566,8.079752187325226e-05,True,18,2,2,0.0007551170268528249
586,0.0,0.0,5.093412698579471e-05,0.02289156626506024,0.021814006888633754,0.0683072554230522,True,57,5,5,0.3252726448716772
587,0.0,0.0,0.00862620181082787,0.0746987951807229,0.1044776119402985,0.9893027821949254,False,186,8,8,1.0
588,0.0,0.0,0.007234925903707404,0.11004016064257029,0.13318025258323765,0.989797326280898,False,274,6,6,1.0
589,0.0,0.0,0.0012844445811822586,0.04257028112449799,0.06659012629161883,0.9843895653633924,False,106,5,5,1.0
590,0.0,0.0,0.0005432063133876377,0.027309236947791166,0.04247990815154994,0.9978651316204948,True,68,5,5,1.0
591,0.0,0.0,0.0043187579082836535,0.07269076305220884,0.08955223880597014,0.9737611705009198,False,181,8,8,1.0
592,0.0,0.0,0.0,0.014859437751004016,0.0,2.9372116996778654e-06,True,37,4,4,4.256828550257776e-05
593,0.0,0.0,0.0,0.024899598393574297,0.001148105625717566,7.052430344857241e-05,True,62,8,8,0.0006781183023901194
594,0.0,0.0,0.0010719376215844595,0.06104417670682731,0.0539609644087256,0.9224302844588647,False,152,9,9,1.0
595,0.0,0.0,0.00052822513024463,0.040562248995983936,0.04247990815154994,0.6421895783091829,True,101,6,6,1.0
596,0.0,0.0,0.0,0.016867469879518072,0.002296211251435132,0.002048691705767502,True,42,5,5,0.014633512184053584
597,0.0,0.0,0.00022052531343653162,0.029317269076305223,0.045924225028702644,0.9833697588318067,True,73,4,4,1.0
598,0.0,0.0,0.00019332536635487064,0.00642570281124498,0.014925373134328358,0.9247728478910879,True,16,4,4,1.0
599,0.0,0.0,0.0,0.02570281124497992,0.001148105625717566,0.00017954371823602526,True,64,8,8,0.0015296114761768655
600,0.0,0.0,0.003924139004974655,0.04417670682730924,0.06314580941446613,0.993722462989802,False,110,5,5,1.0
601,0.0,0.0,0.0061117536689049515,0.07550200803212852,0.1044776119402985,0.9817403380921004,False,188,8,8,1.0
602,0.0,0.0,0.0016097272351895575,0.058634538152610445,0.0677382319173364,0.9770655524240012,False,146,13,13,1.0
603,0.0,0.0,0.003124300883865859,0.03413654618473896,0.06544202066590127,0.9998892539180028,False,85,7,7,1.0
604,0.0,0.0,0.000989994865138689,0.033734939759036145,0.0505166475315729,0.9964959000203507,True,84,9,9,1.0
605,0.0,0.0,0.008953305391382404,0.05823293172690763,0.1079219288174512,0.9995599817203452,False,145,9,9,1.0
606,0.0,0.0,0.007875906438999162,0.07309236947791165,0.1010332950631458,0.9927039879859756,False,182,7,7,1.0
607,0.0,0.0,0.0005308033648009046,0.014859437751004016,0.029850746268656716,0.9963205068328188,True,37,4,4,1.0
608,0.0,0.0,0.0005248293109751238,0.03453815261044177,0.03673938002296211,0.8444554476598841,True,86,7,7,1.0
609,0.0,0.0,0.013116416270571094,0.08674698795180723,0.12055109070034443,0.9863153604075163,False,216,11,11,1.0
610,0.0,0.0,0.005492400405989103,0.07590361445783132,0.07462686567164178,0.599858483506308,False,189,5,5,1.0
611,0.0,0.0,0.002778797755482288,0.07590361445783132,0.07807118254879448,0.9496726878259582,False,189,12,12,1.0
612,0.0,0.0,0.0016688065692000438,0.05582329317269076,0.06314580941446613,0.6236884215578328,False,139,6,6,1.0
613,0.0,0.0,0.004097506431971628,0.04939759036144578,0.07347876004592423,0.9991774927552224,False,123,6,6,1.0
614,0.0,0.0,0.0,0.00321285140562249,0.0,0.7025564188424036,True,8,1,1,1.0
615,0.0,0.0,0.0014121341524786554,0.06706827309236948,0.05970149253731343,0.9895680241842483,False,167,6,6,1.0
616,0.0,0.0,0.0,0.02208835341365462,0.004592422502870264,0.001772773180470844,True,55,4,4,0.012892895857969775
617,0.0,0.0,0.0,0.018072289156626505,0.0,5.484629915759815e-10,True,45,3,3,3.427893697349884e-08
618,0.0,0.0,0.0,0.014457831325301205,0.0,1.8152314181490376e-05,True,36,7,7,0.00020395858630888064
619,0.0,0.0,0.0016430257104775563,0.09839357429718876,0.1079219288174512,0.31292775257208655,False,245,10,10,1.0
620,0.0,0.0,0.0,0.010843373493975903,0.0,1.4608986388199935e-05,True,27,3,3,0.0001669598444365707
621,0.0,0.0,0.0,0.01325301204819277,0.0,9.703924015856341e-08,True,33,3,3,2.3382949435798416e-06
622,0.0,0.0,0.004869920212810566,0.09518072289156626,0.09184845005740529,0.687196964470559,False,237,11,11,1.0
623,0.0,0.0,0.0031720341842751084,0.0642570281124498,0.08151549942594719,0.9708172676265591,False,160,8,8,1.0
624,0.0,0.0,4.75633883863351e-05,0.012048192771084338,0.024110218140068886,0.9982171028521731,True,30,5,5,1.0
625,0.0,0.0,0.00129853941456639,0.051807228915662654,0.06199770378874857,0.8108905655846929,False,129,6,6,1.0
626,0.0,0.0,0.008876393841967489,0.14337349397590363,0.15384615384615385,0.645852489265275,False,357,8,8,1.0
627,0.0,0.0,0.004608025813099977,0.05542168674698795,0.08266360505166476,0.9995029175565107,False,138,8,8,1.0
628,0.0,0.0,5.217717459165415e-05,0.006024096385542169,0.010332950631458095,0.9999931706408941,True,15,4,4,1.0
629,0.0,0.0,0.001551439807124492,0.05100401606425703,0.08955223880597014,0.999977859574938,False,127,11,11,1.0
630,0.0,0.0,0.0056765017528613085,0.11285140562248996,0.1354764638346728,0.4246288495623465,False,281,9,9,1.0
631,0.0,0.0,4.6105950628563694e-05,0.01967871485943775,0.01951779563719862,0.7162429058595297,True,49,4,4,1.0
632,0.0,0.0,0.005300161167363588,0.18353413654618475,0.1997703788748565,0.5789618155952613,False,457,11,11,1.0
633,0.0,0.0,0.002223808816936357,0.06305220883534136,0.08266360505166476,0.9990702534263766,False,157,7,7,1.0
634,0.0,0.0,4.5524490923519914e-05,0.0024096385542168677,0.021814006888633754,0.9999999214640014,True,6,2,2,1.0
635,0.0,0.0,0.005719518365523198,0.08514056224899598,0.1148105625717566,0.9402855442036195,False,212,8,8,1.0
636,0.0,0.0,0.010356050892592956,0.06626506024096386,0.10218140068886337,0.9977876767055497,False,165,10,10,1.0
637,0.0,0.0,0.0,0.03453815261044177,0.0,1.949452159315193e-11,True,86,5,5,3.544458471482169e-09
638,0.0,0.0,0.0005900760234687301,0.03132530120481928,0.04247990815154994,0.9954390739385478,True,78,7,7,1.0
639,0.0,0.0,0.002032908316886807,0.04899598393574297,0.07003444316877153,0.9897938974325577,False,122,8,8,1.0
640,0.0,0.0,0.0,0.01887550200803213,0.030998851894374284,0.9680706988604868,True,47,3,3,1.0
641,0.0,0.0,0.0031875144881436048,0.10883534136546184,0.12169919632606199,0.7398135605139547,False,271,14,14,1.0
642,0.0,0.0,0.003214778613426117,0.07590361445783132,0.11710677382319173,0.9918303990846773,False,189,10,10,1.0
643,0.0,0.0,0.015187303204985916,0.12530120481927712,0.16303099885189437,0.9357946555655995,False,312,8,8,1.0
644,0.0,0.0,0.004707077277146969,0.08273092369477912,0.09299655568312284,0.9600302573232562,False,206,7,7,1.0
645,0.0,0.0,8.16633771240564e-05,0.02650602409638554,0.014925373134328358,0.6423070891790136,True,66,7,7,1.0
646,0.0,0.0,0.0,0.005622489959839358,0.002296211251435132,0.0012687926734755637,True,14,4,4,0.009539794537410252
647,0.0,0.0,0.009541722781622249,0.10441767068273092,0.12169919632606199,0.9282547883312631,False,260,8,8,1.0
648,0.0,0.0,0.0006275621210999627,0.03172690763052209,0.04133180252583238,0.9943465449929643,True,79,10,10,1.0
649,0.0,0.0,0.0021829513619161215,0.19759036144578312,0.19862227324913892,0.534074365705514,False,492,13,13,1.0
650,0.0,0.0,0.0015077826538173714,0.06104417670682731,0.05970149253731343,0.7053589091253144,False,152,6,6,1.0
651,0.0,0.0,0.00023932637571157496,0.03132530120481928,0.03788748564867968,0.9614616913903786,True,78,9,9,1.0
652,0.0,0.0,0.0002847306766990053,0.024497991967871485,0.03444316877152698,0.9924010618115789,True,61,6,6,1.0
653,0.0,0.0,0.0015916811996503752,0.05823293172690763,0.0574052812858783,0.6823766779219748,False,145,6,6,1.0
654,0.0,0.0,0.008020314532135616,0.12008032128514057,0.1584385763490241,0.8342259358822648,False,299,8,8,1.0
655,0.0,0.0,0.0006057154977924363,0.030923694779116467,0.04477611940298507,0.9424339162873493,True,77,5,5,1.0
656,0.0,0.0,0.0017915251769791362,0.07349397590361446,0.08381171067738231,0.9916831887230643,False,183,9,9,1.0
657,0.0,0.0,0.0001386016105016997,0.024497991967871485,0.02525832376578645,0.4976824191236166,True,61,7,7,1.0
658,0.0,0.0,0.00013945960314978384,0.0393574297188755,0.013777267508610792,0.13476129878028958,True,98,11,11,0.5650368921605433
659,0.0,0.0,0.0,0.014457831325301205,0.0,9.714729283483341e-10,True,36,5,5,5.397071824157412e-08
660,0.0,0.0,7.524876143257836e-05,0.02891566265060241,0.014925373134328358,0.265494497858074,True,72,7,7,0.9725073181614432
661,0.0,0.0,0.006605752670463648,0.1,0.11251435132032148,0.6180131705420214,False,249,6,6,1.0
662,0.0,0.0,0.008861835516436992,0.08674698795180723,0.09988518943742825,0.9950884782444142,False,216,6,6,1.0
663,0.0,0.0,0.0036692866500645962,0.0642570281124498,0.09299655568312284,0.9997252250164521,False,160,6,6,1.0
664,0.0,0.0,0.0008743137462476381,0.035341365461847386,0.04707233065442021,0.9878151798393764,True,88,4,4,1.0
665,0.0,0.0,0.0003168590072027875,0.033734939759036145,0.027554535017221583,0.2570571130968514,True,84,11,11,0.9538297331979644
666,0.0,0.0,0.00042695209088569207,0.00642570281124498,0.03788748564867968,0.9999999776744639,True,16,4,4,1.0
667,0.0,0.0,0.0018649426932966263,0.04819277108433735,0.07347876004592423,0.9989434266734057,False,120,8,8,1.0
668,0.0,0.0,0.001038312114307333,0.03815261044176707,0.05166475315729047,0.911085252226634,False,95,4,4,1.0
669,0.0,0.0,0.0,0.033734939759036145,0.0,7.64652336840253e-10,True,84,4,4,4.369441924801446e-08
670,0.0,0.0,0.0,0.015261044176706828,0.027554535017221583,0.9815362906119103,True,38,4,4,1.0
671,0.0,0.0,0.0003280227238997524,0.0393574297188755,0.029850746268656716,0.827683883384395,True,98,6,6,1.0
672,0.0,0.0,0.00139717628262502,0.06104417670682731,0.05970149253731343,0.6146042935063265,False,152,8,8,1.0
673,0.0,0.0,7.251445337001051e-05,0.023694779116465864,0.024110218140068886,0.14810957613060272,True,59,8,8,0.6070064595516504
674,0.0,0.0,0.0,0.018473895582329317,0.024110218140068886,0.8057574044162343,True,46,2,2,1.0
675,0.0,0.0,0.002683082150717475,0.060240963855421686,0.09414466130884042,0.9879821067796868,False,150,8,8,1.0
676,0.0,0.0,0.0,0.020883534136546186,0.0,1.1453900862928201e-08,True,52,5,5,3.7690764743806606e-07
677,0.0,0.0,0.00011937194512794548,0.018072289156626505,0.021814006888633754,0.5880002979857722,True,45,5,5,1.0
678,0.0,0.0,8.721508471314166e-05,0.020080321285140562,0.004592422502870264,0.062128809503664305,True,50,12,12,0.29983973187259366
679,0.0,0.0,0.0,0.017670682730923693,0.001148105625717566,9.669289807202289e-08,True,44,7,7,2.3382949435798416e-06
680,0.0,0.0,0.00019395506890020536,0.024497991967871485,0.022962112514351322,0.6373681329781199,True,61,8,8,1.0
681,0.0,0.0,0.002417762858871636,0.024899598393574297,0.06659012629161883,0.9999716904867527,False,62,6,6,1.0
682,0.0,0.0,0.0002755440873857727,0.03734939759036145,0.03559127439724455,0.33583981470175184,True,93,7,7,1.0
683,0.0,0.0,0.004531250966047518,0.06144578313253012,0.07692307692307693,0.8329327145001653,False,153,7,7,1.0
684,0.0,0.0,0.0021927102835370407,0.163855421686747,0.17106773823191734,0.5522840452401864,False,408,20,20,1.0
685,0.0,0.0,0.0005580492614254254,0.02971887550200803,0.03903559127439724,0.7899188278746592,True,74,5,5,1.0
686,0.0,0.0,0.005808618883261937,0.07068273092369477,0.07577497129735936,0.9487561476813673,False,176,6,6,1.0
687,0.0,0.0,0.00922685891195919,0.09236947791164658,0.12399540757749714,0.9622699168220783,False,230,8,8,1.0
688,0.0,0.0,0.004149009644586444,0.04779116465863454,0.06888633754305395,0.9920178398374105,False,119,7,7,1.0
689,0.0,0.0,0.005779698448949409,0.13775100401606424,0.16303099885189437,0.8691886722521076,False,343,8,8,1.0
690,0.0,0.0,3.290339563042906e-05,0.030923694779116467,0.03788748564867968,0.9704637781328325,True,77,3,3,1.0
691,0.0,0.0,0.0,0.01646586345381526,0.003444316877152698,0.07727762231165453,True,41,4,4,0.35982833833483446
692,0.0,0.0,0.0014845531173361822,0.04939759036144578,0.060849598163030996,0.9921565961500354,False,123,7,7,1.0
693,0.0,0.0,0.0,0.014457831325301205,0.0,0.0001342021107470934,True,36,6,6,0.0011772114977815211
694,0.0,0.0,0.009548502267230832,0.1646586345381526,0.16303099885189437,0.281382768937701,False,410,9,9,1.0
695,0.0,0.0,0.0022091830107045527,0.09116465863453815,0.08840413318025259,0.25794070318409124,False,227,14,14,0.9553359377188564
696,0.0,0.0,0.0018366465070670528,0.08473895582329317,0.08840413318025259,0.887610805916313,False,211,4,4,1.0
697,0.0,0.0,0.0,0.02289156626506024,0.0,9.364116262929565e-07,True,57,2,2,1.5103413327305749e-05
698,0.0,0.0,0.00010354866502048146,0.01967871485943775,0.008036739380022962,0.0796013413996034,True,49,9,9,0.3676736323307316
699,0.0,0.0,0.006139090549275616,0.06465863453815261,0.1044776119402985,0.9999899738097504,False,161,11,11,1.0
700,0.0,0.0,0.0024221223833281453,0.09477911646586346,0.1010332950631458,0.5563525393481586,False,236,8,8,1.0
701,0.0,0.0,0.0003734812580389792,0.03453815261044177,0.03903559127439724,0.8170669711623025,True,86,4,4,1.0
702,0.0,0.0,0.009028819059673936,0.05622489959839357,0.08381171067738231,0.9996066603928678,False,140,9,9,1.0
703,0.0,0.0,0.0,0.0036144578313253013,0.0,0.09940207048457617,True,9,1,1,0.44080740791386325
704,0.0,0.0,0.0,0.00040160642570281126,0.001148105625717566,0.7376854653813572,True,1,1,1,1.0
705,0.0,0.0,0.0001883309352680935,0.027710843373493974,0.03903559127439724,0.3858971784269907,True,69,4,4,1.0
706,0.0,0.0,0.0,0.020080321285140562,0.0,1.6596254225289726e-10,True,50,4,4,1.5805956405037833e-08
707,0.0003494365335895868,0.0004164435718960081,0.0029517901720822696,0.3076305220883534,0.2629161882893226,0.030895292368754202,False,766,32,32,0.16091298108726146
708,0.0,0.0,0.0017817258808941136,0.05261044176706827,0.08151549942594719,0.946457858482831,False,131,5,5,1.0
709,0.0,0.0,0.0,0.011244979919678716,0.001148105625717566,0.0019273459602337248,True,28,3,3,0.013946654053097307
710,0.0,0.0,0.011967472992288298,0.07108433734939759,0.09873708381171067,0.9973588031458129,False,177,12,12,1.0
711,0.0,0.0,0.006785517546057524,0.07068273092369477,0.08495981630309989,0.812980534841051,False,176,8,8,1.0
712,0.0,0.0,7.76476732221785e-05,0.02248995983935743,0.024110218140068886,0.3413304099761668,True,56,6,6,1.0
713,0.0,0.0,0.0008877408388356557,0.04939759036144578,0.04247990815154994,0.2531986154603868,True,123,8,8,0.946536880225745
714,0.0,0.0,0.006027181826647243,0.053413654618473895,0.09873708381171067,0.9992152057350963,False,133,8,8,1.0
715,0.0,0.0,0.005498472217198035,0.1755020080321285,0.18025258323765786,0.5868323966509068,False,437,12,12,1.0
716,0.0,0.0,0.0,0.020883534136546186,0.024110218140068886,0.4574385017373835,True,52,7,7,1.0
717,0.0,0.0,0.002219658519655255,0.03293172690763052,0.0677382319173364,0.9926685082373874,False,82,9,9,1.0
718,0.0,0.0,0.0,0.00040160642570281126,0.013777267508610792,0.9999999991540616,True,1,1,1,1.0
719,0.0,0.0,0.0037903035569992367,0.1321285140562249,0.16073478760045926,0.5499090343015961,False,329,17,17,1.0
720,0.0,0.0,0.015178108585157259,0.13654618473895583,0.19173363949483352,0.9996131615190746,False,340,12,12,1.0
721,0.0,0.0,0.005929486293885814,0.06827309236947791,0.09184845005740529,0.9618996376145394,False,170,13,13,1.0
722,0.0,0.0,0.004919780258636124,0.10080321285140562,0.11595866819747416,0.999485223377047,False,251,6,6,1.0
723,0.0,0.0,0.0,0.01325301204819277,0.001148105625717566,2.9614710529786233e-06,True,33,6,6,4.2611094287462206e-05
724,0.0,0.0,6.205413078978907e-05,0.01646586345381526,0.029850746268656716,0.8892744691858924,True,41,4,4,1.0
725,0.0,0.0,0.010127068473495923,0.12530120481927712,0.1354764638346728,0.7679470487575906,False,312,8,8,1.0
726,0.0,0.0,0.008935907191667045,0.10080321285140562,0.11940298507462686,0.8022144563718491,False,251,8,8,1.0
727,0.0,0.0,0.004784176400832058,0.2036144578313253,0.23880597014925373,0.9358422763151729,False,507,13,13,1.0
728,0.0,0.0,0.0,0.005622489959839358,0.003444316877152698,0.3268695003983851,True,14,4,4,1.0
729,0.0,0.0,0.00018224892482932383,0.018072289156626505,0.021814006888633754,0.9974024169375352,True,45,5,5,1.0
730,0.0,0.0,0.0,0.010040160642570281,0.0,0.0001436499664739863,True,25,5,5,0.001243722653454427
731,0.0,0.0,0.002105811277670156,0.0855421686746988,0.09988518943742825,0.7828193409028965,False,213,8,8,1.0
732,0.0,0.0,0.00317533711965894,0.07670682730923695,0.08610792192881746,0.9994443302674009,False,191,6,6,1.0
733,0.0,0.0,0.009757289547140016,0.10883534136546184,0.14580941446613088,0.9559052167536689,False,271,8,8,1.0
734,0.0,0.0,0.004217620976397494,0.18433734939759036,0.19058553386911595,0.7358397268733274,False,459,13,13,1.0
735,0.0,0.0,0.001114426052101239,0.04096385542168675,0.05510907003444317,0.9735700985936905,False,102,7,7,1.0
736,0.0,0.0,0.000575852934336707,0.0285140562248996,0.04362801377726751,0.9983425882894215,True,71,6,6,1.0
737,0.0,0.0,0.0007766249055506097,0.023293172690763052,0.045924225028702644,0.9997972019825359,True,58,4,4,1.0
738,0.0,0.0,6.513350647198917e-05,0.02891566265060241,0.03903559127439724,0.1277060672971702,True,72,4,4,0.5411274038015688
739,0.0,0.0,8.263060394235613e-05,0.010441767068273093,0.024110218140068886,0.9964575904143118,True,26,4,4,1.0
740,0.0,0.0,0.0,0.021686746987951807,0.0,1.3994884054726984e-08,True,54,4,4,4.3427732154096973e-07
741,0.0,0.0,0.0003890353383578657,0.033734939759036145,0.03444316877152698,0.9160827628130854,True,84,5,5,1.0
742,0.0,0.0,0.003152130969824223,0.04779116465863454,0.0711825487944891,0.9987032379015575,False,119,4,4,1.0
743,0.0,0.0,0.001057822776732477,0.03493975903614458,0.0505166475315729,0.982023488469779,False,87,5,5,1.0
744,0.0,0.0,0.0029620446813342968,0.23734939759036144,0.2365097588978186,0.6038505965981368,False,591,14,14,1.0
745,0.0,0.0,0.0,0.00963855421686747,0.0057405281285878304,0.2327277704371596,True,24,6,6,0.8876159457046646
746,0.0,0.0,0.0043977113656487555,0.06345381526104418,0.08495981630309989,0.9933011540291934,False,158,7,7,1.0
747,0.0,0.0,0.0,0.010441767068273093,0.0,3.810389282747088e-05,True,26,2,2,0.00038684155154792774
748,0.0,0.0,0.001675286066593902,0.05100401606425703,0.06544202066590127,0.947953978888521,False,127,7,7,1.0
749,0.0,0.0,0.0077525705747137404,0.08714859437751005,0.1113662456946039,0.9294467509385529,False,217,8,8,1.0
750,0.0,0.0,5.227540831342405e-05,0.014859437751004016,0.021814006888633754,0.9971762417304821,True,37,2,2,1.0
751,0.0,0.0,0.0,0.01887550200803213,0.002296211251435132,0.0003866269161265503,True,47,7,7,0.003117959001020567
752,0.0,0.0,0.0013677470389532645,0.05582329317269076,0.06544202066590127,0.8125065904467299,False,139,12,12,1.0
753,0.0,0.0,0.0034672109945554893,0.06224899598393574,0.08266360505166476,0.8598608675386008,False,155,8,8,1.0
754,0.0,0.0,0.0001665977496548353,0.043373493975903614,0.012629161882893225,0.5112841244840556,True,108,4,4,1.0
755,0.0,0.0,0.00011927360235231528,0.0285140562248996,0.011481056257175661,4.1595742781875585e-06,True,71,7,7,5.583321178775246e-05
756,0.0,0.0,0.0022550140400891157,0.07068273092369477,0.07003444316877153,0.9916692774828163,False,176,5,5,1.0
757,0.0,0.0,0.0035615382000726845,0.08714859437751005,0.08840413318025259,0.5038214124470485,False,217,7,7,1.0
758,0.0,0.0,0.008753287973379483,0.03815261044176707,0.07462686567164178,0.9998197382579014,False,95,7,7,1.0
759,0.0,0.0,0.0033014881904770647,0.08995983935742972,0.09070034443168772,0.9675559696976579,False,224,8,8,1.0
760,0.0,0.0,0.004902006999054234,0.14016064257028113,0.17106773823191734,0.8755555171054785,False,349,8,8,1.0
761,0.0,0.0,0.0004029375604410396,0.026907630522088354,0.03444316877152698,0.7649007676123809,True,67,8,8,1.0
762,0.0,0.0,0.0016056369531961554,0.05100401606425703,0.06199770378874857,0.999286335225209,False,127,5,5,1.0
763,0.0,0.0,0.0,0.023694779116465864,0.0,2.179854958761395e-10,True,59,3,3,1.9816863261467226e-08
764,0.0,0.0,0.0,0.006024096385542169,0.004592422502870264,0.10616936254449283,True,15,8,8,0.4656550988793545
765,0.0,0.0,0.015024604371418938,0.0963855421686747,0.14006888633754305,0.9967272362881983,False,240,12,12,1.0
766,0.0,0.0,0.00039503829579377533,0.06465863453815261,0.03329506314580941,0.06262538211911814,True,161,5,5,0.30108356788037566
767,0.0,0.0,0.005594167935144624,0.09477911646586346,0.1113662456946039,0.8703252450510996,False,236,7,7,1.0
768,0.0,0.0,0.004875039610564432,0.05220883534136546,0.07921928817451206,0.9979387162950484,False,130,8,8,1.0
769,0.0,0.0,0.00047171225768111494,0.008433734939759036,0.001148105625717566,0.27454980159845865,True,21,6,6,0.98936865440886
770,0.0,0.0,0.0034625747720567427,0.12570281124497992,0.1423650975889782,0.966638065999901,False,313,12,12,1.0
771,0.0,0.0,0.000698571229858321,0.036947791164658635,0.04707233065442021,0.9841561285714264,True,92,11,11,1.0
772,0.0,0.0,0.00021826953767714355,0.03815261044176707,0.016073478760045924,0.2734258406225657,True,95,7,7,0.9876944596292409
773,0.0,0.0,0.004179445422505257,0.08755020080321285,0.08610792192881746,0.6964681788042277,False,218,8,8,1.0
774,0.0,0.0,0.0,0.018072289156626505,0.0,1.6995274700857853e-08,True,45,5,5,5.073216328614285e-07
775,0.0,0.0,0.0,0.012449799196787148,0.0,3.4724607825411174e-07,True,31,4,4,6.490580901946014e-06
776,0.0,0.0,0.005117766050991101,0.0714859437751004,0.07347876004592423,0.8506302926171343,False,178,13,13,1.0
777,0.0,0.0,0.0006863361270280546,0.03253012048192771,0.045924225028702644,0.3748645784997172,True,81,5,5,1.0
778,0.0,0.0,0.0,0.02208835341365462,0.0,6.570252536580823e-08,True,55,1,1,1.6846801375848263e-06
779,0.0,0.0,0.0002684742687670224,0.026907630522088354,0.012629161882893225,0.9237974966617866,True,67,6,6,1.0
780,0.0,0.0,0.007959342170038138,0.08072289156626505,0.11021814006888633,0.9992962702784113,False,201,11,11,1.0
781,0.0,0.0,0.0014043342000797103,0.0393574297188755,0.060849598163030996,0.9838328367302368,False,98,9,9,1.0
782,0.0,0.0,0.005600836393022368,0.0891566265060241,0.10562571756601608,0.974785159683667,False,222,11,11,1.0
783,0.0,0.0,0.0,0.020481927710843374,0.001148105625717566,3.704565100077682e-10,True,51,5,5,2.646117928626916e-08
784,0.0,0.0,0.00045414844248116437,0.05220883534136546,0.03214695752009185,0.9761941244286919,True,130,6,6,1.0
785,0.0,0.0,0.0036259642257364336,0.14016064257028113,0.13892078071182548,0.1643227300287568,False,349,9,9,0.6672326939255793
786,0.0,0.0,0.0015591380007359676,0.035341365461847386,0.0677382319173364,0.9981288182277441,False,88,4,4,1.0
787,0.0,0.0,0.0028146288782823206,0.0429718875502008,0.05855338691159587,0.9542749121942524,False,107,5,5,1.0
788,0.0,0.0,0.0013910818400004982,0.04618473895582329,0.06659012629161883,0.9491898913785864,False,115,10,10,1.0
789,0.00019708316909735908,0.0002246245071663259,0.001616069190651773,0.13534136546184738,0.13318025258323765,0.18336981045980255,False,337,23,23,0.734949140119449
790,0.0,0.0,0.0002812497872988764,0.014457831325301205,0.027554535017221583,0.9997132105896105,True,36,5,5,1.0
791,0.0,0.0,0.0007871374432523335,0.013654618473895583,0.045924225028702644,0.9999997648205742,True,34,5,5,1.0
792,0.0,0.0,0.0011562206997545572,0.035341365461847386,0.05510907003444317,0.9993752639659592,False,88,4,4,1.0
793,0.0,0.0,0.002166290867047391,0.048594377510040164,0.06314580941446613,0.9801717883163557,False,121,6,6,1.0
794,0.0,0.0,0.0019817857496120337,0.178714859437751,0.16303099885189437,0.3951652640243278,False,445,13,13,1.0
795,0.0,0.0,0.0030515613949173587,0.056626506024096385,0.06659012629161883,0.5431185960098661,False,141,11,11,1.0
796,0.0,0.0,9.774975704462087e-05,0.01325301204819277,0.022962112514351322,0.9998864280013874,True,33,2,2,1.0
797,0.0,0.0,0.0031998535926595862,0.10120481927710843,0.09873708381171067,0.8767811868721933,False,252,10,10,1.0
798,0.0,0.0,0.00776117597492396,0.0819277108433735,0.1044776119402985,0.9213129328819369,False,204,8,8,1.0
799,0.0,0.0,0.0007633145404007937,0.0285140562248996,0.04707233065442021,0.8647327784755305,True,71,4,4,1.0
800,0.0,0.0,0.012577293744230285,0.08755020080321285,0.1148105625717566,0.9760013854311815,False,218,13,13,1.0
801,0.0,0.0,0.0,0.012048192771084338,0.0,1.1163566186144068e-07,True,30,4,4,2.5663370542859925e-06
802,0.0,0.0,0.0,0.023293172690763052,0.001148105625717566,9.88887002875902e-09,True,58,3,3,3.4697789574593055e-07
803,0.0,0.0,0.0002539297913239467,0.04216867469879518,0.029850746268656716,0.11648066775988958,True,105,8,8,0.504245314977877
804,0.0,0.0,0.0034158165746676124,0.05943775100401606,0.07003444316877153,0.9250835053069142,False,148,6,6,1.0
805,0.0,0.0,0.01141106670084494,0.07228915662650602,0.1010332950631458,0.9724849119507886,False,180,7,7,1.0
806,0.0,0.0,0.0008169496078394129,0.02650602409638554,0.03903559127439724,0.9977789714117112,True,66,6,6,1.0
807,0.0,0.0,0.00017943737382471525,0.030522088353413655,0.021814006888633754,0.9022171591474979,True,76,5,5,1.0
808,0.0,0.0,0.0015609325845590718,0.15421686746987953,0.13662456946039037,0.5607794586653319,False,384,13,13,1.0
809,0.0,0.0,0.0019502493466010793,0.09799196787148594,0.11021814006888633,0.6610630558339065,False,244,11,11,1.0
810,0.0,0.0,0.0,0.012449799196787148,0.021814006888633754,0.9591307643745531,True,31,3,3,1.0
811,0.0,0.0,0.002952147401016879,0.07028112449799197,0.09184845005740529,0.9999995380443258,False,175,7,7,1.0
812,0.0,0.0,5.6805953602114275e-05,0.033734939759036145,0.004592422502870264,0.012947237187750768,True,84,7,7,0.0744094091250044
813,0.0,0.0,0.004259545924840454,0.12771084337349398,0.11940298507462686,0.2735913653172997,False,318,9,9,0.9876944596292409
814,0.0,0.0,0.014477689128058777,0.08634538152610442,0.11940298507462686,0.9893710013477099,False,215,12,12,1.0
815,0.0,0.0,0.0,0.010441767068273093,0.0,0.017575208050112926,True,26,2,2,0.0981855198330331
816,0.0,0.0,0.0041301881761703465,0.06265060240963856,0.07807118254879448,0.969707484503289,False,156,6,6,1.0
817,0.0,0.0,0.0,0.020481927710843374,0.0,3.561083141500513e-06,True,51,4,4,4.911838815862776e-05
818,0.0,0.0,0.0010341598267153704,0.04538152610441767,0.05281285878300804,0.03432205131683208,False,113,12,12,0.17737494220585054
819,0.0,0.0,0.0047503231573553205,0.09518072289156626,0.11595866819747416,0.9989912775248219,False,237,6,6,1.0
820,0.0,0.0,0.0,0.011244979919678716,0.0,0.0010034148887552705,True,28,8,8,0.007639064123314869
821,0.0,0.0,0.004850527044350212,0.06104417670682731,0.09644087256027555,0.9982201576900578,False,152,7,7,1.0
822,0.0,0.0,0.003059308647165156,0.06626506024096386,0.09184845005740529,0.843672062272291,False,165,8,8,1.0
823,0.0,0.0,0.0004562696100684206,0.03775100401606426,0.02066590126291619,0.8867112277001391,True,94,8,8,1.0
824,0.0,0.0,0.0007111400786148111,0.0036144578313253013,0.04247990815154994,0.9999999999999815,True,9,2,2,1.0
825,0.0,0.0,0.002397600733159395,0.0751004016064257,0.06888633754305395,0.9297973670043731,False,187,6,6,1.0
826,0.0,0.0,0.00014163973353598677,0.04216867469879518,0.013777267508610792,0.27509385335549585,True,105,5,5,0.9895462350917117
827,0.0,0.0,0.0016502596894594004,0.12811244979919678,0.1285878300803674,0.4007434603594621,False,319,8,8,1.0
828,0.0,0.0,0.0021437469227006106,0.0570281124497992,0.05970149253731343,0.43886191418913295,False,142,11,11,1.0
829,0.0,0.0,0.00027198184466790476,0.00040160642570281126,0.03559127439724455,0.9999999999979141,True,1,1,1,1.0
830,0.0,0.0,0.0,0.005622489959839358,0.0,0.9916092717059936,True,14,3,3,1.0
831,0.0,0.0,0.0,0.017670682730923693,0.001148105625717566,0.023843885925178117,True,44,4,4,0.12819293508160276
832,0.0,0.0,0.0024002300851626995,0.07911646586345382,0.07921928817451206,0.6614215303903583,False,197,8,8,1.0
833,0.0,0.0,0.0001137433380324547,0.024899598393574297,0.04133180252583238,0.9284295130983902,True,62,3,3,1.0
834,0.0,0.0,0.0003223508330736266,0.023293172690763052,0.03903559127439724,0.9997461052020982,True,58,6,6,1.0
835,0.0,0.0,0.0,0.011244979919678716,0.003444316877152698,0.007625829602664907,True,28,5,5,0.04664115964932665
836,0.0,0.0,0.0011473266168728676,0.05502008032128514,0.0574052812858783,0.978148981576457,False,137,7,7,1.0
837,0.0,0.0,0.0014238426563939084,0.02610441767068273,0.05625717566016074,0.9998714027373672,False,65,11,11,1.0
838,0.0,0.0,0.0,0.03493975903614458,0.001148105625717566,1.6933758972924083e-08,True,87,6,6,5.073216328614285e-07
839,0.0,0.0,0.0008203464032753022,0.04216867469879518,0.04247990815154994,0.996662434820954,True,105,5,5,1.0
840,0.0,0.0,0.00040958075730911813,0.00321285140562249,0.040183696900114814,0.9999999999910146,True,8,2,2,1.0
841,0.0,0.0,0.0015197492452758928,0.078714859437751,0.07003444316877153,0.3561255917967092,False,196,15,15,1.0
842,0.0,0.0,0.0001362707080603339,0.03734939759036145,0.027554535017221583,0.5463715870510755,True,93,6,6,1.0
843,0.0,0.0,0.0002588122646097038,0.023694779116465864,0.03214695752009185,0.9692210179493332,True,59,5,5,1.0
844,0.0,0.0,0.0006228937574602305,0.01967871485943775,0.03559127439724455,0.9999999544114523,True,49,3,3,1.0
845,0.0,0.0,0.00017488078275110564,0.026907630522088354,0.03559127439724455,0.8625262400685884,True,67,6,6,1.0
846,0.0,0.0,0.0,0.0036144578313253013,0.0,0.289120670870052,True,9,1,1,1.0
847,0.0,0.0,0.001847898983300748,0.06867469879518072,0.07692307692307693,0.8516325386283845,False,171,11,11,1.0
848,0.0,0.0,0.0001595221895891299,0.020883534136546186,0.02066590126291619,0.8892584236600071,True,52,6,6,1.0
849,0.0,0.0,8.8142509358397e-05,0.033734939759036145,0.022962112514351322,0.058302404362434314,True,84,8,8,0.2837099968974906
850,0.0,0.0,0.0,0.028112449799196786,0.03673938002296211,0.9589631896666202,True,70,3,3,1.0
851,0.0,0.0,0.0,0.002811244979919679,0.0,0.03211608790260985,True,7,1,1,0.1668368202732979
852,0.0,0.0,0.005221779702670978,0.1108433734939759,0.12629161882893225,0.9968107333130757,False,276,6,6,1.0
853,0.0,0.0,0.0,0.004016064257028112,0.008036739380022962,0.9153506551770364,True,10,3,3,1.0
854,0.0,0.0,0.0049295810623528735,0.05903614457831325,0.09414466130884042,0.9993669480561916,False,147,6,6,1.0
855,0.0,0.0,0.005619829743400398,0.11485943775100402,0.12973593570608496,0.848150762225619,False,286,8,8,1.0
856,0.0,0.0,0.0010487965578045496,0.051807228915662654,0.0539609644087256,0.25913953591702754,False,129,9,9,0.9562344498783305
857,0.0,0.0,0.002270916268515264,0.0895582329317269,0.09529276693455797,0.7997978104096588,False,223,5,5,1.0
858,0.0,0.0,0.0008741641832285061,0.04417670682730924,0.04247990815154994,0.3540860957130385,True,110,8,8,1.0
859,0.0,0.0,0.005987841336988655,0.09076305220883533,0.09644087256027555,0.9291939885073072,False,226,7,7,1.0
860,0.0,0.0,0.0030579286403177412,0.04979919678714859,0.06888633754305395,0.9046188815770577,False,124,12,12,1.0
861,0.0,0.0,0.004200207520714663,0.08273092369477912,0.09988518943742825,0.9858822459116378,False,206,8,8,1.0
862,0.0,0.0,0.00019529627334542192,0.020481927710843374,0.03329506314580941,0.9991502135768255,True,51,5,5,1.0
863,0.0,0.0,0.004014048942185824,0.10562248995983936,0.13662456946039037,0.9968976937069884,False,263,13,13,1.0
864,0.0,0.0,0.00018128237886827768,0.02570281124497992,0.03673938002296211,0.18753418116137904,True,64,3,3,0.7456627481565767
865,0.0,0.0,0.002407930809933923,0.036947791164658635,0.0677382319173364,0.9996148776484317,False,92,8,8,1.0
866,0.0,0.0,0.005855008680434575,0.0783132530120482,0.10907003444316878,0.9683134375230695,False,195,9,9,1.0
867,0.0,0.0,0.01563412327585645,0.10441767068273092,0.13203214695752008,0.991244032616946,False,260,11,11,1.0
868,0.0,0.0,5.961827697478594e-05,0.01606425702811245,0.002296211251435132,0.38684887966842296,True,40,4,4,1.0
869,0.0,0.0,0.00010103869593049165,0.027710843373493974,0.03444316877152698,0.9847089631122193,True,69,4,4,1.0
870,0.0,0.0,7.907352687441224e-05,0.012449799196787148,0.02066590126291619,0.9654220779363788,True,31,4,4,1.0
871,0.0,0.0,0.0,0.010843373493975903,0.001148105625717566,0.021624512741171952,True,27,3,3,0.11752452576723887
872,0.0,0.0,0.0003181822795332486,0.020080321285140562,0.022962112514351322,0.9907741684293516,True,50,9,9,1.0
873,0.0,0.0,0.0006581296208535842,0.02530120481927711,0.040183696900114814,0.9999859856178942,True,63,4,4,1.0
874,0.0,0.0,0.0001240753691536082,0.01967871485943775,0.021814006888633754,0.7288920029124967,True,49,4,4,1.0
875,0.0,0.0,0.0002736203993581347,0.04618473895582329,0.021814006888633754,0.21438007582777696,True,115,8,8,0.8341637191742294
876,0.0,0.0,0.0,0.024899598393574297,0.003444316877152698,0.007402908830749511,True,62,3,3,0.04541661859355529
877,0.0,0.0,0.013920775691620773,0.09598393574297188,0.13088404133180254,0.9408243688075412,False,239,8,8,1.0
878,0.0,0.0,0.014892841034188392,0.10602409638554217,0.13662456946039037,0.9987346480644487,False,264,13,13,1.0
879,0.0,0.0,0.0005340589494560172,0.04096385542168675,0.03903559127439724,0.2717955703493041,True,102,9,9,0.9872642681680498
880,0.0,0.0,0.004974216920397325,0.04979919678714859,0.08840413318025259,0.9986668056270548,False,124,8,8,1.0
881,0.0,0.0,0.0,0.017670682730923693,0.002296211251435132,7.347299824729195e-07,True,44,3,3,1.2348403066771756e-05
882,0.0,0.0,2.5091584282631606e-05,0.011244979919678716,0.022962112514351322,0.9940060074500418,True,28,1,1,1.0
883,0.0,0.0,0.0008574541926232024,0.040562248995983936,0.04707233065442021,0.9958311780531572,True,101,5,5,1.0
884,0.0,0.0,0.0,0.027309236947791166,0.021814006888633754,0.3736013938691263,True,68,5,5,1.0
885,0.0,0.0,0.0,0.02650602409638554,0.0,1.3871141309300554e-09,True,66,8,8,7.497914221243542e-08
886,0.0,0.0,0.0019203957483905705,0.07188755020080322,0.08610792192881746,0.956166197057163,False,179,11,11,1.0
887,0.0,0.0,0.0,0.021686746987951807,0.003444316877152698,0.00061407116916793,True,54,8,8,0.004835206056440394
888,0.0,0.0,0.0034952204270905962,0.061847389558232935,0.08151549942594719,0.9491126447625511,False,154,8,8,1.0
889,0.0,0.0,0.005225611794305934,0.06827309236947791,0.08955223880597014,0.9127443669484802,False,170,12,12,1.0
890,0.0,0.0,0.006624256308019991,0.06265060240963856,0.08840413318025259,0.9767638942667829,False,156,8,8,1.0
891,0.0,0.0,0.0006697552733253948,0.021686746987951807,0.04247990815154994,0.9988233306415939,True,54,5,5,1.0
892,0.0,0.0,0.00015151929362200594,0.01606425702811245,0.03329506314580941,0.9990899020341666,True,40,5,5,1.0
893,0.0,0.0,0.0011527120310690212,0.07991967871485944,0.060849598163030996,0.7550466642615217,False,199,13,13,1.0
894,0.0,0.0,0.0,0.01285140562248996,0.0,0.0015380622613290476,True,32,6,6,0.011393053787622575
895,0.0,0.0,0.0036914617678638663,0.0895582329317269,0.11021814006888633,0.987040188688827,False,223,11,11,1.0
896,0.0,0.0,0.013077250997566622,0.11726907630522089,0.16073478760045926,0.9642519009486737,False,292,8,8,1.0
897,0.0,0.0,0.0,0.012048192771084338,0.0,4.195121677313372e-07,True,30,2,2,7.697470967547472e-06
898,0.0,0.0,0.00027586579055268877,0.016867469879518072,0.027554535017221583,0.9936941376839495,True,42,5,5,1.0
899,0.0,0.0,6.001758296895939e-05,0.035341365461847386,0.001148105625717566,5.065126865489473e-06,True,88,9,9,6.62108086992088e-05
900,0.0,0.0,0.0006027954680384044,0.008433734939759036,0.0057405281285878304,0.3808291537557629,True,21,9,9,1.0
901,0.0,0.0,0.0,0.010441767068273093,0.0,0.1067155882379962,True,26,2,2,0.4670266443675982
902,0.0,0.0,0.0,0.024096385542168676,0.0,5.38235846778385e-05,True,60,1,1,0.0005329067789885
903,0.0,0.0,0.0018924377520360197,0.1248995983935743,0.11710677382319173,0.4522032666519623,False,311,6,6,1.0
904,0.0,0.0,0.016740146260696795,0.12289156626506025,0.15958668197474168,0.9361981506739178,False,306,8,8,1.0
905,0.0,0.0,0.0025054627035088397,0.027710843373493974,0.060849598163030996,0.9999770804460439,False,69,6,6,1.0
906,0.0,0.0,0.0,0.014457831325301205,0.004592422502870264,0.004289081639365518,True,36,5,5,0.028217642364246828
907,0.0,0.0,0.0005145546905116892,0.027710843373493974,0.04477611940298507,0.9840962414454779,True,69,4,4,1.0
908,0.0,0.0,0.0062779780451045625,0.08795180722891566,0.09988518943742825,0.6824425843811188,False,219,8,8,1.0
909,0.0,0.0,0.00018649713711899735,0.03253012048192771,0.022962112514351322,0.7395391737165096,True,81,6,6,1.0
910,0.0,0.0,0.004086135543508947,0.05823293172690763,0.07577497129735936,0.9628777974943945,False,145,7,7,1.0
911,0.0,0.0,0.0001046259601655435,0.03493975903614458,0.02066590126291619,0.39231366481325175,True,87,6,6,1.0
912,0.0,0.0,0.0,0.027710843373493974,0.008036739380022962,9.294085011496928e-05,True,69,8,8,0.0008526683496786172
913,0.0,0.0,0.0,0.017670682730923693,0.0,3.248004440644536e-05,True,44,5,5,0.0003383337959004725
914,0.0,0.0,0.0,0.0024096385542168677,0.0,0.01501175921488918,True,6,4,4,0.08602727343776034
915,0.0,0.0,0.007701396786908832,0.0714859437751004,0.08840413318025259,0.958940995601377,False,178,9,9,1.0
916,0.0,0.0,0.006255714059368318,0.07951807228915662,0.09644087256027555,0.9133842458229036,False,198,8,8,1.0
917,0.0,0.0,0.0,0.01606425702811245,0.0,3.335011966974792e-07,True,40,3,3,6.352403746618651e-06
918,0.0,0.0,0.0021756249610409735,0.17269076305220885,0.13318025258323765,0.09767235617053183,False,430,13,13,0.43603730433273136
919,0.0,0.0,0.0010313282679561384,0.033734939759036145,0.0539609644087256,0.9338682568882377,False,84,6,6,1.0
920,0.0,0.0,0.0018294941704261895,0.04899598393574297,0.05970149253731343,0.9575615542128978,False,122,8,8,1.0
921,0.0,0.0,0.0008480811314839443,0.03493975903614458,0.04707233065442021,0.9635774659823583,True,87,4,4,1.0
922,0.0,0.0,0.008231351325594986,0.12891566265060242,0.15958668197474168,0.9904575459999452,False,321,15,15,1.0
923,0.0,0.0,0.0,0.01927710843373494,0.01951779563719862,0.8352134506652455,True,48,3,3,1.0
924,0.0,0.0,0.004631772594537126,0.0891566265060241,0.09873708381171067,0.8366760564149838,False,222,7,7,1.0
925,0.0,0.0,0.0,0.01285140562248996,0.02525832376578645,0.9732864959877724,True,32,4,4,1.0
926,0.0,0.0,0.00611380628787502,0.1678714859437751,0.19862227324913892,0.9429705363428773,False,418,14,14,1.0
927,0.0,0.0,0.0,0.004819277108433735,0.004592422502870264,0.13765756709957377,True,12,6,6,0.5723807363807641
928,0.0,0.0,0.003539372388748503,0.12088353413654618,0.14810562571756603,0.8599321193768559,False,301,15,15,1.0
929,0.0,0.0,0.0,0.01566265060240964,0.0,5.41287601758908e-06,True,39,6,6,6.984356151727845e-05
930,0.0,0.0,0.0011274512269027542,0.03413654618473896,0.05510907003444317,0.6909327938427527,False,85,8,8,1.0
931,0.0,0.0,0.0,0.0285140562248996,0.004592422502870264,0.006327877504372908,True,71,5,5,0.03979797172561578
932,0.0,0.0,0.00315952268310136,0.16586345381526105,0.17451205510907003,0.8467434742822157,False,413,13,13,1.0
933,0.0,0.0,0.0,0.012048192771084338,0.0,0.001931611586353977,True,30,2,2,0.013946654053097307
934,0.0,0.0,0.0012620755159922937,0.08634538152610442,0.07233065442020666,0.548395779420232,False,215,10,10,1.0
935,0.0,0.0,0.0,0.008835341365461847,0.001148105625717566,0.18411596041965933,True,22,2,2,0.7349938539706959
936,0.0,0.0,0.0047973912094675004,0.07269076305220884,0.08610792192881746,0.7546528970766968,False,181,6,6,1.0
937,0.0,0.0,0.000183066647183098,0.02610441767068273,0.02525832376578645,0.5811539694601034,True,65,3,3,1.0
938,0.0,0.0,0.00010331965970577965,0.01646586345381526,0.02066590126291619,0.017980047816545882,True,41,5,5,0.099889154536366
939,0.0,0.0,0.00028981590876013227,0.020481927710843374,0.02640642939150402,0.9780341593438784,True,51,6,6,1.0
940,0.0,0.0,0.0,0.008032128514056224,0.002296211251435132,0.0007634652405730275,True,20,3,3,0.005918335198240523
941,0.0,0.0,0.001610613196808875,0.07791164658634538,0.09529276693455797,0.9897559065297782,False,194,6,6,1.0
942,0.0,0.0,7.092786501353111e-05,0.033734939759036145,0.004592422502870264,2.1272251192604126e-06,True,84,8,8,3.128272234206489e-05
943,0.0,0.0,0.0,0.02289156626506024,0.0,3.168809133259625e-05,True,57,3,3,0.0003318124746868717
944,0.0,0.0,0.0,0.015261044176706828,0.001148105625717566,0.003886502147137886,True,38,8,8,0.02582393453247765
945,0.0,0.0,0.0,0.007630522088353414,0.014925373134328358,0.9233623165569684,True,19,4,4,1.0
946,0.0,0.0,0.00793292324457636,0.24096385542168675,0.2801377726750861,0.986794851183463,False,600,13,13,1.0
947,0.0,0.0,0.0008386490958133608,0.03253012048192771,0.04822043628013777,0.9597556977296213,True,81,8,8,1.0
948,0.0,0.0,0.003829822895495217,0.06907630522088354,0.08151549942594719,0.9975313586308042,False,172,6,6,1.0
949,0.0,0.0,0.0,0.01887550200803213,0.0,1.0493940825470215e-06,True,47,6,6,1.652589106373262e-05
950,0.0,0.0,0.0019552872090854816,0.12008032128514057,0.1079219288174512,0.19497490445846022,False,299,7,7,0.7706517962784989
951,0.0,0.0,0.0016520835069479263,0.06224899598393574,0.06314580941446613,0.9998097874038284,False,155,5,5,1.0
952,0.0,0.0,0.0001320304792080169,0.0321285140562249,0.013777267508610792,0.0019530135987913344,True,80,5,5,0.014050457545261397
953,0.0,0.0,0.004044904115339899,0.07429718875502007,0.10218140068886337,0.9933906683526385,False,185,8,8,1.0
954,0.0,0.0,0.002026401558013939,0.04096385542168675,0.0642939150401837,0.9976989249833592,False,102,5,5,1.0
955,0.0,0.0,0.0011859150993842973,0.010441767068273093,0.0539609644087256,0.9999999986344111,False,26,5,5,1.0
956,0.0,0.0,4.354737610328221e-05,0.015261044176706828,0.018369690011481057,0.9891308276504115,True,38,4,4,1.0
957,0.0,0.0,0.0001928915770930501,0.030120481927710843,0.03329506314580941,0.9957606435575582,True,75,7,7,1.0
958,0.0,0.0,9.822587044093799e-05,0.0024096385542168677,0.002296211251435132,0.966208885044954,True,6,4,4,1.0
959,0.0,0.0,0.0,0.01566265060240964,0.02640642939150402,0.8315608390955944,True,39,5,5,1.0
960,0.0,0.0,0.0016649708881740842,0.0321285140562249,0.060849598163030996,0.9881958238221614,False,80,9,9,1.0
961,0.0,0.0,0.0,0.018072289156626505,0.001148105625717566,0.6237256671421694,True,45,3,3,1.0
962,0.0,0.0,6.733594345931003e-05,0.020883534136546186,0.01951779563719862,0.8910737512908307,True,52,5,5,1.0
963,0.0,0.0,0.002429846025893314,0.10040160642570281,0.12169919632606199,0.9417886410137477,False,250,8,8,1.0
964,0.0,0.0,0.005546646315956725,0.06746987951807229,0.07692307692307693,0.8713316029662305,False,168,8,8,1.0
965,0.0,0.0,0.0,0.03132530120481928,0.0,1.1314408285431095e-08,True,78,5,5,3.7690764743806606e-07
966,0.0,0.0,0.0043733073954201705,0.06626506024096386,0.07692307692307693,0.7737720029097772,False,165,7,7,1.0
967,0.0,0.0,0.00940717324400879,0.048594377510040164,0.06659012629161883,0.9750539343870315,False,121,11,11,1.0
968,0.0,0.0,0.00016155345433395098,0.008835341365461847,0.004592422502870264,0.33175870184256784,True,22,4,4,1.0
969,0.0,0.0,0.0,0.020883534136546186,0.02640642939150402,0.8369277873670578,True,52,4,4,1.0
970,0.0,0.0,0.0,0.008433734939759036,0.0,0.00274153835102898,True,21,1,1,0.019038460771034584
971,0.0,0.0,0.0007392171639313899,0.050200803212851405,0.04133180252583238,0.967282978254142,True,125,4,4,1.0
972,0.0,0.0,0.0018718185037815242,0.07028112449799197,0.0574052812858783,0.02874732935511221,False,175,5,5,0.15170094646497206
973,0.0,0.0,0.0010524678305995879,0.07188755020080322,0.06314580941446613,0.3442234509191442,False,179,10,10,1.0
974,0.0,0.0,0.0013343425557455777,0.06305220883534136,0.05625717566016074,0.7933505523953006,False,157,11,11,1.0
975,0.0,0.0,0.0,0.012048192771084338,0.0057405281285878304,0.13299102834384874,True,30,1,1,0.5593519260134405
976,0.0,0.0,0.0012593680473038777,0.05461847389558233,0.0539609644087256,0.7330582581978771,False,136,6,6,1.0
977,0.0,0.0,0.005577408078985137,0.004417670682730923,0.06659012629161883,0.9999999999994041,False,11,3,3,1.0
978,0.0,0.0,0.011750597532198604,0.07951807228915662,0.12284730195177956,0.9959567686235393,False,198,8,8,1.0
979,0.0,0.0,0.0,0.01285140562248996,0.001148105625717566,0.016775073515380816,True,32,4,4,0.09424198604146526
980,0.0,0.0,0.002382658023968363,0.14899598393574298,0.1549942594718714,0.8759749722841321,False,371,9,9,1.0
981,0.0,0.0,8.418220839675257e-05,0.021686746987951807,0.016073478760045924,0.7934352526215944,True,54,6,6,1.0
982,0.0,0.0,0.005204994658478512,0.09879518072289156,0.10907003444316878,0.8429434128473547,False,246,8,8,1.0
983,0.0,0.0,0.0,0.020883534136546186,0.004592422502870264,8.066665708444916e-05,True,52,8,8,0.0007551170268528249
984,0.0,0.0,0.0013097140293135622,0.03775100401606426,0.05970149253731343,0.9317149887128271,False,94,8,8,1.0
985,0.0,0.0,0.0,0.010441767068273093,0.008036739380022962,0.8352592845269707,True,26,3,3,1.0
986,0.0,0.0,0.00011261687995721181,0.02289156626506024,0.02525832376578645,0.9297326802527152,True,57,6,6,1.0
987,0.0,0.0,7.366470303059316e-05,0.012449799196787148,0.024110218140068886,0.9912608666751251,True,31,2,2,1.0
988,0.0,0.0,4.5903147025195625e-05,0.018072289156626505,0.0057405281285878304,0.46083952567029934,True,45,4,4,1.0
989,0.0,0.0,0.008998199879704133,0.1,0.11366245694603903,0.985590643189218,False,249,6,6,1.0
990,0.0,0.0,0.00012828858030856488,0.017269076305220885,0.018369690011481057,0.8079552134103636,True,43,6,6,1.0
991,0.0,0.0,0.0005322831753805336,0.0357429718875502,0.04477611940298507,0.7698790291405846,True,89,5,5,1.0
992,0.0,0.0,0.00019600572129825996,0.024899598393574297,0.03559127439724455,0.8909258605247246,True,62,9,9,1.0
993,0.0,0.0,0.0,0.004417670682730923,0.003444316877152698,0.006714311311953267,True,11,3,3,0.04170379696865383
994,0.0,0.0,0.0010543069744444618,0.07068273092369477,0.05166475315729047,0.4480465514939356,False,176,6,6,1.0
995,0.0,0.0,0.0003437806640480709,0.02530120481927711,0.03559127439724455,0.9997616529861044,True,63,6,6,1.0
996,0.0,0.0,0.0002846690551173706,0.03493975903614458,0.01722158438576349,0.8018318811766209,True,87,7,7,1.0
997,0.0,0.0,9.93469419652685e-05,0.020481927710843374,0.01951779563719862,0.3679442170652628,True,51,18,18,1.0
998,0.0,0.0,0.0,0.02570281124497992,0.02066590126291619,0.5912087557685892,True,64,7,7,1.0
999,0.0,0.0,0.0,0.017670682730923693,0.010332950631458095,0.23006833894338624,True,44,6,6,0.882454144537148
1000,0.0,0.0,9.02234991232642e-05,0.020883534136546186,0.02525832376578645,0.7906747763512387,True,52,8,8,1.0
1001,0.0,0.0,0.0,0.029317269076305223,0.0,2.008556404983577e-12,True,73,4,4,6.695188016611923e-10
1002,0.0,0.0,0.0024843055022659277,0.0823293172690763,0.10562571756601608,0.9999943481565495,False,205,6,6,1.0
1003,0.0,0.0,0.001132856128494278,0.060240963855421686,0.06659012629161883,0.39288478929502385,False,150,10,10,1.0
1004,0.0,0.0,0.00029784982021413005,0.03775100401606426,0.01722158438576349,0.10420574761975965,True,94,7,7,0.4580472422846578
1005,0.0,0.0,0.0,0.01566265060240964,0.0,2.2001807029730655e-07,True,39,7,7,4.444809500955687e-06
1006,0.0,0.0,0.0013149981156409937,0.04819277108433735,0.05970149253731343,0.998017997032662,False,120,7,7,1.0
1007,0.0,0.0,0.0018099719362522017,0.07309236947791165,0.09758897818599312,0.7715182325804809,False,182,8,8,1.0
1008,0.0,0.0,0.0,0.02530120481927711,0.0,0.0015694105473761388,True,63,5,5,0.011582365663292538
1009,0.0,0.0,0.00672713767713287,0.1650602409638554,0.17795637198622274,0.8621088517548332,False,411,9,9,1.0
1010,0.0,0.0,0.00012826822610631438,0.008433734939759036,0.013777267508610792,0.8413794117841077,True,21,5,5,1.0
1011,0.0,0.0,0.001672873462268451,0.1393574297188755,0.15729047072330654,0.48547567575404316,False,347,12,12,1.0
1012,0.0,0.0,0.00013495936604714635,0.01967871485943775,0.014925373134328358,0.9124688455765252,True,49,5,5,1.0
1013,0.0,0.0,0.004468051155063617,0.16586345381526105,0.16073478760045926,0.19145308194133565,False,413,10,10,0.7582300274904382
1014,0.0,0.0,0.00017649769958175037,0.03453815261044177,0.02870264064293915,0.041460925851119,True,86,8,8,0.20887116297792943
1015,0.0,0.0,0.006827091731435205,0.043373493975903614,0.08381171067738231,0.9998210733239042,False,108,5,5,1.0
1016,0.0,0.0,0.01003038004945785,0.15622489959839359,0.16762342135476463,0.1368187558063178,False,389,10,10,0.5700781491929909
1017,0.0,0.0,0.011089682601957746,0.07349397590361446,0.09988518943742825,0.9998478499168635,False,183,8,8,1.0
1018,0.0,0.0,0.0,0.002008032128514056,0.0,0.027764141115447682,True,5,2,2,0.14728987329149965
1019,0.0,0.0,0.002541208324798096,0.06506024096385542,0.07692307692307693,0.8107507122684796,False,162,8,8,1.0
1020,0.0,0.0,0.005163502520059161,0.061847389558232935,0.07807118254879448,0.9676589552269247,False,154,6,6,1.0
1021,0.0,0.0,5.1030865673792894e-05,0.04216867469879518,0.003444316877152698,0.012429114299692142,True,105,6,6,0.07205283651995445
1022,0.0,0.0,0.0,0.0024096385542168677,0.0,0.0077321329974821655,True,6,3,3,0.04700384800901013
1023,0.0,0.0,0.0037147731680861984,0.04457831325301205,0.08151549942594719,0.9998903142740928,False,111,5,5,1.0
1024,0.0,0.0,0.0031223915819692796,0.06224899598393574,0.09644087256027555,0.9985600108253626,False,155,10,10,1.0
1025,0.0,0.0,0.0003561187932366562,0.053413654618473895,0.014925373134328358,0.457127910866173,True,133,9,9,1.0
1026,0.0,0.0,0.0,0.010441767068273093,0.001148105625717566,1.8335915080601072e-06,True,26,4,4,2.7367037433732943e-05
1027,0.0,0.0,6.569138578681126e-05,0.05381526104417671,0.004592422502870264,9.632819940991294e-05,True,134,5,5,0.000879709583652173
1028,0.0,0.0,0.0,0.017670682730923693,0.010332950631458095,0.005726699230496567,True,44,6,6,0.03635999511426392
1029,0.0,0.0,0.0005658312876738858,0.03975903614457831,0.03903559127439724,0.5838526418902972,True,99,9,9,1.0
1030,0.0,0.0,0.0,0.021686746987951807,0.001148105625717566,0.005938393391506943,True,54,8,8,0.037584768300676856
1031,0.0,0.0,0.003763749904174166,0.08273092369477912,0.09529276693455797,0.8973477269219153,False,206,8,8,1.0
1032,0.0,0.0,0.0001404757336654476,0.027710843373493974,0.027554535017221583,0.9829585993286208,True,69,4,4,1.0
1033,0.0,0.0,0.0016400487178335039,0.07550200803212852,0.07921928817451206,0.5577564128987924,False,188,12,12,1.0
1034,0.0,0.0,0.006164242625359938,0.10481927710843374,0.13203214695752008,0.8357428011164242,False,261,8,8,1.0
1035,0.0,0.0,0.0029387774564675955,0.07269076305220884,0.09414466130884042,0.9900344507446333,False,181,6,6,1.0
1036,0.0,0.0,0.0017545496841954826,0.12931726907630522,0.11595866819747416,0.40727045791284644,False,322,7,7,1.0
1037,0.0,0.0,0.0013953815285972712,0.0393574297188755,0.05281285878300804,0.9979414233097447,False,98,5,5,1.0
1038,0.0,0.0,0.0018351437068625923,0.02891566265060241,0.0574052812858783,0.9974895408331775,False,72,6,6,1.0
1039,0.0,0.0,0.0077208899764399375,0.05582329317269076,0.07807118254879448,0.9917033810489481,False,139,7,7,1.0
1040,0.0,0.0,0.0031436200684460177,0.0819277108433735,0.09414466130884042,0.9909033767527025,False,204,12,12,1.0
1041,0.0,0.0,0.0016494764117930714,0.10321285140562249,0.12055109070034443,0.9973507499809927,False,257,6,6,1.0
1042,0.0,0.0,0.005978362785544039,0.11686746987951807,0.14580941446613088,0.9788274247624785,False,291,13,13,1.0
1043,0.0,0.0,7.60563408129665e-05,0.03614457831325301,0.012629161882893225,0.09311580503754863,True,90,3,3,0.419440563232201
1044,0.0,0.0,0.005229360138934823,0.15421686746987953,0.19862227324913892,0.9985933059532848,False,384,12,12,1.0
1045,0.0,0.0,0.0023840634465616874,0.1429718875502008,0.17221584385763491,0.9568946822220594,False,356,10,10,1.0
1046,0.0,0.0,0.00018988164320475392,0.04176706827309237,0.014925373134328358,0.31548031145860944,True,104,4,4,1.0
1047,0.0,0.0,0.0,0.00642570281124498,0.0,6.672586880034327e-08,True,16,4,4,1.689262501274513e-06
1048,0.0,0.0,0.00208811238507376,0.05421686746987952,0.06888633754305395,0.9040472658822681,False,135,8,8,1.0
1049,0.0,0.0,0.0012467367736080364,0.04417670682730924,0.05510907003444317,0.9850901477531707,False,110,7,7,1.0
1050,0.0,0.0,0.0018602362713355186,0.05461847389558233,0.06544202066590127,0.6937827254015265,False,136,8,8,1.0
1051,0.0,0.0,0.0,0.011646586345381526,0.0,4.05437986536227e-06,True,29,2,2,5.478891709949014e-05
1052,0.0,0.0,0.001766561334209756,0.06626506024096386,0.07347876004592423,0.5543899291334826,False,165,7,7,1.0
1053,0.0,0.0,0.0009821092672487996,0.030522088353413655,0.0505166475315729,0.9942594758090245,True,76,6,6,1.0
1054,0.0,0.0,0.0,0.014457831325301205,0.001148105625717566,0.0005993800797254204,True,36,4,4,0.004756984759725559
1055,0.0,0.0,0.0,0.009236947791164659,0.002296211251435132,0.0010045369322159053,True,23,4,4,0.007639064123314869
1056,0.0,0.0,0.0,0.03253012048192771,0.0,3.8591373258299455e-05,True,81,7,7,0.0003898118510939339
1057,0.0,0.0,6.523134453312497e-05,0.012048192771084338,0.021814006888633754,0.9857215460025803,True,30,4,4,1.0
1058,0.0,0.0,0.0033726164237772105,0.053413654618473895,0.06659012629161883,0.943882238365717,False,133,8,8,1.0
1059,0.0,0.0,0.00020146671205197568,0.03172690763052209,0.02870264064293915,0.41468544027570753,True,79,11,11,1.0
1060,0.0,0.0,0.0037503313302199143,0.05502008032128514,0.10332950631458095,0.9998377072135676,False,137,5,5,1.0
1061,0.0,0.0,0.0008889039855549481,0.05381526104417671,0.04707233065442021,0.737442527303455,True,134,8,8,1.0
1062,0.0,0.0,0.0,0.036947791164658635,0.0,3.976229755840081e-11,True,92,6,6,5.680328222628688e-09
1063,0.0,0.0,0.0015878638651085106,0.08995983935742972,0.07462686567164178,0.6246118604453791,False,224,8,8,1.0
1064,0.0,0.0,0.0,0.014056224899598393,0.0,4.729373448330596e-06,True,35,1,1,6.222859800434995e-05
1065,0.0,0.0,0.011128417523013506,0.1144578313253012,0.15040183696900114,0.8465798843543908,False,285,8,8,1.0
1066,0.0,0.0,0.0007153639360455992,0.02610441767068273,0.04822043628013777,0.9962819792503892,True,65,5,5,1.0
1067,0.0,0.0,0.00024995505875736155,0.00963855421686747,0.008036739380022962,0.8946370824963178,True,24,4,4,1.0
1068,0.0,0.0,0.0,0.017670682730923693,0.0,7.249718691349885e-05,True,44,5,5,0.0006871771271421692
1069,0.0,0.0,0.0029321000774160137,0.061847389558232935,0.07921928817451206,0.9707042290752222,False,154,12,12,1.0
1070,0.0,0.0,0.0011493225916831805,0.0321285140562249,0.05166475315729047,0.9997121273921455,False,80,4,4,1.0
1071,0.0,0.0,0.007746400048699737,0.08433734939759036,0.1285878300803674,0.9999955807450498,False,210,8,8,1.0
1072,0.0,0.0,0.009450770251340827,0.07028112449799197,0.08495981630309989,0.8903386467280034,False,175,11,11,1.0
1073,0.0,0.0,0.0,0.007630522088353414,0.0,5.1045741101719284e-09,True,19,5,5,2.0017937686948742e-07
1074,0.0,0.0,0.004494486523632916,0.07911646586345382,0.08610792192881746,0.8999060829217493,False,197,11,11,1.0
1075,0.0,0.0,0.0003016737708090387,0.0285140562248996,0.03673938002296211,0.8929002103043289,True,71,5,5,1.0
1076,0.0,0.0,0.0,0.024899598393574297,0.002296211251435132,1.667982475395155e-07,True,62,4,4,3.4749634904065725e-06
1077,0.0,0.0,0.005224403839572936,0.09879518072289156,0.1148105625717566,0.8007328180762852,False,246,8,8,1.0
1078,0.0,0.0,0.0012302816309491978,0.06947791164658634,0.0539609644087256,0.3128790966881689,False,173,12,12,1.0
1079,0.0,0.0,0.004573450499185859,0.06506024096385542,0.08840413318025259,0.9952450220582056,False,162,7,7,1.0
1080,0.0,0.0,0.0,0.013654618473895583,0.001148105625717566,6.674177965737721e-07,True,34,8,8,1.1426144308745018e-05
1081,0.0,0.0,0.0,0.021285140562248995,0.002296211251435132,0.0001789964501746231,True,53,5,5,0.0015296114761768655
1082,0.0,0.0,0.003893351515487189,0.08674698795180723,0.11710677382319173,0.9987799086673625,False,216,7,7,1.0
1083,0.0,0.0,8.334926254271156e-05,0.01927710843373494,0.024110218140068886,0.6754121529233139,True,48,4,4,1.0
1084,0.0,0.0,0.0,0.024497991967871485,0.001148105625717566,4.4903443367473845e-06,True,61,3,3,5.987125782329846e-05
1085,0.0,0.0,0.00014417336108038558,0.03413654618473896,0.010332950631458095,0.009905378043249289,True,85,12,12,0.058960583590769576
1086,0.0,0.0,0.0031101716534560385,0.05381526104417671,0.07462686567164178,0.9639725731539345,False,134,7,7,1.0
1087,0.0,0.0,0.0,0.030923694779116467,0.001148105625717566,7.361563122161884e-05,True,77,6,6,0.0006944870869964043
1088,0.0,0.0,0.0032683878192838515,0.06345381526104418,0.09070034443168772,0.9007327584454213,False,158,8,8,1.0
1089,0.0,0.0,0.0,0.010843373493975903,0.0,5.310689086082996e-07,True,27,3,3,9.48337336800535e-06
1090,0.0,0.0,0.0009187041349196561,0.04136546184738956,0.04936854190585534,0.9714477666882625,True,103,4,4,1.0
1091,0.0,0.0,0.001755895689292893,0.03654618473895582,0.05625717566016074,0.9992808453316736,False,91,6,6,1.0
1092,0.0,0.0,0.0,0.00963855421686747,0.004592422502870264,0.04790606135401405,True,24,4,4,0.23774720274944935
1093,0.0,0.0,0.0012545910897496567,0.03253012048192771,0.06199770378874857,0.9999819721894978,False,81,9,9,1.0
1094,0.0,0.0,0.0,0.008835341365461847,0.013777267508610792,0.4911821283066422,True,22,3,3,1.0
1095,0.0,0.0,9.418504144266007e-05,0.012449799196787148,0.024110218140068886,0.9991899762077163,True,31,6,6,1.0
1096,0.0,0.0,0.00032250209641091957,0.014457831325301205,0.04247990815154994,0.9999989187271515,True,36,5,5,1.0
1097,0.0,0.0,0.0,0.021686746987951807,0.0,9.845478492713073e-12,True,54,4,4,2.4613696231782683e-09
1098,0.0,0.0,0.0,0.012449799196787148,0.0,1.525885279852725e-07,True,31,3,3,3.2123900628478424e-06
1099,0.0,0.0,0.0004833683482115722,0.02530120481927711,0.04133180252583238,0.9983702268908146,True,63,4,4,1.0
1100,0.0,0.0,0.0009153188599877013,0.07028112449799197,0.045924225028702644,0.1263001197510391,True,175,7,7,0.5385932611984611
1101,0.0,0.0,0.0015841784989858014,0.0783132530120482,0.05970149253731343,0.319071562069386,False,195,13,13,1.0
1102,0.0,0.0,0.007449127555835675,0.12650602409638553,0.15614236509758897,0.9837643822074092,False,315,12,12,1.0
1103,0.0,0.0,0.011264282122246878,0.11244979919678715,0.12284730195177956,0.9803708431029157,False,280,11,11,1.0
1104,0.0,0.0,0.0002200744754012833,0.04457831325301205,0.04247990815154994,0.5040377289855805,True,111,4,4,1.0
1105,0.0,0.0,0.000755197929570636,0.018473895582329317,0.04822043628013777,0.9999928494306544,True,46,4,4,1.0
1106,0.0,0.0,2.7580120249324285e-05,0.018473895582329317,0.008036739380022962,0.0852914497492403,True,46,4,4,0.39124518233596467
1107,0.0,0.0,0.010845412721395647,0.09718875502008033,0.12399540757749714,0.9972594770832954,False,242,13,13,1.0
1108,0.0,0.0,0.0019374366041935765,0.10562248995983936,0.09644087256027555,0.5266707589066899,False,263,6,6,1.0
1109,0.0,0.0,0.0,0.018473895582329317,0.0,1.4673745413024495e-09,True,46,6,6,7.703632717805133e-08
1110,0.0,0.0,0.00233796790231329,0.20642570281124498,0.1928817451205511,0.46814442145614965,False,514,13,13,1.0
1111,0.0,0.0,0.00015297108503298517,0.017269076305220885,0.02640642939150402,0.9882162026200706,True,43,9,9,1.0
1112,0.0,0.0,0.005978601875264038,0.0927710843373494,0.12055109070034443,0.884371557203143,False,231,8,8,1.0
1113,0.0,0.0,0.000862002711311712,0.020481927710843374,0.04936854190585534,0.9999449930329178,True,51,5,5,1.0
1114,0.0,0.0,0.0,0.005622489959839358,0.010332950631458095,0.9948053869016532,True,14,4,4,1.0
1115,0.0,0.0,0.0,0.024899598393574297,0.003444316877152698,1.3786199269528829e-05,True,62,10,10,0.0001593780262373275
1116,0.0,0.0,0.002044418332628608,0.04899598393574297,0.06314580941446613,0.4386703877509215,False,122,10,10,1.0
1117,0.0,0.0,0.005537977701982541,0.13052208835341367,0.14695752009184845,0.8325149182757761,False,325,12,12,1.0
1118,0.0,0.0,0.007869214570556483,0.06546184738955824,0.11021814006888633,0.9980456466804688,False,163,8,8,1.0
1119,0.0,0.0,0.00025708818146646587,0.018473895582329317,0.030998851894374284,0.9943435936631748,True,46,6,6,1.0
1120,0.0,0.0,0.0,0.00963855421686747,0.0,8.210196009505206e-05,True,24,2,2,0.000763739163674903
1121,0.0,0.0,0.0,0.012449799196787148,0.0,0.030798679092669163,True,31,2,2,0.16082861144996952
1122,0.0,0.0,0.0,0.01325301204819277,0.0,8.222464455192681e-06,True,33,1,1,0.00010088913441954211
1123,0.0,0.0,0.0,0.004819277108433735,0.011481056257175661,0.9815396932260813,True,12,3,3,1.0
1124,0.0,0.0,0.0005071553346414619,0.027710843373493974,0.03559127439724455,0.9134596769083391,True,69,7,7,1.0
1125,0.0,0.0,0.0066620514376754415,0.13092369477911647,0.1377726750861079,0.7478087923200571,False,326,12,12,1.0
1126,0.0,0.0,7.316978443465896e-05,0.012449799196787148,0.027554535017221583,0.9915240447811446,True,31,4,4,1.0
1127,0.0,0.0,0.0,0.020481927710843374,0.030998851894374284,0.9236870660940875,True,51,4,4,1.0
1128,0.0,0.0,0.0,0.006827309236947791,0.0,0.005987959831451736,True,17,4,4,0.037778926381398965
1129,0.0,0.0,0.00011358160866157731,0.00040160642570281126,0.0,0.006412681579908121,True,1,1,1,0.040085349144764935
1130,0.0,0.0,0.0028354970822218927,0.06706827309236948,0.1148105625717566,0.9999059207680095,False,167,12,12,1.0
1131,0.0,0.0,0.006927672434271609,0.07269076305220884,0.1079219288174512,0.9947889750923007,False,181,12,12,1.0
1132,0.0,0.0,0.0003272734616357293,0.03775100401606426,0.04247990815154994,0.9300287873975026,True,94,5,5,1.0
1133,0.0,0.0,0.00023321611399042835,0.0357429718875502,0.03673938002296211,0.9058073534000697,True,89,10,10,1.0
1134,0.0,0.0,0.0,0.014859437751004016,0.0,4.723451382530222e-10,True,37,3,3,3.148967588353482e-08
1135,0.0,0.0,0.0,0.01285140562248996,0.0,1.2618054783531051e-05,True,32,2,2,0.00014672156725036104
1136,0.0,0.0,0.0,0.02971887550200803,0.0,1.6217989078890392e-13,True,74,5,5,1.0811992719260261e-10
1137,0.0,0.0,0.006515994072624345,0.0927710843373494,0.10677382319173363,0.7626369752663991,False,231,8,8,1.0
1138,0.0,0.0,0.0,0.01927710843373494,0.003444316877152698,7.110826597352665e-05,True,48,4,4,0.0006788755190196502
1139,0.0,0.0,7.526489768263462e-05,0.01646586345381526,0.011481056257175661,0.5773535820577728,True,41,6,6,1.0
1140,0.0,0.0,0.0017865479964848802,0.03614457831325301,0.06544202066590127,0.999874426064165,False,90,4,4,1.0
1141,0.0,0.0,0.0,0.023694779116465864,0.012629161882893225,0.02299927068322516,True,59,6,6,0.12398528670202241
1142,0.0,0.0,8.081907883074923e-05,0.018473895582329317,0.0057405281285878304,0.27825851407771285,True,46,6,6,0.9973423443645622
1143,0.0,0.0,0.002797197327452805,0.06586345381526104,0.09070034443168772,0.8230224129832393,False,164,10,10,1.0
1144,0.0,0.0,0.000879463646646369,0.0357429718875502,0.04707233065442021,0.994178321250813,True,89,7,7,1.0
1145,0.0,0.0,0.005948190750706612,0.04176706827309237,0.07921928817451206,0.9998640153819812,False,104,6,6,1.0
1146,0.0,0.0,0.011306437873578011,0.10200803212851406,0.11710677382319173,0.836451593666586,False,254,10,10,1.0
1147,0.0,0.0,0.003564452148178375,0.09518072289156626,0.09644087256027555,0.7720399093483439,False,237,8,8,1.0
1148,0.0,0.0,0.0004614355117647242,0.03253012048192771,0.03444316877152698,0.22708549667216,True,81,9,9,0.8734057564313846
1149,0.0,0.0,0.0006627250671482625,0.03734939759036145,0.04707233065442021,0.854240274968443,True,93,8,8,1.0
1150,0.0,0.0,0.0005214546968228832,0.03132530120481928,0.04362801377726751,0.9730906428241134,True,78,5,5,1.0
1151,0.0,0.0,0.0,0.021686746987951807,0.0,2.0305064265292422e-08,True,54,3,3,5.801446932940693e-07
1152,0.0,0.0,0.001693698649181636,0.04257028112449799,0.06199770378874857,0.9177219593896104,False,106,5,5,1.0
1153,0.0,0.0,0.0005652862607150185,0.01967871485943775,0.03444316877152698,0.999936743197857,True,49,8,8,1.0
1154,0.0,0.0,0.0008565023115525417,0.03614457831325301,0.04707233065442021,0.440171831574154,True,90,8,8,1.0
1155,0.0,0.0,0.0026756437307795633,0.046586345381526104,0.06314580941446613,0.9705832576888194,False,116,11,11,1.0
1156,0.0,0.0,0.0,0.008433734939759036,0.0,1.4613113584682476e-10,True,21,2,2,1.484446889328959e-08
1157,0.0,0.0,0.0030982121891072415,0.01566265060240964,0.060849598163030996,0.99999847568347,False,39,7,7,1.0
1158,0.0,0.0,0.005123936564798651,0.142570281124498,0.1653272101033295,0.7901503740169007,False,355,8,8,1.0
1159,0.0,0.0,0.0,0.013654618473895583,0.02066590126291619,0.9771622548851968,True,34,2,2,1.0
1160,0.0,0.0,0.0030698007197010177,0.1176706827309237,0.11595866819747416,0.5027194445253792,False,293,10,10,1.0
1161,0.0,0.0,0.0002443424516149124,0.029317269076305223,0.022962112514351322,0.008101466779169526,True,73,9,9,0.04895146090132644
1162,0.0,0.0,0.004100554216579264,0.05100401606425703,0.07347876004592423,0.9890486982821811,False,127,6,6,1.0
1163,0.0,0.0,0.00035648465854453787,0.03815261044176707,0.03903559127439724,0.5589652630498504,True,95,5,5,1.0
1164,0.0,0.0,0.00669174360035305,0.09839357429718876,0.14695752009184845,0.9893670949700331,False,245,8,8,1.0
1165,0.0,0.0,0.00018386565858726043,0.03654618473895582,0.001148105625717566,0.11275744141994953,True,91,12,12,0.4902497453041284
1166,0.0,0.0,0.003520436565631547,0.13253012048192772,0.1377726750861079,0.5884189979688512,False,330,10,10,1.0
1167,0.0,0.0,0.0,0.00321285140562249,0.0,0.005072872128660788,True,8,5,5,0.03262297188849381
1168,0.0,0.0,0.004765424064889143,0.046586345381526104,0.060849598163030996,0.983591224459423,False,116,5,5,1.0
1169,0.0,0.0,0.00020612989895202278,0.012449799196787148,0.022962112514351322,0.9999988961062692,True,31,4,4,1.0
1170,0.0,0.0,0.004114016716257197,0.05903614457831325,0.0677382319173364,0.9429795045731957,False,147,6,6,1.0
1171,0.0,0.0,0.0,0.03172690763052209,0.03903559127439724,0.9098858522162414,True,79,3,3,1.0
1172,0.0,0.0,0.008796175724939972,0.08393574297188755,0.1113662456946039,0.9976700890528295,False,209,11,11,1.0
1173,0.0,0.0,0.0,0.01285140562248996,0.0,2.6410702134702407e-10,True,32,5,5,2.198734967970576e-08
1174,0.0,0.0,0.0,0.0024096385542168677,0.0,0.0017375106961218104,True,6,3,3,0.012682559825706645
1175,0.0,0.0,0.0,0.014457831325301205,0.0,1.5754002347986818e-06,True,36,2,2,2.3869700527252754e-05
1176,0.0,0.0,0.004353840329683277,0.0855421686746988,0.09070034443168772,0.7276275311145579,False,213,6,6,1.0
1177,0.0,0.0,0.005202017705501263,0.06144578313253012,0.08610792192881746,0.9959723531685926,False,153,6,6,1.0
1178,0.0,0.0,0.004354150400496517,0.09518072289156626,0.09414466130884042,0.8028861537438459,False,237,7,7,1.0
1179,0.0,0.0,0.001202919479146478,0.040160642570281124,0.0539609644087256,0.9638935064323819,False,100,10,10,1.0
1180,0.0,0.0,0.003530112884196953,0.0606425702811245,0.07577497129735936,0.977884484246231,False,151,4,4,1.0
1181,0.0,0.0,0.0007214628073481282,0.0429718875502008,0.045924225028702644,0.9998624470554802,True,107,6,6,1.0
1182,0.0,0.0,0.0004994970727438374,0.020481927710843374,0.03214695752009185,0.6101308189892793,True,51,7,7,1.0
1183,0.0,0.0,0.0014890995837110762,0.05582329317269076,0.0677382319173364,0.7380734610224625,False,139,5,5,1.0
1184,0.0,0.0,0.0,0.017670682730923693,0.011481056257175661,0.8776244334520583,True,44,2,2,1.0
1185,0.0,0.0,0.005203376655008805,0.06345381526104418,0.07347876004592423,0.8940681716298634,False,158,5,5,1.0
1186,0.0,0.0,0.007068797047893184,0.06626506024096386,0.10218140068886337,0.9541449045057769,False,165,12,12,1.0
1187,0.0,0.0,0.00014045955175279022,0.018072289156626505,0.02525832376578645,0.9818990545114029,True,45,8,8,1.0
1188,0.0,0.0,0.0,0.029317269076305223,0.001148105625717566,0.0002260236882102017,True,73,6,6,0.001869433376324448
1189,0.0,0.0,0.0001504049736329515,0.02891566265060241,0.029850746268656716,0.5984409568424927,True,72,5,5,1.0
1190,0.0,0.0,0.0018736596353690089,0.10160642570281124,0.08955223880597014,0.8095381582126282,False,253,14,14,1.0
1191,0.0,0.0,0.0,0.0012048192771084338,0.009184845005740528,0.9999999998545623,True,3,2,2,1.0
1192,0.0,0.0,6.725673099944765e-05,0.010441767068273093,0.01722158438576349,0.9999600386505044,True,26,5,5,1.0
1193,0.0,0.0,0.003111737879120485,0.05823293172690763,0.07003444316877153,0.969570238431435,False,145,6,6,1.0
1194,0.0,0.0,0.018679252598182546,0.09076305220883533,0.1285878300803674,0.998469493454367,False,226,11,11,1.0
1195,0.0,0.0,0.00048270992439232164,0.03775100401606426,0.04707233065442021,0.7015057722148599,True,94,9,9,1.0
1196,0.0,0.0,0.007101232565589996,0.09759036144578313,0.1354764638346728,0.9942477316928855,False,243,11,11,1.0
1197,0.0,0.0,0.000917281689671025,0.046586345381526104,0.04362801377726751,0.5117720832488065,True,116,10,10,1.0
1198,0.0,0.0,0.008252841419395005,0.0819277108433735,0.12284730195177956,0.988204754543724,False,204,8,8,1.0
1199,0.0,0.0,0.0,0.01606425702811245,0.001148105625717566,0.0016512717526909265,True,40,8,8,0.01214170406390387
1200,0.0,0.0,0.0,0.009236947791164659,0.0,0.0006080396378445885,True,23,3,3,0.004806637453316905
1201,0.0,0.0,0.0007688386989281638,0.06144578313253012,0.04362801377726751,0.7175772479632312,True,153,11,11,1.0
1202,0.0,0.0,0.0001698069845890811,0.03614457831325301,0.01722158438576349,0.003469534690181298,True,90,5,5,0.02336386996755083
1203,0.0,0.0,0.006712892573704958,0.09558232931726908,0.10677382319173363,0.9731367104048244,False,238,6,6,1.0
1204,0.0,0.0,0.00152597142296658,0.14216867469879518,0.13892078071182548,0.3090622093702814,False,354,9,9,1.0
1205,0.0,0.0,0.031968995221678176,0.11646586345381527,0.15384615384615385,0.9991150865232848,False,290,12,12,1.0
1206,0.0,0.0,0.005910026464144902,0.09036144578313253,0.10218140068886337,0.9512763811650332,False,225,6,6,1.0
1207,0.0,0.0,0.0,0.01285140562248996,0.018369690011481057,0.8515760428460126,True,32,5,5,1.0
1208,0.0,0.0,0.005982314688231063,0.0927710843373494,0.1148105625717566,0.9327258146379007,False,231,8,8,1.0
1209,0.0,0.0,0.003200076794767163,0.16947791164658635,0.18828932261768083,0.806258704009833,False,422,9,9,1.0
1210,0.0,0.0,0.0,0.014859437751004016,0.001148105625717566,0.0038642221315143064,True,37,4,4,0.025761480876762045
1211,0.0,0.0,0.004002003462058704,0.1502008032128514,0.1618828932261768,0.7781771054865871,False,374,12,12,1.0
1212,0.0,0.0,0.0004540428285430806,0.024899598393574297,0.03444316877152698,0.9963333323096847,True,62,5,5,1.0
1213,0.0,0.0,0.00019194472168860692,0.023293172690763052,0.022962112514351322,0.6671721779735351,True,58,12,12,1.0
1214,0.0,0.0,0.00016663612285864118,0.027309236947791166,0.024110218140068886,0.7824046437617214,True,68,4,4,1.0
1215,0.0,0.0,4.7560914547252773e-05,0.002811244979919679,0.011481056257175661,0.871214655896229,True,7,5,5,1.0
1216,0.0,0.0,0.0008495269526771494,0.03734939759036145,0.03788748564867968,0.9788361774966367,True,93,7,7,1.0
1217,0.0,0.0,0.002439521909388431,0.051807228915662654,0.07462686567164178,0.8842216414100289,False,129,6,6,1.0
1218,0.0,0.0,8.076583409449508e-05,0.03775100401606426,0.01722158438576349,0.09362249466967526,True,94,5,5,0.42077525694236073
1219,0.0,0.0,0.0,0.014859437751004016,0.003444316877152698,0.0377926571980429,True,37,4,4,0.19287391974667895
1220,0.0,0.0,0.005413053666368434,0.0642570281124498,0.07692307692307693,0.9724749108469406,False,160,9,9,1.0
1221,0.0,0.0,0.005642926220900334,0.05903614457831325,0.07807118254879448,0.9485835089442032,False,147,6,6,1.0
1222,0.0,0.0,0.006136671823087123,0.05582329317269076,0.09988518943742825,0.9990981993780716,False,139,7,7,1.0
1223,0.0,0.0,8.96878834318832e-05,0.029317269076305223,0.029850746268656716,0.6162495130665904,True,73,9,9,1.0
1224,0.0,0.0,0.0,0.03734939759036145,0.004592422502870264,2.945835921095312e-05,True,93,4,4,0.00031172866889897483
1225,0.0,0.0,4.710874568788637e-05,0.014859437751004016,0.0,0.004959636262754854,True,37,4,4,0.032101205584173814
1226,0.0,0.0,0.00010763369999591417,0.03453815261044177,0.0,0.010529955039968395,True,86,7,7,0.06230742627200234
1227,0.0,0.0,0.0037471786627302247,0.07710843373493977,0.1079219288174512,0.9526509528146716,False,192,8,8,1.0
1228,0.0,0.0,0.0004825748295777606,0.009236947791164659,0.009184845005740528,0.8716292628478213,True,23,5,5,1.0
1229,0.0,0.0,0.00108171579782795,0.07269076305220884,0.05855338691159587,0.2918660263360863,False,181,8,8,1.0
1230,0.0,0.0,0.0012288168063559867,0.04096385542168675,0.05855338691159587,0.9954059038283909,False,102,7,7,1.0
1231,0.0,0.0,0.0018992531858490638,0.04176706827309237,0.07462686567164178,0.9672515149381994,False,104,6,6,1.0
1232,0.0,0.0,0.008492097806783474,0.13012048192771083,0.1354764638346728,0.5380422811022754,False,324,9,9,1.0
1233,0.0,0.0,0.0014004504686952433,0.03614457831325301,0.05510907003444317,0.9260096955062473,False,90,5,5,1.0
1234,0.0,0.0,0.0,0.012048192771084338,0.0,5.166817126444234e-07,True,30,4,4,9.309580408007629e-06
1235,0.0,0.0,0.0009461068174535289,0.048594377510040164,0.0505166475315729,0.5683779652918831,True,121,10,10,1.0
1236,0.0,0.0,0.0003270848580993409,0.04939759036144578,0.040183696900114814,0.2307617587964642,True,123,6,6,0.882454144537148
1237,0.0,0.0,0.00010782681040761267,0.018473895582329317,0.0057405281285878304,0.923837674680912,True,46,5,5,1.0
1238,0.0,0.0,0.0,0.008835341365461847,0.0,7.70089549534654e-07,True,22,4,4,1.2834825825577568e-05
1239,0.0,0.0,0.0018114557042225178,0.04899598393574297,0.07347876004592423,0.9997625637813364,False,122,9,9,1.0
1240,0.0,0.0,0.00019850134146485597,0.02248995983935743,0.021814006888633754,0.5258880054708286,True,56,6,6,1.0
1241,0.0,0.0,0.00181805783060197,0.03734939759036145,0.07577497129735936,0.9997124381131498,False,93,7,7,1.0
1242,0.0,0.0,0.00026132491386069253,0.01566265060240964,0.022962112514351322,0.9999798975052161,True,39,4,4,1.0
1243,0.0,0.0,0.00033290494402551756,0.020481927710843374,0.030998851894374284,0.9999994275510748,True,51,5,5,1.0
1244,0.0,0.0,0.00024090938504847063,0.03734939759036145,0.004592422502870264,0.024936360377200664,True,93,14,14,0.13334952073369338
1245,0.0,0.0,0.006830379104051288,0.2397590361445783,0.27210103329506313,0.8602735915806423,False,597,13,13,1.0
1246,0.0,0.0,0.0004310119358405984,0.012048192771084338,0.03214695752009185,0.8981431086463548,True,30,5,5,1.0
1247,0.0,0.0,0.00030809082983820744,0.0024096385542168677,0.0,0.9381003538334662,True,6,2,2,1.0
1248,8.451656524678837e-05,8.745463441415927e-05,0.0015225374470359066,0.08674698795180723,0.08151549942594719,0.2525813511501269,False,216,18,18,0.9459975698506625
1249,0.0,0.0,0.00012494311585150742,0.030522088353413655,0.014925373134328358,0.19711685974994414,True,76,6,6,0.7775813007887343
1250,0.0,0.0,0.002332658376502891,0.04096385542168675,0.09184845005740529,0.9947716732465669,False,102,4,4,1.0
1251,0.0,0.0,0.0008210069993828576,0.04979919678714859,0.045924225028702644,0.9446209537267816,True,124,12,12,1.0
1252,0.0,0.0,0.0,0.01967871485943775,0.0,6.327309363928556e-08,True,49,2,2,1.643456977643781e-06
1253,0.0,0.0,0.0008434474214878411,0.04417670682730924,0.04362801377726751,0.2596313450345358,True,110,18,18,0.9562848804218629
1254,0.0,0.0,0.00011156851840179596,0.02248995983935743,0.02640642939150402,0.7854341135933816,True,56,5,5,1.0
1255,0.0,0.0,0.001342632170662458,0.05582329317269076,0.05166475315729047,0.3334534518791505,False,139,5,5,1.0
1256,0.0,0.0,0.0,0.023694779116465864,0.001148105625717566,5.57208741916476e-05,True,59,7,7,0.0005462830803102706
1257,0.0,0.0,0.0007442318847507878,0.06546184738955824,0.040183696900114814,0.09444137811483944,True,163,13,13,0.42350393773470596
1258,0.0,0.0,0.0019732392548075105,0.06345381526104418,0.08036739380022963,0.9996461859328871,False,158,7,7,1.0
1259,0.0,0.0,0.0,0.008835341365461847,0.004592422502870264,1.6445537111271989e-09,True,22,10,10,8.022213225010726e-08
1260,0.0,0.0,0.0008510971773211103,0.048594377510040164,0.045924225028702644,0.7499182160451586,True,121,8,8,1.0
1261,0.0,0.0,0.0026088786072422207,0.13734939759036144,0.13432835820895522,0.9445743918995632,False,342,9,9,1.0
1262,0.0,0.0,0.0,0.009236947791164659,0.0,0.00011788064031483447,True,23,3,3,0.0010491151618481445
1263,0.0,0.0,0.0,0.001606425702811245,0.0,0.019140792703161897,True,4,1,1,0.10545891296507931
1264,0.0,0.0,0.004779904926968574,0.07590361445783132,0.08495981630309989,0.8546636391166827,False,189,6,6,1.0
1265,0.0,0.0,0.00020754993275761246,0.0321285140562249,0.040183696900114814,0.9693386773484721,True,80,2,2,1.0
1266,0.0,0.0,0.0024381970318562455,0.06104417670682731,0.06314580941446613,0.9857248089640055,False,152,5,5,1.0
1267,0.0,0.0,0.0,0.008433734939759036,0.0,0.030151023945767023,True,21,5,5,0.15827309157882952
1268,5.4010261949770455e-05,6.524796910294845e-05,0.0010653343966250477,0.0819277108433735,0.0642939150401837,0.062216744363563184,False,204,13,13,0.29983973187259366
1269,0.0,0.0,0.011742932078466942,0.0678714859437751,0.09873708381171067,0.9925761408844531,False,169,7,7,1.0
1270,0.0,0.0,0.0016423932343244338,0.0859437751004016,0.07462686567164178,0.19816499023389572,False,214,13,13,0.7801771269051013
1271,0.0,0.0,0.004130345832982659,0.1465863453815261,0.14006888633754305,0.8902147431432206,False,365,13,13,1.0
1272,0.0,0.0,0.0010006750874041914,0.040562248995983936,0.0505166475315729,0.9996071323994461,False,101,7,7,1.0
1273,0.0,0.0,0.0,0.046987951807228916,0.001148105625717566,1.723969370558201e-05,True,117,3,3,0.00019479879893313006
1274,0.0,0.0,6.322864502304989e-05,0.01325301204819277,0.004592422502870264,0.8006157602703012,True,33,6,6,1.0
1275,0.0,0.0,0.0008050813607096557,0.046586345381526104,0.04707233065442021,0.9856520810143705,True,116,8,8,1.0
1276,0.0,0.0,9.7675484698374e-05,0.02971887550200803,0.006888633754305396,6.865447037067751e-07,True,74,12,12,1.1636350910284324e-05
1277,0.0,0.0,0.0,0.024096385542168676,0.003444316877152698,0.0001125420301317976,True,60,7,7,0.001013892163349528
1278,0.0,0.0,0.008004866815668591,0.07028112449799197,0.1148105625717566,0.9959580394846829,False,175,8,8,1.0
1279,0.0,0.0,0.0,0.009236947791164659,0.014925373134328358,0.30012652024463515,True,23,8,8,1.0
1280,0.0,0.0,0.0,0.017269076305220885,0.0,2.2802832024859793e-07,True,43,4,4,4.560566404971958e-06
1281,0.0,0.0,0.0,0.010040160642570281,0.001148105625717566,0.000161310770038134,True,25,3,3,0.001390610086535638
1282,0.0,0.0,0.00013285901300860576,0.01967871485943775,0.021814006888633754,0.9912698809085696,True,49,5,5,1.0
1283,0.0,0.0,0.0004791664780737809,0.02289156626506024,0.03329506314580941,0.980284120995101,True,57,6,6,1.0
1284,0.0,0.0,0.0,0.01566265060240964,0.0,1.5136833271498704e-09,True,39,3,3,7.703632717805133e-08
1285,0.0,0.0,0.003964688893242724,0.1783132530120482,0.19517795637198623,0.8261951267887326,False,444,9,9,1.0
1286,0.0,0.0,0.0,0.012048192771084338,0.0,1.7494373789027009e-09,True,30,5,5,8.183343326381071e-08
1287,0.0,0.0,0.0,0.011244979919678716,0.0,3.092696465739738e-06,True,28,7,7,4.4181378081996255e-05
1288,0.0,0.0,0.0004101792929276076,0.018473895582329317,0.03329506314580941,0.9970309171518021,True,46,6,6,1.0
1289,0.0,0.0,0.0020516176616922717,0.046987951807228916,0.05970149253731343,0.05401501503798886,False,117,6,6,0.2660838179211274
1290,0.0,0.0,0.00034541117147229774,0.017670682730923693,0.04477611940298507,0.9671383920135754,True,44,6,6,1.0
1291,0.0,0.0,0.000509065516866749,0.026907630522088354,0.04247990815154994,0.8923722986200763,True,67,11,11,1.0
1292,0.0,0.0,0.00024278757905308186,0.0012048192771084338,0.002296211251435132,0.11704191685580684,True,3,1,1,0.5055806343663362
1293,0.0,0.0,0.0001019468107188587,0.026907630522088354,0.02640642939150402,0.7122621347868336,True,67,10,10,1.0
1294,0.0,0.0,0.0025121875091276462,0.05783132530120482,0.0711825487944891,0.9898930406229776,False,144,12,12,1.0
1295,0.0,0.0,0.0,0.006024096385542169,0.0,0.003936577854072411,True,15,3,3,0.026070052013724577
1296,0.0,0.0,0.0,0.00963855421686747,0.016073478760045924,0.8070434919870484,True,24,4,4,1.0
1297,0.0,0.0,5.5836989947670705e-05,0.024096385542168676,0.006888633754305396,0.054990878031149895,True,60,6,6,0.2696455934446745
1298,0.0,0.0,0.0,0.014056224899598393,0.0,1.1635310123648288e-07,True,35,2,2,2.6130734183871224e-06
1299,0.0,0.0,0.00030400998329277765,0.021285140562248995,0.03214695752009185,0.9995907782474845,True,53,4,4,1.0
1300,0.0,0.0,0.0011492540744991167,0.023694779116465864,0.05510907003444317,0.9999920638481686,False,59,4,4,1.0
1301,0.0,0.0,0.0053208996371939665,0.06586345381526104,0.09529276693455797,0.9490211006228357,False,164,8,8,1.0
1302,0.0,0.0,0.008811251425658903,0.08714859437751005,0.11251435132032148,0.9290748797130453,False,217,11,11,1.0
1303,0.0,0.0,0.0004901000885986157,0.026907630522088354,0.03559127439724455,0.9951513395582221,True,67,7,7,1.0
1304,5.800127602807262e-05,9.16927233408073e-05,0.0028324230281812136,0.1855421686746988,0.18484500574052812,0.056950177007194194,False,462,27,27,0.27848497314031395
1305,0.0,0.0,0.0,0.00642570281124498,0.003444316877152698,0.32201276606217266,True,16,1,1,1.0
1306,0.0,0.0,0.00013132711951966815,0.005622489959839358,0.02870264064293915,0.9999998819785487,True,14,4,4,1.0
1307,0.0,0.0,0.0017440858004528679,0.048594377510040164,0.06314580941446613,0.9520064878276107,False,121,10,10,1.0
1308,0.0,0.0,2.5605571772417678e-05,0.027710843373493974,0.03673938002296211,0.9768720963616687,True,69,2,2,1.0
1309,0.0,0.0,0.002786924977674277,0.1710843373493976,0.21125143513203215,0.35862589371785736,False,426,15,15,1.0
1310,0.0,0.0,0.0017759998636376706,0.13132530120481928,0.16073478760045926,0.8214380738444482,False,327,13,13,1.0
1311,0.0,0.0,0.0001787354589216247,0.020080321285140562,0.009184845005740528,0.32861618681626753,True,50,6,6,1.0
1312,0.0,0.0,0.0023027955602812067,0.08634538152610442,0.08725602755453502,0.5274067257573851,False,215,7,7,1.0
1313,0.0,0.0,0.002723394297157682,0.0570281124497992,0.07462686567164178,0.8062708355738477,False,142,8,8,1.0
1314,0.0,0.0,0.00020650454984217725,0.02289156626506024,0.014925373134328358,0.5676111905737109,True,57,6,6,1.0
1315,0.0,0.0,0.0008518234593033264,0.04538152610441767,0.04822043628013777,0.8590620898662249,True,113,9,9,1.0
1316,0.0,0.0,0.0017898559373079829,0.048594377510040164,0.06199770378874857,0.9850593963776989,False,121,6,6,1.0
1317,0.0,0.0,0.0024787264184403706,0.21365461847389558,0.22158438576349024,0.5521329723220324,False,532,13,13,1.0
1318,0.0,0.0,0.0004145619879743161,0.04618473895582329,0.02870264064293915,0.7984449071730625,True,115,7,7,1.0
1319,0.0,0.0,0.0004322007594339174,0.02610441767068273,0.040183696900114814,0.9954357507092014,True,65,5,5,1.0
1320,0.0,0.0,0.0005872108282902308,0.02289156626506024,0.04477611940298507,0.9175139051216643,True,57,8,8,1.0
1321,0.0,0.0,0.0022456648911024293,0.18353413654618475,0.18025258323765786,0.14033867405367834,False,457,9,9,0.581112521961401
1322,0.0,0.0,0.00885911205505404,0.14698795180722893,0.19517795637198623,0.9993199460494513,False,366,13,13,1.0
1323,0.0,0.0,0.004650784663489275,0.17309236947791165,0.1756601607347876,0.41203794700501206,False,431,8,8,1.0
1324,0.0,0.0,8.470505783487832e-05,0.010040160642570281,0.010332950631458095,0.8107931502984738,True,25,3,3,1.0
1325,0.0,0.0,0.0026847268718952055,0.05903614457831325,0.08840413318025259,0.9573999136177114,False,147,8,8,1.0
1326,0.0,0.0,0.0002647207701476801,0.030923694779116467,0.03903559127439724,0.9993610128506484,True,77,3,3,1.0
1327,0.0,0.0,4.822664353424786e-05,0.009236947791164659,0.02525832376578645,0.9897867605774797,True,23,5,5,1.0
1328,0.0,0.0,0.0009725217647481102,0.03855421686746988,0.04936854190585534,0.9641525070515551,True,96,6,6,1.0
1329,0.0,0.0,0.0037560479336574536,0.046987951807228916,0.07577497129735936,0.9992778209116249,False,117,7,7,1.0
1330,0.0,0.0,0.0,0.009236947791164659,0.0,9.280657949548784e-05,True,23,2,2,0.0008526683496786172
1331,0.0,0.0,0.009374667321238934,0.017269076305220885,0.0677382319173364,0.9999999327890109,False,43,6,6,1.0
1332,0.0,0.0,0.0034625504640978565,0.12690763052208837,0.14925373134328357,0.9611395948402307,False,316,12,12,1.0
1333,0.0,0.0,0.003308922246298783,0.12811244979919678,0.11710677382319173,0.4439201354590531,False,319,8,8,1.0
1334,0.0,0.0,0.001742963541671133,0.05622489959839357,0.07347876004592423,0.9703973607476531,False,140,8,8,1.0
1335,0.0,0.0,0.00015385140441800737,0.06907630522088354,0.012629161882893225,0.006601747708387569,True,172,6,6,0.04113238447593501
1336,0.0,0.0,0.00047621491141215894,0.020883534136546186,0.040183696900114814,0.9999025357954356,True,52,4,4,1.0
1337,0.0,0.0,0.0,0.011244979919678716,0.0,0.0035439006435532563,True,28,3,3,0.023784568077538634
1338,0.0,0.0,0.005364640870496026,0.05903614457831325,0.09070034443168772,0.9958319064849798,False,147,8,8,1.0
1339,0.0,0.0,0.00010439827044694926,0.0008032128514056225,0.0,0.589168375612822,True,2,1,1,1.0
1340,0.0,0.0,0.001750540528367222,0.04257028112449799,0.0574052812858783,0.9969852548379892,False,106,8,8,1.0
1341,0.0,0.0,0.00021660583095860474,0.02650602409638554,0.03559127439724455,0.9529083801089612,True,66,9,9,1.0
1342,0.0,0.0,0.0,0.029317269076305223,0.029850746268656716,0.7915127663938539,True,73,4,4,1.0
1343,0.0,0.0,0.0,0.027710843373493974,0.003444316877152698,1.8285179227901294e-05,True,69,7,7,0.0002043036785240368
1344,0.0,0.0,0.0,0.014859437751004016,0.0,8.935592057274134e-07,True,37,3,3,1.4529417979307537e-05
1345,0.0,0.0,0.0019893415104529927,0.05502008032128514,0.07462686567164178,0.8853766981297552,False,137,7,7,1.0
1346,0.0,0.0,0.009866805716337853,0.12088353413654618,0.13662456946039037,0.9576691371788585,False,301,11,11,1.0
1347,0.0,0.0,6.250590283613558e-05,0.009236947791164659,0.02525832376578645,0.8286931845073371,True,23,4,4,1.0
1348,0.0,0.0,0.0036295276376372447,0.05903614457831325,0.09070034443168772,0.9995035557724512,False,147,8,8,1.0
1349,0.0,0.0,0.0018191015064075097,0.026907630522088354,0.060849598163030996,0.9998143802480938,False,67,8,8,1.0
1350,0.0,0.0,0.0,0.001606425702811245,0.0057405281285878304,0.3006841803219793,True,4,1,1,1.0
1351,0.0,0.0,0.01980553345714854,0.10642570281124498,0.14006888633754305,0.9835921650771074,False,265,11,11,1.0
1352,0.0,0.0,0.0004271874605331535,0.013654618473895583,0.03214695752009185,0.9999584039151487,True,34,5,5,1.0
1353,0.0,0.0,0.0020536223352237365,0.10281124497991968,0.13203214695752008,0.9845930866215149,False,256,10,10,1.0
1354,0.0,0.0,0.0012303178877772333,0.05943775100401606,0.05625717566016074,0.6345595536488731,False,148,10,10,1.0
1355,0.0,0.0,0.00014017178409208696,0.010843373493975903,0.018369690011481057,0.9277412489255904,True,27,4,4,1.0
1356,0.0,0.0,0.0,0.0036144578313253013,0.0,0.022428444162962424,True,9,1,1,0.12123483331331039
1357,0.0,0.0,0.0013385707394390463,0.046987951807228916,0.07347876004592423,0.995950145461258,False,117,11,11,1.0
1358,0.0,0.0,0.007295945024461538,0.10040160642570281,0.12973593570608496,0.9544732321080117,False,250,8,8,1.0
1359,0.0,0.0,0.0,0.008835341365461847,0.002296211251435132,0.024312377374488835,True,22,8,8,0.13036127278546292
1360,0.0,0.0,0.003621492409587257,0.06305220883534136,0.08381171067738231,0.9291057295270786,False,157,8,8,1.0
1361,0.0,0.0,5.116631585119247e-05,0.012449799196787148,0.011481056257175661,0.43347979048764346,True,31,6,6,1.0
1362,0.0,0.0,0.008302172067094264,0.12248995983935743,0.14810562571756603,0.7987087077816151,False,305,9,9,1.0
1363,0.0,0.0,0.0,0.005220883534136547,0.0,3.3268416414398907e-06,True,13,2,2,4.685692452732241e-05
1364,0.0,0.0,0.0,0.0008032128514056225,0.0,0.016336237793547426,True,2,1,1,0.0928195329178831
1365,0.0,0.0,0.0024237576637141252,0.08634538152610442,0.12055109070034443,0.8986389977280087,False,215,10,10,1.0
1366,0.0,0.0,0.00802781283527799,0.13132530120481928,0.15614236509758897,0.9847366491522246,False,327,12,12,1.0
1367,0.0,0.0,0.0011914775338879016,0.05622489959839357,0.05625717566016074,0.3305031045558354,False,140,9,9,1.0
1368,0.0,0.0,0.0036423860785539195,0.0927710843373494,0.10562571756601608,0.9312259392183522,False,231,7,7,1.0
1369,0.0,0.0,0.0,0.014457831325301205,0.008036739380022962,0.19084706033523202,True,36,5,5,0.757329604504889
1370,0.0,0.0,0.00011999818513672969,0.016867469879518072,0.02525832376578645,0.9826174210780018,True,42,6,6,1.0
1371,0.0,0.0,0.0007834417106649261,0.0321285140562249,0.04822043628013777,0.9505315459320763,True,80,4,4,1.0
1372,0.0,0.0,0.0048105142491069825,0.0859437751004016,0.09184845005740529,0.9637494587142513,False,214,7,7,1.0
1373,0.0,0.0,5.7508024492868216e-05,0.02248995983935743,0.03329506314580941,0.22380712319430862,True,56,5,5,0.8641201667733923
1374,0.0,0.0,0.0,0.02208835341365462,0.013777267508610792,0.3872961901330569,True,55,8,8,1.0
1375,0.0,0.0,0.0,0.0285140562248996,0.006888633754305396,0.00011802545570791624,True,71,7,7,0.0010491151618481445
1376,0.0,0.0,0.006833800420193036,0.09799196787148594,0.12055109070034443,0.9065621657373212,False,244,8,8,1.0
1377,0.0,0.0,0.0017883539559029457,0.06626506024096386,0.08036739380022963,0.7446190536128401,False,165,8,8,1.0
1378,0.0,0.0,0.0,0.005622489959839358,0.004592422502870264,0.5833361875086729,True,14,4,4,1.0
1379,0.0,0.0,0.0003883734645584653,0.03172690763052209,0.03903559127439724,0.27289633005666336,True,79,8,8,0.9876944596292409
1380,0.0,0.0,0.0021483827424659896,0.036947791164658635,0.0711825487944891,0.9999652525211238,False,92,5,5,1.0
1381,0.0,0.0,0.0017425651492807997,0.048594377510040164,0.0642939150401837,0.8473171126469418,False,121,11,11,1.0
1382,0.0,0.0,0.00012712780629431492,0.023694779116465864,0.03329506314580941,0.9786231995247058,True,59,5,5,1.0
1383,0.0,0.0,0.0054589643781801055,0.07991967871485944,0.11366245694603903,0.9351078403230901,False,199,8,8,1.0
1384,0.0,0.0,0.0006206143863200367,0.03895582329317269,0.04133180252583238,0.02560882606790566,True,97,8,8,0.13658040569549684
1385,0.0,0.0,0.00122395597275347,0.05943775100401606,0.05281285878300804,0.8971431043138399,False,148,4,4,1.0
1386,0.0,0.0,0.003265359171813932,0.06746987951807229,0.08725602755453502,0.9957742243633712,False,168,6,6,1.0
1387,0.0,0.0,0.0028083398838697625,0.07550200803212852,0.08725602755453502,0.34117819654728854,False,188,9,9,1.0
1388,0.0,0.0,0.00044748895740177365,0.04779116465863454,0.03329506314580941,0.015143465527813748,True,119,8,8,0.08653408873036428
1389,0.0,0.0,0.002487430075782316,0.06345381526104418,0.1044776119402985,0.9839541900506206,False,158,9,9,1.0
1390,0.0,0.0,0.0,0.005220883534136547,0.012629161882893225,0.8676797255958333,True,13,1,1,1.0
1391,0.0,0.0,0.0016285010927398547,0.08072289156626505,0.07462686567164178,0.8311862687530074,False,201,8,8,1.0
1392,0.0,0.0,0.0,0.020481927710843374,0.013777267508610792,0.016400857986705597,True,51,9,9,0.09292270813997505
1393,0.0,0.0,0.0021172216827233317,0.06947791164658634,0.08151549942594719,0.7443612734649654,False,173,8,8,1.0
1394,0.0,0.0,0.0,0.009236947791164659,0.0,8.455785910459428e-06,True,23,5,5,0.00010311934037145644
1395,0.0,0.0,0.007168871697869604,0.1180722891566265,0.1285878300803674,0.9575715708705388,False,294,12,12,1.0
1396,0.0,0.0,6.0092564215581814e-05,0.014056224899598393,0.012629161882893225,0.998002727800248,True,35,4,4,1.0
1397,0.0,0.0,0.0,0.010843373493975903,0.011481056257175661,0.7462459235821166,True,27,4,4,1.0
1398,0.0,0.0,0.0,0.017269076305220885,0.0,6.958496134339331e-10,True,43,4,4,4.093233020199607e-08
1399,0.0,0.0,0.0,0.02208835341365462,0.02525832376578645,0.8599386111542402,True,55,5,5,1.0
1400,0.0,0.0,0.0007630131962643557,0.05140562248995984,0.04477611940298507,0.94054407030549,True,128,9,9,1.0
1401,0.0,0.0,0.00039269973329519555,0.04216867469879518,0.027554535017221583,0.6052529457397433,True,105,11,11,1.0
1402,0.0,0.0,0.0006573290244478684,0.011646586345381526,0.006888633754305396,0.5456323317728523,True,29,10,10,1.0
1403,0.0,0.0,0.0031625423920286257,0.0963855421686747,0.09644087256027555,0.7328105222412802,False,240,11,11,1.0
1404,0.0,0.0,0.0,0.03253012048192771,0.0,2.4264201092830567e-14,True,81,4,4,4.8528402185661135e-11
1405,0.0,0.0,0.016810065268243843,0.10602409638554217,0.13892078071182548,0.9777239337590514,False,264,8,8,1.0
1406,0.0,0.0,0.002997560345837282,0.04216867469879518,0.07462686567164178,0.9999402442723595,False,105,11,11,1.0
1407,0.0,0.0,0.002164659859165965,0.05903614457831325,0.09299655568312284,0.9971254211712265,False,147,7,7,1.0
1408,0.0,0.0,0.0002609627424565124,0.04538152610441767,0.021814006888633754,0.24793631447550218,True,113,9,9,0.9338467588531155
1409,0.0,0.0,0.005047459057676064,0.12610441767068273,0.1423650975889782,0.764545908942705,False,314,9,9,1.0
1410,0.0,0.0,0.0,0.011646586345381526,0.018369690011481057,0.9596791322348023,True,29,6,6,1.0
1411,0.0,0.0,0.0,0.011244979919678716,0.0,1.3213578123959654e-07,True,28,3,3,2.87251698346949e-06
1412,0.0,0.0,0.0,0.020883534136546186,0.0,4.449440577753496e-09,True,52,3,3,1.8539335740639566e-07
1413,0.0,0.0,0.0,0.021686746987951807,0.0,6.452780316503795e-14,True,54,4,4,6.452780316503794e-11
1414,0.0,0.0,0.004143222451334028,0.06947791164658634,0.1044776119402985,0.9804039153214166,False,173,8,8,1.0
1415,0.0,0.0,0.003247067504887492,0.05783132530120482,0.08610792192881746,0.9994928185789909,False,144,12,12,1.0
1416,0.0,0.0,0.0,0.014859437751004016,0.002296211251435132,0.0013622572057320407,True,37,5,5,0.01020417382570817
1417,0.0,0.0,0.0008206026303722961,0.03253012048192771,0.04477611940298507,0.9962734547549684,True,81,9,9,1.0
1418,0.0,0.0,0.0002711983166709932,0.02289156626506024,0.03559127439724455,0.9988623983009665,True,57,3,3,1.0
1419,0.0,0.0,0.0,0.01887550200803213,0.0,4.611256232745537e-09,True,47,3,3,1.8690097694677654e-07
1420,0.0,0.0,0.0,0.020883534136546186,0.002296211251435132,1.267958519202961e-07,True,52,6,6,2.7867220202262876e-06
1421,0.0,0.0,0.004341637102896173,0.059839357429718874,0.07577497129735936,0.9911074676172378,False,149,6,6,1.0
1422,0.0,0.0,0.00023599378289963446,0.02610441767068273,0.03214695752009185,0.7100297576510833,True,65,9,9,1.0
1423,0.0,0.0,0.00016643065924234332,0.023694779116465864,0.04133180252583238,0.9399811642138752,True,59,5,5,1.0
1424,0.0,0.0,0.005144558016470738,0.08032128514056225,0.1044776119402985,0.995998683381779,False,200,8,8,1.0
1425,0.0,0.0,0.000396779087408099,0.07550200803212852,0.03329506314580941,0.002688870239378002,True,188,9,9,0.018803288387258758
1426,0.0,0.0,0.000270987827617781,0.004819277108433735,0.03673938002296211,0.999999937572332,True,12,4,4,1.0
1427,0.0,0.0,7.041790066374972e-05,0.030522088353413655,0.03788748564867968,0.9661223922201865,True,76,3,3,1.0
1428,0.0,0.0,0.0019515376610825892,0.13855421686746988,0.1446613088404133,0.5616184427716183,False,345,13,13,1.0
1429,0.0,0.0,0.0,0.017269076305220885,0.016073478760045924,0.6566625169175138,True,43,3,3,1.0
1430,0.0,0.0,6.159189044304764e-05,0.0285140562248996,0.024110218140068886,0.25529412834944554,True,71,5,5,0.9508161204821063
1431,0.0,0.0,0.0010529283298537433,0.04497991967871486,0.05281285878300804,0.848063875765122,False,112,9,9,1.0
1432,0.0,0.0,0.0002845274898356635,0.020080321285140562,0.024110218140068886,0.9980231694226548,True,50,6,6,1.0
1433,0.0,0.0,0.00019224523362651217,0.0285140562248996,0.02066590126291619,0.030653165100896933,True,71,10,10,0.16048777539736614
1434,0.0,0.0,0.0,0.018072289156626505,0.002296211251435132,0.009181971082833605,True,45,3,3,0.054981862771458716
1435,0.0,0.0,0.0,0.020481927710843374,0.0,7.085588239360361e-06,True,51,4,4,8.969099037165013e-05
1436,0.0,0.0,0.0,0.012449799196787148,0.009184845005740528,0.758187260217728,True,31,6,6,1.0
1437,0.0,0.0,0.003148358940065676,0.06907630522088354,0.08725602755453502,0.6600488221021068,False,172,8,8,1.0
1438,0.0,0.0,0.002539518307619411,0.06746987951807229,0.08151549942594719,0.9271642987000245,False,168,8,8,1.0
1439,0.0,0.0,0.0058699464473660895,0.06144578313253012,0.08381171067738231,0.9117882629734873,False,153,8,8,1.0
1440,0.0,0.0,0.0,0.024096385542168676,0.0057405281285878304,0.24986371393355233,True,60,8,8,0.9393372704268885
1441,0.0,0.0,0.0022043170134928153,0.12449799196787148,0.12973593570608496,0.21375095573473873,False,310,9,9,0.8341637191742294
1442,0.0,0.0,0.0006718352128644629,0.028112449799196786,0.04362801377726751,0.9999562415026492,True,70,5,5,1.0
1443,0.0,0.0,0.0006770260969916218,0.030522088353413655,0.04133180252583238,0.9369916017277152,True,76,6,6,1.0
1444,0.0,0.0,0.0,0.0024096385542168677,0.001148105625717566,0.1644728590526553,True,6,1,1,0.6672326939255793
1445,0.0,0.0,0.0,0.01887550200803213,0.014925373134328358,0.7688556071478967,True,47,3,3,1.0
1446,0.0,0.0,0.00012826396159056747,0.01887550200803213,0.02525832376578645,0.979793128920475,True,47,5,5,1.0
1447,0.0,0.0,0.0,0.002008032128514056,0.0,0.002332161201509306,True,5,3,3,0.01659901211038652
1448,0.0,0.0,0.005979519102490125,0.07550200803212852,0.07233065442020666,0.8542900569407073,False,188,10,10,1.0
1449,0.0,0.0,0.003905627177822373,0.10522088353413654,0.12055109070034443,0.9699347652870363,False,262,10,10,1.0
1450,0.0,0.0,0.0004766895084291629,0.03253012048192771,0.04362801377726751,0.9491066120932158,True,81,5,5,1.0
1451,0.0,0.0,0.009119162921857184,0.048594377510040164,0.09299655568312284,0.9992534675892939,False,121,6,6,1.0
1452,0.0,0.0,5.4436056367274135e-05,0.008433734939759036,0.002296211251435132,0.2562958160460487,True,21,6,6,0.9527725503570582
1453,0.0,0.0,5.9739345433462615e-05,0.015261044176706828,0.021814006888633754,0.9679364548810526,True,38,5,5,1.0
1454,0.0,0.0,0.0003324903960423403,0.036947791164658635,0.03673938002296211,0.5418614420181421,True,92,8,8,1.0
1455,0.0,0.0,0.0,0.008032128514056224,0.0,2.359115716284127e-06,True,20,3,3,3.443964549319893e-05
1456,0.0,0.0,0.0033078974376477034,0.07550200803212852,0.08610792192881746,0.9597156192701515,False,188,13,13,1.0
1457,0.0,0.0,0.0008301076660929098,0.010843373493975903,0.04707233065442021,0.9997052089199888,True,27,3,3,1.0
1458,0.0,0.0,0.004239874382011842,0.12409638554216867,0.13203214695752008,0.23299918574747447,False,309,15,15,0.8876159457046646
1459,0.0,0.0,0.0,0.021285140562248995,0.0,1.502593630581563e-11,True,53,3,3,3.005187261163126e-09
1460,0.0,0.0,0.0,0.010040160642570281,0.0,1.400738781809785e-07,True,25,2,2,2.980295280446351e-06
1461,0.0,0.0,0.0009688446790989365,0.07429718875502007,0.04936854190585534,0.42004539462569723,True,185,10,10,1.0
1462,8.248102936324645e-05,8.69678655381878e-05,0.0007149318723499366,0.01646586345381526,0.016073478760045924,0.1465123639856158,True,41,9,9,0.6016934865939046
1463,0.0,0.0,0.00032618687601682387,0.02650602409638554,0.03329506314580941,0.9487127757821631,True,66,6,6,1.0
1464,0.0,0.0,0.0001507682231081185,0.021686746987951807,0.006888633754305396,0.8580681881094405,True,54,6,6,1.0
1465,0.0,0.0,0.007875321697600145,0.07590361445783132,0.09758897818599312,0.9840367585041021,False,189,8,8,1.0
1466,0.0,0.0,8.405033152634529e-05,0.011646586345381526,0.010332950631458095,0.9964758691708724,True,29,5,5,1.0
1467,0.0,0.0,0.00031233835098544405,0.0429718875502008,0.029850746268656716,0.5498680656896306,True,107,10,10,1.0
1468,0.0,0.0,0.00677586073765517,0.06947791164658634,0.09184845005740529,0.9869901060019561,False,173,9,9,1.0
1469,0.0,0.0,0.0,0.012449799196787148,0.0,0.00012276908732729945,True,31,3,3,0.001086452100241588
1470,0.0,0.0,0.0,0.012449799196787148,0.001148105625717566,4.416173736154661e-05,True,31,5,5,0.0004416173736154661
1471,0.0,0.0,9.983197483197484e-05,0.018473895582329317,0.03559127439724455,0.9845088108065125,True,46,4,4,1.0
1472,0.0,0.0,0.0006557600903563856,0.04819277108433735,0.04362801377726751,0.6719099649673862,True,120,6,6,1.0
1473,0.0,0.0,0.000682079005920235,0.03293172690763052,0.04362801377726751,0.9975817349611568,True,82,10,10,1.0
1474,0.0,0.0,0.003378917727370612,0.12610441767068273,0.11710677382319173,0.5619664373387461,False,314,12,12,1.0
1475,0.0,0.0,7.920378129084671e-05,0.007228915662650603,0.02640642939150402,0.999999799642131,True,18,5,5,1.0
1476,0.0,0.0,0.0,0.017670682730923693,0.0057405281285878304,0.0002199504733942419,True,44,7,7,0.0018405897355166685
1477,0.0,0.0,0.0030222499757238067,0.09518072289156626,0.11366245694603903,0.9042268418206985,False,237,8,8,1.0
1478,0.0,0.0,0.00047185200499770465,0.02891566265060241,0.027554535017221583,0.8851418390966044,True,72,8,8,1.0
1479,0.0,0.0,0.0,0.024899598393574297,0.001148105625717566,0.00010875007152741354,True,62,4,4,0.0009841635432345115
1480,0.0,0.0,0.0,0.012048192771084338,0.001148105625717566,0.004108152010446789,True,30,4,4,0.02711651492044085
1481,0.0,0.0,0.0,0.01927710843373494,0.0,7.899820569303445e-08,True,48,5,5,1.9505729800749246e-06
1482,0.0,0.0,0.0006327106325029824,0.030522088353413655,0.04477611940298507,0.7647252311236642,True,76,6,6,1.0
1483,0.0,0.0,0.0,0.01927710843373494,0.002296211251435132,5.645443115893348e-05,True,48,5,5,0.0005507749381359364
1484,0.0,0.0,0.002258979232142912,0.04819277108433735,0.07577497129735936,0.99979603407206,False,120,6,6,1.0
1485,0.0,0.0,2.2545880867565496e-05,0.013654618473895583,0.02066590126291619,0.9506711830380333,True,34,4,4,1.0
1486,0.0,0.0,0.0,0.014457831325301205,0.021814006888633754,0.870951888618943,True,36,3,3,1.0
1487,0.0,0.0,0.002051772212232664,0.05060240963855422,0.06314580941446613,0.9152950011429739,False,126,12,12,1.0
1488,0.0,0.0,0.0,0.010040160642570281,0.002296211251435132,0.08666812194940787,True,25,4,4,0.39625789212942214
1489,0.0,0.0,0.0013085258087514092,0.04979919678714859,0.06314580941446613,0.9844459539517828,False,124,9,9,1.0
1490,0.0,0.0,0.010944517759200894,0.01887550200803213,0.07462686567164178,0.9999420715719002,False,47,7,7,1.0
1491,0.0,0.0,0.00136287340275743,0.06867469879518072,0.06199770378874857,0.22356594742617608,False,171,6,6,0.8641201667733923
1492,0.0,0.0,0.004313623887522145,0.1393574297188755,0.14925373134328357,0.8382285646571386,False,347,12,12,1.0
1493,0.0,0.0,0.0030711654348678508,0.046586345381526104,0.08610792192881746,0.9990316969223029,False,116,7,7,1.0
1494,0.0,0.0,0.0007926989715643684,0.02570281124497992,0.04477611940298507,0.9981234584143448,True,64,5,5,1.0
1495,0.0,0.0,0.001106556531926341,0.0642570281124498,0.05625717566016074,0.8617269475144482,False,160,7,7,1.0
1496,0.0,0.0,0.0013419174230184972,0.05622489959839357,0.05510907003444317,0.7227241876847309,False,140,11,11,1.0
1497,0.0,0.0,0.005088849779235071,0.056626506024096385,0.07577497129735936,0.9824840758098612,False,141,5,5,1.0
1498,0.0,0.0,0.002176407157014549,0.09598393574297188,0.13432835820895522,0.6992907445438465,False,239,8,8,1.0
1499,0.0,0.0,0.005107726809868155,0.051807228915662654,0.07921928817451206,0.9969520065731217,False,129,6,6,1.0
1500,0.0,0.0,0.0022214876664765583,0.04819277108433735,0.06544202066590127,0.9705850152498883,False,120,6,6,1.0
1501,0.0,0.0,0.0004025700387714142,0.01967871485943775,0.01722158438576349,0.9997229829663618,True,49,5,5,1.0
1502,0.0,0.0,0.0007537243076774281,0.03734939759036145,0.04936854190585534,0.9163737661647458,True,93,10,10,1.0
1503,0.0,0.0,0.0,0.005220883534136547,0.0,0.06342746852622394,True,13,2,2,0.30420848214016283
1504,0.0,0.0,0.0,0.01967871485943775,0.0,7.716161942956556e-06,True,49,3,3,9.526125855501921e-05
1505,0.0,0.0,0.010112953034037326,0.12008032128514057,0.14351320321469574,0.9448391240365412,False,299,12,12,1.0
1506,0.0,0.0,0.0001490969780166377,0.01927710843373494,0.02525832376578645,0.9931190911144917,True,48,5,5,1.0
1507,0.0,0.0,0.0014681259671715215,0.04176706827309237,0.08840413318025259,0.7857780270257727,False,104,8,8,1.0
1508,0.0,0.0,0.0005665141335312646,0.06104417670682731,0.03788748564867968,0.38888732047476954,True,152,9,9,1.0
1509,0.0,0.0,0.006979617654227442,0.05140562248995984,0.09184845005740529,0.9974727464816914,False,128,7,7,1.0
1510,0.0,0.0,9.282684218974433e-05,0.01285140562248996,0.024110218140068886,0.9837983880717446,True,32,4,4,1.0
1511,0.0,0.0,0.00046819962209511927,0.023293172690763052,0.02525832376578645,0.8025933998454877,True,58,8,8,1.0
1512,0.0,0.0,0.0035299397161750374,0.06666666666666667,0.08381171067738231,0.9584555197543778,False,166,13,13,1.0
1513,0.0,0.0,0.000997582318662388,0.03895582329317269,0.0505166475315729,0.936417273722762,True,97,7,7,1.0
1514,0.0,0.0,0.0025083189100840167,0.08995983935742972,0.10218140068886337,0.9932016065835326,False,224,8,8,1.0
1515,0.0,0.0,0.0039765045112650586,0.07550200803212852,0.08151549942594719,0.8280262131984357,False,188,8,8,1.0
1516,0.0,0.0,6.0247010529072956e-05,0.023293172690763052,0.004592422502870264,0.07683246018323274,True,58,4,4,0.3590301877721156
1517,0.0,0.0,0.000254477208385024,0.02971887550200803,0.040183696900114814,0.9841011968850583,True,74,4,4,1.0
1518,0.0,0.0,0.0003563491911010595,0.01325301204819277,0.040183696900114814,0.9976073524732456,True,33,6,6,1.0
1519,0.0,0.0,9.59389476261561e-05,0.011244979919678716,0.024110218140068886,0.9997550842295411,True,28,3,3,1.0
1520,0.0,0.0,6.396055225985362e-05,0.015261044176706828,0.011481056257175661,0.9506089844247878,True,38,8,8,1.0
1521,0.0,0.0,0.007033129602942258,0.0895582329317269,0.1354764638346728,0.9842347571206285,False,223,8,8,1.0
1522,0.0,0.0,6.873403776566314e-05,0.01646586345381526,0.013777267508610792,0.9961823880873586,True,41,2,2,1.0
1523,0.0,0.0,4.913643861912687e-05,0.014056224899598393,0.0,0.30187396528893906,True,35,3,3,1.0
1524,0.0,0.0,0.0,0.008835341365461847,0.0,5.400763521752909e-07,True,22,5,5,9.558873489828158e-06
1525,0.0,0.0,0.006977061401354289,0.09076305220883533,0.1182548794489093,0.9919620452212884,False,226,8,8,1.0
1526,0.0,0.0,5.52195917521958e-05,0.04417670682730924,0.003444316877152698,0.00020111218798100504,True,110,6,6,0.0016971492656624898
1527,0.0,0.0,0.00459707783608352,0.08353413654618475,0.09988518943742825,0.9510071135322458,False,208,6,6,1.0
1528,0.0,0.0,0.0,0.007228915662650603,0.0,0.0029745097151709465,True,18,7,7,0.020234759967149296
1529,0.0,0.0,0.0001714177405600614,0.020481927710843374,0.02525832376578645,0.7889196226662364,True,51,5,5,1.0
1530,0.0,0.0,0.0007937554628110236,0.03654618473895582,0.03329506314580941,0.1684497153188963,True,91,6,6,0.680604910379379
1531,0.0,0.0,0.0,0.00642570281124498,0.004592422502870264,0.028457583581717433,True,16,6,6,0.15056922530009223
1532,0.0,0.0,0.0,0.020080321285140562,0.0,7.645896724027597e-08,True,50,3,3,1.911474181006899e-06
1533,0.0,0.0,0.0017320788182232248,0.043775100401606426,0.06659012629161883,0.9998251696630673,False,109,6,6,1.0
1534,0.0,0.0,0.002682289946011846,0.058634538152610445,0.08610792192881746,0.9821074106086918,False,146,5,5,1.0
1535,0.0,0.0,0.001462437714683091,0.043373493975903614,0.0574052812858783,0.9792395763367667,False,108,6,6,1.0
1536,0.0,0.0,0.0,0.017670682730923693,0.0,9.509006014588253e-09,True,44,3,3,3.396073576638662e-07
1537,0.0,0.0,0.0,0.008835341365461847,0.0,0.00018049415418887012,True,22,1,1,0.0015296114761768655
1538,0.0,0.0,0.0021428276358171185,0.053413654618473895,0.060849598163030996,0.7868072073655334,False,133,6,6,1.0
1539,0.0,0.0,0.0,0.004417670682730923,0.008036739380022962,0.9385179304082553,True,11,3,3,1.0
1540,0.0,0.0,0.0008167503029167414,0.046586345381526104,0.04247990815154994,0.7990384366766541,True,116,8,8,1.0
1541,0.0,0.0,0.002656981053059149,0.07309236947791165,0.08151549942594719,0.5569501997758356,False,182,8,8,1.0
1542,0.0,0.0,0.0,0.02891566265060241,0.011481056257175661,0.0014479573326242384,True,72,8,8,0.010765482026946011
1543,0.0,0.0,0.0,0.01646586345381526,0.001148105625717566,0.0026740727167639667,True,41,3,3,0.018765422573782223
1544,0.0,0.0,0.0011078392996984833,0.04497991967871486,0.05166475315729047,0.49372127908603175,False,112,9,9,1.0
1545,0.0,0.0,0.0023490457995665325,0.05783132530120482,0.09873708381171067,0.9873392125501101,False,144,8,8,1.0
1546,0.0,0.0,0.0063323484262883,0.07911646586345382,0.12055109070034443,0.9921464282082115,False,197,8,8,1.0
1547,0.0,0.0,0.0102605236298037,0.08514056224899598,0.1182548794489093,0.9567697022611754,False,212,8,8,1.0
1548,0.0,0.0,0.0,0.007228915662650603,0.003444316877152698,0.07736309274198941,True,18,4,4,0.35982833833483446
1549,0.0,0.0,0.0021031576332523295,0.05943775100401606,0.07233065442020666,0.9551729068351653,False,148,8,8,1.0
1550,0.0,0.0,0.00016819495734798803,0.020080321285140562,0.02870264064293915,0.92242810922338,True,50,5,5,1.0
1551,0.0,0.0,0.0,0.008835341365461847,0.011481056257175661,0.8606801348979443,True,22,3,3,1.0
1552,0.0,0.0,0.001780098136711012,0.048594377510040164,0.07462686567164178,0.997587579983556,False,121,9,9,1.0
1553,0.0,0.0,0.00024972848363467886,0.030923694779116467,0.01951779563719862,0.5429984512307765,True,77,9,9,1.0
1554,0.0,0.0,7.793705259210773e-05,0.023694779116465864,0.02066590126291619,0.300483780725867,True,59,6,6,1.0
1555,0.0,0.0,0.00021644586642971146,0.011646586345381526,0.0057405281285878304,0.2622690278211238,True,29,10,10,0.9624551479674269
1556,0.0,0.0,0.001443855877967976,0.05622489959839357,0.06314580941446613,0.9732133821864714,False,140,6,6,1.0
1557,0.0,0.0,0.0005018535516251865,0.030923694779116467,0.03788748564867968,0.9515478828553163,True,77,2,2,1.0
1558,0.0,0.0,0.0,0.009236947791164659,0.0,1.8823761072056907e-05,True,23,2,2,0.00020685451727535064
1559,0.0,0.0,0.0003981973112449653,0.04176706827309237,0.021814006888633754,0.597300017587643,True,104,10,10,1.0
1560,0.0,0.0,0.0,0.01606425702811245,0.0,3.4880104784234165e-06,True,40,3,3,4.8444589978103005e-05
1561,0.0,0.0,0.008722295489765695,0.12971887550200803,0.1377726750861079,0.9922091702280945,False,323,6,6,1.0
1562,0.0,0.0,4.5535132641436616e-05,0.03815261044176707,0.001148105625717566,0.007148712452701251,True,95,6,6,0.04412785464630402
1563,0.0,0.0,0.0019696256221205057,0.059839357429718874,0.06544202066590127,0.9943096119296285,False,149,8,8,1.0
1564,0.0,0.0,0.000184774844484487,0.02971887550200803,0.03444316877152698,0.3722340076598796,True,74,5,5,1.0
1565,0.0,0.0,0.00014938043002951236,0.04096385542168675,0.02066590126291619,0.44509974173649375,True,102,11,11,1.0
1566,0.0,0.0,0.0,0.008032128514056224,0.0,4.390934221638519e-07,True,20,1,1,7.98351676661549e-06
1567,0.0,0.0,0.0,0.027710843373493974,0.0,5.888602637932478e-05,True,69,6,6,0.000571708993974027
1568,0.0,0.0,0.0006327304553580815,0.030923694779116467,0.021814006888633754,0.6897506982951065,True,77,9,9,1.0
1569,0.0,0.0,0.0,0.01646586345381526,0.0,2.4895941009765856e-07,True,41,4,4,4.929889308864526e-06
1570,0.0,0.0,0.0,0.013654618473895583,0.0,6.122679437613499e-07,True,34,4,4,1.0648138152371301e-05
1571,0.0,0.0,0.0,0.013654618473895583,0.003444316877152698,7.6149692545350805e-06,True,34,5,5,9.459589136068424e-05
1572,0.0,0.0,0.00018234554906978784,0.01606425702811245,0.010332950631458095,0.6016161859849501,True,40,6,6,1.0
1573,0.0,0.0,0.0,0.017269076305220885,0.010332950631458095,0.03848025974194359,True,43,6,6,0.19521375220658446
1574,0.0,0.0,0.002104458145170373,0.05421686746987952,0.0574052812858783,0.9044745497676354,False,135,6,6,1.0
1575,0.0,0.0,0.004486461451017783,0.09397590361445783,0.08381171067738231,0.7732608730690316,False,234,12,12,1.0
1576,0.0,0.0,0.0,0.020080321285140562,0.002296211251435132,2.5673826054862835e-05,True,50,5,5,0.0002775548762687874
1577,0.0,0.0,0.0012534943349409454,0.050200803212851405,0.06659012629161883,0.35239481212313284,False,125,7,7,1.0
1578,0.0,0.0,0.009039720228981548,0.08393574297188755,0.12743972445464982,0.9999287489679364,False,209,12,12,1.0
1579,0.0,0.0,8.703359594498304e-05,0.0,0.0,0.858561712798838,True,0,0,0,1.0
1580,0.0,0.0,0.0,0.008835341365461847,0.003444316877152698,0.005290069738518892,True,22,2,2,0.0338023625464466
1581,0.0,0.0,0.0,0.02971887550200803,0.003444316877152698,0.0045714931298278475,True,74,5,5,0.02993989080619987
1582,0.0,0.0,0.0021625512461171297,0.04176706827309237,0.06544202066590127,0.9958075102114873,False,104,7,7,1.0
1583,0.0,0.0,0.0013224597703634065,0.06465863453815261,0.06314580941446613,0.20508837721073275,False,161,8,8,0.8058482405136846
1584,0.0,0.0,0.00022987651785918257,0.0321285140562249,0.029850746268656716,0.86295776005208,True,80,6,6,1.0
1585,0.0,0.0,0.0065226389574467615,0.08875502008032128,0.1044776119402985,0.872709847531866,False,221,8,8,1.0
1586,0.0,0.0,0.0008568642282934353,0.05742971887550201,0.04133180252583238,0.5928198250192191,True,143,14,14,1.0
1587,0.0,0.0,0.0008557739829901234,0.04979919678714859,0.04477611940298507,0.9134568728196135,True,124,13,13,1.0
1588,0.0,0.0,0.003986313760192425,0.03654618473895582,0.08610792192881746,0.9997864956157754,False,91,4,4,1.0
1589,0.0,0.0,0.006031230589079962,0.04176706827309237,0.06199770378874857,0.9366992787303837,False,104,10,10,1.0
1590,0.0,0.0,0.0003146591884475452,0.013654618473895583,0.016073478760045924,0.9959637318173706,True,34,9,9,1.0
1591,0.0,0.0,0.00021722882004111368,0.02208835341365462,0.024110218140068886,0.8088664819519836,True,55,7,7,1.0
1592,0.0,0.0,0.00527692900198032,0.08755020080321285,0.10677382319173363,0.9949145267547745,False,218,12,12,1.0
1593,0.0,0.0,0.0,0.006024096385542169,0.006888633754305396,0.09757842693636432,True,15,6,6,0.43603730433273136
1594,0.0,0.0,0.0,0.007228915662650603,0.0,1.8430195460795713e-05,True,18,3,3,0.0002047799495643968
1595,0.0,0.0,0.0012234122789423197,0.04979919678714859,0.05281285878300804,0.7065581695060985,False,124,5,5,1.0
1596,0.0,0.0,0.0,0.01646586345381526,0.02525832376578645,0.9341133817404579,True,41,1,1,1.0
1597,0.0,0.0,0.0,0.023694779116465864,0.001148105625717566,0.0006306343517103887,True,59,5,5,0.004926830872737412
1598,0.0,0.0,0.0,0.014056224899598393,0.016073478760045924,0.5126915226937729,True,35,5,5,1.0
1599,0.0,0.0,0.009054636886860827,0.09236947791164658,0.1251435132032147,0.9942840824871636,False,230,11,11,1.0
1600,0.0,0.0,0.0003503747012773375,0.01887550200803213,0.02640642939150402,0.7259088672392221,True,47,8,8,1.0
1601,0.0,0.0,6.588710167964074e-05,0.024899598393574297,0.014925373134328358,0.24097260792718012,True,62,10,10,0.9127750300271974
1602,0.0,0.0,0.0011152366565070125,0.05903614457831325,0.05625717566016074,0.6209697355966847,False,147,8,8,1.0
1603,0.0,0.0,0.0022553615821890916,0.08433734939759036,0.08151549942594719,0.7159760801719882,False,210,13,13,1.0
1604,0.0,0.0,0.0,0.008835341365461847,0.003444316877152698,0.14599648910570423,True,22,4,4,0.6008085971428158
1605,0.0,0.0,0.0,0.016867469879518072,0.001148105625717566,0.00022139604567436818,True,42,5,5,0.0018449670472864017
1606,0.0,0.0,0.0010333029287509102,0.03293172690763052,0.05166475315729047,0.9969584656774604,False,82,8,8,1.0
1607,0.0,0.0,3.2461208855417776e-05,0.020080321285140562,0.03673938002296211,0.9888374109163448,True,50,4,4,1.0
1608,0.0,0.0,0.0013425711704908264,0.05943775100401606,0.05510907003444317,0.7857048315369219,False,148,11,11,1.0
1609,0.0,0.0,2.5566293398783044e-05,0.001606425702811245,0.022962112514351322,0.9999999986484139,True,4,2,2,1.0
1610,0.0,0.0,0.0030223797556881834,0.09718875502008033,0.10332950631458095,0.8432170654030255,False,242,7,7,1.0
1611,0.0,0.0,0.0014959396822906948,0.1598393574297189,0.1584385763490241,0.38068870712738395,False,398,14,14,1.0
1612,0.0,0.0,0.002517780925394415,0.15261044176706828,0.19632606199770378,0.9797109082012203,False,380,13,13,1.0
1613,0.0,0.0,0.00019541221515010667,0.015261044176706828,0.029850746268656716,0.998974348081959,True,38,5,5,1.0
1614,0.0,0.0,0.0,0.02570281124497992,0.02870264064293915,0.5968687702132173,True,64,3,3,1.0
1615,0.0,0.0,0.0,0.0,0.004592422502870264,0.9985843973726447,True,0,0,0,1.0
1616,0.0,0.0,0.008765864754731869,0.17028112449799196,0.1859931113662457,0.6211152985070203,False,424,8,8,1.0
1617,0.0,0.0,8.689670285834804e-05,0.012449799196787148,0.01951779563719862,0.9754434646315792,True,31,5,5,1.0
1618,0.0,0.0,0.00034294915485348203,0.018072289156626505,0.03788748564867968,0.9949842906336802,True,45,5,5,1.0
1619,0.0,0.0,0.0,0.028112449799196786,0.02640642939150402,0.07338669274764147,True,70,6,6,0.3460538136782625
1620,0.0,0.0,0.008481796102255225,0.0714859437751004,0.08955223880597014,0.9924931685457781,False,178,8,8,1.0
1621,0.0,0.0,0.0,0.001606425702811245,0.0,0.05814379081603719,True,4,3,3,0.28362824788310825
1622,0.0,0.0,0.004134692363267139,0.05823293172690763,0.09184845005740529,0.9845722496318556,False,145,7,7,1.0
1623,0.0,0.0,0.0038278244285963516,0.058634538152610445,0.08151549942594719,0.9962168864133022,False,146,8,8,1.0
1624,0.0,0.0,0.00402369967798314,0.15421686746987953,0.16417910447761194,0.5635240722630239,False,384,16,16,1.0
1625,0.0,0.0,0.0,0.021285140562248995,0.0,1.985202958071689e-06,True,53,2,2,2.9410414193654653e-05
1626,0.0,0.0,0.0,0.010441767068273093,0.0,1.504722520766994e-06,True,26,3,3,2.2972862912473192e-05
1627,0.0,0.0,0.003556358143194703,0.18152610441767067,0.20321469575200918,0.8396888225654944,False,452,11,11,1.0
1628,0.0,0.0,0.0007343504616225338,0.011646586345381526,0.03788748564867968,0.5714998900688181,True,29,3,3,1.0
1629,0.0,0.0,0.007033125374349386,0.08112449799196787,0.08955223880597014,0.8072112854518199,False,202,11,11,1.0
1630,0.0,0.0,0.010066484372578873,0.06104417670682731,0.10218140068886337,0.9998575345441344,False,152,6,6,1.0
1631,0.0,0.0,0.0003818147746729484,0.027710843373493974,0.004592422502870264,0.0922035738395891,True,69,8,8,0.4174926741118656
1632,0.0,0.0,0.0,0.02610441767068273,0.001148105625717566,0.0013895105667001005,True,65,10,10,0.010369481841045526
1633,0.0,0.0,0.003123502541732972,0.09799196787148594,0.12055109070034443,0.9939067816590291,False,244,13,13,1.0
1634,0.0,0.0,0.0016456773016153667,0.06144578313253012,0.08610792192881746,0.9718646497379453,False,153,7,7,1.0
1635,0.0,0.0,0.002196294768369544,0.01325301204819277,0.0574052812858783,0.999999969407902,False,33,5,5,1.0
1636,0.0,0.0,0.00047307017622992407,0.03172690763052209,0.03788748564867968,0.9169678370159803,True,79,6,6,1.0
1637,0.0,0.0,0.0,0.005220883534136547,0.006888633754305396,0.3960837779845296,True,13,4,4,1.0
1638,0.0,0.0,0.0004201898926142712,0.002811244979919679,0.040183696900114814,0.9999999999937851,True,7,2,2,1.0
1639,0.0,0.0,0.0,0.023694779116465864,0.0,3.079725960745749e-07,True,59,3,3,5.9225499245110555e-06
1640,0.0,0.0,0.0,0.004819277108433735,0.02066590126291619,0.9896839235843826,True,12,3,3,1.0
1641,0.0,0.0,0.0005916478248702408,0.03253012048192771,0.03903559127439724,0.993938531246541,True,81,7,7,1.0
1642,0.0,0.0,0.0021404572402747087,0.06827309236947791,0.09070034443168772,0.9997471749978246,False,170,13,13,1.0
1643,0.0,0.0,0.0,0.00040160642570281126,0.0,0.07826803654106156,True,1,1,1,0.3629517744959037
1644,0.0,0.0,0.0,0.010040160642570281,0.003444316877152698,0.5246475099089368,True,25,5,5,1.0
1645,0.0,0.0,0.0007901374385048906,0.043373493975903614,0.03214695752009185,0.5906303000775874,True,108,4,4,1.0
1646,0.0,0.0,0.0,0.00963855421686747,0.0,8.247336890769834e-07,True,24,3,3,1.3520224411098087e-05
1647,0.0,0.0,0.001995095393945098,0.04216867469879518,0.07003444316877153,0.9999096677994191,False,105,6,6,1.0
1648,0.0,0.0,0.00015278127418347272,0.011244979919678716,0.001148105625717566,0.2139834941016971,True,28,6,6,0.8341637191742294
1649,0.0,0.0,0.0,0.020883534136546186,0.001148105625717566,0.0011966432240099994,True,52,3,3,0.009031269615169807
1650,0.0,0.0,9.093074316045653e-05,0.016867469879518072,0.021814006888633754,0.9973519666807389,True,42,4,4,1.0
1651,0.0,0.0,0.0,0.020080321285140562,0.003444316877152698,0.016700910286224262,True,50,4,4,0.09408963541534796
1652,0.0,0.0,5.1200232859875355e-05,0.00040160642570281126,0.0,0.03780842516658011,True,1,1,1,0.19287391974667895
1653,0.0,0.0,0.0,0.00963855421686747,0.004592422502870264,0.6726081901934808,True,24,1,1,1.0
1654,0.0,0.0,0.00015876655394489448,0.017269076305220885,0.030998851894374284,0.997594132391332,True,43,8,8,1.0
1655,0.0,0.0,0.0,0.00963855421686747,0.0,0.8271821663974946,True,24,3,3,1.0
1656,0.0,0.0,0.0,0.027309236947791166,0.0,6.280056082702102e-12,True,68,5,5,1.7943017379148865e-09
1657,0.0,0.0,0.00016119804147759326,0.0008032128514056225,0.02870264064293915,1.0,True,2,1,1,1.0
1658,0.0,0.0,4.137415993368257e-05,0.033734939759036145,0.013777267508610792,0.07058879114128146,True,84,5,5,0.3353386752554938
1659,0.0,0.0,0.00042048686838743376,0.01927710843373494,0.02870264064293915,0.992980999491855,True,48,6,6,1.0
1660,0.0,0.0,0.0020751910273321154,0.024899598393574297,0.06544202066590127,0.9998387603361488,False,62,6,6,1.0
1661,0.0,0.0,0.00014169201883795508,0.04096385542168675,0.010332950631458095,0.010018379506312522,True,102,9,9,0.05945625819770042
1662,0.0,0.0,0.008409690041009507,0.10321285140562249,0.1354764638346728,0.998986585303212,False,257,12,12,1.0
1663,0.0,0.0,6.604913437900325e-05,0.01887550200803213,0.001148105625717566,0.038613596622100746,True,47,5,5,0.19521375220658446
1664,0.0,0.0,0.000565872490776966,0.033734939759036145,0.03788748564867968,0.9039391487647541,True,84,6,6,1.0
1665,0.0,0.0,0.000335504813796516,0.03855421686746988,0.02870264064293915,0.7883775960707299,True,96,7,7,1.0
1666,0.0,0.0,0.0011532115281267987,0.04779116465863454,0.05281285878300804,0.9191207333913172,False,119,5,5,1.0
1667,0.0,0.0,0.0,0.001606425702811245,0.0,0.4646832651938072,True,4,1,1,1.0
1668,0.0,0.0,0.004715555910737338,0.06706827309236948,0.10218140068886337,0.9982189627754103,False,167,7,7,1.0
1669,0.00010149193139145438,6.522308063260774e-05,0.0025048744781339424,0.24497991967871485,0.2296211251435132,0.6140909505532728,False,610,25,25,1.0
1670,0.0,0.0,0.0,0.008032128514056224,0.0,1.304068820508448e-06,True,20,3,3,2.0062597238591507e-05
1671,0.0,0.0,0.0040459301302368895,0.07550200803212852,0.09184845005740529,0.9281289540016836,False,188,11,11,1.0
1672,0.0,0.0,0.0001235856060515417,0.008835341365461847,0.0,0.05336844318428374,True,22,4,4,0.26354786757670984
1673,0.0,0.0,0.0,0.018072289156626505,0.016073478760045924,0.1677059307529869,True,45,4,4,0.6789713795667486
1674,0.0,0.0,0.0006507718712246684,0.012048192771084338,0.04936854190585534,0.997040174130001,True,30,4,4,1.0
1675,0.0,0.0,0.0,0.020080321285140562,0.0,9.832576438655302e-11,True,50,3,3,1.2290720548319128e-08
1676,0.0,0.0,0.0,0.01887550200803213,0.0,5.380202050607555e-09,True,47,2,2,2.0693084810029057e-07
1677,0.0,0.0,0.0005398952465435298,0.030120481927710843,0.04362801377726751,0.9296355853769553,True,75,3,3,1.0
1678,0.0,0.0,0.0006835517184925952,0.024096385542168676,0.024110218140068886,0.9253766378881325,True,60,6,6,1.0
1679,0.0,0.0,0.0012326571222738567,0.04176706827309237,0.05510907003444317,0.9862342287073207,False,104,6,6,1.0
1680,0.0,0.0,0.0,0.00642570281124498,0.001148105625717566,0.0020218786133006507,True,16,5,5,0.014493753500363088
1681,0.0,0.0,0.00024125957765665554,0.02248995983935743,0.03214695752009185,0.9940927042985872,True,56,6,6,1.0
1682,0.0,0.0,0.0,0.014056224899598393,0.0,0.00011390432424954801,True,35,7,7,0.001021563446184287
1683,0.0,0.0,0.0035639861469594384,0.0819277108433735,0.09070034443168772,0.6786139053649886,False,204,9,9,1.0
1684,0.0,0.0,0.0,0.014457831325301205,0.018369690011481057,0.8781894724374413,True,36,6,6,1.0
1685,0.0,0.0,0.0003535164123837019,0.011244979919678716,0.030998851894374284,0.999999999138659,True,28,4,4,1.0
1686,0.0,0.0,0.0072239975748156,0.06987951807228916,0.07577497129735936,0.6539098861174779,False,174,13,13,1.0
1687,0.0,0.0,0.0011285384397152446,0.03654618473895582,0.0539609644087256,0.9969851369459232,False,91,4,4,1.0
1688,0.0,0.0,0.0010599889457180512,0.03654618473895582,0.05166475315729047,0.9680134037467302,False,91,5,5,1.0
1689,0.0,0.0,0.0,0.010843373493975903,0.001148105625717566,0.00024617891388279876,True,27,5,5,0.0020166524364007986
1690,0.0,0.0,0.004525474412529356,0.1706827309236948,0.21814006888633755,0.988415429299662,False,425,12,12,1.0
1691,0.0,0.0,0.0006279917817767135,0.010040160642570281,0.040183696900114814,0.9999886399534633,True,25,6,6,1.0
1692,0.0,0.0,0.00020679013268659705,0.020883534136546186,0.03214695752009185,0.9940596040548288,True,52,6,6,1.0
1693,0.0,0.0,0.00024688417794224693,0.02971887550200803,0.03788748564867968,0.9828079234912559,True,74,2,2,1.0
1694,0.0,0.0,0.0,0.01967871485943775,0.001148105625717566,0.07353643540663078,True,49,4,4,0.3460538136782625
1695,0.0,0.0,0.0,0.001606425702811245,0.012629161882893225,0.9999999656544529,True,4,2,2,1.0
1696,0.0,0.0,0.005135127194028352,0.09397590361445783,0.11366245694603903,0.9997771218416536,False,234,6,6,1.0
1697,0.0,0.0,5.68771005201498e-05,0.010040160642570281,0.010332950631458095,0.4165580460378083,True,25,6,6,1.0
1698,0.0,0.0,0.0013855367322863394,0.020883534136546186,0.05625717566016074,0.9999999127812659,False,52,6,6,1.0
1699,0.0,0.0,0.005300777114625038,0.06224899598393574,0.09873708381171067,0.998119049609057,False,155,13,13,1.0
1700,0.0,0.0,0.000839018237969704,0.030522088353413655,0.04247990815154994,0.8106818751825255,True,76,5,5,1.0
1701,0.0,0.0,0.003427194960167841,0.056626506024096385,0.10218140068886337,0.9967028623592765,False,141,6,6,1.0
1702,0.0,0.0,0.004388495480537184,0.12610441767068273,0.13318025258323765,0.7664168333313115,False,314,11,11,1.0
1703,0.0,0.0,0.0,0.013654618473895583,0.001148105625717566,0.39899529484890117,True,34,3,3,1.0
1704,0.0,0.0,0.0011179241840286267,0.05502008032128514,0.05281285878300804,0.7014135855418113,False,137,6,6,1.0
1705,0.0,0.0,0.0,0.021686746987951807,0.0,1.4337680914615085e-12,True,54,5,5,5.735072365846034e-10
1706,0.0,0.0,0.004384490255464596,0.14216867469879518,0.1251435132032147,0.059271904735897114,False,354,10,10,0.2877276928927044
1707,0.0,0.0,0.0,0.027309236947791166,0.001148105625717566,1.0609924630878482e-07,True,68,7,7,2.5261725311615436e-06
1708,0.0,0.0,0.0016157966884257442,0.03253012048192771,0.06314580941446613,0.9999999197203341,False,81,4,4,1.0
1709,0.0,0.0,0.0,0.00642570281124498,0.002296211251435132,0.016489306694249386,True,16,2,2,0.09315992482626773
1710,0.0,0.0,0.0,0.01566265060240964,0.0,2.966304940533438e-08,True,39,2,2,8.239735945926217e-07
1711,0.0,0.0,0.0011510761464364329,0.05783132530120482,0.05166475315729047,0.901969767415868,False,144,6,6,1.0
1712,0.0,0.0,0.0,0.01927710843373494,0.011481056257175661,0.46624334141786067,True,48,6,6,1.0
1713,0.0,0.0,0.002413690159053388,0.05421686746987952,0.08266360505166476,0.9999972088721648,False,135,7,7,1.0
1714,0.0,0.0,0.0010138176942865447,0.03975903614457831,0.0505166475315729,0.955835060970606,False,99,5,5,1.0
1715,0.0,0.0,0.0,0.011646586345381526,0.0,0.0006212771986999596,True,29,3,3,0.0048727623427447814
1716,0.0,0.0,0.0,0.03453815261044177,0.0,2.1126112300673272e-09,True,86,5,5,9.60277831848785e-08
1717,0.0,0.0,0.00012744947049201201,0.018473895582329317,0.016073478760045924,0.8690312285436916,True,46,6,6,1.0
1718,0.0,0.0,0.0,0.001606425702811245,0.0,0.10379809862003603,True,4,1,1,0.45797930398179754
1719,0.0,0.0,0.00019062745384358735,0.04738955823293173,0.01951779563719862,0.21154162028357032,True,118,7,7,0.8295749815041973
1720,0.0,0.0,0.0009387494518270732,0.03493975903614458,0.04822043628013777,0.954823294512371,True,87,7,7,1.0
1721,0.0,0.0,0.0,0.007630522088353414,0.003444316877152698,0.012405073852537456,True,19,7,7,0.07205283651995445
1722,0.0,0.0,0.00011581492988700077,0.0008032128514056225,0.04133180252583238,1.0,True,2,1,1,1.0
1723,0.0,0.0,0.0,0.013654618473895583,0.0,1.1163566186144068e-07,True,34,5,5,2.5663370542859925e-06
1724,0.0,0.0,0.001870375524658335,0.056626506024096385,0.06888633754305395,0.8629962006313383,False,141,12,12,1.0
1725,0.0,0.0,0.0,0.008433734939759036,0.014925373134328358,0.7010495508613156,True,21,4,4,1.0
1726,0.0,0.0,0.0,0.01927710843373494,0.0,3.055459771693411e-05,True,48,8,8,0.00032162734438878014
1727,0.0,0.0,0.0,0.01967871485943775,0.006888633754305396,0.08760092482176068,True,49,5,5,0.3990930515797753
1728,0.0,0.0,0.0016543269333013037,0.046586345381526104,0.060849598163030996,0.9307112136421811,False,116,5,5,1.0
1729,0.0,0.0,7.985401184310942e-05,0.011646586345381526,0.002296211251435132,0.31021049486709207,True,29,8,8,1.0
1730,0.0,0.0,9.485354588672931e-05,0.001606425702811245,0.016073478760045924,0.9999988272697364,True,4,3,3,1.0
1731,0.0,0.0,0.0,0.01566265060240964,0.0,0.0009806648574459983,True,39,4,4,0.007514673237134087
1732,0.0,0.0,0.0003054360812889695,0.02208835341365462,0.010332950631458095,0.7374582818122143,True,55,11,11,1.0
1733,0.0,0.0,0.001468627450980392,0.06626506024096386,0.09299655568312284,0.9879301635631037,False,165,12,12,1.0
1734,0.0,0.0,0.0007730957316776851,0.040160642570281124,0.045924225028702644,0.478567751983215,True,100,6,6,1.0
1735,0.0,0.0,0.0005264464604129596,0.004417670682730923,0.04707233065442021,0.9999988758617299,True,11,5,5,1.0
1736,0.0,0.0,0.0005168929588907204,0.03975903614457831,0.03903559127439724,0.8287044438769773,True,99,4,4,1.0
1737,0.0,0.0,0.0023992823400010316,0.05903614457831325,0.0711825487944891,0.6194651235870955,False,147,6,6,1.0
1738,0.0,0.0,0.0033681233655831096,0.08473895582329317,0.08955223880597014,0.9858015962839537,False,211,11,11,1.0
1739,0.0,0.0,0.0006817182676188316,0.04417670682730924,0.04477611940298507,0.601354246038676,True,110,6,6,1.0
1740,0.0,0.0,0.0,0.007228915662650603,0.001148105625717566,0.011402196443777563,True,18,2,2,0.0668750524561734
1741,0.0,0.0,0.0001304336496036794,0.04578313253012048,0.03559127439724455,0.2764613108120808,True,114,5,5,0.9926797515694105
1742,0.0,0.0,0.0010441067357500695,0.033734939759036145,0.05166475315729047,0.758690839063157,False,84,4,4,1.0
1743,0.0,0.0,0.0010114521889712648,0.040160642570281124,0.0505166475315729,0.9566400812002338,False,100,9,9,1.0
1744,0.0,0.0,0.0006037704687161319,0.033734939759036145,0.04936854190585534,0.9645817289595626,True,84,4,4,1.0
1745,0.0,0.0,0.001558356174933375,0.04979919678714859,0.0574052812858783,0.5726443619402157,False,124,6,6,1.0
1746,0.0,0.0,0.0017835590412198243,0.06626506024096386,0.07577497129735936,0.9879336728654629,False,165,8,8,1.0
1747,0.0,0.0,0.0021287421883723,0.061847389558232935,0.07003444316877153,0.7845780010188677,False,154,11,11,1.0
1748,0.0,0.0,0.0,0.004417670682730923,0.0,0.00018049415418887012,True,11,2,2,0.0015296114761768655
1749,0.0,0.0,0.005810316944510919,0.08032128514056225,0.10218140068886337,0.9386147763519506,False,200,13,13,1.0
1750,0.0,0.0,0.0013869586984810002,0.08755020080321285,0.07921928817451206,0.4218991878648271,False,218,8,8,1.0
1751,0.0,0.0,0.002173277528042323,0.04899598393574297,0.07807118254879448,0.9987330828484537,False,122,7,7,1.0
1752,0.0,0.0,0.0013223507216427906,0.05140562248995984,0.0574052812858783,0.12241833206792513,False,128,5,5,0.5242755120682019
1753,0.0,0.0,0.0053743535758505965,0.0746987951807229,0.08725602755453502,0.8202571228934821,False,186,11,11,1.0
1754,0.0,0.0,0.0,0.006024096385542169,0.0,0.00458080329334858,True,15,4,4,0.02993989080619987
1755,0.0,0.0,0.0,0.006024096385542169,0.0057405281285878304,0.9825181802894354,True,15,3,3,1.0
1756,0.0,0.0,0.009186252837812913,0.10923694779116466,0.1377726750861079,0.9985336315922724,False,272,11,11,1.0
1757,0.0,0.0,0.00026926171784345614,0.04176706827309237,0.006888633754305396,0.3151522449221875,True,104,7,7,1.0
1758,0.0,0.0,0.0015790628663965196,0.053413654618473895,0.05855338691159587,0.8943399644747522,False,133,6,6,1.0
1759,0.0,0.0,0.0,0.010843373493975903,0.0,1.9690977859498977e-07,True,27,3,3,4.0185669101018316e-06
1760,0.0,0.0,0.0016521767670259746,0.04497991967871486,0.06544202066590127,0.9976378094059689,False,112,6,6,1.0
1761,0.0,0.0,0.00011137864258911576,0.002811244979919679,0.03903559127439724,0.9999999940793529,True,7,4,4,1.0
1762,0.0,0.0,0.002066048543918152,0.08273092369477912,0.1148105625717566,0.9571281602403073,False,206,7,7,1.0
1763,0.0,0.0,0.004691425785839491,0.04738955823293173,0.08036739380022963,0.998732282818626,False,118,4,4,1.0
1764,0.0,0.0,0.003746401208351324,0.09799196787148594,0.13432835820895522,0.8211002428007235,False,244,8,8,1.0
1765,0.0,0.0,0.0002723019680059616,0.015261044176706828,0.02525832376578645,0.9982171991699874,True,38,5,5,1.0
1766,0.0,0.0,0.0,0.010441767068273093,0.0,1.0764623964314904e-08,True,26,6,6,3.7119392980396226e-07
1767,0.0,0.0,0.0006518481378672452,0.06506024096385542,0.03788748564867968,0.4485057206802114,True,162,10,10,1.0
1768,0.0,0.0,0.0,0.03453815261044177,0.0,3.590638821597998e-06,True,86,3,3,4.918683317257532e-05
1769,0.0,0.0,0.00026529199090386197,0.02650602409638554,0.030998851894374284,0.7431079742023118,True,66,5,5,1.0
1770,0.0,0.0,0.0,0.0008032128514056225,0.0,0.15491171209482996,True,2,2,2,0.6310049372498165
1771,0.0,0.0,0.00015613472007800438,0.01927710843373494,0.002296211251435132,0.32241938540675963,True,48,5,5,1.0
1772,0.0,0.0,0.0,0.0,0.013777267508610792,0.9999999513837555,True,0,0,0,1.0
1773,0.0,0.0,0.0009790210659370868,0.03493975903614458,0.0505166475315729,0.9944345230948992,True,87,4,4,1.0
1774,0.0,0.0,0.0015231477019879412,0.04738955823293173,0.06199770378874857,0.9826862881780704,False,118,9,9,1.0
1775,0.0,0.0,0.00040186966505448236,0.023694779116465864,0.03214695752009185,0.9752116763217704,True,59,8,8,1.0
1776,0.0,0.0,0.0,0.02650602409638554,0.003444316877152698,1.1564448541640589e-05,True,66,6,6,0.0001368573791910129
1777,0.0,0.0,0.0149732692856884,0.0927710843373494,0.1148105625717566,0.9766462292552321,False,231,8,8,1.0
1778,0.0,0.0,0.004170254505947829,0.06144578313253012,0.07462686567164178,0.9936703976161938,False,153,5,5,1.0
1779,0.0,0.0,0.0,0.01285140562248996,0.003444316877152698,0.08801498134714902,True,32,3,3,0.4000680970324956
1780,0.0,0.0,0.006633762104313967,0.03855421686746988,0.07347876004592423,0.9975438116505698,False,96,7,7,1.0
1781,0.0,0.0,0.0,0.01646586345381526,0.013777267508610792,0.928912483451473,True,41,1,1,1.0
1782,0.0,0.0,0.0,0.021686746987951807,0.01722158438576349,0.03225603511415248,True,54,7,7,0.16712971561737036
1783,0.0,0.0,0.00018428709303288036,0.021686746987951807,0.02870264064293915,0.8565632480625435,True,54,8,8,1.0
1784,0.0,0.0,0.008750798760764905,0.11285140562248996,0.15040183696900114,0.9771497585775893,False,281,7,7,1.0
1785,0.0,0.0,0.0022656959663105406,0.035341365461847386,0.06544202066590127,0.9993944892557672,False,88,10,10,1.0
1786,0.0,0.0,0.005548349804608041,0.1714859437751004,0.18140068886337543,0.6944709193437857,False,427,8,8,1.0
1787,0.0,0.0,0.0034750797254845278,0.07791164658634538,0.10677382319173363,0.9982294646920902,False,194,8,8,1.0
1788,0.0,0.0,0.000315422305315524,0.00642570281124498,0.03788748564867968,0.9999994001845357,True,16,4,4,1.0
1789,0.0,0.0,0.0013568945178915872,0.09437751004016064,0.10677382319173363,0.7484537523887808,False,235,11,11,1.0
1790,0.0,0.0,5.4361035310489914e-05,0.024497991967871485,0.03444316877152698,0.9491345697803962,True,61,4,4,1.0
1791,0.0,0.0,0.013501472428306013,0.1570281124497992,0.19058553386911595,0.9934783636243987,False,391,12,12,1.0
1792,0.0,0.0,0.0,0.012449799196787148,0.0,6.052505003076013e-09,True,31,6,6,2.283964152104156e-07
1793,0.0,0.0,0.000134284818903321,0.03172690763052209,0.021814006888633754,0.042783007865595,True,79,9,9,0.21498998927434676
1794,0.0,0.0,0.0,0.01887550200803213,0.002296211251435132,0.0064136558631623895,True,47,4,4,0.040085349144764935
1795,0.0,0.0,0.0,0.010441767068273093,0.0,1.1711173394498604e-07,True,26,2,2,2.6130734183871224e-06
1796,0.0,0.0,0.0,0.027309236947791166,0.001148105625717566,3.4665901227055315e-07,True,68,9,9,6.490580901946014e-06
1797,0.0,0.0,0.0005597516772188117,0.05622489959839357,0.040183696900114814,0.3583861140468167,True,140,11,11,1.0
1798,0.0,0.0,0.004498253521573431,0.16586345381526105,0.19058553386911595,0.957970762025758,False,413,12,12,1.0
1799,0.0,0.0,0.0005032889338276263,0.03333333333333333,0.030998851894374284,0.816938614624928,True,83,10,10,1.0
1800,0.0,0.0,0.009381685030123677,0.15903614457831325,0.18140068886337543,0.9670095412104937,False,396,12,12,1.0
1801,0.0,0.0,0.0006405468878105849,0.028112449799196786,0.04477611940298507,0.9953005712906915,True,70,5,5,1.0
1802,0.0,0.0,0.0018407429831033286,0.05060240963855422,0.06888633754305395,0.9921947835476912,False,126,8,8,1.0
1803,0.0,0.0,0.0023408794636801417,0.08112449799196787,0.08495981630309989,0.877304695402433,False,202,12,12,1.0
1804,0.0,0.0,0.00257803777278899,0.06385542168674699,0.07921928817451206,0.47961233067278397,False,159,9,9,1.0
1805,0.0,0.0,0.0,0.011244979919678716,0.001148105625717566,0.004729316373144729,True,28,4,4,0.030709846578861878
1806,0.0,0.0,0.0018506328255909889,0.03734939759036145,0.07921928817451206,0.999503731044287,False,93,8,8,1.0
1807,0.0,0.0,0.0,0.0008032128514056225,0.013777267508610792,0.9999592891384879,True,2,2,2,1.0
1808,0.0,0.0,0.0,0.014859437751004016,0.01722158438576349,0.5847603666313715,True,37,8,8,1.0
1809,0.0,0.0,0.003293436341923083,0.10441767068273092,0.12169919632606199,0.9951690764729674,False,260,12,12,1.0
1810,0.0,0.0,5.9268166695002923e-05,0.02650602409638554,0.008036739380022962,0.021344991564095455,True,66,7,7,0.11632147991332673
1811,0.0,0.0,0.0,0.01285140562248996,0.002296211251435132,3.503651031683971e-09,True,32,8,8,1.52332653551477e-07
1812,0.0,0.0,0.003143356561469398,0.05582329317269076,0.07921928817451206,0.8180537995918744,False,139,9,9,1.0
1813,0.0,0.0,0.0016897262277028324,0.06827309236947791,0.08381171067738231,0.9838975948840145,False,170,9,9,1.0
1814,0.0,0.0,0.00010531784195409842,0.017670682730923693,0.02640642939150402,0.9998473160855113,True,44,4,4,1.0
1815,0.0,0.0,0.006275466419375172,0.0963855421686747,0.11021814006888633,0.9246465555730642,False,240,9,9,1.0
1816,0.0,0.0,0.0003391997756416778,0.03172690763052209,0.03903559127439724,0.9541028633781152,True,79,6,6,1.0
1817,0.0,0.0,0.00012849636224160956,0.051807228915662654,0.008036739380022962,0.012256265403217887,True,129,8,8,0.07146510439194102
1818,0.0,0.0,0.00013718188358066396,0.014056224899598393,0.021814006888633754,0.991988930018223,True,35,3,3,1.0
1819,0.0,0.0,0.002256731428889539,0.078714859437751,0.08610792192881746,0.7583465090765487,False,196,8,8,1.0
1820,0.0,0.0,0.0,0.0008032128514056225,0.01951779563719862,0.9999999999998298,True,2,1,1,1.0
1821,0.0,0.0,0.009601665437601561,0.08353413654618475,0.1251435132032147,0.9997354400705969,False,208,12,12,1.0
1822,0.0,0.0,0.012215586919527668,0.10843373493975904,0.13892078071182548,0.9473058763635606,False,270,8,8,1.0
1823,0.0,0.0,0.00019621756302462236,0.023293172690763052,0.016073478760045924,0.7989762848427023,True,58,10,10,1.0
1824,0.0,0.0,0.0,0.002811244979919679,0.001148105625717566,0.12323649470238945,True,7,4,4,0.5266516867623481
1825,0.0,0.0,7.598600526731748e-05,0.0,0.0,0.9539954714900263,True,0,0,0,1.0
1826,0.0,0.0,0.002069332460470592,0.04939759036144578,0.07347876004592423,0.9922342092413243,False,123,8,8,1.0
1827,0.0,0.0,0.000351138402058271,0.030522088353413655,0.029850746268656716,0.5655635057184337,True,76,5,5,1.0
1828,0.0,0.0,0.0,0.021686746987951807,0.0057405281285878304,0.036733081822215984,True,54,5,5,0.1883747785754666
1829,0.0,0.0,0.0007140885523751527,0.008433734939759036,0.04707233065442021,0.9999593959965163,True,21,3,3,1.0
1830,0.0,0.0,0.004001216031077831,0.11204819277108434,0.14351320321469574,0.7208480718446652,False,279,8,8,1.0
1831,0.0,0.0,0.0,0.02248995983935743,0.029850746268656716,0.8804894416540455,True,56,5,5,1.0
1832,0.0,0.0,0.00020881466182514084,0.01887550200803213,0.02525832376578645,0.9637190926477003,True,47,6,6,1.0
1833,0.0,0.0,0.0024535529869282023,0.04457831325301205,0.05970149253731343,0.9758670366492,False,111,5,5,1.0
1834,0.0,0.0,0.0008556641165528927,0.03453815261044177,0.04477611940298507,0.9995980084403744,True,86,7,7,1.0
1835,0.0,0.0,0.0,0.0012048192771084338,0.008036739380022962,0.8305740914137029,True,3,2,2,1.0
1836,0.0,0.0,0.003219149419514165,0.05060240963855422,0.07233065442020666,0.8755883146901844,False,126,8,8,1.0
1837,0.0,0.0,0.0016480685983776165,0.06546184738955824,0.06199770378874857,0.8713619701497295,False,163,8,8,1.0
1838,0.0,0.0,0.0032818057125255365,0.21124497991967872,0.2227324913892078,0.7320794260994572,False,526,13,13,1.0
1839,0.0,0.0,0.0029237835420768965,0.05060240963855422,0.07347876004592423,0.7810798960535765,False,126,8,8,1.0
1840,0.0,0.0,0.0005024797658924433,0.027710843373493974,0.03903559127439724,0.9960308738078207,True,69,7,7,1.0
1841,0.0,0.0,0.0014249768762637028,0.05742971887550201,0.05855338691159587,0.32548234515956836,False,143,13,13,1.0
1842,0.0,0.0,0.0002721520624593285,0.007228915662650603,0.009184845005740528,0.4386852838640522,True,18,4,4,1.0
1843,0.0,0.0,0.001424081123155705,0.03855421686746988,0.0574052812858783,0.9654354101981388,False,96,5,5,1.0
1844,0.0,0.0,0.0,0.0008032128514056225,0.001148105625717566,0.3001087152626858,True,2,2,2,1.0
1845,0.0,0.0,0.0010154966054868003,0.0429718875502008,0.0505166475315729,0.8008948829036312,False,107,6,6,1.0
1846,0.0,0.0,0.0,0.014056224899598393,0.001148105625717566,0.002945306132480842,True,35,9,9,0.020173329674526314
1847,0.0,0.0,0.0,0.004016064257028112,0.0,0.002525857574736955,True,10,4,4,0.017787729399556022
1848,0.0,0.0,0.00032542016584152317,0.017670682730923693,0.04247990815154994,0.9997280334809867,True,44,9,9,1.0
1849,0.0,0.0,0.0,0.001606425702811245,0.004592422502870264,0.2608381368285272,True,4,4,4,0.9589637383401735
1850,0.0,0.0,0.0,0.02289156626506024,0.0,4.663498941096339e-06,True,57,4,4,6.176819789531574e-05
1851,0.0,0.0,0.0,0.005622489959839358,0.0,0.0001409335049750491,True,14,6,6,0.0012255087389134703
1852,0.0,0.0,0.01433308499413426,0.11004016064257029,0.1446613088404133,0.9632714040241236,False,274,8,8,1.0
1853,0.0,0.0,0.0005350267680222074,0.03172690763052209,0.03788748564867968,0.3915592728280325,True,79,9,9,1.0
1854,0.0,0.0,0.0027283600552428953,0.04618473895582329,0.06544202066590127,0.9944439259248028,False,115,10,10,1.0
1855,0.0,0.0,0.0009761763930231999,0.03614457831325301,0.04707233065442021,0.8278977117583026,True,90,16,16,1.0
1856,0.0,0.0,0.003771006614142736,0.08674698795180723,0.11366245694603903,0.9885782383917169,False,216,7,7,1.0
1857,0.0,0.0,5.518650236531459e-05,0.011646586345381526,0.001148105625717566,0.021975137671852135,True,29,6,6,0.11910643724581103
1858,0.0,0.0,0.0006892356544204378,0.02891566265060241,0.03903559127439724,0.9639643897075635,True,72,8,8,1.0
1859,0.0,0.0,0.0001864640713496442,0.010441767068273093,0.013777267508610792,0.9922834884375578,True,26,4,4,1.0
1860,0.0,0.0,0.0,0.01967871485943775,0.004592422502870264,0.0005602613335812686,True,49,5,5,0.0044820906686501485
1861,0.0,0.0,0.0005282911654891822,0.03172690763052209,0.04477611940298507,0.9841878385655961,True,79,4,4,1.0
1862,0.0,0.0,0.00025552992520509916,0.020080321285140562,0.027554535017221583,0.9993329605268965,True,50,5,5,1.0
1863,0.0,0.0,0.0009633492213650238,0.03172690763052209,0.0505166475315729,0.9999641739288925,True,79,4,4,1.0
1864,0.0,0.0,0.00042015046032328827,0.017269076305220885,0.018369690011481057,0.9655612645025616,True,43,8,8,1.0
1865,0.0,0.0,0.0,0.01285140562248996,0.004592422502870264,0.007224991131877789,True,32,7,7,0.0444614838884787
1866,0.0,0.0,0.002474721863442066,0.05461847389558233,0.06888633754305395,0.903848133451431,False,136,4,4,1.0
1867,0.0,0.0,0.0003994941605988591,0.027309236947791166,0.04362801377726751,0.9889825077886555,True,68,10,10,1.0
1868,0.0,0.0,0.0029001040427328777,0.13132530120481928,0.12399540757749714,0.973297574586256,False,327,6,6,1.0
1869,0.0,0.0,0.0,0.0012048192771084338,0.021814006888633754,0.9999999878738302,True,3,2,2,1.0
1870,5.5688589408030296e-05,5.557729404524491e-05,0.003983300367529197,0.22650602409638554,0.2617680826636051,0.7820788080760657,False,564,21,21,1.0
1871,0.0,0.0,0.004822119035736759,0.09799196787148594,0.12284730195177956,0.967725511321951,False,244,13,13,1.0
1872,0.0,0.0,0.0,0.005220883534136547,0.010332950631458095,0.6623057940172928,True,13,2,2,1.0
1873,0.0,0.0,0.006912066843785416,0.0606425702811245,0.10332950631458095,0.9996413374962645,False,151,11,11,1.0
1874,0.0,0.0,0.0,0.014056224899598393,0.0,0.0007858952764584468,True,35,4,4,0.00606868939350152
1875,0.0,0.0,0.001445372400635628,0.04819277108433735,0.0574052812858783,0.9719150085664228,False,120,10,10,1.0
1876,0.0,0.0,0.00011881067759519779,0.03734939759036145,0.012629161882893225,0.04667553464770118,True,93,7,7,0.23221659028707053
1877,0.0,0.0,8.19202185118984e-05,0.014457831325301205,0.024110218140068886,0.9876442275825947,True,36,5,5,1.0
1878,0.0,0.0,0.0073610901257788455,0.1646586345381526,0.18484500574052812,0.8453657054092125,False,410,8,8,1.0
1879,0.0,0.0,0.0,0.014056224899598393,0.0,1.878960070823913e-05,True,35,2,2,0.00020685451727535064
1880,0.0,0.0,0.0006417649987614417,0.05542168674698795,0.03903559127439724,0.009621232885973144,True,138,14,14,0.057440196334168026
1881,0.0,0.0,0.004547569718432209,0.08152610441767068,0.09758897818599312,0.9992474868424185,False,203,6,6,1.0
1882,0.0,0.0,0.00011900817791652888,0.027309236947791166,0.03559127439724455,0.9441404807998265,True,68,3,3,1.0
1883,0.0,0.0,0.0,0.00963855421686747,0.010332950631458095,0.5539470588651704,True,24,3,3,1.0
1884,0.0,0.0,7.194181530432436e-05,0.00963855421686747,0.003444316877152698,0.01286308727055131,True,24,3,3,0.07413883153055509
1885,0.0,0.0,0.0011771756617217086,0.05542168674698795,0.05625717566016074,0.9363533943337985,False,138,7,7,1.0
1886,0.0,0.0,4.5387360995477784e-05,0.01887550200803213,0.024110218140068886,0.9029419317537302,True,47,4,4,1.0
1887,0.0,0.0,0.0037368228019013508,0.07269076305220884,0.08266360505166476,0.9038065445574126,False,181,8,8,1.0
1888,0.0,0.0,0.0,0.030522088353413655,0.0,1.2772373487712422e-08,True,76,3,3,4.120120479907233e-07
1889,0.0,0.0,0.003151827500577942,0.0895582329317269,0.10562571756601608,0.8280286848279368,False,223,6,6,1.0
1890,0.0,0.0,0.000503848448858177,0.01927710843373494,0.03788748564867968,0.9999999977011935,True,48,5,5,1.0
1891,0.0,0.0,0.0031716760749231987,0.07710843373493977,0.1182548794489093,0.9999932092301697,False,192,9,9,1.0
1892,0.0,0.0,0.0037205559676070986,0.06465863453815261,0.08036739380022963,0.9999627782937993,False,161,7,7,1.0
1893,0.0,0.0,0.0013184002119864075,0.03734939759036145,0.0677382319173364,0.9999808492600846,False,93,7,7,1.0
1894,0.0,0.0,0.0,0.021285140562248995,0.0,6.846056484422262e-10,True,53,4,4,4.093233020199607e-08
1895,0.0,0.0,0.00019179405545686475,0.02891566265060241,0.03903559127439724,0.9360990558175579,True,72,6,6,1.0
1896,0.0,0.0,4.742677294336466e-05,0.03453815261044177,0.001148105625717566,0.006779763466980152,True,86,5,5,0.04197995954786472
1897,0.0,0.0,0.0013437498860456338,0.008032128514056224,0.05281285878300804,0.9999991960849083,False,20,4,4,1.0
1898,0.0,0.0,0.007712069709467402,0.12369477911646587,0.15269804822043628,0.9891383446882296,False,308,12,12,1.0
1899,0.0,0.0,0.0,0.0024096385542168677,0.0,0.3395533810663699,True,6,2,2,1.0
1900,0.0,0.0,0.0,0.001606425702811245,0.0,0.03585851816771361,True,4,3,3,0.1848377225139877
1901,0.0,0.0,0.0,0.021285140562248995,0.001148105625717566,8.16440528311911e-07,True,53,4,4,1.349488476548613e-05
1902,0.0,0.0,0.0,0.004819277108433735,0.001148105625717566,0.0027229551593757895,True,12,6,6,0.018975297277880065
1903,0.0,0.0,0.00026962081161422216,0.017670682730923693,0.016073478760045924,0.4378637254485634,True,44,7,7,1.0
1904,0.0,0.0,0.005430175308754821,0.10481927710843374,0.1182548794489093,0.741899275313499,False,261,8,8,1.0
1905,0.0,0.0,0.0019060867440545033,0.07710843373493977,0.07003444316877153,0.8709663987890486,False,192,11,11,1.0
1906,0.0,0.0,0.0008154258788811795,0.01606425702811245,0.04247990815154994,0.9972357033251348,True,40,8,8,1.0
1907,0.0,0.0,0.00010256948362704511,0.01325301204819277,0.022962112514351322,0.99944003631021,True,33,2,2,1.0
1908,0.0,0.0,0.0003012027752913803,0.004016064257028112,0.008036739380022962,0.9999984365129189,True,10,5,5,1.0
1909,0.0,0.0,0.0010239636174651917,0.08795180722891566,0.05510907003444317,0.423131246597228,False,219,9,9,1.0
1910,0.0,0.0,0.00452894777777344,0.050200803212851405,0.07347876004592423,0.9996627089461116,False,125,7,7,1.0
1911,0.0,0.0,0.003705693476026786,0.10240963855421686,0.10332950631458095,0.5271617713371417,False,255,7,7,1.0
1912,0.0,0.0,0.0,0.002811244979919679,0.004592422502870264,0.9519121301878107,True,7,2,2,1.0
1913,0.0,0.0,4.8645708029482136e-05,0.017269076305220885,0.021814006888633754,0.9120240791839709,True,43,3,3,1.0
1914,0.0,0.0,0.007339550118539508,0.0751004016064257,0.10562571756601608,0.9999693948236986,False,187,10,10,1.0
1915,0.0,0.0,0.0,0.021686746987951807,0.01951779563719862,0.3598826155531291,True,54,6,6,1.0
1916,0.0,0.0,0.0,0.020080321285140562,0.001148105625717566,1.3526242979954302e-07,True,50,5,5,2.9088694580546884e-06
1917,0.0,0.0,0.001993211392633014,0.09116465863453815,0.09070034443168772,0.7393285282347686,False,227,14,14,1.0
1918,0.0,0.0,5.762845580211741e-05,0.020481927710843374,0.02870264064293915,0.9847948748335433,True,51,7,7,1.0
1919,0.0,0.0,0.0003297149198135282,0.010843373493975903,0.01722158438576349,0.9993578371156167,True,27,7,7,1.0
1920,0.0,0.0,0.0017649343151791537,0.19759036144578312,0.19173363949483352,0.5286286608089245,False,492,13,13,1.0
1921,0.0,0.0,0.002371796067229895,0.14578313253012049,0.14121699196326062,0.805389326958988,False,363,11,11,1.0
1922,0.0,0.0,0.0008468780417487327,0.03253012048192771,0.04477611940298507,0.8962159119965794,True,81,8,8,1.0
1923,0.0,0.0,0.009068372773121627,0.09558232931726908,0.1182548794489093,0.8833207145421091,False,238,9,9,1.0
1924,0.0,0.0,0.0015816762560796247,0.0859437751004016,0.08151549942594719,0.3537613951463975,False,214,11,11,1.0
1925,0.0,0.0,0.004956262542193152,0.10281124497991968,0.12629161882893225,0.7215411157879815,False,256,8,8,1.0
1926,0.0,0.0,0.007562570906550416,0.11164658634538152,0.10907003444316878,0.6167298751419679,False,278,7,7,1.0
1927,0.0,0.0,0.003309253209405052,0.05461847389558233,0.07347876004592423,0.998196221074069,False,136,5,5,1.0
1928,0.0,0.0,9.686050344994454e-05,0.005220883534136547,0.006888633754305396,0.7054411629375056,True,13,3,3,1.0
1929,0.0,0.0,0.0004170027196389634,0.008835341365461847,0.03903559127439724,0.995040555188508,True,22,5,5,1.0
1930,0.0,0.0,0.0017147042633221387,0.0642570281124498,0.06659012629161883,0.08512632256741093,False,160,5,5,0.39124518233596467
1931,0.0,0.0,4.484436272371881e-05,0.017670682730923693,0.01951779563719862,0.9901579110013877,True,44,6,6,1.0
1932,0.0,0.0,0.0,0.01325301204819277,0.029850746268656716,0.7589367193279688,True,33,3,3,1.0
1933,0.0,0.0,0.0007233855341206182,0.08152610441767068,0.03329506314580941,0.1325449512725298,True,203,7,7,0.5592613977743873
1934,0.0,0.0,0.002798144095597015,0.029317269076305223,0.0711825487944891,0.9984686313826697,False,73,5,5,1.0
1935,0.0,0.0,0.005222721032429097,0.06224899598393574,0.07577497129735936,0.6957076384794821,False,155,10,10,1.0
1936,0.0,0.0,0.0,0.008835341365461847,0.001148105625717566,0.00029413645363900924,True,22,6,6,0.00238167168938469
1937,0.0,0.0,0.0013080070199173537,0.02530120481927711,0.05510907003444317,0.9999999101501288,False,63,4,4,1.0
1938,0.0,0.0,0.00019294971745624858,0.03895582329317269,0.027554535017221583,0.061629689253852746,True,97,11,11,0.2984488583721683
1939,0.0,0.0,0.0008232874878601974,0.036947791164658635,0.04247990815154994,0.13616987032255806,True,92,7,7,0.5685589575054617
1940,0.0,0.0,0.0007108544320172791,0.02650602409638554,0.03673938002296211,0.9920305302382701,True,66,8,8,1.0
1941,0.0,0.0,6.395164838226316e-05,0.01325301204819277,0.002296211251435132,0.09290487624792004,True,33,8,8,0.419435107214086
1942,0.0,0.0,0.008373805335994598,0.06345381526104418,0.09988518943742825,0.9988051959050116,False,158,13,13,1.0
1943,0.0,0.0,0.0011568264770908806,0.05060240963855422,0.0539609644087256,0.694946353585195,False,126,6,6,1.0
1944,0.0,0.0,0.0,0.002811244979919679,0.0,0.007870033744830859,True,7,2,2,0.047697174211096115
1945,0.0,0.0,0.0,0.013654618473895583,0.0,4.696343105757457e-10,True,34,4,4,3.148967588353482e-08
1946,0.0,0.0,0.0023723827493337866,0.06265060240963856,0.08725602755453502,0.9701424094649235,False,156,8,8,1.0
1947,0.0,0.0,0.0,0.020481927710843374,0.0,3.094558299792704e-10,True,51,3,3,2.380429461379003e-08
1948,0.0,0.0,0.0014498995435963014,0.04257028112449799,0.05970149253731343,0.9952625858989422,False,106,7,7,1.0
1949,0.0,0.0,0.0017762948607113129,0.05220883534136546,0.06314580941446613,0.5114566116253974,False,130,12,12,1.0
1950,0.0,0.0,0.000340683008534181,0.03132530120481928,0.04707233065442021,0.9783508504750071,True,78,4,4,1.0
1951,0.0,0.0,0.0010394762787424385,0.06506024096385542,0.05166475315729047,0.2244533948672533,False,162,7,7,0.8649456449605136
1952,0.0,0.0,0.0012530985265273896,0.06746987951807229,0.06544202066590127,0.5347024834324491,False,168,4,4,1.0
1953,0.0,0.0,0.003806196040133437,0.06104417670682731,0.08495981630309989,0.9774965549371563,False,152,8,8,1.0
1954,0.0,0.0,0.0009241256680801635,0.043775100401606426,0.04936854190585534,0.9662198011561615,True,109,6,6,1.0
1955,0.0,0.0,0.00047397277029031647,0.03333333333333333,0.04133180252583238,0.8806704779368193,True,83,9,9,1.0
1956,0.0,0.0,0.00011586229760739149,0.03293172690763052,0.002296211251435132,0.08270162890452742,True,82,7,7,0.3811134972558867
1957,0.0,0.0,0.002243400400422181,0.10682730923694779,0.10332950631458095,0.2552358365659641,False,266,19,19,0.9508161204821063
1958,0.0,0.0,0.0012125442861026948,0.03453815261044177,0.0539609644087256,0.9998306003747165,False,86,3,3,1.0
1959,0.0,0.0,0.0007161956997483313,0.02570281124497992,0.04362801377726751,0.9736269555052794,True,64,9,9,1.0
1960,0.0,0.0,0.0,0.02891566265060241,0.0,1.7594188151719304e-09,True,72,4,4,8.183343326381071e-08
1961,0.0,0.0,0.0016846997601024732,0.05943775100401606,0.06544202066590127,0.7808613346434441,False,148,7,7,1.0
1962,0.0,0.0,0.003050059687077724,0.09236947791164658,0.08840413318025259,0.6518455443905664,False,230,9,9,1.0
1963,0.0,0.0,0.0006856528447386146,0.05582329317269076,0.04247990815154994,0.250673930157928,True,139,8,8,0.9406151225438198
1964,0.0,0.0,0.0012226641990829403,0.048594377510040164,0.05855338691159587,0.7939248303402051,False,121,12,12,1.0
1965,0.0,0.0,0.0010694864534397323,0.05823293172690763,0.05510907003444317,0.7711664603665089,False,145,13,13,1.0
1966,0.0,0.0,0.001636812119664828,0.03293172690763052,0.05510907003444317,0.9482592806806477,False,82,9,9,1.0
1967,0.0,0.0,0.002588463723108687,0.06385542168674699,0.09070034443168772,0.9970963893324726,False,159,8,8,1.0
1968,0.0,0.0,0.0,0.005220883534136547,0.009184845005740528,0.532674329075047,True,13,5,5,1.0
1969,0.0,0.0,0.0,0.01325301204819277,0.0,0.00013576939241133581,True,33,3,3,0.0011857588856885226
1970,0.0,0.0,0.0,0.0012048192771084338,0.011481056257175661,0.9999998246328283,True,3,1,1,1.0
1971,0.0,0.0,0.0008962975745728933,0.07309236947791165,0.0505166475315729,0.07501007683891868,True,182,5,5,0.3513352545148416
1972,0.0,0.0,0.00515354402304181,0.11365461847389559,0.1423650975889782,0.9789670549757459,False,283,12,12,1.0
1973,0.0,0.0,0.001032540647255816,0.0321285140562249,0.05166475315729047,0.8998936684498618,False,80,8,8,1.0
1974,0.0,0.0,5.8391751229869236e-05,0.017670682730923693,0.024110218140068886,0.9999996784066866,True,44,2,2,1.0
1975,0.0,0.0,0.0,0.008835341365461847,0.0,0.012255611661744527,True,22,3,3,0.07146510439194102
1976,0.0,0.0,0.008333598623998165,0.1461847389558233,0.18714121699196326,0.9974897777325197,False,364,13,13,1.0
1977,0.0,0.0,0.0,0.006827309236947791,0.0,2.8579456833082378e-08,True,17,3,3,8.050551220586586e-07
1978,0.0,0.0,0.0002669153855674904,0.010843373493975903,0.02640642939150402,0.983497089109781,True,27,5,5,1.0
1979,0.0,0.0,9.698339136684098e-05,0.011244979919678716,0.013777267508610792,0.6851024972629026,True,28,7,7,1.0
1980,0.0,0.0,0.0,0.01566265060240964,0.0,3.724891076732389e-08,True,39,4,4,1.0067273180357808e-06
1981,0.0,0.0,0.0159783166179115,0.1321285140562249,0.1549942594718714,0.95714113752414,False,329,12,12,1.0
1982,0.0,0.0,5.5025340959292134e-05,0.005622489959839358,0.008036739380022962,0.9999029609960124,True,14,1,1,1.0
1983,0.0,0.0,0.0,0.035341365461847386,0.002296211251435132,0.004642137342069208,True,88,6,6,0.030241937081884093
1984,0.0,0.0,0.009463660082316493,0.09437751004016064,0.1285878300803674,0.9798746872182013,False,235,8,8,1.0
1985,0.0,0.0,0.0,0.017670682730923693,0.0,1.175883038274205e-07,True,44,3,3,2.6130734183871224e-06
1986,0.0,0.0,0.0,0.02891566265060241,0.03559127439724455,0.9513883394489636,True,72,3,3,1.0
1987,0.0,0.0,0.005576074780402144,0.08674698795180723,0.12629161882893225,0.935605183939475,False,216,8,8,1.0
1988,0.0,0.0,0.0022366035140373914,0.07389558232931727,0.08495981630309989,0.737679897582296,False,184,6,6,1.0
1989,0.0,0.0,0.0007487744121073543,0.026907630522088354,0.04707233065442021,0.9999993617450987,True,67,6,6,1.0
1990,0.0,0.0,0.00019988695735940055,0.020080321285140562,0.022962112514351322,0.23784477368004037,True,50,8,8,0.9043527516351345
1991,0.0,0.0,0.0,0.03132530120481928,0.001148105625717566,4.672524423669413e-09,True,78,5,5,1.8690097694677654e-07
1992,0.0,0.0,0.0,0.011244979919678716,0.006888633754305396,0.6147474543261582,True,28,8,8,1.0
1993,0.0,0.0,0.0031626836464388433,0.13333333333333333,0.1618828932261768,0.8819631928393137,False,332,8,8,1.0
1994,0.0,0.0,0.0010824683975956023,0.04176706827309237,0.05166475315729047,0.6590618784316518,False,104,10,10,1.0
1995,0.0,0.0,0.000748034339409635,0.05220883534136546,0.04707233065442021,0.1867780197555664,True,130,13,13,0.7441355368747665
1996,0.0,0.0,0.0,0.008835341365461847,0.002296211251435132,0.5955279761464933,True,22,1,1,1.0
1997,0.0,0.0,0.0010047900928645869,0.043775100401606426,0.05166475315729047,0.4078924663429405,False,109,7,7,1.0
1998,0.0,0.0,0.0,0.014457831325301205,0.01722158438576349,0.9914614547045043,True,36,7,7,1.0
1999,0.0,0.0,0.0029879670816763807,0.10361445783132531,0.09758897818599312,0.6330710475115776,False,258,7,7,1.0
