cluster_id,control_median,treated_median,control_q95,treated_presence_frac,control_presence_frac,p_value,control_absent,n_treated_slides,n_compounds,n_experiments,q_value
0,0.0,0.0,0.0011221899871074186,0.040077821011673155,0.05281285878300804,0.9984494895878566,False,103,5,5,1.0
1,0.0,0.0,0.0022077780834248947,0.05797665369649806,0.07462686567164178,0.9869611657975024,False,149,6,6,1.0
2,0.0,0.0,0.0003323731425016256,0.025680933852140077,0.021814006888633754,0.9437990417746569,True,66,9,9,1.0
3,0.0,0.0,0.013420194100599123,0.07315175097276265,0.11710677382319173,0.9999648321930413,False,188,11,11,1.0
4,0.0,0.0,0.00011331155070229656,0.02178988326848249,0.018369690011481057,0.07973343155464668,True,56,9,9,0.36574968603048935
5,0.0,0.0,5.501861885032082e-05,0.030350194552529183,0.004592422502870264,0.11075680612794186,True,78,6,6,0.4723104738931423
6,0.0,0.0,0.0018414155990657565,0.07120622568093385,0.06544202066590127,0.5551680971049691,False,183,8,8,1.0
7,0.0,0.0,0.00037484291105082713,0.033073929961089495,0.03329506314580941,0.8283411534564686,True,85,11,11,1.0
8,0.0,0.0,0.0061234441449109734,0.17276264591439688,0.18714121699196326,0.8340865630332466,False,444,11,11,1.0
9,0.0,0.0,0.00347722238280065,0.1614785992217899,0.14580941446613088,0.4565393711655027,False,415,13,13,1.0
10,0.0,1.9236688211757463e-05,0.0012807549897780155,0.09221789883268483,0.08266360505166476,0.2641519006039664,False,237,19,19,0.9276525247808642
11,0.0,0.0,0.0,0.006614785992217899,0.001148105625717566,0.09676731422015705,True,17,2,2,0.42441804482525025
12,0.0,0.0,0.0,0.021400778210116732,0.0057405281285878304,2.6124331692759572e-05,True,55,6,6,0.0002779184222633997
13,0.0,0.0,0.0,0.010505836575875487,0.001148105625717566,6.252494491266585e-05,True,27,4,4,0.0006160093094843927
14,0.0,0.0,0.0055675624278626375,0.11284046692607004,0.1079219288174512,0.7610691669951991,False,290,18,18,1.0
15,0.0,0.0,0.0041852070417611464,0.058365758754863814,0.09070034443168772,0.9584151762928237,False,150,8,8,1.0
16,0.0,0.0,0.002517646015474169,0.049805447470817124,0.06314580941446613,0.9766190290323515,False,128,6,6,1.0
17,0.0,0.0,0.0064744056361729346,0.19027237354085602,0.18484500574052812,0.08026124802491919,False,489,9,9,0.3664897170087634
18,0.0,0.0,0.001988628542721659,0.09922178988326848,0.08725602755453502,0.9382357340669689,False,255,12,12,1.0
19,0.0001291155584247902,0.00011518084345961875,0.0017452624940017627,0.1303501945525292,0.1251435132032147,0.7384057856689614,False,335,21,22,1.0
20,0.0,0.0,0.00017082663704548142,0.0377431906614786,0.02525832376578645,0.6211258818037119,True,97,5,5,1.0
21,0.0,0.0,0.006132617181680289,0.09377431906614786,0.1354764638346728,0.9998538725800677,False,241,13,13,1.0
22,0.0,0.0,0.020836202429293668,0.13852140077821012,0.17106773823191734,0.9985070584866774,False,356,12,12,1.0
23,0.0,0.0,0.0013564116190002647,0.06108949416342412,0.06544202066590127,0.9643407337968781,False,157,7,7,1.0
24,0.0,0.0,0.00029607423272340794,0.05992217898832685,0.01951779563719862,0.07443407816595192,True,154,8,8,0.34540175483040336
25,0.0,0.0,0.00023357363760877114,0.026848249027237352,0.006888633754305396,0.26745878336639495,True,69,8,8,0.9319121371651391
26,0.0,0.0,0.0018444987847839854,0.04785992217898833,0.0539609644087256,0.3283295119151824,False,123,8,8,1.0
27,0.0,0.0,0.0007727843628454643,0.02529182879377432,0.04707233065442021,0.9999937253503521,True,65,4,4,1.0
28,0.0,0.0,0.00338778334239378,0.09455252918287937,0.1148105625717566,0.631086859574872,False,243,8,8,1.0
29,0.0,0.0,0.005291304156998105,0.09027237354085603,0.12973593570608496,0.9424785130448324,False,232,8,8,1.0
30,0.0,0.0,0.0,0.008560311284046693,0.01722158438576349,0.7292404123070441,True,22,4,4,1.0
31,0.0,0.0,0.008890263681468925,0.10466926070038911,0.1354764638346728,0.9981700371246927,False,269,9,9,1.0
32,0.0,0.0,0.0,0.015953307392996108,0.001148105625717566,8.108138009705037e-08,True,41,3,3,2.106009872650659e-06
33,0.0,0.0,0.002260804270346563,0.04708171206225681,0.07347876004592423,0.9670681665509369,False,121,7,7,1.0
34,0.0,0.0,0.014672770130453346,0.14708171206225681,0.1618828932261768,0.9259212637791381,False,378,12,12,1.0
35,0.0,0.0,0.0014572412708195935,0.08171206225680934,0.08955223880597014,0.36919636900793834,False,210,10,10,1.0
36,0.0,0.0,0.011125798348526277,0.08949416342412451,0.08725602755453502,0.6705514848714058,False,230,7,7,1.0
37,0.0,0.0,0.0009561063639489575,0.04046692607003891,0.0505166475315729,0.9996566444536061,True,104,6,6,1.0
38,0.0,0.0,0.0005751424409538731,0.05019455252918288,0.04362801377726751,0.6327290463721937,True,129,9,9,1.0
39,0.0,0.0,0.0001569253558575321,0.018287937743190662,0.001148105625717566,0.0042768507847070125,True,47,10,10,0.027862220095811158
40,0.0,0.0,0.009017646960508403,0.08443579766536966,0.10677382319173363,0.9584026282123457,False,217,7,7,1.0
41,0.0,0.0,0.0,0.010505836575875487,0.0,4.6869034390710545e-06,True,27,2,2,6.454210168277453e-05
42,0.0,0.0,0.005043959036395781,0.012840466926070038,0.05970149253731343,0.9999997982912856,False,33,8,8,1.0
43,0.0,0.0,0.004913242842010067,0.14163424124513618,0.13892078071182548,0.39186168186174963,False,364,9,9,1.0
44,0.0,0.0,0.001387898212379173,0.03813229571984436,0.05625717566016074,0.9995012694360309,False,98,9,9,1.0
45,0.0,0.0,0.0,0.022568093385214007,0.002296211251435132,0.0009382102272646341,True,58,7,7,0.007134678534331818
46,0.0,0.0,0.0027084164715102934,0.059533073929961086,0.07462686567164178,0.9773849497341465,False,153,12,12,1.0
47,0.0,0.0,0.0002059837448523827,0.019455252918287938,0.024110218140068886,0.9906625410981805,True,50,5,5,1.0
48,0.0,0.0,0.000333226388604867,0.0622568093385214,0.021814006888633754,0.06855694583927739,True,160,5,5,0.3226209215965995
49,0.0,0.0,0.0007990536774825493,0.029182879377431907,0.029850746268656716,0.12101875422596159,True,75,12,12,0.5063546201923079
50,0.0,0.0,0.011292832265996065,0.0688715953307393,0.09414466130884042,0.9941551345189936,False,177,8,8,1.0
51,0.0,0.0,0.0033699889291493026,0.12490272373540856,0.13432835820895522,0.9991107928689806,False,321,6,6,1.0
52,0.0,0.0,0.0,0.029961089494163425,0.003444316877152698,1.2680805618285425e-06,True,77,5,5,2.0619196127293375e-05
53,0.0,0.0,0.0019088760127496949,0.06964980544747082,0.07462686567164178,0.9757408487863316,False,179,12,12,1.0
54,0.0,0.0,0.001101694904253383,0.03501945525291829,0.0539609644087256,0.9919472188179099,False,90,6,6,1.0
55,0.0,0.0,0.007245828611893899,0.06108949416342412,0.1079219288174512,0.9992294580943217,False,157,13,13,1.0
56,0.0,0.0,0.00033451981569101265,0.0357976653696498,0.02870264064293915,0.9463941052065161,True,92,12,12,1.0
57,0.0,0.0,0.0045077790620465675,0.03463035019455253,0.07233065442020666,0.9999684141419106,False,89,4,4,1.0
58,0.0,0.0,0.008527454315029832,0.07782101167315175,0.10907003444316878,0.9131893825454601,False,200,8,8,1.0
59,0.0,0.0,4.5903147025195625e-05,0.005836575875486381,0.012629161882893225,0.9798349347205092,True,15,5,5,1.0
60,0.0,0.0,0.00320258052605398,0.04357976653696498,0.07807118254879448,0.969558574306994,False,112,6,6,1.0
61,0.0,0.0,0.003913343816792389,0.13073929961089495,0.15729047072330654,0.9089271261135365,False,336,11,11,1.0
62,0.0,0.0,0.004353775145900856,0.13852140077821012,0.14006888633754305,0.9900573378352955,False,356,6,6,1.0
63,0.0,0.0,0.0020754421397699255,0.023735408560311283,0.060849598163030996,0.9999698124416979,False,61,9,9,1.0
64,0.0,0.0,0.00405784349202749,0.06498054474708172,0.0642939150401837,0.6325135749508455,False,167,11,11,1.0
65,0.0,0.0,0.0,0.013618677042801557,0.0,1.628131980231582e-06,True,35,3,3,2.543956219111847e-05
66,0.0,0.0,0.00024316152043831537,0.01556420233463035,0.02525832376578645,0.9999901424542473,True,40,2,2,1.0
67,0.0,0.0,0.0,0.027237354085603113,0.001148105625717566,0.0010073124837406185,True,70,4,4,0.007545411863225607
68,0.0,0.0,0.009335514949226471,0.11361867704280156,0.15614236509758897,0.9974671387799969,False,292,8,8,1.0
69,0.0,0.0,0.0011735389029230835,0.04552529182879377,0.0539609644087256,0.9007610260317204,False,117,8,8,1.0
70,0.0,0.0,0.0003233994251763501,0.03852140077821012,0.022962112514351322,0.28652118923504083,True,99,8,8,0.972907263955996
71,0.0,0.0,0.00018670901321947864,0.03618677042801557,0.045924225028702644,0.7930153026051142,True,93,5,5,1.0
72,0.00017400382808421786,0.0002627111357860275,0.004056676472883146,0.3070038910505837,0.29621125143513205,0.054870704369348385,False,789,29,29,0.2663626425696523
73,0.0,0.0,6.355038876186707e-05,0.010894941634241245,0.009184845005740528,0.423075254024984,True,28,4,4,1.0
74,0.0,0.0,0.0,0.014007782101167316,0.001148105625717566,0.0050158135237364935,True,36,5,5,0.03236008724991286
75,0.0,0.0,0.0030572073701649735,0.06926070038910506,0.07921928817451206,0.9943650853288685,False,178,6,6,1.0
76,0.0,0.0,0.0016099525108190223,0.06731517509727626,0.06888633754305395,0.4169480953383528,False,173,14,14,1.0
77,0.0,0.0,0.006355880665793088,0.06536964980544747,0.08725602755453502,0.987806747993633,False,168,5,5,1.0
78,0.0,0.0,0.00047563049645262445,0.05291828793774319,0.029850746268656716,0.10841609001297015,True,136,9,9,0.46530510735180314
79,0.0,0.0,0.0017179840364402255,0.059533073929961086,0.05855338691159587,0.6856727365472258,False,153,8,8,1.0
80,0.0,0.0,0.004155598989575116,0.23735408560311283,0.2399540757749713,0.6909169909813362,False,610,14,14,1.0
81,0.0,0.0,0.0,0.009727626459143969,0.0,9.053921744044829e-07,True,25,2,2,1.5216675200075345e-05
82,0.0,0.0,0.008415504498021292,0.07431906614785992,0.08725602755453502,0.6948944722871403,False,191,7,7,1.0
83,0.0,0.0,0.004755747572498791,0.08599221789883268,0.09873708381171067,0.9139785006076133,False,221,15,15,1.0
84,0.0,0.0,0.003515086653866826,0.10894941634241245,0.11021814006888633,0.6541135473685862,False,280,8,8,1.0
85,0.0,0.0,0.0,0.019844357976653695,0.0,0.005821677502316682,True,51,7,7,0.03684606014124482
86,0.0,0.0,0.001762614733294793,0.05330739299610895,0.0539609644087256,0.8283766283459533,False,137,7,7,1.0
87,0.0,0.0,0.0005306024274385416,0.029182879377431907,0.03903559127439724,0.5680779146350176,True,75,6,6,1.0
88,0.0,0.0,0.00982539525293684,0.050972762645914396,0.09758897818599312,0.9999809688464899,False,131,6,6,1.0
89,0.0,0.0,0.004187142486834166,0.1272373540856031,0.13203214695752008,0.3266139040661428,False,327,8,8,1.0
90,0.0,0.0,0.0011495893295140008,0.061867704280155644,0.06544202066590127,0.701996042164903,False,159,13,13,1.0
91,0.0,0.0,0.007211116017836871,0.0622568093385214,0.08955223880597014,0.9889216904799456,False,160,8,8,1.0
92,0.0,0.0,0.008888067555392825,0.10700389105058365,0.1044776119402985,0.7568869536756033,False,275,12,12,1.0
93,0.0,0.0,0.004730391865109297,0.07821011673151751,0.11940298507462686,0.9999904566429223,False,201,7,7,1.0
94,0.0,0.0,0.005707721667914453,0.06031128404669261,0.09299655568312284,0.9944241443557188,False,155,7,7,1.0
95,0.0,0.0,0.0005485671361958183,0.051361867704280154,0.03329506314580941,0.006232408895917606,True,132,6,6,0.03902073314232296
96,0.0,0.0,0.0,0.021400778210116732,0.014925373134328358,0.29984212755934936,True,55,13,13,1.0
97,0.0,0.0,0.0017187590704437878,0.04552529182879377,0.06888633754305395,0.9253173596622408,False,117,9,9,1.0
98,0.0,0.0,0.00247461516811362,0.07470817120622568,0.09873708381171067,0.9964849654848749,False,192,7,7,1.0
99,0.0,0.0,0.001381882326502965,0.005447470817120622,0.05166475315729047,0.9999999999991143,False,14,4,4,1.0
100,0.0,0.0,0.005173085763941888,0.08793774319066149,0.1079219288174512,0.7483005674779718,False,226,8,8,1.0
101,0.0,0.0,0.0025197472943493454,0.06536964980544747,0.06314580941446613,0.4271389750163833,False,168,11,11,1.0
102,0.0,0.0,0.0,0.003501945525291829,0.0,0.00016970860190859108,True,9,2,2,0.0015018460345893015
103,0.0,0.0,0.0,0.012062256809338522,0.01722158438576349,0.25785255911067495,True,31,5,5,0.9127524216307078
104,0.0,0.0,0.0,0.00894941634241245,0.0,8.227680471582515e-05,True,23,3,3,0.0007798749262163522
105,0.0,0.0,0.006703643955931171,0.11556420233463036,0.13432835820895522,0.7774253472157024,False,297,8,8,1.0
106,0.0,0.0,0.0021824476451660574,0.07782101167315175,0.07233065442020666,0.1785940025617047,False,200,7,7,0.6895521334428754
107,0.0,0.0,0.0,0.026848249027237352,0.0057405281285878304,0.00041056350686537044,True,69,4,4,0.003310996023107826
108,0.0,0.0,0.0013499736784073082,0.10233463035019455,0.06659012629161883,0.25348571806028564,False,263,6,6,0.9017635123199245
109,0.0,0.0,0.00013877540510303586,0.026070038910505838,0.008036739380022962,0.081291655069896,True,67,7,7,0.3678355433026968
110,0.0,0.0,0.0010252478115790134,0.034241245136186774,0.0505166475315729,0.6726892522314383,False,88,7,7,1.0
111,0.0,0.0,0.004155299983533275,0.07859922178988327,0.07347876004592423,0.5033658862594123,False,202,5,5,1.0
112,0.0,0.0,5.0132207699033984e-05,0.0178988326848249,0.010332950631458095,0.7422772307888437,True,46,6,6,1.0
113,0.0,0.0,0.004202561086152161,0.029961089494163425,0.0711825487944891,0.9999999134223095,False,77,6,6,1.0
114,0.0,0.0,0.0,0.01556420233463035,0.0,2.3510479382830185e-05,True,40,6,6,0.00025561624680735815
115,0.0,0.0,0.003949484938780774,0.077431906614786,0.10218140068886337,0.9781792347817514,False,199,8,8,1.0
116,0.0,0.0,0.0,0.03268482490272374,0.004592422502870264,5.912031208938619e-05,True,84,6,6,0.0005912031208938619
117,0.0,0.0,0.006172799300052337,0.0622568093385214,0.09529276693455797,0.9998364101595818,False,160,9,9,1.0
118,0.0,0.0,0.003610383901766004,0.06731517509727626,0.08610792192881746,0.8400936308157022,False,173,8,8,1.0
119,0.0,0.0,0.002989724655113376,0.07509727626459144,0.07233065442020666,0.7085463469099302,False,193,13,13,1.0
120,0.0,0.0,0.005751795196024194,0.13813229571984437,0.15040183696900114,0.8700700030919303,False,355,13,13,1.0
121,0.0,0.0,0.0,0.017509727626459144,0.0,1.7559833735404208e-05,True,45,5,5,0.00019619925961345482
122,0.0,0.0,0.004865725811449753,0.11634241245136187,0.11710677382319173,0.40767084737431347,False,299,9,9,1.0
123,0.0,0.0,0.002709374044436766,0.06731517509727626,0.08036739380022963,0.9864254700853937,False,173,8,8,1.0
124,0.0,0.0,0.000505853872333996,0.020233463035019456,0.03903559127439724,0.9999841666553805,True,52,7,7,1.0
125,0.0,0.0,0.0,0.024124513618677044,0.0,6.102410433007803e-05,True,62,3,3,0.0006041990527730497
126,0.0,0.0,0.0,0.007782101167315175,0.006888633754305396,0.1796590437318738,True,20,3,3,0.6919564994065349
127,0.0,0.0,0.0,0.021400778210116732,0.0,8.865197842367929e-10,True,55,5,5,5.6204299845330455e-08
128,0.0,0.0,0.0011582132454991216,0.049805447470817124,0.05510907003444317,0.476345100846792,False,128,6,6,1.0
129,0.0,0.0,0.0005088382360742445,0.038910505836575876,0.03444316877152698,0.16547672226511173,True,100,8,8,0.6451334201368878
130,0.0,0.0,0.0007042292342774819,0.031906614785992216,0.04362801377726751,0.9721923152171347,True,82,8,8,1.0
131,0.0,0.0,0.005518768987051229,0.061867704280155644,0.08495981630309989,0.9996427365395836,False,159,14,14,1.0
132,0.0,0.0,0.001984454794868458,0.07898832684824902,0.10332950631458095,0.989498880635488,False,203,8,8,1.0
133,0.0,0.0,0.006452343047124304,0.08249027237354085,0.10218140068886337,0.9715466011517689,False,212,11,11,1.0
134,0.0,0.0,0.00012415292399380458,0.03501945525291829,0.03903559127439724,0.7904105778490693,True,90,5,5,1.0
135,0.0,0.0,0.0012033604494681993,0.04319066147859922,0.05510907003444317,0.9592634260878594,False,111,11,11,1.0
136,0.0,0.0,0.008637395819466102,0.035408560311284046,0.08151549942594719,0.9999921190939065,False,91,5,5,1.0
137,0.0,0.0,0.008477242545612995,0.18171206225680933,0.23191733639494833,0.9974896877829096,False,467,12,12,1.0
138,0.0,0.0,0.0,0.014785992217898832,0.010332950631458095,0.24770644741996878,True,38,4,4,0.8894306909155073
139,0.0,0.0,0.003971965510561372,0.08093385214007782,0.09644087256027555,0.6999096117886241,False,208,11,11,1.0
140,0.0,0.0,5.559315455201822e-05,0.004280155642023347,0.0057405281285878304,0.3586287875615126,True,11,6,6,1.0
141,0.0,0.0,0.0,0.010505836575875487,0.0,1.0324970964717748e-05,True,27,4,4,0.0001259142800575335
142,0.0,0.0,0.0012341005992782266,0.04824902723735409,0.05970149253731343,0.9483419788534213,False,124,9,9,1.0
143,0.0,0.0,0.013733243139301705,0.10739299610894941,0.12629161882893225,0.989732921931946,False,276,11,11,1.0
144,0.0,0.0,0.010155472467821867,0.11206225680933853,0.13318025258323765,0.8584502536313867,False,288,8,8,1.0
145,0.0,0.0,0.0038107030693588033,0.047470817120622566,0.09299655568312284,0.9999010694772085,False,122,8,8,1.0
146,0.0,0.0,0.003956209935247229,0.10350194552529182,0.12629161882893225,0.9807201784547213,False,266,8,8,1.0
147,0.0,0.0,0.0,0.015953307392996108,0.0,4.6869034390710545e-06,True,41,1,1,6.454210168277453e-05
148,0.0,0.0,0.00010249311674603695,0.0357976653696498,0.03788748564867968,0.5443013843674396,True,92,5,5,1.0
149,0.0,0.0,0.00832677086880804,0.07782101167315175,0.10218140068886337,0.993783049907121,False,200,6,6,1.0
150,0.0,0.0,0.003492615787596621,0.07470817120622568,0.09184845005740529,0.9753165556862572,False,192,8,8,1.0
151,0.0,0.0,0.002144640403002054,0.15875486381322956,0.1515499425947187,0.3967655794266063,False,408,9,9,1.0
152,0.0,0.0,0.00019212792533601945,0.03852140077821012,0.03788748564867968,0.17990868984569908,True,99,8,8,0.6919564994065349
153,0.0,0.0,0.01503095426476962,0.06809338521400778,0.09644087256027555,0.9996123376101389,False,175,12,12,1.0
154,0.0,0.0,0.0002009838775469733,0.029182879377431907,0.024110218140068886,0.32431792537500104,True,75,8,8,1.0
155,0.0,0.0,0.0070789412375693896,0.07237354085603113,0.1079219288174512,0.9997405324834966,False,186,6,6,1.0
156,0.0,0.0,0.0007123699183630471,0.07859922178988327,0.03673938002296211,0.2671674299755968,True,202,7,7,0.9319121371651391
157,0.0,0.0,0.00237030810983234,0.0490272373540856,0.0642939150401837,0.9976621984286724,False,126,5,5,1.0
158,0.0,0.0,0.0010936068350019625,0.06031128404669261,0.0539609644087256,0.27596093606854477,False,155,6,6,0.9483217180718418
159,0.0,0.0,0.0031264499531880492,0.1264591439688716,0.13892078071182548,0.9897297085969354,False,325,6,6,1.0
160,0.0,0.0,0.0022974822110995337,0.05680933852140078,0.0574052812858783,0.9518008112129777,False,146,6,6,1.0
161,0.0,0.0,0.0,0.02529182879377432,0.0,5.299217659105685e-07,True,65,6,6,9.905079736646142e-06
162,0.0,0.0,0.006156311195281463,0.15914396887159532,0.1618828932261768,0.3548163268733319,False,409,8,8,1.0
163,0.0,0.0,0.0010974377288946423,0.03968871595330739,0.05625717566016074,0.9936428646475096,False,102,6,6,1.0
164,0.0,0.0,0.0015602937228840694,0.010894941634241245,0.05625717566016074,0.9795201112906827,False,28,7,7,1.0
165,0.0,0.0,0.0,0.013229571984435798,0.0,4.664596890833334e-11,True,34,4,4,7.77432815138889e-09
166,0.0,0.0,0.0010057050141384083,0.04552529182879377,0.0505166475315729,0.9997053382176182,False,117,6,6,1.0
167,0.0,0.0,0.0030016312166360193,0.05797665369649806,0.07807118254879448,0.9095404798178466,False,149,9,9,1.0
168,0.0,0.0,0.0199104348839977,0.14785992217898833,0.182548794489093,0.9975676828241752,False,380,12,12,1.0
169,0.0,0.0,0.0010945194522067442,0.031906614785992216,0.05625717566016074,0.9999783780638465,False,82,12,12,1.0
170,0.0,0.0,0.0019841696734481796,0.0443579766536965,0.07577497129735936,0.989202870309579,False,114,6,6,1.0
171,0.0,0.0,0.003403318073746582,0.08793774319066149,0.11021814006888633,0.41159463697747584,False,226,8,8,1.0
172,0.0,0.0,0.0024018766923350043,0.050972762645914396,0.06314580941446613,0.9956360906420888,False,131,5,5,1.0
173,0.0,0.0,5.96488279820668e-05,0.009727626459143969,0.012629161882893225,0.9829202244126669,True,25,6,6,1.0
174,0.0,0.0,0.0016712970683827144,0.05175097276264591,0.07347876004592423,0.7912834309187564,False,133,8,8,1.0
175,0.0,0.0,0.0073873763311059154,0.07237354085603113,0.08955223880597014,0.8820727868849463,False,186,8,8,1.0
176,0.0,0.0,0.0019558865025882974,0.14435797665369648,0.12284730195177956,0.1069779460616167,False,371,10,10,0.4611118364724858
177,0.0,0.0,0.00014442485181234314,0.029182879377431907,0.03214695752009185,0.3266573988274778,True,75,5,5,1.0
178,0.0,0.0,0.0,0.014396887159533073,0.001148105625717566,0.0003371603011703206,True,37,3,3,0.002798010798093947
179,0.0,0.0,6.946407960823692e-05,0.031906614785992216,0.013777267508610792,0.08065505753779784,True,82,9,9,0.3665653584783853
180,0.0,0.0,0.0006744387384350974,0.0311284046692607,0.040183696900114814,0.9979093604264337,True,80,6,6,1.0
181,0.0,0.0,0.0,0.019844357976653695,0.002296211251435132,0.008382312145086833,True,51,6,6,0.050690107834417526
182,0.0,0.0,0.0004166156654073401,0.013618677042801557,0.03788748564867968,0.9999865931005262,True,35,7,7,1.0
183,0.0,0.0,0.0014989335897327796,0.038910505836575876,0.05281285878300804,0.948218896804833,False,100,6,6,1.0
184,0.0,0.0,0.0011120803711328524,0.03073929961089494,0.05970149253731343,0.9999969483053729,False,79,7,7,1.0
185,0.0,0.0,0.002174715188413818,0.08132295719844358,0.08840413318025259,0.9342359345263409,False,209,4,4,1.0
186,0.0,0.0,0.007659771737079187,0.1132295719844358,0.1354764638346728,0.9530504545828307,False,291,8,8,1.0
187,0.0,0.0,0.0,0.020622568093385214,0.0,2.437553284738652e-10,True,53,3,3,2.8576678721762318e-08
188,0.0,0.0,0.0016146567779780274,0.05019455252918288,0.05970149253731343,0.9612222017741793,False,129,6,6,1.0
189,0.0,0.0,0.00502745152437299,0.15797665369649805,0.1549942594718714,0.10697387760148391,False,406,11,11,0.4611118364724858
190,0.0,0.0,0.0002719572703470419,0.006614785992217899,0.02640642939150402,0.9999112597301998,True,17,4,4,1.0
191,0.0,0.0,0.0,0.010505836575875487,0.0,4.3300699880393766e-07,True,27,4,4,8.327057669306493e-06
192,0.0,0.0,0.003606842917777449,0.05175097276264591,0.07233065442020666,0.9922838221112654,False,133,6,6,1.0
193,0.0,0.0,0.0,0.015175097276264591,0.001148105625717566,1.2492093998520867e-06,True,39,6,6,2.047884262052601e-05
194,0.0,0.0,0.002137215132999748,0.052140077821011675,0.05855338691159587,0.12878410097470444,False,134,13,13,0.5321657065070431
195,0.0,0.0,5.914240592139369e-05,0.0311284046692607,0.001148105625717566,0.027998564496797492,True,80,6,6,0.1458258567541536
196,0.0,0.0,0.00024349516804688924,0.045136186770428015,0.04133180252583238,0.5935262545773744,True,116,5,5,1.0
197,0.0,0.0,0.00043706462320760003,0.015953307392996108,0.029850746268656716,0.992074946091837,True,41,8,8,1.0
198,0.0,0.0,0.0,0.014396887159533073,0.0057405281285878304,0.028887976807406592,True,37,5,5,0.15006741198652776
199,0.0,0.0,0.00031443387434592994,0.015953307392996108,0.03214695752009185,0.9999730335576644,True,41,4,4,1.0
200,0.0,0.0,0.005217996238216216,0.2019455252918288,0.21125143513203215,0.5372407200495798,False,519,13,13,1.0
201,0.0,0.0,6.940797230047681e-05,0.05175097276264591,0.010332950631458095,0.06235861143695491,True,133,6,6,0.2983665618993058
202,0.0,0.0,0.0,0.011284046692607004,0.0,2.5719010849586087e-10,True,29,5,5,2.8576678721762318e-08
203,0.0,0.0,0.0017767055997280274,0.0622568093385214,0.0677382319173364,0.685760291908411,False,160,8,8,1.0
204,0.0,0.0,6.944451008450992e-05,0.0245136186770428,0.014925373134328358,0.0680535538383563,True,63,5,5,0.321007329426209
205,0.0,0.0,0.0011509172951553919,0.06031128404669261,0.06544202066590127,0.989829218201095,False,155,8,8,1.0
206,0.0,0.0,0.00742299120279572,0.2630350194552529,0.2847301951779564,0.8746889772315078,False,676,13,13,1.0
207,0.0,0.0,0.004040501976468858,0.058365758754863814,0.07233065442020666,0.36966776584624766,False,150,8,8,1.0
208,0.0,0.0,0.0022232761406146507,0.08365758754863813,0.09070034443168772,0.6416882860625917,False,215,13,13,1.0
209,0.0,0.0,0.0,0.015175097276264591,0.0,7.636136625785174e-09,True,39,3,3,3.0544546503140696e-07
210,0.0,0.0,0.011784254365272757,0.06926070038910506,0.1044776119402985,0.9947612451142304,False,178,12,12,1.0
211,0.0,0.0,0.00013501036898315617,0.028793774319066146,0.021814006888633754,0.3954712794231702,True,74,9,9,1.0
212,0.0,0.0,0.0,0.01556420233463035,0.0,0.00030600182869619963,True,40,3,3,0.0025714439386235266
213,0.0,0.0,0.0027983335271397035,0.031906614785992216,0.06199770378874857,0.9971572754464475,False,82,6,6,1.0
214,0.0,0.0,0.0,0.018287937743190662,0.0,0.007840831348223571,True,47,4,4,0.04766462825667825
215,0.0,0.0,0.0,0.02178988326848249,0.0,1.442292478697992e-05,True,56,3,3,0.00016968146808211672
216,0.0,0.0,0.0003956432386569116,0.026848249027237352,0.03329506314580941,0.9999107515619812,True,69,4,4,1.0
217,0.0,0.0,0.00026744571634897883,0.020622568093385214,0.030998851894374284,0.9995294830156194,True,53,7,7,1.0
218,0.0,0.0,0.006822717702533807,0.049805447470817124,0.07347876004592423,0.9950067953930144,False,128,6,6,1.0
219,0.0,0.0,0.010657399344500692,0.1369649805447471,0.16417910447761194,0.9662194997015833,False,352,8,8,1.0
220,0.0,0.0,0.00011440921094469188,0.04124513618677043,0.010332950631458095,0.432655257245517,True,106,7,7,1.0
221,0.0,0.0,0.01962071185434472,0.09182879377431907,0.14121699196326062,0.998668354569894,False,236,12,12,1.0
222,0.0,0.0,0.00031341600931182037,0.03229571984435798,0.03788748564867968,0.4787473699273857,True,83,11,11,1.0
223,0.0,0.0,0.0,0.051361867704280154,0.0057405281285878304,1.09295491755491e-08,True,132,6,6,4.124358179452491e-07
224,0.0,4.714233440956462e-05,0.0012726089008790668,0.11517509727626458,0.1113662456946039,0.05143174943742354,False,296,17,17,0.2514999972490149
225,0.0,0.0,0.0005788880877846201,0.08287937743190661,0.02525832376578645,0.020450828834165966,True,213,6,6,0.11175316302822932
226,0.0,0.0,0.00045251141610332975,0.01906614785992218,0.024110218140068886,0.9988940632806341,True,49,7,7,1.0
227,0.0,0.0,0.00016069031698379187,0.040077821011673155,0.016073478760045924,0.002255991714099306,True,103,6,6,0.015721196613932443
228,0.0,0.0,0.001554998739947698,0.06848249027237355,0.07003444316877153,0.5223124013760154,False,176,12,12,1.0
229,0.0,0.0,0.0,0.01906614785992218,0.004592422502870264,0.2651785274248532,True,49,4,4,0.9288214620835489
230,0.0,0.0,7.945533091380727e-05,0.013229571984435798,0.0,0.13120813581412882,True,34,6,6,0.5399511761898306
231,0.0,0.0,0.0,0.0443579766536965,0.040183696900114814,0.33411016161845286,True,114,5,5,1.0
232,0.0,0.0,0.007132649840005582,0.14552529182879378,0.15614236509758897,0.7193566986694989,False,374,8,8,1.0
233,0.0,0.0,0.008429449439000952,0.08015564202334631,0.11940298507462686,0.9987421101732493,False,206,9,9,1.0
234,0.0,0.0,0.0010965376386804877,0.061867704280155644,0.0505166475315729,0.24947045629078168,False,159,5,5,0.8941593415440204
235,0.0,0.0,0.0038359820694959107,0.0754863813229572,0.09299655568312284,0.9554265826796131,False,194,8,8,1.0
236,0.0,0.0,0.00311259027970578,0.088715953307393,0.08495981630309989,0.32705661482384324,False,228,6,6,1.0
237,0.0,0.0,0.000205509764907711,0.01867704280155642,0.030998851894374284,0.982278992539618,True,48,9,9,1.0
238,0.0,0.0,0.00013827821989358368,0.030350194552529183,0.009184845005740528,0.058980659534377575,True,78,7,7,0.2842441423343498
239,0.0,0.0,0.015290493129820663,0.10933852140077821,0.14925373134328357,0.9972822712620216,False,281,12,12,1.0
240,0.0,0.0,0.0,0.024124513618677044,0.0,7.099599964451524e-10,True,62,5,5,5.071142831751089e-08
241,0.0,0.0,0.012153838078046219,0.07665369649805448,0.08725602755453502,0.7756833176491773,False,197,11,11,1.0
242,0.0,0.0,0.00012563882452443388,0.010894941634241245,0.029850746268656716,0.9990738318323557,True,28,5,5,1.0
243,0.0,0.0,0.0,0.011673151750972763,0.0,0.0001089105371404863,True,30,3,3,0.001022634151553862
244,0.0,0.0,0.0068827919907453634,0.029961089494163425,0.08725602755453502,0.9999996941043201,False,77,6,6,1.0
245,0.0,0.0,5.718698631989439e-05,0.026070038910505838,0.011481056257175661,0.029501170403287015,True,67,4,4,0.1528558051983783
246,0.0,0.0,7.607758619691799e-05,0.04124513618677043,0.0,5.545585248607596e-08,True,106,11,11,1.4788227329620257e-06
247,0.0,0.0,0.007745987211023302,0.07315175097276265,0.10562571756601608,0.999166397837423,False,188,11,11,1.0
248,0.0,0.0,0.0,0.007003891050583658,0.008036739380022962,0.3132683656172329,True,18,4,4,1.0
249,0.0,0.0,5.979036469666575e-05,0.0311284046692607,0.01951779563719862,0.3284722633372791,True,80,8,8,1.0
250,0.0,0.0,0.002862991429844873,0.06536964980544747,0.07003444316877153,0.270875232234531,False,168,10,10,0.9389089505529672
251,0.0,0.0,0.006161599734923126,0.122568093385214,0.14351320321469574,0.9986858476613574,False,315,6,6,1.0
252,0.0,0.0,0.002011323944921201,0.027237354085603113,0.0711825487944891,0.9999061572451677,False,70,5,5,1.0
253,0.0,0.0,0.00016700186974963913,0.01556420233463035,0.03329506314580941,0.9999951583857675,True,40,5,5,1.0
254,0.0,0.0,0.00484177274585007,0.11673151750972763,0.13892078071182548,0.9997673562800402,False,300,6,6,1.0
255,0.0,0.0,0.0023973233351549167,0.05992217898832685,0.07577497129735936,0.9991967775971956,False,154,6,6,1.0
256,0.0,0.0,0.0,0.027237354085603113,0.0,5.768966744189899e-10,True,70,4,4,4.445064944145325e-08
257,0.0,0.0,0.0002846533453915895,0.024124513618677044,0.02870264064293915,0.8490985746924538,True,62,6,6,1.0
258,0.0,0.0,0.007839306158418102,0.09533073929961089,0.09184845005740529,0.5032537864539898,False,245,6,6,1.0
259,0.0,0.0,0.0,0.00933852140077821,0.001148105625717566,0.005802775014893847,True,24,7,7,0.03684301596757998
260,0.0,0.0,0.000340106983886424,0.022568093385214007,0.030998851894374284,0.9999770600457726,True,58,3,3,1.0
261,0.0,0.0,0.0,0.021400778210116732,0.0,1.352250937644458e-08,True,55,3,3,4.744740132085818e-07
262,0.0,0.0,0.0002549547199429361,0.05603112840466926,0.02066590126291619,0.6679479639348697,True,144,5,5,1.0
263,0.0,0.0,0.0010732588082029396,0.04708171206225681,0.05166475315729047,0.37546903714722624,False,121,5,5,1.0
264,0.0,0.0,0.0,0.015953307392996108,0.0,2.0982948630642906e-06,True,41,4,4,3.1317833777078967e-05
265,0.0,0.0,0.0016809985265715955,0.058365758754863814,0.0677382319173364,0.2952942070495956,False,150,11,11,0.9942565893925778
266,0.0,0.0,0.00010238559725754197,0.02217898832684825,0.029850746268656716,0.9587281397749794,True,57,4,4,1.0
267,0.0,0.0,0.0006907582542839293,0.016731517509727626,0.04477611940298507,0.9998493313699489,True,43,7,7,1.0
268,0.0,0.0,0.0,0.052140077821011675,0.008036739380022962,1.1734722928110394e-05,True,134,5,5,0.0001413822039531373
269,0.0,0.0,0.00273134786124005,0.12801556420233462,0.14121699196326062,0.7590494340714855,False,329,9,9,1.0
270,0.0,0.0,0.0056008166537320474,0.050972762645914396,0.08381171067738231,0.9993566591823185,False,131,6,6,1.0
271,0.0,0.0,0.0,0.0178988326848249,0.0,2.3010456650191558e-08,True,46,3,3,7.164325699505369e-07
272,0.0,0.0,0.010527652095360121,0.12529182879377432,0.1653272101033295,0.998811788850162,False,322,12,12,1.0
273,0.0,0.0,0.0004657782920072314,0.03968871595330739,0.030998851894374284,0.9112448101937938,True,102,7,7,1.0
274,0.0,0.0,0.0013179619306835989,0.05019455252918288,0.05281285878300804,0.9740843770285856,False,129,5,5,1.0
275,0.0,0.0,0.008264527233422067,0.09649805447470818,0.11710677382319173,0.9489561855399383,False,248,8,8,1.0
276,0.0,0.0,0.0027513752797670944,0.06964980544747082,0.10907003444316878,0.9997786292547762,False,179,13,13,1.0
277,0.0,0.0,0.007680107051346559,0.11634241245136187,0.13892078071182548,0.7766292019738626,False,299,8,8,1.0
278,0.0,0.0,0.000852988670825914,0.05408560311284047,0.04822043628013777,0.7112098179454631,True,139,6,6,1.0
279,0.0,0.0,0.0001895827427128167,0.040077821011673155,0.029850746268656716,0.19985384960687974,True,103,11,11,0.7569112839167857
280,0.0,0.0,0.00011314511533255556,0.041634241245136185,0.02066590126291619,0.5361581509018861,True,107,6,6,1.0
281,0.0,0.0,0.0062317294548863734,0.2140077821011673,0.2525832376578645,0.9571576809834508,False,550,12,12,1.0
282,0.0,0.0,6.194258245833178e-05,0.02801556420233463,0.016073478760045924,0.015257262028420688,True,72,5,5,0.08644341092589625
283,0.0,0.0,0.0005588852322833017,0.021400778210116732,0.03788748564867968,0.9992649881162613,True,55,4,4,1.0
284,0.0,0.0,0.0012470640603891897,0.10194552529182879,0.09070034443168772,0.647757999392457,False,262,14,14,1.0
285,0.0,0.0,0.00015026695584395068,0.02801556420233463,0.030998851894374284,0.845821589123537,True,72,5,5,1.0
286,0.0,0.0,0.003821222669356898,0.08249027237354085,0.08955223880597014,0.914335248309627,False,212,14,14,1.0
287,0.0,0.0,0.003797254851919505,0.12334630350194553,0.15040183696900114,0.8446035950190798,False,317,9,9,1.0
288,0.0,0.0,0.002215146218144589,0.05175097276264591,0.06659012629161883,0.9869904076163059,False,133,10,10,1.0
289,0.0,0.0,0.011078738751689441,0.10038910505836576,0.12284730195177956,0.8546410022945341,False,258,7,7,1.0
290,0.0,0.0,0.00034368290593661375,0.026848249027237352,0.016073478760045924,0.025949242798230642,True,69,8,8,0.13621649762850732
291,0.0,0.0,0.0017035405401664206,0.042412451361867706,0.05281285878300804,0.9492876102822299,False,109,6,6,1.0
292,0.0,0.0,0.0004749643314328895,0.03346303501945525,0.02640642939150402,0.9368622988919637,True,86,11,11,1.0
293,0.0,0.0,0.0,0.00894941634241245,0.0,1.7551937510244247e-05,True,23,4,4,0.00019619925961345482
294,0.0,0.0,0.001871840867973501,0.042412451361867706,0.06314580941446613,0.9950960075155147,False,109,6,6,1.0
295,0.0,0.0,7.21560900864503e-05,0.024902723735408562,0.004592422502870264,0.009006897615467403,True,64,5,5,0.05425841937028556
296,0.0,0.0,0.01740858906465638,0.09221789883268483,0.12629161882893225,0.9891408178491413,False,237,8,8,1.0
297,0.0,0.0,0.015886548441925746,0.154863813229572,0.20436280137772675,0.9974101971165078,False,398,12,12,1.0
298,0.0,0.0,7.891405590822827e-05,0.022568093385214007,0.0,0.00023237308665819176,True,58,7,7,0.0019946187695982125
299,0.0,0.0,0.0037607446167069627,0.19649805447470817,0.19862227324913892,0.6970364439368453,False,505,15,15,1.0
300,0.0,0.0,0.0023152722937911374,0.0443579766536965,0.06199770378874857,0.9945866369215269,False,114,8,8,1.0
301,0.0,0.0,0.0,0.014785992217898832,0.0,2.5508623271858048e-05,True,38,4,4,0.0002742862717404091
302,0.0,0.0,0.004753386077581455,0.09260700389105059,0.1113662456946039,0.977931015079256,False,238,7,7,1.0
303,0.0,0.0,0.0013310683846603616,0.04708171206225681,0.060849598163030996,0.9906566457510765,False,121,9,9,1.0
304,0.0,0.0,0.0008280011166337571,0.0622568093385214,0.04362801377726751,0.7552393907200707,True,160,9,9,1.0
305,0.0,0.0,0.008865102654494599,0.08638132295719844,0.1079219288174512,0.6917924160473923,False,222,8,8,1.0
306,0.0,0.0,0.0005866177611438137,0.026848249027237352,0.04707233065442021,0.9802242439967919,True,69,4,4,1.0
307,0.0,0.0,0.00476402452604874,0.21206225680933852,0.22388059701492538,0.7533288849831673,False,545,13,13,1.0
308,0.0,0.0,0.00457643752003154,0.09066147859922179,0.10907003444316878,0.9381311934918642,False,233,9,9,1.0
309,0.0,0.0,5.009088853635713e-05,0.0311284046692607,0.02870264064293915,0.25350903907906586,True,80,6,6,0.9017635123199245
310,0.0,0.0,0.00032189840988164576,0.041634241245136185,0.030998851894374284,0.3278245915471989,True,107,5,5,1.0
311,0.0,0.0,0.009991454880815558,0.11750972762645914,0.14006888633754305,0.832095828544759,False,302,8,8,1.0
312,0.0,0.0,0.008404890050520794,0.11673151750972763,0.14006888633754305,0.8053207369108848,False,300,8,8,1.0
313,0.0,0.0,0.0,0.0178988326848249,0.001148105625717566,3.2354499853261783e-09,True,46,4,4,1.5048604582912457e-07
314,0.0,0.0,0.0028405985933711454,0.06459143968871596,0.08725602755453502,0.9541808406372573,False,166,14,14,1.0
315,0.0,0.0,0.0007993186545167794,0.036575875486381325,0.04477611940298507,0.9999928028815347,True,94,6,6,1.0
316,0.0,0.0,0.0007398630692668916,0.045914396887159536,0.04362801377726751,0.5994050606727176,True,118,13,13,1.0
317,7.160246312473149e-05,8.19068977730602e-05,0.0008007648512058706,0.029961089494163425,0.03214695752009185,0.22841753104125673,True,77,16,16,0.8347205263392371
318,0.0,0.0,0.00336997667347798,0.045914396887159536,0.07692307692307693,0.9935816589117138,False,118,8,8,1.0
319,0.0,0.0,0.001215379314277642,0.10933852140077821,0.10218140068886337,0.6858261172179224,False,281,14,14,1.0
320,0.0,0.0,0.00013945412393855854,0.022568093385214007,0.02870264064293915,0.9695530793562664,True,58,4,4,1.0
321,0.0,0.0,0.009419518486243155,0.14552529182879378,0.18828932261768083,0.9990797840221946,False,374,12,12,1.0
322,0.0,0.0,0.006405269398120916,0.19688715953307392,0.21469575200918484,0.7957962495405697,False,506,12,12,1.0
323,0.0,0.0,0.003558148680846978,0.035408560311284046,0.07921928817451206,0.9999975871749006,False,91,6,6,1.0
324,0.0,0.0,6.223156438005485e-05,0.035408560311284046,0.006888633754305396,0.1551465553988992,True,91,5,5,0.6168849121228597
325,0.0,0.0,0.005396713687421964,0.12996108949416343,0.13203214695752008,0.3662287674670224,False,334,9,9,1.0
326,0.0,0.0,0.0012189513909873352,0.04669260700389105,0.0574052812858783,0.9874947008618725,False,120,6,6,1.0
327,0.0,0.0,0.0,0.01556420233463035,0.0,0.00073722921185667,True,40,4,4,0.0057149551306718595
328,0.0,0.0,0.0017464978112899945,0.04669260700389105,0.0711825487944891,0.9712530666023618,False,120,7,7,1.0
329,0.0,0.0,0.005405896456953497,0.10116731517509728,0.1182548794489093,0.8794986077280753,False,260,8,8,1.0
330,0.0,0.0,0.0,0.008171206225680934,0.003444316877152698,0.6259779649781079,True,21,4,4,1.0
331,0.0,0.0,0.001744386408028235,0.042801556420233464,0.07003444316877153,0.9968688537101711,False,110,7,7,1.0
332,0.0,0.0,0.00015120793829787927,0.03735408560311284,0.016073478760045924,0.16302720626009137,True,96,11,11,0.6380712573780484
333,0.0,0.0,0.00013180235757939294,0.023346303501945526,0.0057405281285878304,0.014523848512260035,True,60,8,8,0.08344569635827917
334,0.0,0.0,0.010122578419916498,0.0914396887159533,0.10218140068886337,0.9555115690216832,False,235,11,11,1.0
335,0.0,0.0,0.0,0.009727626459143969,0.001148105625717566,0.20084019853184448,True,25,3,3,0.7569112839167857
336,0.0,0.0,0.0,0.004280155642023347,0.002296211251435132,0.2783089475670048,True,11,7,7,0.9531128341335781
337,0.0,0.0,0.0,0.029182879377431907,0.004592422502870264,2.194310400197958e-05,True,75,10,10,0.00024246523759093461
338,0.0,0.0,0.00014899297630227503,0.03618677042801557,0.002296211251435132,0.017966957704708467,True,93,13,13,0.09953993188204138
339,0.0,0.0,0.006859220785316445,0.05642023346303502,0.08955223880597014,0.9934114377182721,False,145,10,10,1.0
340,0.0,0.0,0.006342600242719628,0.060700389105058365,0.07921928817451206,0.9558373872916583,False,156,10,10,1.0
341,0.0,0.0,0.00431576829815472,0.08093385214007782,0.08840413318025259,0.9818183332319943,False,208,12,12,1.0
342,0.0,0.0,0.012232556943048273,0.04941634241245136,0.09070034443168772,0.999956341927618,False,127,5,5,1.0
343,0.0,0.0,0.0010171564433192044,0.04474708171206226,0.05166475315729047,0.9546173340467777,False,115,9,9,1.0
344,0.0,0.0,0.0003310543087164044,0.0490272373540856,0.04362801377726751,0.46262756567056074,True,126,6,6,1.0
345,0.0,0.0,0.0017498323502026228,0.07665369649805448,0.07233065442020666,0.5577683669137042,False,197,4,4,1.0
346,0.0,0.0,4.62236950446652e-05,0.03073929961089494,0.004592422502870264,0.0008914272791613896,True,79,7,7,0.006830860376715629
347,0.0,0.0,0.0010965896888925292,0.03229571984435798,0.05281285878300804,0.9992759333264892,False,83,12,12,1.0
348,0.0,0.0,0.0016736660419732039,0.19143968871595332,0.1687715269804822,0.40191205357626064,False,492,17,17,1.0
349,0.0,0.0,0.0,0.026848249027237352,0.01722158438576349,0.025109377298511815,True,69,5,5,0.13285384814027415
350,0.0,0.0,0.00020340813353255229,0.01867704280155642,0.02870264064293915,0.9999838992459482,True,48,3,3,1.0
351,0.0,0.0,0.009020317524777624,0.09844357976653696,0.10332950631458095,0.9984788835634386,False,253,6,6,1.0
352,0.0,0.0,0.002940169452327777,0.16575875486381322,0.17336394948335246,0.5864355590149282,False,426,11,11,1.0
353,0.0,0.0,0.00042183216155105207,0.029961089494163425,0.040183696900114814,0.7344153534533042,True,77,9,9,1.0
354,0.0,0.0,0.001562060690054237,0.048638132295719845,0.060849598163030996,0.9979321072616127,False,125,10,10,1.0
355,0.0,0.0,0.008606377764417378,0.10817120622568094,0.11940298507462686,0.61124195822165,False,278,12,12,1.0
356,0.0,0.0,0.001186988272865132,0.04085603112840467,0.05510907003444317,0.9956283066799554,False,105,6,6,1.0
357,0.0,0.0,0.0020225815274809928,0.05642023346303502,0.07003444316877153,0.9499787795845958,False,145,8,8,1.0
358,0.0,0.0,8.739044205167891e-05,0.01867704280155642,0.02525832376578645,0.9590603454959405,True,48,5,5,1.0
359,0.0,0.0,0.0,0.010505836575875487,0.001148105625717566,0.0006092155196573555,True,27,5,5,0.00475949624732309
360,0.0,0.0,0.0019347000886053062,0.14669260700389106,0.1423650975889782,0.09238702129235743,False,377,8,8,0.41028273635126
361,0.0,0.0,0.0,0.017509727626459144,0.0,0.00012512827115212523,True,45,5,5,0.0011375297377465932
362,0.0,0.0,6.488361191669574e-05,0.022568093385214007,0.002296211251435132,0.07416114208435824,True,58,6,6,0.34540175483040336
363,0.0,0.0,0.00207328558147448,0.0914396887159533,0.07347876004592423,0.28201200036139207,False,235,6,6,0.9608586042977583
364,0.0,0.0,0.005689999623225129,0.06498054474708172,0.08840413318025259,0.986816080612105,False,167,11,11,1.0
365,0.0,0.0,0.0013877658835985286,0.026459143968871595,0.060849598163030996,0.9999964594883917,False,68,4,4,1.0
366,0.0,0.0,0.0051236758704523745,0.2715953307392996,0.2870264064293915,0.8382146154661335,False,698,13,13,1.0
367,0.0,0.0,0.0009667667911036071,0.046303501945525294,0.0505166475315729,0.7463717032382915,True,119,8,8,1.0
368,0.0,0.0,0.004379135266363177,0.06264591439688716,0.07462686567164178,0.9397609438541459,False,161,6,6,1.0
369,0.0,0.0,0.0001527400685954696,0.019455252918287938,0.009184845005740528,0.34980022072376604,True,50,4,4,1.0
370,0.0,0.0,0.0009308468155682249,0.04785992217898833,0.04822043628013777,0.9625312338892285,True,123,12,12,1.0
371,0.0,0.0,0.0008890974334386319,0.03929961089494163,0.03788748564867968,0.5854375378553562,True,101,6,6,1.0
372,0.0,0.0,0.0046648086041341675,0.07665369649805448,0.09070034443168772,0.7748220507613797,False,197,11,11,1.0
373,0.0,0.0,0.003904772058153596,0.026459143968871595,0.0711825487944891,0.999999987643114,False,68,6,6,1.0
374,0.0,0.0,0.007489808603590565,0.05252918287937743,0.08151549942594719,0.9999727776500514,False,135,6,6,1.0
375,0.0,0.0,0.0,0.010894941634241245,0.0,1.9315435681889555e-07,True,28,4,4,4.340547344244844e-06
376,0.0,0.0,0.0,0.008560311284046693,0.0,1.69251008902602e-05,True,22,2,2,0.00019124407785604748
377,0.0,0.0,0.0,0.014396887159533073,0.0,7.712769435887937e-11,True,37,5,5,1.1865799132135288e-08
378,0.0,0.0,0.002619574663947033,0.08521400778210117,0.09299655568312284,0.8151142626380876,False,219,4,4,1.0
379,0.0,0.0,0.0012758708315163542,0.07937743190661478,0.09644087256027555,0.5072989715461993,False,204,11,11,1.0
380,0.0,0.0,0.00030242159379674814,0.010505836575875487,0.027554535017221583,0.999303481691642,True,27,6,6,1.0
381,0.0,0.0,0.0017859273562483456,0.03929961089494163,0.05970149253731343,0.9431098928804691,False,101,5,5,1.0
382,0.0,0.0,0.0,0.009727626459143969,0.0,2.1962883627648407e-09,True,25,6,6,1.0981441813824204e-07
383,0.0,0.0,0.0,0.010505836575875487,0.002296211251435132,0.023299794873260997,True,27,5,5,0.12360633885019097
384,0.0,0.0,0.0006457679556804714,0.06809338521400778,0.03788748564867968,0.38285303627013734,True,175,7,7,1.0
385,0.0,0.0,0.00013125650073205421,0.021400778210116732,0.014925373134328358,0.5168697346706994,True,55,8,8,1.0
386,0.0,0.0,0.0006063483518073337,0.03151750972762646,0.040183696900114814,0.7193584011648113,True,81,9,9,1.0
387,0.0,0.0,0.0019530937085340816,0.08715953307392996,0.07577497129735936,0.9324486911303035,False,224,12,12,1.0
388,0.0,0.0,0.0,0.008171206225680934,0.0,6.517289246007966e-10,True,21,6,6,4.827621663709605e-08
389,0.0,0.0,5.458790507224539e-05,0.015175097276264591,0.01951779563719862,0.6373148658571015,True,39,4,4,1.0
390,0.0,0.0,0.00955883849957062,0.17509727626459143,0.21354764638346727,0.9740508148186093,False,450,13,13,1.0
391,0.0,0.0,0.0,0.017509727626459144,0.0,1.6918481843939553e-10,True,45,3,3,2.2557975791919406e-08
392,0.0,0.0,0.0013967473087204679,0.03852140077821012,0.05855338691159587,0.909490724512063,False,99,10,10,1.0
393,0.0,0.0,0.0013310679535894657,0.038910505836575876,0.05625717566016074,0.9994245998963283,False,100,6,6,1.0
394,0.0,0.0,0.0,0.023735408560311283,0.011481056257175661,0.2283695000197576,True,61,5,5,0.8347205263392371
395,0.0,0.0,9.945347987170879e-05,0.003501945525291829,0.02066590126291619,0.9981652954392992,True,9,3,3,1.0
396,0.0,0.0,0.0006592656420540298,0.029961089494163425,0.03903559127439724,0.89205717273613,True,77,8,8,1.0
397,0.0,0.0,0.016413820763727542,0.14280155642023346,0.1894374282433984,0.9998458919189575,False,367,12,12,1.0
398,0.0,0.0,0.00043092661570787,0.0023346303501945525,0.04477611940298507,0.9999999999999116,True,6,2,2,1.0
399,0.0,0.0,0.0,0.01634241245136187,0.0,3.6981381717567916e-08,True,42,6,6,1.0719241077555919e-06
400,0.0,0.0,2.586652871184687e-05,0.007392996108949416,0.012629161882893225,0.9926231816350823,True,19,4,4,1.0
401,0.0,0.0,0.0,0.014785992217898832,0.0,2.2217108176716366e-06,True,38,6,6,3.29142343358761e-05
402,0.0,0.0,0.008781057265238711,0.12840466926070038,0.1446613088404133,0.998844065496462,False,330,6,6,1.0
403,0.0,0.0,0.006372711798793668,0.07821011673151751,0.08036739380022963,0.8103817198050532,False,201,6,6,1.0
404,0.0,0.0,7.604253718170679e-05,0.015175097276264591,0.016073478760045924,0.7477380582439005,True,39,7,7,1.0
405,0.0,0.0,0.001895390342691155,0.03696498054474708,0.05510907003444317,0.9983647101819628,False,95,10,10,1.0
406,0.0,0.0,0.0,0.023346303501945526,0.0,2.498868357753067e-07,True,60,1,1,5.152305892274365e-06
407,0.0,0.0,0.0012313139124122824,0.06381322957198443,0.06199770378874857,0.7316657453087105,False,164,11,11,1.0
408,0.0,0.0,0.0060089524284106435,0.06264591439688716,0.08381171067738231,0.9574009262000289,False,161,8,8,1.0
409,0.0,0.0,0.0022703198345459413,0.13151750972762646,0.15269804822043628,0.7697543013877597,False,338,8,8,1.0
410,0.0,0.0,0.0002697266949887252,0.015953307392996108,0.03903559127439724,0.9993998237954811,True,41,9,9,1.0
411,0.0,0.0,0.006203363977588279,0.09066147859922179,0.1113662456946039,0.9089463067550221,False,233,8,8,1.0
412,0.0,0.0,0.0033327309691975203,0.266147859922179,0.28587830080367393,0.862283823896993,False,684,15,15,1.0
413,0.0,0.0,0.0,0.020233463035019456,0.001148105625717566,0.0015129173564553768,True,52,7,7,0.01092359102133846
414,0.0,0.0,0.007069250439802966,0.07665369649805448,0.10332950631458095,0.926251038920467,False,197,7,7,1.0
415,0.0,0.0,0.0018942538341681272,0.08521400778210117,0.11710677382319173,0.8103383402580648,False,219,19,19,1.0
416,0.0,0.0,0.0008527852723139684,0.040077821011673155,0.045924225028702644,0.9940488000914204,True,103,6,6,1.0
417,0.0,0.0,0.0,0.015175097276264591,0.001148105625717566,0.003117087048312092,True,39,4,4,0.021132793547878587
418,0.0,0.0,6.311075008330059e-05,0.023735408560311283,0.02525832376578645,0.8174456954612772,True,61,4,4,1.0
419,0.0,0.0,0.0,0.013229571984435798,0.0057405281285878304,0.1048835502682347,True,34,4,4,0.45502624845221135
420,0.0,0.0,0.001195044211220836,0.06848249027237355,0.07233065442020666,0.4048644182182548,False,176,12,12,1.0
421,0.0,0.0,0.0,0.0038910505836575876,0.0,0.13513834193579394,True,10,3,3,0.5482285676908476
422,0.0,0.0,0.0,0.013618677042801557,0.006888633754305396,0.026569467562819082,True,35,7,7,0.1391071600147596
423,0.0,0.0,0.0008431189017472203,0.05291828793774319,0.04936854190585534,0.3223947248484474,True,136,11,11,1.0
424,0.0,0.0,0.014578607854263018,0.11284046692607004,0.1584385763490241,0.9994696779307136,False,290,12,12,1.0
425,0.0,0.0,2.284148012791229e-05,0.014396887159533073,0.021814006888633754,0.9731198487881421,True,37,2,2,1.0
426,9.53197979220284e-05,9.763956360932875e-05,0.0012496335824843533,0.05058365758754864,0.06888633754305395,0.5132066827752018,False,130,13,13,1.0
427,0.0,0.0,0.01322131121803018,0.15214007782101166,0.17451205510907003,0.9778773889537766,False,391,12,12,1.0
428,0.0,0.0,0.0012081655974711726,0.06420233463035019,0.0677382319173364,0.7510181878771708,False,165,9,9,1.0
429,0.0,0.0,0.0,0.011673151750972763,0.001148105625717566,1.287150987545955e-08,True,30,6,6,4.596967812664125e-07
430,0.0,0.0,0.0008403723715084451,0.042801556420233464,0.03559127439724455,0.13414886350553784,True,110,12,12,0.5470711932331014
431,0.0,0.0,0.0,0.004669260700389105,0.001148105625717566,0.15188479554700085,True,12,6,6,0.6063265291297438
432,0.0,0.0,0.002991488207708424,0.058365758754863814,0.07807118254879448,0.9243595788000397,False,150,8,8,1.0
433,0.0,0.0,0.0006105868287132597,0.040077821011673155,0.04247990815154994,0.9347046307222322,True,103,6,6,1.0
434,0.0,0.0,0.004897162980677354,0.10350194552529182,0.15729047072330654,0.9998783518175322,False,266,10,10,1.0
435,0.0,0.0,0.002529416129520714,0.05058365758754864,0.06888633754305395,0.9665897478204567,False,130,8,8,1.0
436,0.0,0.0,0.0,0.02801556420233463,0.001148105625717566,2.0726597875615075e-06,True,72,5,5,3.116781635430838e-05
437,0.0,0.0,0.0012373594514088345,0.06809338521400778,0.06199770378874857,0.5000486001961597,False,175,12,12,1.0
438,0.0,0.0,0.0007531225256683315,0.04357976653696498,0.03903559127439724,0.7679022193106166,True,112,8,8,1.0
439,0.0,0.0,0.007487456366098933,0.13463035019455252,0.14580941446613088,0.8894126960565102,False,346,12,12,1.0
440,0.0,0.0,0.003364305602985905,0.0062256809338521405,0.0642939150401837,0.9999999998172018,False,16,5,5,1.0
441,0.0,0.0,0.0,0.009727626459143969,0.0,1.2594278737572874e-05,True,25,7,7,0.00014911032451066485
442,0.0,0.0,0.000178409561231191,0.04319066147859922,0.009184845005740528,0.022500021427639003,True,111,14,14,0.12129391605196227
443,0.0,0.0,0.008929648822693701,0.09455252918287937,0.08725602755453502,0.2940736960923541,False,243,6,6,0.9918168502271639
444,0.0,0.0,0.0035056982859124385,0.051361867704280154,0.09414466130884042,0.9810531455620246,False,132,8,8,1.0
445,0.0,0.0,0.0011629507227678211,0.05758754863813229,0.0642939150401837,0.988397220473243,False,148,6,6,1.0
446,0.0,0.0,0.0,0.04046692607003891,0.008036739380022962,0.004878064493440893,True,104,5,5,0.0316757434639019
447,0.0,0.0,0.007580031051093628,0.1132295719844358,0.15384615384615385,0.9988851675398205,False,291,13,13,1.0
448,0.0,0.0,0.004623067385173128,0.12295719844357976,0.14121699196326062,0.5376603510798069,False,316,8,8,1.0
449,0.0,0.0,0.00017166253786697462,0.025680933852140077,0.027554535017221583,0.8634977968654183,True,66,8,8,1.0
450,0.0,0.0,0.001236066675076621,0.04396887159533074,0.0539609644087256,0.994718601298372,False,113,7,7,1.0
451,0.0,0.0,0.0013062280874447812,0.059533073929961086,0.0539609644087256,0.3706338147548731,False,153,8,8,1.0
452,0.0,0.0,0.0,0.012451361867704281,0.013777267508610792,0.3250854240746812,True,32,4,4,1.0
453,0.0,0.0,0.0,0.010116731517509728,0.0,3.3497700065268527e-06,True,26,5,5,4.751446817768585e-05
454,0.0,0.0,0.008789035697663683,0.14474708171206227,0.17795637198622274,0.9273617930051262,False,372,8,8,1.0
455,0.0,0.0,0.0016027123617501674,0.07392996108949416,0.0642939150401837,0.4199718527940327,False,190,8,8,1.0
456,0.0,0.0,6.161620963684581e-05,0.020622568093385214,0.01722158438576349,0.3561733904190642,True,53,4,4,1.0
457,0.0,0.0,0.0028933882006383976,0.06614785992217899,0.07921928817451206,0.9633280033525575,False,170,8,8,1.0
458,0.0,0.0,0.0009212341414668057,0.04319066147859922,0.04247990815154994,0.49741437514971987,True,111,11,11,1.0
459,0.0,0.0,0.0,0.024124513618677044,0.0,0.00010441543619052471,True,62,8,8,0.0009850512848162709
460,0.0,0.0,0.0041639444136042265,0.12412451361867705,0.13662456946039037,0.9932160494246056,False,319,7,7,1.0
461,0.0,0.0,0.002280772481955914,0.11439688715953307,0.12055109070034443,0.9581993132690559,False,294,10,10,1.0
462,0.0,0.0,0.0,0.01634241245136187,0.001148105625717566,0.0600074492625888,True,42,4,4,0.2884973522239846
463,0.0,0.0,0.006896163757466978,0.14280155642023346,0.14810562571756603,0.8778163719508711,False,367,12,12,1.0
464,0.0,0.0,0.005666400621526731,0.08171206225680934,0.10218140068886337,0.9491056507475578,False,210,8,8,1.0
465,0.0,0.0,0.0006437124103158634,0.027237354085603113,0.04822043628013777,0.912113871762222,True,70,9,9,1.0
466,0.0,0.0,0.0028101745317065316,0.11050583657587548,0.12055109070034443,0.8369063673726929,False,284,10,10,1.0
467,0.0,0.0,0.0,0.008560311284046693,0.0,7.955308343333982e-05,True,22,7,7,0.0007649334945513443
468,0.0,0.0,5.062645433521835e-05,0.008560311284046693,0.009184845005740528,0.9966937798551807,True,22,4,4,1.0
469,0.0,0.0,0.0009346078350338351,0.023735408560311283,0.04936854190585534,0.5024430292520338,True,61,6,6,1.0
470,0.0,0.0,0.00010470099341979828,0.030350194552529183,0.03329506314580941,0.9186629776008888,True,78,9,9,1.0
471,0.0,0.0,0.004863066786522619,0.09688715953307393,0.10562571756601608,0.49191800668196334,False,249,7,7,1.0
472,0.0,0.0,0.00869090324388878,0.09649805447470818,0.11710677382319173,0.8951320285435078,False,248,8,8,1.0
473,0.0,0.0,0.000913828778816879,0.047470817120622566,0.04936854190585534,0.9508900824684565,True,122,5,5,1.0
474,0.0,0.0,0.025172261739659474,0.09299610894941635,0.1251435132032147,0.9942121658594755,False,239,11,11,1.0
475,0.0,0.0,0.0001225341578063069,0.022957198443579768,0.03903559127439724,0.9728769960220089,True,59,5,5,1.0
476,0.0,0.0,0.000438792554203888,0.034241245136186774,0.02525832376578645,0.8960377274151716,True,88,9,9,1.0
477,0.0,0.0,0.005667103355556578,0.054474708171206226,0.07347876004592423,0.9990462415066705,False,140,8,8,1.0
478,0.0,0.0,0.0010488790608878737,0.048638132295719845,0.0539609644087256,0.7218796541572333,False,125,7,7,1.0
479,0.0,0.0,0.00021288079033638524,0.016731517509727626,0.029850746268656716,0.9999908946990068,True,43,3,3,1.0
480,0.0,0.0,0.0,0.023735408560311283,0.02066590126291619,0.3645772877780513,True,61,4,4,1.0
481,0.0,0.0,0.0001413521297803472,0.020233463035019456,0.02870264064293915,0.9992220104534258,True,52,4,4,1.0
482,0.0,0.0,0.0001390559124799417,0.03735408560311284,0.03214695752009185,0.12853333905798903,True,96,10,10,0.5321657065070431
483,0.0,0.0,0.0028159154729772845,0.061867704280155644,0.0711825487944891,0.8910228426407762,False,159,6,6,1.0
484,0.0,0.0,0.0022041772088556445,0.057198443579766535,0.07807118254879448,0.9941226323985657,False,147,7,7,1.0
485,0.0,0.0,0.00010728151876477236,0.03735408560311284,0.03673938002296211,0.45510040862795953,True,96,4,4,1.0
486,0.00014954389113204725,0.0001654533523483327,0.002524269872763568,0.15252918287937745,0.15040183696900114,0.20095994587990662,False,392,28,28,0.7569112839167857
487,0.0,0.0,0.001972906896134127,0.054863813229571984,0.0677382319173364,0.9935628643173801,False,141,11,11,1.0
488,0.0,0.0,0.0,0.015175097276264591,0.0,0.00027003513742168,True,39,8,8,0.00229817138231217
489,0.0,0.0,0.0015082277442404284,0.07626459143968872,0.06314580941446613,0.6107332078959031,False,196,7,7,1.0
490,0.0,0.0,0.006934335914257794,0.06964980544747082,0.08610792192881746,0.898986255452091,False,179,6,6,1.0
491,0.0,0.0,0.0010147952463127386,0.05058365758754864,0.05166475315729047,0.5981853035291982,False,130,17,17,1.0
492,0.0,0.0,0.0,0.008171206225680934,0.001148105625717566,2.296202650896198e-06,True,21,3,3,3.352120658242625e-05
493,0.0,0.0,0.0002882590855765125,0.0178988326848249,0.02640642939150402,0.8246309163142009,True,46,5,5,1.0
494,0.0,0.0,0.0006984676483016149,0.030350194552529183,0.04133180252583238,0.7030073080077166,True,78,9,9,1.0
495,0.0,0.0,0.006062129847628268,0.13891050583657588,0.16647531572904709,0.9940446400806245,False,357,12,12,1.0
496,0.0,0.0,0.0,0.010505836575875487,0.009184845005740528,0.13460743306302397,True,27,6,6,0.547184687248065
497,0.0,0.0,0.0,0.017120622568093387,0.0,5.801539980699712e-06,True,44,6,6,7.73538664093295e-05
498,0.0,0.0,0.0,0.00933852140077821,0.0,5.632894646263186e-07,True,24,3,3,1.0335586506904927e-05
499,0.0,0.0,0.0,0.013229571984435798,0.0,9.99153382432028e-08,True,34,4,4,2.5295022340051342e-06
500,0.0,0.0,0.0024785443120860723,0.07470817120622568,0.1113662456946039,0.9938339862063796,False,192,11,11,1.0
501,0.0,0.0,0.006918771740663845,0.06303501945525292,0.09758897818599312,0.9980746745321672,False,162,8,8,1.0
502,0.0,0.0,0.001346606644845186,0.08560311284046693,0.06314580941446613,0.047787916538064204,False,220,9,9,0.23657384424784259
503,0.0,0.0,0.001490656338974696,0.11361867704280156,0.1148105625717566,0.8394007479377436,False,292,9,9,1.0
504,0.0,0.0,0.0013445914683355574,0.031906614785992216,0.05281285878300804,0.9990865275150356,False,82,4,4,1.0
505,0.0,0.0,0.022817672946538928,0.13190661478599222,0.16762342135476463,0.9809602560325261,False,339,12,12,1.0
506,0.0,0.0,0.0,0.01556420233463035,0.001148105625717566,3.514733129308331e-05,True,40,3,3,0.0003661180343029512
507,0.0,0.0,0.0,0.016731517509727626,0.0,3.638068808322801e-05,True,43,5,5,0.0003750586400332785
508,0.0,0.0,0.0006028231734107675,0.034241245136186774,0.030998851894374284,0.9731577814466351,True,88,9,9,1.0
509,0.0,0.0,0.0003027302924985526,0.045914396887159536,0.03214695752009185,0.9383778621208463,True,118,3,3,1.0
510,0.0,0.0,0.0007024518350025708,0.051361867704280154,0.022962112514351322,0.4774381530659847,True,132,8,8,1.0
511,0.0,0.0,0.0061628827214108796,0.08988326848249027,0.1113662456946039,0.9345463532616888,False,231,7,7,1.0
512,0.0,0.0,0.001535256366063842,0.06653696498054475,0.06659012629161883,0.916352697308805,False,171,7,7,1.0
513,0.0,0.0,0.0012303597275817048,0.0556420233463035,0.05510907003444317,0.14477650482623278,False,143,9,9,0.5814317462900915
514,0.0,0.0,0.00016908832674457299,0.019455252918287938,0.02525832376578645,0.9994969686125231,True,50,4,4,1.0
515,0.0,0.0,0.0,0.026459143968871595,0.0,5.331785935929401e-06,True,68,3,3,7.205116129634326e-05
516,0.0,0.0,0.0,0.026070038910505838,0.0,0.0004451403293683099,True,67,6,6,0.0035476768663798438
517,0.0,0.0,0.003938620292923398,0.07937743190661478,0.10677382319173363,0.9925027753816573,False,204,5,5,1.0
518,0.0,0.0,0.002807837218186027,0.045136186770428015,0.07233065442020666,0.9631698464422699,False,116,7,7,1.0
519,0.0,0.0,5.683169434217196e-05,0.015953307392996108,0.016073478760045924,0.34613378806912803,True,41,7,7,1.0
520,0.0,0.0,0.00018583654968985458,0.022568093385214007,0.022962112514351322,0.4241682005575995,True,58,3,3,1.0
521,0.0,0.0,0.0018561118615458005,0.07782101167315175,0.07003444316877153,0.9959259743483463,False,200,6,6,1.0
522,0.0,0.0,0.005222462805996387,0.11011673151750972,0.13088404133180254,0.9960286005318499,False,283,12,12,1.0
523,0.0,0.0,0.00028657055642885947,0.0556420233463035,0.014925373134328358,0.24528484748151735,True,143,6,6,0.8839093602937562
524,0.0,0.0,0.00461157913511946,0.07587548638132295,0.09529276693455797,0.8844176543115994,False,195,7,7,1.0
525,0.0,0.0,0.0,0.020233463035019456,0.0,2.932545711105944e-10,True,52,3,3,2.9796106577171283e-08
526,0.0,0.0,0.0001221924757199383,0.013618677042801557,0.013777267508610792,0.9698893008162465,True,35,4,4,1.0
527,0.0,0.0,0.00017349192293336044,0.030350194552529183,0.02870264064293915,0.9872937252909026,True,78,6,6,1.0
528,0.0,0.0,0.0,0.00933852140077821,0.0,5.039873015633008e-08,True,24,6,6,1.3807871275706872e-06
529,0.0,0.0,0.005357940871044981,0.07665369649805448,0.1251435132032147,0.9999991257250282,False,197,10,10,1.0
530,0.0,0.0,5.718734822001956e-05,0.02762645914396887,0.030998851894374284,0.08901408594961568,True,71,5,5,0.39738431227507004
531,0.0,0.0,0.0,0.020233463035019456,0.003444316877152698,0.005069551352086075,True,52,5,5,0.032601616412129095
532,0.0,0.0,0.005329675124467399,0.10272373540856031,0.13318025258323765,0.9946137022448697,False,264,10,10,1.0
533,0.0,0.0,0.0005986871714174668,0.042801556420233464,0.03214695752009185,0.965247651805403,True,110,11,11,1.0
534,0.0,0.0,0.0,0.010505836575875487,0.0,1.661683596258866e-05,True,27,3,3,0.00018990669671529897
535,0.0,0.0,0.0,0.003501945525291829,0.0,0.022673228176645997,True,9,2,2,0.12189907621852686
536,0.0,0.0,0.002823383233842528,0.06575875486381323,0.07577497129735936,0.9567226879348592,False,169,12,12,1.0
537,0.0,0.0,0.001884850741778586,0.04474708171206226,0.0642939150401837,0.8949117299113154,False,115,7,7,1.0
538,0.0,0.0,0.0005951476996375628,0.01906614785992218,0.030998851894374284,0.9885836706482033,True,49,8,8,1.0
539,0.0,0.0,0.0,0.03385214007782101,0.003444316877152698,3.240518474936185e-06,True,87,4,4,4.629312107051693e-05
540,0.0,0.0,0.0,0.012451361867704281,0.013777267508610792,0.8888976491070872,True,32,4,4,1.0
541,0.0,0.0,0.00011207243702042693,0.0490272373540856,0.010332950631458095,0.005353473698070581,True,126,7,7,0.03431713909019603
542,0.0,0.0,0.00609249305948621,0.09027237354085603,0.10218140068886337,0.9022250319491052,False,232,8,8,1.0
543,0.0,0.0,0.002187934096893351,0.07587548638132295,0.0711825487944891,0.018686118446753087,False,195,10,10,0.10267098047666531
544,0.0,0.0,0.0005155911009961463,0.08365758754863813,0.021814006888633754,0.02797424543156176,True,215,7,7,0.1458258567541536
545,0.0,0.0,0.0005184026417234174,0.015175097276264591,0.03444316877152698,0.9999979813064995,True,39,6,6,1.0
546,0.0,0.0,0.003371313211095278,0.05019455252918288,0.06314580941446613,0.9833410489388743,False,129,6,6,1.0
547,0.0,0.0,0.0004400497369415312,0.03229571984435798,0.04133180252583238,0.7105897461872298,True,83,4,4,1.0
548,0.0,0.0,0.004210719581534157,0.05642023346303502,0.07003444316877153,0.9959664777494155,False,145,6,6,1.0
549,0.0,0.0,8.637333467915561e-05,0.03073929961089494,0.022962112514351322,0.5132881399122394,True,79,12,12,1.0
550,0.0,0.0,0.0,0.020622568093385214,0.0,2.977775712030378e-11,True,53,3,3,6.389711434397681e-09
551,0.0,0.0,0.0,0.01556420233463035,0.027554535017221583,0.7391238782638745,True,40,4,4,1.0
552,0.0,0.0,0.0003921941031709309,0.023346303501945526,0.040183696900114814,0.9999918449693913,True,60,6,6,1.0
553,0.0,0.0,0.010751296034718697,0.08521400778210117,0.1079219288174512,0.870939409805584,False,219,9,9,1.0
554,0.0,0.0,0.0,0.02529182879377432,0.0,2.6414512615074105e-07,True,65,9,9,5.336265174762445e-06
555,0.0,0.0,0.00344131099372085,0.15136186770428015,0.17221584385763491,0.9561070955039932,False,389,13,13,1.0
556,0.0,0.0,0.003000986399151942,0.05797665369649806,0.060849598163030996,0.9056400435842622,False,149,9,9,1.0
557,0.0,0.0,0.009015317237534706,0.12101167315175097,0.1446613088404133,0.889236011106713,False,311,8,8,1.0
558,0.0,0.0,0.0,0.0007782101167315176,0.0,0.9963061900933544,True,2,2,2,1.0
559,0.0,0.0,0.00022010189978574656,0.0031128404669260703,0.03788748564867968,0.9999999364681305,True,8,3,3,1.0
560,0.0,0.0,0.008335277615339975,0.17198443579766537,0.20780711825487944,0.9972174963676966,False,442,15,15,1.0
561,0.0,0.0,0.00041425650356233874,0.02801556420233463,0.018369690011481057,0.020750537911722475,True,72,10,10,0.1127746625637091
562,0.0,0.0,0.0019712534375663365,0.0443579766536965,0.06888633754305395,0.9947196249822524,False,114,8,8,1.0
563,0.0,0.0,0.0010440934727136359,0.06147859922178988,0.05510907003444317,0.20449111719623314,False,158,8,8,0.7687635984820794
564,0.0,0.0,0.0031828211172217243,0.06031128404669261,0.11021814006888633,0.9994302298608105,False,155,10,10,1.0
565,0.0,0.0,0.011394651075985293,0.10038910505836576,0.1251435132032147,0.9957390422129114,False,258,11,11,1.0
566,0.0,0.0,0.008388636655206925,0.06770428015564202,0.09644087256027555,0.9990944259290034,False,174,6,6,1.0
567,0.0,0.0,0.014112291380230912,0.12918287937743192,0.14121699196326062,0.9898195800602027,False,332,12,12,1.0
568,0.0,0.0,0.00021426225447549233,0.029571984435797664,0.03444316877152698,0.0957767562109122,True,76,10,10,0.4228554358097669
569,0.0,0.0,0.0079254010208919,0.10933852140077821,0.12055109070034443,0.7823187959911553,False,281,8,8,1.0
570,0.0,0.0,0.0,0.01906614785992218,0.001148105625717566,6.198045022019293e-06,True,49,5,5,8.102019636626527e-05
571,0.0,0.0,0.007263507913130645,0.1404669260700389,0.182548794489093,0.9702124720894075,False,361,12,12,1.0
572,0.0,0.0,0.0,0.017509727626459144,0.0,1.914845762025755e-08,True,45,4,4,6.278182826313951e-07
573,0.0,0.0,0.0013306443804481035,0.06264591439688716,0.0711825487944891,0.9483484512347057,False,161,17,17,1.0
574,0.0,0.0,0.003471143862834207,0.14980544747081712,0.1653272101033295,0.6661728263300325,False,385,12,12,1.0
575,0.0,0.0,0.0007671666289920268,0.034241245136186774,0.04477611940298507,0.9998747086857669,True,88,5,5,1.0
576,0.0,0.0,0.00010083785510702349,0.03852140077821012,0.03903559127439724,0.6358382373915696,True,99,5,5,1.0
577,0.0,0.0,0.0,0.014396887159533073,0.002296211251435132,0.001557189130703231,True,37,3,3,0.011202799501462093
578,0.0,0.0,0.0011620546681424353,0.05875486381322957,0.05970149253731343,0.37515962609611164,False,151,9,9,1.0
579,0.0,0.0,0.0,0.019844357976653695,0.022962112514351322,0.5302494995467083,True,51,10,10,1.0
580,0.0,0.0,0.007274426241282099,0.0377431906614786,0.08036739380022963,0.9998319684215529,False,97,5,5,1.0
581,0.0,0.0,8.979056124844958e-05,0.02840466926070039,0.001148105625717566,0.006186817547505362,True,73,12,12,0.03891080218556832
582,0.0,0.0,0.0014292663111837912,0.06147859922178988,0.0539609644087256,0.0792358601469969,False,158,7,7,0.36430280527354897
583,0.0,0.0,0.0,0.04085603112840467,0.0,3.038508705654622e-12,True,105,5,5,1.2723565134488122e-09
584,0.0,0.0,0.0028451086557255856,0.10622568093385214,0.1079219288174512,0.40669122060928486,False,273,9,9,1.0
585,0.0,0.0,0.0,0.007003891050583658,0.001148105625717566,0.00011130844991798252,True,18,2,2,0.001040265887083949
586,0.0,0.0,5.093412698579471e-05,0.02217898832684825,0.021814006888633754,0.08809361299444207,True,57,5,5,0.39415486798408084
587,0.0,0.0,0.00862620181082787,0.07587548638132295,0.1044776119402985,0.984674814277471,False,195,8,8,1.0
588,0.0,0.0,0.007234925903707404,0.1066147859922179,0.13318025258323765,0.9961000482898008,False,274,6,6,1.0
589,0.0,0.0,0.0012844445811822586,0.04124513618677043,0.06659012629161883,0.9915503108978146,False,106,5,5,1.0
590,0.0,0.0,0.0005432063133876377,0.026459143968871595,0.04247990815154994,0.9990026956976539,True,68,5,5,1.0
591,0.0,0.0,0.0043187579082836535,0.07081712062256809,0.08955223880597014,0.9787053990564201,False,182,8,8,1.0
592,0.0,0.0,0.0,0.014396887159533073,0.0,6.101869087845431e-06,True,37,4,4,8.028775115586094e-05
593,0.0,0.0,0.0,0.024124513618677044,0.001148105625717566,0.00013702834272383442,True,62,8,8,0.0012344895740885983
594,0.0,0.0,0.0010719376215844595,0.06031128404669261,0.0539609644087256,0.912697527251255,False,155,9,9,1.0
595,0.0,0.0,0.00052822513024463,0.04046692607003891,0.04247990815154994,0.6116492614733015,True,104,6,6,1.0
596,0.0,0.0,0.0,0.01634241245136187,0.002296211251435132,0.0027347888773241965,True,42,5,5,0.018667500869107144
597,0.0,0.0,0.00022052531343653162,0.03735408560311284,0.045924225028702644,0.8148649998834003,True,96,5,5,1.0
598,0.0,0.0,0.00019332536635487064,0.0062256809338521405,0.014925373134328358,0.9475553968300089,True,16,4,4,1.0
599,0.0,0.0,0.0,0.024902723735408562,0.001148105625717566,0.0003263880359332839,True,64,8,8,0.002719900299444033
600,0.0,0.0,0.003924139004974655,0.042801556420233464,0.06314580941446613,0.9968743950813452,False,110,5,5,1.0
601,0.0,0.0,0.0061117536689049515,0.07470817120622568,0.1044776119402985,0.9789865260993299,False,192,8,8,1.0
602,0.0,0.0,0.0016097272351895575,0.05758754863813229,0.0677382319173364,0.9522811164992796,False,148,14,14,1.0
603,0.0,0.0,0.003124300883865859,0.033073929961089495,0.06544202066590127,0.9999611043960316,False,85,7,7,1.0
604,0.0,0.0,0.000989994865138689,0.036575875486381325,0.0505166475315729,0.9892466161077814,True,94,9,9,1.0
605,0.0,0.0,0.008953305391382404,0.05642023346303502,0.1079219288174512,0.9998615960417185,False,145,9,9,1.0
606,0.0,0.0,0.007875906438999162,0.07081712062256809,0.1010332950631458,0.9969804567808406,False,182,7,7,1.0
607,0.0,0.0,0.0005308033648009046,0.0178988326848249,0.029850746268656716,0.9179662029499218,True,46,5,5,1.0
608,0.0,0.0,0.0005248293109751238,0.03385214007782101,0.03673938002296211,0.8373206397137992,True,87,7,7,1.0
609,0.0,0.0,0.013116416270571094,0.0840466926070039,0.12055109070034443,0.9944588497705437,False,216,11,11,1.0
610,0.0,0.0,0.005492400405989103,0.08132295719844358,0.07462686567164178,0.4286379339334543,False,209,5,5,1.0
611,0.0,0.0,0.002778797755482288,0.07354085603112841,0.07807118254879448,0.9762948660114071,False,189,12,12,1.0
612,0.0,0.0,0.0016688065692000438,0.05408560311284047,0.06314580941446613,0.7155456750916633,False,139,6,6,1.0
613,0.0,0.0,0.004097506431971628,0.04785992217898833,0.07347876004592423,0.9996693904962158,False,123,6,6,1.0
614,0.0,0.0,0.0,0.0031128404669260703,0.0,0.7469742673341235,True,8,1,1,1.0
615,0.0,0.0,0.0014121341524786554,0.06498054474708172,0.05970149253731343,0.9957677024095034,False,167,6,6,1.0
616,0.0,0.0,0.0,0.021400778210116732,0.004592422502870264,0.002687847687692979,True,55,4,4,0.018409915669129993
617,0.0,0.0,0.0,0.017509727626459144,0.0,1.0057105195185011e-09,True,45,3,3,6.095215269809098e-08
618,0.0,0.0,0.0,0.014007782101167316,0.0,2.3516694706276947e-05,True,36,7,7,0.00025561624680735815
619,0.0,0.0,0.0016430257104775563,0.10155642023346304,0.1079219288174512,0.2797654254128644,False,261,10,10,0.955671954794411
620,0.0,0.0,0.0,0.010505836575875487,0.0,1.2363129441429458e-05,True,27,3,3,0.00014806143043628094
621,0.0,0.0,0.0,0.012840466926070038,0.0,1.5615219598805822e-07,True,33,3,3,3.7627035177845354e-06
622,0.0,0.0,0.004869920212810566,0.09221789883268483,0.09184845005740529,0.797477500608592,False,237,11,11,1.0
623,0.0,0.0,0.0031720341842751084,0.06926070038910506,0.08151549942594719,0.9390608448750651,False,178,8,8,1.0
624,0.0,0.0,4.75633883863351e-05,0.012451361867704281,0.024110218140068886,0.993687662720335,True,32,6,6,1.0
625,0.0,0.0,0.00129853941456639,0.05019455252918288,0.06199770378874857,0.8771420101759246,False,129,6,6,1.0
626,0.0,0.0,0.008876393841967489,0.14591439688715954,0.15384615384615385,0.6072605006656366,False,375,8,8,1.0
627,0.0,0.0,0.004608025813099977,0.053696498054474705,0.08266360505166476,0.9995134237358605,False,138,8,8,1.0
628,0.0,0.0,5.217717459165415e-05,0.005836575875486381,0.010332950631458095,0.9999971401355219,True,15,4,4,1.0
629,0.0,0.0,0.001551439807124492,0.04941634241245136,0.08955223880597014,0.9999965535390946,False,127,11,11,1.0
630,0.0,0.0,0.0056765017528613085,0.11712062256809339,0.1354764638346728,0.3511120038476725,False,301,9,9,1.0
631,0.0,0.0,4.6105950628563694e-05,0.01906614785992218,0.01951779563719862,0.776704399815501,True,49,4,4,1.0
632,0.0,0.0,0.005300161167363588,0.18326848249027236,0.1997703788748565,0.5750598462755641,False,471,11,11,1.0
633,0.0,0.0,0.002223808816936357,0.06108949416342412,0.08266360505166476,0.9996056760839507,False,157,7,7,1.0
634,0.0,0.0,4.5524490923519914e-05,0.0038910505836575876,0.021814006888633754,0.9999924653942843,True,10,3,3,1.0
635,0.0,0.0,0.005719518365523198,0.08793774319066149,0.1148105625717566,0.9024320589757069,False,226,8,8,1.0
636,0.0,0.0,0.010356050892592956,0.06420233463035019,0.10218140068886337,0.9992095202887895,False,165,10,10,1.0
637,0.0,0.0,0.0,0.03346303501945525,0.0,4.158817412043632e-11,True,86,5,5,7.561486203715695e-09
638,0.0,0.0,0.0005900760234687301,0.030350194552529183,0.04247990815154994,0.9964374899414389,True,78,7,7,1.0
639,0.0,0.0,0.002032908316886807,0.04785992217898833,0.07003444316877153,0.98969622101535,False,123,8,8,1.0
640,0.0,0.0,0.0,0.029961089494163425,0.030998851894374284,0.524282879363746,True,77,4,4,1.0
641,0.0,0.0,0.0031875144881436048,0.10544747081712062,0.12169919632606199,0.8516448079815462,False,271,14,14,1.0
642,0.0,0.0,0.003214778613426117,0.07859922178988327,0.11710677382319173,0.9878911591153753,False,202,10,10,1.0
643,0.0,0.0,0.015187303204985916,0.1264591439688716,0.16303099885189437,0.9204434644831059,False,325,8,8,1.0
644,0.0,0.0,0.004707077277146969,0.08326848249027237,0.09299655568312284,0.9448380426090519,False,214,7,7,1.0
645,0.0,0.0,8.16633771240564e-05,0.027237354085603113,0.014925373134328358,0.3299576015928727,True,70,8,8,1.0
646,0.0,0.0,0.0,0.005836575875486381,0.002296211251435132,0.0009926462031905074,True,15,5,5,0.007463505287146672
647,0.0,0.0,0.009541722781622249,0.10272373540856031,0.12169919632606199,0.9272775991483616,False,264,8,8,1.0
648,0.0,0.0,0.0006275621210999627,0.03073929961089494,0.04133180252583238,0.9961039713107824,True,79,10,10,1.0
649,0.0,0.0,0.0021829513619161215,0.19143968871595332,0.19862227324913892,0.6814955223006696,False,492,13,13,1.0
650,0.0,0.0,0.0015077826538173714,0.05914396887159533,0.05970149253731343,0.8032299747296073,False,152,6,6,1.0
651,0.0,0.0,0.00023932637571157496,0.033073929961089495,0.03788748564867968,0.8885681678968926,True,85,10,10,1.0
652,0.0,0.0,0.0002847306766990053,0.023735408560311283,0.03444316877152698,0.9958350805858553,True,61,6,6,1.0
653,0.0,0.0,0.0015916811996503752,0.05642023346303502,0.0574052812858783,0.7688310773432958,False,145,6,6,1.0
654,0.0,0.0,0.008020314532135616,0.12295719844357976,0.1584385763490241,0.7989245483742149,False,316,8,8,1.0
655,0.0,0.0,0.0006057154977924363,0.029961089494163425,0.04477611940298507,0.9569166700386791,True,77,5,5,1.0
656,0.0,0.0,0.0017915251769791362,0.07431906614785992,0.08381171067738231,0.9890947444627946,False,191,9,9,1.0
657,0.0,0.0,0.0001386016105016997,0.024902723735408562,0.02525832376578645,0.390871060741339,True,64,7,7,1.0
658,0.0,0.0,0.00013945960314978384,0.03813229571984436,0.013777267508610792,0.15803212266827604,True,98,11,11,0.6221737112924254
659,0.0,0.0,0.0,0.014007782101167316,0.0,1.7493735567207335e-09,True,36,5,5,9.207229245898597e-08
660,0.0,0.0,7.524876143257836e-05,0.030350194552529183,0.014925373134328358,0.0786631603381982,True,78,8,8,0.3625030430331714
661,0.0,0.0,0.006605752670463648,0.10466926070038911,0.11251435132032148,0.5003276653729777,False,269,6,6,1.0
662,0.0,0.0,0.008861835516436992,0.0840466926070039,0.09988518943742825,0.9981203204137743,False,216,6,6,1.0
663,0.0,0.0,0.0036692866500645962,0.0622568093385214,0.09299655568312284,0.9999170468793253,False,160,6,6,1.0
664,0.0,0.0,0.0008743137462476381,0.034241245136186774,0.04707233065442021,0.984317558413229,True,88,4,4,1.0
665,0.0,0.0,0.0003168590072027875,0.03268482490272374,0.027554535017221583,0.3343720776091595,True,84,11,11,1.0
666,0.0,0.0,0.00042695209088569207,0.0062256809338521405,0.03788748564867968,0.9999999933922911,True,16,4,4,1.0
667,0.0,0.0,0.0018649426932966263,0.054474708171206226,0.07347876004592423,0.9967176861949906,False,140,8,8,1.0
668,0.0,0.0,0.001038312114307333,0.052140077821011675,0.05166475315729047,0.5284397330878005,False,134,5,5,1.0
669,0.0,0.0,0.0,0.03268482490272374,0.0,1.522317376896078e-09,True,84,4,4,8.471720337077567e-08
670,0.0,0.0,0.0,0.016731517509727626,0.027554535017221583,0.8719808825946997,True,43,5,5,1.0
671,0.0,0.0,0.0003280227238997524,0.03813229571984436,0.029850746268656716,0.8858473769692279,True,98,6,6,1.0
672,0.0,0.0,0.00139717628262502,0.061867704280155644,0.05970149253731343,0.5322434707129851,False,159,8,8,1.0
673,0.0,0.0,7.251445337001051e-05,0.022957198443579768,0.024110218140068886,0.1331018742832764,True,59,8,8,0.5463648832031174
674,0.0,0.0,0.0,0.0178988326848249,0.024110218140068886,0.8161998011632394,True,46,2,2,1.0
675,0.0,0.0,0.002683082150717475,0.06459143968871596,0.09414466130884042,0.975404218786142,False,166,8,8,1.0
676,0.0,0.0,0.0,0.020233463035019456,0.0,2.2029496223320072e-08,True,52,5,5,6.993490864546054e-07
677,0.0,0.0,0.00011937194512794548,0.017509727626459144,0.021814006888633754,0.5890571198733532,True,45,5,5,1.0
678,0.0,0.0,8.721508471314166e-05,0.019844357976653695,0.004592422502870264,0.07552075657411682,True,51,13,13,0.34963313228757786
679,0.0,0.0,0.0,0.017120622568093387,0.001148105625717566,2.06192526109582e-07,True,44,7,7,4.582056135768489e-06
680,0.0,0.0,0.00019395506890020536,0.023735408560311283,0.022962112514351322,0.7201450061637568,True,61,8,8,1.0
681,0.0,0.0,0.002417762858871636,0.024124513618677044,0.06659012629161883,0.9999902960575905,False,62,6,6,1.0
682,0.0,0.0,0.0002755440873857727,0.03618677042801557,0.03559127439724455,0.4262568373889412,True,93,7,7,1.0
683,0.0,0.0,0.004531250966047518,0.0669260700389105,0.07692307692307693,0.7123810326277449,False,172,7,7,1.0
684,0.0,0.0,0.0021927102835370407,0.1642023346303502,0.17106773823191734,0.5792553618387895,False,422,20,20,1.0
685,0.0,0.0,0.0005580492614254254,0.040077821011673155,0.03903559127439724,0.6059419796777631,True,103,6,6,1.0
686,0.0,0.0,0.005808618883261937,0.06848249027237355,0.07577497129735936,0.9720270656772051,False,176,6,6,1.0
687,0.0,0.0,0.00922685891195919,0.09649805447470818,0.12399540757749714,0.9297734452405377,False,248,8,8,1.0
688,0.0,0.0,0.004149009644586444,0.05252918287937743,0.06888633754305395,0.9752285053012066,False,135,7,7,1.0
689,0.0,0.0,0.005779698448949409,0.14124513618677043,0.16303099885189437,0.8276442521030306,False,363,8,8,1.0
690,0.0,0.0,3.290339563042906e-05,0.04046692607003891,0.03788748564867968,0.663374177277507,True,104,4,4,1.0
691,0.0,0.0,0.0,0.015953307392996108,0.003444316877152698,0.10175299565262241,True,41,4,4,0.44251574408508876
692,0.0,0.0,0.0014845531173361822,0.04941634241245136,0.060849598163030996,0.9894705782892936,False,127,7,7,1.0
693,0.0,0.0,0.0,0.014396887159533073,0.0,0.00011304211533978569,True,37,7,7,0.001051554561300332
694,0.0,0.0,0.009548502267230832,0.167704280155642,0.16303099885189437,0.2341243283652148,False,431,9,9,0.8467425980658764
695,0.0,0.0,0.0022091830107045527,0.09105058365758754,0.08840413318025259,0.25992367000019023,False,234,14,14,0.9168383421523465
696,0.0,0.0,0.0018366465070670528,0.0821011673151751,0.08840413318025259,0.9319535464743585,False,211,4,4,1.0
697,0.0,0.0,0.0,0.025680933852140077,0.0,1.8646612464241228e-07,True,66,2,2,4.274690002358642e-06
698,0.0,0.0,0.00010354866502048146,0.01906614785992218,0.008036739380022962,0.08082766154448395,True,49,9,9,0.3665653584783853
699,0.0,0.0,0.006139090549275616,0.06264591439688716,0.1044776119402985,0.9999971658237998,False,161,11,11,1.0
700,0.0,0.0,0.0024221223833281453,0.09182879377431907,0.1010332950631458,0.7003460154813329,False,236,8,8,1.0
701,0.0,0.0,0.0003734812580389792,0.03346303501945525,0.03903559127439724,0.869628444565028,True,86,4,4,1.0
702,0.0,0.0,0.009028819059673936,0.05603112840466926,0.08381171067738231,0.9996082933488424,False,144,9,9,1.0
703,0.0,0.0,0.0,0.003501945525291829,0.0,0.08538588832206995,True,9,1,1,0.3837568014475054
704,0.0,0.0,0.0,0.005447470817120622,0.001148105625717566,0.07366333017070673,True,14,2,2,0.34422116902199407
705,0.0,0.0,0.0001883309352680935,0.026848249027237352,0.03903559127439724,0.4264157253833563,True,69,4,4,1.0
706,0.0,0.0,0.0,0.019455252918287938,0.0,3.862020001427652e-10,True,50,4,4,3.678114287073954e-08
707,0.0003494365335895868,0.00039315285403653704,0.0029517901720822696,0.2980544747081712,0.2629161882893226,0.1081116372701092,False,766,32,32,0.46499628933380294
708,0.0,0.0,0.0017817258808941136,0.050972762645914396,0.08151549942594719,0.9625728779103274,False,131,5,5,1.0
709,0.0,0.0,0.0,0.010894941634241245,0.001148105625717566,0.00281786461188256,True,28,3,3,0.01916914701960925
710,0.0,0.0,0.011967472992288298,0.0688715953307393,0.09873708381171067,0.9990196954735369,False,177,12,12,1.0
711,0.0,0.0,0.006785517546057524,0.07003891050583658,0.08495981630309989,0.7461252564715717,False,180,8,8,1.0
712,0.0,0.0,7.76476732221785e-05,0.02178988326848249,0.024110218140068886,0.3195150773350689,True,56,6,6,1.0
713,0.0,0.0,0.0008877408388356557,0.049805447470817124,0.04247990815154994,0.20973893976372177,True,128,8,8,0.7811506136451463
714,0.0,0.0,0.006027181826647243,0.053696498054474705,0.09873708381171067,0.9986338536926651,False,138,8,8,1.0
715,0.0,0.0,0.005498472217198035,0.17782101167315176,0.18025258323765786,0.5672154553894715,False,457,12,12,1.0
716,0.0,0.0,0.0,0.03268482490272374,0.024110218140068886,0.08058130125083257,True,84,8,8,0.3665653584783853
717,0.0,0.0,0.002219658519655255,0.031906614785992216,0.0677382319173364,0.9904378020982951,False,82,9,9,1.0
718,0.0,0.0,0.0,0.0003891050583657588,0.013777267508610792,0.999999999318178,True,1,1,1,1.0
719,0.0,0.0,0.0037903035569992367,0.1357976653696498,0.16073478760045926,0.5103245750233912,False,349,18,18,1.0
720,0.0,0.0,0.015178108585157259,0.13229571984435798,0.19173363949483352,0.9999199895820744,False,340,12,12,1.0
721,0.0,0.0,0.005929486293885814,0.06614785992217899,0.09184845005740529,0.9820524634877864,False,170,13,13,1.0
722,0.0,0.0,0.004919780258636124,0.09766536964980545,0.11595866819747416,0.9998615136626232,False,251,6,6,1.0
723,0.0,0.0,0.0,0.012840466926070038,0.001148105625717566,3.4561959679147472e-06,True,33,6,6,4.867881644950349e-05
724,0.0,0.0,6.205413078978907e-05,0.015953307392996108,0.029850746268656716,0.9219591409215894,True,41,4,4,1.0
725,0.0,0.0,0.010127068473495923,0.12918287937743192,0.1354764638346728,0.705733844036449,False,332,8,8,1.0
726,0.0,0.0,0.008935907191667045,0.10311284046692606,0.11940298507462686,0.7556019866869841,False,265,8,8,1.0
727,0.0,0.0,0.004784176400832058,0.19727626459143968,0.23880597014925373,0.9764138205401872,False,507,13,13,1.0
728,0.0,0.0,0.0,0.005447470817120622,0.003444316877152698,0.3744181416308346,True,14,4,4,1.0
729,0.0,0.0,0.00018224892482932383,0.017509727626459144,0.021814006888633754,0.9987609385752478,True,45,5,5,1.0
730,0.0,0.0,0.0,0.009727626459143969,0.0,0.00023410818373052582,True,25,5,5,0.0020009246472694514
731,0.0,0.0,0.002105811277670156,0.08521400778210117,0.09988518943742825,0.7632393442361124,False,219,8,8,1.0
732,0.0,0.0,0.00317533711965894,0.07431906614785992,0.08610792192881746,0.999854783684632,False,191,6,6,1.0
733,0.0,0.0,0.009757289547140016,0.11284046692607004,0.14580941446613088,0.9303745350186282,False,290,8,8,1.0
734,0.0,0.0,0.004217620976397494,0.17859922178988327,0.19058553386911595,0.8619090065844122,False,459,13,13,1.0
735,0.0,0.0,0.001114426052101239,0.045914396887159536,0.05510907003444317,0.9444252978660254,False,118,7,7,1.0
736,0.0,0.0,0.000575852934336707,0.02762645914396887,0.04362801377726751,0.9992923878994402,True,71,6,6,1.0
737,0.0,0.0,0.0007766249055506097,0.022568093385214007,0.045924225028702644,0.9998718985360984,True,58,4,4,1.0
738,0.0,0.0,6.513350647198917e-05,0.02801556420233463,0.03903559127439724,0.1579629466914348,True,72,4,4,0.6221737112924254
739,0.0,0.0,8.263060394235613e-05,0.010116731517509728,0.024110218140068886,0.9980909681291384,True,26,4,4,1.0
740,0.0,0.0,0.0,0.021011673151750974,0.0,2.6739591942062588e-08,True,54,4,4,8.021991208864923e-07
741,0.0,0.0,0.0003890353383578657,0.03268482490272374,0.03444316877152698,0.9483040871692092,True,84,5,5,1.0
742,0.0,0.0,0.003152130969824223,0.046303501945525294,0.0711825487944891,0.9994673821345388,False,119,4,4,1.0
743,0.0,0.0,0.001057822776732477,0.045914396887159536,0.0505166475315729,0.7290125494779466,False,118,6,6,1.0
744,0.0,0.0,0.0029620446813342968,0.2311284046692607,0.2365097588978186,0.6155190262313978,False,594,15,15,1.0
745,0.0,0.0,0.0,0.009727626459143969,0.0057405281285878304,0.1758668328352777,True,25,7,7,0.6816543908344097
746,0.0,0.0,0.0043977113656487555,0.06303501945525292,0.08495981630309989,0.9870675307816581,False,162,7,7,1.0
747,0.0,0.0,0.0,0.010116731517509728,0.0,5.84397158110932e-05,True,26,2,2,0.0005873338272471679
748,0.0,0.0,0.001675286066593902,0.04941634241245136,0.06544202066590127,0.9618806519866899,False,127,7,7,1.0
749,0.0,0.0,0.0077525705747137404,0.08754863813229571,0.1113662456946039,0.8996336693758815,False,225,8,8,1.0
750,0.0,0.0,5.227540831342405e-05,0.014396887159533073,0.021814006888633754,0.998443867954319,True,37,2,2,1.0
751,0.0,0.0,0.0,0.018287937743190662,0.002296211251435132,0.00043777637378792316,True,47,7,7,0.0035162760946821137
752,0.0,0.0,0.0013677470389532645,0.05408560311284047,0.06544202066590127,0.8847197346093956,False,139,12,12,1.0
753,0.0,0.0,0.0034672109945554893,0.06653696498054475,0.08266360505166476,0.7795901332672536,False,171,8,8,1.0
754,0.0,0.0,0.0001665977496548353,0.04202334630350195,0.012629161882893225,0.6086618555051598,True,108,4,4,1.0
755,0.0,0.0,0.00011927360235231528,0.02762645914396887,0.011481056257175661,8.596548879244188e-06,True,71,7,7,0.00010678942707135638
756,0.0,0.0,0.0022550140400891157,0.06848249027237355,0.07003444316877153,0.9964918110065033,False,176,5,5,1.0
757,0.0,0.0,0.0035615382000726845,0.08949416342412451,0.08840413318025259,0.41029104428624363,False,230,7,7,1.0
758,0.0,0.0,0.008753287973379483,0.03696498054474708,0.07462686567164178,0.9999118395092266,False,95,7,7,1.0
759,0.0,0.0,0.0033014881904770647,0.09260700389105059,0.09070034443168772,0.9480030186657816,False,238,8,8,1.0
760,0.0,0.0,0.004902006999054234,0.1431906614785992,0.17106773823191734,0.843886051702563,False,368,8,8,1.0
761,0.0,0.0,0.0004029375604410396,0.026848249027237352,0.03444316877152698,0.7898487151091595,True,69,8,8,1.0
762,0.0,0.0,0.0016056369531961554,0.051361867704280154,0.06199770378874857,0.999318672642814,False,132,6,6,1.0
763,0.0,0.0,0.0,0.022957198443579768,0.0,4.2537666529608347e-10,True,59,3,3,3.867060593600759e-08
764,0.0,0.0,0.0,0.005836575875486381,0.004592422502870264,0.11491155334961245,True,15,8,8,0.4838381193667892
765,0.0,0.0,0.015024604371418938,0.0933852140077821,0.14006888633754305,0.9989179705195339,False,240,12,12,1.0
766,0.0,0.0,0.00039503829579377533,0.06342412451361867,0.03329506314580941,0.05196974585506432,True,163,5,5,0.2528941404139383
767,0.0,0.0,0.005594167935144624,0.09182879377431907,0.1113662456946039,0.9285878656987022,False,236,7,7,1.0
768,0.0,0.0,0.004875039610564432,0.051361867704280154,0.07921928817451206,0.9983947441603651,False,132,8,8,1.0
769,0.0,0.0,0.00047171225768111494,0.008171206225680934,0.001148105625717566,0.30697879167407965,True,21,6,6,1.0
770,0.0,0.0,0.0034625747720567427,0.12178988326848249,0.1423650975889782,0.9881577411710551,False,313,12,12,1.0
771,0.0,0.0,0.000698571229858321,0.03929961089494163,0.04707233065442021,0.9477562897604976,True,101,12,12,1.0
772,0.0,0.0,0.00021826953767714355,0.04474708171206226,0.016073478760045924,0.15588645424923708,True,115,7,7,0.6173720960365825
773,0.0,0.0,0.004179445422505257,0.08482490272373541,0.08610792192881746,0.7682558166203313,False,218,8,8,1.0
774,0.0,0.0,0.0,0.017509727626459144,0.0,3.763303314537899e-08,True,45,5,5,1.0752295184393996e-06
775,0.0,0.0,0.0,0.012062256809338522,0.0,5.200742590373582e-07,True,31,4,4,9.8127218686294e-06
776,0.0,0.0,0.005117766050991101,0.06926070038910506,0.07347876004592423,0.9113222305812567,False,178,13,13,1.0
777,0.0,0.0,0.0006863361270280546,0.03151750972762646,0.045924225028702644,0.4334188702936816,True,81,5,5,1.0
778,0.0,0.0,0.0,0.021400778210116732,0.0,1.1753353019973543e-08,True,55,1,1,4.2739465527176524e-07
779,0.0,0.0,0.0002684742687670224,0.026070038910505838,0.012629161882893225,0.9191638222108971,True,67,6,6,1.0
780,0.0,0.0,0.007959342170038138,0.07821011673151751,0.11021814006888633,0.9997950455056175,False,201,11,11,1.0
781,0.0,0.0,0.0014043342000797103,0.040077821011673155,0.060849598163030996,0.9714579105694445,False,103,9,9,1.0
782,0.0,0.0,0.005600836393022368,0.08638132295719844,0.10562571756601608,0.9894657456288467,False,222,11,11,1.0
783,0.0,0.0,0.0,0.019844357976653695,0.001148105625717566,7.763353764886944e-10,True,51,5,5,5.354037079232376e-08
784,0.0,0.0,0.00045414844248116437,0.05058365758754864,0.03214695752009185,0.9851005694208965,True,130,6,6,1.0
785,0.0,0.0,0.0036259642257364336,0.14124513618677043,0.13892078071182548,0.14232436906662277,False,363,9,9,0.5727338795437535
786,0.0,0.0,0.0015591380007359676,0.034241245136186774,0.0677382319173364,0.9992326006494877,False,88,4,4,1.0
787,0.0,0.0,0.0028146288782823206,0.05252918287937743,0.05855338691159587,0.6967348078149393,False,135,6,6,1.0
788,0.0,0.0,0.0013910818400004982,0.04474708171206226,0.06659012629161883,0.9672781745294899,False,115,10,10,1.0
789,0.00019708316909735908,0.00021400178844883342,0.001616069190651773,0.1311284046692607,0.13318025258323765,0.2764337907680403,False,337,23,23,0.9483217180718418
790,0.0,0.0,0.0002812497872988764,0.014007782101167316,0.027554535017221583,0.999877629305007,True,36,5,5,1.0
791,0.0,0.0,0.0007871374432523335,0.013229571984435798,0.045924225028702644,0.9999999181505285,True,34,5,5,1.0
792,0.0,0.0,0.0011562206997545572,0.034241245136186774,0.05510907003444317,0.9997456770832118,False,88,4,4,1.0
793,0.0,0.0,0.002166290867047391,0.04708171206225681,0.06314580941446613,0.9881321550064359,False,121,6,6,1.0
794,0.0,0.0,0.0019817857496120337,0.17315175097276264,0.16303099885189437,0.5869443300776316,False,445,13,13,1.0
795,0.0,0.0,0.0030515613949173587,0.054863813229571984,0.06659012629161883,0.6476781036064839,False,141,11,11,1.0
796,0.0,0.0,9.774975704462087e-05,0.012840466926070038,0.022962112514351322,0.9999475181316129,True,33,2,2,1.0
797,0.0,0.0,0.0031998535926595862,0.09844357976653696,0.09873708381171067,0.8706928060395536,False,253,11,11,1.0
798,0.0,0.0,0.00776117597492396,0.08599221789883268,0.1044776119402985,0.8619162809159202,False,221,8,8,1.0
799,0.0,0.0,0.0007633145404007937,0.02762645914396887,0.04707233065442021,0.8800895464595182,True,71,4,4,1.0
800,0.0,0.0,0.012577293744230285,0.08482490272373541,0.1148105625717566,0.9893006127371327,False,218,13,13,1.0
801,0.0,0.0,0.0,0.011673151750972763,0.0,1.7319376358361078e-07,True,30,4,4,4.075147378437901e-06
802,0.0,0.0,0.0,0.022568093385214007,0.001148105625717566,1.910944493152613e-08,True,58,3,3,6.278182826313951e-07
803,0.0,0.0,0.0002539297913239467,0.0443579766536965,0.029850746268656716,0.07767341217276055,True,114,8,8,0.3587686474492404
804,0.0,0.0,0.0034158165746676124,0.05758754863813229,0.07003444316877153,0.9561947802681722,False,148,6,6,1.0
805,0.0,0.0,0.01141106670084494,0.07509727626459144,0.1010332950631458,0.9565062070106919,False,193,7,7,1.0
806,0.0,0.0,0.0008169496078394129,0.02762645914396887,0.03903559127439724,0.9943032355762371,True,71,7,7,1.0
807,0.0,0.0,0.00017943737382471525,0.029571984435797664,0.021814006888633754,0.9085509274177188,True,76,5,5,1.0
808,0.0,0.0,0.0015609325845590718,0.14941634241245136,0.13662456946039037,0.6280765413217682,False,384,13,13,1.0
809,0.0,0.0,0.0019502493466010793,0.10038910505836576,0.11021814006888633,0.6308817631269188,False,258,11,11,1.0
810,0.0,0.0,0.0,0.01556420233463035,0.021814006888633754,0.7356712955708871,True,40,4,4,1.0
811,0.0,0.0,0.002952147401016879,0.06809338521400778,0.09184845005740529,0.9999998537174404,False,175,7,7,1.0
812,0.0,0.0,5.6805953602114275e-05,0.03268482490272374,0.004592422502870264,0.01717585268900761,True,84,7,7,0.09622326436418828
813,0.0,0.0,0.004259545924840454,0.13073929961089495,0.11940298507462686,0.22702510727507624,False,336,9,9,0.8346511296877802
814,0.0,0.0,0.014477689128058777,0.08365758754863813,0.11940298507462686,0.9959194071176788,False,215,12,12,1.0
815,0.0,0.0,0.0,0.011284046692607004,0.0,0.0036780053982914448,True,29,3,3,0.024438574075026212
816,0.0,0.0,0.0041301881761703465,0.060700389105058365,0.07807118254879448,0.9850155154285611,False,156,6,6,1.0
817,0.0,0.0,0.0,0.019844357976653695,0.0,6.602400825296611e-06,True,51,4,4,8.519226871350465e-05
818,0.0,0.0,0.0010341598267153704,0.045136186770428015,0.05281285878300804,0.043647229493251276,False,116,12,12,0.21823614746625639
819,0.0,0.0,0.0047503231573553205,0.09221789883268483,0.11595866819747416,0.9996986077050861,False,237,6,6,1.0
820,0.0,0.0,0.0,0.010894941634241245,0.0,0.001339901323161214,True,28,8,8,0.00974473689571792
821,0.0,0.0,0.004850527044350212,0.05992217898832685,0.09644087256027555,0.9981008766455188,False,154,7,7,1.0
822,0.0,0.0,0.003059308647165156,0.0715953307392996,0.09184845005740529,0.7730578465123661,False,184,8,8,1.0
823,0.0,0.0,0.0004562696100684206,0.036575875486381325,0.02066590126291619,0.9029577612575984,True,94,8,8,1.0
824,0.0,0.0,0.0007111400786148111,0.003501945525291829,0.04247990815154994,0.9999999999999962,True,9,2,2,1.0
825,0.0,0.0,0.002397600733159395,0.07276264591439689,0.06888633754305395,0.9616051040389423,False,187,6,6,1.0
826,0.0,0.0,0.00014163973353598677,0.04085603112840467,0.013777267508610792,0.3587553610016073,True,105,5,5,1.0
827,0.0,0.0,0.0016502596894594004,0.12996108949416343,0.1285878300803674,0.34521187828707944,False,334,8,8,1.0
828,0.0,0.0,0.0021437469227006106,0.05525291828793774,0.05970149253731343,0.45149428072630077,False,142,11,11,1.0
829,0.0,0.0,0.00027198184466790476,0.0003891050583657588,0.03559127439724455,0.999999999999532,True,1,1,1,1.0
830,0.0,0.0,0.0,0.007392996108949416,0.0,0.9120162358147067,True,19,4,4,1.0
831,0.0,0.0,0.0,0.017120622568093387,0.001148105625717566,0.030209745330447218,True,44,4,4,0.15612271488603213
832,0.0,0.0,0.0024002300851626995,0.08054474708171207,0.07921928817451206,0.5809184640291526,False,207,8,8,1.0
833,0.0,0.0,0.0001137433380324547,0.03618677042801557,0.04133180252583238,0.4833150819711645,True,93,4,4,1.0
834,0.0,0.0,0.0003223508330736266,0.022568093385214007,0.03903559127439724,0.9998990039250131,True,58,6,6,1.0
835,0.0,0.0,0.0,0.010894941634241245,0.003444316877152698,0.010374700805793311,True,28,5,5,0.06084868507796663
836,0.0,0.0,0.0011473266168728676,0.05330739299610895,0.0574052812858783,0.980878173710341,False,137,7,7,1.0
837,0.0,0.0,0.0014238426563939084,0.02529182879377432,0.05625717566016074,0.9999469497831032,False,65,11,11,1.0
838,0.0,0.0,0.0,0.03385214007782101,0.001148105625717566,2.1183818038810518e-08,True,87,6,6,6.833489689938877e-07
839,0.0,0.0,0.0008203464032753022,0.04085603112840467,0.04247990815154994,0.998767828968676,True,105,5,5,1.0
840,0.0,0.0,0.00040958075730911813,0.0031128404669260703,0.040183696900114814,0.9999999999980154,True,8,2,2,1.0
841,0.0,0.0,0.0015197492452758928,0.07626459143968872,0.07003444316877153,0.3505096183038168,False,196,15,15,1.0
842,0.0,0.0,0.0001362707080603339,0.03618677042801557,0.027554535017221583,0.6289521851996325,True,93,6,6,1.0
843,0.0,0.0,0.0002588122646097038,0.0357976653696498,0.03214695752009185,0.6601644691571062,True,92,6,6,1.0
844,0.0,0.0,0.0006228937574602305,0.01906614785992218,0.03559127439724455,0.999999987645627,True,49,3,3,1.0
845,0.0,0.0,0.00017488078275110564,0.026070038910505838,0.03559127439724455,0.9000025178501861,True,67,6,6,1.0
846,0.0,0.0,0.0,0.003501945525291829,0.0,0.1923159575436552,True,9,1,1,0.7340303723040276
847,0.0,0.0,0.001847898983300748,0.06653696498054475,0.07692307692307693,0.9191542171324367,False,171,11,11,1.0
848,0.0,0.0,0.0001595221895891299,0.022568093385214007,0.02066590126291619,0.7771345409344137,True,58,6,6,1.0
849,0.0,0.0,8.8142509358397e-05,0.03268482490272374,0.022962112514351322,0.07352329562317558,True,84,8,8,0.34422116902199407
850,0.0,0.0,0.0,0.03501945525291829,0.03673938002296211,0.6294634735376669,True,90,4,4,1.0
851,0.0,0.0,0.0,0.002723735408560311,0.0,0.021746398679536545,True,7,1,1,0.1175481009704678
852,0.0,0.0,0.005221779702670978,0.10739299610894941,0.12629161882893225,0.9989841205942969,False,276,6,6,1.0
853,0.0,0.0,0.0,0.016731517509727626,0.008036739380022962,0.2529270995943578,True,43,4,4,0.9017635123199245
854,0.0,0.0,0.0049295810623528735,0.057198443579766535,0.09414466130884042,0.9996810050228907,False,147,6,6,1.0
855,0.0,0.0,0.005619829743400398,0.11867704280155641,0.12973593570608496,0.791602090116811,False,305,8,8,1.0
856,0.0,0.0,0.0010487965578045496,0.051361867704280154,0.0539609644087256,0.25384642871805874,False,132,9,9,0.9017635123199245
857,0.0,0.0,0.002270916268515264,0.0867704280155642,0.09529276693455797,0.7566701498251831,False,223,5,5,1.0
858,0.0,0.0,0.0008741641832285061,0.045914396887159536,0.04247990815154994,0.3181732524234124,True,118,8,8,1.0
859,0.0,0.0,0.005987841336988655,0.08793774319066149,0.09644087256027555,0.9600312634219659,False,226,7,7,1.0
860,0.0,0.0,0.0030579286403177412,0.048638132295719845,0.06888633754305395,0.895557095844861,False,125,13,13,1.0
861,0.0,0.0,0.004200207520714663,0.08326848249027237,0.09988518943742825,0.9809413529424444,False,214,8,8,1.0
862,0.0,0.0,0.00019529627334542192,0.019844357976653695,0.03329506314580941,0.9995905992339899,True,51,5,5,1.0
863,0.0,0.0,0.004014048942185824,0.10233463035019455,0.13662456946039037,0.9991780488340777,False,263,13,13,1.0
864,0.0,0.0,0.00018128237886827768,0.024902723735408562,0.03673938002296211,0.2555770419853666,True,64,3,3,0.906301567323995
865,0.0,0.0,0.002407930809933923,0.03813229571984436,0.0677382319173364,0.9989703808810944,False,98,8,8,1.0
866,0.0,0.0,0.005855008680434575,0.07704280155642024,0.10907003444316878,0.9691629991485329,False,198,9,9,1.0
867,0.0,0.0,0.01563412327585645,0.10116731517509728,0.13203214695752008,0.9967926198640921,False,260,11,11,1.0
868,0.0,0.0,5.961827697478594e-05,0.01556420233463035,0.002296211251435132,0.371073597798814,True,40,4,4,1.0
869,0.0,0.0,0.00010103869593049165,0.03073929961089494,0.03444316877152698,0.896062673148913,True,79,5,5,1.0
870,0.0,0.0,7.907352687441224e-05,0.012062256809338522,0.02066590126291619,0.977618957795566,True,31,4,4,1.0
871,0.0,0.0,0.0,0.010505836575875487,0.001148105625717566,0.02306617350155443,True,27,3,3,0.12334852139868678
872,0.0,0.0,0.0003181822795332486,0.019844357976653695,0.022962112514351322,0.9923020869218468,True,51,9,9,1.0
873,0.0,0.0,0.0006581296208535842,0.0245136186770428,0.040183696900114814,0.9999951059162474,True,63,4,4,1.0
874,0.0,0.0,0.0001240753691536082,0.01906614785992218,0.021814006888633754,0.7898848080294467,True,49,4,4,1.0
875,0.0,0.0,0.0002736203993581347,0.045136186770428015,0.021814006888633754,0.22369769365518694,True,116,8,8,0.8244918794820724
876,0.0,0.0,0.0,0.028793774319066146,0.003444316877152698,0.0014681740779090445,True,74,3,3,0.010638942593543801
877,0.0,0.0,0.013920775691620773,0.09961089494163425,0.13088404133180254,0.9068512383059271,False,256,8,8,1.0
878,0.0,0.0,0.014892841034188392,0.10272373540856031,0.13662456946039037,0.9996561160634916,False,264,13,13,1.0
879,0.0,0.0,0.0005340589494560172,0.041634241245136185,0.03903559127439724,0.1971428378891793,True,107,9,9,0.7495925395025829
880,0.0,0.0,0.004974216920397325,0.053696498054474705,0.08840413318025259,0.9951104581580072,False,138,8,8,1.0
881,0.0,0.0,0.0,0.017120622568093387,0.002296211251435132,1.315801033779715e-06,True,44,3,3,2.105281654047544e-05
882,0.0,0.0,2.5091584282631606e-05,0.010894941634241245,0.022962112514351322,0.9956638111718797,True,28,1,1,1.0
883,0.0,0.0,0.0008574541926232024,0.03929961089494163,0.04707233065442021,0.9982081015739076,True,101,5,5,1.0
884,0.0,0.0,0.0,0.026459143968871595,0.021814006888633754,0.43886341961524084,True,68,5,5,1.0
885,0.0,0.0,0.0,0.025680933852140077,0.0,2.834831771141912e-09,True,66,8,8,1.363534898242437e-07
886,0.0,0.0,0.0019203957483905705,0.06964980544747082,0.08610792192881746,0.9741248280738667,False,179,11,11,1.0
887,0.0,0.0,0.0,0.021011673151750974,0.003444316877152698,0.0011316454657712028,True,54,8,8,0.008351627053662013
888,0.0,0.0,0.0034952204270905962,0.06108949416342412,0.08151549942594719,0.9551385582624795,False,157,8,8,1.0
889,0.0,0.0,0.005225611794305934,0.0669260700389105,0.08955223880597014,0.9313274566460645,False,172,13,13,1.0
890,0.0,0.0,0.006624256308019991,0.06108949416342412,0.08840413318025259,0.9818739008226636,False,157,8,8,1.0
891,0.0,0.0,0.0006697552733253948,0.021011673151750974,0.04247990815154994,0.9989044975900464,True,54,5,5,1.0
892,0.0,0.0,0.00015151929362200594,0.01556420233463035,0.03329506314580941,0.999541909191573,True,40,5,5,1.0
893,0.0,0.0,0.0011527120310690212,0.07782101167315175,0.060849598163030996,0.7718786731017171,False,200,14,14,1.0
894,0.0,0.0,0.0,0.012451361867704281,0.0,0.002133580522149683,True,32,6,6,0.014920143511536244
895,0.0,0.0,0.0036914617678638663,0.0867704280155642,0.11021814006888633,0.9952676662095314,False,223,11,11,1.0
896,0.0,0.0,0.013077250997566622,0.12101167315175097,0.16073478760045926,0.9456686948615456,False,311,8,8,1.0
897,0.0,0.0,0.0,0.011673151750972763,0.0,6.246415528877358e-07,True,30,2,2,1.1271813894376827e-05
898,0.0,0.0,0.00027586579055268877,0.01634241245136187,0.027554535017221583,0.9967569661677181,True,42,5,5,1.0
899,0.0,0.0,6.001758296895939e-05,0.034241245136186774,0.001148105625717566,6.903506846618113e-06,True,88,9,9,8.794276237730081e-05
900,0.0,0.0,0.0006027954680384044,0.008171206225680934,0.0057405281285878304,0.3739494027535541,True,21,9,9,1.0
901,0.0,0.0,0.0,0.010116731517509728,0.0,0.13331303150156065,True,26,2,2,0.5463648832031174
902,0.0,0.0,0.0,0.02840466926070039,0.0,6.287334911991872e-06,True,73,1,1,8.16537001557386e-05
903,0.0,0.0,0.0018924377520360197,0.12101167315175097,0.11710677382319173,0.5349182174282532,False,311,6,6,1.0
904,0.0,0.0,0.016740146260696795,0.1264591439688716,0.15958668197474168,0.9060411428875437,False,325,8,8,1.0
905,0.0,0.0,0.0025054627035088397,0.026848249027237352,0.060849598163030996,0.999992816605875,False,69,6,6,1.0
906,0.0,0.0,0.0,0.014007782101167316,0.004592422502870264,0.006681654957270583,True,36,5,5,0.04124478368685545
907,0.0,0.0,0.0005145546905116892,0.04085603112840467,0.04477611940298507,0.7162064073638728,True,105,5,5,1.0
908,0.0,0.0,0.0062779780451045625,0.08599221789883268,0.09988518943742825,0.6925432158107119,False,221,8,8,1.0
909,0.0,0.0,0.00018649713711899735,0.03151750972762646,0.022962112514351322,0.8101715950498153,True,81,6,6,1.0
910,0.0,0.0,0.004086135543508947,0.05642023346303502,0.07577497129735936,0.9721772990724729,False,145,7,7,1.0
911,0.0,0.0,0.0001046259601655435,0.03385214007782101,0.02066590126291619,0.47843368642980655,True,87,6,6,1.0
912,0.0,0.0,0.0,0.027237354085603113,0.008036739380022962,0.00016206906630604503,True,70,9,9,0.0014424050881121434
913,0.0,0.0,0.0,0.017120622568093387,0.0,5.0465721551072376e-05,True,44,5,5,0.0005149563423578814
914,0.0,0.0,0.0,0.0062256809338521405,0.0,0.0005868891449698373,True,16,5,5,0.004603052117410488
915,0.0,0.0,0.007701396786908832,0.06926070038910506,0.08840413318025259,0.9798904512950957,False,178,9,9,1.0
916,0.0,0.0,0.006255714059368318,0.08054474708171207,0.09644087256027555,0.8759662891127229,False,207,8,8,1.0
917,0.0,0.0,0.0,0.01556420233463035,0.0,5.465095151592066e-07,True,40,3,3,1.0120546577022345e-05
918,0.0,0.0,0.0021756249610409735,0.16731517509727625,0.13318025258323765,0.21465032271944684,False,430,13,13,0.7979565900351183
919,0.0,0.0,0.0010313282679561384,0.0357976653696498,0.0539609644087256,0.8622761354812734,False,92,6,6,1.0
920,0.0,0.0,0.0018294941704261895,0.05058365758754864,0.05970149253731343,0.9285283077076651,False,130,8,8,1.0
921,0.0,0.0,0.0008480811314839443,0.0490272373540856,0.04707233065442021,0.7245190694705443,True,126,5,5,1.0
922,0.0,0.0,0.008231351325594986,0.12490272373540856,0.15958668197474168,0.996418190295598,False,321,15,15,1.0
923,0.0,0.0,0.0,0.020622568093385214,0.01951779563719862,0.43843457230600924,True,53,4,4,1.0
924,0.0,0.0,0.004631772594537126,0.09299610894941635,0.09873708381171067,0.7450347852129438,False,239,7,7,1.0
925,0.0,0.0,0.0,0.01634241245136187,0.02525832376578645,0.828796922764702,True,42,5,5,1.0
926,0.0,0.0,0.00611380628787502,0.17042801556420234,0.19862227324913892,0.9381694847522597,False,438,14,14,1.0
927,0.0,0.0,0.0,0.005447470817120622,0.004592422502870264,0.08504523848487949,True,14,7,7,0.3830866598417995
928,0.0,0.0,0.003539372388748503,0.12373540856031129,0.14810562571756603,0.7677391951782739,False,318,16,16,1.0
929,0.0,0.0,0.0,0.015175097276264591,0.0,1.019669537810296e-05,True,39,6,6,0.00012526327053512346
930,0.0,0.0,0.0011274512269027542,0.033073929961089495,0.05510907003444317,0.7195142104334527,False,85,8,8,1.0
931,0.0,0.0,0.0,0.03346303501945525,0.004592422502870264,0.0011183318629640494,True,86,5,5,0.008283939725659625
932,0.0,0.0,0.00315952268310136,0.16108949416342414,0.17451205510907003,0.8939870342503193,False,414,14,14,1.0
933,0.0,0.0,0.0,0.011673151750972763,0.0,0.0012978539386714638,True,30,2,2,0.009508087462794607
934,0.0,0.0,0.0012620755159922937,0.08560311284046693,0.07233065442020666,0.5478193228099257,False,220,10,10,1.0
935,0.0,0.0,0.0,0.008560311284046693,0.001148105625717566,0.21516455835399473,True,22,2,2,0.7982029108645249
936,0.0,0.0,0.0047973912094675004,0.07782101167315175,0.08610792192881746,0.6180903811892199,False,200,6,6,1.0
937,0.0,0.0,0.000183066647183098,0.02529182879377432,0.02525832376578645,0.6481320663303021,True,65,3,3,1.0
938,0.0,0.0,0.00010331965970577965,0.015953307392996108,0.02066590126291619,0.014602996862698853,True,41,5,5,0.08344569635827917
939,0.0,0.0,0.00028981590876013227,0.019844357976653695,0.02640642939150402,0.9862189287205879,True,51,6,6,1.0
940,0.0,0.0,0.0,0.007782101167315175,0.002296211251435132,0.0008974319161291408,True,20,3,3,0.006850625313962908
941,0.0,0.0,0.001610613196808875,0.0754863813229572,0.09529276693455797,0.9961450734104307,False,194,6,6,1.0
942,0.0,0.0,7.092786501353111e-05,0.03268482490272374,0.004592422502870264,4.7115734228425406e-06,True,84,8,8,6.454210168277453e-05
943,0.0,0.0,0.0,0.022957198443579768,0.0,6.7543130258341386e-06,True,59,3,3,8.659375674146332e-05
944,0.0,0.0,0.0,0.014785992217898832,0.001148105625717566,0.006243317302771674,True,38,8,8,0.03902073314232296
945,0.0,0.0,0.0,0.007392996108949416,0.014925373134328358,0.9400091588309485,True,19,4,4,1.0
946,0.0,0.0,0.00793292324457636,0.23346303501945526,0.2801377726750861,0.9956873478380732,False,600,13,13,1.0
947,0.0,0.0,0.0008386490958133608,0.03501945525291829,0.04822043628013777,0.9289443037161742,True,90,8,8,1.0
948,0.0,0.0,0.003829822895495217,0.0669260700389105,0.08151549942594719,0.9990876195154792,False,172,6,6,1.0
949,0.0,0.0,0.0,0.018287937743190662,0.0,2.000905047692421e-06,True,47,6,6,3.0316743146854864e-05
950,0.0,0.0,0.0019552872090854816,0.12334630350194553,0.1079219288174512,0.15628903005052575,False,317,7,7,0.6177432017807342
951,0.0,0.0,0.0016520835069479263,0.06031128404669261,0.06314580941446613,0.9999372653300185,False,155,5,5,1.0
952,0.0,0.0,0.0001320304792080169,0.0311284046692607,0.013777267508610792,0.004084752387514931,True,80,5,5,0.026881541325872706
953,0.0,0.0,0.004044904115339899,0.07315175097276265,0.10218140068886337,0.9926090519745003,False,188,8,8,1.0
954,0.0,0.0,0.002026401558013939,0.03968871595330739,0.0642939150401837,0.9990768530845188,False,102,5,5,1.0
955,0.0,0.0,0.0011859150993842973,0.010116731517509728,0.0539609644087256,0.9999999958695275,False,26,5,5,1.0
956,0.0,0.0,4.354737610328221e-05,0.015953307392996108,0.018369690011481057,0.977126903354226,True,41,5,5,1.0
957,0.0,0.0,0.0001928915770930501,0.029571984435797664,0.03329506314580941,0.9965673942788636,True,76,7,7,1.0
958,0.0,0.0,9.822587044093799e-05,0.0023346303501945525,0.002296211251435132,0.9482794630192132,True,6,4,4,1.0
959,0.0,0.0,0.0,0.026459143968871595,0.02640642939150402,0.2282560169178432,True,68,6,6,0.8347205263392371
960,0.0,0.0,0.0016649708881740842,0.033073929961089495,0.060849598163030996,0.9717826160076118,False,85,9,9,1.0
961,0.0,0.0,0.0,0.017509727626459144,0.001148105625717566,0.5795053156738623,True,45,3,3,1.0
962,0.0,0.0,6.733594345931003e-05,0.020233463035019456,0.01951779563719862,0.9238345545652852,True,52,5,5,1.0
963,0.0,0.0,0.002429846025893314,0.09727626459143969,0.12169919632606199,0.9743824277178831,False,250,8,8,1.0
964,0.0,0.0,0.005546646315956725,0.07003891050583658,0.07692307692307693,0.797354284728188,False,180,8,8,1.0
965,0.0,0.0,0.0,0.030350194552529183,0.0,2.328405852339245e-08,True,78,5,5,7.164325699505369e-07
966,0.0,0.0,0.0043733073954201705,0.06848249027237355,0.07692307692307693,0.6674069911623958,False,176,7,7,1.0
967,0.0,0.0,0.00940717324400879,0.0490272373540856,0.06659012629161883,0.9743900061231935,False,126,12,12,1.0
968,0.0,0.0,0.00016155345433395098,0.009727626459143969,0.004592422502870264,0.22871342421695096,True,25,4,4,0.8347205263392371
969,0.0,0.0,0.0,0.022568093385214007,0.02640642939150402,0.6262071256983779,True,58,5,5,1.0
970,0.0,0.0,0.0,0.008171206225680934,0.0,0.003507530903847998,True,21,1,1,0.023383539358986655
971,0.0,0.0,0.0007392171639313899,0.048638132295719845,0.04133180252583238,0.9826745200834656,True,125,4,4,1.0
972,0.0,0.0,0.0018718185037815242,0.0715953307392996,0.0574052812858783,0.014767430454545327,False,184,5,5,0.08414490287490214
973,0.0,0.0,0.0010524678305995879,0.07120622568093385,0.06314580941446613,0.3349057637338908,False,183,10,10,1.0
974,0.0,0.0,0.0013343425557455777,0.06108949416342412,0.05625717566016074,0.8716418362870965,False,157,11,11,1.0
975,0.0,0.0,0.0,0.011673151750972763,0.0057405281285878304,0.1627252842137074,True,30,1,1,0.6380712573780484
976,0.0,0.0,0.0012593680473038777,0.05291828793774319,0.0539609644087256,0.8108535748121439,False,136,6,6,1.0
977,0.0,0.0,0.005577408078985137,0.004280155642023347,0.06659012629161883,0.9999999999998853,False,11,3,3,1.0
978,0.0,0.0,0.011750597532198604,0.0821011673151751,0.12284730195177956,0.9917230740952422,False,211,8,8,1.0
979,0.0,0.0,0.0,0.012451361867704281,0.001148105625717566,0.025575520151144157,True,32,4,4,0.13474758074465581
980,0.0,0.0,0.002382658023968363,0.1490272373540856,0.1549942594718714,0.8612576929857152,False,383,9,9,1.0
981,0.0,0.0,8.418220839675257e-05,0.021011673151750974,0.016073478760045924,0.8457901598253227,True,54,6,6,1.0
982,0.0,0.0,0.005204994658478512,0.10350194552529182,0.10907003444316878,0.7666433253933101,False,266,8,8,1.0
983,0.0,0.0,0.0,0.020233463035019456,0.004592422502870264,0.00016227057241261612,True,52,8,8,0.0014424050881121434
984,0.0,0.0,0.0013097140293135622,0.036575875486381325,0.05970149253731343,0.9364846519339768,False,94,8,8,1.0
985,0.0,0.0,0.0,0.010116731517509728,0.008036739380022962,0.8623934935821982,True,26,3,3,1.0
986,0.0,0.0,0.00011261687995721181,0.02217898832684825,0.02525832376578645,0.9530717620419816,True,57,6,6,1.0
987,0.0,0.0,7.366470303059316e-05,0.012062256809338522,0.024110218140068886,0.9950542408531895,True,31,2,2,1.0
988,0.0,0.0,4.5903147025195625e-05,0.017509727626459144,0.0057405281285878304,0.5360062831776837,True,45,4,4,1.0
989,0.0,0.0,0.008998199879704133,0.09688715953307393,0.11366245694603903,0.9941021349558913,False,249,6,6,1.0
990,0.0,0.0,0.00012828858030856488,0.016731517509727626,0.018369690011481057,0.8620576378878755,True,43,6,6,1.0
991,0.0,0.0,0.0005322831753805336,0.03463035019455253,0.04477611940298507,0.8341930350128063,True,89,5,5,1.0
992,0.0,0.0,0.00019600572129825996,0.024124513618677044,0.03559127439724455,0.8689211597836728,True,62,9,9,1.0
993,0.0,0.0,0.0,0.004280155642023347,0.003444316877152698,0.006598230584191013,True,11,3,3,0.04085591692997532
994,0.0,0.0,0.0010543069744444618,0.07431906614785992,0.05166475315729047,0.3031141963029296,False,191,6,6,1.0
995,0.0,0.0,0.0003437806640480709,0.0245136186770428,0.03559127439724455,0.9999108320619213,True,63,6,6,1.0
996,0.0,0.0,0.0002846690551173706,0.03385214007782101,0.01722158438576349,0.8621693930142169,True,87,7,7,1.0
997,0.0,0.0,9.93469419652685e-05,0.019844357976653695,0.01951779563719862,0.35096406439637623,True,51,18,18,1.0
998,0.0,0.0,0.0,0.03268482490272374,0.02066590126291619,0.15024070783778404,True,84,8,8,0.6021671656825011
999,0.0,0.0,0.0,0.017120622568093387,0.010332950631458095,0.2800118827547624,True,44,6,6,0.955671954794411
1000,0.0,0.0,9.02234991232642e-05,0.020233463035019456,0.02525832376578645,0.797261751384544,True,52,8,8,1.0
1001,0.0,0.0,0.0,0.02840466926070039,0.0,5.134071865971659e-12,True,73,4,4,1.7113572886572196e-09
1002,0.0,0.0,0.0024843055022659277,0.07976653696498054,0.10562571756601608,0.9999988052925755,False,205,6,6,1.0
1003,0.0,0.0,0.001132856128494278,0.05992217898832685,0.06659012629161883,0.400259387134036,False,154,10,10,1.0
1004,0.0,0.0,0.00029784982021413005,0.038910505836575876,0.01722158438576349,0.06327315377166433,True,100,7,7,0.3020198270723834
1005,0.0,0.0,0.0,0.015175097276264591,0.0,2.2864281456613303e-07,True,39,7,7,4.903405002060325e-06
1006,0.0,0.0,0.0013149981156409937,0.04669260700389105,0.05970149253731343,0.9993324342952365,False,120,7,7,1.0
1007,0.0,0.0,0.0018099719362522017,0.07354085603112841,0.09758897818599312,0.7341834763526798,False,189,8,8,1.0
1008,0.0,0.0,0.0,0.028793774319066146,0.0,0.0003134218223514849,True,74,5,5,0.0026227767560793713
1009,0.0,0.0,0.00672713767713287,0.167704280155642,0.17795637198622274,0.8563340032650679,False,431,9,9,1.0
1010,0.0,0.0,0.00012826822610631438,0.008171206225680934,0.013777267508610792,0.863001895265397,True,21,5,5,1.0
1011,0.0,0.0,0.001672873462268451,0.13929961089494164,0.15729047072330654,0.5170937371951679,False,358,12,12,1.0
1012,0.0,0.0,0.00013495936604714635,0.01906614785992218,0.014925373134328358,0.94090637625544,True,49,5,5,1.0
1013,0.0,0.0,0.004468051155063617,0.1680933852140078,0.16073478760045926,0.16101502336215145,False,432,10,10,0.6326719974937188
1014,0.0,0.0,0.00017649769958175037,0.034241245136186774,0.02870264064293915,0.04431409493681998,True,88,8,8,0.2210179298594513
1015,0.0,0.0,0.006827091731435205,0.04202334630350195,0.08381171067738231,0.9999351830307397,False,108,5,5,1.0
1016,0.0,0.0,0.01003038004945785,0.15875486381322956,0.16762342135476463,0.12391760632861709,False,408,10,10,0.5163233597025713
1017,0.0,0.0,0.011089682601957746,0.07120622568093385,0.09988518943742825,0.999957831491765,False,183,8,8,1.0
1018,0.0,0.0,0.0,0.0019455252918287938,0.0,0.03722893239321353,True,5,2,2,0.18897935224981488
1019,0.0,0.0,0.002541208324798096,0.06731517509727626,0.07692307692307693,0.7390390683549658,False,173,8,8,1.0
1020,0.0,0.0,0.005163502520059161,0.05992217898832685,0.07807118254879448,0.982991964796859,False,154,6,6,1.0
1021,0.0,0.0,5.1030865673792894e-05,0.04085603112840467,0.003444316877152698,0.021449141806475888,True,105,6,6,0.11625551114621077
1022,0.0,0.0,0.0,0.0023346303501945525,0.0,0.0068676524085753326,True,6,3,3,0.04226247636046359
1023,0.0,0.0,0.0037147731680861984,0.04319066147859922,0.08151549942594719,0.9999609364413098,False,111,5,5,1.0
1024,0.0,0.0,0.0031223915819692796,0.06731517509727626,0.09644087256027555,0.9965213002077863,False,173,10,10,1.0
1025,0.0,0.0,0.0003561187932366562,0.05252918287937743,0.014925373134328358,0.3869014214314571,True,135,9,9,1.0
1026,0.0,0.0,0.0,0.010116731517509728,0.001148105625717566,2.9863867044802003e-06,True,26,4,4,4.328096673159711e-05
1027,0.0,0.0,6.569138578681126e-05,0.05291828793774319,0.004592422502870264,7.878893613834305e-05,True,136,5,5,0.0007612457597907541
1028,0.0,0.0,0.0,0.017120622568093387,0.010332950631458095,0.00923504956397719,True,44,6,6,0.055299697987887364
1029,0.0,0.0,0.0005658312876738858,0.042801556420233464,0.03903559127439724,0.4552911879569623,True,110,9,9,1.0
1030,0.0,0.0,0.0,0.02178988326848249,0.001148105625717566,0.005917075995256301,True,56,9,9,0.03733170974925111
1031,0.0,0.0,0.003763749904174166,0.08249027237354085,0.09529276693455797,0.8612513526055545,False,212,8,8,1.0
1032,0.0,0.0,0.0001404757336654476,0.026848249027237352,0.027554535017221583,0.9904884241868459,True,69,4,4,1.0
1033,0.0,0.0,0.0016400487178335039,0.08832684824902724,0.07921928817451206,0.2662250560787196,False,227,13,13,0.9308568394360826
1034,0.0,0.0,0.006164242625359938,0.10311284046692606,0.13203214695752008,0.8182043141233856,False,265,8,8,1.0
1035,0.0,0.0,0.0029387774564675955,0.07042801556420233,0.09414466130884042,0.9962032722930358,False,181,6,6,1.0
1036,0.0,0.0,0.0017545496841954826,0.12529182879377432,0.11595866819747416,0.2721600131738897,False,322,7,7,0.9401036724486691
1037,0.0,0.0,0.0013953815285972712,0.03813229571984436,0.05281285878300804,0.9985797521859807,False,98,5,5,1.0
1038,0.0,0.0,0.0018351437068625923,0.02801556420233463,0.0574052812858783,0.9988480726402356,False,72,6,6,1.0
1039,0.0,0.0,0.0077208899764399375,0.05408560311284047,0.07807118254879448,0.994506208641112,False,139,7,7,1.0
1040,0.0,0.0,0.0031436200684460177,0.07937743190661478,0.09414466130884042,0.9968856189430109,False,204,12,12,1.0
1041,0.0,0.0,0.0016494764117930714,0.1,0.12055109070034443,0.9978647748826409,False,257,6,6,1.0
1042,0.0,0.0,0.005978362785544039,0.1132295719844358,0.14580941446613088,0.992264500832091,False,291,13,13,1.0
1043,0.0,0.0,7.60563408129665e-05,0.03501945525291829,0.012629161882893225,0.1370772480512601,True,90,3,3,0.5549686155921462
1044,0.0,0.0,0.005229360138934823,0.14941634241245136,0.19862227324913892,0.999693024553703,False,384,12,12,1.0
1045,0.0,0.0,0.0023840634465616874,0.14085603112840467,0.17221584385763491,0.9602626334164402,False,362,10,10,1.0
1046,0.0,0.0,0.00018988164320475392,0.04046692607003891,0.014925373134328358,0.40796090007983216,True,104,4,4,1.0
1047,0.0,0.0,0.0,0.007003891050583658,0.0,5.206476026410014e-08,True,18,5,5,1.4071556828135174e-06
1048,0.0,0.0,0.00208811238507376,0.058365758754863814,0.06888633754305395,0.8330070981529418,False,150,8,8,1.0
1049,0.0,0.0,0.0012467367736080364,0.042801556420233464,0.05510907003444317,0.9868302135562375,False,110,7,7,1.0
1050,0.0,0.0,0.0018602362713355186,0.05291828793774319,0.06544202066590127,0.7178890013003865,False,136,8,8,1.0
1051,0.0,0.0,0.0,0.011284046692607004,0.0,5.629838751628743e-06,True,29,2,2,7.556830539098983e-05
1052,0.0,0.0,0.001766561334209756,0.06614785992217899,0.07347876004592423,0.4887173834339457,False,170,7,7,1.0
1053,0.0,0.0,0.0009821092672487996,0.029571984435797664,0.0505166475315729,0.9973062952830808,True,76,6,6,1.0
1054,0.0,0.0,0.0,0.014007782101167316,0.001148105625717566,0.0009646699262157081,True,36,4,4,0.007280527745024213
1055,0.0,0.0,0.0,0.00894941634241245,0.002296211251435132,0.0010405386854665064,True,23,4,4,0.0077652140706455704
1056,0.0,0.0,0.0,0.03151750972762646,0.0,7.025514600658503e-05,True,81,7,7,0.0006820887961804372
1057,0.0,0.0,6.523134453312497e-05,0.011673151750972763,0.021814006888633754,0.9900716854513042,True,30,4,4,1.0
1058,0.0,0.0,0.0033726164237772105,0.057198443579766535,0.06659012629161883,0.8975621177421027,False,147,8,8,1.0
1059,0.0,0.0,0.00020146671205197568,0.031906614785992216,0.02870264064293915,0.35538206554828966,True,82,12,12,1.0
1060,0.0,0.0,0.0037503313302199143,0.05330739299610895,0.10332950631458095,0.9999519716475965,False,137,5,5,1.0
1061,0.0,0.0,0.0008889039855549481,0.05992217898832685,0.04707233065442021,0.6175898322724789,True,154,8,8,1.0
1062,0.0,0.0,0.0,0.0357976653696498,0.0,1.0929897753221914e-10,True,92,6,6,1.561413964745988e-08
1063,0.0,0.0,0.0015878638651085106,0.08988326848249027,0.07462686567164178,0.5887532680982356,False,231,8,8,1.0
1064,0.0,0.0,0.0,0.013618677042801557,0.0,7.125221666207613e-06,True,35,1,1,9.019267931908371e-05
1065,0.0,0.0,0.011128417523013506,0.11828793774319066,0.15040183696900114,0.790693234537587,False,304,8,8,1.0
1066,0.0,0.0,0.0007153639360455992,0.02529182879377432,0.04822043628013777,0.9976863513851972,True,65,5,5,1.0
1067,0.0,0.0,0.00024995505875736155,0.009727626459143969,0.008036739380022962,0.8355163492385191,True,25,5,5,1.0
1068,0.0,0.0,0.0,0.017120622568093387,0.0,5.716037892694928e-05,True,44,5,5,0.0005773775649186796
1069,0.0,0.0,0.0029321000774160137,0.05992217898832685,0.07921928817451206,0.9832770929457954,False,154,12,12,1.0
1070,0.0,0.0,0.0011493225916831805,0.0311284046692607,0.05166475315729047,0.9998853912456792,False,80,4,4,1.0
1071,0.0,0.0,0.007746400048699737,0.08599221789883268,0.1285878300803674,0.999990240294338,False,221,8,8,1.0
1072,0.0,0.0,0.009450770251340827,0.06809338521400778,0.08495981630309989,0.9350702294066251,False,175,11,11,1.0
1073,0.0,0.0,0.0,0.007392996108949416,0.0,5.7265421993186615e-09,True,19,5,5,2.436826467795175e-07
1074,0.0,0.0,0.004494486523632916,0.07665369649805448,0.08610792192881746,0.9461699687556687,False,197,11,11,1.0
1075,0.0,0.0,0.0003016737708090387,0.02762645914396887,0.03673938002296211,0.9293136152698236,True,71,5,5,1.0
1076,0.0,0.0,0.0,0.024124513618677044,0.002296211251435132,3.5888414226086686e-07,True,62,4,4,6.96862412157023e-06
1077,0.0,0.0,0.005224403839572936,0.1,0.1148105625717566,0.7468801396219187,False,257,8,8,1.0
1078,0.0,0.0,0.0012302816309491978,0.06731517509727626,0.0539609644087256,0.4315575870345921,False,173,12,12,1.0
1079,0.0,0.0,0.004573450499185859,0.06303501945525292,0.08840413318025259,0.9979950264933223,False,162,7,7,1.0
1080,0.0,0.0,0.0,0.013229571984435798,0.001148105625717566,1.0971696301770534e-06,True,34,8,8,1.828616050295089e-05
1081,0.0,0.0,0.0,0.020622568093385214,0.002296211251435132,0.00020208636917214812,True,53,5,5,0.0017649464556519488
1082,0.0,0.0,0.003893351515487189,0.08599221789883268,0.11710677382319173,0.9990315164657841,False,221,8,8,1.0
1083,0.0,0.0,8.334926254271156e-05,0.01867704280155642,0.024110218140068886,0.7469110091506304,True,48,4,4,1.0
1084,0.0,0.0,0.0,0.02840466926070039,0.001148105625717566,7.662672413448585e-07,True,73,3,3,1.3326386805997538e-05
1085,0.0,0.0,0.00014417336108038558,0.033073929961089495,0.010332950631458095,0.01972557271347658,True,85,12,12,0.10808532993685797
1086,0.0,0.0,0.0031101716534560385,0.05408560311284047,0.07462686567164178,0.9593632261996798,False,139,7,7,1.0
1087,0.0,0.0,0.0,0.029961089494163425,0.001148105625717566,0.00014602230273653947,True,77,6,6,0.0013096170649016991
1088,0.0,0.0,0.0032683878192838515,0.0622568093385214,0.09070034443168772,0.9143351786228696,False,160,8,8,1.0
1089,0.0,0.0,0.0,0.010505836575875487,0.0,6.74631908594121e-07,True,27,3,3,1.1835647519195105e-05
1090,0.0,0.0,0.0009187041349196561,0.040077821011673155,0.04936854190585534,0.9821789502901438,True,103,4,4,1.0
1091,0.0,0.0,0.001755895689292893,0.035408560311284046,0.05625717566016074,0.9997192139707863,False,91,6,6,1.0
1092,0.0,0.0,0.0,0.0178988326848249,0.004592422502870264,0.001669928049831648,True,46,5,5,0.011970810393058409
1093,0.0,0.0,0.0012545910897496567,0.03229571984435798,0.06199770378874857,0.9999581759024362,False,83,9,9,1.0
1094,0.0,0.0,0.0,0.008560311284046693,0.013777267508610792,0.5388797915200749,True,22,3,3,1.0
1095,0.0,0.0,9.418504144266007e-05,0.012062256809338522,0.024110218140068886,0.9996133033788384,True,31,6,6,1.0
1096,0.0,0.0,0.00032250209641091957,0.014007782101167316,0.04247990815154994,0.999998922477862,True,36,5,5,1.0
1097,0.0,0.0,0.0,0.021011673151750974,0.0,2.0527551752489984e-11,True,54,4,4,5.131887938122496e-09
1098,0.0,0.0,0.0,0.012062256809338522,0.0,2.630462537887368e-07,True,31,3,3,5.336265174762445e-06
1099,0.0,0.0,0.0004833683482115722,0.0245136186770428,0.04133180252583238,0.9990864798504533,True,63,4,4,1.0
1100,0.0,0.0,0.0009153188599877013,0.06809338521400778,0.045924225028702644,0.1713628456580722,True,175,7,7,0.6667815006150669
1101,0.0,0.0,0.0015841784989858014,0.07587548638132295,0.05970149253731343,0.45333040291675525,False,195,13,13,1.0
1102,0.0,0.0,0.007449127555835675,0.122568093385214,0.15614236509758897,0.9943586760147258,False,315,12,12,1.0
1103,0.0,0.0,0.011264282122246878,0.10894941634241245,0.12284730195177956,0.9922874385437929,False,280,11,11,1.0
1104,0.0,0.0,0.0002200744754012833,0.04319066147859922,0.04247990815154994,0.5940470069488127,True,111,4,4,1.0
1105,0.0,0.0,0.000755197929570636,0.0178988326848249,0.04822043628013777,0.999996258930277,True,46,4,4,1.0
1106,0.0,0.0,2.7580120249324285e-05,0.0178988326848249,0.008036739380022962,0.11959844149463689,True,46,4,4,0.5014609706274084
1107,0.0,0.0,0.010845412721395647,0.09416342412451362,0.12399540757749714,0.9990360471122035,False,242,13,13,1.0
1108,0.0,0.0,0.0019374366041935765,0.10233463035019455,0.09644087256027555,0.660535074282113,False,263,6,6,1.0
1109,0.0,0.0,0.0,0.0178988326848249,0.0,3.44553952719601e-09,True,46,6,6,1.566154330543641e-07
1110,0.0,0.0,0.00233796790231329,0.2,0.1928817451205511,0.6121351143953102,False,514,13,13,1.0
1111,0.0,0.0,0.00015297108503298517,0.0178988326848249,0.02640642939150402,0.9649983128464868,True,46,10,10,1.0
1112,0.0,0.0,0.005978601875264038,0.0980544747081712,0.12055109070034443,0.8132026498654441,False,252,8,8,1.0
1113,0.0,0.0,0.000862002711311712,0.019844357976653695,0.04936854190585534,0.9999747689807221,True,51,5,5,1.0
1114,0.0,0.0,0.0,0.005447470817120622,0.010332950631458095,0.9965889194234419,True,14,4,4,1.0
1115,0.0,0.0,0.0,0.024124513618677044,0.003444316877152698,2.9943336884263966e-05,True,62,10,10,0.00031519301983435753
1116,0.0,0.0,0.002044418332628608,0.05019455252918288,0.06314580941446613,0.3815884292750874,False,129,10,10,1.0
1117,0.0,0.0,0.005537977701982541,0.1264591439688716,0.14695752009184845,0.9140941434492771,False,325,12,12,1.0
1118,0.0,0.0,0.007869214570556483,0.06770428015564202,0.11021814006888633,0.9962116075691455,False,174,8,8,1.0
1119,0.0,0.0,0.00025708818146646587,0.0178988326848249,0.030998851894374284,0.9971432801829202,True,46,6,6,1.0
1120,0.0,0.0,0.0,0.00933852140077821,0.0,0.00011805571160572252,True,24,2,2,0.001093108440793727
1121,0.0,0.0,0.0,0.012062256809338522,0.0,0.030994067927976075,True,31,2,2,0.15976323674214474
1122,0.0,0.0,0.0,0.012840466926070038,0.0,1.1693380298193088e-05,True,33,1,1,0.0001413822039531373
1123,0.0,0.0,0.0,0.006614785992217899,0.011481056257175661,0.9229050144730911,True,17,4,4,1.0
1124,0.0,0.0,0.0005071553346414619,0.027237354085603113,0.03559127439724455,0.9164943051857493,True,70,7,7,1.0
1125,0.0,0.0,0.0066620514376754415,0.12684824902723735,0.1377726750861079,0.8546693137097596,False,326,12,12,1.0
1126,0.0,0.0,7.316978443465896e-05,0.012062256809338522,0.027554535017221583,0.994900015207352,True,31,4,4,1.0
1127,0.0,0.0,0.0,0.021400778210116732,0.030998851894374284,0.7615700079973867,True,55,5,5,1.0
1128,0.0,0.0,0.0,0.006614785992217899,0.0,0.009299032268007467,True,17,4,4,0.055516610555268464
1129,0.0,0.0,0.00011358160866157731,0.0003891050583657588,0.0,0.0094673887784379,True,1,1,1,0.05618628355156023
1130,0.0,0.0,0.0028354970822218927,0.06498054474708172,0.1148105625717566,0.9999811037627064,False,167,12,12,1.0
1131,0.0,0.0,0.006927672434271609,0.07042801556420233,0.1079219288174512,0.9981461718452739,False,181,12,12,1.0
1132,0.0,0.0,0.0003272734616357293,0.036575875486381325,0.04247990815154994,0.9452443579488959,True,94,5,5,1.0
1133,0.0,0.0,0.00023321611399042835,0.036575875486381325,0.03673938002296211,0.8171903056307177,True,94,11,11,1.0
1134,0.0,0.0,0.0,0.014396887159533073,0.0,8.992687975252873e-10,True,37,3,3,5.6204299845330455e-08
1135,0.0,0.0,0.0,0.012451361867704281,0.0,1.69251008902602e-05,True,32,2,2,0.00019124407785604748
1136,0.0,0.0,0.0,0.028793774319066146,0.0,3.5235661889325905e-13,True,74,5,5,2.34904412595506e-10
1137,0.0,0.0,0.006515994072624345,0.09649805447470818,0.10677382319173363,0.657408300828507,False,248,8,8,1.0
1138,0.0,0.0,0.0,0.01867704280155642,0.003444316877152698,6.86132957623423e-05,True,48,4,4,0.0006726793702190422
1139,0.0,0.0,7.526489768263462e-05,0.015953307392996108,0.011481056257175661,0.6525994436340113,True,41,6,6,1.0
1140,0.0,0.0,0.0017865479964848802,0.03501945525291829,0.06544202066590127,0.9999543612696783,False,90,4,4,1.0
1141,0.0,0.0,0.0,0.022957198443579768,0.012629161882893225,0.03408893819198802,True,59,6,6,0.17436797029149884
1142,0.0,0.0,8.081907883074923e-05,0.023346303501945526,0.0057405281285878304,0.04324461286888316,True,60,7,7,0.21730961240644805
1143,0.0,0.0,0.002797197327452805,0.06459143968871596,0.09070034443168772,0.8194337775003426,False,166,10,10,1.0
1144,0.0,0.0,0.000879463646646369,0.03463035019455253,0.04707233065442021,0.9947367852399853,True,89,7,7,1.0
1145,0.0,0.0,0.005948190750706612,0.04046692607003891,0.07921928817451206,0.9999507562976917,False,104,6,6,1.0
1146,0.0,0.0,0.011306437873578011,0.09883268482490272,0.11710677382319173,0.9078194891939078,False,254,10,10,1.0
1147,0.0,0.0,0.003564452148178375,0.09533073929961089,0.09644087256027555,0.757204981635453,False,245,8,8,1.0
1148,0.0,0.0,0.0004614355117647242,0.03151750972762646,0.03444316877152698,0.23062072045229043,True,81,9,9,0.8388036592277424
1149,0.0,0.0,0.0006627250671482625,0.03618677042801557,0.04707233065442021,0.8648148441174608,True,93,8,8,1.0
1150,0.0,0.0,0.0005214546968228832,0.030350194552529183,0.04362801377726751,0.9864392745624108,True,78,5,5,1.0
1151,0.0,0.0,0.0,0.021011673151750974,0.0,3.3224019532325006e-08,True,54,3,3,9.771770450683824e-07
1152,0.0,0.0,0.001693698649181636,0.04124513618677043,0.06199770378874857,0.9515882637706057,False,106,5,5,1.0
1153,0.0,0.0,0.0005652862607150185,0.019455252918287938,0.03444316877152698,0.9999267763919382,True,50,8,8,1.0
1154,0.0,0.0,0.0008565023115525417,0.035408560311284046,0.04707233065442021,0.4888402369563548,True,91,9,9,1.0
1155,0.0,0.0,0.0026756437307795633,0.05019455252918288,0.06314580941446613,0.8694843175700175,False,129,12,12,1.0
1156,0.0,0.0,0.0,0.008171206225680934,0.0,2.9796106577171284e-10,True,21,2,2,2.9796106577171283e-08
1157,0.0,0.0,0.0030982121891072415,0.015175097276264591,0.060849598163030996,0.9999991259966305,False,39,7,7,1.0
1158,0.0,0.0,0.005123936564798651,0.14591439688715954,0.1653272101033295,0.7527748555394794,False,375,8,8,1.0
1159,0.0,0.0,0.0,0.013229571984435798,0.02066590126291619,0.980855901971269,True,34,2,2,1.0
1160,0.0,0.0,0.0030698007197010177,0.1178988326848249,0.11595866819747416,0.4770500084152507,False,303,10,10,1.0
1161,0.0,0.0,0.0002443424516149124,0.02840466926070039,0.022962112514351322,0.0083892128465961,True,73,9,9,0.050690107834417526
1162,0.0,0.0,0.004100554216579264,0.04941634241245136,0.07347876004592423,0.9947544605412878,False,127,6,6,1.0
1163,0.0,0.0,0.00035648465854453787,0.042412451361867706,0.03903559127439724,0.3782387798920354,True,109,5,5,1.0
1164,0.0,0.0,0.00669174360035305,0.0980544747081712,0.14695752009184845,0.9848734772519628,False,252,8,8,1.0
1165,0.0,0.0,0.00018386565858726043,0.0357976653696498,0.001148105625717566,0.19343129700512457,True,92,13,13,0.7368811314480935
1166,0.0,0.0,0.003520436565631547,0.13540856031128404,0.1377726750861079,0.4977830404947456,False,348,10,10,1.0
1167,0.0,0.0,0.0,0.005836575875486381,0.0,0.0002748916925012278,True,15,6,6,0.002319761118153821
1168,0.0,0.0,0.004765424064889143,0.045136186770428015,0.060849598163030996,0.989962300983766,False,116,5,5,1.0
1169,0.0,0.0,0.00020612989895202278,0.012062256809338522,0.022962112514351322,0.999999628585149,True,31,4,4,1.0
1170,0.0,0.0,0.004114016716257197,0.057198443579766535,0.0677382319173364,0.9496281185065475,False,147,6,6,1.0
1171,0.0,0.0,0.0,0.0377431906614786,0.03903559127439724,0.5905007576975275,True,97,4,4,1.0
1172,0.0,0.0,0.008796175724939972,0.08132295719844358,0.1113662456946039,0.9990504534625844,False,209,11,11,1.0
1173,0.0,0.0,0.0,0.012451361867704281,0.0,5.441287322421019e-10,True,32,5,5,4.445064944145325e-08
1174,0.0,0.0,0.0,0.0023346303501945525,0.0,0.0017722798847432898,True,6,3,3,0.012659142033880641
1175,0.0,0.0,0.0,0.014007782101167316,0.0,2.2519170774586256e-06,True,36,2,2,3.311642760968567e-05
1176,0.0,0.0,0.004353840329683277,0.08287937743190661,0.09070034443168772,0.8221110744218563,False,213,6,6,1.0
1177,0.0,0.0,0.005202017705501263,0.06731517509727626,0.08610792192881746,0.9847156805323829,False,173,6,6,1.0
1178,0.0,0.0,0.004354150400496517,0.09883268482490272,0.09414466130884042,0.7124912082965634,False,254,7,7,1.0
1179,0.0,0.0,0.001202919479146478,0.038910505836575876,0.0539609644087256,0.9702272071146769,False,100,10,10,1.0
1180,0.0,0.0,0.003530112884196953,0.05875486381322957,0.07577497129735936,0.9888747259314958,False,151,4,4,1.0
1181,0.0,0.0,0.0007214628073481282,0.041634241245136185,0.045924225028702644,0.9999403104466253,True,107,6,6,1.0
1182,0.0,0.0,0.0004994970727438374,0.022957198443579768,0.03214695752009185,0.49009679741128015,True,59,7,7,1.0
1183,0.0,0.0,0.0014890995837110762,0.05408560311284047,0.0677382319173364,0.7689989652651978,False,139,5,5,1.0
1184,0.0,0.0,0.0,0.01867704280155642,0.011481056257175661,0.4767857744630986,True,48,3,3,1.0
1185,0.0,0.0,0.005203376655008805,0.0688715953307393,0.07347876004592423,0.7934663527863246,False,177,5,5,1.0
1186,0.0,0.0,0.007068797047893184,0.06420233463035019,0.10218140068886337,0.9769470401916144,False,165,12,12,1.0
1187,0.0,0.0,0.00014045955175279022,0.0178988326848249,0.02525832376578645,0.9726352574006333,True,46,9,9,1.0
1188,0.0,0.0,0.0,0.02840466926070039,0.001148105625717566,0.0003388743793827188,True,73,6,6,0.0028006147056423036
1189,0.0,0.0,0.0001504049736329515,0.02801556420233463,0.029850746268656716,0.6408971410886981,True,72,5,5,1.0
1190,0.0,0.0,0.0018736596353690089,0.09844357976653696,0.08955223880597014,0.8995219068364574,False,253,14,14,1.0
1191,0.0,0.0,0.0,0.0011673151750972762,0.009184845005740528,0.9999999999419692,True,3,2,2,1.0
1192,0.0,0.0,6.725673099944765e-05,0.010116731517509728,0.01722158438576349,0.9999826369780496,True,26,5,5,1.0
1193,0.0,0.0,0.003111737879120485,0.05642023346303502,0.07003444316877153,0.9842275262710232,False,145,6,6,1.0
1194,0.0,0.0,0.018679252598182546,0.08793774319066149,0.1285878300803674,0.9995233600488498,False,226,11,11,1.0
1195,0.0,0.0,0.00048270992439232164,0.036575875486381325,0.04707233065442021,0.7720735054713634,True,94,9,9,1.0
1196,0.0,0.0,0.007101232565589996,0.09455252918287937,0.1354764638346728,0.9981036637966427,False,243,11,11,1.0
1197,0.0,0.0,0.000917281689671025,0.046303501945525294,0.04362801377726751,0.508782763808773,True,119,10,10,1.0
1198,0.0,0.0,0.008252841419395005,0.08365758754863813,0.12284730195177956,0.9827999089769633,False,215,8,8,1.0
1199,0.0,0.0,0.0,0.015953307392996108,0.001148105625717566,0.0018607881983074884,True,41,9,9,0.013133205188748144
1200,0.0,0.0,0.0,0.00894941634241245,0.0,0.0008027327524020311,True,23,3,3,0.006198708512756996
1201,0.0,0.0,0.0007688386989281638,0.059533073929961086,0.04362801377726751,0.8128792910019126,True,153,11,11,1.0
1202,0.0,0.0,0.0001698069845890811,0.0357976653696498,0.01722158438576349,0.001788430799410651,True,92,5,5,0.012729044835662997
1203,0.0,0.0,0.006712892573704958,0.09260700389105059,0.10677382319173363,0.9876392362376295,False,238,6,6,1.0
1204,0.0,0.0,0.00152597142296658,0.14357976653696497,0.13892078071182548,0.2929622652832138,False,369,9,9,0.9897373827135602
1205,0.0,0.0,0.031968995221678176,0.11284046692607004,0.15384615384615385,0.9997689820517123,False,290,12,12,1.0
1206,0.0,0.0,0.005910026464144902,0.08754863813229571,0.10218140068886337,0.9754434899207213,False,225,6,6,1.0
1207,0.0,0.0,0.0,0.019455252918287938,0.018369690011481057,0.40729307195517805,True,50,6,6,1.0
1208,0.0,0.0,0.005982314688231063,0.09766536964980545,0.1148105625717566,0.8926981264323266,False,251,8,8,1.0
1209,0.0,0.0,0.003200076794767163,0.17198443579766537,0.18828932261768083,0.8072932077848667,False,442,9,9,1.0
1210,0.0,0.0,0.0,0.014785992217898832,0.001148105625717566,0.0013331314911187106,True,38,4,4,0.009730886796486938
1211,0.0,0.0,0.004002003462058704,0.14552529182879378,0.1618828932261768,0.8872886225663303,False,374,12,12,1.0
1212,0.0,0.0,0.0004540428285430806,0.024124513618677044,0.03444316877152698,0.9982529788930858,True,62,5,5,1.0
1213,0.0,0.0,0.00019194472168860692,0.023735408560311283,0.022962112514351322,0.6857735998686982,True,61,12,12,1.0
1214,0.0,0.0,0.00016663612285864118,0.026459143968871595,0.024110218140068886,0.8275467108369451,True,68,4,4,1.0
1215,0.0,0.0,4.7560914547252773e-05,0.003501945525291829,0.011481056257175661,0.782282410870254,True,9,6,6,1.0
1216,0.0,0.0,0.0008495269526771494,0.038910505836575876,0.03788748564867968,0.9652550126960956,True,100,7,7,1.0
1217,0.0,0.0,0.002439521909388431,0.05019455252918288,0.07462686567164178,0.9301089038095843,False,129,6,6,1.0
1218,0.0,0.0,8.076583409449508e-05,0.036575875486381325,0.01722158438576349,0.12936070335880628,True,94,5,5,0.5334461994177578
1219,0.0,0.0,0.0,0.014396887159533073,0.003444316877152698,0.05078957288466126,True,37,4,4,0.24896849453265324
1220,0.0,0.0,0.005413053666368434,0.06342412451361867,0.07692307692307693,0.9738579243689278,False,163,9,9,1.0
1221,0.0,0.0,0.005642926220900334,0.06459143968871596,0.07807118254879448,0.876572576003583,False,166,6,6,1.0
1222,0.0,0.0,0.006136671823087123,0.058365758754863814,0.09988518943742825,0.9980105796820431,False,150,7,7,1.0
1223,0.0,0.0,8.96878834318832e-05,0.029961089494163425,0.029850746268656716,0.4853905830770988,True,77,10,10,1.0
1224,0.0,0.0,0.0,0.03618677042801557,0.004592422502870264,5.971947350651475e-05,True,93,4,4,0.0005942236169802461
1225,0.0,0.0,4.710874568788637e-05,0.014396887159533073,0.0,0.007499231419748676,True,37,4,4,0.04586685883638334
1226,0.0,0.0,0.00010763369999591417,0.03346303501945525,0.0,0.015643040678553967,True,86,7,7,0.08837876089578513
1227,0.0,0.0,0.0037471786627302247,0.07898832684824902,0.1079219288174512,0.9251828114729221,False,203,8,8,1.0
1228,0.0,0.0,0.0004825748295777606,0.00894941634241245,0.009184845005740528,0.8324162839773965,True,23,5,5,1.0
1229,0.0,0.0,0.00108171579782795,0.0715953307392996,0.05855338691159587,0.2643809695625463,False,184,8,8,0.9276525247808642
1230,0.0,0.0,0.0012288168063559867,0.042801556420233464,0.05855338691159587,0.9897180787745818,False,110,7,7,1.0
1231,0.0,0.0,0.0018992531858490638,0.04085603112840467,0.07462686567164178,0.9479869655523349,False,105,7,7,1.0
1232,0.0,0.0,0.008492097806783474,0.1330739299610895,0.1354764638346728,0.4509891407640971,False,342,9,9,1.0
1233,0.0,0.0,0.0014004504686952433,0.048638132295719845,0.05510907003444317,0.5373396293788121,False,125,6,6,1.0
1234,0.0,0.0,0.0,0.011673151750972763,0.0,6.313297239617813e-07,True,30,4,4,1.1273745070746094e-05
1235,0.0,0.0,0.0009461068174535289,0.04708171206225681,0.0505166475315729,0.6674599257674084,True,121,10,10,1.0
1236,0.0,0.0,0.0003270848580993409,0.04785992217898833,0.040183696900114814,0.3092311782216226,True,123,6,6,1.0
1237,0.0,0.0,0.00010782681040761267,0.0178988326848249,0.0057405281285878304,0.9421729577980094,True,46,5,5,1.0
1238,0.0,0.0,0.0,0.008560311284046693,0.0,8.561410610181748e-07,True,22,4,4,1.4634889931934611e-05
1239,0.0,0.0,0.0018114557042225178,0.05058365758754864,0.07347876004592423,0.9994102432457058,False,130,9,9,1.0
1240,0.0,0.0,0.00019850134146485597,0.022568093385214007,0.021814006888633754,0.492905634133935,True,58,6,6,1.0
1241,0.0,0.0,0.00181805783060197,0.03696498054474708,0.07577497129735936,0.9993793344242276,False,95,7,7,1.0
1242,0.0,0.0,0.00026132491386069253,0.015175097276264591,0.022962112514351322,0.9999937518569318,True,39,4,4,1.0
1243,0.0,0.0,0.00033290494402551756,0.019844357976653695,0.030998851894374284,0.9999998342236466,True,51,5,5,1.0
1244,0.0,0.0,0.00024090938504847063,0.03618677042801557,0.004592422502870264,0.04859202965784307,True,93,14,14,0.23980402832759048
1245,0.0,0.0,0.006830379104051288,0.23229571984435798,0.27210103329506313,0.937260171025514,False,597,13,13,1.0
1246,0.0,0.0,0.0004310119358405984,0.011673151750972763,0.03214695752009185,0.9255811807103577,True,30,5,5,1.0
1247,0.0,0.0,0.00030809082983820744,0.0023346303501945525,0.0,0.946256166564359,True,6,2,2,1.0
1248,8.451656524678837e-05,8.345503990575198e-05,0.0015225374470359066,0.08443579766536966,0.08151549942594719,0.41740347371745495,False,217,18,18,1.0
1249,0.0,0.0,0.00012494311585150742,0.029571984435797664,0.014925373134328358,0.26837411324424826,True,76,6,6,0.9334751765017331
1250,0.0,0.0,0.002332658376502891,0.03968871595330739,0.09184845005740529,0.9976642554750029,False,102,4,4,1.0
1251,0.0,0.0,0.0008210069993828576,0.04824902723735409,0.045924225028702644,0.9679703818725501,True,124,12,12,1.0
1252,0.0,0.0,0.0,0.01906614785992218,0.0,9.99153382432028e-08,True,49,2,2,2.5295022340051342e-06
1253,0.0,0.0,0.0008434474214878411,0.04357976653696498,0.04362801377726751,0.2501541360858657,True,112,18,18,0.8950058536166929
1254,0.0,0.0,0.00011156851840179596,0.02178988326848249,0.02640642939150402,0.8424229877703497,True,56,5,5,1.0
1255,0.0,0.0,0.001342632170662458,0.05680933852140078,0.05166475315729047,0.22384954527938267,False,146,5,5,0.8244918794820724
1256,0.0,0.0,0.0,0.022957198443579768,0.001148105625717566,7.003037822954865e-05,True,59,7,7,0.0006820887961804372
1257,0.0,0.0,0.0007442318847507878,0.06342412451361867,0.040183696900114814,0.17809008579872782,True,163,13,13,0.6889365021227382
1258,0.0,0.0,0.0019732392548075105,0.06147859922178988,0.08036739380022963,0.9997870165552357,False,158,7,7,1.0
1259,0.0,0.0,0.0,0.00894941634241245,0.004592422502870264,5.656494363084909e-10,True,23,10,10,4.445064944145325e-08
1260,0.0,0.0,0.0008510971773211103,0.05175097276264591,0.045924225028702644,0.6632447106653917,True,133,8,8,1.0
1261,0.0,0.0,0.0026088786072422207,0.1330739299610895,0.13432835820895522,0.9059098712903997,False,342,9,9,1.0
1262,0.0,0.0,0.0,0.00894941634241245,0.0,0.00017694075183246371,True,23,3,3,0.001558949355352103
1263,0.0,0.0,0.0,0.0015564202334630351,0.0,0.018127832846931865,True,4,1,1,0.10015377263498268
1264,0.0,0.0,0.004779904926968574,0.07354085603112841,0.08495981630309989,0.9106481916804641,False,189,6,6,1.0
1265,0.0,0.0,0.00020754993275761246,0.04202334630350195,0.040183696900114814,0.6688079369588443,True,108,3,3,1.0
1266,0.0,0.0,0.0024381970318562455,0.05914396887159533,0.06314580941446613,0.993238758064011,False,152,5,5,1.0
1267,0.0,0.0,0.0,0.008171206225680934,0.0,0.025602040341484604,True,21,5,5,0.13474758074465581
1268,5.4010261949770455e-05,6.725241464187578e-05,0.0010653343966250477,0.0821011673151751,0.0642939150401837,0.03248784505678308,False,211,13,13,0.16660433362452862
1269,0.0,0.0,0.011742932078466942,0.07315175097276265,0.09873708381171067,0.978767374606134,False,188,7,7,1.0
1270,0.0,0.0,0.0016423932343244338,0.08326848249027237,0.07462686567164178,0.3154565098143648,False,214,13,13,1.0
1271,0.0,0.0,0.004130345832982659,0.14202334630350194,0.14006888633754305,0.951498913843235,False,365,13,13,1.0
1272,0.0,0.0,0.0010006750874041914,0.03929961089494163,0.0505166475315729,0.9998567661854936,False,101,7,7,1.0
1273,0.0,0.0,0.0,0.04552529182879377,0.001148105625717566,3.672403155706259e-05,True,117,3,3,0.0003766567339185907
1274,0.0,0.0,6.322864502304989e-05,0.012840466926070038,0.004592422502870264,0.7500308094688575,True,33,6,6,1.0
1275,0.0,0.0,0.0008050813607096557,0.045914396887159536,0.04707233065442021,0.9905144443611205,True,118,8,8,1.0
1276,0.0,0.0,9.7675484698374e-05,0.029182879377431907,0.006888633754305396,1.7259624722830298e-06,True,75,13,13,2.6759108097411314e-05
1277,0.0,0.0,0.0,0.023346303501945526,0.003444316877152698,0.00012265111307193898,True,60,7,7,0.0011245020758521944
1278,0.0,0.0,0.008004866815668591,0.07315175097276265,0.1148105625717566,0.9916380557887132,False,188,8,8,1.0
1279,0.0,0.0,0.0,0.012062256809338522,0.014925373134328358,0.11242598353126254,True,31,9,9,0.4757755180949362
1280,0.0,0.0,0.0,0.017120622568093387,0.0,2.304600350968353e-07,True,44,5,5,4.903405002060325e-06
1281,0.0,0.0,0.0,0.009727626459143969,0.001148105625717566,0.00027180928166958634,True,25,3,3,0.002303468488725308
1282,0.0,0.0,0.00013285901300860576,0.01906614785992218,0.021814006888633754,0.9952289441437632,True,49,5,5,1.0
1283,0.0,0.0,0.0004791664780737809,0.02217898832684825,0.03329506314580941,0.9894032338335683,True,57,6,6,1.0
1284,0.0,0.0,0.0,0.015175097276264591,0.0,2.8634232863091176e-09,True,39,3,3,1.363534898242437e-07
1285,0.0,0.0,0.003964688893242724,0.18054474708171206,0.19517795637198623,0.8206616204253141,False,464,9,9,1.0
1286,0.0,0.0,0.0,0.012062256809338522,0.0,2.0631444580762872e-09,True,31,6,6,1.0580227990134806e-07
1287,0.0,0.0,0.0,0.010894941634241245,0.0,3.0600250564435668e-06,True,28,7,7,4.402913750278513e-05
1288,0.0,0.0,0.0004101792929276076,0.0178988326848249,0.03329506314580941,0.9986694845490885,True,46,6,6,1.0
1289,0.0,0.0,0.0020516176616922717,0.04552529182879377,0.05970149253731343,0.08755452990531348,False,117,6,6,0.39262121033772857
1290,0.0,0.0,0.00034541117147229774,0.017120622568093387,0.04477611940298507,0.9806710429883142,True,44,6,6,1.0
1291,0.0,0.0,0.000509065516866749,0.026070038910505838,0.04247990815154994,0.9305051966331984,True,67,11,11,1.0
1292,0.0,0.0,0.00024278757905308186,0.0023346303501945525,0.002296211251435132,0.032293468795379164,True,6,2,2,0.1660332585880677
1293,0.0,0.0,0.0001019468107188587,0.026070038910505838,0.02640642939150402,0.7844056848747063,True,67,10,10,1.0
1294,0.0,0.0,0.0025121875091276462,0.05603112840466926,0.0711825487944891,0.9928728340671235,False,144,12,12,1.0
1295,0.0,0.0,0.0,0.005836575875486381,0.0,0.004210716810779187,True,15,3,3,0.027611257775601226
1296,0.0,0.0,0.0,0.00933852140077821,0.016073478760045924,0.8423411030030578,True,24,4,4,1.0
1297,0.0,0.0,5.5836989947670705e-05,0.023346303501945526,0.006888633754305396,0.06378794982783641,True,60,6,6,0.3037521420373162
1298,0.0,0.0,0.0,0.013618677042801557,0.0,1.5505019192952989e-07,True,35,2,2,3.7627035177845354e-06
1299,0.0,0.0,0.00030400998329277765,0.020622568093385214,0.03214695752009185,0.9998154343312564,True,53,4,4,1.0
1300,0.0,0.0,0.0011492540744991167,0.022957198443579768,0.05510907003444317,0.9999973539714645,False,59,4,4,1.0
1301,0.0,0.0,0.0053208996371939665,0.06926070038910506,0.09529276693455797,0.9157652952996725,False,178,8,8,1.0
1302,0.0,0.0,0.008811251425658903,0.08443579766536966,0.11251435132032148,0.9636046595705895,False,217,11,11,1.0
1303,0.0,0.0,0.0004901000885986157,0.02801556420233463,0.03559127439724455,0.9857861028930646,True,72,8,8,1.0
1304,5.800127602807262e-05,8.59956843381777e-05,0.0028324230281812136,0.18171206225680933,0.18484500574052812,0.09485497401939358,False,467,27,27,0.41971227442209547
1305,0.0,0.0,0.0,0.020233463035019456,0.003444316877152698,0.006339099034438107,True,52,2,2,0.03949594413980129
1306,0.0,0.0,0.00013132711951966815,0.005447470817120622,0.02870264064293915,0.9999999576484261,True,14,4,4,1.0
1307,0.0,0.0,0.0017440858004528679,0.05330739299610895,0.06314580941446613,0.8983978803396588,False,137,10,10,1.0
1308,0.0,0.0,2.5605571772417678e-05,0.04046692607003891,0.03673938002296211,0.5845394822191539,True,104,3,3,1.0
1309,0.0,0.0,0.002786924977674277,0.17315175097276264,0.21125143513203215,0.27322909775445836,False,445,15,15,0.9421693026015805
1310,0.0,0.0,0.0017759998636376706,0.1272373540856031,0.16073478760045926,0.9136421975112836,False,327,13,13,1.0
1311,0.0,0.0,0.0001787354589216247,0.019455252918287938,0.009184845005740528,0.42731892821622885,True,50,6,6,1.0
1312,0.0,0.0,0.0023027955602812067,0.08910505836575876,0.08725602755453502,0.45348919571118906,False,229,7,7,1.0
1313,0.0,0.0,0.002723394297157682,0.0556420233463035,0.07462686567164178,0.8023434781575289,False,143,8,8,1.0
1314,0.0,0.0,0.00020650454984217725,0.02217898832684825,0.014925373134328358,0.657689357273598,True,57,6,6,1.0
1315,0.0,0.0,0.0008518234593033264,0.0443579766536965,0.04822043628013777,0.8723366587372613,True,114,9,9,1.0
1316,0.0,0.0,0.0017898559373079829,0.04708171206225681,0.06199770378874857,0.9924861383643945,False,121,6,6,1.0
1317,0.0,0.0,0.0024787264184403706,0.20700389105058364,0.22158438576349024,0.6745444655535024,False,532,13,13,1.0
1318,0.0,0.0,0.0004145619879743161,0.046303501945525294,0.02870264064293915,0.7394918547690844,True,119,7,7,1.0
1319,0.0,0.0,0.0004322007594339174,0.02529182879377432,0.040183696900114814,0.9977164794503961,True,65,5,5,1.0
1320,0.0,0.0,0.0005872108282902308,0.02217898832684825,0.04477611940298507,0.9355225905463151,True,57,8,8,1.0
1321,0.0,0.0,0.0022456648911024293,0.1859922178988327,0.18025258323765786,0.1343059779387264,False,478,9,9,0.5470711932331014
1322,0.0,0.0,0.00885911205505404,0.1424124513618677,0.19517795637198623,0.9998610344498106,False,366,13,13,1.0
1323,0.0,0.0,0.004650784663489275,0.17587548638132297,0.1756601607347876,0.3579522271333786,False,452,8,8,1.0
1324,0.0,0.0,8.470505783487832e-05,0.010894941634241245,0.010332950631458095,0.6648517252899238,True,28,3,3,1.0
1325,0.0,0.0,0.0026847268718952055,0.06342412451361867,0.08840413318025259,0.9274254093181803,False,163,8,8,1.0
1326,0.0,0.0,0.0002647207701476801,0.03268482490272374,0.03903559127439724,0.9783239393790354,True,84,4,4,1.0
1327,0.0,0.0,4.822664353424786e-05,0.00894941634241245,0.02525832376578645,0.9938576886897446,True,23,5,5,1.0
1328,0.0,0.0,0.0009725217647481102,0.03735408560311284,0.04936854190585534,0.9749408626002806,True,96,6,6,1.0
1329,0.0,0.0,0.0037560479336574536,0.04552529182879377,0.07577497129735936,0.9997300048410068,False,117,7,7,1.0
1330,0.0,0.0,0.0,0.00894941634241245,0.0,0.00012731699452813507,True,23,2,2,0.0011521899957297292
1331,0.0,0.0,0.009374667321238934,0.016731517509727626,0.0677382319173364,0.9999999793379514,False,43,6,6,1.0
1332,0.0,0.0,0.0034625504640978565,0.12295719844357976,0.14925373134328357,0.9854926509615277,False,316,12,12,1.0
1333,0.0,0.0,0.003308922246298783,0.12996108949416343,0.11710677382319173,0.38847853455029413,False,334,8,8,1.0
1334,0.0,0.0,0.001742963541671133,0.05797665369649806,0.07347876004592423,0.9449131145699912,False,149,8,8,1.0
1335,0.0,0.0,0.00015385140441800737,0.06809338521400778,0.012629161882893225,0.004085994281532651,True,175,6,6,0.026881541325872706
1336,0.0,0.0,0.00047621491141215894,0.020233463035019456,0.040183696900114814,0.9999490864485175,True,52,4,4,1.0
1337,0.0,0.0,0.0,0.010894941634241245,0.0,0.004934701641977125,True,28,3,3,0.03193981645292637
1338,0.0,0.0,0.005364640870496026,0.05758754863813229,0.09070034443168772,0.9964938449885979,False,148,8,8,1.0
1339,0.0,0.0,0.00010439827044694926,0.0007782101167315176,0.0,0.583367528751881,True,2,1,1,1.0
1340,0.0,0.0,0.001750540528367222,0.04124513618677043,0.0574052812858783,0.9978816479863494,False,106,8,8,1.0
1341,0.0,0.0,0.00021660583095860474,0.028793774319066146,0.03559127439724455,0.8696345637812393,True,74,9,9,1.0
1342,0.0,0.0,0.0,0.04046692607003891,0.029850746268656716,0.26977736825134746,True,104,5,5,0.9367269730949564
1343,0.0,0.0,0.0,0.026848249027237352,0.003444316877152698,2.4265068166472296e-05,True,69,7,7,0.00026232506125915996
1344,0.0,0.0,0.0,0.014396887159533073,0.0,1.2997711351313827e-06,True,37,3,3,2.0964050566635204e-05
1345,0.0,0.0,0.0019893415104529927,0.05525291828793774,0.07462686567164178,0.8574686522618324,False,142,7,7,1.0
1346,0.0,0.0,0.009866805716337853,0.11712062256809339,0.13662456946039037,0.9825857028203587,False,301,11,11,1.0
1347,0.0,0.0,6.250590283613558e-05,0.00894941634241245,0.02525832376578645,0.8718465261850437,True,23,4,4,1.0
1348,0.0,0.0,0.0036295276376372447,0.05875486381322957,0.09070034443168772,0.9994886359296228,False,151,8,8,1.0
1349,0.0,0.0,0.0018191015064075097,0.026070038910505838,0.060849598163030996,0.999846845938042,False,67,8,8,1.0
1350,0.0,0.0,0.0,0.012062256809338522,0.0057405281285878304,0.017315728158709597,True,31,2,2,0.09673591150117093
1351,0.0,0.0,0.01980553345714854,0.10311284046692606,0.14006888633754305,0.9935694882333082,False,265,11,11,1.0
1352,0.0,0.0,0.0004271874605331535,0.013229571984435798,0.03214695752009185,0.9999856386263575,True,34,5,5,1.0
1353,0.0,0.0,0.0020536223352237365,0.10233463035019455,0.13203214695752008,0.9843607720821882,False,263,11,11,1.0
1354,0.0,0.0,0.0012303178877772333,0.05758754863813229,0.05625717566016074,0.7260677770556984,False,148,10,10,1.0
1355,0.0,0.0,0.00014017178409208696,0.010505836575875487,0.018369690011481057,0.9199127901371428,True,27,4,4,1.0
1356,0.0,0.0,0.0,0.003501945525291829,0.0,0.018309507808480084,True,9,1,1,0.10087883090071671
1357,0.0,0.0,0.0013385707394390463,0.04552529182879377,0.07347876004592423,0.9988303220681987,False,117,11,11,1.0
1358,0.0,0.0,0.007295945024461538,0.10272373540856031,0.12973593570608496,0.9328257352621993,False,264,8,8,1.0
1359,0.0,0.0,0.0,0.00933852140077821,0.002296211251435132,0.011631665456198195,True,24,9,9,0.06802143541636371
1360,0.0,0.0,0.003621492409587257,0.06264591439688716,0.08381171067738231,0.9238133632190452,False,161,8,8,1.0
1361,0.0,0.0,5.116631585119247e-05,0.012062256809338522,0.011481056257175661,0.3598917652531941,True,31,6,6,1.0
1362,0.0,0.0,0.008302172067094264,0.12684824902723735,0.14810562571756603,0.7292411305012385,False,326,9,9,1.0
1363,0.0,0.0,0.0,0.005058365758754864,0.0,5.0679102775283005e-06,True,13,2,2,6.895116023848028e-05
1364,0.0,0.0,0.0,0.0007782101167315176,0.0,0.017755255115558498,True,2,1,1,0.09864030619754721
1365,0.0,0.0,0.0024237576637141252,0.08793774319066149,0.12055109070034443,0.878120266247215,False,226,10,10,1.0
1366,0.0,0.0,0.00802781283527799,0.1272373540856031,0.15614236509758897,0.9949524922539869,False,327,12,12,1.0
1367,0.0,0.0,0.0011914775338879016,0.058365758754863814,0.05625717566016074,0.2633118208326297,False,150,9,9,0.9271542987064427
1368,0.0,0.0,0.0036423860785539195,0.08988326848249027,0.10562571756601608,0.9672462661608717,False,231,7,7,1.0
1369,0.0,0.0,0.0,0.014007782101167316,0.008036739380022962,0.239496288085012,True,36,5,5,0.8646075382130397
1370,0.0,0.0,0.00011999818513672969,0.01634241245136187,0.02525832376578645,0.9896576009881168,True,42,6,6,1.0
1371,0.0,0.0,0.0007834417106649261,0.045136186770428015,0.04822043628013777,0.6820733875506058,True,116,5,5,1.0
1372,0.0,0.0,0.0048105142491069825,0.08326848249027237,0.09184845005740529,0.9831199264944777,False,214,7,7,1.0
1373,0.0,0.0,5.7508024492868216e-05,0.022568093385214007,0.03329506314580941,0.20912765053264926,True,58,5,5,0.7806609723021306
1374,0.0,0.0,0.0,0.021400778210116732,0.013777267508610792,0.4587210487648433,True,55,8,8,1.0
1375,0.0,0.0,0.0,0.02762645914396887,0.006888633754305396,0.00021380345980875565,True,71,7,7,0.001859160520076136
1376,0.0,0.0,0.006833800420193036,0.10194552529182879,0.12055109070034443,0.8512495794237414,False,262,8,8,1.0
1377,0.0,0.0,0.0017883539559029457,0.0669260700389105,0.08036739380022963,0.7091254259265041,False,172,8,8,1.0
1378,0.0,0.0,0.0,0.005447470817120622,0.004592422502870264,0.60393136445618,True,14,4,4,1.0
1379,0.0,0.0,0.0003883734645584653,0.0311284046692607,0.03903559127439724,0.31288128784188063,True,80,9,9,1.0
1380,0.0,0.0,0.0021483827424659896,0.0357976653696498,0.0711825487944891,0.99998897344774,False,92,5,5,1.0
1381,0.0,0.0,0.0017425651492807997,0.04708171206225681,0.0642939150401837,0.9051436150289451,False,121,11,11,1.0
1382,0.0,0.0,0.00012712780629431492,0.022957198443579768,0.03329506314580941,0.9872825636469349,True,59,5,5,1.0
1383,0.0,0.0,0.0054589643781801055,0.08054474708171207,0.11366245694603903,0.9160133417744305,False,207,8,8,1.0
1384,0.0,0.0,0.0006206143863200367,0.0377431906614786,0.04133180252583238,0.040211478055636254,True,97,8,8,0.20257671564552268
1385,0.0,0.0,0.00122395597275347,0.05758754863813229,0.05281285878300804,0.9365258651825477,False,148,4,4,1.0
1386,0.0,0.0,0.003265359171813932,0.06536964980544747,0.08725602755453502,0.9983767027463365,False,168,6,6,1.0
1387,0.0,0.0,0.0028083398838697625,0.07626459143968872,0.08725602755453502,0.3128210903663777,False,196,9,9,1.0
1388,0.0,0.0,0.00044748895740177365,0.046303501945525294,0.03329506314580941,0.023289288454927472,True,119,8,8,0.12360633885019097
1389,0.0,0.0,0.002487430075782316,0.06303501945525292,0.1044776119402985,0.9788994480991768,False,162,9,9,1.0
1390,0.0,0.0,0.0,0.005058365758754864,0.012629161882893225,0.8920075838344519,True,13,1,1,1.0
1391,0.0,0.0,0.0016285010927398547,0.08015564202334631,0.07462686567164178,0.7915562800509163,False,206,8,8,1.0
1392,0.0,0.0,0.0,0.019844357976653695,0.013777267508610792,0.023146994699179902,True,51,9,9,0.12345063839562614
1393,0.0,0.0,0.0021172216827233317,0.07392996108949416,0.08151549942594719,0.6634747471207592,False,190,8,8,1.0
1394,0.0,0.0,0.0,0.00894941634241245,0.0,1.4917536508816597e-05,True,23,5,5,0.00017345972684670462
1395,0.0,0.0,0.007168871697869604,0.11439688715953307,0.1285878300803674,0.9822503638358836,False,294,12,12,1.0
1396,0.0,0.0,6.0092564215581814e-05,0.013618677042801557,0.012629161882893225,0.998976651246467,True,35,4,4,1.0
1397,0.0,0.0,0.0,0.010505836575875487,0.011481056257175661,0.7964064507690197,True,27,4,4,1.0
1398,0.0,0.0,0.0,0.016731517509727626,0.0,1.308538351684306e-09,True,43,4,4,7.697284421672388e-08
1399,0.0,0.0,0.0,0.03073929961089494,0.02525832376578645,0.3873242049587746,True,79,6,6,1.0
1400,0.0,0.0,0.0007630131962643557,0.05058365758754864,0.04477611940298507,0.930051360346086,True,130,9,9,1.0
1401,0.0,0.0,0.00039269973329519555,0.04396887159533074,0.027554535017221583,0.34457734043867866,True,113,12,12,1.0
1402,0.0,0.0,0.0006573290244478684,0.011284046692607004,0.006888633754305396,0.508945137904774,True,29,10,10,1.0
1403,0.0,0.0,0.0031625423920286257,0.0933852140077821,0.09644087256027555,0.8399155776526404,False,240,11,11,1.0
1404,0.0,0.0,0.0,0.03151750972762646,0.0,5.265209415320936e-14,True,81,4,4,1.0530418830641872e-10
1405,0.0,0.0,0.016810065268243843,0.10778210116731518,0.13892078071182548,0.9671800161146573,False,277,8,8,1.0
1406,0.0,0.0,0.002997560345837282,0.04085603112840467,0.07462686567164178,0.9999818815153644,False,105,11,11,1.0
1407,0.0,0.0,0.002164659859165965,0.057198443579766535,0.09299655568312284,0.9989523215872038,False,147,7,7,1.0
1408,0.0,0.0,0.0002609627424565124,0.04552529182879377,0.021814006888633754,0.16425770554352653,True,117,9,9,0.6416316622794005
1409,0.0,0.0,0.005047459057676064,0.12840466926070038,0.1423650975889782,0.7320937541428821,False,330,9,9,1.0
1410,0.0,0.0,0.0,0.011284046692607004,0.018369690011481057,0.9725876254331454,True,29,6,6,1.0
1411,0.0,0.0,0.0,0.010894941634241245,0.0,2.229972162475661e-07,True,28,3,3,4.847765570599263e-06
1412,0.0,0.0,0.0,0.020233463035019456,0.0,7.636136625785174e-09,True,52,3,3,3.0544546503140696e-07
1413,0.0,0.0,0.0,0.021011673151750974,0.0,1.5831715838234472e-13,True,54,4,4,1.5831715838234473e-10
1414,0.0,0.0,0.004143222451334028,0.07354085603112841,0.1044776119402985,0.9624994582432846,False,189,8,8,1.0
1415,0.0,0.0,0.003247067504887492,0.05603112840466926,0.08610792192881746,0.9996048361354161,False,144,12,12,1.0
1416,0.0,0.0,0.0,0.015953307392996108,0.002296211251435132,0.00040981464495709613,True,41,6,6,0.003310996023107826
1417,0.0,0.0,0.0008206026303722961,0.033073929961089495,0.04477611940298507,0.9954593856577628,True,85,9,9,1.0
1418,0.0,0.0,0.0002711983166709932,0.02217898832684825,0.03559127439724455,0.9994679021154245,True,57,3,3,1.0
1419,0.0,0.0,0.0,0.018287937743190662,0.0,8.166432409072159e-09,True,47,3,3,3.202522513361631e-07
1420,0.0,0.0,0.0,0.020233463035019456,0.002296211251435132,3.4705080100237526e-07,True,52,6,6,6.872293089155946e-06
1421,0.0,0.0,0.004341637102896173,0.05797665369649806,0.07577497129735936,0.9959773938965112,False,149,6,6,1.0
1422,0.0,0.0,0.00023599378289963446,0.026070038910505838,0.03214695752009185,0.6901055891151953,True,67,10,10,1.0
1423,0.0,0.0,0.00016643065924234332,0.03385214007782101,0.04133180252583238,0.5802550446129283,True,87,6,6,1.0
1424,0.0,0.0,0.005144558016470738,0.08249027237354085,0.1044776119402985,0.9935821463190713,False,212,8,8,1.0
1425,0.0,0.0,0.000396779087408099,0.07315175097276265,0.03329506314580941,0.0056023512406598395,True,188,9,9,0.035797771505813675
1426,0.0,0.0,0.000270987827617781,0.004669260700389105,0.03673938002296211,0.9999999824759734,True,12,4,4,1.0
1427,0.0,0.0,7.041790066374972e-05,0.040077821011673155,0.03788748564867968,0.6197481732251119,True,103,4,4,1.0
1428,0.0,0.0,0.0019515376610825892,0.13463035019455252,0.1446613088404133,0.5686115658784101,False,346,14,14,1.0
1429,0.0,0.0,0.0,0.030350194552529183,0.016073478760045924,0.1115689293930085,True,78,4,4,0.47476140167237657
1430,0.0,0.0,6.159189044304764e-05,0.02762645914396887,0.024110218140068886,0.29584381511604785,True,71,5,5,0.9944329919867154
1431,0.0,0.0,0.0010529283298537433,0.045914396887159536,0.05281285878300804,0.7385626264304296,False,118,10,10,1.0
1432,0.0,0.0,0.0002845274898356635,0.019844357976653695,0.024110218140068886,0.9972977681774043,True,51,7,7,1.0
1433,0.0,0.0,0.00019224523362651217,0.02762645914396887,0.02066590126291619,0.03853203725202158,True,71,10,10,0.195098922795046
1434,0.0,0.0,0.0,0.017509727626459144,0.002296211251435132,0.009913726060496694,True,45,3,3,0.05848805935396279
1435,0.0,0.0,0.0,0.019844357976653695,0.0,1.2599822421151181e-05,True,51,4,4,0.00014911032451066485
1436,0.0,0.0,0.0,0.012451361867704281,0.009184845005740528,0.7109173082740271,True,32,7,7,1.0
1437,0.0,0.0,0.003148358940065676,0.0688715953307393,0.08725602755453502,0.6009523047104178,False,177,8,8,1.0
1438,0.0,0.0,0.002539518307619411,0.06614785992217899,0.08151549942594719,0.9346282311493656,False,170,9,9,1.0
1439,0.0,0.0,0.0058699464473660895,0.060700389105058365,0.08381171067738231,0.906874267603315,False,156,8,8,1.0
1440,0.0,0.0,0.0,0.023346303501945526,0.0057405281285878304,0.30987465456389285,True,60,8,8,1.0
1441,0.0,0.0,0.0022043170134928153,0.1272373540856031,0.12973593570608496,0.1878723532192771,False,327,9,9,0.7184411212974267
1442,0.0,0.0,0.0006718352128644629,0.027237354085603113,0.04362801377726751,0.999984408288675,True,70,5,5,1.0
1443,0.0,0.0,0.0006770260969916218,0.0311284046692607,0.04133180252583238,0.9204557376097522,True,80,6,6,1.0
1444,0.0,0.0,0.0,0.014396887159533073,0.001148105625717566,0.0005524344450384051,True,37,2,2,0.004367070711766048
1445,0.0,0.0,0.0,0.01906614785992218,0.014925373134328358,0.24624060135753867,True,49,4,4,0.8857575588400671
1446,0.0,0.0,0.00012826396159056747,0.018287937743190662,0.02525832376578645,0.9879707296080065,True,47,5,5,1.0
1447,0.0,0.0,0.0,0.0038910505836575876,0.0,0.00039396421637406315,True,10,4,4,0.0032160344193801075
1448,0.0,0.0,0.005979519102490125,0.07315175097276265,0.07233065442020666,0.8723322583765448,False,188,10,10,1.0
1449,0.0,0.0,0.003905627177822373,0.10583657587548638,0.12055109070034443,0.9594912507873246,False,272,10,10,1.0
1450,0.0,0.0,0.0004766895084291629,0.03151750972762646,0.04362801377726751,0.9680912768138513,True,81,5,5,1.0
1451,0.0,0.0,0.009119162921857184,0.04708171206225681,0.09299655568312284,0.9997160400212095,False,121,6,6,1.0
1452,0.0,0.0,5.4436056367274135e-05,0.008171206225680934,0.002296211251435132,0.2917957148008199,True,21,6,6,0.9874643478877154
1453,0.0,0.0,5.9739345433462615e-05,0.014785992217898832,0.021814006888633754,0.9791686539532428,True,38,5,5,1.0
1454,0.0,0.0,0.0003324903960423403,0.0357976653696498,0.03673938002296211,0.6301491528772238,True,92,8,8,1.0
1455,0.0,0.0,0.0,0.007782101167315175,0.0,3.5384328322287255e-06,True,20,3,3,4.948857108012204e-05
1456,0.0,0.0,0.0033078974376477034,0.07315175097276265,0.08610792192881746,0.9812543437713739,False,188,13,13,1.0
1457,0.0,0.0,0.0008301076660929098,0.010505836575875487,0.04707233065442021,0.9998779395869333,True,27,3,3,1.0
1458,0.0,0.0,0.004239874382011842,0.12568093385214008,0.13203214695752008,0.18442326640147022,False,323,15,16,0.706602553262338
1459,0.0,0.0,0.0,0.020622568093385214,0.0,3.1948557171988405e-11,True,53,3,3,6.389711434397681e-09
1460,0.0,0.0,0.0,0.009727626459143969,0.0,2.2283342330932928e-07,True,25,2,2,4.847765570599263e-06
1461,0.0,0.0,0.0009688446790989365,0.07315175097276265,0.04936854190585534,0.4165115205831352,True,188,10,10,1.0
1462,8.248102936324645e-05,8.65597564232318e-05,0.0007149318723499366,0.015953307392996108,0.016073478760045924,0.17186566941648146,True,41,9,9,0.6674394928795396
1463,0.0,0.0,0.00032618687601682387,0.025680933852140077,0.03329506314580941,0.9698483178910484,True,66,6,6,1.0
1464,0.0,0.0,0.0001507682231081185,0.023346303501945526,0.006888633754305396,0.7136912295692045,True,60,6,6,1.0
1465,0.0,0.0,0.007875321697600145,0.08015564202334631,0.09758897818599312,0.9656512814326857,False,206,8,8,1.0
1466,0.0,0.0,8.405033152634529e-05,0.011673151750972763,0.010332950631458095,0.9951586609889683,True,30,5,5,1.0
1467,0.0,0.0,0.00031233835098544405,0.041634241245136185,0.029850746268656716,0.6376982533871376,True,107,10,10,1.0
1468,0.0,0.0,0.00677586073765517,0.06926070038910506,0.09184845005740529,0.9879285346000083,False,178,9,9,1.0
1469,0.0,0.0,0.0,0.014785992217898832,0.0,1.0208956548612562e-05,True,38,3,3,0.00012526327053512346
1470,0.0,0.0,0.0,0.012062256809338522,0.001148105625717566,3.326451983515932e-05,True,31,5,5,0.000348319579425752
1471,0.0,0.0,9.983197483197484e-05,0.020233463035019456,0.03559127439724455,0.9271512428796047,True,52,5,5,1.0
1472,0.0,0.0,0.0006557600903563856,0.04669260700389105,0.04362801377726751,0.7456583253882256,True,120,6,6,1.0
1473,0.0,0.0,0.000682079005920235,0.033073929961089495,0.04362801377726751,0.9945017199759565,True,85,11,11,1.0
1474,0.0,0.0,0.003378917727370612,0.12217898832684825,0.11710677382319173,0.7183513904119738,False,314,12,12,1.0
1475,0.0,0.0,7.920378129084671e-05,0.008560311284046693,0.02640642939150402,0.999975355216557,True,22,6,6,1.0
1476,0.0,0.0,0.0,0.017120622568093387,0.0057405281285878304,0.0003871462300900883,True,44,7,7,0.0031733297548367893
1477,0.0,0.0,0.0030222499757238067,0.1,0.11366245694603903,0.8597264218645617,False,257,8,8,1.0
1478,0.0,0.0,0.00047185200499770465,0.02801556420233463,0.027554535017221583,0.9203389403811337,True,72,8,8,1.0
1479,0.0,0.0,0.0,0.02840466926070039,0.001148105625717566,1.6597110458152838e-05,True,73,4,4,0.00018990669671529897
1480,0.0,0.0,0.0,0.011673151750972763,0.001148105625717566,0.005620322702571655,True,30,4,4,0.035798233774341756
1481,0.0,0.0,0.0,0.01867704280155642,0.0,1.097806918910153e-07,True,48,5,5,2.744517297275383e-06
1482,0.0,0.0,0.0006327106325029824,0.029571984435797664,0.04477611940298507,0.832961509291755,True,76,6,6,1.0
1483,0.0,0.0,0.0,0.01867704280155642,0.002296211251435132,8.006924214881589e-05,True,48,5,5,0.0007662128435293387
1484,0.0,0.0,0.002258979232142912,0.04669260700389105,0.07577497129735936,0.9999297859552299,False,120,6,6,1.0
1485,0.0,0.0,2.2545880867565496e-05,0.013229571984435798,0.02066590126291619,0.966303168773907,True,34,4,4,1.0
1486,0.0,0.0,0.0,0.0245136186770428,0.021814006888633754,0.28522933894453684,True,63,4,4,0.9701678195392409
1487,0.0,0.0,0.002051772212232664,0.06342412451361867,0.06314580941446613,0.5743638708336207,False,163,13,13,1.0
1488,0.0,0.0,0.0,0.009727626459143969,0.002296211251435132,0.10670861390905473,True,25,4,4,0.4611118364724858
1489,0.0,0.0,0.0013085258087514092,0.0490272373540856,0.06314580941446613,0.9825764518665034,False,126,9,9,1.0
1490,0.0,0.0,0.010944517759200894,0.018287937743190662,0.07462686567164178,0.9999819900702005,False,47,7,7,1.0
1491,0.0,0.0,0.00136287340275743,0.0688715953307393,0.06199770378874857,0.15086284870507427,False,177,6,6,0.6034513948202971
1492,0.0,0.0,0.004313623887522145,0.13501945525291828,0.14925373134328357,0.9209250706562724,False,347,12,12,1.0
1493,0.0,0.0,0.0030711654348678508,0.051361867704280154,0.08610792192881746,0.9963519156118772,False,132,7,7,1.0
1494,0.0,0.0,0.0007926989715643684,0.024902723735408562,0.04477611940298507,0.9990187500264016,True,64,5,5,1.0
1495,0.0,0.0,0.001106556531926341,0.06264591439688716,0.05625717566016074,0.882049088440128,False,161,8,8,1.0
1496,0.0,0.0,0.0013419174230184972,0.054474708171206226,0.05510907003444317,0.8075294181746082,False,140,11,11,1.0
1497,0.0,0.0,0.005088849779235071,0.054863813229571984,0.07577497129735936,0.9885384424442422,False,141,5,5,1.0
1498,0.0,0.0,0.002176407157014549,0.1,0.13432835820895522,0.636367923937214,False,257,8,8,1.0
1499,0.0,0.0,0.005107726809868155,0.05019455252918288,0.07921928817451206,0.9987308186769569,False,129,6,6,1.0
1500,0.0,0.0,0.0022214876664765583,0.04669260700389105,0.06544202066590127,0.9808829555468681,False,120,6,6,1.0
1501,0.0,0.0,0.0004025700387714142,0.01906614785992218,0.01722158438576349,0.9998989079478255,True,49,5,5,1.0
1502,0.0,0.0,0.0007537243076774281,0.03618677042801557,0.04936854190585534,0.9455933247306504,True,93,10,10,1.0
1503,0.0,0.0,0.0,0.005058365758754864,0.0,0.0672990383899073,True,13,2,2,0.3181987630728478
1504,0.0,0.0,0.0,0.01906614785992218,0.0,1.4552860256191859e-05,True,49,3,3,0.0001702088918852849
1505,0.0,0.0,0.010112953034037326,0.11634241245136187,0.14351320321469574,0.9766887781071057,False,299,12,12,1.0
1506,0.0,0.0,0.0001490969780166377,0.01867704280155642,0.02525832376578645,0.9963768622312361,True,48,5,5,1.0
1507,0.0,0.0,0.0014681259671715215,0.04669260700389105,0.08840413318025259,0.7164960963741127,False,120,8,8,1.0
1508,0.0,0.0,0.0005665141335312646,0.06031128404669261,0.03788748564867968,0.3526896481137816,True,155,9,9,1.0
1509,0.0,0.0,0.006979617654227442,0.0556420233463035,0.09184845005740529,0.9924045269345971,False,143,7,7,1.0
1510,0.0,0.0,9.282684218974433e-05,0.024902723735408562,0.024110218140068886,0.720384729253905,True,64,5,5,1.0
1511,0.0,0.0,0.00046819962209511927,0.023346303501945526,0.02525832376578645,0.7255665334783494,True,60,8,8,1.0
1512,0.0,0.0,0.0035299397161750374,0.06459143968871596,0.08381171067738231,0.9654608254259172,False,166,13,13,1.0
1513,0.0,0.0,0.000997582318662388,0.03929961089494163,0.0505166475315729,0.9024473539436622,True,101,7,7,1.0
1514,0.0,0.0,0.0025083189100840167,0.09377431906614786,0.10218140068886337,0.9893141323041816,False,241,8,8,1.0
1515,0.0,0.0,0.0039765045112650586,0.07470817120622568,0.08151549942594719,0.7979263228056297,False,192,8,8,1.0
1516,0.0,0.0,6.0247010529072956e-05,0.022568093385214007,0.004592422502870264,0.10974569427020209,True,58,4,4,0.4700029733199233
1517,0.0,0.0,0.000254477208385024,0.03929961089494163,0.040183696900114814,0.7881048686724667,True,101,5,5,1.0
1518,0.0,0.0,0.0003563491911010595,0.012840466926070038,0.040183696900114814,0.998554817689741,True,33,6,6,1.0
1519,0.0,0.0,9.59389476261561e-05,0.010894941634241245,0.024110218140068886,0.9998216821682292,True,28,3,3,1.0
1520,0.0,0.0,6.396055225985362e-05,0.01556420233463035,0.011481056257175661,0.9388295776254398,True,40,8,8,1.0
1521,0.0,0.0,0.007033129602942258,0.0914396887159533,0.1354764638346728,0.974008660736929,False,235,8,8,1.0
1522,0.0,0.0,6.873403776566314e-05,0.015953307392996108,0.013777267508610792,0.9979265961535626,True,41,2,2,1.0
1523,0.0,0.0,4.913643861912687e-05,0.013618677042801557,0.0,0.2586315099147791,True,35,3,3,0.9138922611829651
1524,0.0,0.0,0.0,0.008560311284046693,0.0,1.1839513270220245e-06,True,22,5,5,1.9569443421851644e-05
1525,0.0,0.0,0.006977061401354289,0.0933852140077821,0.1182548794489093,0.9857353073709586,False,240,8,8,1.0
1526,0.0,0.0,5.52195917521958e-05,0.042801556420233464,0.003444316877152698,0.00044523344673067037,True,110,6,6,0.0035476768663798438
1527,0.0,0.0,0.00459707783608352,0.08093385214007782,0.09988518943742825,0.9753970225235022,False,208,6,6,1.0
1528,0.0,0.0,0.0,0.007003891050583658,0.0,0.00426695166624813,True,18,7,7,0.027862220095811158
1529,0.0,0.0,0.0001714177405600614,0.019844357976653695,0.02525832376578645,0.8479538572912386,True,51,5,5,1.0
1530,0.0,0.0,0.0007937554628110236,0.035408560311284046,0.03329506314580941,0.20896933885211794,True,91,6,6,0.7806609723021306
1531,0.0,0.0,0.0,0.007003891050583658,0.004592422502870264,0.012085691223910964,True,18,7,7,0.07047050276332922
1532,0.0,0.0,0.0,0.019455252918287938,0.0,1.20026677255225e-07,True,50,3,3,2.963621660622839e-06
1533,0.0,0.0,0.0017320788182232248,0.042412451361867706,0.06659012629161883,0.9999413604990495,False,109,6,6,1.0
1534,0.0,0.0,0.002682289946011846,0.05680933852140078,0.08610792192881746,0.9918707529307912,False,146,5,5,1.0
1535,0.0,0.0,0.001462437714683091,0.04202334630350195,0.0574052812858783,0.9891046207916929,False,108,6,6,1.0
1536,0.0,0.0,0.0,0.017120622568093387,0.0,1.593393031580138e-08,True,44,3,3,5.494458729586683e-07
1537,0.0,0.0,0.0,0.008560311284046693,0.0,0.00022347198383607106,True,22,1,1,0.001926482619276475
1538,0.0,0.0,0.0021428276358171185,0.05875486381322957,0.060849598163030996,0.641653905854126,False,151,6,6,1.0
1539,0.0,0.0,0.0,0.004280155642023347,0.008036739380022962,0.9459790656414959,True,11,3,3,1.0
1540,0.0,0.0,0.0008167503029167414,0.0490272373540856,0.04247990815154994,0.7107688467575108,True,126,8,8,1.0
1541,0.0,0.0,0.002656981053059149,0.0715953307392996,0.08151549942594719,0.5785112988842116,False,184,8,8,1.0
1542,0.0,0.0,0.0,0.02801556420233463,0.011481056257175661,0.00238868890691561,True,72,8,8,0.01658811740913618
1543,0.0,0.0,0.0,0.015953307392996108,0.001148105625717566,0.001839001207429043,True,41,3,3,0.013042561754815907
1544,0.0,0.0,0.0011078392996984833,0.046303501945525294,0.05166475315729047,0.42434194090208177,False,119,9,9,1.0
1545,0.0,0.0,0.0023490457995665325,0.05603112840466926,0.09873708381171067,0.9915721051173051,False,144,8,8,1.0
1546,0.0,0.0,0.0063323484262883,0.08093385214007782,0.12055109070034443,0.9863025557423141,False,208,8,8,1.0
1547,0.0,0.0,0.0102605236298037,0.09027237354085603,0.1182548794489093,0.927686852943642,False,232,8,8,1.0
1548,0.0,0.0,0.0,0.007003891050583658,0.003444316877152698,0.09627954014252976,True,18,4,4,0.4233491817326286
1549,0.0,0.0,0.0021031576332523295,0.06108949416342412,0.07233065442020666,0.9148579706696566,False,157,8,8,1.0
1550,0.0,0.0,0.00016819495734798803,0.019455252918287938,0.02870264064293915,0.9498491044788813,True,50,5,5,1.0
1551,0.0,0.0,0.0,0.021011673151750974,0.011481056257175661,0.20079895459434638,True,54,4,4,0.7569112839167857
1552,0.0,0.0,0.001780098136711012,0.04785992217898833,0.07462686567164178,0.9979185927259889,False,123,9,9,1.0
1553,0.0,0.0,0.00024972848363467886,0.029961089494163425,0.01951779563719862,0.5647603146201172,True,77,9,9,1.0
1554,0.0,0.0,7.793705259210773e-05,0.022957198443579768,0.02066590126291619,0.37371396030930015,True,59,6,6,1.0
1555,0.0,0.0,0.00021644586642971146,0.011673151750972763,0.0057405281285878304,0.21551478593342172,True,30,11,11,0.7982029108645249
1556,0.0,0.0,0.001443855877967976,0.054474708171206226,0.06314580941446613,0.9871787694955941,False,140,6,6,1.0
1557,0.0,0.0,0.0005018535516251865,0.03929961089494163,0.03788748564867968,0.8012759712848463,True,101,3,3,1.0
1558,0.0,0.0,0.0,0.00894941634241245,0.0,2.2089554909030985e-05,True,23,2,2,0.00024274236163770313
1559,0.0,0.0,0.0003981973112449653,0.04046692607003891,0.021814006888633754,0.7048636316679626,True,104,10,10,1.0
1560,0.0,0.0,0.0,0.01556420233463035,0.0,5.921740347062587e-06,True,40,3,3,7.843364698096141e-05
1561,0.0,0.0,0.008722295489765695,0.12568093385214008,0.1377726750861079,0.9975847271064877,False,323,6,6,1.0
1562,0.0,0.0,4.5535132641436616e-05,0.03696498054474708,0.001148105625717566,0.01239749030892321,True,95,6,6,0.071869509037236
1563,0.0,0.0,0.0019696256221205057,0.06031128404669261,0.06544202066590127,0.9914860076338566,False,155,8,8,1.0
1564,0.0,0.0,0.000184774844484487,0.028793774319066146,0.03444316877152698,0.43437250207612965,True,74,5,5,1.0
1565,0.0,0.0,0.00014938043002951236,0.04085603112840467,0.02066590126291619,0.37887295025300277,True,105,12,12,1.0
1566,0.0,0.0,0.0,0.007782101167315175,0.0,6.741032119135513e-07,True,20,1,1,1.1835647519195105e-05
1567,0.0,0.0,0.0,0.026848249027237352,0.0,0.00012196356659675965,True,69,6,6,0.0011240881713987063
1568,0.0,0.0,0.0006327304553580815,0.03813229571984436,0.021814006888633754,0.49307120457011155,True,98,10,10,1.0
1569,0.0,0.0,0.0,0.015953307392996108,0.0,4.4299748983389e-07,True,41,4,4,8.438047425407429e-06
1570,0.0,0.0,0.0,0.013229571984435798,0.0,9.010557486099677e-07,True,34,4,4,1.5216675200075345e-05
1571,0.0,0.0,0.0,0.013229571984435798,0.003444316877152698,1.6403211658022403e-05,True,34,5,5,0.00018963250471702202
1572,0.0,0.0,0.00018234554906978784,0.01556420233463035,0.010332950631458095,0.681571130222933,True,40,6,6,1.0
1573,0.0,0.0,0.0,0.016731517509727626,0.010332950631458095,0.05164625627048244,True,43,6,6,0.2519329574169875
1574,0.0,0.0,0.002104458145170373,0.05252918287937743,0.0574052812858783,0.9400503467447231,False,135,6,6,1.0
1575,0.0,0.0,0.004486461451017783,0.09105058365758754,0.08381171067738231,0.8657498584615997,False,234,12,12,1.0
1576,0.0,0.0,0.0,0.019455252918287938,0.002296211251435132,3.596392638204574e-05,True,50,5,5,0.00037268317494347915
1577,0.0,0.0,0.0012534943349409454,0.05019455252918288,0.06659012629161883,0.31863414176649474,False,129,7,7,1.0
1578,0.0,0.0,0.009039720228981548,0.08132295719844358,0.12743972445464982,0.9999847438238552,False,209,12,12,1.0
1579,0.0,0.0,8.703359594498304e-05,0.0,0.0,0.8363083151377014,True,0,0,0,1.0
1580,0.0,0.0,0.0,0.008560311284046693,0.003444316877152698,0.007387165205135023,True,22,2,2,0.0453200319333437
1581,0.0,0.0,0.0,0.034241245136186774,0.003444316877152698,0.0008748318289928707,True,88,5,5,0.006729475607637468
1582,0.0,0.0,0.0021625512461171297,0.04046692607003891,0.06544202066590127,0.9983247269373503,False,104,7,7,1.0
1583,0.0,0.0,0.0013224597703634065,0.06264591439688716,0.06314580941446613,0.21997041333291684,False,161,8,8,0.8131993099183618
1584,0.0,0.0,0.00022987651785918257,0.0311284046692607,0.029850746268656716,0.9052886255234012,True,80,6,6,1.0
1585,0.0,0.0,0.0065226389574467615,0.09377431906614786,0.1044776119402985,0.804674367885193,False,241,8,8,1.0
1586,0.0,0.0,0.0008568642282934353,0.057198443579766535,0.04133180252583238,0.5119381753954497,True,147,15,15,1.0
1587,0.0,0.0,0.0008557739829901234,0.061867704280155644,0.04477611940298507,0.7923957276737288,True,159,14,14,1.0
1588,0.0,0.0,0.003986313760192425,0.035408560311284046,0.08610792192881746,0.9999176836258441,False,91,4,4,1.0
1589,0.0,0.0,0.006031230589079962,0.04124513618677043,0.06199770378874857,0.9350257316262301,False,106,11,11,1.0
1590,0.0,0.0,0.0003146591884475452,0.02178988326848249,0.016073478760045924,0.9389015948639818,True,56,10,10,1.0
1591,0.0,0.0,0.00021722882004111368,0.02217898832684825,0.024110218140068886,0.6991588275105887,True,57,7,7,1.0
1592,0.0,0.0,0.00527692900198032,0.08482490272373541,0.10677382319173363,0.9983073216012041,False,218,12,12,1.0
1593,0.0,0.0,0.0,0.005836575875486381,0.006888633754305396,0.11248926421664984,True,15,6,6,0.4757755180949362
1594,0.0,0.0,0.0,0.007003891050583658,0.0,2.0337050176909464e-05,True,18,3,3,0.00022596722418788293
1595,0.0,0.0,0.0012234122789423197,0.04824902723735409,0.05281285878300804,0.7679709497204006,False,124,5,5,1.0
1596,0.0,0.0,0.0,0.015953307392996108,0.02525832376578645,0.9143161937108131,True,41,1,1,1.0
1597,0.0,0.0,0.0,0.022957198443579768,0.001148105625717566,0.0011162475749278277,True,59,5,5,0.008283939725659625
1598,0.0,0.0,0.0,0.02529182879377432,0.016073478760045924,0.08005601133559881,True,65,6,6,0.36638906789747744
1599,0.0,0.0,0.009054636886860827,0.08949416342412451,0.1251435132032147,0.9979473060443583,False,230,11,11,1.0
1600,0.0,0.0,0.0003503747012773375,0.018287937743190662,0.02640642939150402,0.8096705358790864,True,47,8,8,1.0
1601,0.0,0.0,6.588710167964074e-05,0.024124513618677044,0.014925373134328358,0.18428076508397656,True,62,10,10,0.706602553262338
1602,0.0,0.0,0.0011152366565070125,0.0622568093385214,0.05625717566016074,0.5996419955048666,False,160,8,8,1.0
1603,0.0,0.0,0.0022553615821890916,0.08171206225680934,0.08151549942594719,0.7780877600244549,False,210,13,13,1.0
1604,0.0,0.0,0.0,0.008560311284046693,0.003444316877152698,0.1541620022149428,True,22,4,4,0.6141912438842343
1605,0.0,0.0,0.0,0.01634241245136187,0.001148105625717566,0.0004027331974227574,True,42,5,5,0.0032742536375833936
1606,0.0,0.0,0.0010333029287509102,0.03501945525291829,0.05166475315729047,0.9934979490115163,False,90,8,8,1.0
1607,0.0,0.0,3.2461208855417776e-05,0.024124513618677044,0.03673938002296211,0.8488415836572984,True,62,5,5,1.0
1608,0.0,0.0,0.0013425711704908264,0.05758754863813229,0.05510907003444317,0.8515354428108217,False,148,11,11,1.0
1609,0.0,0.0,2.5566293398783044e-05,0.0015564202334630351,0.022962112514351322,0.9999999995268283,True,4,2,2,1.0
1610,0.0,0.0,0.0030223797556881834,0.09416342412451362,0.10332950631458095,0.9086039859650459,False,242,7,7,1.0
1611,0.0,0.0,0.0014959396822906948,0.154863813229572,0.1584385763490241,0.3936394914034996,False,398,14,14,1.0
1612,0.0,0.0,0.002517780925394415,0.14785992217898833,0.19632606199770378,0.9935437443192731,False,380,13,13,1.0
1613,0.0,0.0,0.00019541221515010667,0.014785992217898832,0.029850746268656716,0.9995135428843015,True,38,5,5,1.0
1614,0.0,0.0,0.0,0.0357976653696498,0.02870264064293915,0.12420345169543706,True,92,4,4,0.516438468588096
1615,0.0,0.0,0.0,0.0,0.004592422502870264,0.9688622468740131,True,0,0,0,1.0
1616,0.0,0.0,0.008765864754731869,0.17315175097276264,0.1859931113662457,0.5724413943101561,False,445,8,8,1.0
1617,0.0,0.0,8.689670285834804e-05,0.012062256809338522,0.01951779563719862,0.9848749949735203,True,31,5,5,1.0
1618,0.0,0.0,0.00034294915485348203,0.017509727626459144,0.03788748564867968,0.9972540462225306,True,45,5,5,1.0
1619,0.0,0.0,0.0,0.027237354085603113,0.02640642939150402,0.10177862113957042,True,70,6,6,0.44251574408508876
1620,0.0,0.0,0.008481796102255225,0.0715953307392996,0.08955223880597014,0.9905315203196791,False,184,8,8,1.0
1621,0.0,0.0,0.0,0.0015564202334630351,0.0,0.056290478945041696,True,4,3,3,0.2725931183779259
1622,0.0,0.0,0.004134692363267139,0.06108949416342412,0.09184845005740529,0.9747799111193759,False,157,7,7,1.0
1623,0.0,0.0,0.0038278244285963516,0.05758754863813229,0.08151549942594719,0.9974237549225471,False,148,8,8,1.0
1624,0.0,0.0,0.00402369967798314,0.15603112840466926,0.16417910447761194,0.4895583786635738,False,401,16,16,1.0
1625,0.0,0.0,0.0,0.021011673151750974,0.0,8.060706301739547e-07,True,54,2,2,1.3897769485757842e-05
1626,0.0,0.0,0.0,0.010116731517509728,0.0,1.961326614703963e-06,True,26,3,3,2.9943917781739897e-05
1627,0.0,0.0,0.003556358143194703,0.18365758754863815,0.20321469575200918,0.8364823581073602,False,472,11,11,1.0
1628,0.0,0.0,0.0007343504616225338,0.011284046692607004,0.03788748564867968,0.6608665203125798,True,29,3,3,1.0
1629,0.0,0.0,0.007033125374349386,0.07859922178988327,0.08955223880597014,0.8813789390966859,False,202,11,11,1.0
1630,0.0,0.0,0.010066484372578873,0.05914396887159533,0.10218140068886337,0.9999497702833822,False,152,6,6,1.0
1631,0.0,0.0,0.0003818147746729484,0.026848249027237352,0.004592422502870264,0.06991655013443339,True,69,8,8,0.32824671424616614
1632,0.0,0.0,0.0,0.02529182879377432,0.001148105625717566,0.002483056359615268,True,65,10,10,0.01712452661803633
1633,0.0,0.0,0.003123502541732972,0.09494163424124513,0.12055109070034443,0.9981959364676113,False,244,13,13,1.0
1634,0.0,0.0,0.0016456773016153667,0.06342412451361867,0.08610792192881746,0.9580390296766832,False,163,8,8,1.0
1635,0.0,0.0,0.002196294768369544,0.012840466926070038,0.0574052812858783,0.9999999683626788,False,33,5,5,1.0
1636,0.0,0.0,0.00047307017622992407,0.03073929961089494,0.03788748564867968,0.9465962407621126,True,79,6,6,1.0
1637,0.0,0.0,0.0,0.005058365758754864,0.006888633754305396,0.39760248651023955,True,13,4,4,1.0
1638,0.0,0.0,0.0004201898926142712,0.002723735408560311,0.040183696900114814,0.9999999999973,True,7,2,2,1.0
1639,0.0,0.0,0.0,0.022957198443579768,0.0,6.255856711379139e-07,True,59,3,3,1.1271813894376827e-05
1640,0.0,0.0,0.0,0.004669260700389105,0.02066590126291619,0.9932313059529857,True,12,3,3,1.0
1641,0.0,0.0,0.0005916478248702408,0.03229571984435798,0.03903559127439724,0.9923266112367864,True,83,7,7,1.0
1642,0.0,0.0,0.0021404572402747087,0.06614785992217899,0.09070034443168772,0.999940795473607,False,170,13,13,1.0
1643,0.0,0.0,0.0,0.0003891050583657588,0.0,0.06583751025458204,True,1,1,1,0.3127672696179669
1644,0.0,0.0,0.0,0.009727626459143969,0.003444316877152698,0.5792110911988481,True,25,5,5,1.0
1645,0.0,0.0,0.0007901374385048906,0.04202334630350195,0.03214695752009185,0.6276846106142231,True,108,4,4,1.0
1646,0.0,0.0,0.0,0.00933852140077821,0.0,1.3790846353729902e-06,True,24,3,3,2.1890232307507783e-05
1647,0.0,0.0,0.001995095393945098,0.04085603112840467,0.07003444316877153,0.9999765751434844,False,105,6,6,1.0
1648,0.0,0.0,0.00015278127418347272,0.010894941634241245,0.001148105625717566,0.11363763311610797,True,28,6,6,0.4794836840342109
1649,0.0,0.0,0.0,0.020233463035019456,0.001148105625717566,0.002015821154411882,True,52,3,3,0.014146113364293906
1650,0.0,0.0,9.093074316045653e-05,0.01634241245136187,0.021814006888633754,0.9986997563472517,True,42,4,4,1.0
1651,0.0,0.0,0.0,0.019455252918287938,0.003444316877152698,0.022957316703111196,True,50,4,4,0.12309553192016727
1652,0.0,0.0,5.1200232859875355e-05,0.0003891050583657588,0.0,0.040013127007787856,True,1,1,1,0.2020865000393326
1653,0.0,0.0,0.0,0.00933852140077821,0.004592422502870264,0.7172509758021683,True,24,1,1,1.0
1654,0.0,0.0,0.00015876655394489448,0.016731517509727626,0.030998851894374284,0.9987396772200968,True,43,8,8,1.0
1655,0.0,0.0,0.0,0.00933852140077821,0.0,0.8640901782573986,True,24,3,3,1.0
1656,0.0,0.0,0.0,0.026459143968871595,0.0,1.0978467772046013e-11,True,68,5,5,3.136705077727432e-09
1657,0.0,0.0,0.00016119804147759326,0.0007782101167315176,0.02870264064293915,1.0,True,2,1,1,1.0
1658,0.0,0.0,4.137415993368257e-05,0.03268482490272374,0.013777267508610792,0.1013080419724065,True,84,5,5,0.4423931963860546
1659,0.0,0.0,0.00042048686838743376,0.01867704280155642,0.02870264064293915,0.9964961864495951,True,48,6,6,1.0
1660,0.0,0.0,0.0020751910273321154,0.024124513618677044,0.06544202066590127,0.9999340795697951,False,62,6,6,1.0
1661,0.0,0.0,0.00014169201883795508,0.03968871595330739,0.010332950631458095,0.012506518398595979,True,102,9,9,0.07229201386471665
1662,0.0,0.0,0.008409690041009507,0.1,0.1354764638346728,0.9997372125050539,False,257,12,12,1.0
1663,0.0,0.0,6.604913437900325e-05,0.018287937743190662,0.001148105625717566,0.060340729708074796,True,47,5,5,0.2894039794152269
1664,0.0,0.0,0.000565872490776966,0.03268482490272374,0.03788748564867968,0.937287930906105,True,84,6,6,1.0
1665,0.0,0.0,0.000335504813796516,0.03813229571984436,0.02870264064293915,0.8173320538948399,True,98,7,7,1.0
1666,0.0,0.0,0.0011532115281267987,0.046303501945525294,0.05281285878300804,0.9468283333434854,False,119,5,5,1.0
1667,0.0,0.0,0.0,0.0023346303501945525,0.0,0.29007567528707145,True,6,2,2,0.9833073738544794
1668,0.0,0.0,0.004715555910737338,0.06809338521400778,0.10218140068886337,0.9963549523846916,False,175,8,8,1.0
1669,0.00010149193139145438,6.446093468741726e-05,0.0025048744781339424,0.2424124513618677,0.2296211251435132,0.6391787654304455,False,623,26,26,1.0
1670,0.0,0.0,0.0,0.007782101167315175,0.0,1.8749383543238756e-06,True,20,3,3,2.8845205451136548e-05
1671,0.0,0.0,0.0040459301302368895,0.07315175097276265,0.09184845005740529,0.9631642626407507,False,188,11,11,1.0
1672,0.0,0.0,0.0001235856060515417,0.008560311284046693,0.0,0.08402678894550536,True,22,4,4,0.3793534489639068
1673,0.0,0.0,0.0,0.017509727626459144,0.016073478760045924,0.209217140576971,True,45,4,4,0.7806609723021306
1674,0.0,0.0,0.0006507718712246684,0.011673151750972763,0.04936854190585534,0.9984772667874627,True,30,4,4,1.0
1675,0.0,0.0,0.0,0.019455252918287938,0.0,1.9043848337135658e-10,True,50,3,3,2.3804810421419573e-08
1676,0.0,0.0,0.0,0.018287937743190662,0.0,9.178420069103396e-09,True,47,2,2,3.5301615650397677e-07
1677,0.0,0.0,0.0005398952465435298,0.029182879377431907,0.04362801377726751,0.9543524191674266,True,75,3,3,1.0
1678,0.0,0.0,0.0006835517184925952,0.023735408560311283,0.024110218140068886,0.915812127680167,True,61,7,7,1.0
1679,0.0,0.0,0.0012326571222738567,0.04202334630350195,0.05510907003444317,0.9820775887764601,False,108,6,6,1.0
1680,0.0,0.0,0.0,0.006614785992217899,0.001148105625717566,0.0018649151368022364,True,17,6,6,0.013133205188748144
1681,0.0,0.0,0.00024125957765665554,0.02178988326848249,0.03214695752009185,0.9963327621959315,True,56,6,6,1.0
1682,0.0,0.0,0.0,0.014007782101167316,0.0,0.0001231329773058153,True,36,8,8,0.0011245020758521944
1683,0.0,0.0,0.0035639861469594384,0.08326848249027237,0.09070034443168772,0.6137762125941694,False,214,9,9,1.0
1684,0.0,0.0,0.0,0.014007782101167316,0.018369690011481057,0.8682112003903036,True,36,6,6,1.0
1685,0.0,0.0,0.0003535164123837019,0.010894941634241245,0.030998851894374284,0.9999999997820713,True,28,4,4,1.0
1686,0.0,0.0,0.0072239975748156,0.06770428015564202,0.07577497129735936,0.6675875565124398,False,174,13,13,1.0
1687,0.0,0.0,0.0011285384397152446,0.035408560311284046,0.0539609644087256,0.9986135529269276,False,91,4,4,1.0
1688,0.0,0.0,0.0010599889457180512,0.035408560311284046,0.05166475315729047,0.9821208061623572,False,91,5,5,1.0
1689,0.0,0.0,0.0,0.010505836575875487,0.001148105625717566,0.0003598301858974487,True,27,5,5,0.0029615653160283842
1690,0.0,0.0,0.004525474412529356,0.16536964980544747,0.21814006888633755,0.9967296481268604,False,425,12,12,1.0
1691,0.0,0.0,0.0006279917817767135,0.009727626459143969,0.040183696900114814,0.9999960618995729,True,25,6,6,1.0
1692,0.0,0.0,0.00020679013268659705,0.020233463035019456,0.03214695752009185,0.9967215759258723,True,52,6,6,1.0
1693,0.0,0.0,0.00024688417794224693,0.0377431906614786,0.03788748564867968,0.7129433270204953,True,97,3,3,1.0
1694,0.0,0.0,0.0,0.01906614785992218,0.001148105625717566,0.09908132210307274,True,49,4,4,0.43361628929134677
1695,0.0,0.0,0.0,0.0015564202334630351,0.012629161882893225,0.9999999866895877,True,4,2,2,1.0
1696,0.0,0.0,0.005135127194028352,0.09105058365758754,0.11366245694603903,0.9999425110436013,False,234,6,6,1.0
1697,0.0,0.0,5.68771005201498e-05,0.009727626459143969,0.010332950631458095,0.3490436274693284,True,25,6,6,1.0
1698,0.0,0.0,0.0013855367322863394,0.020233463035019456,0.05625717566016074,0.9999999650092759,False,52,6,6,1.0
1699,0.0,0.0,0.005300777114625038,0.06031128404669261,0.09873708381171067,0.9993263367793611,False,155,13,13,1.0
1700,0.0,0.0,0.000839018237969704,0.029571984435797664,0.04247990815154994,0.827147368642248,True,76,5,5,1.0
1701,0.0,0.0,0.003427194960167841,0.054863813229571984,0.10218140068886337,0.9981714630802473,False,141,6,6,1.0
1702,0.0,0.0,0.004388495480537184,0.12217898832684825,0.13318025258323765,0.8674484400817756,False,314,11,11,1.0
1703,0.0,0.0,0.0,0.014396887159533073,0.001148105625717566,0.23071628210340772,True,37,4,4,0.8388036592277424
1704,0.0,0.0,0.0011179241840286267,0.05797665369649806,0.05281285878300804,0.5606054167555277,False,149,6,6,1.0
1705,0.0,0.0,0.0,0.021011673151750974,0.0,3.1808912836220304e-12,True,54,5,5,1.2723565134488122e-09
1706,0.0,0.0,0.004384490255464596,0.14435797665369648,0.1251435132032147,0.04531012355279488,False,371,10,10,0.2254235002626611
1707,0.0,0.0,0.0,0.026459143968871595,0.001148105625717566,2.3324155410410897e-07,True,68,7,7,4.910348507454926e-06
1708,0.0,0.0,0.0016157966884257442,0.03151750972762646,0.06314580941446613,0.9999999841861736,False,81,4,4,1.0
1709,0.0,0.0,0.0,0.0062256809338521405,0.002296211251435132,0.020583694322221596,True,16,2,2,0.11217272110202504
1710,0.0,0.0,0.0,0.015175097276264591,0.0,4.7963260815609124e-08,True,39,2,2,1.3323128004335868e-06
1711,0.0,0.0,0.0011510761464364329,0.05603112840466926,0.05166475315729047,0.941622440429294,False,144,6,6,1.0
1712,0.0,0.0,0.0,0.01867704280155642,0.011481056257175661,0.5167774482597624,True,48,6,6,1.0
1713,0.0,0.0,0.002413690159053388,0.05291828793774319,0.08266360505166476,0.999995882258126,False,136,8,8,1.0
1714,0.0,0.0,0.0010138176942865447,0.053696498054474705,0.0505166475315729,0.6901231220724225,False,138,6,6,1.0
1715,0.0,0.0,0.0,0.011284046692607004,0.0,0.000953865768326685,True,29,3,3,0.007226255820656705
1716,0.0,0.0,0.0,0.03346303501945525,0.0,5.250767188956844e-09,True,86,5,5,2.2829422560681932e-07
1717,0.0,0.0,0.00012744947049201201,0.019844357976653695,0.016073478760045924,0.761627427467219,True,51,7,7,1.0
1718,0.0,0.0,0.0,0.0015564202334630351,0.0,0.1166156083801072,True,4,1,1,0.4899815478155765
1719,0.0,0.0,0.00019062745384358735,0.045914396887159536,0.01951779563719862,0.3035914208216721,True,118,7,7,1.0
1720,0.0,0.0,0.0009387494518270732,0.03618677042801557,0.04822043628013777,0.9319267673484024,True,93,7,7,1.0
1721,0.0,0.0,0.0,0.007392996108949416,0.003444316877152698,0.016233198566626875,True,19,7,7,0.09145463981198239
1722,0.0,0.0,0.00011581492988700077,0.0007782101167315176,0.04133180252583238,1.0,True,2,1,1,1.0
1723,0.0,0.0,0.0,0.013229571984435798,0.0,1.7319376358361078e-07,True,34,5,5,4.075147378437901e-06
1724,0.0,0.0,0.001870375524658335,0.05525291828793774,0.06888633754305395,0.7477667689172857,False,142,13,13,1.0
1725,0.0,0.0,0.0,0.014007782101167316,0.014925373134328358,0.20893496149827,True,36,5,5,0.7806609723021306
1726,0.0,0.0,0.0,0.01867704280155642,0.0,5.4495684813714334e-05,True,48,8,8,0.0005532556833879628
1727,0.0,0.0,0.0,0.020233463035019456,0.006888633754305396,0.03454521759144292,True,52,6,6,0.17625111016042305
1728,0.0,0.0,0.0016543269333013037,0.045136186770428015,0.060849598163030996,0.9592966153865218,False,116,5,5,1.0
1729,0.0,0.0,7.985401184310942e-05,0.011284046692607004,0.002296211251435132,0.38773814300134635,True,29,8,8,1.0
1730,0.0,0.0,9.485354588672931e-05,0.0019455252918287938,0.016073478760045924,0.9999925453065153,True,5,4,4,1.0
1731,0.0,0.0,0.0,0.015175097276264591,0.0,0.0005082727509139919,True,39,4,4,0.004033910721539619
1732,0.0,0.0,0.0003054360812889695,0.021400778210116732,0.010332950631458095,0.8204507418316305,True,55,11,11,1.0
1733,0.0,0.0,0.001468627450980392,0.06420233463035019,0.09299655568312284,0.9957421353226302,False,165,12,12,1.0
1734,0.0,0.0,0.0007730957316776851,0.038910505836575876,0.045924225028702644,0.5816488951269674,True,100,6,6,1.0
1735,0.0,0.0,0.0005264464604129596,0.004280155642023347,0.04707233065442021,0.9999995847591636,True,11,5,5,1.0
1736,0.0,0.0,0.0005168929588907204,0.03852140077821012,0.03903559127439724,0.8785674053255763,True,99,4,4,1.0
1737,0.0,0.0,0.0023992823400010316,0.060700389105058365,0.0711825487944891,0.5134561985534183,False,156,6,6,1.0
1738,0.0,0.0,0.0033681233655831096,0.0821011673151751,0.08955223880597014,0.9947554809459118,False,211,11,11,1.0
1739,0.0,0.0,0.0006817182676188316,0.042801556420233464,0.04477611940298507,0.6950665960406813,True,110,6,6,1.0
1740,0.0,0.0,0.0,0.007003891050583658,0.001148105625717566,0.015087183022988827,True,18,2,2,0.08572263081243651
1741,0.0,0.0,0.0001304336496036794,0.0443579766536965,0.03559127439724455,0.33935993343612475,True,114,5,5,1.0
1742,0.0,0.0,0.0010441067357500695,0.03268482490272374,0.05166475315729047,0.8433912921578588,False,84,4,4,1.0
1743,0.0,0.0,0.0010114521889712648,0.04085603112840467,0.0505166475315729,0.9053199314769023,False,105,10,10,1.0
1744,0.0,0.0,0.0006037704687161319,0.046303501945525294,0.04936854190585534,0.6064915354900392,True,119,5,5,1.0
1745,0.0,0.0,0.001558356174933375,0.049805447470817124,0.0574052812858783,0.5341848453162844,False,128,6,6,1.0
1746,0.0,0.0,0.0017835590412198243,0.06731517509727626,0.07577497129735936,0.9813394376894053,False,173,8,8,1.0
1747,0.0,0.0,0.0021287421883723,0.05992217898832685,0.07003444316877153,0.8627449735187682,False,154,11,11,1.0
1748,0.0,0.0,0.0,0.004280155642023347,0.0,0.00022347198383607106,True,11,2,2,0.001926482619276475
1749,0.0,0.0,0.005810316944510919,0.07782101167315175,0.10218140068886337,0.9692688333769116,False,200,13,13,1.0
1750,0.0,0.0,0.0013869586984810002,0.08793774319066149,0.07921928817451206,0.3647852987705291,False,226,8,8,1.0
1751,0.0,0.0,0.002173277528042323,0.047470817120622566,0.07807118254879448,0.9990663055972673,False,122,7,7,1.0
1752,0.0,0.0,0.0013223507216427906,0.049805447470817124,0.0574052812858783,0.1376945494397641,False,128,5,5,0.5563416138980368
1753,0.0,0.0,0.0053743535758505965,0.07237354085603113,0.08725602755453502,0.8886666334800419,False,186,11,11,1.0
1754,0.0,0.0,0.0,0.005836575875486381,0.0,0.002456863841509983,True,15,4,4,0.017002517934325143
1755,0.0,0.0,0.0,0.005836575875486381,0.0057405281285878304,0.9800388462185916,True,15,3,3,1.0
1756,0.0,0.0,0.009186252837812913,0.10583657587548638,0.1377726750861079,0.9996231375842599,False,272,11,11,1.0
1757,0.0,0.0,0.00026926171784345614,0.04046692607003891,0.006888633754305396,0.32949861263551394,True,104,7,7,1.0
1758,0.0,0.0,0.0015790628663965196,0.05175097276264591,0.05855338691159587,0.9357325965233573,False,133,6,6,1.0
1759,0.0,0.0,0.0,0.010505836575875487,0.0,3.00147649611081e-07,True,27,3,3,6.00295299222162e-06
1760,0.0,0.0,0.0016521767670259746,0.05019455252918288,0.06544202066590127,0.990479122014,False,129,6,6,1.0
1761,0.0,0.0,0.00011137864258911576,0.002723735408560311,0.03903559127439724,0.9999999980388762,True,7,4,4,1.0
1762,0.0,0.0,0.002066048543918152,0.08093385214007782,0.1148105625717566,0.9517927132530936,False,208,8,8,1.0
1763,0.0,0.0,0.004691425785839491,0.045914396887159536,0.08036739380022963,0.9994559737405295,False,118,4,4,1.0
1764,0.0,0.0,0.003746401208351324,0.09727626459143969,0.13432835820895522,0.7971374588590607,False,250,8,8,1.0
1765,0.0,0.0,0.0002723019680059616,0.014785992217898832,0.02525832376578645,0.9986769841262426,True,38,5,5,1.0
1766,0.0,0.0,0.0,0.010505836575875487,0.0,1.7527551377148132e-08,True,27,7,7,5.941542839711232e-07
1767,0.0,0.0,0.0006518481378672452,0.06303501945525292,0.03788748564867968,0.5817989761875216,True,162,10,10,1.0
1768,0.0,0.0,0.0,0.03346303501945525,0.0,7.199040445781106e-06,True,86,3,3,9.055396787146045e-05
1769,0.0,0.0,0.00026529199090386197,0.025680933852140077,0.030998851894374284,0.8142038004153651,True,66,5,5,1.0
1770,0.0,0.0,0.0,0.006614785992217899,0.0,0.0031850854686012123,True,17,3,3,0.021520847760819004
1771,0.0,0.0,0.00015613472007800438,0.019455252918287938,0.002296211251435132,0.23109040811724302,True,50,5,5,0.8388036592277424
1772,0.0,0.0,0.0,0.0003891050583657588,0.013777267508610792,0.9999976987324831,True,1,1,1,1.0
1773,0.0,0.0,0.0009790210659370868,0.03385214007782101,0.0505166475315729,0.997312387948211,True,87,4,4,1.0
1774,0.0,0.0,0.0015231477019879412,0.045914396887159536,0.06199770378874857,0.9915048949041104,False,118,9,9,1.0
1775,0.0,0.0,0.00040186966505448236,0.0245136186770428,0.03214695752009185,0.9400630400779162,True,63,8,8,1.0
1776,0.0,0.0,0.0,0.025680933852140077,0.003444316877152698,2.5905821873019148e-05,True,66,6,6,0.0002770676136151781
1777,0.0,0.0,0.0149732692856884,0.0980544747081712,0.1148105625717566,0.9482364867143347,False,252,8,8,1.0
1778,0.0,0.0,0.004170254505947829,0.059533073929961086,0.07462686567164178,0.9964892814304563,False,153,5,5,1.0
1779,0.0,0.0,0.0,0.012451361867704281,0.003444316877152698,0.11252091002945241,True,32,3,3,0.4757755180949362
1780,0.0,0.0,0.006633762104313967,0.03735408560311284,0.07347876004592423,0.9990379142760923,False,96,7,7,1.0
1781,0.0,0.0,0.0,0.015953307392996108,0.013777267508610792,0.9475463913121772,True,41,1,1,1.0
1782,0.0,0.0,0.0,0.021011673151750974,0.01722158438576349,0.04734230964278926,True,54,7,7,0.23494942750763897
1783,0.0,0.0,0.00018428709303288036,0.021011673151750974,0.02870264064293915,0.9012321570692892,True,54,8,8,1.0
1784,0.0,0.0,0.008750798760764905,0.10933852140077821,0.15040183696900114,0.9864733271612436,False,281,7,7,1.0
1785,0.0,0.0,0.0022656959663105406,0.034241245136186774,0.06544202066590127,0.9997652657545149,False,88,10,10,1.0
1786,0.0,0.0,0.005548349804608041,0.17392996108949416,0.18140068886337543,0.6607654711232629,False,447,8,8,1.0
1787,0.0,0.0,0.0034750797254845278,0.07859922178988327,0.10677382319173363,0.9973406558818447,False,202,9,9,1.0
1788,0.0,0.0,0.000315422305315524,0.0062256809338521405,0.03788748564867968,0.9999997355393577,True,16,4,4,1.0
1789,0.0,0.0,0.0013568945178915872,0.0933852140077821,0.10677382319173363,0.7446621565989598,False,240,11,11,1.0
1790,0.0,0.0,5.4361035310489914e-05,0.026459143968871595,0.03444316877152698,0.7430058182473533,True,68,5,5,1.0
1791,0.0,0.0,0.013501472428306013,0.15214007782101166,0.19058553386911595,0.9981051430734004,False,391,12,12,1.0
1792,0.0,0.0,0.0,0.012062256809338522,0.0,6.686796946064475e-09,True,31,6,6,2.7861653941935313e-07
1793,0.0,0.0,0.000134284818903321,0.03073929961089494,0.021814006888633754,0.05747208026679424,True,79,9,9,0.27764289983958573
1794,0.0,0.0,0.0,0.018287937743190662,0.002296211251435132,0.009703739153431212,True,47,4,4,0.057418574872374034
1795,0.0,0.0,0.0,0.010116731517509728,0.0,1.8734821219358921e-07,True,26,2,2,4.274690002358642e-06
1796,0.0,0.0,0.0,0.026459143968871595,0.001148105625717566,3.5201863355797895e-07,True,68,9,9,6.902326148195666e-06
1797,0.0,0.0,0.0005597516772188117,0.054474708171206226,0.040183696900114814,0.4634442153873634,True,140,11,11,1.0
1798,0.0,0.0,0.004498253521573431,0.16070038910505838,0.19058553386911595,0.9859187990659664,False,413,12,12,1.0
1799,0.0,0.0,0.0005032889338276263,0.03229571984435798,0.030998851894374284,0.8040276492828122,True,83,10,10,1.0
1800,0.0,0.0,0.009381685030123677,0.15408560311284047,0.18140068886337543,0.9879396877291726,False,396,12,12,1.0
1801,0.0,0.0,0.0006405468878105849,0.027237354085603113,0.04477611940298507,0.9977344901746384,True,70,5,5,1.0
1802,0.0,0.0,0.0018407429831033286,0.050972762645914396,0.06888633754305395,0.9897842454488361,False,131,8,8,1.0
1803,0.0,0.0,0.0023408794636801417,0.07859922178988327,0.08495981630309989,0.9362192147143937,False,202,12,12,1.0
1804,0.0,0.0,0.00257803777278899,0.06848249027237355,0.07921928817451206,0.3711122759435739,False,176,9,9,1.0
1805,0.0,0.0,0.0,0.010894941634241245,0.001148105625717566,0.0065751211636922765,True,28,4,4,0.040839261886287434
1806,0.0,0.0,0.0018506328255909889,0.038910505836575876,0.07921928817451206,0.9987158405013955,False,100,8,8,1.0
1807,0.0,0.0,0.0,0.0007782101167315176,0.013777267508610792,0.9999796177428224,True,2,2,2,1.0
1808,0.0,0.0,0.0,0.014785992217898832,0.01722158438576349,0.5683972893980548,True,38,9,9,1.0
1809,0.0,0.0,0.003293436341923083,0.10116731517509728,0.12169919632606199,0.9986533372788258,False,260,12,12,1.0
1810,0.0,0.0,5.9268166695002923e-05,0.02801556420233463,0.008036739380022962,0.010313905053543794,True,72,7,7,0.060670029726728206
1811,0.0,0.0,0.0,0.012451361867704281,0.002296211251435132,3.6782293179311418e-09,True,32,8,8,1.634768585747174e-07
1812,0.0,0.0,0.003143356561469398,0.0556420233463035,0.07921928817451206,0.8134240476704627,False,143,9,9,1.0
1813,0.0,0.0,0.0016897262277028324,0.0688715953307393,0.08381171067738231,0.9762748224207543,False,177,9,9,1.0
1814,0.0,0.0,0.00010531784195409842,0.017120622568093387,0.02640642939150402,0.9999302491123703,True,44,4,4,1.0
1815,0.0,0.0,0.006275466419375172,0.09844357976653696,0.11021814006888633,0.8990175806150792,False,253,9,9,1.0
1816,0.0,0.0,0.0003391997756416778,0.03073929961089494,0.03903559127439724,0.9727716111299587,True,79,6,6,1.0
1817,0.0,0.0,0.00012849636224160956,0.05019455252918288,0.008036739380022962,0.014568181012014587,True,129,8,8,0.08344569635827917
1818,0.0,0.0,0.00013718188358066396,0.013618677042801557,0.021814006888633754,0.9956238642857589,True,35,3,3,1.0
1819,0.0,0.0,0.002256731428889539,0.07626459143968872,0.08610792192881746,0.8526040445670969,False,196,8,8,1.0
1820,0.0,0.0,0.0,0.0007782101167315176,0.01951779563719862,0.9999999999999488,True,2,1,1,1.0
1821,0.0,0.0,0.009601665437601561,0.08093385214007782,0.1251435132032147,0.9999343015637365,False,208,12,12,1.0
1822,0.0,0.0,0.012215586919527668,0.11245136186770428,0.13892078071182548,0.920818808428489,False,289,8,8,1.0
1823,0.0,0.0,0.00019621756302462236,0.022568093385214007,0.016073478760045924,0.8592387976506497,True,58,10,10,1.0
1824,0.0,0.0,0.0,0.002723735408560311,0.001148105625717566,0.14014057205447739,True,7,4,4,0.5650829518325701
1825,0.0,0.0,7.598600526731748e-05,0.0,0.0,0.9629059263156796,True,0,0,0,1.0
1826,0.0,0.0,0.002069332460470592,0.05175097276264591,0.07347876004592423,0.9851630925706237,False,133,8,8,1.0
1827,0.0,0.0,0.000351138402058271,0.0311284046692607,0.029850746268656716,0.5201077561834209,True,80,5,5,1.0
1828,0.0,0.0,0.0,0.021011673151750974,0.0057405281285878304,0.04868021775050087,True,54,5,5,0.23980402832759048
1829,0.0,0.0,0.0007140885523751527,0.008171206225680934,0.04707233065442021,0.9999838497273531,True,21,3,3,1.0
1830,0.0,0.0,0.004001216031077831,0.11400778210116731,0.14351320321469574,0.676257304883976,False,293,8,8,1.0
1831,0.0,0.0,0.0,0.03385214007782101,0.029850746268656716,0.3374617864834072,True,87,6,6,1.0
1832,0.0,0.0,0.00020881466182514084,0.018287937743190662,0.02525832376578645,0.9781859084908601,True,47,6,6,1.0
1833,0.0,0.0,0.0024535529869282023,0.057198443579766535,0.05970149253731343,0.7327120470449622,False,147,6,6,1.0
1834,0.0,0.0,0.0008556641165528927,0.03618677042801557,0.04477611940298507,0.9989625145626149,True,93,7,7,1.0
1835,0.0,0.0,0.0,0.007392996108949416,0.008036739380022962,0.12862308754362778,True,19,3,3,0.5321657065070431
1836,0.0,0.0,0.003219149419514165,0.04941634241245136,0.07233065442020666,0.8809301200273054,False,127,8,8,1.0
1837,0.0,0.0,0.0016480685983776165,0.06420233463035019,0.06199770378874857,0.8715093152186311,False,165,8,8,1.0
1838,0.0,0.0,0.0032818057125255365,0.2046692607003891,0.2227324913892078,0.8474230452397198,False,526,13,13,1.0
1839,0.0,0.0,0.0029237835420768965,0.04941634241245136,0.07347876004592423,0.8025734645138294,False,127,8,8,1.0
1840,0.0,0.0,0.0005024797658924433,0.026848249027237352,0.03903559127439724,0.9981499996110874,True,69,7,7,1.0
1841,0.0,0.0,0.0014249768762637028,0.0556420233463035,0.05855338691159587,0.4328571743257249,False,143,13,13,1.0
1842,0.0,0.0,0.0002721520624593285,0.007003891050583658,0.009184845005740528,0.4360900206168095,True,18,4,4,1.0
1843,0.0,0.0,0.001424081123155705,0.03735408560311284,0.0574052812858783,0.9763568643237881,False,96,5,5,1.0
1844,0.0,0.0,0.0,0.0031128404669260703,0.001148105625717566,0.037122829918024444,True,8,3,3,0.1889202540357478
1845,0.0,0.0,0.0010154966054868003,0.041634241245136185,0.0505166475315729,0.8634848664078063,False,107,6,6,1.0
1846,0.0,0.0,0.0,0.014007782101167316,0.001148105625717566,0.0033074168040651106,True,36,10,10,0.02212318932485024
1847,0.0,0.0,0.0,0.0038910505836575876,0.0,0.002547155721221302,True,10,4,4,0.017506224888118913
1848,0.0,0.0,0.00032542016584152317,0.0178988326848249,0.04247990815154994,0.9996508619662511,True,46,10,10,1.0
1849,0.0,0.0,0.0,0.0015564202334630351,0.004592422502870264,0.23399603991774914,True,4,4,4,0.8467425980658764
1850,0.0,0.0,0.0,0.02217898832684825,0.0,7.840625966298302e-06,True,57,4,4,9.800782457872878e-05
1851,0.0,0.0,0.0,0.007003891050583658,0.0,8.049416914409347e-05,True,18,7,7,0.0007666111347056521
1852,0.0,0.0,0.01433308499413426,0.11206225680933853,0.1446613088404133,0.9480814439916649,False,288,8,8,1.0
1853,0.0,0.0,0.0005350267680222074,0.03073929961089494,0.03788748564867968,0.4150392956758137,True,79,9,9,1.0
1854,0.0,0.0,0.0027283600552428953,0.045136186770428015,0.06544202066590127,0.9909392366439379,False,116,11,11,1.0
1855,0.0,0.0,0.0009761763930231999,0.03501945525291829,0.04707233065442021,0.8662164578612452,True,90,16,16,1.0
1856,0.0,0.0,0.003771006614142736,0.08482490272373541,0.11366245694603903,0.9909897417442932,False,218,8,8,1.0
1857,0.0,0.0,5.518650236531459e-05,0.011284046692607004,0.001148105625717566,0.016383109142115437,True,29,6,6,0.09203993900064852
1858,0.0,0.0,0.0006892356544204378,0.029182879377431907,0.03903559127439724,0.9324145493904181,True,75,8,8,1.0
1859,0.0,0.0,0.0001864640713496442,0.010116731517509728,0.013777267508610792,0.9953496508812112,True,26,4,4,1.0
1860,0.0,0.0,0.0,0.01906614785992218,0.004592422502870264,0.000680983720803131,True,49,5,5,0.005299484208584677
1861,0.0,0.0,0.0005282911654891822,0.03501945525291829,0.04477611940298507,0.8582337947997656,True,90,5,5,1.0
1862,0.0,0.0,0.00025552992520509916,0.019455252918287938,0.027554535017221583,0.9997015961408099,True,50,5,5,1.0
1863,0.0,0.0,0.0009633492213650238,0.03073929961089494,0.0505166475315729,0.9999855521915637,True,79,4,4,1.0
1864,0.0,0.0,0.00042015046032328827,0.016731517509727626,0.018369690011481057,0.9845251327335267,True,43,8,8,1.0
1865,0.0,0.0,0.0,0.012840466926070038,0.004592422502870264,0.0032253432561405553,True,33,8,8,0.02171948320633371
1866,0.0,0.0,0.002474721863442066,0.05291828793774319,0.06888633754305395,0.9396180656126518,False,136,4,4,1.0
1867,0.0,0.0,0.0003994941605988591,0.02840466926070039,0.04362801377726751,0.979460691113837,True,73,11,11,1.0
1868,0.0,0.0,0.0029001040427328777,0.1272373540856031,0.12399540757749714,0.990609700588199,False,327,6,6,1.0
1869,0.0,0.0,0.0,0.0011673151750972762,0.021814006888633754,0.9999999950903263,True,3,2,2,1.0
1870,5.5688589408030296e-05,5.571342128558808e-05,0.003983300367529197,0.23190661478599223,0.2617680826636051,0.7498725988131063,False,596,22,22,1.0
1871,0.0,0.0,0.004822119035736759,0.09494163424124513,0.12284730195177956,0.9867939572853591,False,244,13,13,1.0
1872,0.0,0.0,0.0,0.005058365758754864,0.010332950631458095,0.699557893805278,True,13,2,2,1.0
1873,0.0,0.0,0.006912066843785416,0.05875486381322957,0.10332950631458095,0.9998916991019337,False,151,11,11,1.0
1874,0.0,0.0,0.0,0.013618677042801557,0.0,0.001194047043751384,True,35,4,4,0.008779757674642528
1875,0.0,0.0,0.001445372400635628,0.05408560311284047,0.0574052812858783,0.947326356799191,False,139,10,10,1.0
1876,0.0,0.0,0.00011881067759519779,0.03696498054474708,0.012629161882893225,0.04338289617853266,True,95,7,7,0.21745812620818375
1877,0.0,0.0,8.19202185118984e-05,0.014007782101167316,0.024110218140068886,0.9926590275333146,True,36,5,5,1.0
1878,0.0,0.0,0.0073610901257788455,0.167704280155642,0.18484500574052812,0.8098553358376643,False,431,8,8,1.0
1879,0.0,0.0,0.0,0.013618677042801557,0.0,2.836279439602839e-05,True,35,2,2,0.00030013539043416285
1880,0.0,0.0,0.0006417649987614417,0.053696498054474705,0.03903559127439724,0.012386610776786204,True,138,14,14,0.071869509037236
1881,0.0,0.0,0.004547569718432209,0.07898832684824902,0.09758897818599312,0.999762503913977,False,203,6,6,1.0
1882,0.0,0.0,0.00011900817791652888,0.026459143968871595,0.03559127439724455,0.96005968174245,True,68,3,3,1.0
1883,0.0,0.0,0.0,0.021011673151750974,0.010332950631458095,0.06618244515153902,True,54,4,4,0.31366087749544563
1884,0.0,0.0,7.194181530432436e-05,0.00933852140077821,0.003444316877152698,0.017574584680545076,True,24,3,3,0.09790854975234026
1885,0.0,0.0,0.0011771756617217086,0.05758754863813229,0.05625717566016074,0.8872325549594822,False,148,7,7,1.0
1886,0.0,0.0,4.5387360995477784e-05,0.018287937743190662,0.024110218140068886,0.8993315749316347,True,47,4,4,1.0
1887,0.0,0.0,0.0037368228019013508,0.07081712062256809,0.08266360505166476,0.907991494764647,False,182,8,8,1.0
1888,0.0,0.0,0.0,0.029571984435797664,0.0,2.687367054969749e-08,True,76,3,3,8.021991208864923e-07
1889,0.0,0.0,0.003151827500577942,0.08754863813229571,0.10562571756601608,0.6089301615305853,False,225,7,7,1.0
1890,0.0,0.0,0.000503848448858177,0.01867704280155642,0.03788748564867968,0.9999999946593793,True,48,5,5,1.0
1891,0.0,0.0,0.0031716760749231987,0.07821011673151751,0.1182548794489093,0.99998660122161,False,201,9,9,1.0
1892,0.0,0.0,0.0037205559676070986,0.06264591439688716,0.08036739380022963,0.9999912264178047,False,161,7,7,1.0
1893,0.0,0.0,0.0013184002119864075,0.04046692607003891,0.0677382319173364,0.9999137318827479,False,104,7,7,1.0
1894,0.0,0.0,0.0,0.020622568093385214,0.0,1.5309740665448104e-09,True,53,4,4,8.471720337077567e-08
1895,0.0,0.0,0.00019179405545686475,0.02801556420233463,0.03903559127439724,0.959328357115351,True,72,6,6,1.0
1896,0.0,0.0,4.742677294336466e-05,0.03385214007782101,0.001148105625717566,0.009345465187188333,True,87,6,6,0.055627768971359126
1897,0.0,0.0,0.0013437498860456338,0.007782101167315175,0.05281285878300804,0.9999997421318874,False,20,4,4,1.0
1898,0.0,0.0,0.007712069709467402,0.1198443579766537,0.15269804822043628,0.9965429918879631,False,308,12,12,1.0
1899,0.0,0.0,0.0,0.005447470817120622,0.0,0.07427426621543312,True,14,3,3,0.34540175483040336
1900,0.0,0.0,0.0,0.0038910505836575876,0.0,0.0032456815873625256,True,10,4,4,0.021783097901761916
1901,0.0,0.0,0.0,0.020622568093385214,0.001148105625717566,1.4863837376836736e-06,True,53,4,4,2.3407617916278324e-05
1902,0.0,0.0,0.0,0.004669260700389105,0.001148105625717566,0.0037412287050101467,True,12,6,6,0.024776349039802296
1903,0.0,0.0,0.00026962081161422216,0.0178988326848249,0.016073478760045924,0.39968073756463046,True,46,7,7,1.0
1904,0.0,0.0,0.005430175308754821,0.10739299610894941,0.1182548794489093,0.6807184798703452,False,276,8,8,1.0
1905,0.0,0.0,0.0019060867440545033,0.07470817120622568,0.07003444316877153,0.9302489973838706,False,192,11,11,1.0
1906,0.0,0.0,0.0008154258788811795,0.01556420233463035,0.04247990815154994,0.9976971397209223,True,40,8,8,1.0
1907,0.0,0.0,0.00010256948362704511,0.012840466926070038,0.022962112514351322,0.9997328109385042,True,33,2,2,1.0
1908,0.0,0.0,0.0003012027752913803,0.0038910505836575876,0.008036739380022962,0.999998241314204,True,10,5,5,1.0
1909,0.0,0.0,0.0010239636174651917,0.08599221789883268,0.05510907003444317,0.3800209694097555,False,221,9,9,1.0
1910,0.0,0.0,0.00452894777777344,0.048638132295719845,0.07347876004592423,0.9998830556488956,False,125,7,7,1.0
1911,0.0,0.0,0.003705693476026786,0.10739299610894941,0.10332950631458095,0.409966551310383,False,276,7,7,1.0
1912,0.0,0.0,0.0,0.002723735408560311,0.004592422502870264,0.9622898497364356,True,7,2,2,1.0
1913,0.0,0.0,4.8645708029482136e-05,0.016731517509727626,0.021814006888633754,0.9385519831516927,True,43,3,3,1.0
1914,0.0,0.0,0.007339550118539508,0.07276264591439689,0.10562571756601608,0.9999934632338561,False,187,10,10,1.0
1915,0.0,0.0,0.0,0.021011673151750974,0.01951779563719862,0.42911717263683874,True,54,6,6,1.0
1916,0.0,0.0,0.0,0.019455252918287938,0.001148105625717566,2.4565352918196155e-07,True,50,5,5,5.117781857957532e-06
1917,0.0,0.0,0.001993211392633014,0.08910505836575876,0.09070034443168772,0.6535051322651602,False,229,15,15,1.0
1918,0.0,0.0,5.762845580211741e-05,0.019844357976653695,0.02870264064293915,0.9894512829106312,True,51,7,7,1.0
1919,0.0,0.0,0.0003297149198135282,0.01634241245136187,0.01722158438576349,0.9961047560542384,True,42,7,7,1.0
1920,0.0,0.0,0.0017649343151791537,0.19143968871595332,0.19173363949483352,0.6820881326166846,False,492,13,13,1.0
1921,0.0,0.0,0.002371796067229895,0.1482490272373541,0.14121699196326062,0.7993662759738009,False,381,11,11,1.0
1922,0.0,0.0,0.0008468780417487327,0.03151750972762646,0.04477611940298507,0.9358107908167875,True,81,8,8,1.0
1923,0.0,0.0,0.009068372773121627,0.0933852140077821,0.1182548794489093,0.9115679156248422,False,240,9,9,1.0
1924,0.0,0.0,0.0015816762560796247,0.08326848249027237,0.08151549942594719,0.3151991422617359,False,214,11,11,1.0
1925,0.0,0.0,0.004956262542193152,0.1066147859922179,0.12629161882893225,0.6456095559941673,False,274,8,8,1.0
1926,0.0,0.0,0.007562570906550416,0.11634241245136187,0.10907003444316878,0.5016721084455487,False,299,7,7,1.0
1927,0.0,0.0,0.003309253209405052,0.05291828793774319,0.07347876004592423,0.9988367957873926,False,136,5,5,1.0
1928,0.0,0.0,9.686050344994454e-05,0.0062256809338521405,0.006888633754305396,0.5999108043908605,True,16,3,3,1.0
1929,0.0,0.0,0.0004170027196389634,0.008560311284046693,0.03903559127439724,0.9976160291248035,True,22,5,5,1.0
1930,0.0,0.0,0.0017147042633221387,0.0622568093385214,0.06659012629161883,0.09251875704720913,False,160,5,5,0.41028273635126
1931,0.0,0.0,4.484436272371881e-05,0.017120622568093387,0.01951779563719862,0.9929908995629079,True,44,6,6,1.0
1932,0.0,0.0,0.0,0.012840466926070038,0.029850746268656716,0.8085698149068332,True,33,3,3,1.0
1933,0.0,0.0,0.0007233855341206182,0.08326848249027237,0.03329506314580941,0.09188867862096234,True,214,7,7,0.40930369096197033
1934,0.0,0.0,0.002798144095597015,0.02840466926070039,0.0711825487944891,0.9991419620934048,False,73,5,5,1.0
1935,0.0,0.0,0.005222721032429097,0.06147859922178988,0.07577497129735936,0.7014512545601796,False,158,10,10,1.0
1936,0.0,0.0,0.0,0.008560311284046693,0.001148105625717566,0.0005586977577657539,True,22,6,6,0.004399194943037432
1937,0.0,0.0,0.0013080070199173537,0.0245136186770428,0.05510907003444317,0.9999999754462838,False,63,4,4,1.0
1938,0.0,0.0,0.00019294971745624858,0.0377431906614786,0.027554535017221583,0.096311938844173,True,97,11,11,0.4233491817326286
1939,0.0,0.0,0.0008232874878601974,0.0357976653696498,0.04247990815154994,0.13370261942948153,True,92,7,7,0.5468409792616832
1940,0.0,0.0,0.0007108544320172791,0.025680933852140077,0.03673938002296211,0.9964432788772836,True,66,8,8,1.0
1941,0.0,0.0,6.395164838226316e-05,0.012840466926070038,0.002296211251435132,0.12196481888430455,True,33,8,8,0.5092476780137978
1942,0.0,0.0,0.008373805335994598,0.06147859922178988,0.09988518943742825,0.9995817608019153,False,158,13,13,1.0
1943,0.0,0.0,0.0011568264770908806,0.0490272373540856,0.0539609644087256,0.7774213802056501,False,126,6,6,1.0
1944,0.0,0.0,0.0,0.002723735408560311,0.0,0.00920769838918617,True,7,2,2,0.055299697987887364
1945,0.0,0.0,0.0,0.013229571984435798,0.0,8.942720391607249e-10,True,34,4,4,5.6204299845330455e-08
1946,0.0,0.0,0.0023723827493337866,0.060700389105058365,0.08725602755453502,0.9757147798747918,False,156,8,8,1.0
1947,0.0,0.0,0.0,0.019844357976653695,0.0,5.778584427388923e-10,True,51,3,3,4.445064944145325e-08
1948,0.0,0.0,0.0014498995435963014,0.04474708171206226,0.05970149253731343,0.9887766957117978,False,115,7,7,1.0
1949,0.0,0.0,0.0017762948607113129,0.05058365758754864,0.06314580941446613,0.6231620761171195,False,130,12,12,1.0
1950,0.0,0.0,0.000340683008534181,0.03929961089494163,0.04707233065442021,0.8114726068773117,True,101,5,5,1.0
1951,0.0,0.0,0.0010394762787424385,0.06536964980544747,0.05166475315729047,0.15545695623938383,False,168,7,7,0.6168926834896183
1952,0.0,0.0,0.0012530985265273896,0.06536964980544747,0.06544202066590127,0.627590552488014,False,168,4,4,1.0
1953,0.0,0.0,0.003806196040133437,0.05992217898832685,0.08495981630309989,0.9819070825191494,False,154,8,8,1.0
1954,0.0,0.0,0.0009241256680801635,0.042412451361867706,0.04936854190585534,0.980693287488032,True,109,6,6,1.0
1955,0.0,0.0,0.00047397277029031647,0.03229571984435798,0.04133180252583238,0.9165410809003671,True,83,9,9,1.0
1956,0.0,0.0,0.00011586229760739149,0.031906614785992216,0.002296211251435132,0.11022360621662614,True,82,7,7,0.471041052207804
1957,0.0,0.0,0.002243400400422181,0.10428015564202335,0.10332950631458095,0.3322033163209884,False,268,19,20,1.0
1958,0.0,0.0,0.0012125442861026948,0.03346303501945525,0.0539609644087256,0.9997967249668972,False,86,3,3,1.0
1959,0.0,0.0,0.0007161956997483313,0.024902723735408562,0.04362801377726751,0.9838051552224295,True,64,9,9,1.0
1960,0.0,0.0,0.0,0.02801556420233463,0.0,1.56726826235935e-09,True,72,4,4,8.471720337077567e-08
1961,0.0,0.0,0.0016846997601024732,0.05758754863813229,0.06544202066590127,0.8699541459358877,False,148,7,7,1.0
1962,0.0,0.0,0.003050059687077724,0.0933852140077821,0.08840413318025259,0.5924268704928353,False,240,9,9,1.0
1963,0.0,0.0,0.0006856528447386146,0.05525291828793774,0.04247990815154994,0.19994619066509295,True,142,8,8,0.7569112839167857
1964,0.0,0.0,0.0012226641990829403,0.05019455252918288,0.05855338691159587,0.7750577778634089,False,129,12,12,1.0
1965,0.0,0.0,0.0010694864534397323,0.05642023346303502,0.05510907003444317,0.8619726039579809,False,145,13,13,1.0
1966,0.0,0.0,0.001636812119664828,0.031906614785992216,0.05510907003444317,0.9686109155563923,False,82,9,9,1.0
1967,0.0,0.0,0.002588463723108687,0.06498054474708172,0.09070034443168772,0.9947581208702093,False,167,8,8,1.0
1968,0.0,0.0,0.0,0.005058365758754864,0.009184845005740528,0.5802382346115459,True,13,5,5,1.0
1969,0.0,0.0,0.0,0.012840466926070038,0.0,0.00019572643473032145,True,33,3,3,0.0017168985502659777
1970,0.0,0.0,0.0,0.0011673151750972762,0.011481056257175661,0.9999999181031138,True,3,1,1,1.0
1971,0.0,0.0,0.0008962975745728933,0.07354085603112841,0.0505166475315729,0.05059805193155288,True,189,5,5,0.24863907583072667
1972,0.0,0.0,0.00515354402304181,0.11011673151750972,0.1423650975889782,0.9922546825656459,False,283,12,12,1.0
1973,0.0,0.0,0.001032540647255816,0.033073929961089495,0.05166475315729047,0.8511315849016139,False,85,8,8,1.0
1974,0.0,0.0,5.8391751229869236e-05,0.017120622568093387,0.024110218140068886,0.9999998844758956,True,44,2,2,1.0
1975,0.0,0.0,0.0,0.008560311284046693,0.0,0.014470844821985481,True,22,3,3,0.08340544565985868
1976,0.0,0.0,0.008333598623998165,0.14163424124513618,0.18714121699196326,0.9994005106633909,False,364,13,13,1.0
1977,0.0,0.0,0.0,0.006614785992217899,0.0,4.675759064240319e-08,True,17,3,3,1.3171152293634702e-06
1978,0.0,0.0,0.0002669153855674904,0.010505836575875487,0.02640642939150402,0.9883020632079462,True,27,5,5,1.0
1979,0.0,0.0,9.698339136684098e-05,0.010894941634241245,0.013777267508610792,0.7161307334807135,True,28,7,7,1.0
1980,0.0,0.0,0.0,0.015175097276264591,0.0,7.226026722804617e-08,True,39,4,4,1.9015859796854254e-06
1981,0.0,0.0,0.0159783166179115,0.12801556420233462,0.1549942594718714,0.9821751203639315,False,329,12,12,1.0
1982,0.0,0.0,5.5025340959292134e-05,0.005447470817120622,0.008036739380022962,0.999954422723575,True,14,1,1,1.0
1983,0.0,0.0,0.0,0.034241245136186774,0.002296211251435132,0.007725732025789164,True,88,6,6,0.04710812210847051
1984,0.0,0.0,0.009463660082316493,0.09844357976653696,0.1285878300803674,0.9639908768317391,False,253,8,8,1.0
1985,0.0,0.0,0.0,0.017120622568093387,0.0,1.8808636010378027e-07,True,44,3,3,4.274690002358642e-06
1986,0.0,0.0,0.0,0.03463035019455253,0.03559127439724455,0.6898385303524934,True,89,4,4,1.0
1987,0.0,0.0,0.005576074780402144,0.0914396887159533,0.12629161882893225,0.8959296405089268,False,235,8,8,1.0
1988,0.0,0.0,0.0022366035140373914,0.07821011673151751,0.08495981630309989,0.6277959789944415,False,201,6,6,1.0
1989,0.0,0.0,0.0007487744121073543,0.027237354085603113,0.04707233065442021,0.9999989233512975,True,70,7,7,1.0
1990,0.0,0.0,0.00019988695735940055,0.019455252918287938,0.022962112514351322,0.2764357808179419,True,50,8,8,0.9483217180718418
1991,0.0,0.0,0.0,0.030350194552529183,0.001148105625717566,1.1496775426551338e-08,True,78,5,5,4.258064972796792e-07
1992,0.0,0.0,0.0,0.010894941634241245,0.006888633754305396,0.6310387412235224,True,28,8,8,1.0
1993,0.0,0.0,0.0031626836464388433,0.13073929961089495,0.1618828932261768,0.8804977777138553,False,336,9,9,1.0
1994,0.0,0.0,0.0010824683975956023,0.04046692607003891,0.05166475315729047,0.7113927944012791,False,104,10,10,1.0
1995,0.0,0.0,0.000748034339409635,0.05058365758754864,0.04707233065442021,0.2714663553613076,True,130,13,13,0.9393299493470851
1996,0.0,0.0,0.0,0.008560311284046693,0.002296211251435132,0.6639846516641494,True,22,1,1,1.0
1997,0.0,0.0,0.0010047900928645869,0.042412451361867706,0.05166475315729047,0.5140878427225238,False,109,7,7,1.0
1998,0.0,0.0,0.0,0.01634241245136187,0.01722158438576349,0.9710994666809086,True,42,8,8,1.0
1999,0.0,0.0,0.0029879670816763807,0.10700389105058365,0.09758897818599312,0.5305200608382571,False,275,7,7,1.0
