slide_id,svs_path,sacrifice_period,compound_name,dose,dose_unit,dose_level,exp_id,group_id,individual_id,sex_type,strain_type,n_findings,max_grade_ord,n_findings_treatment_related,has_finding,max_grade,individual_metadata_matched,label_evaluation_eligible,duplicate_animal_image,pathology_label_status
15253,/workspace/andre01/honzawa/02-playground/toxpatho-patch-selector/data/TGGATEs/WSI/Liver/4_day/15253.svs,4 day,vitamin A,0,mg/kg,Control,282,1,1,Male,Crj:CD(SD)IGS,0,,0,False,,True,True,False,no_finding_recorded
15262,/workspace/andre01/honzawa/02-playground/toxpatho-patch-selector/data/TGGATEs/WSI/Liver/4_day/15262.svs,4 day,vitamin A,0,mg/kg,Control,282,1,2,Male,Crj:CD(SD)IGS,0,,0,False,,True,True,False,no_finding_recorded
15268,/workspace/andre01/honzawa/02-playground/toxpatho-patch-selector/data/TGGATEs/WSI/Liver/4_day/15268.svs,4 day,vitamin A,0,mg/kg,Control,282,1,3,Male,Crj:CD(SD)IGS,0,,0,False,,True,True,False,no_finding_recorded
15275,/workspace/andre01/honzawa/02-playground/toxpatho-patch-selector/data/TGGATEs/WSI/Liver/4_day/15275.svs,4 day,vitamin A,0,mg/kg,Control,282,1,4,Male,Crj:CD(SD)IGS,0,,0,False,,True,True,False,no_finding_recorded
15280,/workspace/andre01/honzawa/02-playground/toxpatho-patch-selector/data/TGGATEs/WSI/Liver/4_day/15280.svs,4 day,vitamin A,0,mg/kg,Control,282,1,5,Male,Crj:CD(SD)IGS,0,,0,False,,True,True,False,no_finding_recorded
15285,/workspace/andre01/honzawa/02-playground/toxpatho-patch-selector/data/TGGATEs/WSI/Liver/8_day/15285.svs,8 day,vitamin A,0,mg/kg,Control,282,2,1,Male,Crj:CD(SD)IGS,0,,0,False,,True,True,False,no_finding_recorded
15290,/workspace/andre01/honzawa/02-playground/toxpatho-patch-selector/data/TGGATEs/WSI/Liver/8_day/15290.svs,8 day,vitamin A,0,mg/kg,Control,282,2,2,Male,Crj:CD(SD)IGS,0,,0,False,,True,True,False,no_finding_recorded
15296,/workspace/andre01/honzawa/02-playground/toxpatho-patch-selector/data/TGGATEs/WSI/Liver/8_day/15296.svs,8 day,vitamin A,0,mg/kg,Control,282,2,3,Male,Crj:CD(SD)IGS,0,,0,False,,True,True,False,no_finding_recorded
15301,/workspace/andre01/honzawa/02-playground/toxpatho-patch-selector/data/TGGATEs/WSI/Liver/8_day/15301.svs,8 day,vitamin A,0,mg/kg,Control,282,2,4,Male,Crj:CD(SD)IGS,0,,0,False,,True,True,False,no_finding_recorded
15307,/workspace/andre01/honzawa/02-playground/toxpatho-patch-selector/data/TGGATEs/WSI/Liver/8_day/15307.svs,8 day,vitamin A,0,mg/kg,Control,282,2,5,Male,Crj:CD(SD)IGS,0,,0,False,,True,True,False,no_finding_recorded
15312,/workspace/andre01/honzawa/02-playground/toxpatho-patch-selector/data/TGGATEs/WSI/Liver/15_day/15312.svs,15 day,vitamin A,0,mg/kg,Control,282,3,1,Male,Crj:CD(SD)IGS,0,,0,False,,True,True,False,no_finding_recorded
15317,/workspace/andre01/honzawa/02-playground/toxpatho-patch-selector/data/TGGATEs/WSI/Liver/15_day/15317.svs,15 day,vitamin A,0,mg/kg,Control,282,3,2,Male,Crj:CD(SD)IGS,0,,0,False,,True,True,False,no_finding_recorded
15322,/workspace/andre01/honzawa/02-playground/toxpatho-patch-selector/data/TGGATEs/WSI/Liver/15_day/15322.svs,15 day,vitamin A,0,mg/kg,Control,282,3,3,Male,Crj:CD(SD)IGS,0,,0,False,,True,True,False,no_finding_recorded
15334,/workspace/andre01/honzawa/02-playground/toxpatho-patch-selector/data/TGGATEs/WSI/Liver/15_day/15334.svs,15 day,vitamin A,0,mg/kg,Control,282,3,5,Male,Crj:CD(SD)IGS,0,,0,False,,True,True,False,no_finding_recorded
15339,/workspace/andre01/honzawa/02-playground/toxpatho-patch-selector/data/TGGATEs/WSI/Liver/29_day/15339.svs,29 day,vitamin A,0,mg/kg,Control,282,4,1,Male,Crj:CD(SD)IGS,0,,0,False,,True,True,False,no_finding_recorded
15348,/workspace/andre01/honzawa/02-playground/toxpatho-patch-selector/data/TGGATEs/WSI/Liver/29_day/15348.svs,29 day,vitamin A,0,mg/kg,Control,282,4,2,Male,Crj:CD(SD)IGS,0,,0,False,,True,True,False,no_finding_recorded
15357,/workspace/andre01/honzawa/02-playground/toxpatho-patch-selector/data/TGGATEs/WSI/Liver/29_day/15357.svs,29 day,vitamin A,0,mg/kg,Control,282,4,3,Male,Crj:CD(SD)IGS,0,,0,False,,True,True,False,no_finding_recorded
15365,/workspace/andre01/honzawa/02-playground/toxpatho-patch-selector/data/TGGATEs/WSI/Liver/29_day/15365.svs,29 day,vitamin A,0,mg/kg,Control,282,4,4,Male,Crj:CD(SD)IGS,0,,0,False,,True,True,False,no_finding_recorded
15370,/workspace/andre01/honzawa/02-playground/toxpatho-patch-selector/data/TGGATEs/WSI/Liver/29_day/15370.svs,29 day,vitamin A,0,mg/kg,Control,282,4,5,Male,Crj:CD(SD)IGS,0,,0,False,,True,True,False,no_finding_recorded
15377,/workspace/andre01/honzawa/02-playground/toxpatho-patch-selector/data/TGGATEs/WSI/Liver/4_day/15377.svs,4 day,vitamin A,10,mg/kg,Low,282,5,1,Male,Crj:CD(SD)IGS,0,,0,False,,True,True,False,no_finding_recorded
15382,/workspace/andre01/honzawa/02-playground/toxpatho-patch-selector/data/TGGATEs/WSI/Liver/4_day/15382.svs,4 day,vitamin A,10,mg/kg,Low,282,5,2,Male,Crj:CD(SD)IGS,0,,0,False,,True,True,False,no_finding_recorded
15387,/workspace/andre01/honzawa/02-playground/toxpatho-patch-selector/data/TGGATEs/WSI/Liver/4_day/15387.svs,4 day,vitamin A,10,mg/kg,Low,282,5,3,Male,Crj:CD(SD)IGS,0,,0,False,,True,True,False,no_finding_recorded
15398,/workspace/andre01/honzawa/02-playground/toxpatho-patch-selector/data/TGGATEs/WSI/Liver/4_day/15398.svs,4 day,vitamin A,10,mg/kg,Low,282,5,5,Male,Crj:CD(SD)IGS,0,,0,False,,True,True,False,no_finding_recorded
15405,/workspace/andre01/honzawa/02-playground/toxpatho-patch-selector/data/TGGATEs/WSI/Liver/8_day/15405.svs,8 day,vitamin A,10,mg/kg,Low,282,6,1,Male,Crj:CD(SD)IGS,0,,0,False,,True,True,False,no_finding_recorded
15410,/workspace/andre01/honzawa/02-playground/toxpatho-patch-selector/data/TGGATEs/WSI/Liver/8_day/15410.svs,8 day,vitamin A,10,mg/kg,Low,282,6,2,Male,Crj:CD(SD)IGS,0,,0,False,,True,True,False,no_finding_recorded
15415,/workspace/andre01/honzawa/02-playground/toxpatho-patch-selector/data/TGGATEs/WSI/Liver/8_day/15415.svs,8 day,vitamin A,10,mg/kg,Low,282,6,3,Male,Crj:CD(SD)IGS,0,,0,False,,True,True,False,no_finding_recorded
15419,/workspace/andre01/honzawa/02-playground/toxpatho-patch-selector/data/TGGATEs/WSI/Liver/8_day/15419.svs,8 day,vitamin A,10,mg/kg,Low,282,6,4,Male,Crj:CD(SD)IGS,0,,0,False,,True,True,False,no_finding_recorded
15425,/workspace/andre01/honzawa/02-playground/toxpatho-patch-selector/data/TGGATEs/WSI/Liver/8_day/15425.svs,8 day,vitamin A,10,mg/kg,Low,282,6,5,Male,Crj:CD(SD)IGS,0,,0,False,,True,True,False,no_finding_recorded
15431,/workspace/andre01/honzawa/02-playground/toxpatho-patch-selector/data/TGGATEs/WSI/Liver/15_day/15431.svs,15 day,vitamin A,10,mg/kg,Low,282,7,1,Male,Crj:CD(SD)IGS,2,2.0,2,True,slight,True,True,False,recorded_finding
15441,/workspace/andre01/honzawa/02-playground/toxpatho-patch-selector/data/TGGATEs/WSI/Liver/15_day/15441.svs,15 day,vitamin A,10,mg/kg,Low,282,7,3,Male,Crj:CD(SD)IGS,2,2.0,2,True,slight,True,True,False,recorded_finding
15446,/workspace/andre01/honzawa/02-playground/toxpatho-patch-selector/data/TGGATEs/WSI/Liver/15_day/15446.svs,15 day,vitamin A,10,mg/kg,Low,282,7,4,Male,Crj:CD(SD)IGS,2,2.0,2,True,slight,True,True,False,recorded_finding
15451,/workspace/andre01/honzawa/02-playground/toxpatho-patch-selector/data/TGGATEs/WSI/Liver/15_day/15451.svs,15 day,vitamin A,10,mg/kg,Low,282,7,5,Male,Crj:CD(SD)IGS,2,2.0,2,True,slight,True,True,False,recorded_finding
15459,/workspace/andre01/honzawa/02-playground/toxpatho-patch-selector/data/TGGATEs/WSI/Liver/29_day/15459.svs,29 day,vitamin A,10,mg/kg,Low,282,8,1,Male,Crj:CD(SD)IGS,2,2.0,2,True,slight,True,True,False,recorded_finding
15470,/workspace/andre01/honzawa/02-playground/toxpatho-patch-selector/data/TGGATEs/WSI/Liver/29_day/15470.svs,29 day,vitamin A,10,mg/kg,Low,282,8,2,Male,Crj:CD(SD)IGS,2,2.0,2,True,slight,True,True,False,recorded_finding
15478,/workspace/andre01/honzawa/02-playground/toxpatho-patch-selector/data/TGGATEs/WSI/Liver/29_day/15478.svs,29 day,vitamin A,10,mg/kg,Low,282,8,3,Male,Crj:CD(SD)IGS,2,2.0,2,True,slight,True,True,False,recorded_finding
15485,/workspace/andre01/honzawa/02-playground/toxpatho-patch-selector/data/TGGATEs/WSI/Liver/29_day/15485.svs,29 day,vitamin A,10,mg/kg,Low,282,8,4,Male,Crj:CD(SD)IGS,2,2.0,2,True,slight,True,True,False,recorded_finding
15500,/workspace/andre01/honzawa/02-playground/toxpatho-patch-selector/data/TGGATEs/WSI/Liver/4_day/15500.svs,4 day,vitamin A,30,mg/kg,Middle,282,9,1,Male,Crj:CD(SD)IGS,0,,0,False,,True,True,False,no_finding_recorded
15511,/workspace/andre01/honzawa/02-playground/toxpatho-patch-selector/data/TGGATEs/WSI/Liver/4_day/15511.svs,4 day,vitamin A,30,mg/kg,Middle,282,9,3,Male,Crj:CD(SD)IGS,0,,0,False,,True,True,False,no_finding_recorded
15520,/workspace/andre01/honzawa/02-playground/toxpatho-patch-selector/data/TGGATEs/WSI/Liver/4_day/15520.svs,4 day,vitamin A,30,mg/kg,Middle,282,9,4,Male,Crj:CD(SD)IGS,0,,0,False,,True,True,False,no_finding_recorded
15530,/workspace/andre01/honzawa/02-playground/toxpatho-patch-selector/data/TGGATEs/WSI/Liver/4_day/15530.svs,4 day,vitamin A,30,mg/kg,Middle,282,9,5,Male,Crj:CD(SD)IGS,2,2.0,2,True,slight,True,True,False,recorded_finding
15537,/workspace/andre01/honzawa/02-playground/toxpatho-patch-selector/data/TGGATEs/WSI/Liver/8_day/15537.svs,8 day,vitamin A,30,mg/kg,Middle,282,10,1,Male,Crj:CD(SD)IGS,2,2.0,2,True,slight,True,True,False,recorded_finding
15544,/workspace/andre01/honzawa/02-playground/toxpatho-patch-selector/data/TGGATEs/WSI/Liver/8_day/15544.svs,8 day,vitamin A,30,mg/kg,Middle,282,10,2,Male,Crj:CD(SD)IGS,0,,0,False,,True,True,False,no_finding_recorded
15552,/workspace/andre01/honzawa/02-playground/toxpatho-patch-selector/data/TGGATEs/WSI/Liver/8_day/15552.svs,8 day,vitamin A,30,mg/kg,Middle,282,10,3,Male,Crj:CD(SD)IGS,0,,0,False,,True,True,False,no_finding_recorded
15559,/workspace/andre01/honzawa/02-playground/toxpatho-patch-selector/data/TGGATEs/WSI/Liver/8_day/15559.svs,8 day,vitamin A,30,mg/kg,Middle,282,10,4,Male,Crj:CD(SD)IGS,0,,0,False,,True,True,False,no_finding_recorded
15568,/workspace/andre01/honzawa/02-playground/toxpatho-patch-selector/data/TGGATEs/WSI/Liver/8_day/15568.svs,8 day,vitamin A,30,mg/kg,Middle,282,10,5,Male,Crj:CD(SD)IGS,2,2.0,2,True,slight,True,True,False,recorded_finding
15578,/workspace/andre01/honzawa/02-playground/toxpatho-patch-selector/data/TGGATEs/WSI/Liver/15_day/15578.svs,15 day,vitamin A,30,mg/kg,Middle,282,11,1,Male,Crj:CD(SD)IGS,2,2.0,2,True,slight,True,True,False,recorded_finding
15583,/workspace/andre01/honzawa/02-playground/toxpatho-patch-selector/data/TGGATEs/WSI/Liver/15_day/15583.svs,15 day,vitamin A,30,mg/kg,Middle,282,11,2,Male,Crj:CD(SD)IGS,2,2.0,2,True,slight,True,True,False,recorded_finding
15588,/workspace/andre01/honzawa/02-playground/toxpatho-patch-selector/data/TGGATEs/WSI/Liver/15_day/15588.svs,15 day,vitamin A,30,mg/kg,Middle,282,11,3,Male,Crj:CD(SD)IGS,2,2.0,2,True,slight,True,True,False,recorded_finding
15593,/workspace/andre01/honzawa/02-playground/toxpatho-patch-selector/data/TGGATEs/WSI/Liver/15_day/15593.svs,15 day,vitamin A,30,mg/kg,Middle,282,11,4,Male,Crj:CD(SD)IGS,2,2.0,2,True,slight,True,True,False,recorded_finding
15599,/workspace/andre01/honzawa/02-playground/toxpatho-patch-selector/data/TGGATEs/WSI/Liver/15_day/15599.svs,15 day,vitamin A,30,mg/kg,Middle,282,11,5,Male,Crj:CD(SD)IGS,2,2.0,2,True,slight,True,True,False,recorded_finding
15604,/workspace/andre01/honzawa/02-playground/toxpatho-patch-selector/data/TGGATEs/WSI/Liver/29_day/15604.svs,29 day,vitamin A,30,mg/kg,Middle,282,12,1,Male,Crj:CD(SD)IGS,2,3.0,2,True,moderate,True,True,False,recorded_finding
15611,/workspace/andre01/honzawa/02-playground/toxpatho-patch-selector/data/TGGATEs/WSI/Liver/29_day/15611.svs,29 day,vitamin A,30,mg/kg,Middle,282,12,2,Male,Crj:CD(SD)IGS,2,2.0,2,True,slight,True,True,False,recorded_finding
15616,/workspace/andre01/honzawa/02-playground/toxpatho-patch-selector/data/TGGATEs/WSI/Liver/29_day/15616.svs,29 day,vitamin A,30,mg/kg,Middle,282,12,3,Male,Crj:CD(SD)IGS,2,3.0,2,True,moderate,True,True,False,recorded_finding
15623,/workspace/andre01/honzawa/02-playground/toxpatho-patch-selector/data/TGGATEs/WSI/Liver/29_day/15623.svs,29 day,vitamin A,30,mg/kg,Middle,282,12,4,Male,Crj:CD(SD)IGS,2,2.0,2,True,slight,True,True,False,recorded_finding
15629,/workspace/andre01/honzawa/02-playground/toxpatho-patch-selector/data/TGGATEs/WSI/Liver/29_day/15629.svs,29 day,vitamin A,30,mg/kg,Middle,282,12,5,Male,Crj:CD(SD)IGS,2,2.0,2,True,slight,True,True,False,recorded_finding
15635,/workspace/andre01/honzawa/02-playground/toxpatho-patch-selector/data/TGGATEs/WSI/Liver/4_day/15635.svs,4 day,vitamin A,100,mg/kg,High,282,13,1,Male,Crj:CD(SD)IGS,0,,0,False,,True,True,False,no_finding_recorded
15644,/workspace/andre01/honzawa/02-playground/toxpatho-patch-selector/data/TGGATEs/WSI/Liver/4_day/15644.svs,4 day,vitamin A,100,mg/kg,High,282,13,2,Male,Crj:CD(SD)IGS,2,2.0,2,True,slight,True,True,False,recorded_finding
15651,/workspace/andre01/honzawa/02-playground/toxpatho-patch-selector/data/TGGATEs/WSI/Liver/4_day/15651.svs,4 day,vitamin A,100,mg/kg,High,282,13,3,Male,Crj:CD(SD)IGS,0,,0,False,,True,True,False,no_finding_recorded
15658,/workspace/andre01/honzawa/02-playground/toxpatho-patch-selector/data/TGGATEs/WSI/Liver/4_day/15658.svs,4 day,vitamin A,100,mg/kg,High,282,13,4,Male,Crj:CD(SD)IGS,2,2.0,2,True,slight,True,True,False,recorded_finding
15666,/workspace/andre01/honzawa/02-playground/toxpatho-patch-selector/data/TGGATEs/WSI/Liver/4_day/15666.svs,4 day,vitamin A,100,mg/kg,High,282,13,5,Male,Crj:CD(SD)IGS,2,2.0,2,True,slight,True,True,False,recorded_finding
15671,/workspace/andre01/honzawa/02-playground/toxpatho-patch-selector/data/TGGATEs/WSI/Liver/8_day/15671.svs,8 day,vitamin A,100,mg/kg,High,282,14,1,Male,Crj:CD(SD)IGS,2,2.0,2,True,slight,True,True,False,recorded_finding
15679,/workspace/andre01/honzawa/02-playground/toxpatho-patch-selector/data/TGGATEs/WSI/Liver/8_day/15679.svs,8 day,vitamin A,100,mg/kg,High,282,14,2,Male,Crj:CD(SD)IGS,2,2.0,2,True,slight,True,True,False,recorded_finding
15687,/workspace/andre01/honzawa/02-playground/toxpatho-patch-selector/data/TGGATEs/WSI/Liver/8_day/15687.svs,8 day,vitamin A,100,mg/kg,High,282,14,3,Male,Crj:CD(SD)IGS,2,2.0,2,True,slight,True,True,False,recorded_finding
15696,/workspace/andre01/honzawa/02-playground/toxpatho-patch-selector/data/TGGATEs/WSI/Liver/8_day/15696.svs,8 day,vitamin A,100,mg/kg,High,282,14,4,Male,Crj:CD(SD)IGS,2,2.0,2,True,slight,True,True,False,recorded_finding
15701,/workspace/andre01/honzawa/02-playground/toxpatho-patch-selector/data/TGGATEs/WSI/Liver/8_day/15701.svs,8 day,vitamin A,100,mg/kg,High,282,14,5,Male,Crj:CD(SD)IGS,2,2.0,2,True,slight,True,True,False,recorded_finding
15707,/workspace/andre01/honzawa/02-playground/toxpatho-patch-selector/data/TGGATEs/WSI/Liver/15_day/15707.svs,15 day,vitamin A,100,mg/kg,High,282,15,1,Male,Crj:CD(SD)IGS,2,3.0,2,True,moderate,True,True,False,recorded_finding
15711,/workspace/andre01/honzawa/02-playground/toxpatho-patch-selector/data/TGGATEs/WSI/Liver/15_day/15711.svs,15 day,vitamin A,100,mg/kg,High,282,15,2,Male,Crj:CD(SD)IGS,2,4.0,2,True,severe,True,True,False,recorded_finding
15716,/workspace/andre01/honzawa/02-playground/toxpatho-patch-selector/data/TGGATEs/WSI/Liver/15_day/15716.svs,15 day,vitamin A,100,mg/kg,High,282,15,3,Male,Crj:CD(SD)IGS,2,4.0,2,True,severe,True,True,False,recorded_finding
15721,/workspace/andre01/honzawa/02-playground/toxpatho-patch-selector/data/TGGATEs/WSI/Liver/15_day/15721.svs,15 day,vitamin A,100,mg/kg,High,282,15,4,Male,Crj:CD(SD)IGS,2,4.0,2,True,severe,True,True,False,recorded_finding
15726,/workspace/andre01/honzawa/02-playground/toxpatho-patch-selector/data/TGGATEs/WSI/Liver/15_day/15726.svs,15 day,vitamin A,100,mg/kg,High,282,15,5,Male,Crj:CD(SD)IGS,2,4.0,2,True,severe,True,True,False,recorded_finding
15733,/workspace/andre01/honzawa/02-playground/toxpatho-patch-selector/data/TGGATEs/WSI/Liver/29_day/15733.svs,29 day,vitamin A,100,mg/kg,High,282,16,3,Male,Crj:CD(SD)IGS,2,4.0,2,True,severe,True,True,False,recorded_finding
15740,/workspace/andre01/honzawa/02-playground/toxpatho-patch-selector/data/TGGATEs/WSI/Liver/29_day/15740.svs,29 day,vitamin A,100,mg/kg,High,282,16,4,Male,Crj:CD(SD)IGS,2,4.0,2,True,severe,True,True,False,recorded_finding
15750,/workspace/andre01/honzawa/02-playground/toxpatho-patch-selector/data/TGGATEs/WSI/Liver/29_day/15750.svs,29 day,vitamin A,100,mg/kg,High,282,16,1,Male,Crj:CD(SD)IGS,2,4.0,2,True,severe,True,True,False,recorded_finding
19520,/workspace/andre01/honzawa/02-playground/toxpatho-patch-selector/data/TGGATEs/WSI/Liver/4_day/19520.svs,4 day,ibuprofen,0,mg/kg,Control,346,1,1,Male,Crj:CD(SD)IGS,0,,0,False,,True,True,False,no_finding_recorded
19525,/workspace/andre01/honzawa/02-playground/toxpatho-patch-selector/data/TGGATEs/WSI/Liver/4_day/19525.svs,4 day,ibuprofen,0,mg/kg,Control,346,1,2,Male,Crj:CD(SD)IGS,0,,0,False,,True,True,False,no_finding_recorded
19530,/workspace/andre01/honzawa/02-playground/toxpatho-patch-selector/data/TGGATEs/WSI/Liver/4_day/19530.svs,4 day,ibuprofen,0,mg/kg,Control,346,1,3,Male,Crj:CD(SD)IGS,0,,0,False,,True,True,False,no_finding_recorded
19535,/workspace/andre01/honzawa/02-playground/toxpatho-patch-selector/data/TGGATEs/WSI/Liver/4_day/19535.svs,4 day,ibuprofen,0,mg/kg,Control,346,1,4,Male,Crj:CD(SD)IGS,0,,0,False,,True,True,False,no_finding_recorded
19540,/workspace/andre01/honzawa/02-playground/toxpatho-patch-selector/data/TGGATEs/WSI/Liver/4_day/19540.svs,4 day,ibuprofen,0,mg/kg,Control,346,1,5,Male,Crj:CD(SD)IGS,0,,0,False,,True,True,False,no_finding_recorded
19545,/workspace/andre01/honzawa/02-playground/toxpatho-patch-selector/data/TGGATEs/WSI/Liver/8_day/19545.svs,8 day,ibuprofen,0,mg/kg,Control,346,2,1,Male,Crj:CD(SD)IGS,0,,0,False,,True,True,False,no_finding_recorded
19550,/workspace/andre01/honzawa/02-playground/toxpatho-patch-selector/data/TGGATEs/WSI/Liver/8_day/19550.svs,8 day,ibuprofen,0,mg/kg,Control,346,2,2,Male,Crj:CD(SD)IGS,0,,0,False,,True,True,False,no_finding_recorded
19555,/workspace/andre01/honzawa/02-playground/toxpatho-patch-selector/data/TGGATEs/WSI/Liver/8_day/19555.svs,8 day,ibuprofen,0,mg/kg,Control,346,2,3,Male,Crj:CD(SD)IGS,0,,0,False,,True,True,False,no_finding_recorded
19561,/workspace/andre01/honzawa/02-playground/toxpatho-patch-selector/data/TGGATEs/WSI/Liver/8_day/19561.svs,8 day,ibuprofen,0,mg/kg,Control,346,2,4,Male,Crj:CD(SD)IGS,0,,0,False,,True,True,False,no_finding_recorded
19566,/workspace/andre01/honzawa/02-playground/toxpatho-patch-selector/data/TGGATEs/WSI/Liver/8_day/19566.svs,8 day,ibuprofen,0,mg/kg,Control,346,2,5,Male,Crj:CD(SD)IGS,0,,0,False,,True,True,False,no_finding_recorded
19571,/workspace/andre01/honzawa/02-playground/toxpatho-patch-selector/data/TGGATEs/WSI/Liver/15_day/19571.svs,15 day,ibuprofen,0,mg/kg,Control,346,3,1,Male,Crj:CD(SD)IGS,0,,0,False,,True,True,False,no_finding_recorded
19575,/workspace/andre01/honzawa/02-playground/toxpatho-patch-selector/data/TGGATEs/WSI/Liver/15_day/19575.svs,15 day,ibuprofen,0,mg/kg,Control,346,3,2,Male,Crj:CD(SD)IGS,0,,0,False,,True,True,False,no_finding_recorded
19580,/workspace/andre01/honzawa/02-playground/toxpatho-patch-selector/data/TGGATEs/WSI/Liver/15_day/19580.svs,15 day,ibuprofen,0,mg/kg,Control,346,3,3,Male,Crj:CD(SD)IGS,0,,0,False,,True,True,False,no_finding_recorded
19585,/workspace/andre01/honzawa/02-playground/toxpatho-patch-selector/data/TGGATEs/WSI/Liver/15_day/19585.svs,15 day,ibuprofen,0,mg/kg,Control,346,3,4,Male,Crj:CD(SD)IGS,0,,0,False,,True,True,False,no_finding_recorded
19590,/workspace/andre01/honzawa/02-playground/toxpatho-patch-selector/data/TGGATEs/WSI/Liver/15_day/19590.svs,15 day,ibuprofen,0,mg/kg,Control,346,3,5,Male,Crj:CD(SD)IGS,0,,0,False,,True,True,False,no_finding_recorded
19594,/workspace/andre01/honzawa/02-playground/toxpatho-patch-selector/data/TGGATEs/WSI/Liver/29_day/19594.svs,29 day,ibuprofen,0,mg/kg,Control,346,4,1,Male,Crj:CD(SD)IGS,0,,0,False,,True,True,False,no_finding_recorded
19599,/workspace/andre01/honzawa/02-playground/toxpatho-patch-selector/data/TGGATEs/WSI/Liver/29_day/19599.svs,29 day,ibuprofen,0,mg/kg,Control,346,4,2,Male,Crj:CD(SD)IGS,0,,0,False,,True,True,False,no_finding_recorded
19604,/workspace/andre01/honzawa/02-playground/toxpatho-patch-selector/data/TGGATEs/WSI/Liver/29_day/19604.svs,29 day,ibuprofen,0,mg/kg,Control,346,4,3,Male,Crj:CD(SD)IGS,0,,0,False,,True,True,False,no_finding_recorded
19608,/workspace/andre01/honzawa/02-playground/toxpatho-patch-selector/data/TGGATEs/WSI/Liver/29_day/19608.svs,29 day,ibuprofen,0,mg/kg,Control,346,4,4,Male,Crj:CD(SD)IGS,0,,0,False,,True,True,False,no_finding_recorded
19613,/workspace/andre01/honzawa/02-playground/toxpatho-patch-selector/data/TGGATEs/WSI/Liver/29_day/19613.svs,29 day,ibuprofen,0,mg/kg,Control,346,4,5,Male,Crj:CD(SD)IGS,0,,0,False,,True,True,False,no_finding_recorded
19618,/workspace/andre01/honzawa/02-playground/toxpatho-patch-selector/data/TGGATEs/WSI/Liver/4_day/19618.svs,4 day,ibuprofen,20,mg/kg,Low,346,5,1,Male,Crj:CD(SD)IGS,0,,0,False,,True,True,False,no_finding_recorded
19622,/workspace/andre01/honzawa/02-playground/toxpatho-patch-selector/data/TGGATEs/WSI/Liver/4_day/19622.svs,4 day,ibuprofen,20,mg/kg,Low,346,5,2,Male,Crj:CD(SD)IGS,0,,0,False,,True,True,False,no_finding_recorded
19627,/workspace/andre01/honzawa/02-playground/toxpatho-patch-selector/data/TGGATEs/WSI/Liver/4_day/19627.svs,4 day,ibuprofen,20,mg/kg,Low,346,5,3,Male,Crj:CD(SD)IGS,0,,0,False,,True,True,False,no_finding_recorded
19631,/workspace/andre01/honzawa/02-playground/toxpatho-patch-selector/data/TGGATEs/WSI/Liver/4_day/19631.svs,4 day,ibuprofen,20,mg/kg,Low,346,5,4,Male,Crj:CD(SD)IGS,0,,0,False,,True,True,False,no_finding_recorded
19636,/workspace/andre01/honzawa/02-playground/toxpatho-patch-selector/data/TGGATEs/WSI/Liver/4_day/19636.svs,4 day,ibuprofen,20,mg/kg,Low,346,5,5,Male,Crj:CD(SD)IGS,0,,0,False,,True,True,False,no_finding_recorded
19640,/workspace/andre01/honzawa/02-playground/toxpatho-patch-selector/data/TGGATEs/WSI/Liver/8_day/19640.svs,8 day,ibuprofen,20,mg/kg,Low,346,6,1,Male,Crj:CD(SD)IGS,0,,0,False,,True,True,False,no_finding_recorded
19645,/workspace/andre01/honzawa/02-playground/toxpatho-patch-selector/data/TGGATEs/WSI/Liver/8_day/19645.svs,8 day,ibuprofen,20,mg/kg,Low,346,6,2,Male,Crj:CD(SD)IGS,0,,0,False,,True,True,False,no_finding_recorded
19650,/workspace/andre01/honzawa/02-playground/toxpatho-patch-selector/data/TGGATEs/WSI/Liver/8_day/19650.svs,8 day,ibuprofen,20,mg/kg,Low,346,6,3,Male,Crj:CD(SD)IGS,0,,0,False,,True,True,False,no_finding_recorded
19654,/workspace/andre01/honzawa/02-playground/toxpatho-patch-selector/data/TGGATEs/WSI/Liver/8_day/19654.svs,8 day,ibuprofen,20,mg/kg,Low,346,6,4,Male,Crj:CD(SD)IGS,0,,0,False,,True,True,False,no_finding_recorded
19659,/workspace/andre01/honzawa/02-playground/toxpatho-patch-selector/data/TGGATEs/WSI/Liver/8_day/19659.svs,8 day,ibuprofen,20,mg/kg,Low,346,6,5,Male,Crj:CD(SD)IGS,0,,0,False,,True,True,False,no_finding_recorded
19663,/workspace/andre01/honzawa/02-playground/toxpatho-patch-selector/data/TGGATEs/WSI/Liver/15_day/19663.svs,15 day,ibuprofen,20,mg/kg,Low,346,7,1,Male,Crj:CD(SD)IGS,0,,0,False,,True,True,False,no_finding_recorded
19668,/workspace/andre01/honzawa/02-playground/toxpatho-patch-selector/data/TGGATEs/WSI/Liver/15_day/19668.svs,15 day,ibuprofen,20,mg/kg,Low,346,7,2,Male,Crj:CD(SD)IGS,0,,0,False,,True,True,False,no_finding_recorded
19673,/workspace/andre01/honzawa/02-playground/toxpatho-patch-selector/data/TGGATEs/WSI/Liver/15_day/19673.svs,15 day,ibuprofen,20,mg/kg,Low,346,7,3,Male,Crj:CD(SD)IGS,0,,0,False,,True,True,False,no_finding_recorded
19677,/workspace/andre01/honzawa/02-playground/toxpatho-patch-selector/data/TGGATEs/WSI/Liver/15_day/19677.svs,15 day,ibuprofen,20,mg/kg,Low,346,7,4,Male,Crj:CD(SD)IGS,0,,0,False,,True,True,False,no_finding_recorded
19682,/workspace/andre01/honzawa/02-playground/toxpatho-patch-selector/data/TGGATEs/WSI/Liver/15_day/19682.svs,15 day,ibuprofen,20,mg/kg,Low,346,7,5,Male,Crj:CD(SD)IGS,0,,0,False,,True,True,False,no_finding_recorded
19686,/workspace/andre01/honzawa/02-playground/toxpatho-patch-selector/data/TGGATEs/WSI/Liver/29_day/19686.svs,29 day,ibuprofen,20,mg/kg,Low,346,8,1,Male,Crj:CD(SD)IGS,0,,0,False,,True,True,False,no_finding_recorded
19691,/workspace/andre01/honzawa/02-playground/toxpatho-patch-selector/data/TGGATEs/WSI/Liver/29_day/19691.svs,29 day,ibuprofen,20,mg/kg,Low,346,8,2,Male,Crj:CD(SD)IGS,1,,1,True,,True,True,False,recorded_finding
19696,/workspace/andre01/honzawa/02-playground/toxpatho-patch-selector/data/TGGATEs/WSI/Liver/29_day/19696.svs,29 day,ibuprofen,20,mg/kg,Low,346,8,3,Male,Crj:CD(SD)IGS,0,,0,False,,True,True,False,no_finding_recorded
19701,/workspace/andre01/honzawa/02-playground/toxpatho-patch-selector/data/TGGATEs/WSI/Liver/29_day/19701.svs,29 day,ibuprofen,20,mg/kg,Low,346,8,4,Male,Crj:CD(SD)IGS,0,,0,False,,True,True,False,no_finding_recorded
19706,/workspace/andre01/honzawa/02-playground/toxpatho-patch-selector/data/TGGATEs/WSI/Liver/29_day/19706.svs,29 day,ibuprofen,20,mg/kg,Low,346,8,5,Male,Crj:CD(SD)IGS,0,,0,False,,True,True,False,no_finding_recorded
19710,/workspace/andre01/honzawa/02-playground/toxpatho-patch-selector/data/TGGATEs/WSI/Liver/4_day/19710.svs,4 day,ibuprofen,60,mg/kg,Middle,346,9,1,Male,Crj:CD(SD)IGS,0,,0,False,,True,True,False,no_finding_recorded
19715,/workspace/andre01/honzawa/02-playground/toxpatho-patch-selector/data/TGGATEs/WSI/Liver/4_day/19715.svs,4 day,ibuprofen,60,mg/kg,Middle,346,9,2,Male,Crj:CD(SD)IGS,0,,0,False,,True,True,False,no_finding_recorded
19719,/workspace/andre01/honzawa/02-playground/toxpatho-patch-selector/data/TGGATEs/WSI/Liver/4_day/19719.svs,4 day,ibuprofen,60,mg/kg,Middle,346,9,3,Male,Crj:CD(SD)IGS,0,,0,False,,True,True,False,no_finding_recorded
19724,/workspace/andre01/honzawa/02-playground/toxpatho-patch-selector/data/TGGATEs/WSI/Liver/4_day/19724.svs,4 day,ibuprofen,60,mg/kg,Middle,346,9,4,Male,Crj:CD(SD)IGS,0,,0,False,,True,True,False,no_finding_recorded
19728,/workspace/andre01/honzawa/02-playground/toxpatho-patch-selector/data/TGGATEs/WSI/Liver/4_day/19728.svs,4 day,ibuprofen,60,mg/kg,Middle,346,9,5,Male,Crj:CD(SD)IGS,0,,0,False,,True,True,False,no_finding_recorded
19732,/workspace/andre01/honzawa/02-playground/toxpatho-patch-selector/data/TGGATEs/WSI/Liver/8_day/19732.svs,8 day,ibuprofen,60,mg/kg,Middle,346,10,1,Male,Crj:CD(SD)IGS,0,,0,False,,True,True,False,no_finding_recorded
19737,/workspace/andre01/honzawa/02-playground/toxpatho-patch-selector/data/TGGATEs/WSI/Liver/8_day/19737.svs,8 day,ibuprofen,60,mg/kg,Middle,346,10,2,Male,Crj:CD(SD)IGS,0,,0,False,,True,True,False,no_finding_recorded
19743,/workspace/andre01/honzawa/02-playground/toxpatho-patch-selector/data/TGGATEs/WSI/Liver/8_day/19743.svs,8 day,ibuprofen,60,mg/kg,Middle,346,10,3,Male,Crj:CD(SD)IGS,0,,0,False,,True,True,False,no_finding_recorded
19748,/workspace/andre01/honzawa/02-playground/toxpatho-patch-selector/data/TGGATEs/WSI/Liver/8_day/19748.svs,8 day,ibuprofen,60,mg/kg,Middle,346,10,4,Male,Crj:CD(SD)IGS,0,,0,False,,True,True,False,no_finding_recorded
19754,/workspace/andre01/honzawa/02-playground/toxpatho-patch-selector/data/TGGATEs/WSI/Liver/8_day/19754.svs,8 day,ibuprofen,60,mg/kg,Middle,346,10,5,Male,Crj:CD(SD)IGS,0,,0,False,,True,True,False,no_finding_recorded
19759,/workspace/andre01/honzawa/02-playground/toxpatho-patch-selector/data/TGGATEs/WSI/Liver/15_day/19759.svs,15 day,ibuprofen,60,mg/kg,Middle,346,11,1,Male,Crj:CD(SD)IGS,0,,0,False,,True,True,False,no_finding_recorded
19763,/workspace/andre01/honzawa/02-playground/toxpatho-patch-selector/data/TGGATEs/WSI/Liver/15_day/19763.svs,15 day,ibuprofen,60,mg/kg,Middle,346,11,2,Male,Crj:CD(SD)IGS,0,,0,False,,True,True,False,no_finding_recorded
19768,/workspace/andre01/honzawa/02-playground/toxpatho-patch-selector/data/TGGATEs/WSI/Liver/15_day/19768.svs,15 day,ibuprofen,60,mg/kg,Middle,346,11,3,Male,Crj:CD(SD)IGS,0,,0,False,,True,True,False,no_finding_recorded
19772,/workspace/andre01/honzawa/02-playground/toxpatho-patch-selector/data/TGGATEs/WSI/Liver/15_day/19772.svs,15 day,ibuprofen,60,mg/kg,Middle,346,11,4,Male,Crj:CD(SD)IGS,0,,0,False,,True,True,False,no_finding_recorded
19779,/workspace/andre01/honzawa/02-playground/toxpatho-patch-selector/data/TGGATEs/WSI/Liver/15_day/19779.svs,15 day,ibuprofen,60,mg/kg,Middle,346,11,5,Male,Crj:CD(SD)IGS,0,,0,False,,True,True,False,no_finding_recorded
19783,/workspace/andre01/honzawa/02-playground/toxpatho-patch-selector/data/TGGATEs/WSI/Liver/29_day/19783.svs,29 day,ibuprofen,60,mg/kg,Middle,346,12,1,Male,Crj:CD(SD)IGS,0,,0,False,,True,True,False,no_finding_recorded
19789,/workspace/andre01/honzawa/02-playground/toxpatho-patch-selector/data/TGGATEs/WSI/Liver/29_day/19789.svs,29 day,ibuprofen,60,mg/kg,Middle,346,12,2,Male,Crj:CD(SD)IGS,0,,0,False,,True,True,False,no_finding_recorded
19796,/workspace/andre01/honzawa/02-playground/toxpatho-patch-selector/data/TGGATEs/WSI/Liver/29_day/19796.svs,29 day,ibuprofen,60,mg/kg,Middle,346,12,3,Male,Crj:CD(SD)IGS,0,,0,False,,True,True,False,no_finding_recorded
19801,/workspace/andre01/honzawa/02-playground/toxpatho-patch-selector/data/TGGATEs/WSI/Liver/29_day/19801.svs,29 day,ibuprofen,60,mg/kg,Middle,346,12,4,Male,Crj:CD(SD)IGS,0,,0,False,,True,True,False,no_finding_recorded
19807,/workspace/andre01/honzawa/02-playground/toxpatho-patch-selector/data/TGGATEs/WSI/Liver/29_day/19807.svs,29 day,ibuprofen,60,mg/kg,Middle,346,12,5,Male,Crj:CD(SD)IGS,0,,0,False,,True,True,False,no_finding_recorded
19814,/workspace/andre01/honzawa/02-playground/toxpatho-patch-selector/data/TGGATEs/WSI/Liver/4_day/19814.svs,4 day,ibuprofen,200,mg/kg,High,346,13,1,Male,Crj:CD(SD)IGS,0,,0,False,,True,True,False,no_finding_recorded
19821,/workspace/andre01/honzawa/02-playground/toxpatho-patch-selector/data/TGGATEs/WSI/Liver/4_day/19821.svs,4 day,ibuprofen,200,mg/kg,High,346,13,2,Male,Crj:CD(SD)IGS,0,,0,False,,True,True,False,no_finding_recorded
19827,/workspace/andre01/honzawa/02-playground/toxpatho-patch-selector/data/TGGATEs/WSI/Liver/4_day/19827.svs,4 day,ibuprofen,200,mg/kg,High,346,13,3,Male,Crj:CD(SD)IGS,0,,0,False,,True,True,False,no_finding_recorded
19835,/workspace/andre01/honzawa/02-playground/toxpatho-patch-selector/data/TGGATEs/WSI/Liver/4_day/19835.svs,4 day,ibuprofen,200,mg/kg,High,346,13,4,Male,Crj:CD(SD)IGS,0,,0,False,,True,True,False,no_finding_recorded
19843,/workspace/andre01/honzawa/02-playground/toxpatho-patch-selector/data/TGGATEs/WSI/Liver/4_day/19843.svs,4 day,ibuprofen,200,mg/kg,High,346,13,5,Male,Crj:CD(SD)IGS,0,,0,False,,True,True,False,no_finding_recorded
19848,/workspace/andre01/honzawa/02-playground/toxpatho-patch-selector/data/TGGATEs/WSI/Liver/8_day/19848.svs,8 day,ibuprofen,200,mg/kg,High,346,14,1,Male,Crj:CD(SD)IGS,1,3.0,1,True,moderate,True,True,False,recorded_finding
19855,/workspace/andre01/honzawa/02-playground/toxpatho-patch-selector/data/TGGATEs/WSI/Liver/8_day/19855.svs,8 day,ibuprofen,200,mg/kg,High,346,14,2,Male,Crj:CD(SD)IGS,1,2.0,1,True,slight,True,True,False,recorded_finding
19860,/workspace/andre01/honzawa/02-playground/toxpatho-patch-selector/data/TGGATEs/WSI/Liver/8_day/19860.svs,8 day,ibuprofen,200,mg/kg,High,346,14,3,Male,Crj:CD(SD)IGS,1,2.0,1,True,slight,True,True,False,recorded_finding
19865,/workspace/andre01/honzawa/02-playground/toxpatho-patch-selector/data/TGGATEs/WSI/Liver/8_day/19865.svs,8 day,ibuprofen,200,mg/kg,High,346,14,4,Male,Crj:CD(SD)IGS,1,2.0,1,True,slight,True,True,False,recorded_finding
19870,/workspace/andre01/honzawa/02-playground/toxpatho-patch-selector/data/TGGATEs/WSI/Liver/8_day/19870.svs,8 day,ibuprofen,200,mg/kg,High,346,14,5,Male,Crj:CD(SD)IGS,1,2.0,1,True,slight,True,True,False,recorded_finding
19875,/workspace/andre01/honzawa/02-playground/toxpatho-patch-selector/data/TGGATEs/WSI/Liver/15_day/19875.svs,15 day,ibuprofen,200,mg/kg,High,346,15,1,Male,Crj:CD(SD)IGS,1,2.0,1,True,slight,True,True,False,recorded_finding
19880,/workspace/andre01/honzawa/02-playground/toxpatho-patch-selector/data/TGGATEs/WSI/Liver/15_day/19880.svs,15 day,ibuprofen,200,mg/kg,High,346,15,2,Male,Crj:CD(SD)IGS,1,2.0,1,True,slight,True,True,False,recorded_finding
19888,/workspace/andre01/honzawa/02-playground/toxpatho-patch-selector/data/TGGATEs/WSI/Liver/15_day/19888.svs,15 day,ibuprofen,200,mg/kg,High,346,15,4,Male,Crj:CD(SD)IGS,1,2.0,1,True,slight,True,True,False,recorded_finding
19892,/workspace/andre01/honzawa/02-playground/toxpatho-patch-selector/data/TGGATEs/WSI/Liver/15_day/19892.svs,15 day,ibuprofen,200,mg/kg,High,346,15,5,Male,Crj:CD(SD)IGS,1,2.0,1,True,slight,True,True,False,recorded_finding
19897,/workspace/andre01/honzawa/02-playground/toxpatho-patch-selector/data/TGGATEs/WSI/Liver/29_day/19897.svs,29 day,ibuprofen,200,mg/kg,High,346,16,2,Male,Crj:CD(SD)IGS,1,2.0,1,True,slight,True,True,False,recorded_finding
19899,/workspace/andre01/honzawa/02-playground/toxpatho-patch-selector/data/TGGATEs/WSI/Liver/29_day/19899.svs,29 day,ibuprofen,200,mg/kg,High,346,16,3,Male,Crj:CD(SD)IGS,1,2.0,1,True,slight,True,True,False,recorded_finding
19904,/workspace/andre01/honzawa/02-playground/toxpatho-patch-selector/data/TGGATEs/WSI/Liver/29_day/19904.svs,29 day,ibuprofen,200,mg/kg,High,346,16,4,Male,Crj:CD(SD)IGS,1,2.0,1,True,slight,True,True,False,recorded_finding
19909,/workspace/andre01/honzawa/02-playground/toxpatho-patch-selector/data/TGGATEs/WSI/Liver/29_day/19909.svs,29 day,ibuprofen,200,mg/kg,High,346,16,5,Male,Crj:CD(SD)IGS,1,2.0,1,True,slight,True,True,False,recorded_finding
20265,/workspace/andre01/honzawa/02-playground/toxpatho-patch-selector/data/TGGATEs/WSI/Liver/4_day/20265.svs,4 day,mefenamic acid,0,mg/kg,Control,378,1,1,Male,Crj:CD(SD)IGS,0,,0,False,,True,True,False,no_finding_recorded
20268,/workspace/andre01/honzawa/02-playground/toxpatho-patch-selector/data/TGGATEs/WSI/Liver/4_day/20268.svs,4 day,mefenamic acid,0,mg/kg,Control,378,1,2,Male,Crj:CD(SD)IGS,0,,0,False,,True,True,False,no_finding_recorded
20271,/workspace/andre01/honzawa/02-playground/toxpatho-patch-selector/data/TGGATEs/WSI/Liver/4_day/20271.svs,4 day,mefenamic acid,0,mg/kg,Control,378,1,3,Male,Crj:CD(SD)IGS,0,,0,False,,True,True,False,no_finding_recorded
20274,/workspace/andre01/honzawa/02-playground/toxpatho-patch-selector/data/TGGATEs/WSI/Liver/4_day/20274.svs,4 day,mefenamic acid,0,mg/kg,Control,378,1,4,Male,Crj:CD(SD)IGS,0,,0,False,,True,True,False,no_finding_recorded
20276,/workspace/andre01/honzawa/02-playground/toxpatho-patch-selector/data/TGGATEs/WSI/Liver/4_day/20276.svs,4 day,mefenamic acid,0,mg/kg,Control,378,1,5,Male,Crj:CD(SD)IGS,0,,0,False,,True,True,False,no_finding_recorded
20278,/workspace/andre01/honzawa/02-playground/toxpatho-patch-selector/data/TGGATEs/WSI/Liver/4_day/20278.svs,4 day,mefenamic acid,30,mg/kg,Low,378,5,1,Male,Crj:CD(SD)IGS,0,,0,False,,True,True,False,no_finding_recorded
20281,/workspace/andre01/honzawa/02-playground/toxpatho-patch-selector/data/TGGATEs/WSI/Liver/4_day/20281.svs,4 day,mefenamic acid,30,mg/kg,Low,378,5,2,Male,Crj:CD(SD)IGS,0,,0,False,,True,True,False,no_finding_recorded
20283,/workspace/andre01/honzawa/02-playground/toxpatho-patch-selector/data/TGGATEs/WSI/Liver/4_day/20283.svs,4 day,mefenamic acid,30,mg/kg,Low,378,5,3,Male,Crj:CD(SD)IGS,0,,0,False,,True,True,False,no_finding_recorded
20286,/workspace/andre01/honzawa/02-playground/toxpatho-patch-selector/data/TGGATEs/WSI/Liver/4_day/20286.svs,4 day,mefenamic acid,30,mg/kg,Low,378,5,4,Male,Crj:CD(SD)IGS,0,,0,False,,True,True,False,no_finding_recorded
20288,/workspace/andre01/honzawa/02-playground/toxpatho-patch-selector/data/TGGATEs/WSI/Liver/4_day/20288.svs,4 day,mefenamic acid,30,mg/kg,Low,378,5,5,Male,Crj:CD(SD)IGS,0,,0,False,,True,True,False,no_finding_recorded
20290,/workspace/andre01/honzawa/02-playground/toxpatho-patch-selector/data/TGGATEs/WSI/Liver/4_day/20290.svs,4 day,mefenamic acid,100,mg/kg,Middle,378,9,1,Male,Crj:CD(SD)IGS,0,,0,False,,True,True,False,no_finding_recorded
20293,/workspace/andre01/honzawa/02-playground/toxpatho-patch-selector/data/TGGATEs/WSI/Liver/4_day/20293.svs,4 day,mefenamic acid,100,mg/kg,Middle,378,9,2,Male,Crj:CD(SD)IGS,0,,0,False,,True,True,False,no_finding_recorded
20296,/workspace/andre01/honzawa/02-playground/toxpatho-patch-selector/data/TGGATEs/WSI/Liver/4_day/20296.svs,4 day,mefenamic acid,100,mg/kg,Middle,378,9,3,Male,Crj:CD(SD)IGS,0,,0,False,,True,True,False,no_finding_recorded
20298,/workspace/andre01/honzawa/02-playground/toxpatho-patch-selector/data/TGGATEs/WSI/Liver/4_day/20298.svs,4 day,mefenamic acid,100,mg/kg,Middle,378,9,4,Male,Crj:CD(SD)IGS,0,,0,False,,True,True,False,no_finding_recorded
20302,/workspace/andre01/honzawa/02-playground/toxpatho-patch-selector/data/TGGATEs/WSI/Liver/4_day/20302.svs,4 day,mefenamic acid,100,mg/kg,Middle,378,9,5,Male,Crj:CD(SD)IGS,0,,0,False,,True,True,False,no_finding_recorded
20305,/workspace/andre01/honzawa/02-playground/toxpatho-patch-selector/data/TGGATEs/WSI/Liver/4_day/20305.svs,4 day,mefenamic acid,300,mg/kg,High,378,13,1,Male,Crj:CD(SD)IGS,0,,0,False,,True,True,False,no_finding_recorded
20307,/workspace/andre01/honzawa/02-playground/toxpatho-patch-selector/data/TGGATEs/WSI/Liver/4_day/20307.svs,4 day,mefenamic acid,300,mg/kg,High,378,13,2,Male,Crj:CD(SD)IGS,0,,0,False,,True,True,False,no_finding_recorded
20309,/workspace/andre01/honzawa/02-playground/toxpatho-patch-selector/data/TGGATEs/WSI/Liver/4_day/20309.svs,4 day,mefenamic acid,300,mg/kg,High,378,13,3,Male,Crj:CD(SD)IGS,0,,0,False,,True,True,False,no_finding_recorded
20312,/workspace/andre01/honzawa/02-playground/toxpatho-patch-selector/data/TGGATEs/WSI/Liver/4_day/20312.svs,4 day,mefenamic acid,300,mg/kg,High,378,13,4,Male,Crj:CD(SD)IGS,0,,0,False,,True,True,False,no_finding_recorded
20316,/workspace/andre01/honzawa/02-playground/toxpatho-patch-selector/data/TGGATEs/WSI/Liver/4_day/20316.svs,4 day,mefenamic acid,300,mg/kg,High,378,13,5,Male,Crj:CD(SD)IGS,0,,0,False,,True,True,False,no_finding_recorded
20319,/workspace/andre01/honzawa/02-playground/toxpatho-patch-selector/data/TGGATEs/WSI/Liver/8_day/20319.svs,8 day,mefenamic acid,0,mg/kg,Control,378,2,1,Male,Crj:CD(SD)IGS,0,,0,False,,True,True,False,no_finding_recorded
20321,/workspace/andre01/honzawa/02-playground/toxpatho-patch-selector/data/TGGATEs/WSI/Liver/8_day/20321.svs,8 day,mefenamic acid,0,mg/kg,Control,378,2,2,Male,Crj:CD(SD)IGS,0,,0,False,,True,True,False,no_finding_recorded
20324,/workspace/andre01/honzawa/02-playground/toxpatho-patch-selector/data/TGGATEs/WSI/Liver/8_day/20324.svs,8 day,mefenamic acid,0,mg/kg,Control,378,2,3,Male,Crj:CD(SD)IGS,0,,0,False,,True,True,False,no_finding_recorded
20327,/workspace/andre01/honzawa/02-playground/toxpatho-patch-selector/data/TGGATEs/WSI/Liver/8_day/20327.svs,8 day,mefenamic acid,0,mg/kg,Control,378,2,4,Male,Crj:CD(SD)IGS,0,,0,False,,True,True,False,no_finding_recorded
20329,/workspace/andre01/honzawa/02-playground/toxpatho-patch-selector/data/TGGATEs/WSI/Liver/8_day/20329.svs,8 day,mefenamic acid,0,mg/kg,Control,378,2,5,Male,Crj:CD(SD)IGS,0,,0,False,,True,True,False,no_finding_recorded
20332,/workspace/andre01/honzawa/02-playground/toxpatho-patch-selector/data/TGGATEs/WSI/Liver/8_day/20332.svs,8 day,mefenamic acid,30,mg/kg,Low,378,6,1,Male,Crj:CD(SD)IGS,0,,0,False,,True,True,False,no_finding_recorded
20335,/workspace/andre01/honzawa/02-playground/toxpatho-patch-selector/data/TGGATEs/WSI/Liver/8_day/20335.svs,8 day,mefenamic acid,30,mg/kg,Low,378,6,2,Male,Crj:CD(SD)IGS,0,,0,False,,True,True,False,no_finding_recorded
20337,/workspace/andre01/honzawa/02-playground/toxpatho-patch-selector/data/TGGATEs/WSI/Liver/8_day/20337.svs,8 day,mefenamic acid,30,mg/kg,Low,378,6,3,Male,Crj:CD(SD)IGS,0,,0,False,,True,True,False,no_finding_recorded
20340,/workspace/andre01/honzawa/02-playground/toxpatho-patch-selector/data/TGGATEs/WSI/Liver/8_day/20340.svs,8 day,mefenamic acid,30,mg/kg,Low,378,6,4,Male,Crj:CD(SD)IGS,0,,0,False,,True,True,False,no_finding_recorded
20343,/workspace/andre01/honzawa/02-playground/toxpatho-patch-selector/data/TGGATEs/WSI/Liver/8_day/20343.svs,8 day,mefenamic acid,30,mg/kg,Low,378,6,5,Male,Crj:CD(SD)IGS,0,,0,False,,True,True,False,no_finding_recorded
20346,/workspace/andre01/honzawa/02-playground/toxpatho-patch-selector/data/TGGATEs/WSI/Liver/8_day/20346.svs,8 day,mefenamic acid,100,mg/kg,Middle,378,10,1,Male,Crj:CD(SD)IGS,0,,0,False,,True,True,False,no_finding_recorded
20349,/workspace/andre01/honzawa/02-playground/toxpatho-patch-selector/data/TGGATEs/WSI/Liver/8_day/20349.svs,8 day,mefenamic acid,100,mg/kg,Middle,378,10,2,Male,Crj:CD(SD)IGS,0,,0,False,,True,True,False,no_finding_recorded
20351,/workspace/andre01/honzawa/02-playground/toxpatho-patch-selector/data/TGGATEs/WSI/Liver/8_day/20351.svs,8 day,mefenamic acid,100,mg/kg,Middle,378,10,3,Male,Crj:CD(SD)IGS,0,,0,False,,True,True,False,no_finding_recorded
20354,/workspace/andre01/honzawa/02-playground/toxpatho-patch-selector/data/TGGATEs/WSI/Liver/8_day/20354.svs,8 day,mefenamic acid,100,mg/kg,Middle,378,10,4,Male,Crj:CD(SD)IGS,0,,0,False,,True,True,False,no_finding_recorded
20357,/workspace/andre01/honzawa/02-playground/toxpatho-patch-selector/data/TGGATEs/WSI/Liver/8_day/20357.svs,8 day,mefenamic acid,100,mg/kg,Middle,378,10,5,Male,Crj:CD(SD)IGS,0,,0,False,,True,True,False,no_finding_recorded
20359,/workspace/andre01/honzawa/02-playground/toxpatho-patch-selector/data/TGGATEs/WSI/Liver/8_day/20359.svs,8 day,mefenamic acid,300,mg/kg,High,378,14,1,Male,Crj:CD(SD)IGS,0,,0,False,,True,True,False,no_finding_recorded
20362,/workspace/andre01/honzawa/02-playground/toxpatho-patch-selector/data/TGGATEs/WSI/Liver/8_day/20362.svs,8 day,mefenamic acid,300,mg/kg,High,378,14,2,Male,Crj:CD(SD)IGS,0,,0,False,,True,True,False,no_finding_recorded
20365,/workspace/andre01/honzawa/02-playground/toxpatho-patch-selector/data/TGGATEs/WSI/Liver/8_day/20365.svs,8 day,mefenamic acid,300,mg/kg,High,378,14,3,Male,Crj:CD(SD)IGS,0,,0,False,,True,True,False,no_finding_recorded
20367,/workspace/andre01/honzawa/02-playground/toxpatho-patch-selector/data/TGGATEs/WSI/Liver/8_day/20367.svs,8 day,mefenamic acid,300,mg/kg,High,378,14,4,Male,Crj:CD(SD)IGS,1,1.0,1,True,minimal,True,True,False,recorded_finding
20370,/workspace/andre01/honzawa/02-playground/toxpatho-patch-selector/data/TGGATEs/WSI/Liver/8_day/20370.svs,8 day,mefenamic acid,300,mg/kg,High,378,14,5,Male,Crj:CD(SD)IGS,1,1.0,1,True,minimal,True,True,False,recorded_finding
20372,/workspace/andre01/honzawa/02-playground/toxpatho-patch-selector/data/TGGATEs/WSI/Liver/15_day/20372.svs,15 day,mefenamic acid,0,mg/kg,Control,378,3,1,Male,Crj:CD(SD)IGS,0,,0,False,,True,True,False,no_finding_recorded
20375,/workspace/andre01/honzawa/02-playground/toxpatho-patch-selector/data/TGGATEs/WSI/Liver/15_day/20375.svs,15 day,mefenamic acid,0,mg/kg,Control,378,3,2,Male,Crj:CD(SD)IGS,0,,0,False,,True,True,False,no_finding_recorded
20378,/workspace/andre01/honzawa/02-playground/toxpatho-patch-selector/data/TGGATEs/WSI/Liver/15_day/20378.svs,15 day,mefenamic acid,0,mg/kg,Control,378,3,3,Male,Crj:CD(SD)IGS,1,1.0,0,True,minimal,True,True,False,recorded_finding
20380,/workspace/andre01/honzawa/02-playground/toxpatho-patch-selector/data/TGGATEs/WSI/Liver/15_day/20380.svs,15 day,mefenamic acid,0,mg/kg,Control,378,3,4,Male,Crj:CD(SD)IGS,0,,0,False,,True,True,False,no_finding_recorded
20383,/workspace/andre01/honzawa/02-playground/toxpatho-patch-selector/data/TGGATEs/WSI/Liver/15_day/20383.svs,15 day,mefenamic acid,0,mg/kg,Control,378,3,5,Male,Crj:CD(SD)IGS,0,,0,False,,True,True,False,no_finding_recorded
20386,/workspace/andre01/honzawa/02-playground/toxpatho-patch-selector/data/TGGATEs/WSI/Liver/15_day/20386.svs,15 day,mefenamic acid,30,mg/kg,Low,378,7,1,Male,Crj:CD(SD)IGS,0,,0,False,,True,True,False,no_finding_recorded
20389,/workspace/andre01/honzawa/02-playground/toxpatho-patch-selector/data/TGGATEs/WSI/Liver/15_day/20389.svs,15 day,mefenamic acid,30,mg/kg,Low,378,7,2,Male,Crj:CD(SD)IGS,0,,0,False,,True,True,False,no_finding_recorded
20392,/workspace/andre01/honzawa/02-playground/toxpatho-patch-selector/data/TGGATEs/WSI/Liver/15_day/20392.svs,15 day,mefenamic acid,30,mg/kg,Low,378,7,3,Male,Crj:CD(SD)IGS,0,,0,False,,True,True,False,no_finding_recorded
20395,/workspace/andre01/honzawa/02-playground/toxpatho-patch-selector/data/TGGATEs/WSI/Liver/15_day/20395.svs,15 day,mefenamic acid,30,mg/kg,Low,378,7,4,Male,Crj:CD(SD)IGS,0,,0,False,,True,True,False,no_finding_recorded
20397,/workspace/andre01/honzawa/02-playground/toxpatho-patch-selector/data/TGGATEs/WSI/Liver/15_day/20397.svs,15 day,mefenamic acid,30,mg/kg,Low,378,7,5,Male,Crj:CD(SD)IGS,0,,0,False,,True,True,False,no_finding_recorded
20400,/workspace/andre01/honzawa/02-playground/toxpatho-patch-selector/data/TGGATEs/WSI/Liver/15_day/20400.svs,15 day,mefenamic acid,100,mg/kg,Middle,378,11,1,Male,Crj:CD(SD)IGS,0,,0,False,,True,True,False,no_finding_recorded
20403,/workspace/andre01/honzawa/02-playground/toxpatho-patch-selector/data/TGGATEs/WSI/Liver/15_day/20403.svs,15 day,mefenamic acid,100,mg/kg,Middle,378,11,2,Male,Crj:CD(SD)IGS,0,,0,False,,True,True,False,no_finding_recorded
20406,/workspace/andre01/honzawa/02-playground/toxpatho-patch-selector/data/TGGATEs/WSI/Liver/15_day/20406.svs,15 day,mefenamic acid,100,mg/kg,Middle,378,11,3,Male,Crj:CD(SD)IGS,0,,0,False,,True,True,False,no_finding_recorded
20409,/workspace/andre01/honzawa/02-playground/toxpatho-patch-selector/data/TGGATEs/WSI/Liver/15_day/20409.svs,15 day,mefenamic acid,100,mg/kg,Middle,378,11,4,Male,Crj:CD(SD)IGS,0,,0,False,,True,True,False,no_finding_recorded
20411,/workspace/andre01/honzawa/02-playground/toxpatho-patch-selector/data/TGGATEs/WSI/Liver/15_day/20411.svs,15 day,mefenamic acid,100,mg/kg,Middle,378,11,5,Male,Crj:CD(SD)IGS,0,,0,False,,True,True,False,no_finding_recorded
20414,/workspace/andre01/honzawa/02-playground/toxpatho-patch-selector/data/TGGATEs/WSI/Liver/15_day/20414.svs,15 day,mefenamic acid,300,mg/kg,High,378,15,1,Male,Crj:CD(SD)IGS,1,1.0,1,True,minimal,True,True,False,recorded_finding
20417,/workspace/andre01/honzawa/02-playground/toxpatho-patch-selector/data/TGGATEs/WSI/Liver/15_day/20417.svs,15 day,mefenamic acid,300,mg/kg,High,378,15,2,Male,Crj:CD(SD)IGS,0,,0,False,,True,True,False,no_finding_recorded
20419,/workspace/andre01/honzawa/02-playground/toxpatho-patch-selector/data/TGGATEs/WSI/Liver/15_day/20419.svs,15 day,mefenamic acid,300,mg/kg,High,378,15,3,Male,Crj:CD(SD)IGS,0,,0,False,,True,True,False,no_finding_recorded
20422,/workspace/andre01/honzawa/02-playground/toxpatho-patch-selector/data/TGGATEs/WSI/Liver/15_day/20422.svs,15 day,mefenamic acid,300,mg/kg,High,378,15,5,Male,Crj:CD(SD)IGS,1,1.0,1,True,minimal,True,True,False,recorded_finding
20424,/workspace/andre01/honzawa/02-playground/toxpatho-patch-selector/data/TGGATEs/WSI/Liver/29_day/20424.svs,29 day,mefenamic acid,0,mg/kg,Control,378,4,1,Male,Crj:CD(SD)IGS,0,,0,False,,True,True,False,no_finding_recorded
20428,/workspace/andre01/honzawa/02-playground/toxpatho-patch-selector/data/TGGATEs/WSI/Liver/29_day/20428.svs,29 day,mefenamic acid,0,mg/kg,Control,378,4,2,Male,Crj:CD(SD)IGS,0,,0,False,,True,True,False,no_finding_recorded
20431,/workspace/andre01/honzawa/02-playground/toxpatho-patch-selector/data/TGGATEs/WSI/Liver/29_day/20431.svs,29 day,mefenamic acid,0,mg/kg,Control,378,4,3,Male,Crj:CD(SD)IGS,0,,0,False,,True,True,False,no_finding_recorded
20434,/workspace/andre01/honzawa/02-playground/toxpatho-patch-selector/data/TGGATEs/WSI/Liver/29_day/20434.svs,29 day,mefenamic acid,0,mg/kg,Control,378,4,4,Male,Crj:CD(SD)IGS,0,,0,False,,True,True,False,no_finding_recorded
20439,/workspace/andre01/honzawa/02-playground/toxpatho-patch-selector/data/TGGATEs/WSI/Liver/29_day/20439.svs,29 day,mefenamic acid,0,mg/kg,Control,378,4,5,Male,Crj:CD(SD)IGS,0,,0,False,,True,True,False,no_finding_recorded
20442,/workspace/andre01/honzawa/02-playground/toxpatho-patch-selector/data/TGGATEs/WSI/Liver/29_day/20442.svs,29 day,mefenamic acid,30,mg/kg,Low,378,8,1,Male,Crj:CD(SD)IGS,0,,0,False,,True,True,False,no_finding_recorded
20445,/workspace/andre01/honzawa/02-playground/toxpatho-patch-selector/data/TGGATEs/WSI/Liver/29_day/20445.svs,29 day,mefenamic acid,30,mg/kg,Low,378,8,2,Male,Crj:CD(SD)IGS,0,,0,False,,True,True,False,no_finding_recorded
20448,/workspace/andre01/honzawa/02-playground/toxpatho-patch-selector/data/TGGATEs/WSI/Liver/29_day/20448.svs,29 day,mefenamic acid,30,mg/kg,Low,378,8,3,Male,Crj:CD(SD)IGS,0,,0,False,,True,True,False,no_finding_recorded
20451,/workspace/andre01/honzawa/02-playground/toxpatho-patch-selector/data/TGGATEs/WSI/Liver/29_day/20451.svs,29 day,mefenamic acid,30,mg/kg,Low,378,8,4,Male,Crj:CD(SD)IGS,0,,0,False,,True,True,False,no_finding_recorded
20454,/workspace/andre01/honzawa/02-playground/toxpatho-patch-selector/data/TGGATEs/WSI/Liver/29_day/20454.svs,29 day,mefenamic acid,30,mg/kg,Low,378,8,5,Male,Crj:CD(SD)IGS,0,,0,False,,True,True,False,no_finding_recorded
20458,/workspace/andre01/honzawa/02-playground/toxpatho-patch-selector/data/TGGATEs/WSI/Liver/29_day/20458.svs,29 day,mefenamic acid,100,mg/kg,Middle,378,12,1,Male,Crj:CD(SD)IGS,0,,0,False,,True,True,False,no_finding_recorded
20461,/workspace/andre01/honzawa/02-playground/toxpatho-patch-selector/data/TGGATEs/WSI/Liver/29_day/20461.svs,29 day,mefenamic acid,100,mg/kg,Middle,378,12,2,Male,Crj:CD(SD)IGS,0,,0,False,,True,True,False,no_finding_recorded
20464,/workspace/andre01/honzawa/02-playground/toxpatho-patch-selector/data/TGGATEs/WSI/Liver/29_day/20464.svs,29 day,mefenamic acid,100,mg/kg,Middle,378,12,3,Male,Crj:CD(SD)IGS,0,,0,False,,True,True,False,no_finding_recorded
20467,/workspace/andre01/honzawa/02-playground/toxpatho-patch-selector/data/TGGATEs/WSI/Liver/29_day/20467.svs,29 day,mefenamic acid,100,mg/kg,Middle,378,12,4,Male,Crj:CD(SD)IGS,0,,0,False,,True,True,False,no_finding_recorded
20470,/workspace/andre01/honzawa/02-playground/toxpatho-patch-selector/data/TGGATEs/WSI/Liver/29_day/20470.svs,29 day,mefenamic acid,100,mg/kg,Middle,378,12,5,Male,Crj:CD(SD)IGS,2,1.0,0,True,minimal,True,True,False,recorded_finding
20473,/workspace/andre01/honzawa/02-playground/toxpatho-patch-selector/data/TGGATEs/WSI/Liver/29_day/20473.svs,29 day,mefenamic acid,300,mg/kg,High,378,16,1,Male,Crj:CD(SD)IGS,0,,0,False,,True,True,False,no_finding_recorded
20477,/workspace/andre01/honzawa/02-playground/toxpatho-patch-selector/data/TGGATEs/WSI/Liver/29_day/20477.svs,29 day,mefenamic acid,300,mg/kg,High,378,16,2,Male,Crj:CD(SD)IGS,1,1.0,1,True,minimal,True,True,False,recorded_finding
20480,/workspace/andre01/honzawa/02-playground/toxpatho-patch-selector/data/TGGATEs/WSI/Liver/29_day/20480.svs,29 day,mefenamic acid,300,mg/kg,High,378,16,3,Male,Crj:CD(SD)IGS,0,,0,False,,True,True,False,no_finding_recorded
20483,/workspace/andre01/honzawa/02-playground/toxpatho-patch-selector/data/TGGATEs/WSI/Liver/29_day/20483.svs,29 day,mefenamic acid,300,mg/kg,High,378,16,4,Male,Crj:CD(SD)IGS,2,1.0,1,True,minimal,True,True,False,recorded_finding
21787,/workspace/andre01/honzawa/02-playground/toxpatho-patch-selector/data/TGGATEs/WSI/Liver/4_day/21787.svs,4 day,diltiazem,0,mg/kg,Control,413,1,1,Male,Crj:CD(SD)IGS,0,,0,False,,True,True,False,no_finding_recorded
21792,/workspace/andre01/honzawa/02-playground/toxpatho-patch-selector/data/TGGATEs/WSI/Liver/4_day/21792.svs,4 day,diltiazem,0,mg/kg,Control,413,1,2,Male,Crj:CD(SD)IGS,0,,0,False,,True,True,False,no_finding_recorded
21797,/workspace/andre01/honzawa/02-playground/toxpatho-patch-selector/data/TGGATEs/WSI/Liver/4_day/21797.svs,4 day,diltiazem,0,mg/kg,Control,413,1,3,Male,Crj:CD(SD)IGS,0,,0,False,,True,True,False,no_finding_recorded
21801,/workspace/andre01/honzawa/02-playground/toxpatho-patch-selector/data/TGGATEs/WSI/Liver/4_day/21801.svs,4 day,diltiazem,0,mg/kg,Control,413,1,4,Male,Crj:CD(SD)IGS,0,,0,False,,True,True,False,no_finding_recorded
21806,/workspace/andre01/honzawa/02-playground/toxpatho-patch-selector/data/TGGATEs/WSI/Liver/4_day/21806.svs,4 day,diltiazem,0,mg/kg,Control,413,1,5,Male,Crj:CD(SD)IGS,0,,0,False,,True,True,False,no_finding_recorded
21810,/workspace/andre01/honzawa/02-playground/toxpatho-patch-selector/data/TGGATEs/WSI/Liver/8_day/21810.svs,8 day,diltiazem,0,mg/kg,Control,413,2,1,Male,Crj:CD(SD)IGS,0,,0,False,,True,True,False,no_finding_recorded
21815,/workspace/andre01/honzawa/02-playground/toxpatho-patch-selector/data/TGGATEs/WSI/Liver/8_day/21815.svs,8 day,diltiazem,0,mg/kg,Control,413,2,2,Male,Crj:CD(SD)IGS,0,,0,False,,True,True,False,no_finding_recorded
21819,/workspace/andre01/honzawa/02-playground/toxpatho-patch-selector/data/TGGATEs/WSI/Liver/8_day/21819.svs,8 day,diltiazem,0,mg/kg,Control,413,2,3,Male,Crj:CD(SD)IGS,0,,0,False,,True,True,False,no_finding_recorded
21824,/workspace/andre01/honzawa/02-playground/toxpatho-patch-selector/data/TGGATEs/WSI/Liver/8_day/21824.svs,8 day,diltiazem,0,mg/kg,Control,413,2,4,Male,Crj:CD(SD)IGS,1,1.0,0,True,minimal,True,True,False,recorded_finding
21828,/workspace/andre01/honzawa/02-playground/toxpatho-patch-selector/data/TGGATEs/WSI/Liver/8_day/21828.svs,8 day,diltiazem,0,mg/kg,Control,413,2,5,Male,Crj:CD(SD)IGS,0,,0,False,,True,True,False,no_finding_recorded
21833,/workspace/andre01/honzawa/02-playground/toxpatho-patch-selector/data/TGGATEs/WSI/Liver/15_day/21833.svs,15 day,diltiazem,0,mg/kg,Control,413,3,1,Male,Crj:CD(SD)IGS,0,,0,False,,True,True,False,no_finding_recorded
21838,/workspace/andre01/honzawa/02-playground/toxpatho-patch-selector/data/TGGATEs/WSI/Liver/15_day/21838.svs,15 day,diltiazem,0,mg/kg,Control,413,3,2,Male,Crj:CD(SD)IGS,0,,0,False,,True,True,False,no_finding_recorded
21843,/workspace/andre01/honzawa/02-playground/toxpatho-patch-selector/data/TGGATEs/WSI/Liver/15_day/21843.svs,15 day,diltiazem,0,mg/kg,Control,413,3,3,Male,Crj:CD(SD)IGS,0,,0,False,,True,True,False,no_finding_recorded
21847,/workspace/andre01/honzawa/02-playground/toxpatho-patch-selector/data/TGGATEs/WSI/Liver/15_day/21847.svs,15 day,diltiazem,0,mg/kg,Control,413,3,4,Male,Crj:CD(SD)IGS,0,,0,False,,True,True,False,no_finding_recorded
21852,/workspace/andre01/honzawa/02-playground/toxpatho-patch-selector/data/TGGATEs/WSI/Liver/15_day/21852.svs,15 day,diltiazem,0,mg/kg,Control,413,3,5,Male,Crj:CD(SD)IGS,0,,0,False,,True,True,False,no_finding_recorded
21857,/workspace/andre01/honzawa/02-playground/toxpatho-patch-selector/data/TGGATEs/WSI/Liver/29_day/21857.svs,29 day,diltiazem,0,mg/kg,Control,413,4,1,Male,Crj:CD(SD)IGS,0,,0,False,,True,True,False,no_finding_recorded
21862,/workspace/andre01/honzawa/02-playground/toxpatho-patch-selector/data/TGGATEs/WSI/Liver/29_day/21862.svs,29 day,diltiazem,0,mg/kg,Control,413,4,2,Male,Crj:CD(SD)IGS,0,,0,False,,True,True,False,no_finding_recorded
21867,/workspace/andre01/honzawa/02-playground/toxpatho-patch-selector/data/TGGATEs/WSI/Liver/29_day/21867.svs,29 day,diltiazem,0,mg/kg,Control,413,4,3,Male,Crj:CD(SD)IGS,0,,0,False,,True,True,False,no_finding_recorded
21872,/workspace/andre01/honzawa/02-playground/toxpatho-patch-selector/data/TGGATEs/WSI/Liver/29_day/21872.svs,29 day,diltiazem,0,mg/kg,Control,413,4,4,Male,Crj:CD(SD)IGS,0,,0,False,,True,True,False,no_finding_recorded
21876,/workspace/andre01/honzawa/02-playground/toxpatho-patch-selector/data/TGGATEs/WSI/Liver/29_day/21876.svs,29 day,diltiazem,0,mg/kg,Control,413,4,5,Male,Crj:CD(SD)IGS,0,,0,False,,True,True,False,no_finding_recorded
21881,/workspace/andre01/honzawa/02-playground/toxpatho-patch-selector/data/TGGATEs/WSI/Liver/4_day/21881.svs,4 day,diltiazem,80,mg/kg,Low,413,5,1,Male,Crj:CD(SD)IGS,0,,0,False,,True,True,False,no_finding_recorded
21886,/workspace/andre01/honzawa/02-playground/toxpatho-patch-selector/data/TGGATEs/WSI/Liver/4_day/21886.svs,4 day,diltiazem,80,mg/kg,Low,413,5,2,Male,Crj:CD(SD)IGS,0,,0,False,,True,True,False,no_finding_recorded
21890,/workspace/andre01/honzawa/02-playground/toxpatho-patch-selector/data/TGGATEs/WSI/Liver/4_day/21890.svs,4 day,diltiazem,80,mg/kg,Low,413,5,3,Male,Crj:CD(SD)IGS,0,,0,False,,True,True,False,no_finding_recorded
21894,/workspace/andre01/honzawa/02-playground/toxpatho-patch-selector/data/TGGATEs/WSI/Liver/4_day/21894.svs,4 day,diltiazem,80,mg/kg,Low,413,5,4,Male,Crj:CD(SD)IGS,0,,0,False,,True,True,False,no_finding_recorded
21898,/workspace/andre01/honzawa/02-playground/toxpatho-patch-selector/data/TGGATEs/WSI/Liver/4_day/21898.svs,4 day,diltiazem,80,mg/kg,Low,413,5,5,Male,Crj:CD(SD)IGS,0,,0,False,,True,True,False,no_finding_recorded
21901,/workspace/andre01/honzawa/02-playground/toxpatho-patch-selector/data/TGGATEs/WSI/Liver/8_day/21901.svs,8 day,diltiazem,80,mg/kg,Low,413,6,1,Male,Crj:CD(SD)IGS,0,,0,False,,True,True,False,no_finding_recorded
21905,/workspace/andre01/honzawa/02-playground/toxpatho-patch-selector/data/TGGATEs/WSI/Liver/8_day/21905.svs,8 day,diltiazem,80,mg/kg,Low,413,6,2,Male,Crj:CD(SD)IGS,0,,0,False,,True,True,False,no_finding_recorded
21909,/workspace/andre01/honzawa/02-playground/toxpatho-patch-selector/data/TGGATEs/WSI/Liver/8_day/21909.svs,8 day,diltiazem,80,mg/kg,Low,413,6,3,Male,Crj:CD(SD)IGS,0,,0,False,,True,True,False,no_finding_recorded
21912,/workspace/andre01/honzawa/02-playground/toxpatho-patch-selector/data/TGGATEs/WSI/Liver/8_day/21912.svs,8 day,diltiazem,80,mg/kg,Low,413,6,4,Male,Crj:CD(SD)IGS,0,,0,False,,True,True,False,no_finding_recorded
21916,/workspace/andre01/honzawa/02-playground/toxpatho-patch-selector/data/TGGATEs/WSI/Liver/8_day/21916.svs,8 day,diltiazem,80,mg/kg,Low,413,6,5,Male,Crj:CD(SD)IGS,0,,0,False,,True,True,False,no_finding_recorded
21919,/workspace/andre01/honzawa/02-playground/toxpatho-patch-selector/data/TGGATEs/WSI/Liver/15_day/21919.svs,15 day,diltiazem,80,mg/kg,Low,413,7,1,Male,Crj:CD(SD)IGS,0,,0,False,,True,True,False,no_finding_recorded
21923,/workspace/andre01/honzawa/02-playground/toxpatho-patch-selector/data/TGGATEs/WSI/Liver/15_day/21923.svs,15 day,diltiazem,80,mg/kg,Low,413,7,2,Male,Crj:CD(SD)IGS,0,,0,False,,True,True,False,no_finding_recorded
21927,/workspace/andre01/honzawa/02-playground/toxpatho-patch-selector/data/TGGATEs/WSI/Liver/15_day/21927.svs,15 day,diltiazem,80,mg/kg,Low,413,7,3,Male,Crj:CD(SD)IGS,0,,0,False,,True,True,False,no_finding_recorded
21930,/workspace/andre01/honzawa/02-playground/toxpatho-patch-selector/data/TGGATEs/WSI/Liver/15_day/21930.svs,15 day,diltiazem,80,mg/kg,Low,413,7,4,Male,Crj:CD(SD)IGS,0,,0,False,,True,True,False,no_finding_recorded
21933,/workspace/andre01/honzawa/02-playground/toxpatho-patch-selector/data/TGGATEs/WSI/Liver/15_day/21933.svs,15 day,diltiazem,80,mg/kg,Low,413,7,5,Male,Crj:CD(SD)IGS,0,,0,False,,True,True,False,no_finding_recorded
21937,/workspace/andre01/honzawa/02-playground/toxpatho-patch-selector/data/TGGATEs/WSI/Liver/29_day/21937.svs,29 day,diltiazem,80,mg/kg,Low,413,8,1,Male,Crj:CD(SD)IGS,1,1.0,1,True,minimal,True,True,False,recorded_finding
21941,/workspace/andre01/honzawa/02-playground/toxpatho-patch-selector/data/TGGATEs/WSI/Liver/29_day/21941.svs,29 day,diltiazem,80,mg/kg,Low,413,8,2,Male,Crj:CD(SD)IGS,0,,0,False,,True,True,False,no_finding_recorded
21945,/workspace/andre01/honzawa/02-playground/toxpatho-patch-selector/data/TGGATEs/WSI/Liver/29_day/21945.svs,29 day,diltiazem,80,mg/kg,Low,413,8,3,Male,Crj:CD(SD)IGS,1,1.0,1,True,minimal,True,True,False,recorded_finding
21949,/workspace/andre01/honzawa/02-playground/toxpatho-patch-selector/data/TGGATEs/WSI/Liver/29_day/21949.svs,29 day,diltiazem,80,mg/kg,Low,413,8,4,Male,Crj:CD(SD)IGS,1,1.0,1,True,minimal,True,True,False,recorded_finding
21952,/workspace/andre01/honzawa/02-playground/toxpatho-patch-selector/data/TGGATEs/WSI/Liver/29_day/21952.svs,29 day,diltiazem,80,mg/kg,Low,413,8,5,Male,Crj:CD(SD)IGS,0,,0,False,,True,True,False,no_finding_recorded
22056,/workspace/andre01/honzawa/02-playground/toxpatho-patch-selector/data/TGGATEs/WSI/Liver/4_day/22056.svs,4 day,diltiazem,240,mg/kg,Middle,413,9,1,Male,Crj:CD(SD)IGS,0,,0,False,,True,True,False,no_finding_recorded
22060,/workspace/andre01/honzawa/02-playground/toxpatho-patch-selector/data/TGGATEs/WSI/Liver/4_day/22060.svs,4 day,diltiazem,240,mg/kg,Middle,413,9,2,Male,Crj:CD(SD)IGS,0,,0,False,,True,True,False,no_finding_recorded
22064,/workspace/andre01/honzawa/02-playground/toxpatho-patch-selector/data/TGGATEs/WSI/Liver/4_day/22064.svs,4 day,diltiazem,240,mg/kg,Middle,413,9,3,Male,Crj:CD(SD)IGS,0,,0,False,,True,True,False,no_finding_recorded
22068,/workspace/andre01/honzawa/02-playground/toxpatho-patch-selector/data/TGGATEs/WSI/Liver/4_day/22068.svs,4 day,diltiazem,240,mg/kg,Middle,413,9,4,Male,Crj:CD(SD)IGS,1,1.0,1,True,minimal,True,True,False,recorded_finding
22072,/workspace/andre01/honzawa/02-playground/toxpatho-patch-selector/data/TGGATEs/WSI/Liver/4_day/22072.svs,4 day,diltiazem,240,mg/kg,Middle,413,9,5,Male,Crj:CD(SD)IGS,0,,0,False,,True,True,False,no_finding_recorded
22076,/workspace/andre01/honzawa/02-playground/toxpatho-patch-selector/data/TGGATEs/WSI/Liver/8_day/22076.svs,8 day,diltiazem,240,mg/kg,Middle,413,10,1,Male,Crj:CD(SD)IGS,1,2.0,1,True,slight,True,True,False,recorded_finding
22080,/workspace/andre01/honzawa/02-playground/toxpatho-patch-selector/data/TGGATEs/WSI/Liver/8_day/22080.svs,8 day,diltiazem,240,mg/kg,Middle,413,10,2,Male,Crj:CD(SD)IGS,0,,0,False,,True,True,False,no_finding_recorded
22084,/workspace/andre01/honzawa/02-playground/toxpatho-patch-selector/data/TGGATEs/WSI/Liver/8_day/22084.svs,8 day,diltiazem,240,mg/kg,Middle,413,10,3,Male,Crj:CD(SD)IGS,0,,0,False,,True,True,False,no_finding_recorded
22088,/workspace/andre01/honzawa/02-playground/toxpatho-patch-selector/data/TGGATEs/WSI/Liver/8_day/22088.svs,8 day,diltiazem,240,mg/kg,Middle,413,10,4,Male,Crj:CD(SD)IGS,1,1.0,1,True,minimal,True,True,False,recorded_finding
22092,/workspace/andre01/honzawa/02-playground/toxpatho-patch-selector/data/TGGATEs/WSI/Liver/8_day/22092.svs,8 day,diltiazem,240,mg/kg,Middle,413,10,5,Male,Crj:CD(SD)IGS,0,,0,False,,True,True,False,no_finding_recorded
22096,/workspace/andre01/honzawa/02-playground/toxpatho-patch-selector/data/TGGATEs/WSI/Liver/15_day/22096.svs,15 day,diltiazem,240,mg/kg,Middle,413,11,1,Male,Crj:CD(SD)IGS,2,1.0,2,True,minimal,True,True,False,recorded_finding
22100,/workspace/andre01/honzawa/02-playground/toxpatho-patch-selector/data/TGGATEs/WSI/Liver/15_day/22100.svs,15 day,diltiazem,240,mg/kg,Middle,413,11,2,Male,Crj:CD(SD)IGS,1,2.0,1,True,slight,True,True,False,recorded_finding
22104,/workspace/andre01/honzawa/02-playground/toxpatho-patch-selector/data/TGGATEs/WSI/Liver/15_day/22104.svs,15 day,diltiazem,240,mg/kg,Middle,413,11,3,Male,Crj:CD(SD)IGS,1,1.0,1,True,minimal,True,True,False,recorded_finding
22108,/workspace/andre01/honzawa/02-playground/toxpatho-patch-selector/data/TGGATEs/WSI/Liver/15_day/22108.svs,15 day,diltiazem,240,mg/kg,Middle,413,11,4,Male,Crj:CD(SD)IGS,1,1.0,1,True,minimal,True,True,False,recorded_finding
22113,/workspace/andre01/honzawa/02-playground/toxpatho-patch-selector/data/TGGATEs/WSI/Liver/15_day/22113.svs,15 day,diltiazem,240,mg/kg,Middle,413,11,5,Male,Crj:CD(SD)IGS,1,2.0,1,True,slight,True,True,False,recorded_finding
22117,/workspace/andre01/honzawa/02-playground/toxpatho-patch-selector/data/TGGATEs/WSI/Liver/29_day/22117.svs,29 day,diltiazem,240,mg/kg,Middle,413,12,1,Male,Crj:CD(SD)IGS,2,1.0,2,True,minimal,True,True,False,recorded_finding
22121,/workspace/andre01/honzawa/02-playground/toxpatho-patch-selector/data/TGGATEs/WSI/Liver/29_day/22121.svs,29 day,diltiazem,240,mg/kg,Middle,413,12,2,Male,Crj:CD(SD)IGS,1,2.0,1,True,slight,True,True,False,recorded_finding
22126,/workspace/andre01/honzawa/02-playground/toxpatho-patch-selector/data/TGGATEs/WSI/Liver/29_day/22126.svs,29 day,diltiazem,240,mg/kg,Middle,413,12,3,Male,Crj:CD(SD)IGS,2,1.0,2,True,minimal,True,True,False,recorded_finding
22131,/workspace/andre01/honzawa/02-playground/toxpatho-patch-selector/data/TGGATEs/WSI/Liver/29_day/22131.svs,29 day,diltiazem,240,mg/kg,Middle,413,12,4,Male,Crj:CD(SD)IGS,2,2.0,2,True,slight,True,True,False,recorded_finding
22135,/workspace/andre01/honzawa/02-playground/toxpatho-patch-selector/data/TGGATEs/WSI/Liver/29_day/22135.svs,29 day,diltiazem,240,mg/kg,Middle,413,12,5,Male,Crj:CD(SD)IGS,2,3.0,2,True,moderate,True,True,False,recorded_finding
22140,/workspace/andre01/honzawa/02-playground/toxpatho-patch-selector/data/TGGATEs/WSI/Liver/4_day/22140.svs,4 day,diltiazem,800,mg/kg,High,413,13,1,Male,Crj:CD(SD)IGS,1,1.0,1,True,minimal,True,True,False,recorded_finding
22144,/workspace/andre01/honzawa/02-playground/toxpatho-patch-selector/data/TGGATEs/WSI/Liver/4_day/22144.svs,4 day,diltiazem,800,mg/kg,High,413,13,2,Male,Crj:CD(SD)IGS,1,1.0,1,True,minimal,True,True,False,recorded_finding
22147,/workspace/andre01/honzawa/02-playground/toxpatho-patch-selector/data/TGGATEs/WSI/Liver/4_day/22147.svs,4 day,diltiazem,800,mg/kg,High,413,13,3,Male,Crj:CD(SD)IGS,1,2.0,1,True,slight,True,True,False,recorded_finding
22151,/workspace/andre01/honzawa/02-playground/toxpatho-patch-selector/data/TGGATEs/WSI/Liver/4_day/22151.svs,4 day,diltiazem,800,mg/kg,High,413,13,4,Male,Crj:CD(SD)IGS,1,1.0,1,True,minimal,True,True,False,recorded_finding
22155,/workspace/andre01/honzawa/02-playground/toxpatho-patch-selector/data/TGGATEs/WSI/Liver/4_day/22155.svs,4 day,diltiazem,800,mg/kg,High,413,13,5,Male,Crj:CD(SD)IGS,1,1.0,1,True,minimal,True,True,False,recorded_finding
22159,/workspace/andre01/honzawa/02-playground/toxpatho-patch-selector/data/TGGATEs/WSI/Liver/8_day/22159.svs,8 day,diltiazem,800,mg/kg,High,413,14,1,Male,Crj:CD(SD)IGS,2,2.0,2,True,slight,True,True,False,recorded_finding
22162,/workspace/andre01/honzawa/02-playground/toxpatho-patch-selector/data/TGGATEs/WSI/Liver/8_day/22162.svs,8 day,diltiazem,800,mg/kg,High,413,14,2,Male,Crj:CD(SD)IGS,1,1.0,1,True,minimal,True,True,False,recorded_finding
22164,/workspace/andre01/honzawa/02-playground/toxpatho-patch-selector/data/TGGATEs/WSI/Liver/8_day/22164.svs,8 day,diltiazem,800,mg/kg,High,413,14,3,Male,Crj:CD(SD)IGS,1,2.0,1,True,slight,True,True,False,recorded_finding
22166,/workspace/andre01/honzawa/02-playground/toxpatho-patch-selector/data/TGGATEs/WSI/Liver/8_day/22166.svs,8 day,diltiazem,800,mg/kg,High,413,14,4,Male,Crj:CD(SD)IGS,1,2.0,1,True,slight,True,True,False,recorded_finding
22168,/workspace/andre01/honzawa/02-playground/toxpatho-patch-selector/data/TGGATEs/WSI/Liver/8_day/22168.svs,8 day,diltiazem,800,mg/kg,High,413,14,5,Male,Crj:CD(SD)IGS,2,2.0,2,True,slight,True,True,False,recorded_finding
22170,/workspace/andre01/honzawa/02-playground/toxpatho-patch-selector/data/TGGATEs/WSI/Liver/15_day/22170.svs,15 day,diltiazem,800,mg/kg,High,413,15,1,Male,Crj:CD(SD)IGS,2,3.0,2,True,moderate,True,True,False,recorded_finding
22174,/workspace/andre01/honzawa/02-playground/toxpatho-patch-selector/data/TGGATEs/WSI/Liver/15_day/22174.svs,15 day,diltiazem,800,mg/kg,High,413,15,2,Male,Crj:CD(SD)IGS,2,2.0,2,True,slight,True,True,False,recorded_finding
22180,/workspace/andre01/honzawa/02-playground/toxpatho-patch-selector/data/TGGATEs/WSI/Liver/15_day/22180.svs,15 day,diltiazem,800,mg/kg,High,413,15,3,Male,Crj:CD(SD)IGS,2,2.0,2,True,slight,True,True,False,recorded_finding
22186,/workspace/andre01/honzawa/02-playground/toxpatho-patch-selector/data/TGGATEs/WSI/Liver/15_day/22186.svs,15 day,diltiazem,800,mg/kg,High,413,15,4,Male,Crj:CD(SD)IGS,2,2.0,2,True,slight,True,True,False,recorded_finding
22191,/workspace/andre01/honzawa/02-playground/toxpatho-patch-selector/data/TGGATEs/WSI/Liver/15_day/22191.svs,15 day,diltiazem,800,mg/kg,High,413,15,5,Male,Crj:CD(SD)IGS,3,2.0,2,True,slight,True,True,False,recorded_finding
22197,/workspace/andre01/honzawa/02-playground/toxpatho-patch-selector/data/TGGATEs/WSI/Liver/29_day/22197.svs,29 day,diltiazem,800,mg/kg,High,413,16,1,Male,Crj:CD(SD)IGS,3,3.0,2,True,moderate,True,True,False,recorded_finding
22203,/workspace/andre01/honzawa/02-playground/toxpatho-patch-selector/data/TGGATEs/WSI/Liver/29_day/22203.svs,29 day,diltiazem,800,mg/kg,High,413,16,2,Male,Crj:CD(SD)IGS,2,3.0,2,True,moderate,True,True,False,recorded_finding
22210,/workspace/andre01/honzawa/02-playground/toxpatho-patch-selector/data/TGGATEs/WSI/Liver/29_day/22210.svs,29 day,diltiazem,800,mg/kg,High,413,16,3,Male,Crj:CD(SD)IGS,2,3.0,2,True,moderate,True,True,False,recorded_finding
22216,/workspace/andre01/honzawa/02-playground/toxpatho-patch-selector/data/TGGATEs/WSI/Liver/29_day/22216.svs,29 day,diltiazem,800,mg/kg,High,413,16,4,Male,Crj:CD(SD)IGS,2,3.0,2,True,moderate,True,True,False,recorded_finding
24862,/workspace/andre01/honzawa/02-playground/toxpatho-patch-selector/data/TGGATEs/WSI/Liver/4_day/24862.svs,4 day,clofibrate,0,mg/kg,Control,99,1,1,Male,Crj:CD(SD)IGS,0,,0,False,,True,True,False,no_finding_recorded
24865,/workspace/andre01/honzawa/02-playground/toxpatho-patch-selector/data/TGGATEs/WSI/Liver/4_day/24865.svs,4 day,clofibrate,0,mg/kg,Control,99,1,2,Male,Crj:CD(SD)IGS,0,,0,False,,True,True,False,no_finding_recorded
24868,/workspace/andre01/honzawa/02-playground/toxpatho-patch-selector/data/TGGATEs/WSI/Liver/4_day/24868.svs,4 day,clofibrate,0,mg/kg,Control,99,1,3,Male,Crj:CD(SD)IGS,0,,0,False,,True,True,False,no_finding_recorded
24871,/workspace/andre01/honzawa/02-playground/toxpatho-patch-selector/data/TGGATEs/WSI/Liver/4_day/24871.svs,4 day,clofibrate,0,mg/kg,Control,99,1,4,Male,Crj:CD(SD)IGS,0,,0,False,,True,True,False,no_finding_recorded
24875,/workspace/andre01/honzawa/02-playground/toxpatho-patch-selector/data/TGGATEs/WSI/Liver/4_day/24875.svs,4 day,clofibrate,0,mg/kg,Control,99,1,5,Male,Crj:CD(SD)IGS,1,1.0,0,True,minimal,True,True,False,recorded_finding
24878,/workspace/andre01/honzawa/02-playground/toxpatho-patch-selector/data/TGGATEs/WSI/Liver/4_day/24878.svs,4 day,clofibrate,30,mg/kg,Low,99,5,1,Male,Crj:CD(SD)IGS,0,,0,False,,True,True,False,no_finding_recorded
24881,/workspace/andre01/honzawa/02-playground/toxpatho-patch-selector/data/TGGATEs/WSI/Liver/4_day/24881.svs,4 day,clofibrate,30,mg/kg,Low,99,5,2,Male,Crj:CD(SD)IGS,0,,0,False,,True,True,False,no_finding_recorded
24883,/workspace/andre01/honzawa/02-playground/toxpatho-patch-selector/data/TGGATEs/WSI/Liver/4_day/24883.svs,4 day,clofibrate,30,mg/kg,Low,99,5,3,Male,Crj:CD(SD)IGS,0,,0,False,,True,True,False,no_finding_recorded
24886,/workspace/andre01/honzawa/02-playground/toxpatho-patch-selector/data/TGGATEs/WSI/Liver/4_day/24886.svs,4 day,clofibrate,30,mg/kg,Low,99,5,4,Male,Crj:CD(SD)IGS,0,,0,False,,True,True,False,no_finding_recorded
24890,/workspace/andre01/honzawa/02-playground/toxpatho-patch-selector/data/TGGATEs/WSI/Liver/4_day/24890.svs,4 day,clofibrate,30,mg/kg,Low,99,5,5,Male,Crj:CD(SD)IGS,0,,0,False,,True,True,False,no_finding_recorded
24892,/workspace/andre01/honzawa/02-playground/toxpatho-patch-selector/data/TGGATEs/WSI/Liver/4_day/24892.svs,4 day,clofibrate,100,mg/kg,Middle,99,9,1,Male,Crj:CD(SD)IGS,0,,0,False,,True,True,False,no_finding_recorded
24894,/workspace/andre01/honzawa/02-playground/toxpatho-patch-selector/data/TGGATEs/WSI/Liver/4_day/24894.svs,4 day,clofibrate,100,mg/kg,Middle,99,9,2,Male,Crj:CD(SD)IGS,0,,0,False,,True,True,False,no_finding_recorded
24897,/workspace/andre01/honzawa/02-playground/toxpatho-patch-selector/data/TGGATEs/WSI/Liver/4_day/24897.svs,4 day,clofibrate,100,mg/kg,Middle,99,9,3,Male,Crj:CD(SD)IGS,0,,0,False,,True,True,False,no_finding_recorded
24901,/workspace/andre01/honzawa/02-playground/toxpatho-patch-selector/data/TGGATEs/WSI/Liver/4_day/24901.svs,4 day,clofibrate,100,mg/kg,Middle,99,9,4,Male,Crj:CD(SD)IGS,0,,0,False,,True,True,False,no_finding_recorded
24903,/workspace/andre01/honzawa/02-playground/toxpatho-patch-selector/data/TGGATEs/WSI/Liver/4_day/24903.svs,4 day,clofibrate,100,mg/kg,Middle,99,9,5,Male,Crj:CD(SD)IGS,0,,0,False,,True,True,False,no_finding_recorded
24906,/workspace/andre01/honzawa/02-playground/toxpatho-patch-selector/data/TGGATEs/WSI/Liver/4_day/24906.svs,4 day,clofibrate,300,mg/kg,High,99,13,1,Male,Crj:CD(SD)IGS,0,,0,False,,True,True,False,no_finding_recorded
24910,/workspace/andre01/honzawa/02-playground/toxpatho-patch-selector/data/TGGATEs/WSI/Liver/4_day/24910.svs,4 day,clofibrate,300,mg/kg,High,99,13,2,Male,Crj:CD(SD)IGS,0,,0,False,,True,True,False,no_finding_recorded
24914,/workspace/andre01/honzawa/02-playground/toxpatho-patch-selector/data/TGGATEs/WSI/Liver/4_day/24914.svs,4 day,clofibrate,300,mg/kg,High,99,13,3,Male,Crj:CD(SD)IGS,0,,0,False,,True,True,False,no_finding_recorded
24917,/workspace/andre01/honzawa/02-playground/toxpatho-patch-selector/data/TGGATEs/WSI/Liver/4_day/24917.svs,4 day,clofibrate,300,mg/kg,High,99,13,4,Male,Crj:CD(SD)IGS,0,,0,False,,True,True,False,no_finding_recorded
24921,/workspace/andre01/honzawa/02-playground/toxpatho-patch-selector/data/TGGATEs/WSI/Liver/4_day/24921.svs,4 day,clofibrate,300,mg/kg,High,99,13,5,Male,Crj:CD(SD)IGS,0,,0,False,,True,True,False,no_finding_recorded
24923,/workspace/andre01/honzawa/02-playground/toxpatho-patch-selector/data/TGGATEs/WSI/Liver/8_day/24923.svs,8 day,clofibrate,0,mg/kg,Control,99,2,1,Male,Crj:CD(SD)IGS,0,,0,False,,True,True,False,no_finding_recorded
24926,/workspace/andre01/honzawa/02-playground/toxpatho-patch-selector/data/TGGATEs/WSI/Liver/8_day/24926.svs,8 day,clofibrate,0,mg/kg,Control,99,2,2,Male,Crj:CD(SD)IGS,0,,0,False,,True,True,False,no_finding_recorded
24928,/workspace/andre01/honzawa/02-playground/toxpatho-patch-selector/data/TGGATEs/WSI/Liver/8_day/24928.svs,8 day,clofibrate,0,mg/kg,Control,99,2,3,Male,Crj:CD(SD)IGS,0,,0,False,,True,True,False,no_finding_recorded
24932,/workspace/andre01/honzawa/02-playground/toxpatho-patch-selector/data/TGGATEs/WSI/Liver/8_day/24932.svs,8 day,clofibrate,0,mg/kg,Control,99,2,4,Male,Crj:CD(SD)IGS,0,,0,False,,True,True,False,no_finding_recorded
24935,/workspace/andre01/honzawa/02-playground/toxpatho-patch-selector/data/TGGATEs/WSI/Liver/8_day/24935.svs,8 day,clofibrate,0,mg/kg,Control,99,2,5,Male,Crj:CD(SD)IGS,0,,0,False,,True,True,False,no_finding_recorded
24938,/workspace/andre01/honzawa/02-playground/toxpatho-patch-selector/data/TGGATEs/WSI/Liver/8_day/24938.svs,8 day,clofibrate,30,mg/kg,Low,99,6,1,Male,Crj:CD(SD)IGS,0,,0,False,,True,True,False,no_finding_recorded
24941,/workspace/andre01/honzawa/02-playground/toxpatho-patch-selector/data/TGGATEs/WSI/Liver/8_day/24941.svs,8 day,clofibrate,30,mg/kg,Low,99,6,2,Male,Crj:CD(SD)IGS,0,,0,False,,True,True,False,no_finding_recorded
24943,/workspace/andre01/honzawa/02-playground/toxpatho-patch-selector/data/TGGATEs/WSI/Liver/8_day/24943.svs,8 day,clofibrate,30,mg/kg,Low,99,6,3,Male,Crj:CD(SD)IGS,0,,0,False,,True,True,False,no_finding_recorded
24945,/workspace/andre01/honzawa/02-playground/toxpatho-patch-selector/data/TGGATEs/WSI/Liver/8_day/24945.svs,8 day,clofibrate,30,mg/kg,Low,99,6,4,Male,Crj:CD(SD)IGS,0,,0,False,,True,True,False,no_finding_recorded
24948,/workspace/andre01/honzawa/02-playground/toxpatho-patch-selector/data/TGGATEs/WSI/Liver/8_day/24948.svs,8 day,clofibrate,30,mg/kg,Low,99,6,5,Male,Crj:CD(SD)IGS,0,,0,False,,True,True,False,no_finding_recorded
24950,/workspace/andre01/honzawa/02-playground/toxpatho-patch-selector/data/TGGATEs/WSI/Liver/8_day/24950.svs,8 day,clofibrate,100,mg/kg,Middle,99,10,1,Male,Crj:CD(SD)IGS,0,,0,False,,True,True,False,no_finding_recorded
24953,/workspace/andre01/honzawa/02-playground/toxpatho-patch-selector/data/TGGATEs/WSI/Liver/8_day/24953.svs,8 day,clofibrate,100,mg/kg,Middle,99,10,2,Male,Crj:CD(SD)IGS,0,,0,False,,True,True,False,no_finding_recorded
24956,/workspace/andre01/honzawa/02-playground/toxpatho-patch-selector/data/TGGATEs/WSI/Liver/8_day/24956.svs,8 day,clofibrate,100,mg/kg,Middle,99,10,3,Male,Crj:CD(SD)IGS,0,,0,False,,True,True,False,no_finding_recorded
24960,/workspace/andre01/honzawa/02-playground/toxpatho-patch-selector/data/TGGATEs/WSI/Liver/8_day/24960.svs,8 day,clofibrate,100,mg/kg,Middle,99,10,5,Male,Crj:CD(SD)IGS,0,,0,False,,True,True,False,no_finding_recorded
24963,/workspace/andre01/honzawa/02-playground/toxpatho-patch-selector/data/TGGATEs/WSI/Liver/8_day/24963.svs,8 day,clofibrate,300,mg/kg,High,99,14,1,Male,Crj:CD(SD)IGS,2,1.0,2,True,minimal,True,True,False,recorded_finding
24965,/workspace/andre01/honzawa/02-playground/toxpatho-patch-selector/data/TGGATEs/WSI/Liver/8_day/24965.svs,8 day,clofibrate,300,mg/kg,High,99,14,2,Male,Crj:CD(SD)IGS,2,1.0,2,True,minimal,True,True,False,recorded_finding
24967,/workspace/andre01/honzawa/02-playground/toxpatho-patch-selector/data/TGGATEs/WSI/Liver/8_day/24967.svs,8 day,clofibrate,300,mg/kg,High,99,14,3,Male,Crj:CD(SD)IGS,2,1.0,2,True,minimal,True,True,False,recorded_finding
24969,/workspace/andre01/honzawa/02-playground/toxpatho-patch-selector/data/TGGATEs/WSI/Liver/8_day/24969.svs,8 day,clofibrate,300,mg/kg,High,99,14,4,Male,Crj:CD(SD)IGS,2,1.0,2,True,minimal,True,True,False,recorded_finding
24972,/workspace/andre01/honzawa/02-playground/toxpatho-patch-selector/data/TGGATEs/WSI/Liver/8_day/24972.svs,8 day,clofibrate,300,mg/kg,High,99,14,5,Male,Crj:CD(SD)IGS,4,1.0,2,True,minimal,True,True,False,recorded_finding
24974,/workspace/andre01/honzawa/02-playground/toxpatho-patch-selector/data/TGGATEs/WSI/Liver/15_day/24974.svs,15 day,clofibrate,0,mg/kg,Control,99,3,1,Male,Crj:CD(SD)IGS,0,,0,False,,True,True,False,no_finding_recorded
24976,/workspace/andre01/honzawa/02-playground/toxpatho-patch-selector/data/TGGATEs/WSI/Liver/15_day/24976.svs,15 day,clofibrate,0,mg/kg,Control,99,3,2,Male,Crj:CD(SD)IGS,1,1.0,0,True,minimal,True,True,False,recorded_finding
24979,/workspace/andre01/honzawa/02-playground/toxpatho-patch-selector/data/TGGATEs/WSI/Liver/15_day/24979.svs,15 day,clofibrate,0,mg/kg,Control,99,3,3,Male,Crj:CD(SD)IGS,0,,0,False,,True,True,False,no_finding_recorded
24981,/workspace/andre01/honzawa/02-playground/toxpatho-patch-selector/data/TGGATEs/WSI/Liver/15_day/24981.svs,15 day,clofibrate,0,mg/kg,Control,99,3,4,Male,Crj:CD(SD)IGS,0,,0,False,,True,True,False,no_finding_recorded
24983,/workspace/andre01/honzawa/02-playground/toxpatho-patch-selector/data/TGGATEs/WSI/Liver/15_day/24983.svs,15 day,clofibrate,0,mg/kg,Control,99,3,5,Male,Crj:CD(SD)IGS,0,,0,False,,True,True,False,no_finding_recorded
24986,/workspace/andre01/honzawa/02-playground/toxpatho-patch-selector/data/TGGATEs/WSI/Liver/15_day/24986.svs,15 day,clofibrate,30,mg/kg,Low,99,7,1,Male,Crj:CD(SD)IGS,0,,0,False,,True,True,False,no_finding_recorded
24989,/workspace/andre01/honzawa/02-playground/toxpatho-patch-selector/data/TGGATEs/WSI/Liver/15_day/24989.svs,15 day,clofibrate,30,mg/kg,Low,99,7,2,Male,Crj:CD(SD)IGS,0,,0,False,,True,True,False,no_finding_recorded
24992,/workspace/andre01/honzawa/02-playground/toxpatho-patch-selector/data/TGGATEs/WSI/Liver/15_day/24992.svs,15 day,clofibrate,30,mg/kg,Low,99,7,3,Male,Crj:CD(SD)IGS,0,,0,False,,True,True,False,no_finding_recorded
24994,/workspace/andre01/honzawa/02-playground/toxpatho-patch-selector/data/TGGATEs/WSI/Liver/15_day/24994.svs,15 day,clofibrate,30,mg/kg,Low,99,7,4,Male,Crj:CD(SD)IGS,0,,0,False,,True,True,False,no_finding_recorded
24997,/workspace/andre01/honzawa/02-playground/toxpatho-patch-selector/data/TGGATEs/WSI/Liver/15_day/24997.svs,15 day,clofibrate,30,mg/kg,Low,99,7,5,Male,Crj:CD(SD)IGS,0,,0,False,,True,True,False,no_finding_recorded
25000,/workspace/andre01/honzawa/02-playground/toxpatho-patch-selector/data/TGGATEs/WSI/Liver/15_day/25000.svs,15 day,clofibrate,100,mg/kg,Middle,99,11,1,Male,Crj:CD(SD)IGS,0,,0,False,,True,True,False,no_finding_recorded
25003,/workspace/andre01/honzawa/02-playground/toxpatho-patch-selector/data/TGGATEs/WSI/Liver/15_day/25003.svs,15 day,clofibrate,100,mg/kg,Middle,99,11,2,Male,Crj:CD(SD)IGS,0,,0,False,,True,True,False,no_finding_recorded
25005,/workspace/andre01/honzawa/02-playground/toxpatho-patch-selector/data/TGGATEs/WSI/Liver/15_day/25005.svs,15 day,clofibrate,100,mg/kg,Middle,99,11,3,Male,Crj:CD(SD)IGS,0,,0,False,,True,True,False,no_finding_recorded
25007,/workspace/andre01/honzawa/02-playground/toxpatho-patch-selector/data/TGGATEs/WSI/Liver/15_day/25007.svs,15 day,clofibrate,100,mg/kg,Middle,99,11,4,Male,Crj:CD(SD)IGS,0,,0,False,,True,True,False,no_finding_recorded
25010,/workspace/andre01/honzawa/02-playground/toxpatho-patch-selector/data/TGGATEs/WSI/Liver/15_day/25010.svs,15 day,clofibrate,100,mg/kg,Middle,99,11,5,Male,Crj:CD(SD)IGS,0,,0,False,,True,True,False,no_finding_recorded
25012,/workspace/andre01/honzawa/02-playground/toxpatho-patch-selector/data/TGGATEs/WSI/Liver/15_day/25012.svs,15 day,clofibrate,300,mg/kg,High,99,15,1,Male,Crj:CD(SD)IGS,2,1.0,2,True,minimal,True,True,False,recorded_finding
25015,/workspace/andre01/honzawa/02-playground/toxpatho-patch-selector/data/TGGATEs/WSI/Liver/15_day/25015.svs,15 day,clofibrate,300,mg/kg,High,99,15,2,Male,Crj:CD(SD)IGS,2,1.0,2,True,minimal,True,True,False,recorded_finding
25021,/workspace/andre01/honzawa/02-playground/toxpatho-patch-selector/data/TGGATEs/WSI/Liver/15_day/25021.svs,15 day,clofibrate,300,mg/kg,High,99,15,4,Male,Crj:CD(SD)IGS,3,1.0,2,True,minimal,True,True,False,recorded_finding
25024,/workspace/andre01/honzawa/02-playground/toxpatho-patch-selector/data/TGGATEs/WSI/Liver/15_day/25024.svs,15 day,clofibrate,300,mg/kg,High,99,15,5,Male,Crj:CD(SD)IGS,2,1.0,2,True,minimal,True,True,False,recorded_finding
25026,/workspace/andre01/honzawa/02-playground/toxpatho-patch-selector/data/TGGATEs/WSI/Liver/29_day/25026.svs,29 day,clofibrate,0,mg/kg,Control,99,4,1,Male,Crj:CD(SD)IGS,0,,0,False,,True,True,False,no_finding_recorded
25028,/workspace/andre01/honzawa/02-playground/toxpatho-patch-selector/data/TGGATEs/WSI/Liver/29_day/25028.svs,29 day,clofibrate,0,mg/kg,Control,99,4,2,Male,Crj:CD(SD)IGS,0,,0,False,,True,True,False,no_finding_recorded
25030,/workspace/andre01/honzawa/02-playground/toxpatho-patch-selector/data/TGGATEs/WSI/Liver/29_day/25030.svs,29 day,clofibrate,0,mg/kg,Control,99,4,3,Male,Crj:CD(SD)IGS,1,1.0,0,True,minimal,True,True,False,recorded_finding
25032,/workspace/andre01/honzawa/02-playground/toxpatho-patch-selector/data/TGGATEs/WSI/Liver/29_day/25032.svs,29 day,clofibrate,0,mg/kg,Control,99,4,4,Male,Crj:CD(SD)IGS,0,,0,False,,True,True,False,no_finding_recorded
25034,/workspace/andre01/honzawa/02-playground/toxpatho-patch-selector/data/TGGATEs/WSI/Liver/29_day/25034.svs,29 day,clofibrate,0,mg/kg,Control,99,4,5,Male,Crj:CD(SD)IGS,0,,0,False,,True,True,False,no_finding_recorded
25036,/workspace/andre01/honzawa/02-playground/toxpatho-patch-selector/data/TGGATEs/WSI/Liver/29_day/25036.svs,29 day,clofibrate,30,mg/kg,Low,99,8,1,Male,Crj:CD(SD)IGS,0,,0,False,,True,True,False,no_finding_recorded
25038,/workspace/andre01/honzawa/02-playground/toxpatho-patch-selector/data/TGGATEs/WSI/Liver/29_day/25038.svs,29 day,clofibrate,30,mg/kg,Low,99,8,2,Male,Crj:CD(SD)IGS,1,1.0,0,True,minimal,True,True,False,recorded_finding
25040,/workspace/andre01/honzawa/02-playground/toxpatho-patch-selector/data/TGGATEs/WSI/Liver/29_day/25040.svs,29 day,clofibrate,30,mg/kg,Low,99,8,3,Male,Crj:CD(SD)IGS,0,,0,False,,True,True,False,no_finding_recorded
25042,/workspace/andre01/honzawa/02-playground/toxpatho-patch-selector/data/TGGATEs/WSI/Liver/29_day/25042.svs,29 day,clofibrate,30,mg/kg,Low,99,8,4,Male,Crj:CD(SD)IGS,0,,0,False,,True,True,False,no_finding_recorded
25045,/workspace/andre01/honzawa/02-playground/toxpatho-patch-selector/data/TGGATEs/WSI/Liver/29_day/25045.svs,29 day,clofibrate,30,mg/kg,Low,99,8,5,Male,Crj:CD(SD)IGS,0,,0,False,,True,True,False,no_finding_recorded
25047,/workspace/andre01/honzawa/02-playground/toxpatho-patch-selector/data/TGGATEs/WSI/Liver/29_day/25047.svs,29 day,clofibrate,100,mg/kg,Middle,99,12,1,Male,Crj:CD(SD)IGS,2,1.0,2,True,minimal,True,True,False,recorded_finding
25050,/workspace/andre01/honzawa/02-playground/toxpatho-patch-selector/data/TGGATEs/WSI/Liver/29_day/25050.svs,29 day,clofibrate,100,mg/kg,Middle,99,12,2,Male,Crj:CD(SD)IGS,1,1.0,1,True,minimal,True,True,False,recorded_finding
25053,/workspace/andre01/honzawa/02-playground/toxpatho-patch-selector/data/TGGATEs/WSI/Liver/29_day/25053.svs,29 day,clofibrate,100,mg/kg,Middle,99,12,3,Male,Crj:CD(SD)IGS,2,1.0,2,True,minimal,True,True,False,recorded_finding
25055,/workspace/andre01/honzawa/02-playground/toxpatho-patch-selector/data/TGGATEs/WSI/Liver/29_day/25055.svs,29 day,clofibrate,100,mg/kg,Middle,99,12,4,Male,Crj:CD(SD)IGS,2,1.0,2,True,minimal,True,True,False,recorded_finding
25057,/workspace/andre01/honzawa/02-playground/toxpatho-patch-selector/data/TGGATEs/WSI/Liver/29_day/25057.svs,29 day,clofibrate,100,mg/kg,Middle,99,12,5,Male,Crj:CD(SD)IGS,2,1.0,2,True,minimal,True,True,False,recorded_finding
25060,/workspace/andre01/honzawa/02-playground/toxpatho-patch-selector/data/TGGATEs/WSI/Liver/29_day/25060.svs,29 day,clofibrate,300,mg/kg,High,99,16,1,Male,Crj:CD(SD)IGS,3,2.0,2,True,slight,True,True,False,recorded_finding
25063,/workspace/andre01/honzawa/02-playground/toxpatho-patch-selector/data/TGGATEs/WSI/Liver/29_day/25063.svs,29 day,clofibrate,300,mg/kg,High,99,16,2,Male,Crj:CD(SD)IGS,2,2.0,2,True,slight,True,True,False,recorded_finding
25065,/workspace/andre01/honzawa/02-playground/toxpatho-patch-selector/data/TGGATEs/WSI/Liver/29_day/25065.svs,29 day,clofibrate,300,mg/kg,High,99,16,3,Male,Crj:CD(SD)IGS,3,2.0,2,True,slight,True,True,False,recorded_finding
25067,/workspace/andre01/honzawa/02-playground/toxpatho-patch-selector/data/TGGATEs/WSI/Liver/29_day/25067.svs,29 day,clofibrate,300,mg/kg,High,99,16,4,Male,Crj:CD(SD)IGS,2,2.0,2,True,slight,True,True,False,recorded_finding
25069,/workspace/andre01/honzawa/02-playground/toxpatho-patch-selector/data/TGGATEs/WSI/Liver/29_day/25069.svs,29 day,clofibrate,300,mg/kg,High,99,16,5,Male,Crj:CD(SD)IGS,2,2.0,2,True,slight,True,True,False,recorded_finding
25229,/workspace/andre01/honzawa/02-playground/toxpatho-patch-selector/data/TGGATEs/WSI/Liver/4_day/25229.svs,4 day,naphthyl isothiocyanate,0,mg/kg,Control,101,1,1,Male,Crj:CD(SD)IGS,0,,0,False,,True,True,False,no_finding_recorded
25232,/workspace/andre01/honzawa/02-playground/toxpatho-patch-selector/data/TGGATEs/WSI/Liver/4_day/25232.svs,4 day,naphthyl isothiocyanate,0,mg/kg,Control,101,1,2,Male,Crj:CD(SD)IGS,0,,0,False,,True,True,False,no_finding_recorded
25234,/workspace/andre01/honzawa/02-playground/toxpatho-patch-selector/data/TGGATEs/WSI/Liver/4_day/25234.svs,4 day,naphthyl isothiocyanate,0,mg/kg,Control,101,1,3,Male,Crj:CD(SD)IGS,0,,0,False,,True,True,False,no_finding_recorded
25236,/workspace/andre01/honzawa/02-playground/toxpatho-patch-selector/data/TGGATEs/WSI/Liver/4_day/25236.svs,4 day,naphthyl isothiocyanate,0,mg/kg,Control,101,1,4,Male,Crj:CD(SD)IGS,0,,0,False,,True,True,False,no_finding_recorded
25239,/workspace/andre01/honzawa/02-playground/toxpatho-patch-selector/data/TGGATEs/WSI/Liver/4_day/25239.svs,4 day,naphthyl isothiocyanate,0,mg/kg,Control,101,1,5,Male,Crj:CD(SD)IGS,0,,0,False,,True,True,False,no_finding_recorded
25241,/workspace/andre01/honzawa/02-playground/toxpatho-patch-selector/data/TGGATEs/WSI/Liver/4_day/25241.svs,4 day,naphthyl isothiocyanate,2,mg/kg,Low,101,5,1,Male,Crj:CD(SD)IGS,0,,0,False,,True,True,False,no_finding_recorded
25243,/workspace/andre01/honzawa/02-playground/toxpatho-patch-selector/data/TGGATEs/WSI/Liver/4_day/25243.svs,4 day,naphthyl isothiocyanate,2,mg/kg,Low,101,5,2,Male,Crj:CD(SD)IGS,0,,0,False,,True,True,False,no_finding_recorded
25247,/workspace/andre01/honzawa/02-playground/toxpatho-patch-selector/data/TGGATEs/WSI/Liver/4_day/25247.svs,4 day,naphthyl isothiocyanate,2,mg/kg,Low,101,5,3,Male,Crj:CD(SD)IGS,0,,0,False,,True,True,False,no_finding_recorded
25250,/workspace/andre01/honzawa/02-playground/toxpatho-patch-selector/data/TGGATEs/WSI/Liver/4_day/25250.svs,4 day,naphthyl isothiocyanate,2,mg/kg,Low,101,5,4,Male,Crj:CD(SD)IGS,0,,0,False,,True,True,False,no_finding_recorded
25253,/workspace/andre01/honzawa/02-playground/toxpatho-patch-selector/data/TGGATEs/WSI/Liver/4_day/25253.svs,4 day,naphthyl isothiocyanate,2,mg/kg,Low,101,5,5,Male,Crj:CD(SD)IGS,0,,0,False,,True,True,False,no_finding_recorded
25255,/workspace/andre01/honzawa/02-playground/toxpatho-patch-selector/data/TGGATEs/WSI/Liver/4_day/25255.svs,4 day,naphthyl isothiocyanate,5,mg/kg,Middle,101,9,1,Male,Crj:CD(SD)IGS,0,,0,False,,True,True,False,no_finding_recorded
25258,/workspace/andre01/honzawa/02-playground/toxpatho-patch-selector/data/TGGATEs/WSI/Liver/4_day/25258.svs,4 day,naphthyl isothiocyanate,5,mg/kg,Middle,101,9,2,Male,Crj:CD(SD)IGS,0,,0,False,,True,True,False,no_finding_recorded
25261,/workspace/andre01/honzawa/02-playground/toxpatho-patch-selector/data/TGGATEs/WSI/Liver/4_day/25261.svs,4 day,naphthyl isothiocyanate,5,mg/kg,Middle,101,9,3,Male,Crj:CD(SD)IGS,0,,0,False,,True,True,False,no_finding_recorded
25263,/workspace/andre01/honzawa/02-playground/toxpatho-patch-selector/data/TGGATEs/WSI/Liver/4_day/25263.svs,4 day,naphthyl isothiocyanate,5,mg/kg,Middle,101,9,4,Male,Crj:CD(SD)IGS,0,,0,False,,True,True,False,no_finding_recorded
25266,/workspace/andre01/honzawa/02-playground/toxpatho-patch-selector/data/TGGATEs/WSI/Liver/4_day/25266.svs,4 day,naphthyl isothiocyanate,5,mg/kg,Middle,101,9,5,Male,Crj:CD(SD)IGS,0,,0,False,,True,True,False,no_finding_recorded
25268,/workspace/andre01/honzawa/02-playground/toxpatho-patch-selector/data/TGGATEs/WSI/Liver/4_day/25268.svs,4 day,naphthyl isothiocyanate,15,mg/kg,High,101,13,1,Male,Crj:CD(SD)IGS,2,1.0,2,True,minimal,True,True,False,recorded_finding
25270,/workspace/andre01/honzawa/02-playground/toxpatho-patch-selector/data/TGGATEs/WSI/Liver/4_day/25270.svs,4 day,naphthyl isothiocyanate,15,mg/kg,High,101,13,2,Male,Crj:CD(SD)IGS,4,2.0,4,True,slight,True,True,False,recorded_finding
25272,/workspace/andre01/honzawa/02-playground/toxpatho-patch-selector/data/TGGATEs/WSI/Liver/4_day/25272.svs,4 day,naphthyl isothiocyanate,15,mg/kg,High,101,13,3,Male,Crj:CD(SD)IGS,4,1.0,4,True,minimal,True,True,False,recorded_finding
25275,/workspace/andre01/honzawa/02-playground/toxpatho-patch-selector/data/TGGATEs/WSI/Liver/4_day/25275.svs,4 day,naphthyl isothiocyanate,15,mg/kg,High,101,13,4,Male,Crj:CD(SD)IGS,4,1.0,4,True,minimal,True,True,False,recorded_finding
25278,/workspace/andre01/honzawa/02-playground/toxpatho-patch-selector/data/TGGATEs/WSI/Liver/4_day/25278.svs,4 day,naphthyl isothiocyanate,15,mg/kg,High,101,13,5,Male,Crj:CD(SD)IGS,4,2.0,4,True,slight,True,True,False,recorded_finding
25281,/workspace/andre01/honzawa/02-playground/toxpatho-patch-selector/data/TGGATEs/WSI/Liver/8_day/25281.svs,8 day,naphthyl isothiocyanate,0,mg/kg,Control,101,2,1,Male,Crj:CD(SD)IGS,0,,0,False,,True,True,False,no_finding_recorded
25283,/workspace/andre01/honzawa/02-playground/toxpatho-patch-selector/data/TGGATEs/WSI/Liver/8_day/25283.svs,8 day,naphthyl isothiocyanate,0,mg/kg,Control,101,2,2,Male,Crj:CD(SD)IGS,0,,0,False,,True,True,False,no_finding_recorded
25286,/workspace/andre01/honzawa/02-playground/toxpatho-patch-selector/data/TGGATEs/WSI/Liver/8_day/25286.svs,8 day,naphthyl isothiocyanate,0,mg/kg,Control,101,2,3,Male,Crj:CD(SD)IGS,0,,0,False,,True,True,False,no_finding_recorded
25290,/workspace/andre01/honzawa/02-playground/toxpatho-patch-selector/data/TGGATEs/WSI/Liver/8_day/25290.svs,8 day,naphthyl isothiocyanate,0,mg/kg,Control,101,2,4,Male,Crj:CD(SD)IGS,0,,0,False,,True,True,False,no_finding_recorded
25292,/workspace/andre01/honzawa/02-playground/toxpatho-patch-selector/data/TGGATEs/WSI/Liver/8_day/25292.svs,8 day,naphthyl isothiocyanate,0,mg/kg,Control,101,2,5,Male,Crj:CD(SD)IGS,0,,0,False,,True,True,False,no_finding_recorded
25294,/workspace/andre01/honzawa/02-playground/toxpatho-patch-selector/data/TGGATEs/WSI/Liver/8_day/25294.svs,8 day,naphthyl isothiocyanate,2,mg/kg,Low,101,6,1,Male,Crj:CD(SD)IGS,0,,0,False,,True,True,False,no_finding_recorded
25296,/workspace/andre01/honzawa/02-playground/toxpatho-patch-selector/data/TGGATEs/WSI/Liver/8_day/25296.svs,8 day,naphthyl isothiocyanate,2,mg/kg,Low,101,6,2,Male,Crj:CD(SD)IGS,0,,0,False,,True,True,False,no_finding_recorded
25299,/workspace/andre01/honzawa/02-playground/toxpatho-patch-selector/data/TGGATEs/WSI/Liver/8_day/25299.svs,8 day,naphthyl isothiocyanate,2,mg/kg,Low,101,6,3,Male,Crj:CD(SD)IGS,1,1.0,0,True,minimal,True,True,False,recorded_finding
25302,/workspace/andre01/honzawa/02-playground/toxpatho-patch-selector/data/TGGATEs/WSI/Liver/8_day/25302.svs,8 day,naphthyl isothiocyanate,2,mg/kg,Low,101,6,4,Male,Crj:CD(SD)IGS,0,,0,False,,True,True,False,no_finding_recorded
25304,/workspace/andre01/honzawa/02-playground/toxpatho-patch-selector/data/TGGATEs/WSI/Liver/8_day/25304.svs,8 day,naphthyl isothiocyanate,2,mg/kg,Low,101,6,5,Male,Crj:CD(SD)IGS,0,,0,False,,True,True,False,no_finding_recorded
25306,/workspace/andre01/honzawa/02-playground/toxpatho-patch-selector/data/TGGATEs/WSI/Liver/8_day/25306.svs,8 day,naphthyl isothiocyanate,5,mg/kg,Middle,101,10,1,Male,Crj:CD(SD)IGS,0,,0,False,,True,True,False,no_finding_recorded
25308,/workspace/andre01/honzawa/02-playground/toxpatho-patch-selector/data/TGGATEs/WSI/Liver/8_day/25308.svs,8 day,naphthyl isothiocyanate,5,mg/kg,Middle,101,10,2,Male,Crj:CD(SD)IGS,0,,0,False,,True,True,False,no_finding_recorded
25311,/workspace/andre01/honzawa/02-playground/toxpatho-patch-selector/data/TGGATEs/WSI/Liver/8_day/25311.svs,8 day,naphthyl isothiocyanate,5,mg/kg,Middle,101,10,3,Male,Crj:CD(SD)IGS,0,,0,False,,True,True,False,no_finding_recorded
25313,/workspace/andre01/honzawa/02-playground/toxpatho-patch-selector/data/TGGATEs/WSI/Liver/8_day/25313.svs,8 day,naphthyl isothiocyanate,5,mg/kg,Middle,101,10,4,Male,Crj:CD(SD)IGS,0,,0,False,,True,True,False,no_finding_recorded
25316,/workspace/andre01/honzawa/02-playground/toxpatho-patch-selector/data/TGGATEs/WSI/Liver/8_day/25316.svs,8 day,naphthyl isothiocyanate,5,mg/kg,Middle,101,10,5,Male,Crj:CD(SD)IGS,0,,0,False,,True,True,False,no_finding_recorded
25319,/workspace/andre01/honzawa/02-playground/toxpatho-patch-selector/data/TGGATEs/WSI/Liver/8_day/25319.svs,8 day,naphthyl isothiocyanate,15,mg/kg,High,101,14,1,Male,Crj:CD(SD)IGS,4,1.0,4,True,minimal,True,True,False,recorded_finding
25321,/workspace/andre01/honzawa/02-playground/toxpatho-patch-selector/data/TGGATEs/WSI/Liver/8_day/25321.svs,8 day,naphthyl isothiocyanate,15,mg/kg,High,101,14,2,Male,Crj:CD(SD)IGS,4,1.0,4,True,minimal,True,True,False,recorded_finding
25325,/workspace/andre01/honzawa/02-playground/toxpatho-patch-selector/data/TGGATEs/WSI/Liver/8_day/25325.svs,8 day,naphthyl isothiocyanate,15,mg/kg,High,101,14,3,Male,Crj:CD(SD)IGS,5,2.0,5,True,slight,True,True,False,recorded_finding
25330,/workspace/andre01/honzawa/02-playground/toxpatho-patch-selector/data/TGGATEs/WSI/Liver/8_day/25330.svs,8 day,naphthyl isothiocyanate,15,mg/kg,High,101,14,4,Male,Crj:CD(SD)IGS,5,1.0,5,True,minimal,True,True,False,recorded_finding
25332,/workspace/andre01/honzawa/02-playground/toxpatho-patch-selector/data/TGGATEs/WSI/Liver/8_day/25332.svs,8 day,naphthyl isothiocyanate,15,mg/kg,High,101,14,5,Male,Crj:CD(SD)IGS,3,1.0,3,True,minimal,True,True,False,recorded_finding
25334,/workspace/andre01/honzawa/02-playground/toxpatho-patch-selector/data/TGGATEs/WSI/Liver/15_day/25334.svs,15 day,naphthyl isothiocyanate,0,mg/kg,Control,101,3,1,Male,Crj:CD(SD)IGS,0,,0,False,,True,True,False,no_finding_recorded
25337,/workspace/andre01/honzawa/02-playground/toxpatho-patch-selector/data/TGGATEs/WSI/Liver/15_day/25337.svs,15 day,naphthyl isothiocyanate,0,mg/kg,Control,101,3,2,Male,Crj:CD(SD)IGS,0,,0,False,,True,True,False,no_finding_recorded
25339,/workspace/andre01/honzawa/02-playground/toxpatho-patch-selector/data/TGGATEs/WSI/Liver/15_day/25339.svs,15 day,naphthyl isothiocyanate,0,mg/kg,Control,101,3,3,Male,Crj:CD(SD)IGS,0,,0,False,,True,True,False,no_finding_recorded
25340,/workspace/andre01/honzawa/02-playground/toxpatho-patch-selector/data/TGGATEs/WSI/Liver/15_day/25340.svs,15 day,naphthyl isothiocyanate,0,mg/kg,Control,101,3,4,Male,Crj:CD(SD)IGS,0,,0,False,,True,True,False,no_finding_recorded
25343,/workspace/andre01/honzawa/02-playground/toxpatho-patch-selector/data/TGGATEs/WSI/Liver/15_day/25343.svs,15 day,naphthyl isothiocyanate,0,mg/kg,Control,101,3,5,Male,Crj:CD(SD)IGS,0,,0,False,,True,True,False,no_finding_recorded
25345,/workspace/andre01/honzawa/02-playground/toxpatho-patch-selector/data/TGGATEs/WSI/Liver/15_day/25345.svs,15 day,naphthyl isothiocyanate,2,mg/kg,Low,101,7,1,Male,Crj:CD(SD)IGS,0,,0,False,,True,True,False,no_finding_recorded
25348,/workspace/andre01/honzawa/02-playground/toxpatho-patch-selector/data/TGGATEs/WSI/Liver/15_day/25348.svs,15 day,naphthyl isothiocyanate,2,mg/kg,Low,101,7,2,Male,Crj:CD(SD)IGS,0,,0,False,,True,True,False,no_finding_recorded
25350,/workspace/andre01/honzawa/02-playground/toxpatho-patch-selector/data/TGGATEs/WSI/Liver/15_day/25350.svs,15 day,naphthyl isothiocyanate,2,mg/kg,Low,101,7,3,Male,Crj:CD(SD)IGS,0,,0,False,,True,True,False,no_finding_recorded
25352,/workspace/andre01/honzawa/02-playground/toxpatho-patch-selector/data/TGGATEs/WSI/Liver/15_day/25352.svs,15 day,naphthyl isothiocyanate,2,mg/kg,Low,101,7,4,Male,Crj:CD(SD)IGS,0,,0,False,,True,True,False,no_finding_recorded
25355,/workspace/andre01/honzawa/02-playground/toxpatho-patch-selector/data/TGGATEs/WSI/Liver/15_day/25355.svs,15 day,naphthyl isothiocyanate,2,mg/kg,Low,101,7,5,Male,Crj:CD(SD)IGS,0,,0,False,,True,True,False,no_finding_recorded
25357,/workspace/andre01/honzawa/02-playground/toxpatho-patch-selector/data/TGGATEs/WSI/Liver/15_day/25357.svs,15 day,naphthyl isothiocyanate,5,mg/kg,Middle,101,11,1,Male,Crj:CD(SD)IGS,0,,0,False,,True,True,False,no_finding_recorded
25360,/workspace/andre01/honzawa/02-playground/toxpatho-patch-selector/data/TGGATEs/WSI/Liver/15_day/25360.svs,15 day,naphthyl isothiocyanate,5,mg/kg,Middle,101,11,2,Male,Crj:CD(SD)IGS,0,,0,False,,True,True,False,no_finding_recorded
25362,/workspace/andre01/honzawa/02-playground/toxpatho-patch-selector/data/TGGATEs/WSI/Liver/15_day/25362.svs,15 day,naphthyl isothiocyanate,5,mg/kg,Middle,101,11,3,Male,Crj:CD(SD)IGS,0,,0,False,,True,True,False,no_finding_recorded
25364,/workspace/andre01/honzawa/02-playground/toxpatho-patch-selector/data/TGGATEs/WSI/Liver/15_day/25364.svs,15 day,naphthyl isothiocyanate,5,mg/kg,Middle,101,11,4,Male,Crj:CD(SD)IGS,0,,0,False,,True,True,False,no_finding_recorded
25368,/workspace/andre01/honzawa/02-playground/toxpatho-patch-selector/data/TGGATEs/WSI/Liver/15_day/25368.svs,15 day,naphthyl isothiocyanate,5,mg/kg,Middle,101,11,5,Male,Crj:CD(SD)IGS,0,,0,False,,True,True,False,no_finding_recorded
25370,/workspace/andre01/honzawa/02-playground/toxpatho-patch-selector/data/TGGATEs/WSI/Liver/15_day/25370.svs,15 day,naphthyl isothiocyanate,15,mg/kg,High,101,15,1,Male,Crj:CD(SD)IGS,3,2.0,3,True,slight,True,True,False,recorded_finding
25371,/workspace/andre01/honzawa/02-playground/toxpatho-patch-selector/data/TGGATEs/WSI/Liver/15_day/25371.svs,15 day,naphthyl isothiocyanate,15,mg/kg,High,101,15,2,Male,Crj:CD(SD)IGS,5,2.0,5,True,slight,True,True,False,recorded_finding
25373,/workspace/andre01/honzawa/02-playground/toxpatho-patch-selector/data/TGGATEs/WSI/Liver/15_day/25373.svs,15 day,naphthyl isothiocyanate,15,mg/kg,High,101,15,3,Male,Crj:CD(SD)IGS,3,1.0,3,True,minimal,True,True,False,recorded_finding
25375,/workspace/andre01/honzawa/02-playground/toxpatho-patch-selector/data/TGGATEs/WSI/Liver/15_day/25375.svs,15 day,naphthyl isothiocyanate,15,mg/kg,High,101,15,4,Male,Crj:CD(SD)IGS,5,2.0,5,True,slight,True,True,False,recorded_finding
25378,/workspace/andre01/honzawa/02-playground/toxpatho-patch-selector/data/TGGATEs/WSI/Liver/15_day/25378.svs,15 day,naphthyl isothiocyanate,15,mg/kg,High,101,15,5,Male,Crj:CD(SD)IGS,3,2.0,3,True,slight,True,True,False,recorded_finding
25382,/workspace/andre01/honzawa/02-playground/toxpatho-patch-selector/data/TGGATEs/WSI/Liver/29_day/25382.svs,29 day,naphthyl isothiocyanate,0,mg/kg,Control,101,4,1,Male,Crj:CD(SD)IGS,1,1.0,0,True,minimal,True,True,False,recorded_finding
25384,/workspace/andre01/honzawa/02-playground/toxpatho-patch-selector/data/TGGATEs/WSI/Liver/29_day/25384.svs,29 day,naphthyl isothiocyanate,0,mg/kg,Control,101,4,2,Male,Crj:CD(SD)IGS,1,1.0,0,True,minimal,True,True,False,recorded_finding
25387,/workspace/andre01/honzawa/02-playground/toxpatho-patch-selector/data/TGGATEs/WSI/Liver/29_day/25387.svs,29 day,naphthyl isothiocyanate,0,mg/kg,Control,101,4,3,Male,Crj:CD(SD)IGS,0,,0,False,,True,True,False,no_finding_recorded
25391,/workspace/andre01/honzawa/02-playground/toxpatho-patch-selector/data/TGGATEs/WSI/Liver/29_day/25391.svs,29 day,naphthyl isothiocyanate,0,mg/kg,Control,101,4,4,Male,Crj:CD(SD)IGS,0,,0,False,,True,True,False,no_finding_recorded
25394,/workspace/andre01/honzawa/02-playground/toxpatho-patch-selector/data/TGGATEs/WSI/Liver/29_day/25394.svs,29 day,naphthyl isothiocyanate,0,mg/kg,Control,101,4,5,Male,Crj:CD(SD)IGS,0,,0,False,,True,True,False,no_finding_recorded
25397,/workspace/andre01/honzawa/02-playground/toxpatho-patch-selector/data/TGGATEs/WSI/Liver/29_day/25397.svs,29 day,naphthyl isothiocyanate,2,mg/kg,Low,101,8,1,Male,Crj:CD(SD)IGS,0,,0,False,,True,True,False,no_finding_recorded
25399,/workspace/andre01/honzawa/02-playground/toxpatho-patch-selector/data/TGGATEs/WSI/Liver/29_day/25399.svs,29 day,naphthyl isothiocyanate,2,mg/kg,Low,101,8,2,Male,Crj:CD(SD)IGS,0,,0,False,,True,True,False,no_finding_recorded
25402,/workspace/andre01/honzawa/02-playground/toxpatho-patch-selector/data/TGGATEs/WSI/Liver/29_day/25402.svs,29 day,naphthyl isothiocyanate,2,mg/kg,Low,101,8,3,Male,Crj:CD(SD)IGS,0,,0,False,,True,True,False,no_finding_recorded
25405,/workspace/andre01/honzawa/02-playground/toxpatho-patch-selector/data/TGGATEs/WSI/Liver/29_day/25405.svs,29 day,naphthyl isothiocyanate,2,mg/kg,Low,101,8,4,Male,Crj:CD(SD)IGS,0,,0,False,,True,True,False,no_finding_recorded
25407,/workspace/andre01/honzawa/02-playground/toxpatho-patch-selector/data/TGGATEs/WSI/Liver/29_day/25407.svs,29 day,naphthyl isothiocyanate,2,mg/kg,Low,101,8,5,Male,Crj:CD(SD)IGS,0,,0,False,,True,True,False,no_finding_recorded
25409,/workspace/andre01/honzawa/02-playground/toxpatho-patch-selector/data/TGGATEs/WSI/Liver/29_day/25409.svs,29 day,naphthyl isothiocyanate,5,mg/kg,Middle,101,12,1,Male,Crj:CD(SD)IGS,0,,0,False,,True,True,False,no_finding_recorded
25412,/workspace/andre01/honzawa/02-playground/toxpatho-patch-selector/data/TGGATEs/WSI/Liver/29_day/25412.svs,29 day,naphthyl isothiocyanate,5,mg/kg,Middle,101,12,2,Male,Crj:CD(SD)IGS,0,,0,False,,True,True,False,no_finding_recorded
25414,/workspace/andre01/honzawa/02-playground/toxpatho-patch-selector/data/TGGATEs/WSI/Liver/29_day/25414.svs,29 day,naphthyl isothiocyanate,5,mg/kg,Middle,101,12,3,Male,Crj:CD(SD)IGS,0,,0,False,,True,True,False,no_finding_recorded
25417,/workspace/andre01/honzawa/02-playground/toxpatho-patch-selector/data/TGGATEs/WSI/Liver/29_day/25417.svs,29 day,naphthyl isothiocyanate,5,mg/kg,Middle,101,12,4,Male,Crj:CD(SD)IGS,0,,0,False,,True,True,False,no_finding_recorded
25421,/workspace/andre01/honzawa/02-playground/toxpatho-patch-selector/data/TGGATEs/WSI/Liver/29_day/25421.svs,29 day,naphthyl isothiocyanate,5,mg/kg,Middle,101,12,5,Male,Crj:CD(SD)IGS,0,,0,False,,True,True,False,no_finding_recorded
25423,/workspace/andre01/honzawa/02-playground/toxpatho-patch-selector/data/TGGATEs/WSI/Liver/29_day/25423.svs,29 day,naphthyl isothiocyanate,15,mg/kg,High,101,16,1,Male,Crj:CD(SD)IGS,2,2.0,2,True,slight,True,True,False,recorded_finding
25426,/workspace/andre01/honzawa/02-playground/toxpatho-patch-selector/data/TGGATEs/WSI/Liver/29_day/25426.svs,29 day,naphthyl isothiocyanate,15,mg/kg,High,101,16,2,Male,Crj:CD(SD)IGS,3,1.0,3,True,minimal,True,True,False,recorded_finding
25429,/workspace/andre01/honzawa/02-playground/toxpatho-patch-selector/data/TGGATEs/WSI/Liver/29_day/25429.svs,29 day,naphthyl isothiocyanate,15,mg/kg,High,101,16,3,Male,Crj:CD(SD)IGS,3,2.0,3,True,slight,True,True,False,recorded_finding
25431,/workspace/andre01/honzawa/02-playground/toxpatho-patch-selector/data/TGGATEs/WSI/Liver/29_day/25431.svs,29 day,naphthyl isothiocyanate,15,mg/kg,High,101,16,4,Male,Crj:CD(SD)IGS,4,2.0,4,True,slight,True,True,False,recorded_finding
25434,/workspace/andre01/honzawa/02-playground/toxpatho-patch-selector/data/TGGATEs/WSI/Liver/29_day/25434.svs,29 day,naphthyl isothiocyanate,15,mg/kg,High,101,16,5,Male,Crj:CD(SD)IGS,3,2.0,3,True,slight,True,True,False,recorded_finding
25516,/workspace/andre01/honzawa/02-playground/toxpatho-patch-selector/data/TGGATEs/WSI/Liver/4_day/25516.svs,4 day,phenobarbital,0,mg/kg,Control,93,1,1,Male,Crj:CD(SD)IGS,0,,0,False,,True,True,False,no_finding_recorded
25519,/workspace/andre01/honzawa/02-playground/toxpatho-patch-selector/data/TGGATEs/WSI/Liver/4_day/25519.svs,4 day,phenobarbital,0,mg/kg,Control,93,1,2,Male,Crj:CD(SD)IGS,0,,0,False,,True,True,False,no_finding_recorded
25521,/workspace/andre01/honzawa/02-playground/toxpatho-patch-selector/data/TGGATEs/WSI/Liver/4_day/25521.svs,4 day,phenobarbital,0,mg/kg,Control,93,1,3,Male,Crj:CD(SD)IGS,0,,0,False,,True,True,False,no_finding_recorded
25523,/workspace/andre01/honzawa/02-playground/toxpatho-patch-selector/data/TGGATEs/WSI/Liver/4_day/25523.svs,4 day,phenobarbital,0,mg/kg,Control,93,1,4,Male,Crj:CD(SD)IGS,0,,0,False,,True,True,False,no_finding_recorded
25526,/workspace/andre01/honzawa/02-playground/toxpatho-patch-selector/data/TGGATEs/WSI/Liver/4_day/25526.svs,4 day,phenobarbital,0,mg/kg,Control,93,1,5,Male,Crj:CD(SD)IGS,0,,0,False,,True,True,False,no_finding_recorded
25528,/workspace/andre01/honzawa/02-playground/toxpatho-patch-selector/data/TGGATEs/WSI/Liver/8_day/25528.svs,8 day,phenobarbital,0,mg/kg,Control,93,2,1,Male,Crj:CD(SD)IGS,0,,0,False,,True,True,False,no_finding_recorded
25531,/workspace/andre01/honzawa/02-playground/toxpatho-patch-selector/data/TGGATEs/WSI/Liver/8_day/25531.svs,8 day,phenobarbital,0,mg/kg,Control,93,2,2,Male,Crj:CD(SD)IGS,0,,0,False,,True,True,False,no_finding_recorded
25533,/workspace/andre01/honzawa/02-playground/toxpatho-patch-selector/data/TGGATEs/WSI/Liver/8_day/25533.svs,8 day,phenobarbital,0,mg/kg,Control,93,2,3,Male,Crj:CD(SD)IGS,0,,0,False,,True,True,False,no_finding_recorded
25535,/workspace/andre01/honzawa/02-playground/toxpatho-patch-selector/data/TGGATEs/WSI/Liver/8_day/25535.svs,8 day,phenobarbital,0,mg/kg,Control,93,2,4,Male,Crj:CD(SD)IGS,0,,0,False,,True,True,False,no_finding_recorded
25538,/workspace/andre01/honzawa/02-playground/toxpatho-patch-selector/data/TGGATEs/WSI/Liver/8_day/25538.svs,8 day,phenobarbital,0,mg/kg,Control,93,2,5,Male,Crj:CD(SD)IGS,0,,0,False,,True,True,False,no_finding_recorded
25540,/workspace/andre01/honzawa/02-playground/toxpatho-patch-selector/data/TGGATEs/WSI/Liver/15_day/25540.svs,15 day,phenobarbital,0,mg/kg,Control,93,3,1,Male,Crj:CD(SD)IGS,0,,0,False,,True,True,False,no_finding_recorded
25543,/workspace/andre01/honzawa/02-playground/toxpatho-patch-selector/data/TGGATEs/WSI/Liver/15_day/25543.svs,15 day,phenobarbital,0,mg/kg,Control,93,3,2,Male,Crj:CD(SD)IGS,0,,0,False,,True,True,False,no_finding_recorded
25545,/workspace/andre01/honzawa/02-playground/toxpatho-patch-selector/data/TGGATEs/WSI/Liver/15_day/25545.svs,15 day,phenobarbital,0,mg/kg,Control,93,3,3,Male,Crj:CD(SD)IGS,0,,0,False,,True,True,False,no_finding_recorded
25548,/workspace/andre01/honzawa/02-playground/toxpatho-patch-selector/data/TGGATEs/WSI/Liver/15_day/25548.svs,15 day,phenobarbital,0,mg/kg,Control,93,3,4,Male,Crj:CD(SD)IGS,0,,0,False,,True,True,False,no_finding_recorded
25550,/workspace/andre01/honzawa/02-playground/toxpatho-patch-selector/data/TGGATEs/WSI/Liver/15_day/25550.svs,15 day,phenobarbital,0,mg/kg,Control,93,3,5,Male,Crj:CD(SD)IGS,0,,0,False,,True,True,False,no_finding_recorded
25552,/workspace/andre01/honzawa/02-playground/toxpatho-patch-selector/data/TGGATEs/WSI/Liver/29_day/25552.svs,29 day,phenobarbital,0,mg/kg,Control,93,4,1,Male,Crj:CD(SD)IGS,0,,0,False,,True,True,False,no_finding_recorded
25555,/workspace/andre01/honzawa/02-playground/toxpatho-patch-selector/data/TGGATEs/WSI/Liver/29_day/25555.svs,29 day,phenobarbital,0,mg/kg,Control,93,4,2,Male,Crj:CD(SD)IGS,0,,0,False,,True,True,False,no_finding_recorded
25557,/workspace/andre01/honzawa/02-playground/toxpatho-patch-selector/data/TGGATEs/WSI/Liver/29_day/25557.svs,29 day,phenobarbital,0,mg/kg,Control,93,4,3,Male,Crj:CD(SD)IGS,0,,0,False,,True,True,False,no_finding_recorded
25560,/workspace/andre01/honzawa/02-playground/toxpatho-patch-selector/data/TGGATEs/WSI/Liver/29_day/25560.svs,29 day,phenobarbital,0,mg/kg,Control,93,4,4,Male,Crj:CD(SD)IGS,0,,0,False,,True,True,False,no_finding_recorded
25562,/workspace/andre01/honzawa/02-playground/toxpatho-patch-selector/data/TGGATEs/WSI/Liver/29_day/25562.svs,29 day,phenobarbital,0,mg/kg,Control,93,4,5,Male,Crj:CD(SD)IGS,0,,0,False,,True,True,False,no_finding_recorded
25565,/workspace/andre01/honzawa/02-playground/toxpatho-patch-selector/data/TGGATEs/WSI/Liver/4_day/25565.svs,4 day,phenobarbital,10,mg/kg,Low,93,5,1,Male,Crj:CD(SD)IGS,0,,0,False,,True,True,False,no_finding_recorded
25567,/workspace/andre01/honzawa/02-playground/toxpatho-patch-selector/data/TGGATEs/WSI/Liver/4_day/25567.svs,4 day,phenobarbital,10,mg/kg,Low,93,5,2,Male,Crj:CD(SD)IGS,0,,0,False,,True,True,False,no_finding_recorded
25570,/workspace/andre01/honzawa/02-playground/toxpatho-patch-selector/data/TGGATEs/WSI/Liver/4_day/25570.svs,4 day,phenobarbital,10,mg/kg,Low,93,5,3,Male,Crj:CD(SD)IGS,0,,0,False,,True,True,False,no_finding_recorded
25572,/workspace/andre01/honzawa/02-playground/toxpatho-patch-selector/data/TGGATEs/WSI/Liver/4_day/25572.svs,4 day,phenobarbital,10,mg/kg,Low,93,5,4,Male,Crj:CD(SD)IGS,0,,0,False,,True,True,False,no_finding_recorded
25574,/workspace/andre01/honzawa/02-playground/toxpatho-patch-selector/data/TGGATEs/WSI/Liver/4_day/25574.svs,4 day,phenobarbital,10,mg/kg,Low,93,5,5,Male,Crj:CD(SD)IGS,0,,0,False,,True,True,False,no_finding_recorded
25576,/workspace/andre01/honzawa/02-playground/toxpatho-patch-selector/data/TGGATEs/WSI/Liver/8_day/25576.svs,8 day,phenobarbital,10,mg/kg,Low,93,6,1,Male,Crj:CD(SD)IGS,0,,0,False,,True,True,False,no_finding_recorded
25579,/workspace/andre01/honzawa/02-playground/toxpatho-patch-selector/data/TGGATEs/WSI/Liver/8_day/25579.svs,8 day,phenobarbital,10,mg/kg,Low,93,6,2,Male,Crj:CD(SD)IGS,0,,0,False,,True,True,False,no_finding_recorded
25581,/workspace/andre01/honzawa/02-playground/toxpatho-patch-selector/data/TGGATEs/WSI/Liver/8_day/25581.svs,8 day,phenobarbital,10,mg/kg,Low,93,6,3,Male,Crj:CD(SD)IGS,0,,0,False,,True,True,False,no_finding_recorded
25582,/workspace/andre01/honzawa/02-playground/toxpatho-patch-selector/data/TGGATEs/WSI/Liver/4_day/25582.svs,4 day,allyl alcohol,0,mg/kg,Control,103,1,1,Male,Crj:CD(SD)IGS,0,,0,False,,True,True,False,no_finding_recorded
25583,/workspace/andre01/honzawa/02-playground/toxpatho-patch-selector/data/TGGATEs/WSI/Liver/8_day/25583.svs,8 day,phenobarbital,10,mg/kg,Low,93,6,4,Male,Crj:CD(SD)IGS,0,,0,False,,True,True,False,no_finding_recorded
25584,/workspace/andre01/honzawa/02-playground/toxpatho-patch-selector/data/TGGATEs/WSI/Liver/4_day/25584.svs,4 day,allyl alcohol,0,mg/kg,Control,103,1,2,Male,Crj:CD(SD)IGS,0,,0,False,,True,True,False,no_finding_recorded
25585,/workspace/andre01/honzawa/02-playground/toxpatho-patch-selector/data/TGGATEs/WSI/Liver/8_day/25585.svs,8 day,phenobarbital,10,mg/kg,Low,93,6,5,Male,Crj:CD(SD)IGS,0,,0,False,,True,True,False,no_finding_recorded
25586,/workspace/andre01/honzawa/02-playground/toxpatho-patch-selector/data/TGGATEs/WSI/Liver/4_day/25586.svs,4 day,allyl alcohol,0,mg/kg,Control,103,1,3,Male,Crj:CD(SD)IGS,0,,0,False,,True,True,False,no_finding_recorded
25587,/workspace/andre01/honzawa/02-playground/toxpatho-patch-selector/data/TGGATEs/WSI/Liver/15_day/25587.svs,15 day,phenobarbital,10,mg/kg,Low,93,7,1,Male,Crj:CD(SD)IGS,0,,0,False,,True,True,False,no_finding_recorded
25588,/workspace/andre01/honzawa/02-playground/toxpatho-patch-selector/data/TGGATEs/WSI/Liver/4_day/25588.svs,4 day,allyl alcohol,0,mg/kg,Control,103,1,4,Male,Crj:CD(SD)IGS,0,,0,False,,True,True,False,no_finding_recorded
25589,/workspace/andre01/honzawa/02-playground/toxpatho-patch-selector/data/TGGATEs/WSI/Liver/15_day/25589.svs,15 day,phenobarbital,10,mg/kg,Low,93,7,2,Male,Crj:CD(SD)IGS,0,,0,False,,True,True,False,no_finding_recorded
25590,/workspace/andre01/honzawa/02-playground/toxpatho-patch-selector/data/TGGATEs/WSI/Liver/4_day/25590.svs,4 day,allyl alcohol,0,mg/kg,Control,103,1,5,Male,Crj:CD(SD)IGS,0,,0,False,,True,True,False,no_finding_recorded
25591,/workspace/andre01/honzawa/02-playground/toxpatho-patch-selector/data/TGGATEs/WSI/Liver/15_day/25591.svs,15 day,phenobarbital,10,mg/kg,Low,93,7,3,Male,Crj:CD(SD)IGS,0,,0,False,,True,True,False,no_finding_recorded
25592,/workspace/andre01/honzawa/02-playground/toxpatho-patch-selector/data/TGGATEs/WSI/Liver/4_day/25592.svs,4 day,allyl alcohol,3,mg/kg,Low,103,5,1,Male,Crj:CD(SD)IGS,0,,0,False,,True,True,False,no_finding_recorded
25593,/workspace/andre01/honzawa/02-playground/toxpatho-patch-selector/data/TGGATEs/WSI/Liver/15_day/25593.svs,15 day,phenobarbital,10,mg/kg,Low,93,7,4,Male,Crj:CD(SD)IGS,0,,0,False,,True,True,False,no_finding_recorded
25594,/workspace/andre01/honzawa/02-playground/toxpatho-patch-selector/data/TGGATEs/WSI/Liver/4_day/25594.svs,4 day,allyl alcohol,3,mg/kg,Low,103,5,2,Male,Crj:CD(SD)IGS,0,,0,False,,True,True,False,no_finding_recorded
25595,/workspace/andre01/honzawa/02-playground/toxpatho-patch-selector/data/TGGATEs/WSI/Liver/15_day/25595.svs,15 day,phenobarbital,10,mg/kg,Low,93,7,5,Male,Crj:CD(SD)IGS,0,,0,False,,True,True,False,no_finding_recorded
25596,/workspace/andre01/honzawa/02-playground/toxpatho-patch-selector/data/TGGATEs/WSI/Liver/4_day/25596.svs,4 day,allyl alcohol,3,mg/kg,Low,103,5,3,Male,Crj:CD(SD)IGS,0,,0,False,,True,True,False,no_finding_recorded
25597,/workspace/andre01/honzawa/02-playground/toxpatho-patch-selector/data/TGGATEs/WSI/Liver/29_day/25597.svs,29 day,phenobarbital,10,mg/kg,Low,93,8,1,Male,Crj:CD(SD)IGS,0,,0,False,,True,True,False,no_finding_recorded
25598,/workspace/andre01/honzawa/02-playground/toxpatho-patch-selector/data/TGGATEs/WSI/Liver/4_day/25598.svs,4 day,allyl alcohol,3,mg/kg,Low,103,5,4,Male,Crj:CD(SD)IGS,1,1.0,0,True,minimal,True,True,False,recorded_finding
25599,/workspace/andre01/honzawa/02-playground/toxpatho-patch-selector/data/TGGATEs/WSI/Liver/29_day/25599.svs,29 day,phenobarbital,10,mg/kg,Low,93,8,2,Male,Crj:CD(SD)IGS,0,,0,False,,True,True,False,no_finding_recorded
25600,/workspace/andre01/honzawa/02-playground/toxpatho-patch-selector/data/TGGATEs/WSI/Liver/4_day/25600.svs,4 day,allyl alcohol,3,mg/kg,Low,103,5,5,Male,Crj:CD(SD)IGS,0,,0,False,,True,True,False,no_finding_recorded
25601,/workspace/andre01/honzawa/02-playground/toxpatho-patch-selector/data/TGGATEs/WSI/Liver/29_day/25601.svs,29 day,phenobarbital,10,mg/kg,Low,93,8,3,Male,Crj:CD(SD)IGS,0,,0,False,,True,True,False,no_finding_recorded
25602,/workspace/andre01/honzawa/02-playground/toxpatho-patch-selector/data/TGGATEs/WSI/Liver/4_day/25602.svs,4 day,allyl alcohol,10,mg/kg,Middle,103,9,1,Male,Crj:CD(SD)IGS,0,,0,False,,True,True,False,no_finding_recorded
25603,/workspace/andre01/honzawa/02-playground/toxpatho-patch-selector/data/TGGATEs/WSI/Liver/29_day/25603.svs,29 day,phenobarbital,10,mg/kg,Low,93,8,4,Male,Crj:CD(SD)IGS,0,,0,False,,True,True,False,no_finding_recorded
25604,/workspace/andre01/honzawa/02-playground/toxpatho-patch-selector/data/TGGATEs/WSI/Liver/4_day/25604.svs,4 day,allyl alcohol,10,mg/kg,Middle,103,9,2,Male,Crj:CD(SD)IGS,0,,0,False,,True,True,False,no_finding_recorded
25605,/workspace/andre01/honzawa/02-playground/toxpatho-patch-selector/data/TGGATEs/WSI/Liver/29_day/25605.svs,29 day,phenobarbital,10,mg/kg,Low,93,8,5,Male,Crj:CD(SD)IGS,0,,0,False,,True,True,False,no_finding_recorded
25606,/workspace/andre01/honzawa/02-playground/toxpatho-patch-selector/data/TGGATEs/WSI/Liver/4_day/25606.svs,4 day,allyl alcohol,10,mg/kg,Middle,103,9,3,Male,Crj:CD(SD)IGS,0,,0,False,,True,True,False,no_finding_recorded
25607,/workspace/andre01/honzawa/02-playground/toxpatho-patch-selector/data/TGGATEs/WSI/Liver/4_day/25607.svs,4 day,phenobarbital,30,mg/kg,Middle,93,9,1,Male,Crj:CD(SD)IGS,0,,0,False,,True,True,False,no_finding_recorded
25609,/workspace/andre01/honzawa/02-playground/toxpatho-patch-selector/data/TGGATEs/WSI/Liver/4_day/25609.svs,4 day,phenobarbital,30,mg/kg,Middle,93,9,2,Male,Crj:CD(SD)IGS,1,1.0,1,True,minimal,True,True,False,recorded_finding
25610,/workspace/andre01/honzawa/02-playground/toxpatho-patch-selector/data/TGGATEs/WSI/Liver/4_day/25610.svs,4 day,allyl alcohol,10,mg/kg,Middle,103,9,5,Male,Crj:CD(SD)IGS,0,,0,False,,True,True,False,no_finding_recorded
25611,/workspace/andre01/honzawa/02-playground/toxpatho-patch-selector/data/TGGATEs/WSI/Liver/4_day/25611.svs,4 day,phenobarbital,30,mg/kg,Middle,93,9,3,Male,Crj:CD(SD)IGS,0,,0,False,,True,True,False,no_finding_recorded
25612,/workspace/andre01/honzawa/02-playground/toxpatho-patch-selector/data/TGGATEs/WSI/Liver/4_day/25612.svs,4 day,allyl alcohol,30,mg/kg,High,103,13,1,Male,Crj:CD(SD)IGS,0,,0,False,,True,True,False,no_finding_recorded
25613,/workspace/andre01/honzawa/02-playground/toxpatho-patch-selector/data/TGGATEs/WSI/Liver/4_day/25613.svs,4 day,phenobarbital,30,mg/kg,Middle,93,9,4,Male,Crj:CD(SD)IGS,1,2.0,1,True,slight,True,True,False,recorded_finding
25614,/workspace/andre01/honzawa/02-playground/toxpatho-patch-selector/data/TGGATEs/WSI/Liver/4_day/25614.svs,4 day,allyl alcohol,30,mg/kg,High,103,13,2,Male,Crj:CD(SD)IGS,4,1.0,3,True,minimal,True,True,False,recorded_finding
25615,/workspace/andre01/honzawa/02-playground/toxpatho-patch-selector/data/TGGATEs/WSI/Liver/4_day/25615.svs,4 day,phenobarbital,30,mg/kg,Middle,93,9,5,Male,Crj:CD(SD)IGS,0,,0,False,,True,True,False,no_finding_recorded
25616,/workspace/andre01/honzawa/02-playground/toxpatho-patch-selector/data/TGGATEs/WSI/Liver/8_day/25616.svs,8 day,phenobarbital,30,mg/kg,Middle,93,10,1,Male,Crj:CD(SD)IGS,1,2.0,1,True,slight,True,True,False,recorded_finding
25617,/workspace/andre01/honzawa/02-playground/toxpatho-patch-selector/data/TGGATEs/WSI/Liver/4_day/25617.svs,4 day,allyl alcohol,30,mg/kg,High,103,13,3,Male,Crj:CD(SD)IGS,0,,0,False,,True,True,False,no_finding_recorded
25618,/workspace/andre01/honzawa/02-playground/toxpatho-patch-selector/data/TGGATEs/WSI/Liver/8_day/25618.svs,8 day,phenobarbital,30,mg/kg,Middle,93,10,2,Male,Crj:CD(SD)IGS,1,1.0,1,True,minimal,True,True,False,recorded_finding
25619,/workspace/andre01/honzawa/02-playground/toxpatho-patch-selector/data/TGGATEs/WSI/Liver/4_day/25619.svs,4 day,allyl alcohol,30,mg/kg,High,103,13,4,Male,Crj:CD(SD)IGS,3,1.0,3,True,minimal,True,True,False,recorded_finding
25620,/workspace/andre01/honzawa/02-playground/toxpatho-patch-selector/data/TGGATEs/WSI/Liver/8_day/25620.svs,8 day,phenobarbital,30,mg/kg,Middle,93,10,3,Male,Crj:CD(SD)IGS,2,1.0,2,True,minimal,True,True,False,recorded_finding
25621,/workspace/andre01/honzawa/02-playground/toxpatho-patch-selector/data/TGGATEs/WSI/Liver/4_day/25621.svs,4 day,allyl alcohol,30,mg/kg,High,103,13,5,Male,Crj:CD(SD)IGS,0,,0,False,,True,True,False,no_finding_recorded
25622,/workspace/andre01/honzawa/02-playground/toxpatho-patch-selector/data/TGGATEs/WSI/Liver/8_day/25622.svs,8 day,phenobarbital,30,mg/kg,Middle,93,10,4,Male,Crj:CD(SD)IGS,2,2.0,2,True,slight,True,True,False,recorded_finding
25623,/workspace/andre01/honzawa/02-playground/toxpatho-patch-selector/data/TGGATEs/WSI/Liver/8_day/25623.svs,8 day,allyl alcohol,0,mg/kg,Control,103,2,1,Male,Crj:CD(SD)IGS,0,,0,False,,True,True,False,no_finding_recorded
25624,/workspace/andre01/honzawa/02-playground/toxpatho-patch-selector/data/TGGATEs/WSI/Liver/8_day/25624.svs,8 day,phenobarbital,30,mg/kg,Middle,93,10,5,Male,Crj:CD(SD)IGS,2,1.0,2,True,minimal,True,True,False,recorded_finding
25625,/workspace/andre01/honzawa/02-playground/toxpatho-patch-selector/data/TGGATEs/WSI/Liver/8_day/25625.svs,8 day,allyl alcohol,0,mg/kg,Control,103,2,2,Male,Crj:CD(SD)IGS,0,,0,False,,True,True,False,no_finding_recorded
25626,/workspace/andre01/honzawa/02-playground/toxpatho-patch-selector/data/TGGATEs/WSI/Liver/15_day/25626.svs,15 day,phenobarbital,30,mg/kg,Middle,93,11,1,Male,Crj:CD(SD)IGS,1,2.0,1,True,slight,True,True,False,recorded_finding
25627,/workspace/andre01/honzawa/02-playground/toxpatho-patch-selector/data/TGGATEs/WSI/Liver/8_day/25627.svs,8 day,allyl alcohol,0,mg/kg,Control,103,2,3,Male,Crj:CD(SD)IGS,0,,0,False,,True,True,False,no_finding_recorded
25628,/workspace/andre01/honzawa/02-playground/toxpatho-patch-selector/data/TGGATEs/WSI/Liver/15_day/25628.svs,15 day,phenobarbital,30,mg/kg,Middle,93,11,2,Male,Crj:CD(SD)IGS,2,2.0,2,True,slight,True,True,False,recorded_finding
25629,/workspace/andre01/honzawa/02-playground/toxpatho-patch-selector/data/TGGATEs/WSI/Liver/15_day/25629.svs,15 day,phenobarbital,30,mg/kg,Middle,93,11,3,Male,Crj:CD(SD)IGS,1,2.0,1,True,slight,True,True,False,recorded_finding
25630,/workspace/andre01/honzawa/02-playground/toxpatho-patch-selector/data/TGGATEs/WSI/Liver/8_day/25630.svs,8 day,allyl alcohol,0,mg/kg,Control,103,2,4,Male,Crj:CD(SD)IGS,0,,0,False,,True,True,False,no_finding_recorded
25631,/workspace/andre01/honzawa/02-playground/toxpatho-patch-selector/data/TGGATEs/WSI/Liver/15_day/25631.svs,15 day,phenobarbital,30,mg/kg,Middle,93,11,4,Male,Crj:CD(SD)IGS,1,2.0,1,True,slight,True,True,False,recorded_finding
25632,/workspace/andre01/honzawa/02-playground/toxpatho-patch-selector/data/TGGATEs/WSI/Liver/8_day/25632.svs,8 day,allyl alcohol,0,mg/kg,Control,103,2,5,Male,Crj:CD(SD)IGS,0,,0,False,,True,True,False,no_finding_recorded
25633,/workspace/andre01/honzawa/02-playground/toxpatho-patch-selector/data/TGGATEs/WSI/Liver/15_day/25633.svs,15 day,phenobarbital,30,mg/kg,Middle,93,11,5,Male,Crj:CD(SD)IGS,1,2.0,1,True,slight,True,True,False,recorded_finding
25634,/workspace/andre01/honzawa/02-playground/toxpatho-patch-selector/data/TGGATEs/WSI/Liver/8_day/25634.svs,8 day,allyl alcohol,3,mg/kg,Low,103,6,1,Male,Crj:CD(SD)IGS,0,,0,False,,True,True,False,no_finding_recorded
25635,/workspace/andre01/honzawa/02-playground/toxpatho-patch-selector/data/TGGATEs/WSI/Liver/29_day/25635.svs,29 day,phenobarbital,30,mg/kg,Middle,93,12,1,Male,Crj:CD(SD)IGS,3,2.0,3,True,slight,True,True,False,recorded_finding
25636,/workspace/andre01/honzawa/02-playground/toxpatho-patch-selector/data/TGGATEs/WSI/Liver/8_day/25636.svs,8 day,allyl alcohol,3,mg/kg,Low,103,6,2,Male,Crj:CD(SD)IGS,0,,0,False,,True,True,False,no_finding_recorded
25637,/workspace/andre01/honzawa/02-playground/toxpatho-patch-selector/data/TGGATEs/WSI/Liver/29_day/25637.svs,29 day,phenobarbital,30,mg/kg,Middle,93,12,2,Male,Crj:CD(SD)IGS,2,3.0,2,True,moderate,True,True,False,recorded_finding
25638,/workspace/andre01/honzawa/02-playground/toxpatho-patch-selector/data/TGGATEs/WSI/Liver/8_day/25638.svs,8 day,allyl alcohol,3,mg/kg,Low,103,6,3,Male,Crj:CD(SD)IGS,0,,0,False,,True,True,False,no_finding_recorded
25639,/workspace/andre01/honzawa/02-playground/toxpatho-patch-selector/data/TGGATEs/WSI/Liver/8_day/25639.svs,8 day,allyl alcohol,3,mg/kg,Low,103,6,4,Male,Crj:CD(SD)IGS,0,,0,False,,True,True,False,no_finding_recorded
25640,/workspace/andre01/honzawa/02-playground/toxpatho-patch-selector/data/TGGATEs/WSI/Liver/29_day/25640.svs,29 day,phenobarbital,30,mg/kg,Middle,93,12,3,Male,Crj:CD(SD)IGS,2,3.0,2,True,moderate,True,True,False,recorded_finding
25641,/workspace/andre01/honzawa/02-playground/toxpatho-patch-selector/data/TGGATEs/WSI/Liver/8_day/25641.svs,8 day,allyl alcohol,3,mg/kg,Low,103,6,5,Male,Crj:CD(SD)IGS,0,,0,False,,True,True,False,no_finding_recorded
25642,/workspace/andre01/honzawa/02-playground/toxpatho-patch-selector/data/TGGATEs/WSI/Liver/29_day/25642.svs,29 day,phenobarbital,30,mg/kg,Middle,93,12,4,Male,Crj:CD(SD)IGS,2,3.0,2,True,moderate,True,True,False,recorded_finding
25643,/workspace/andre01/honzawa/02-playground/toxpatho-patch-selector/data/TGGATEs/WSI/Liver/8_day/25643.svs,8 day,allyl alcohol,10,mg/kg,Middle,103,10,1,Male,Crj:CD(SD)IGS,0,,0,False,,True,True,False,no_finding_recorded
25644,/workspace/andre01/honzawa/02-playground/toxpatho-patch-selector/data/TGGATEs/WSI/Liver/29_day/25644.svs,29 day,phenobarbital,30,mg/kg,Middle,93,12,5,Male,Crj:CD(SD)IGS,2,2.0,2,True,slight,True,True,False,recorded_finding
25645,/workspace/andre01/honzawa/02-playground/toxpatho-patch-selector/data/TGGATEs/WSI/Liver/8_day/25645.svs,8 day,allyl alcohol,10,mg/kg,Middle,103,10,2,Male,Crj:CD(SD)IGS,0,,0,False,,True,True,False,no_finding_recorded
25646,/workspace/andre01/honzawa/02-playground/toxpatho-patch-selector/data/TGGATEs/WSI/Liver/4_day/25646.svs,4 day,phenobarbital,100,mg/kg,High,93,13,1,Male,Crj:CD(SD)IGS,2,1.0,2,True,minimal,True,True,False,recorded_finding
25647,/workspace/andre01/honzawa/02-playground/toxpatho-patch-selector/data/TGGATEs/WSI/Liver/8_day/25647.svs,8 day,allyl alcohol,10,mg/kg,Middle,103,10,3,Male,Crj:CD(SD)IGS,0,,0,False,,True,True,False,no_finding_recorded
25648,/workspace/andre01/honzawa/02-playground/toxpatho-patch-selector/data/TGGATEs/WSI/Liver/4_day/25648.svs,4 day,phenobarbital,100,mg/kg,High,93,13,2,Male,Crj:CD(SD)IGS,2,1.0,2,True,minimal,True,True,False,recorded_finding
25649,/workspace/andre01/honzawa/02-playground/toxpatho-patch-selector/data/TGGATEs/WSI/Liver/8_day/25649.svs,8 day,allyl alcohol,10,mg/kg,Middle,103,10,4,Male,Crj:CD(SD)IGS,0,,0,False,,True,True,False,no_finding_recorded
25650,/workspace/andre01/honzawa/02-playground/toxpatho-patch-selector/data/TGGATEs/WSI/Liver/4_day/25650.svs,4 day,phenobarbital,100,mg/kg,High,93,13,3,Male,Crj:CD(SD)IGS,2,1.0,2,True,minimal,True,True,False,recorded_finding
25651,/workspace/andre01/honzawa/02-playground/toxpatho-patch-selector/data/TGGATEs/WSI/Liver/8_day/25651.svs,8 day,allyl alcohol,10,mg/kg,Middle,103,10,5,Male,Crj:CD(SD)IGS,0,,0,False,,True,True,False,no_finding_recorded
25652,/workspace/andre01/honzawa/02-playground/toxpatho-patch-selector/data/TGGATEs/WSI/Liver/4_day/25652.svs,4 day,phenobarbital,100,mg/kg,High,93,13,4,Male,Crj:CD(SD)IGS,2,1.0,2,True,minimal,True,True,False,recorded_finding
25653,/workspace/andre01/honzawa/02-playground/toxpatho-patch-selector/data/TGGATEs/WSI/Liver/8_day/25653.svs,8 day,allyl alcohol,30,mg/kg,High,103,14,1,Male,Crj:CD(SD)IGS,5,2.0,5,True,slight,True,True,False,recorded_finding
25654,/workspace/andre01/honzawa/02-playground/toxpatho-patch-selector/data/TGGATEs/WSI/Liver/4_day/25654.svs,4 day,phenobarbital,100,mg/kg,High,93,13,5,Male,Crj:CD(SD)IGS,1,1.0,1,True,minimal,True,True,False,recorded_finding
25655,/workspace/andre01/honzawa/02-playground/toxpatho-patch-selector/data/TGGATEs/WSI/Liver/8_day/25655.svs,8 day,allyl alcohol,30,mg/kg,High,103,14,2,Male,Crj:CD(SD)IGS,3,1.0,3,True,minimal,True,True,False,recorded_finding
25656,/workspace/andre01/honzawa/02-playground/toxpatho-patch-selector/data/TGGATEs/WSI/Liver/8_day/25656.svs,8 day,phenobarbital,100,mg/kg,High,93,14,1,Male,Crj:CD(SD)IGS,2,3.0,2,True,moderate,True,True,False,recorded_finding
25657,/workspace/andre01/honzawa/02-playground/toxpatho-patch-selector/data/TGGATEs/WSI/Liver/8_day/25657.svs,8 day,allyl alcohol,30,mg/kg,High,103,14,3,Male,Crj:CD(SD)IGS,1,1.0,1,True,minimal,True,True,False,recorded_finding
25658,/workspace/andre01/honzawa/02-playground/toxpatho-patch-selector/data/TGGATEs/WSI/Liver/8_day/25658.svs,8 day,phenobarbital,100,mg/kg,High,93,14,2,Male,Crj:CD(SD)IGS,2,3.0,2,True,moderate,True,True,False,recorded_finding
25659,/workspace/andre01/honzawa/02-playground/toxpatho-patch-selector/data/TGGATEs/WSI/Liver/8_day/25659.svs,8 day,allyl alcohol,30,mg/kg,High,103,14,4,Male,Crj:CD(SD)IGS,3,2.0,3,True,slight,True,True,False,recorded_finding
25660,/workspace/andre01/honzawa/02-playground/toxpatho-patch-selector/data/TGGATEs/WSI/Liver/8_day/25660.svs,8 day,phenobarbital,100,mg/kg,High,93,14,3,Male,Crj:CD(SD)IGS,3,2.0,3,True,slight,True,True,False,recorded_finding
25661,/workspace/andre01/honzawa/02-playground/toxpatho-patch-selector/data/TGGATEs/WSI/Liver/8_day/25661.svs,8 day,allyl alcohol,30,mg/kg,High,103,14,5,Male,Crj:CD(SD)IGS,5,2.0,5,True,slight,True,True,False,recorded_finding
25662,/workspace/andre01/honzawa/02-playground/toxpatho-patch-selector/data/TGGATEs/WSI/Liver/8_day/25662.svs,8 day,phenobarbital,100,mg/kg,High,93,14,4,Male,Crj:CD(SD)IGS,3,3.0,3,True,moderate,True,True,False,recorded_finding
25663,/workspace/andre01/honzawa/02-playground/toxpatho-patch-selector/data/TGGATEs/WSI/Liver/15_day/25663.svs,15 day,allyl alcohol,0,mg/kg,Control,103,3,1,Male,Crj:CD(SD)IGS,0,,0,False,,True,True,False,no_finding_recorded
25664,/workspace/andre01/honzawa/02-playground/toxpatho-patch-selector/data/TGGATEs/WSI/Liver/8_day/25664.svs,8 day,phenobarbital,100,mg/kg,High,93,14,5,Male,Crj:CD(SD)IGS,2,2.0,2,True,slight,True,True,False,recorded_finding
25665,/workspace/andre01/honzawa/02-playground/toxpatho-patch-selector/data/TGGATEs/WSI/Liver/15_day/25665.svs,15 day,allyl alcohol,0,mg/kg,Control,103,3,2,Male,Crj:CD(SD)IGS,0,,0,False,,True,True,False,no_finding_recorded
25666,/workspace/andre01/honzawa/02-playground/toxpatho-patch-selector/data/TGGATEs/WSI/Liver/15_day/25666.svs,15 day,phenobarbital,100,mg/kg,High,93,15,1,Male,Crj:CD(SD)IGS,2,3.0,2,True,moderate,True,True,False,recorded_finding
25667,/workspace/andre01/honzawa/02-playground/toxpatho-patch-selector/data/TGGATEs/WSI/Liver/15_day/25667.svs,15 day,allyl alcohol,0,mg/kg,Control,103,3,3,Male,Crj:CD(SD)IGS,0,,0,False,,True,True,False,no_finding_recorded
25668,/workspace/andre01/honzawa/02-playground/toxpatho-patch-selector/data/TGGATEs/WSI/Liver/15_day/25668.svs,15 day,phenobarbital,100,mg/kg,High,93,15,2,Male,Crj:CD(SD)IGS,2,3.0,2,True,moderate,True,True,False,recorded_finding
25669,/workspace/andre01/honzawa/02-playground/toxpatho-patch-selector/data/TGGATEs/WSI/Liver/15_day/25669.svs,15 day,allyl alcohol,0,mg/kg,Control,103,3,4,Male,Crj:CD(SD)IGS,0,,0,False,,True,True,False,no_finding_recorded
25670,/workspace/andre01/honzawa/02-playground/toxpatho-patch-selector/data/TGGATEs/WSI/Liver/15_day/25670.svs,15 day,phenobarbital,100,mg/kg,High,93,15,3,Male,Crj:CD(SD)IGS,2,2.0,2,True,slight,True,True,False,recorded_finding
25671,/workspace/andre01/honzawa/02-playground/toxpatho-patch-selector/data/TGGATEs/WSI/Liver/15_day/25671.svs,15 day,allyl alcohol,0,mg/kg,Control,103,3,5,Male,Crj:CD(SD)IGS,1,1.0,0,True,minimal,True,True,False,recorded_finding
25672,/workspace/andre01/honzawa/02-playground/toxpatho-patch-selector/data/TGGATEs/WSI/Liver/15_day/25672.svs,15 day,phenobarbital,100,mg/kg,High,93,15,4,Male,Crj:CD(SD)IGS,2,2.0,2,True,slight,True,True,False,recorded_finding
25673,/workspace/andre01/honzawa/02-playground/toxpatho-patch-selector/data/TGGATEs/WSI/Liver/15_day/25673.svs,15 day,phenobarbital,100,mg/kg,High,93,15,5,Male,Crj:CD(SD)IGS,2,2.0,2,True,slight,True,True,False,recorded_finding
25674,/workspace/andre01/honzawa/02-playground/toxpatho-patch-selector/data/TGGATEs/WSI/Liver/15_day/25674.svs,15 day,allyl alcohol,3,mg/kg,Low,103,7,1,Male,Crj:CD(SD)IGS,0,,0,False,,True,True,False,no_finding_recorded
25675,/workspace/andre01/honzawa/02-playground/toxpatho-patch-selector/data/TGGATEs/WSI/Liver/29_day/25675.svs,29 day,phenobarbital,100,mg/kg,High,93,16,1,Male,Crj:CD(SD)IGS,2,4.0,2,True,severe,True,True,False,recorded_finding
25676,/workspace/andre01/honzawa/02-playground/toxpatho-patch-selector/data/TGGATEs/WSI/Liver/15_day/25676.svs,15 day,allyl alcohol,3,mg/kg,Low,103,7,2,Male,Crj:CD(SD)IGS,0,,0,False,,True,True,False,no_finding_recorded
25677,/workspace/andre01/honzawa/02-playground/toxpatho-patch-selector/data/TGGATEs/WSI/Liver/15_day/25677.svs,15 day,allyl alcohol,3,mg/kg,Low,103,7,3,Male,Crj:CD(SD)IGS,0,,0,False,,True,True,False,no_finding_recorded
25678,/workspace/andre01/honzawa/02-playground/toxpatho-patch-selector/data/TGGATEs/WSI/Liver/29_day/25678.svs,29 day,phenobarbital,100,mg/kg,High,93,16,2,Male,Crj:CD(SD)IGS,2,3.0,2,True,moderate,True,True,False,recorded_finding
25679,/workspace/andre01/honzawa/02-playground/toxpatho-patch-selector/data/TGGATEs/WSI/Liver/15_day/25679.svs,15 day,allyl alcohol,3,mg/kg,Low,103,7,4,Male,Crj:CD(SD)IGS,0,,0,False,,True,True,False,no_finding_recorded
25680,/workspace/andre01/honzawa/02-playground/toxpatho-patch-selector/data/TGGATEs/WSI/Liver/29_day/25680.svs,29 day,phenobarbital,100,mg/kg,High,93,16,3,Male,Crj:CD(SD)IGS,3,4.0,3,True,severe,True,True,False,recorded_finding
25681,/workspace/andre01/honzawa/02-playground/toxpatho-patch-selector/data/TGGATEs/WSI/Liver/15_day/25681.svs,15 day,allyl alcohol,3,mg/kg,Low,103,7,5,Male,Crj:CD(SD)IGS,0,,0,False,,True,True,False,no_finding_recorded
25682,/workspace/andre01/honzawa/02-playground/toxpatho-patch-selector/data/TGGATEs/WSI/Liver/29_day/25682.svs,29 day,phenobarbital,100,mg/kg,High,93,16,4,Male,Crj:CD(SD)IGS,3,4.0,3,True,severe,True,True,False,recorded_finding
25683,/workspace/andre01/honzawa/02-playground/toxpatho-patch-selector/data/TGGATEs/WSI/Liver/29_day/25683.svs,29 day,phenobarbital,100,mg/kg,High,93,16,5,Male,Crj:CD(SD)IGS,2,3.0,2,True,moderate,True,True,False,recorded_finding
25684,/workspace/andre01/honzawa/02-playground/toxpatho-patch-selector/data/TGGATEs/WSI/Liver/15_day/25684.svs,15 day,allyl alcohol,10,mg/kg,Middle,103,11,1,Male,Crj:CD(SD)IGS,0,,0,False,,True,True,False,no_finding_recorded
25686,/workspace/andre01/honzawa/02-playground/toxpatho-patch-selector/data/TGGATEs/WSI/Liver/15_day/25686.svs,15 day,allyl alcohol,10,mg/kg,Middle,103,11,2,Male,Crj:CD(SD)IGS,1,1.0,0,True,minimal,True,True,False,recorded_finding
25689,/workspace/andre01/honzawa/02-playground/toxpatho-patch-selector/data/TGGATEs/WSI/Liver/15_day/25689.svs,15 day,allyl alcohol,10,mg/kg,Middle,103,11,3,Male,Crj:CD(SD)IGS,0,,0,False,,True,True,False,no_finding_recorded
25691,/workspace/andre01/honzawa/02-playground/toxpatho-patch-selector/data/TGGATEs/WSI/Liver/15_day/25691.svs,15 day,allyl alcohol,10,mg/kg,Middle,103,11,4,Male,Crj:CD(SD)IGS,0,,0,False,,True,True,False,no_finding_recorded
25694,/workspace/andre01/honzawa/02-playground/toxpatho-patch-selector/data/TGGATEs/WSI/Liver/15_day/25694.svs,15 day,allyl alcohol,10,mg/kg,Middle,103,11,5,Male,Crj:CD(SD)IGS,0,,0,False,,True,True,False,no_finding_recorded
25697,/workspace/andre01/honzawa/02-playground/toxpatho-patch-selector/data/TGGATEs/WSI/Liver/15_day/25697.svs,15 day,allyl alcohol,30,mg/kg,High,103,15,1,Male,Crj:CD(SD)IGS,6,2.0,6,True,slight,True,True,False,recorded_finding
25700,/workspace/andre01/honzawa/02-playground/toxpatho-patch-selector/data/TGGATEs/WSI/Liver/15_day/25700.svs,15 day,allyl alcohol,30,mg/kg,High,103,15,2,Male,Crj:CD(SD)IGS,0,,0,False,,True,True,False,no_finding_recorded
25703,/workspace/andre01/honzawa/02-playground/toxpatho-patch-selector/data/TGGATEs/WSI/Liver/15_day/25703.svs,15 day,allyl alcohol,30,mg/kg,High,103,15,3,Male,Crj:CD(SD)IGS,7,2.0,7,True,slight,True,True,False,recorded_finding
25705,/workspace/andre01/honzawa/02-playground/toxpatho-patch-selector/data/TGGATEs/WSI/Liver/15_day/25705.svs,15 day,allyl alcohol,30,mg/kg,High,103,15,4,Male,Crj:CD(SD)IGS,0,,0,False,,True,True,False,no_finding_recorded
25708,/workspace/andre01/honzawa/02-playground/toxpatho-patch-selector/data/TGGATEs/WSI/Liver/15_day/25708.svs,15 day,allyl alcohol,30,mg/kg,High,103,15,5,Male,Crj:CD(SD)IGS,6,2.0,6,True,slight,True,True,False,recorded_finding
25710,/workspace/andre01/honzawa/02-playground/toxpatho-patch-selector/data/TGGATEs/WSI/Liver/29_day/25710.svs,29 day,allyl alcohol,0,mg/kg,Control,103,4,1,Male,Crj:CD(SD)IGS,0,,0,False,,True,True,False,no_finding_recorded
25713,/workspace/andre01/honzawa/02-playground/toxpatho-patch-selector/data/TGGATEs/WSI/Liver/29_day/25713.svs,29 day,allyl alcohol,0,mg/kg,Control,103,4,2,Male,Crj:CD(SD)IGS,0,,0,False,,True,True,False,no_finding_recorded
25716,/workspace/andre01/honzawa/02-playground/toxpatho-patch-selector/data/TGGATEs/WSI/Liver/29_day/25716.svs,29 day,allyl alcohol,0,mg/kg,Control,103,4,3,Male,Crj:CD(SD)IGS,0,,0,False,,True,True,False,no_finding_recorded
25719,/workspace/andre01/honzawa/02-playground/toxpatho-patch-selector/data/TGGATEs/WSI/Liver/29_day/25719.svs,29 day,allyl alcohol,0,mg/kg,Control,103,4,4,Male,Crj:CD(SD)IGS,0,,0,False,,True,True,False,no_finding_recorded
25722,/workspace/andre01/honzawa/02-playground/toxpatho-patch-selector/data/TGGATEs/WSI/Liver/29_day/25722.svs,29 day,allyl alcohol,0,mg/kg,Control,103,4,5,Male,Crj:CD(SD)IGS,0,,0,False,,True,True,False,no_finding_recorded
25725,/workspace/andre01/honzawa/02-playground/toxpatho-patch-selector/data/TGGATEs/WSI/Liver/29_day/25725.svs,29 day,allyl alcohol,3,mg/kg,Low,103,8,1,Male,Crj:CD(SD)IGS,0,,0,False,,True,True,False,no_finding_recorded
25728,/workspace/andre01/honzawa/02-playground/toxpatho-patch-selector/data/TGGATEs/WSI/Liver/29_day/25728.svs,29 day,allyl alcohol,3,mg/kg,Low,103,8,2,Male,Crj:CD(SD)IGS,1,1.0,0,True,minimal,True,True,False,recorded_finding
25731,/workspace/andre01/honzawa/02-playground/toxpatho-patch-selector/data/TGGATEs/WSI/Liver/29_day/25731.svs,29 day,allyl alcohol,3,mg/kg,Low,103,8,3,Male,Crj:CD(SD)IGS,0,,0,False,,True,True,False,no_finding_recorded
25734,/workspace/andre01/honzawa/02-playground/toxpatho-patch-selector/data/TGGATEs/WSI/Liver/29_day/25734.svs,29 day,allyl alcohol,3,mg/kg,Low,103,8,4,Male,Crj:CD(SD)IGS,0,,0,False,,True,True,False,no_finding_recorded
25737,/workspace/andre01/honzawa/02-playground/toxpatho-patch-selector/data/TGGATEs/WSI/Liver/29_day/25737.svs,29 day,allyl alcohol,3,mg/kg,Low,103,8,5,Male,Crj:CD(SD)IGS,0,,0,False,,True,True,False,no_finding_recorded
25741,/workspace/andre01/honzawa/02-playground/toxpatho-patch-selector/data/TGGATEs/WSI/Liver/29_day/25741.svs,29 day,allyl alcohol,10,mg/kg,Middle,103,12,1,Male,Crj:CD(SD)IGS,0,,0,False,,True,True,False,no_finding_recorded
25743,/workspace/andre01/honzawa/02-playground/toxpatho-patch-selector/data/TGGATEs/WSI/Liver/29_day/25743.svs,29 day,allyl alcohol,10,mg/kg,Middle,103,12,2,Male,Crj:CD(SD)IGS,0,,0,False,,True,True,False,no_finding_recorded
25746,/workspace/andre01/honzawa/02-playground/toxpatho-patch-selector/data/TGGATEs/WSI/Liver/29_day/25746.svs,29 day,allyl alcohol,10,mg/kg,Middle,103,12,3,Male,Crj:CD(SD)IGS,1,1.0,0,True,minimal,True,True,False,recorded_finding
25750,/workspace/andre01/honzawa/02-playground/toxpatho-patch-selector/data/TGGATEs/WSI/Liver/29_day/25750.svs,29 day,allyl alcohol,10,mg/kg,Middle,103,12,4,Male,Crj:CD(SD)IGS,0,,0,False,,True,True,False,no_finding_recorded
25754,/workspace/andre01/honzawa/02-playground/toxpatho-patch-selector/data/TGGATEs/WSI/Liver/29_day/25754.svs,29 day,allyl alcohol,10,mg/kg,Middle,103,12,5,Male,Crj:CD(SD)IGS,0,,0,False,,True,True,False,no_finding_recorded
25757,/workspace/andre01/honzawa/02-playground/toxpatho-patch-selector/data/TGGATEs/WSI/Liver/29_day/25757.svs,29 day,allyl alcohol,30,mg/kg,High,103,16,1,Male,Crj:CD(SD)IGS,2,1.0,2,True,minimal,True,True,False,recorded_finding
25760,/workspace/andre01/honzawa/02-playground/toxpatho-patch-selector/data/TGGATEs/WSI/Liver/29_day/25760.svs,29 day,allyl alcohol,30,mg/kg,High,103,16,2,Male,Crj:CD(SD)IGS,0,,0,False,,True,True,False,no_finding_recorded
25763,/workspace/andre01/honzawa/02-playground/toxpatho-patch-selector/data/TGGATEs/WSI/Liver/29_day/25763.svs,29 day,allyl alcohol,30,mg/kg,High,103,16,3,Male,Crj:CD(SD)IGS,0,,0,False,,True,True,False,no_finding_recorded
25766,/workspace/andre01/honzawa/02-playground/toxpatho-patch-selector/data/TGGATEs/WSI/Liver/29_day/25766.svs,29 day,allyl alcohol,30,mg/kg,High,103,16,4,Male,Crj:CD(SD)IGS,2,1.0,2,True,minimal,True,True,False,recorded_finding
25769,/workspace/andre01/honzawa/02-playground/toxpatho-patch-selector/data/TGGATEs/WSI/Liver/29_day/25769.svs,29 day,allyl alcohol,30,mg/kg,High,103,16,5,Male,Crj:CD(SD)IGS,0,,0,False,,True,True,False,no_finding_recorded
26430,/workspace/andre01/honzawa/02-playground/toxpatho-patch-selector/data/TGGATEs/WSI/Liver/4_day/26430.svs,4 day,carbon tetrachloride,0,mg/kg,Control,67,1,1,Male,Crj:CD(SD)IGS,0,,0,False,,True,True,False,no_finding_recorded
26433,/workspace/andre01/honzawa/02-playground/toxpatho-patch-selector/data/TGGATEs/WSI/Liver/4_day/26433.svs,4 day,carbon tetrachloride,0,mg/kg,Control,67,1,2,Male,Crj:CD(SD)IGS,0,,0,False,,True,True,False,no_finding_recorded
26436,/workspace/andre01/honzawa/02-playground/toxpatho-patch-selector/data/TGGATEs/WSI/Liver/4_day/26436.svs,4 day,carbon tetrachloride,0,mg/kg,Control,67,1,3,Male,Crj:CD(SD)IGS,0,,0,False,,True,True,False,no_finding_recorded
26439,/workspace/andre01/honzawa/02-playground/toxpatho-patch-selector/data/TGGATEs/WSI/Liver/4_day/26439.svs,4 day,carbon tetrachloride,0,mg/kg,Control,67,1,4,Male,Crj:CD(SD)IGS,0,,0,False,,True,True,False,no_finding_recorded
26441,/workspace/andre01/honzawa/02-playground/toxpatho-patch-selector/data/TGGATEs/WSI/Liver/4_day/26441.svs,4 day,carbon tetrachloride,0,mg/kg,Control,67,1,5,Male,Crj:CD(SD)IGS,0,,0,False,,True,True,False,no_finding_recorded
26444,/workspace/andre01/honzawa/02-playground/toxpatho-patch-selector/data/TGGATEs/WSI/Liver/4_day/26444.svs,4 day,carbon tetrachloride,10,mg/kg,,67,5,1,,,0,,0,False,,False,False,False,unknown
26446,/workspace/andre01/honzawa/02-playground/toxpatho-patch-selector/data/TGGATEs/WSI/Liver/4_day/26446.svs,4 day,carbon tetrachloride,10,mg/kg,,67,5,2,,,0,,0,False,,False,False,False,unknown
26449,/workspace/andre01/honzawa/02-playground/toxpatho-patch-selector/data/TGGATEs/WSI/Liver/4_day/26449.svs,4 day,carbon tetrachloride,10,mg/kg,,67,5,3,,,0,,0,False,,False,False,False,unknown
26451,/workspace/andre01/honzawa/02-playground/toxpatho-patch-selector/data/TGGATEs/WSI/Liver/4_day/26451.svs,4 day,carbon tetrachloride,10,mg/kg,,67,5,4,,,0,,0,False,,False,False,False,unknown
26454,/workspace/andre01/honzawa/02-playground/toxpatho-patch-selector/data/TGGATEs/WSI/Liver/4_day/26454.svs,4 day,carbon tetrachloride,10,mg/kg,,67,5,5,,,0,,0,False,,False,False,False,unknown
26456,/workspace/andre01/honzawa/02-playground/toxpatho-patch-selector/data/TGGATEs/WSI/Liver/4_day/26456.svs,4 day,carbon tetrachloride,30,mg/kg,Low,67,9,1,Male,Crj:CD(SD)IGS,1,1.0,1,True,minimal,True,True,False,recorded_finding
26458,/workspace/andre01/honzawa/02-playground/toxpatho-patch-selector/data/TGGATEs/WSI/Liver/4_day/26458.svs,4 day,carbon tetrachloride,30,mg/kg,Low,67,9,2,Male,Crj:CD(SD)IGS,1,1.0,1,True,minimal,True,True,False,recorded_finding
26459,/workspace/andre01/honzawa/02-playground/toxpatho-patch-selector/data/TGGATEs/WSI/Liver/4_day/26459.svs,4 day,carbon tetrachloride,30,mg/kg,Low,67,9,3,Male,Crj:CD(SD)IGS,1,2.0,1,True,slight,True,True,False,recorded_finding
26461,/workspace/andre01/honzawa/02-playground/toxpatho-patch-selector/data/TGGATEs/WSI/Liver/4_day/26461.svs,4 day,carbon tetrachloride,30,mg/kg,Low,67,9,4,Male,Crj:CD(SD)IGS,1,1.0,1,True,minimal,True,True,False,recorded_finding
26463,/workspace/andre01/honzawa/02-playground/toxpatho-patch-selector/data/TGGATEs/WSI/Liver/4_day/26463.svs,4 day,carbon tetrachloride,30,mg/kg,Low,67,9,5,Male,Crj:CD(SD)IGS,1,1.0,1,True,minimal,True,True,False,recorded_finding
26465,/workspace/andre01/honzawa/02-playground/toxpatho-patch-selector/data/TGGATEs/WSI/Liver/4_day/26465.svs,4 day,carbon tetrachloride,100,mg/kg,Middle,67,13,1,Male,Crj:CD(SD)IGS,3,2.0,3,True,slight,True,True,False,recorded_finding
26467,/workspace/andre01/honzawa/02-playground/toxpatho-patch-selector/data/TGGATEs/WSI/Liver/4_day/26467.svs,4 day,carbon tetrachloride,100,mg/kg,Middle,67,13,2,Male,Crj:CD(SD)IGS,2,2.0,2,True,slight,True,True,False,recorded_finding
26470,/workspace/andre01/honzawa/02-playground/toxpatho-patch-selector/data/TGGATEs/WSI/Liver/4_day/26470.svs,4 day,carbon tetrachloride,100,mg/kg,Middle,67,13,3,Male,Crj:CD(SD)IGS,2,2.0,2,True,slight,True,True,False,recorded_finding
26472,/workspace/andre01/honzawa/02-playground/toxpatho-patch-selector/data/TGGATEs/WSI/Liver/4_day/26472.svs,4 day,carbon tetrachloride,100,mg/kg,Middle,67,13,4,Male,Crj:CD(SD)IGS,3,2.0,3,True,slight,True,True,False,recorded_finding
26474,/workspace/andre01/honzawa/02-playground/toxpatho-patch-selector/data/TGGATEs/WSI/Liver/4_day/26474.svs,4 day,carbon tetrachloride,100,mg/kg,Middle,67,13,5,Male,Crj:CD(SD)IGS,3,2.0,3,True,slight,True,True,False,recorded_finding
26476,/workspace/andre01/honzawa/02-playground/toxpatho-patch-selector/data/TGGATEs/WSI/Liver/4_day/26476.svs,4 day,carbon tetrachloride,300,mg/kg,High,67,17,1,Male,Crj:CD(SD)IGS,3,2.0,3,True,slight,True,True,False,recorded_finding
26479,/workspace/andre01/honzawa/02-playground/toxpatho-patch-selector/data/TGGATEs/WSI/Liver/4_day/26479.svs,4 day,carbon tetrachloride,300,mg/kg,High,67,17,2,Male,Crj:CD(SD)IGS,3,3.0,3,True,moderate,True,True,False,recorded_finding
26481,/workspace/andre01/honzawa/02-playground/toxpatho-patch-selector/data/TGGATEs/WSI/Liver/4_day/26481.svs,4 day,carbon tetrachloride,300,mg/kg,High,67,17,3,Male,Crj:CD(SD)IGS,3,2.0,3,True,slight,True,True,False,recorded_finding
26483,/workspace/andre01/honzawa/02-playground/toxpatho-patch-selector/data/TGGATEs/WSI/Liver/4_day/26483.svs,4 day,carbon tetrachloride,300,mg/kg,High,67,17,4,Male,Crj:CD(SD)IGS,2,2.0,2,True,slight,True,True,False,recorded_finding
26485,/workspace/andre01/honzawa/02-playground/toxpatho-patch-selector/data/TGGATEs/WSI/Liver/4_day/26485.svs,4 day,carbon tetrachloride,300,mg/kg,High,67,17,5,Male,Crj:CD(SD)IGS,3,2.0,3,True,slight,True,True,False,recorded_finding
26487,/workspace/andre01/honzawa/02-playground/toxpatho-patch-selector/data/TGGATEs/WSI/Liver/8_day/26487.svs,8 day,carbon tetrachloride,0,mg/kg,Control,67,2,1,Male,Crj:CD(SD)IGS,0,,0,False,,True,True,False,no_finding_recorded
26489,/workspace/andre01/honzawa/02-playground/toxpatho-patch-selector/data/TGGATEs/WSI/Liver/8_day/26489.svs,8 day,carbon tetrachloride,0,mg/kg,Control,67,2,2,Male,Crj:CD(SD)IGS,0,,0,False,,True,True,False,no_finding_recorded
26491,/workspace/andre01/honzawa/02-playground/toxpatho-patch-selector/data/TGGATEs/WSI/Liver/8_day/26491.svs,8 day,carbon tetrachloride,0,mg/kg,Control,67,2,3,Male,Crj:CD(SD)IGS,0,,0,False,,True,True,False,no_finding_recorded
26492,/workspace/andre01/honzawa/02-playground/toxpatho-patch-selector/data/TGGATEs/WSI/Liver/8_day/26492.svs,8 day,carbon tetrachloride,0,mg/kg,Control,67,2,4,Male,Crj:CD(SD)IGS,0,,0,False,,True,True,False,no_finding_recorded
26494,/workspace/andre01/honzawa/02-playground/toxpatho-patch-selector/data/TGGATEs/WSI/Liver/8_day/26494.svs,8 day,carbon tetrachloride,0,mg/kg,Control,67,2,5,Male,Crj:CD(SD)IGS,0,,0,False,,True,True,False,no_finding_recorded
26497,/workspace/andre01/honzawa/02-playground/toxpatho-patch-selector/data/TGGATEs/WSI/Liver/8_day/26497.svs,8 day,carbon tetrachloride,10,mg/kg,,67,6,1,,,0,,0,False,,False,False,False,unknown
26499,/workspace/andre01/honzawa/02-playground/toxpatho-patch-selector/data/TGGATEs/WSI/Liver/8_day/26499.svs,8 day,carbon tetrachloride,10,mg/kg,,67,6,2,,,0,,0,False,,False,False,False,unknown
26501,/workspace/andre01/honzawa/02-playground/toxpatho-patch-selector/data/TGGATEs/WSI/Liver/8_day/26501.svs,8 day,carbon tetrachloride,10,mg/kg,,67,6,3,,,0,,0,False,,False,False,False,unknown
26503,/workspace/andre01/honzawa/02-playground/toxpatho-patch-selector/data/TGGATEs/WSI/Liver/8_day/26503.svs,8 day,carbon tetrachloride,10,mg/kg,,67,6,4,,,0,,0,False,,False,False,False,unknown
26505,/workspace/andre01/honzawa/02-playground/toxpatho-patch-selector/data/TGGATEs/WSI/Liver/8_day/26505.svs,8 day,carbon tetrachloride,10,mg/kg,,67,6,5,,,0,,0,False,,False,False,False,unknown
26507,/workspace/andre01/honzawa/02-playground/toxpatho-patch-selector/data/TGGATEs/WSI/Liver/8_day/26507.svs,8 day,carbon tetrachloride,30,mg/kg,Low,67,10,1,Male,Crj:CD(SD)IGS,1,2.0,1,True,slight,True,True,False,recorded_finding
26509,/workspace/andre01/honzawa/02-playground/toxpatho-patch-selector/data/TGGATEs/WSI/Liver/8_day/26509.svs,8 day,carbon tetrachloride,30,mg/kg,Low,67,10,2,Male,Crj:CD(SD)IGS,1,2.0,1,True,slight,True,True,False,recorded_finding
26511,/workspace/andre01/honzawa/02-playground/toxpatho-patch-selector/data/TGGATEs/WSI/Liver/8_day/26511.svs,8 day,carbon tetrachloride,30,mg/kg,Low,67,10,3,Male,Crj:CD(SD)IGS,2,1.0,2,True,minimal,True,True,False,recorded_finding
26513,/workspace/andre01/honzawa/02-playground/toxpatho-patch-selector/data/TGGATEs/WSI/Liver/8_day/26513.svs,8 day,carbon tetrachloride,30,mg/kg,Low,67,10,4,Male,Crj:CD(SD)IGS,1,2.0,1,True,slight,True,True,False,recorded_finding
26515,/workspace/andre01/honzawa/02-playground/toxpatho-patch-selector/data/TGGATEs/WSI/Liver/8_day/26515.svs,8 day,carbon tetrachloride,30,mg/kg,Low,67,10,5,Male,Crj:CD(SD)IGS,2,2.0,2,True,slight,True,True,False,recorded_finding
26516,/workspace/andre01/honzawa/02-playground/toxpatho-patch-selector/data/TGGATEs/WSI/Liver/8_day/26516.svs,8 day,carbon tetrachloride,100,mg/kg,Middle,67,14,1,Male,Crj:CD(SD)IGS,3,2.0,3,True,slight,True,True,False,recorded_finding
26518,/workspace/andre01/honzawa/02-playground/toxpatho-patch-selector/data/TGGATEs/WSI/Liver/8_day/26518.svs,8 day,carbon tetrachloride,100,mg/kg,Middle,67,14,2,Male,Crj:CD(SD)IGS,2,2.0,2,True,slight,True,True,False,recorded_finding
26520,/workspace/andre01/honzawa/02-playground/toxpatho-patch-selector/data/TGGATEs/WSI/Liver/8_day/26520.svs,8 day,carbon tetrachloride,100,mg/kg,Middle,67,14,3,Male,Crj:CD(SD)IGS,2,2.0,2,True,slight,True,True,False,recorded_finding
26522,/workspace/andre01/honzawa/02-playground/toxpatho-patch-selector/data/TGGATEs/WSI/Liver/8_day/26522.svs,8 day,carbon tetrachloride,100,mg/kg,Middle,67,14,4,Male,Crj:CD(SD)IGS,2,2.0,2,True,slight,True,True,False,recorded_finding
26524,/workspace/andre01/honzawa/02-playground/toxpatho-patch-selector/data/TGGATEs/WSI/Liver/8_day/26524.svs,8 day,carbon tetrachloride,100,mg/kg,Middle,67,14,5,Male,Crj:CD(SD)IGS,3,2.0,3,True,slight,True,True,False,recorded_finding
26526,/workspace/andre01/honzawa/02-playground/toxpatho-patch-selector/data/TGGATEs/WSI/Liver/8_day/26526.svs,8 day,carbon tetrachloride,300,mg/kg,High,67,18,1,Male,Crj:CD(SD)IGS,3,3.0,3,True,moderate,True,True,False,recorded_finding
26528,/workspace/andre01/honzawa/02-playground/toxpatho-patch-selector/data/TGGATEs/WSI/Liver/8_day/26528.svs,8 day,carbon tetrachloride,300,mg/kg,High,67,18,2,Male,Crj:CD(SD)IGS,3,2.0,3,True,slight,True,True,False,recorded_finding
26530,/workspace/andre01/honzawa/02-playground/toxpatho-patch-selector/data/TGGATEs/WSI/Liver/8_day/26530.svs,8 day,carbon tetrachloride,300,mg/kg,High,67,18,3,Male,Crj:CD(SD)IGS,3,2.0,3,True,slight,True,True,False,recorded_finding
26532,/workspace/andre01/honzawa/02-playground/toxpatho-patch-selector/data/TGGATEs/WSI/Liver/8_day/26532.svs,8 day,carbon tetrachloride,300,mg/kg,High,67,18,4,Male,Crj:CD(SD)IGS,3,2.0,3,True,slight,True,True,False,recorded_finding
26534,/workspace/andre01/honzawa/02-playground/toxpatho-patch-selector/data/TGGATEs/WSI/Liver/8_day/26534.svs,8 day,carbon tetrachloride,300,mg/kg,High,67,18,5,Male,Crj:CD(SD)IGS,2,2.0,2,True,slight,True,True,False,recorded_finding
26536,/workspace/andre01/honzawa/02-playground/toxpatho-patch-selector/data/TGGATEs/WSI/Liver/15_day/26536.svs,15 day,carbon tetrachloride,0,mg/kg,Control,67,3,1,Male,Crj:CD(SD)IGS,0,,0,False,,True,True,False,no_finding_recorded
26538,/workspace/andre01/honzawa/02-playground/toxpatho-patch-selector/data/TGGATEs/WSI/Liver/15_day/26538.svs,15 day,carbon tetrachloride,0,mg/kg,Control,67,3,2,Male,Crj:CD(SD)IGS,0,,0,False,,True,True,False,no_finding_recorded
26540,/workspace/andre01/honzawa/02-playground/toxpatho-patch-selector/data/TGGATEs/WSI/Liver/15_day/26540.svs,15 day,carbon tetrachloride,0,mg/kg,Control,67,3,3,Male,Crj:CD(SD)IGS,0,,0,False,,True,True,False,no_finding_recorded
26542,/workspace/andre01/honzawa/02-playground/toxpatho-patch-selector/data/TGGATEs/WSI/Liver/15_day/26542.svs,15 day,carbon tetrachloride,0,mg/kg,Control,67,3,4,Male,Crj:CD(SD)IGS,0,,0,False,,True,True,False,no_finding_recorded
26544,/workspace/andre01/honzawa/02-playground/toxpatho-patch-selector/data/TGGATEs/WSI/Liver/15_day/26544.svs,15 day,carbon tetrachloride,0,mg/kg,Control,67,3,5,Male,Crj:CD(SD)IGS,0,,0,False,,True,True,False,no_finding_recorded
26546,/workspace/andre01/honzawa/02-playground/toxpatho-patch-selector/data/TGGATEs/WSI/Liver/15_day/26546.svs,15 day,carbon tetrachloride,10,mg/kg,,67,7,1,,,0,,0,False,,False,False,False,unknown
26548,/workspace/andre01/honzawa/02-playground/toxpatho-patch-selector/data/TGGATEs/WSI/Liver/15_day/26548.svs,15 day,carbon tetrachloride,10,mg/kg,,67,7,2,,,0,,0,False,,False,False,False,unknown
26550,/workspace/andre01/honzawa/02-playground/toxpatho-patch-selector/data/TGGATEs/WSI/Liver/15_day/26550.svs,15 day,carbon tetrachloride,10,mg/kg,,67,7,3,,,0,,0,False,,False,False,False,unknown
26552,/workspace/andre01/honzawa/02-playground/toxpatho-patch-selector/data/TGGATEs/WSI/Liver/15_day/26552.svs,15 day,carbon tetrachloride,10,mg/kg,,67,7,4,,,0,,0,False,,False,False,False,unknown
26554,/workspace/andre01/honzawa/02-playground/toxpatho-patch-selector/data/TGGATEs/WSI/Liver/15_day/26554.svs,15 day,carbon tetrachloride,10,mg/kg,,67,7,5,,,0,,0,False,,False,False,False,unknown
26556,/workspace/andre01/honzawa/02-playground/toxpatho-patch-selector/data/TGGATEs/WSI/Liver/15_day/26556.svs,15 day,carbon tetrachloride,30,mg/kg,Low,67,11,1,Male,Crj:CD(SD)IGS,3,2.0,3,True,slight,True,True,False,recorded_finding
26559,/workspace/andre01/honzawa/02-playground/toxpatho-patch-selector/data/TGGATEs/WSI/Liver/15_day/26559.svs,15 day,carbon tetrachloride,30,mg/kg,Low,67,11,2,Male,Crj:CD(SD)IGS,2,1.0,2,True,minimal,True,True,False,recorded_finding
26561,/workspace/andre01/honzawa/02-playground/toxpatho-patch-selector/data/TGGATEs/WSI/Liver/15_day/26561.svs,15 day,carbon tetrachloride,30,mg/kg,Low,67,11,3,Male,Crj:CD(SD)IGS,2,2.0,2,True,slight,True,True,False,recorded_finding
26563,/workspace/andre01/honzawa/02-playground/toxpatho-patch-selector/data/TGGATEs/WSI/Liver/15_day/26563.svs,15 day,carbon tetrachloride,30,mg/kg,Low,67,11,4,Male,Crj:CD(SD)IGS,2,2.0,2,True,slight,True,True,False,recorded_finding
26564,/workspace/andre01/honzawa/02-playground/toxpatho-patch-selector/data/TGGATEs/WSI/Liver/15_day/26564.svs,15 day,carbon tetrachloride,30,mg/kg,Low,67,11,5,Male,Crj:CD(SD)IGS,2,2.0,2,True,slight,True,True,False,recorded_finding
26566,/workspace/andre01/honzawa/02-playground/toxpatho-patch-selector/data/TGGATEs/WSI/Liver/15_day/26566.svs,15 day,carbon tetrachloride,100,mg/kg,Middle,67,15,1,Male,Crj:CD(SD)IGS,4,2.0,4,True,slight,True,True,False,recorded_finding
26568,/workspace/andre01/honzawa/02-playground/toxpatho-patch-selector/data/TGGATEs/WSI/Liver/15_day/26568.svs,15 day,carbon tetrachloride,100,mg/kg,Middle,67,15,2,Male,Crj:CD(SD)IGS,4,2.0,4,True,slight,True,True,False,recorded_finding
26570,/workspace/andre01/honzawa/02-playground/toxpatho-patch-selector/data/TGGATEs/WSI/Liver/15_day/26570.svs,15 day,carbon tetrachloride,100,mg/kg,Middle,67,15,3,Male,Crj:CD(SD)IGS,4,2.0,4,True,slight,True,True,False,recorded_finding
26571,/workspace/andre01/honzawa/02-playground/toxpatho-patch-selector/data/TGGATEs/WSI/Liver/15_day/26571.svs,15 day,carbon tetrachloride,100,mg/kg,Middle,67,15,4,Male,Crj:CD(SD)IGS,4,2.0,4,True,slight,True,True,False,recorded_finding
26573,/workspace/andre01/honzawa/02-playground/toxpatho-patch-selector/data/TGGATEs/WSI/Liver/15_day/26573.svs,15 day,carbon tetrachloride,100,mg/kg,Middle,67,15,5,Male,Crj:CD(SD)IGS,4,2.0,4,True,slight,True,True,False,recorded_finding
26575,/workspace/andre01/honzawa/02-playground/toxpatho-patch-selector/data/TGGATEs/WSI/Liver/15_day/26575.svs,15 day,carbon tetrachloride,300,mg/kg,High,67,19,1,Male,Crj:CD(SD)IGS,3,3.0,3,True,moderate,True,True,False,recorded_finding
26578,/workspace/andre01/honzawa/02-playground/toxpatho-patch-selector/data/TGGATEs/WSI/Liver/15_day/26578.svs,15 day,carbon tetrachloride,300,mg/kg,High,67,19,2,Male,Crj:CD(SD)IGS,4,2.0,4,True,slight,True,True,False,recorded_finding
26580,/workspace/andre01/honzawa/02-playground/toxpatho-patch-selector/data/TGGATEs/WSI/Liver/15_day/26580.svs,15 day,carbon tetrachloride,300,mg/kg,High,67,19,3,Male,Crj:CD(SD)IGS,4,2.0,4,True,slight,True,True,False,recorded_finding
26582,/workspace/andre01/honzawa/02-playground/toxpatho-patch-selector/data/TGGATEs/WSI/Liver/15_day/26582.svs,15 day,carbon tetrachloride,300,mg/kg,High,67,19,4,Male,Crj:CD(SD)IGS,4,2.0,4,True,slight,True,True,False,recorded_finding
26584,/workspace/andre01/honzawa/02-playground/toxpatho-patch-selector/data/TGGATEs/WSI/Liver/15_day/26584.svs,15 day,carbon tetrachloride,300,mg/kg,High,67,19,5,Male,Crj:CD(SD)IGS,4,2.0,4,True,slight,True,True,False,recorded_finding
26586,/workspace/andre01/honzawa/02-playground/toxpatho-patch-selector/data/TGGATEs/WSI/Liver/29_day/26586.svs,29 day,carbon tetrachloride,0,mg/kg,Control,67,4,1,Male,Crj:CD(SD)IGS,0,,0,False,,True,True,False,no_finding_recorded
26588,/workspace/andre01/honzawa/02-playground/toxpatho-patch-selector/data/TGGATEs/WSI/Liver/29_day/26588.svs,29 day,carbon tetrachloride,0,mg/kg,Control,67,4,2,Male,Crj:CD(SD)IGS,0,,0,False,,True,True,False,no_finding_recorded
26590,/workspace/andre01/honzawa/02-playground/toxpatho-patch-selector/data/TGGATEs/WSI/Liver/29_day/26590.svs,29 day,carbon tetrachloride,0,mg/kg,Control,67,4,3,Male,Crj:CD(SD)IGS,0,,0,False,,True,True,False,no_finding_recorded
26592,/workspace/andre01/honzawa/02-playground/toxpatho-patch-selector/data/TGGATEs/WSI/Liver/29_day/26592.svs,29 day,carbon tetrachloride,0,mg/kg,Control,67,4,4,Male,Crj:CD(SD)IGS,0,,0,False,,True,True,False,no_finding_recorded
26594,/workspace/andre01/honzawa/02-playground/toxpatho-patch-selector/data/TGGATEs/WSI/Liver/29_day/26594.svs,29 day,carbon tetrachloride,0,mg/kg,Control,67,4,5,Male,Crj:CD(SD)IGS,0,,0,False,,True,True,False,no_finding_recorded
26596,/workspace/andre01/honzawa/02-playground/toxpatho-patch-selector/data/TGGATEs/WSI/Liver/29_day/26596.svs,29 day,carbon tetrachloride,10,mg/kg,,67,8,1,,,0,,0,False,,False,False,False,unknown
26598,/workspace/andre01/honzawa/02-playground/toxpatho-patch-selector/data/TGGATEs/WSI/Liver/29_day/26598.svs,29 day,carbon tetrachloride,10,mg/kg,,67,8,2,,,0,,0,False,,False,False,False,unknown
26601,/workspace/andre01/honzawa/02-playground/toxpatho-patch-selector/data/TGGATEs/WSI/Liver/29_day/26601.svs,29 day,carbon tetrachloride,10,mg/kg,,67,8,3,,,0,,0,False,,False,False,False,unknown
26604,/workspace/andre01/honzawa/02-playground/toxpatho-patch-selector/data/TGGATEs/WSI/Liver/29_day/26604.svs,29 day,carbon tetrachloride,10,mg/kg,,67,8,4,,,0,,0,False,,False,False,False,unknown
26606,/workspace/andre01/honzawa/02-playground/toxpatho-patch-selector/data/TGGATEs/WSI/Liver/29_day/26606.svs,29 day,carbon tetrachloride,10,mg/kg,,67,8,5,,,0,,0,False,,False,False,False,unknown
26608,/workspace/andre01/honzawa/02-playground/toxpatho-patch-selector/data/TGGATEs/WSI/Liver/29_day/26608.svs,29 day,carbon tetrachloride,30,mg/kg,Low,67,12,1,Male,Crj:CD(SD)IGS,4,2.0,4,True,slight,True,True,False,recorded_finding
26610,/workspace/andre01/honzawa/02-playground/toxpatho-patch-selector/data/TGGATEs/WSI/Liver/29_day/26610.svs,29 day,carbon tetrachloride,30,mg/kg,Low,67,12,2,Male,Crj:CD(SD)IGS,2,2.0,2,True,slight,True,True,False,recorded_finding
26613,/workspace/andre01/honzawa/02-playground/toxpatho-patch-selector/data/TGGATEs/WSI/Liver/29_day/26613.svs,29 day,carbon tetrachloride,30,mg/kg,Low,67,12,3,Male,Crj:CD(SD)IGS,3,2.0,3,True,slight,True,True,False,recorded_finding
26616,/workspace/andre01/honzawa/02-playground/toxpatho-patch-selector/data/TGGATEs/WSI/Liver/29_day/26616.svs,29 day,carbon tetrachloride,30,mg/kg,Low,67,12,4,Male,Crj:CD(SD)IGS,4,2.0,4,True,slight,True,True,False,recorded_finding
26620,/workspace/andre01/honzawa/02-playground/toxpatho-patch-selector/data/TGGATEs/WSI/Liver/29_day/26620.svs,29 day,carbon tetrachloride,30,mg/kg,Low,67,12,5,Male,Crj:CD(SD)IGS,2,2.0,2,True,slight,True,True,False,recorded_finding
26623,/workspace/andre01/honzawa/02-playground/toxpatho-patch-selector/data/TGGATEs/WSI/Liver/29_day/26623.svs,29 day,carbon tetrachloride,100,mg/kg,Middle,67,16,1,Male,Crj:CD(SD)IGS,4,2.0,4,True,slight,True,True,False,recorded_finding
26626,/workspace/andre01/honzawa/02-playground/toxpatho-patch-selector/data/TGGATEs/WSI/Liver/29_day/26626.svs,29 day,carbon tetrachloride,100,mg/kg,Middle,67,16,2,Male,Crj:CD(SD)IGS,3,3.0,3,True,moderate,True,True,False,recorded_finding
26630,/workspace/andre01/honzawa/02-playground/toxpatho-patch-selector/data/TGGATEs/WSI/Liver/29_day/26630.svs,29 day,carbon tetrachloride,100,mg/kg,Middle,67,16,3,Male,Crj:CD(SD)IGS,4,2.0,4,True,slight,True,True,False,recorded_finding
26632,/workspace/andre01/honzawa/02-playground/toxpatho-patch-selector/data/TGGATEs/WSI/Liver/29_day/26632.svs,29 day,carbon tetrachloride,100,mg/kg,Middle,67,16,4,Male,Crj:CD(SD)IGS,4,2.0,4,True,slight,True,True,False,recorded_finding
26635,/workspace/andre01/honzawa/02-playground/toxpatho-patch-selector/data/TGGATEs/WSI/Liver/29_day/26635.svs,29 day,carbon tetrachloride,100,mg/kg,Middle,67,16,5,Male,Crj:CD(SD)IGS,4,2.0,4,True,slight,True,True,False,recorded_finding
26639,/workspace/andre01/honzawa/02-playground/toxpatho-patch-selector/data/TGGATEs/WSI/Liver/29_day/26639.svs,29 day,carbon tetrachloride,300,mg/kg,High,67,20,1,Male,Crj:CD(SD)IGS,4,3.0,4,True,moderate,True,True,False,recorded_finding
26641,/workspace/andre01/honzawa/02-playground/toxpatho-patch-selector/data/TGGATEs/WSI/Liver/29_day/26641.svs,29 day,carbon tetrachloride,300,mg/kg,High,67,20,2,Male,Crj:CD(SD)IGS,4,2.0,4,True,slight,True,True,False,recorded_finding
26644,/workspace/andre01/honzawa/02-playground/toxpatho-patch-selector/data/TGGATEs/WSI/Liver/29_day/26644.svs,29 day,carbon tetrachloride,300,mg/kg,High,67,20,3,Male,Crj:CD(SD)IGS,4,2.0,4,True,slight,True,True,False,recorded_finding
26647,/workspace/andre01/honzawa/02-playground/toxpatho-patch-selector/data/TGGATEs/WSI/Liver/29_day/26647.svs,29 day,carbon tetrachloride,300,mg/kg,High,67,20,4,Male,Crj:CD(SD)IGS,4,4.0,4,True,severe,True,True,False,recorded_finding
26651,/workspace/andre01/honzawa/02-playground/toxpatho-patch-selector/data/TGGATEs/WSI/Liver/29_day/26651.svs,29 day,carbon tetrachloride,300,mg/kg,High,67,20,5,Male,Crj:CD(SD)IGS,4,3.0,4,True,moderate,True,True,False,recorded_finding
27695,/workspace/andre01/honzawa/02-playground/toxpatho-patch-selector/data/TGGATEs/WSI/Liver/4_day/27695.svs,4 day,ethionine,0,mg/kg,Control,126,1,1,Male,Crj:CD(SD)IGS,2,1.0,0,True,minimal,True,True,False,recorded_finding
27697,/workspace/andre01/honzawa/02-playground/toxpatho-patch-selector/data/TGGATEs/WSI/Liver/4_day/27697.svs,4 day,ethionine,0,mg/kg,Control,126,1,2,Male,Crj:CD(SD)IGS,0,,0,False,,True,True,False,no_finding_recorded
27701,/workspace/andre01/honzawa/02-playground/toxpatho-patch-selector/data/TGGATEs/WSI/Liver/4_day/27701.svs,4 day,ethionine,0,mg/kg,Control,126,1,3,Male,Crj:CD(SD)IGS,0,,0,False,,True,True,False,no_finding_recorded
27703,/workspace/andre01/honzawa/02-playground/toxpatho-patch-selector/data/TGGATEs/WSI/Liver/4_day/27703.svs,4 day,ethionine,0,mg/kg,Control,126,1,4,Male,Crj:CD(SD)IGS,0,,0,False,,True,True,False,no_finding_recorded
27706,/workspace/andre01/honzawa/02-playground/toxpatho-patch-selector/data/TGGATEs/WSI/Liver/4_day/27706.svs,4 day,ethionine,0,mg/kg,Control,126,1,5,Male,Crj:CD(SD)IGS,1,1.0,0,True,minimal,True,True,False,recorded_finding
27709,/workspace/andre01/honzawa/02-playground/toxpatho-patch-selector/data/TGGATEs/WSI/Liver/4_day/27709.svs,4 day,ethionine,25,mg/kg,Low,126,5,1,Male,Crj:CD(SD)IGS,1,1.0,0,True,minimal,True,True,False,recorded_finding
27711,/workspace/andre01/honzawa/02-playground/toxpatho-patch-selector/data/TGGATEs/WSI/Liver/4_day/27711.svs,4 day,ethionine,25,mg/kg,Low,126,5,2,Male,Crj:CD(SD)IGS,0,,0,False,,True,True,False,no_finding_recorded
27716,/workspace/andre01/honzawa/02-playground/toxpatho-patch-selector/data/TGGATEs/WSI/Liver/4_day/27716.svs,4 day,ethionine,25,mg/kg,Low,126,5,3,Male,Crj:CD(SD)IGS,0,,0,False,,True,True,False,no_finding_recorded
27718,/workspace/andre01/honzawa/02-playground/toxpatho-patch-selector/data/TGGATEs/WSI/Liver/4_day/27718.svs,4 day,ethionine,25,mg/kg,Low,126,5,4,Male,Crj:CD(SD)IGS,0,,0,False,,True,True,False,no_finding_recorded
27721,/workspace/andre01/honzawa/02-playground/toxpatho-patch-selector/data/TGGATEs/WSI/Liver/4_day/27721.svs,4 day,ethionine,25,mg/kg,Low,126,5,5,Male,Crj:CD(SD)IGS,0,,0,False,,True,True,False,no_finding_recorded
27724,/workspace/andre01/honzawa/02-playground/toxpatho-patch-selector/data/TGGATEs/WSI/Liver/4_day/27724.svs,4 day,ethionine,80,mg/kg,Middle,126,9,1,Male,Crj:CD(SD)IGS,2,2.0,2,True,slight,True,True,False,recorded_finding
27726,/workspace/andre01/honzawa/02-playground/toxpatho-patch-selector/data/TGGATEs/WSI/Liver/4_day/27726.svs,4 day,ethionine,80,mg/kg,Middle,126,9,2,Male,Crj:CD(SD)IGS,1,2.0,1,True,slight,True,True,False,recorded_finding
27729,/workspace/andre01/honzawa/02-playground/toxpatho-patch-selector/data/TGGATEs/WSI/Liver/4_day/27729.svs,4 day,ethionine,80,mg/kg,Middle,126,9,3,Male,Crj:CD(SD)IGS,1,2.0,1,True,slight,True,True,False,recorded_finding
27732,/workspace/andre01/honzawa/02-playground/toxpatho-patch-selector/data/TGGATEs/WSI/Liver/4_day/27732.svs,4 day,ethionine,80,mg/kg,Middle,126,9,4,Male,Crj:CD(SD)IGS,4,2.0,3,True,slight,True,True,False,recorded_finding
27734,/workspace/andre01/honzawa/02-playground/toxpatho-patch-selector/data/TGGATEs/WSI/Liver/4_day/27734.svs,4 day,ethionine,80,mg/kg,Middle,126,9,5,Male,Crj:CD(SD)IGS,3,2.0,2,True,slight,True,True,False,recorded_finding
27737,/workspace/andre01/honzawa/02-playground/toxpatho-patch-selector/data/TGGATEs/WSI/Liver/4_day/27737.svs,4 day,ethionine,250,mg/kg,High,126,13,1,Male,Crj:CD(SD)IGS,2,3.0,2,True,moderate,True,True,False,recorded_finding
27739,/workspace/andre01/honzawa/02-playground/toxpatho-patch-selector/data/TGGATEs/WSI/Liver/4_day/27739.svs,4 day,ethionine,250,mg/kg,High,126,13,2,Male,Crj:CD(SD)IGS,4,3.0,4,True,moderate,True,True,False,recorded_finding
27742,/workspace/andre01/honzawa/02-playground/toxpatho-patch-selector/data/TGGATEs/WSI/Liver/4_day/27742.svs,4 day,ethionine,250,mg/kg,High,126,13,3,Male,Crj:CD(SD)IGS,4,3.0,4,True,moderate,True,True,False,recorded_finding
27745,/workspace/andre01/honzawa/02-playground/toxpatho-patch-selector/data/TGGATEs/WSI/Liver/4_day/27745.svs,4 day,ethionine,250,mg/kg,High,126,13,4,Male,Crj:CD(SD)IGS,4,3.0,4,True,moderate,True,True,False,recorded_finding
27747,/workspace/andre01/honzawa/02-playground/toxpatho-patch-selector/data/TGGATEs/WSI/Liver/4_day/27747.svs,4 day,ethionine,250,mg/kg,High,126,13,5,Male,Crj:CD(SD)IGS,4,3.0,4,True,moderate,True,True,False,recorded_finding
27750,/workspace/andre01/honzawa/02-playground/toxpatho-patch-selector/data/TGGATEs/WSI/Liver/8_day/27750.svs,8 day,ethionine,0,mg/kg,Control,126,2,1,Male,Crj:CD(SD)IGS,1,1.0,0,True,minimal,True,True,False,recorded_finding
27753,/workspace/andre01/honzawa/02-playground/toxpatho-patch-selector/data/TGGATEs/WSI/Liver/8_day/27753.svs,8 day,ethionine,0,mg/kg,Control,126,2,2,Male,Crj:CD(SD)IGS,1,1.0,0,True,minimal,True,True,False,recorded_finding
27756,/workspace/andre01/honzawa/02-playground/toxpatho-patch-selector/data/TGGATEs/WSI/Liver/8_day/27756.svs,8 day,ethionine,0,mg/kg,Control,126,2,3,Male,Crj:CD(SD)IGS,1,2.0,0,True,slight,True,True,False,recorded_finding
27759,/workspace/andre01/honzawa/02-playground/toxpatho-patch-selector/data/TGGATEs/WSI/Liver/8_day/27759.svs,8 day,ethionine,0,mg/kg,Control,126,2,4,Male,Crj:CD(SD)IGS,0,,0,False,,True,True,False,no_finding_recorded
27762,/workspace/andre01/honzawa/02-playground/toxpatho-patch-selector/data/TGGATEs/WSI/Liver/8_day/27762.svs,8 day,ethionine,0,mg/kg,Control,126,2,5,Male,Crj:CD(SD)IGS,0,,0,False,,True,True,False,no_finding_recorded
27764,/workspace/andre01/honzawa/02-playground/toxpatho-patch-selector/data/TGGATEs/WSI/Liver/8_day/27764.svs,8 day,ethionine,25,mg/kg,Low,126,6,1,Male,Crj:CD(SD)IGS,0,,0,False,,True,True,False,no_finding_recorded
27767,/workspace/andre01/honzawa/02-playground/toxpatho-patch-selector/data/TGGATEs/WSI/Liver/8_day/27767.svs,8 day,ethionine,25,mg/kg,Low,126,6,2,Male,Crj:CD(SD)IGS,0,,0,False,,True,True,False,no_finding_recorded
27770,/workspace/andre01/honzawa/02-playground/toxpatho-patch-selector/data/TGGATEs/WSI/Liver/8_day/27770.svs,8 day,ethionine,25,mg/kg,Low,126,6,3,Male,Crj:CD(SD)IGS,0,,0,False,,True,True,False,no_finding_recorded
27773,/workspace/andre01/honzawa/02-playground/toxpatho-patch-selector/data/TGGATEs/WSI/Liver/8_day/27773.svs,8 day,ethionine,25,mg/kg,Low,126,6,4,Male,Crj:CD(SD)IGS,0,,0,False,,True,True,False,no_finding_recorded
27777,/workspace/andre01/honzawa/02-playground/toxpatho-patch-selector/data/TGGATEs/WSI/Liver/8_day/27777.svs,8 day,ethionine,25,mg/kg,Low,126,6,5,Male,Crj:CD(SD)IGS,1,1.0,0,True,minimal,True,True,False,recorded_finding
27780,/workspace/andre01/honzawa/02-playground/toxpatho-patch-selector/data/TGGATEs/WSI/Liver/8_day/27780.svs,8 day,ethionine,80,mg/kg,Middle,126,10,1,Male,Crj:CD(SD)IGS,1,2.0,1,True,slight,True,True,False,recorded_finding
27782,/workspace/andre01/honzawa/02-playground/toxpatho-patch-selector/data/TGGATEs/WSI/Liver/8_day/27782.svs,8 day,ethionine,80,mg/kg,Middle,126,10,2,Male,Crj:CD(SD)IGS,1,2.0,1,True,slight,True,True,False,recorded_finding
27785,/workspace/andre01/honzawa/02-playground/toxpatho-patch-selector/data/TGGATEs/WSI/Liver/8_day/27785.svs,8 day,ethionine,80,mg/kg,Middle,126,10,3,Male,Crj:CD(SD)IGS,3,3.0,3,True,moderate,True,True,False,recorded_finding
27788,/workspace/andre01/honzawa/02-playground/toxpatho-patch-selector/data/TGGATEs/WSI/Liver/8_day/27788.svs,8 day,ethionine,80,mg/kg,Middle,126,10,4,Male,Crj:CD(SD)IGS,1,2.0,1,True,slight,True,True,False,recorded_finding
27791,/workspace/andre01/honzawa/02-playground/toxpatho-patch-selector/data/TGGATEs/WSI/Liver/8_day/27791.svs,8 day,ethionine,80,mg/kg,Middle,126,10,5,Male,Crj:CD(SD)IGS,5,3.0,4,True,moderate,True,True,False,recorded_finding
27793,/workspace/andre01/honzawa/02-playground/toxpatho-patch-selector/data/TGGATEs/WSI/Liver/8_day/27793.svs,8 day,ethionine,250,mg/kg,High,126,14,1,Male,Crj:CD(SD)IGS,4,3.0,4,True,moderate,True,True,False,recorded_finding
27796,/workspace/andre01/honzawa/02-playground/toxpatho-patch-selector/data/TGGATEs/WSI/Liver/8_day/27796.svs,8 day,ethionine,250,mg/kg,High,126,14,2,Male,Crj:CD(SD)IGS,2,3.0,2,True,moderate,True,True,False,recorded_finding
27799,/workspace/andre01/honzawa/02-playground/toxpatho-patch-selector/data/TGGATEs/WSI/Liver/8_day/27799.svs,8 day,ethionine,250,mg/kg,High,126,14,3,Male,Crj:CD(SD)IGS,2,3.0,2,True,moderate,True,True,False,recorded_finding
27801,/workspace/andre01/honzawa/02-playground/toxpatho-patch-selector/data/TGGATEs/WSI/Liver/8_day/27801.svs,8 day,ethionine,250,mg/kg,High,126,14,4,Male,Crj:CD(SD)IGS,3,3.0,3,True,moderate,True,True,False,recorded_finding
27804,/workspace/andre01/honzawa/02-playground/toxpatho-patch-selector/data/TGGATEs/WSI/Liver/8_day/27804.svs,8 day,ethionine,250,mg/kg,High,126,14,5,Male,Crj:CD(SD)IGS,2,3.0,2,True,moderate,True,True,False,recorded_finding
27805,/workspace/andre01/honzawa/02-playground/toxpatho-patch-selector/data/TGGATEs/WSI/Liver/15_day/27805.svs,15 day,ethionine,0,mg/kg,Control,126,3,1,Male,Crj:CD(SD)IGS,0,,0,False,,True,True,False,no_finding_recorded
27808,/workspace/andre01/honzawa/02-playground/toxpatho-patch-selector/data/TGGATEs/WSI/Liver/15_day/27808.svs,15 day,ethionine,0,mg/kg,Control,126,3,2,Male,Crj:CD(SD)IGS,0,,0,False,,True,True,False,no_finding_recorded
27811,/workspace/andre01/honzawa/02-playground/toxpatho-patch-selector/data/TGGATEs/WSI/Liver/15_day/27811.svs,15 day,ethionine,0,mg/kg,Control,126,3,3,Male,Crj:CD(SD)IGS,0,,0,False,,True,True,False,no_finding_recorded
27814,/workspace/andre01/honzawa/02-playground/toxpatho-patch-selector/data/TGGATEs/WSI/Liver/15_day/27814.svs,15 day,ethionine,0,mg/kg,Control,126,3,4,Male,Crj:CD(SD)IGS,0,,0,False,,True,True,False,no_finding_recorded
27815,/workspace/andre01/honzawa/02-playground/toxpatho-patch-selector/data/TGGATEs/WSI/Liver/15_day/27815.svs,15 day,ethionine,0,mg/kg,Control,126,3,5,Male,Crj:CD(SD)IGS,0,,0,False,,True,True,False,no_finding_recorded
27816,/workspace/andre01/honzawa/02-playground/toxpatho-patch-selector/data/TGGATEs/WSI/Liver/15_day/27816.svs,15 day,ethionine,25,mg/kg,Low,126,7,1,Male,Crj:CD(SD)IGS,0,,0,False,,True,True,False,no_finding_recorded
27817,/workspace/andre01/honzawa/02-playground/toxpatho-patch-selector/data/TGGATEs/WSI/Liver/15_day/27817.svs,15 day,ethionine,25,mg/kg,Low,126,7,2,Male,Crj:CD(SD)IGS,0,,0,False,,True,True,False,no_finding_recorded
27818,/workspace/andre01/honzawa/02-playground/toxpatho-patch-selector/data/TGGATEs/WSI/Liver/4_day/27818.svs,4 day,acetaminophen,0,mg/kg,Control,42,1,1,Male,Crj:CD(SD)IGS,0,,0,False,,True,True,False,no_finding_recorded
27819,/workspace/andre01/honzawa/02-playground/toxpatho-patch-selector/data/TGGATEs/WSI/Liver/15_day/27819.svs,15 day,ethionine,25,mg/kg,Low,126,7,3,Male,Crj:CD(SD)IGS,0,,0,False,,True,True,False,no_finding_recorded
27821,/workspace/andre01/honzawa/02-playground/toxpatho-patch-selector/data/TGGATEs/WSI/Liver/15_day/27821.svs,15 day,ethionine,25,mg/kg,Low,126,7,4,Male,Crj:CD(SD)IGS,1,1.0,0,True,minimal,True,True,False,recorded_finding
27823,/workspace/andre01/honzawa/02-playground/toxpatho-patch-selector/data/TGGATEs/WSI/Liver/4_day/27823.svs,4 day,acetaminophen,0,mg/kg,Control,42,1,2,Male,Crj:CD(SD)IGS,0,,0,False,,True,True,False,no_finding_recorded
27824,/workspace/andre01/honzawa/02-playground/toxpatho-patch-selector/data/TGGATEs/WSI/Liver/15_day/27824.svs,15 day,ethionine,25,mg/kg,Low,126,7,5,Male,Crj:CD(SD)IGS,1,1.0,0,True,minimal,True,True,False,recorded_finding
27826,/workspace/andre01/honzawa/02-playground/toxpatho-patch-selector/data/TGGATEs/WSI/Liver/15_day/27826.svs,15 day,ethionine,80,mg/kg,Middle,126,11,1,Male,Crj:CD(SD)IGS,1,2.0,1,True,slight,True,True,False,recorded_finding
27827,/workspace/andre01/honzawa/02-playground/toxpatho-patch-selector/data/TGGATEs/WSI/Liver/4_day/27827.svs,4 day,acetaminophen,0,mg/kg,Control,42,1,3,Male,Crj:CD(SD)IGS,0,,0,False,,True,True,False,no_finding_recorded
27829,/workspace/andre01/honzawa/02-playground/toxpatho-patch-selector/data/TGGATEs/WSI/Liver/15_day/27829.svs,15 day,ethionine,80,mg/kg,Middle,126,11,2,Male,Crj:CD(SD)IGS,1,2.0,1,True,slight,True,True,False,recorded_finding
27830,/workspace/andre01/honzawa/02-playground/toxpatho-patch-selector/data/TGGATEs/WSI/Liver/4_day/27830.svs,4 day,acetaminophen,0,mg/kg,Control,42,1,4,Male,Crj:CD(SD)IGS,0,,0,False,,True,True,False,no_finding_recorded
27831,/workspace/andre01/honzawa/02-playground/toxpatho-patch-selector/data/TGGATEs/WSI/Liver/15_day/27831.svs,15 day,ethionine,80,mg/kg,Middle,126,11,3,Male,Crj:CD(SD)IGS,2,2.0,1,True,slight,True,True,False,recorded_finding
27833,/workspace/andre01/honzawa/02-playground/toxpatho-patch-selector/data/TGGATEs/WSI/Liver/15_day/27833.svs,15 day,ethionine,80,mg/kg,Middle,126,11,4,Male,Crj:CD(SD)IGS,1,1.0,0,True,minimal,True,True,False,recorded_finding
27834,/workspace/andre01/honzawa/02-playground/toxpatho-patch-selector/data/TGGATEs/WSI/Liver/4_day/27834.svs,4 day,acetaminophen,0,mg/kg,Control,42,1,5,Male,Crj:CD(SD)IGS,0,,0,False,,True,True,False,no_finding_recorded
27835,/workspace/andre01/honzawa/02-playground/toxpatho-patch-selector/data/TGGATEs/WSI/Liver/15_day/27835.svs,15 day,ethionine,80,mg/kg,Middle,126,11,5,Male,Crj:CD(SD)IGS,1,2.0,1,True,slight,True,True,False,recorded_finding
27837,/workspace/andre01/honzawa/02-playground/toxpatho-patch-selector/data/TGGATEs/WSI/Liver/8_day/27837.svs,8 day,acetaminophen,0,mg/kg,Control,42,2,1,Male,Crj:CD(SD)IGS,0,,0,False,,True,True,False,no_finding_recorded
27838,/workspace/andre01/honzawa/02-playground/toxpatho-patch-selector/data/TGGATEs/WSI/Liver/15_day/27838.svs,15 day,ethionine,250,mg/kg,High,126,15,1,Male,Crj:CD(SD)IGS,1,3.0,1,True,moderate,True,True,False,recorded_finding
27840,/workspace/andre01/honzawa/02-playground/toxpatho-patch-selector/data/TGGATEs/WSI/Liver/15_day/27840.svs,15 day,ethionine,250,mg/kg,High,126,15,2,Male,Crj:CD(SD)IGS,1,3.0,1,True,moderate,True,True,False,recorded_finding
27842,/workspace/andre01/honzawa/02-playground/toxpatho-patch-selector/data/TGGATEs/WSI/Liver/8_day/27842.svs,8 day,acetaminophen,0,mg/kg,Control,42,2,2,Male,Crj:CD(SD)IGS,0,,0,False,,True,True,False,no_finding_recorded
27843,/workspace/andre01/honzawa/02-playground/toxpatho-patch-selector/data/TGGATEs/WSI/Liver/15_day/27843.svs,15 day,ethionine,250,mg/kg,High,126,15,3,Male,Crj:CD(SD)IGS,1,3.0,1,True,moderate,True,True,False,recorded_finding
27845,/workspace/andre01/honzawa/02-playground/toxpatho-patch-selector/data/TGGATEs/WSI/Liver/15_day/27845.svs,15 day,ethionine,250,mg/kg,High,126,15,4,Male,Crj:CD(SD)IGS,1,3.0,1,True,moderate,True,True,False,recorded_finding
27846,/workspace/andre01/honzawa/02-playground/toxpatho-patch-selector/data/TGGATEs/WSI/Liver/8_day/27846.svs,8 day,acetaminophen,0,mg/kg,Control,42,2,3,Male,Crj:CD(SD)IGS,0,,0,False,,True,True,False,no_finding_recorded
27847,/workspace/andre01/honzawa/02-playground/toxpatho-patch-selector/data/TGGATEs/WSI/Liver/15_day/27847.svs,15 day,ethionine,250,mg/kg,High,126,15,5,Male,Crj:CD(SD)IGS,1,3.0,1,True,moderate,True,True,False,recorded_finding
27849,/workspace/andre01/honzawa/02-playground/toxpatho-patch-selector/data/TGGATEs/WSI/Liver/8_day/27849.svs,8 day,acetaminophen,0,mg/kg,Control,42,2,4,Male,Crj:CD(SD)IGS,0,,0,False,,True,True,False,no_finding_recorded
27850,/workspace/andre01/honzawa/02-playground/toxpatho-patch-selector/data/TGGATEs/WSI/Liver/29_day/27850.svs,29 day,ethionine,0,mg/kg,Control,126,4,1,Male,Crj:CD(SD)IGS,1,1.0,0,True,minimal,True,True,False,recorded_finding
27852,/workspace/andre01/honzawa/02-playground/toxpatho-patch-selector/data/TGGATEs/WSI/Liver/29_day/27852.svs,29 day,ethionine,0,mg/kg,Control,126,4,2,Male,Crj:CD(SD)IGS,1,1.0,0,True,minimal,True,True,False,recorded_finding
27853,/workspace/andre01/honzawa/02-playground/toxpatho-patch-selector/data/TGGATEs/WSI/Liver/8_day/27853.svs,8 day,acetaminophen,0,mg/kg,Control,42,2,5,Male,Crj:CD(SD)IGS,0,,0,False,,True,True,False,no_finding_recorded
27855,/workspace/andre01/honzawa/02-playground/toxpatho-patch-selector/data/TGGATEs/WSI/Liver/29_day/27855.svs,29 day,ethionine,0,mg/kg,Control,126,4,3,Male,Crj:CD(SD)IGS,1,2.0,0,True,slight,True,True,False,recorded_finding
27856,/workspace/andre01/honzawa/02-playground/toxpatho-patch-selector/data/TGGATEs/WSI/Liver/15_day/27856.svs,15 day,acetaminophen,0,mg/kg,Control,42,3,1,Male,Crj:CD(SD)IGS,0,,0,False,,True,True,False,no_finding_recorded
27857,/workspace/andre01/honzawa/02-playground/toxpatho-patch-selector/data/TGGATEs/WSI/Liver/15_day/27857.svs,15 day,acetaminophen,0,mg/kg,Control,42,3,1,Male,Crj:CD(SD)IGS,0,,0,False,,True,True,True,no_finding_recorded
27858,/workspace/andre01/honzawa/02-playground/toxpatho-patch-selector/data/TGGATEs/WSI/Liver/29_day/27858.svs,29 day,ethionine,0,mg/kg,Control,126,4,4,Male,Crj:CD(SD)IGS,0,,0,False,,True,True,False,no_finding_recorded
27860,/workspace/andre01/honzawa/02-playground/toxpatho-patch-selector/data/TGGATEs/WSI/Liver/15_day/27860.svs,15 day,acetaminophen,0,mg/kg,Control,42,3,2,Male,Crj:CD(SD)IGS,0,,0,False,,True,True,False,no_finding_recorded
27861,/workspace/andre01/honzawa/02-playground/toxpatho-patch-selector/data/TGGATEs/WSI/Liver/29_day/27861.svs,29 day,ethionine,0,mg/kg,Control,126,4,5,Male,Crj:CD(SD)IGS,1,1.0,0,True,minimal,True,True,False,recorded_finding
27863,/workspace/andre01/honzawa/02-playground/toxpatho-patch-selector/data/TGGATEs/WSI/Liver/29_day/27863.svs,29 day,ethionine,25,mg/kg,Low,126,8,1,Male,Crj:CD(SD)IGS,0,,0,False,,True,True,False,no_finding_recorded
27864,/workspace/andre01/honzawa/02-playground/toxpatho-patch-selector/data/TGGATEs/WSI/Liver/15_day/27864.svs,15 day,acetaminophen,0,mg/kg,Control,42,3,3,Male,Crj:CD(SD)IGS,0,,0,False,,True,True,False,no_finding_recorded
27866,/workspace/andre01/honzawa/02-playground/toxpatho-patch-selector/data/TGGATEs/WSI/Liver/29_day/27866.svs,29 day,ethionine,25,mg/kg,Low,126,8,2,Male,Crj:CD(SD)IGS,0,,0,False,,True,True,False,no_finding_recorded
27867,/workspace/andre01/honzawa/02-playground/toxpatho-patch-selector/data/TGGATEs/WSI/Liver/15_day/27867.svs,15 day,acetaminophen,0,mg/kg,Control,42,3,4,Male,Crj:CD(SD)IGS,1,,1,True,,True,True,False,recorded_finding
27869,/workspace/andre01/honzawa/02-playground/toxpatho-patch-selector/data/TGGATEs/WSI/Liver/15_day/27869.svs,15 day,acetaminophen,0,mg/kg,Control,42,3,5,Male,Crj:CD(SD)IGS,0,,0,False,,True,True,False,no_finding_recorded
27870,/workspace/andre01/honzawa/02-playground/toxpatho-patch-selector/data/TGGATEs/WSI/Liver/29_day/27870.svs,29 day,ethionine,25,mg/kg,Low,126,8,3,Male,Crj:CD(SD)IGS,1,1.0,0,True,minimal,True,True,False,recorded_finding
27872,/workspace/andre01/honzawa/02-playground/toxpatho-patch-selector/data/TGGATEs/WSI/Liver/29_day/27872.svs,29 day,ethionine,25,mg/kg,Low,126,8,4,Male,Crj:CD(SD)IGS,0,,0,False,,True,True,False,no_finding_recorded
27873,/workspace/andre01/honzawa/02-playground/toxpatho-patch-selector/data/TGGATEs/WSI/Liver/29_day/27873.svs,29 day,acetaminophen,0,mg/kg,Control,42,4,1,Male,Crj:CD(SD)IGS,0,,0,False,,True,True,False,no_finding_recorded
27875,/workspace/andre01/honzawa/02-playground/toxpatho-patch-selector/data/TGGATEs/WSI/Liver/29_day/27875.svs,29 day,ethionine,25,mg/kg,Low,126,8,5,Male,Crj:CD(SD)IGS,0,,0,False,,True,True,False,no_finding_recorded
27876,/workspace/andre01/honzawa/02-playground/toxpatho-patch-selector/data/TGGATEs/WSI/Liver/29_day/27876.svs,29 day,acetaminophen,0,mg/kg,Control,42,4,2,Male,Crj:CD(SD)IGS,0,,0,False,,True,True,False,no_finding_recorded
27878,/workspace/andre01/honzawa/02-playground/toxpatho-patch-selector/data/TGGATEs/WSI/Liver/29_day/27878.svs,29 day,ethionine,80,mg/kg,Middle,126,12,1,Male,Crj:CD(SD)IGS,0,,0,False,,True,True,False,no_finding_recorded
27879,/workspace/andre01/honzawa/02-playground/toxpatho-patch-selector/data/TGGATEs/WSI/Liver/29_day/27879.svs,29 day,acetaminophen,0,mg/kg,Control,42,4,3,Male,Crj:CD(SD)IGS,0,,0,False,,True,True,False,no_finding_recorded
27880,/workspace/andre01/honzawa/02-playground/toxpatho-patch-selector/data/TGGATEs/WSI/Liver/29_day/27880.svs,29 day,ethionine,80,mg/kg,Middle,126,12,2,Male,Crj:CD(SD)IGS,0,,0,False,,True,True,False,no_finding_recorded
27882,/workspace/andre01/honzawa/02-playground/toxpatho-patch-selector/data/TGGATEs/WSI/Liver/29_day/27882.svs,29 day,acetaminophen,0,mg/kg,Control,42,4,4,Male,Crj:CD(SD)IGS,0,,0,False,,True,True,False,no_finding_recorded
27883,/workspace/andre01/honzawa/02-playground/toxpatho-patch-selector/data/TGGATEs/WSI/Liver/29_day/27883.svs,29 day,ethionine,80,mg/kg,Middle,126,12,3,Male,Crj:CD(SD)IGS,0,,0,False,,True,True,False,no_finding_recorded
27885,/workspace/andre01/honzawa/02-playground/toxpatho-patch-selector/data/TGGATEs/WSI/Liver/29_day/27885.svs,29 day,acetaminophen,0,mg/kg,Control,42,4,5,Male,Crj:CD(SD)IGS,0,,0,False,,True,True,False,no_finding_recorded
27886,/workspace/andre01/honzawa/02-playground/toxpatho-patch-selector/data/TGGATEs/WSI/Liver/29_day/27886.svs,29 day,ethionine,80,mg/kg,Middle,126,12,4,Male,Crj:CD(SD)IGS,1,1.0,0,True,minimal,True,True,False,recorded_finding
27888,/workspace/andre01/honzawa/02-playground/toxpatho-patch-selector/data/TGGATEs/WSI/Liver/29_day/27888.svs,29 day,ethionine,80,mg/kg,Middle,126,12,5,Male,Crj:CD(SD)IGS,1,1.0,0,True,minimal,True,True,False,recorded_finding
27889,/workspace/andre01/honzawa/02-playground/toxpatho-patch-selector/data/TGGATEs/WSI/Liver/4_day/27889.svs,4 day,acetaminophen,50,mg/kg,,42,5,1,,,0,,0,False,,False,False,False,unknown
27891,/workspace/andre01/honzawa/02-playground/toxpatho-patch-selector/data/TGGATEs/WSI/Liver/29_day/27891.svs,29 day,ethionine,250,mg/kg,High,126,16,1,Male,Crj:CD(SD)IGS,1,3.0,1,True,moderate,True,True,False,recorded_finding
27892,/workspace/andre01/honzawa/02-playground/toxpatho-patch-selector/data/TGGATEs/WSI/Liver/4_day/27892.svs,4 day,acetaminophen,50,mg/kg,,42,5,2,,,0,,0,False,,False,False,False,unknown
27893,/workspace/andre01/honzawa/02-playground/toxpatho-patch-selector/data/TGGATEs/WSI/Liver/29_day/27893.svs,29 day,ethionine,250,mg/kg,High,126,16,2,Male,Crj:CD(SD)IGS,1,3.0,1,True,moderate,True,True,False,recorded_finding
27895,/workspace/andre01/honzawa/02-playground/toxpatho-patch-selector/data/TGGATEs/WSI/Liver/29_day/27895.svs,29 day,ethionine,250,mg/kg,High,126,16,3,Male,Crj:CD(SD)IGS,2,3.0,1,True,moderate,True,True,False,recorded_finding
27896,/workspace/andre01/honzawa/02-playground/toxpatho-patch-selector/data/TGGATEs/WSI/Liver/4_day/27896.svs,4 day,acetaminophen,50,mg/kg,,42,5,3,,,0,,0,False,,False,False,False,unknown
27897,/workspace/andre01/honzawa/02-playground/toxpatho-patch-selector/data/TGGATEs/WSI/Liver/29_day/27897.svs,29 day,ethionine,250,mg/kg,High,126,16,4,Male,Crj:CD(SD)IGS,1,3.0,1,True,moderate,True,True,False,recorded_finding
27899,/workspace/andre01/honzawa/02-playground/toxpatho-patch-selector/data/TGGATEs/WSI/Liver/4_day/27899.svs,4 day,acetaminophen,50,mg/kg,,42,5,4,,,0,,0,False,,False,False,False,unknown
27900,/workspace/andre01/honzawa/02-playground/toxpatho-patch-selector/data/TGGATEs/WSI/Liver/29_day/27900.svs,29 day,ethionine,250,mg/kg,High,126,16,5,Male,Crj:CD(SD)IGS,1,3.0,1,True,moderate,True,True,False,recorded_finding
27902,/workspace/andre01/honzawa/02-playground/toxpatho-patch-selector/data/TGGATEs/WSI/Liver/4_day/27902.svs,4 day,acetaminophen,50,mg/kg,,42,5,5,,,0,,0,False,,False,False,False,unknown
27907,/workspace/andre01/honzawa/02-playground/toxpatho-patch-selector/data/TGGATEs/WSI/Liver/8_day/27907.svs,8 day,acetaminophen,50,mg/kg,,42,6,1,,,0,,0,False,,False,False,False,unknown
27912,/workspace/andre01/honzawa/02-playground/toxpatho-patch-selector/data/TGGATEs/WSI/Liver/8_day/27912.svs,8 day,acetaminophen,50,mg/kg,,42,6,2,,,0,,0,False,,False,False,False,unknown
27916,/workspace/andre01/honzawa/02-playground/toxpatho-patch-selector/data/TGGATEs/WSI/Liver/8_day/27916.svs,8 day,acetaminophen,50,mg/kg,,42,6,3,,,0,,0,False,,False,False,False,unknown
27921,/workspace/andre01/honzawa/02-playground/toxpatho-patch-selector/data/TGGATEs/WSI/Liver/8_day/27921.svs,8 day,acetaminophen,50,mg/kg,,42,6,4,,,0,,0,False,,False,False,False,unknown
27926,/workspace/andre01/honzawa/02-playground/toxpatho-patch-selector/data/TGGATEs/WSI/Liver/8_day/27926.svs,8 day,acetaminophen,50,mg/kg,,42,6,5,,,0,,0,False,,False,False,False,unknown
27931,/workspace/andre01/honzawa/02-playground/toxpatho-patch-selector/data/TGGATEs/WSI/Liver/15_day/27931.svs,15 day,acetaminophen,50,mg/kg,,42,7,1,,,0,,0,False,,False,False,False,unknown
27937,/workspace/andre01/honzawa/02-playground/toxpatho-patch-selector/data/TGGATEs/WSI/Liver/15_day/27937.svs,15 day,acetaminophen,50,mg/kg,,42,7,2,,,0,,0,False,,False,False,False,unknown
27941,/workspace/andre01/honzawa/02-playground/toxpatho-patch-selector/data/TGGATEs/WSI/Liver/15_day/27941.svs,15 day,acetaminophen,50,mg/kg,,42,7,3,,,0,,0,False,,False,False,False,unknown
27946,/workspace/andre01/honzawa/02-playground/toxpatho-patch-selector/data/TGGATEs/WSI/Liver/15_day/27946.svs,15 day,acetaminophen,50,mg/kg,,42,7,4,,,0,,0,False,,False,False,False,unknown
27950,/workspace/andre01/honzawa/02-playground/toxpatho-patch-selector/data/TGGATEs/WSI/Liver/15_day/27950.svs,15 day,acetaminophen,50,mg/kg,,42,7,5,,,0,,0,False,,False,False,False,unknown
27952,/workspace/andre01/honzawa/02-playground/toxpatho-patch-selector/data/TGGATEs/WSI/Liver/15_day/27952.svs,15 day,acetaminophen,50,mg/kg,,42,7,5,,,0,,0,False,,False,False,True,unknown
27957,/workspace/andre01/honzawa/02-playground/toxpatho-patch-selector/data/TGGATEs/WSI/Liver/29_day/27957.svs,29 day,acetaminophen,50,mg/kg,,42,8,1,,,0,,0,False,,False,False,False,unknown
27962,/workspace/andre01/honzawa/02-playground/toxpatho-patch-selector/data/TGGATEs/WSI/Liver/29_day/27962.svs,29 day,acetaminophen,50,mg/kg,,42,8,2,,,0,,0,False,,False,False,False,unknown
27967,/workspace/andre01/honzawa/02-playground/toxpatho-patch-selector/data/TGGATEs/WSI/Liver/29_day/27967.svs,29 day,acetaminophen,50,mg/kg,,42,8,3,,,0,,0,False,,False,False,False,unknown
27972,/workspace/andre01/honzawa/02-playground/toxpatho-patch-selector/data/TGGATEs/WSI/Liver/29_day/27972.svs,29 day,acetaminophen,50,mg/kg,,42,8,4,,,0,,0,False,,False,False,False,unknown
27976,/workspace/andre01/honzawa/02-playground/toxpatho-patch-selector/data/TGGATEs/WSI/Liver/29_day/27976.svs,29 day,acetaminophen,50,mg/kg,,42,8,5,,,0,,0,False,,False,False,False,unknown
27980,/workspace/andre01/honzawa/02-playground/toxpatho-patch-selector/data/TGGATEs/WSI/Liver/4_day/27980.svs,4 day,acetaminophen,300,mg/kg,Low,42,9,1,Male,Crj:CD(SD)IGS,0,,0,False,,True,True,False,no_finding_recorded
27984,/workspace/andre01/honzawa/02-playground/toxpatho-patch-selector/data/TGGATEs/WSI/Liver/4_day/27984.svs,4 day,acetaminophen,300,mg/kg,Low,42,9,2,Male,Crj:CD(SD)IGS,0,,0,False,,True,True,False,no_finding_recorded
27989,/workspace/andre01/honzawa/02-playground/toxpatho-patch-selector/data/TGGATEs/WSI/Liver/4_day/27989.svs,4 day,acetaminophen,300,mg/kg,Low,42,9,3,Male,Crj:CD(SD)IGS,0,,0,False,,True,True,False,no_finding_recorded
27992,/workspace/andre01/honzawa/02-playground/toxpatho-patch-selector/data/TGGATEs/WSI/Liver/4_day/27992.svs,4 day,acetaminophen,300,mg/kg,Low,42,9,4,Male,Crj:CD(SD)IGS,0,,0,False,,True,True,False,no_finding_recorded
27997,/workspace/andre01/honzawa/02-playground/toxpatho-patch-selector/data/TGGATEs/WSI/Liver/4_day/27997.svs,4 day,acetaminophen,300,mg/kg,Low,42,9,5,Male,Crj:CD(SD)IGS,0,,0,False,,True,True,False,no_finding_recorded
28001,/workspace/andre01/honzawa/02-playground/toxpatho-patch-selector/data/TGGATEs/WSI/Liver/8_day/28001.svs,8 day,acetaminophen,300,mg/kg,Low,42,10,1,Male,Crj:CD(SD)IGS,0,,0,False,,True,True,False,no_finding_recorded
28006,/workspace/andre01/honzawa/02-playground/toxpatho-patch-selector/data/TGGATEs/WSI/Liver/8_day/28006.svs,8 day,acetaminophen,300,mg/kg,Low,42,10,2,Male,Crj:CD(SD)IGS,0,,0,False,,True,True,False,no_finding_recorded
28011,/workspace/andre01/honzawa/02-playground/toxpatho-patch-selector/data/TGGATEs/WSI/Liver/8_day/28011.svs,8 day,acetaminophen,300,mg/kg,Low,42,10,3,Male,Crj:CD(SD)IGS,0,,0,False,,True,True,False,no_finding_recorded
28014,/workspace/andre01/honzawa/02-playground/toxpatho-patch-selector/data/TGGATEs/WSI/Liver/8_day/28014.svs,8 day,acetaminophen,300,mg/kg,Low,42,10,4,Male,Crj:CD(SD)IGS,0,,0,False,,True,True,False,no_finding_recorded
28018,/workspace/andre01/honzawa/02-playground/toxpatho-patch-selector/data/TGGATEs/WSI/Liver/8_day/28018.svs,8 day,acetaminophen,300,mg/kg,Low,42,10,5,Male,Crj:CD(SD)IGS,0,,0,False,,True,True,False,no_finding_recorded
28022,/workspace/andre01/honzawa/02-playground/toxpatho-patch-selector/data/TGGATEs/WSI/Liver/15_day/28022.svs,15 day,acetaminophen,300,mg/kg,Low,42,11,1,Male,Crj:CD(SD)IGS,0,,0,False,,True,True,False,no_finding_recorded
28030,/workspace/andre01/honzawa/02-playground/toxpatho-patch-selector/data/TGGATEs/WSI/Liver/15_day/28030.svs,15 day,acetaminophen,300,mg/kg,Low,42,11,3,Male,Crj:CD(SD)IGS,0,,0,False,,True,True,False,no_finding_recorded
28034,/workspace/andre01/honzawa/02-playground/toxpatho-patch-selector/data/TGGATEs/WSI/Liver/15_day/28034.svs,15 day,acetaminophen,300,mg/kg,Low,42,11,4,Male,Crj:CD(SD)IGS,0,,0,False,,True,True,False,no_finding_recorded
28041,/workspace/andre01/honzawa/02-playground/toxpatho-patch-selector/data/TGGATEs/WSI/Liver/15_day/28041.svs,15 day,acetaminophen,300,mg/kg,Low,42,11,5,Male,Crj:CD(SD)IGS,0,,0,False,,True,True,False,no_finding_recorded
28043,/workspace/andre01/honzawa/02-playground/toxpatho-patch-selector/data/TGGATEs/WSI/Liver/15_day/28043.svs,15 day,acetaminophen,300,mg/kg,Low,42,11,5,Male,Crj:CD(SD)IGS,0,,0,False,,True,True,True,no_finding_recorded
28047,/workspace/andre01/honzawa/02-playground/toxpatho-patch-selector/data/TGGATEs/WSI/Liver/29_day/28047.svs,29 day,acetaminophen,300,mg/kg,Low,42,12,1,Male,Crj:CD(SD)IGS,0,,0,False,,True,True,False,no_finding_recorded
28050,/workspace/andre01/honzawa/02-playground/toxpatho-patch-selector/data/TGGATEs/WSI/Liver/29_day/28050.svs,29 day,acetaminophen,300,mg/kg,Low,42,12,2,Male,Crj:CD(SD)IGS,0,,0,False,,True,True,False,no_finding_recorded
28054,/workspace/andre01/honzawa/02-playground/toxpatho-patch-selector/data/TGGATEs/WSI/Liver/29_day/28054.svs,29 day,acetaminophen,300,mg/kg,Low,42,12,3,Male,Crj:CD(SD)IGS,0,,0,False,,True,True,False,no_finding_recorded
28059,/workspace/andre01/honzawa/02-playground/toxpatho-patch-selector/data/TGGATEs/WSI/Liver/29_day/28059.svs,29 day,acetaminophen,300,mg/kg,Low,42,12,4,Male,Crj:CD(SD)IGS,0,,0,False,,True,True,False,no_finding_recorded
28063,/workspace/andre01/honzawa/02-playground/toxpatho-patch-selector/data/TGGATEs/WSI/Liver/29_day/28063.svs,29 day,acetaminophen,300,mg/kg,Low,42,12,5,Male,Crj:CD(SD)IGS,0,,0,False,,True,True,False,no_finding_recorded
28067,/workspace/andre01/honzawa/02-playground/toxpatho-patch-selector/data/TGGATEs/WSI/Liver/4_day/28067.svs,4 day,acetaminophen,600,mg/kg,Middle,42,13,1,Male,Crj:CD(SD)IGS,2,2.0,2,True,slight,True,True,False,recorded_finding
28071,/workspace/andre01/honzawa/02-playground/toxpatho-patch-selector/data/TGGATEs/WSI/Liver/4_day/28071.svs,4 day,acetaminophen,600,mg/kg,Middle,42,13,2,Male,Crj:CD(SD)IGS,0,,0,False,,True,True,False,no_finding_recorded
28075,/workspace/andre01/honzawa/02-playground/toxpatho-patch-selector/data/TGGATEs/WSI/Liver/4_day/28075.svs,4 day,acetaminophen,600,mg/kg,Middle,42,13,3,Male,Crj:CD(SD)IGS,0,,0,False,,True,True,False,no_finding_recorded
28079,/workspace/andre01/honzawa/02-playground/toxpatho-patch-selector/data/TGGATEs/WSI/Liver/4_day/28079.svs,4 day,acetaminophen,600,mg/kg,Middle,42,13,4,Male,Crj:CD(SD)IGS,3,1.0,3,True,minimal,True,True,False,recorded_finding
28083,/workspace/andre01/honzawa/02-playground/toxpatho-patch-selector/data/TGGATEs/WSI/Liver/4_day/28083.svs,4 day,acetaminophen,600,mg/kg,Middle,42,13,5,Male,Crj:CD(SD)IGS,0,,0,False,,True,True,False,no_finding_recorded
28092,/workspace/andre01/honzawa/02-playground/toxpatho-patch-selector/data/TGGATEs/WSI/Liver/8_day/28092.svs,8 day,acetaminophen,600,mg/kg,Middle,42,14,2,Male,Crj:CD(SD)IGS,0,,0,False,,True,True,False,no_finding_recorded
28096,/workspace/andre01/honzawa/02-playground/toxpatho-patch-selector/data/TGGATEs/WSI/Liver/8_day/28096.svs,8 day,acetaminophen,600,mg/kg,Middle,42,14,3,Male,Crj:CD(SD)IGS,1,1.0,1,True,minimal,True,True,False,recorded_finding
28101,/workspace/andre01/honzawa/02-playground/toxpatho-patch-selector/data/TGGATEs/WSI/Liver/8_day/28101.svs,8 day,acetaminophen,600,mg/kg,Middle,42,14,4,Male,Crj:CD(SD)IGS,0,,0,False,,True,True,False,no_finding_recorded
28105,/workspace/andre01/honzawa/02-playground/toxpatho-patch-selector/data/TGGATEs/WSI/Liver/8_day/28105.svs,8 day,acetaminophen,600,mg/kg,Middle,42,14,5,Male,Crj:CD(SD)IGS,0,,0,False,,True,True,False,no_finding_recorded
28110,/workspace/andre01/honzawa/02-playground/toxpatho-patch-selector/data/TGGATEs/WSI/Liver/15_day/28110.svs,15 day,acetaminophen,600,mg/kg,Middle,42,15,1,Male,Crj:CD(SD)IGS,2,1.0,2,True,minimal,True,True,False,recorded_finding
28113,/workspace/andre01/honzawa/02-playground/toxpatho-patch-selector/data/TGGATEs/WSI/Liver/15_day/28113.svs,15 day,acetaminophen,600,mg/kg,Middle,42,15,2,Male,Crj:CD(SD)IGS,1,1.0,1,True,minimal,True,True,False,recorded_finding
28117,/workspace/andre01/honzawa/02-playground/toxpatho-patch-selector/data/TGGATEs/WSI/Liver/15_day/28117.svs,15 day,acetaminophen,600,mg/kg,Middle,42,15,3,Male,Crj:CD(SD)IGS,1,1.0,1,True,minimal,True,True,False,recorded_finding
28120,/workspace/andre01/honzawa/02-playground/toxpatho-patch-selector/data/TGGATEs/WSI/Liver/15_day/28120.svs,15 day,acetaminophen,600,mg/kg,Middle,42,15,4,Male,Crj:CD(SD)IGS,0,,0,False,,True,True,False,no_finding_recorded
28122,/workspace/andre01/honzawa/02-playground/toxpatho-patch-selector/data/TGGATEs/WSI/Liver/15_day/28122.svs,15 day,acetaminophen,600,mg/kg,Middle,42,15,4,Male,Crj:CD(SD)IGS,0,,0,False,,True,True,True,no_finding_recorded
28125,/workspace/andre01/honzawa/02-playground/toxpatho-patch-selector/data/TGGATEs/WSI/Liver/15_day/28125.svs,15 day,acetaminophen,600,mg/kg,Middle,42,15,5,Male,Crj:CD(SD)IGS,0,,0,False,,True,True,False,no_finding_recorded
28128,/workspace/andre01/honzawa/02-playground/toxpatho-patch-selector/data/TGGATEs/WSI/Liver/29_day/28128.svs,29 day,acetaminophen,600,mg/kg,Middle,42,16,1,Male,Crj:CD(SD)IGS,0,,0,False,,True,True,False,no_finding_recorded
28132,/workspace/andre01/honzawa/02-playground/toxpatho-patch-selector/data/TGGATEs/WSI/Liver/29_day/28132.svs,29 day,acetaminophen,600,mg/kg,Middle,42,16,2,Male,Crj:CD(SD)IGS,1,1.0,1,True,minimal,True,True,False,recorded_finding
28136,/workspace/andre01/honzawa/02-playground/toxpatho-patch-selector/data/TGGATEs/WSI/Liver/29_day/28136.svs,29 day,acetaminophen,600,mg/kg,Middle,42,16,3,Male,Crj:CD(SD)IGS,0,,0,False,,True,True,False,no_finding_recorded
28137,/workspace/andre01/honzawa/02-playground/toxpatho-patch-selector/data/TGGATEs/WSI/Liver/29_day/28137.svs,29 day,acetaminophen,600,mg/kg,Middle,42,16,3,Male,Crj:CD(SD)IGS,0,,0,False,,True,True,True,no_finding_recorded
28140,/workspace/andre01/honzawa/02-playground/toxpatho-patch-selector/data/TGGATEs/WSI/Liver/29_day/28140.svs,29 day,acetaminophen,600,mg/kg,Middle,42,16,4,Male,Crj:CD(SD)IGS,1,1.0,1,True,minimal,True,True,False,recorded_finding
28146,/workspace/andre01/honzawa/02-playground/toxpatho-patch-selector/data/TGGATEs/WSI/Liver/4_day/28146.svs,4 day,acetaminophen,1000,mg/kg,High,42,17,1,Male,Crj:CD(SD)IGS,0,,0,False,,True,True,False,no_finding_recorded
28150,/workspace/andre01/honzawa/02-playground/toxpatho-patch-selector/data/TGGATEs/WSI/Liver/4_day/28150.svs,4 day,acetaminophen,1000,mg/kg,High,42,17,2,Male,Crj:CD(SD)IGS,4,2.0,4,True,slight,True,True,False,recorded_finding
28154,/workspace/andre01/honzawa/02-playground/toxpatho-patch-selector/data/TGGATEs/WSI/Liver/4_day/28154.svs,4 day,acetaminophen,1000,mg/kg,High,42,17,3,Male,Crj:CD(SD)IGS,4,2.0,4,True,slight,True,True,False,recorded_finding
28157,/workspace/andre01/honzawa/02-playground/toxpatho-patch-selector/data/TGGATEs/WSI/Liver/4_day/28157.svs,4 day,acetaminophen,1000,mg/kg,High,42,17,4,Male,Crj:CD(SD)IGS,4,1.0,4,True,minimal,True,True,False,recorded_finding
28161,/workspace/andre01/honzawa/02-playground/toxpatho-patch-selector/data/TGGATEs/WSI/Liver/4_day/28161.svs,4 day,acetaminophen,1000,mg/kg,High,42,17,5,Male,Crj:CD(SD)IGS,2,1.0,2,True,minimal,True,True,False,recorded_finding
28164,/workspace/andre01/honzawa/02-playground/toxpatho-patch-selector/data/TGGATEs/WSI/Liver/8_day/28164.svs,8 day,acetaminophen,1000,mg/kg,High,42,18,1,Male,Crj:CD(SD)IGS,0,,0,False,,True,True,False,no_finding_recorded
28168,/workspace/andre01/honzawa/02-playground/toxpatho-patch-selector/data/TGGATEs/WSI/Liver/8_day/28168.svs,8 day,acetaminophen,1000,mg/kg,High,42,18,2,Male,Crj:CD(SD)IGS,0,,0,False,,True,True,False,no_finding_recorded
28171,/workspace/andre01/honzawa/02-playground/toxpatho-patch-selector/data/TGGATEs/WSI/Liver/8_day/28171.svs,8 day,acetaminophen,1000,mg/kg,High,42,18,3,Male,Crj:CD(SD)IGS,0,,0,False,,True,True,False,no_finding_recorded
28174,/workspace/andre01/honzawa/02-playground/toxpatho-patch-selector/data/TGGATEs/WSI/Liver/8_day/28174.svs,8 day,acetaminophen,1000,mg/kg,High,42,18,4,Male,Crj:CD(SD)IGS,2,1.0,2,True,minimal,True,True,False,recorded_finding
28178,/workspace/andre01/honzawa/02-playground/toxpatho-patch-selector/data/TGGATEs/WSI/Liver/8_day/28178.svs,8 day,acetaminophen,1000,mg/kg,High,42,18,5,Male,Crj:CD(SD)IGS,1,1.0,1,True,minimal,True,True,False,recorded_finding
28181,/workspace/andre01/honzawa/02-playground/toxpatho-patch-selector/data/TGGATEs/WSI/Liver/15_day/28181.svs,15 day,acetaminophen,1000,mg/kg,High,42,19,1,Male,Crj:CD(SD)IGS,1,1.0,1,True,minimal,True,True,False,recorded_finding
28185,/workspace/andre01/honzawa/02-playground/toxpatho-patch-selector/data/TGGATEs/WSI/Liver/15_day/28185.svs,15 day,acetaminophen,1000,mg/kg,High,42,19,2,Male,Crj:CD(SD)IGS,1,1.0,1,True,minimal,True,True,False,recorded_finding
28189,/workspace/andre01/honzawa/02-playground/toxpatho-patch-selector/data/TGGATEs/WSI/Liver/15_day/28189.svs,15 day,acetaminophen,1000,mg/kg,High,42,19,3,Male,Crj:CD(SD)IGS,3,1.0,3,True,minimal,True,True,False,recorded_finding
28192,/workspace/andre01/honzawa/02-playground/toxpatho-patch-selector/data/TGGATEs/WSI/Liver/15_day/28192.svs,15 day,acetaminophen,1000,mg/kg,High,42,19,4,Male,Crj:CD(SD)IGS,1,1.0,1,True,minimal,True,True,False,recorded_finding
28196,/workspace/andre01/honzawa/02-playground/toxpatho-patch-selector/data/TGGATEs/WSI/Liver/15_day/28196.svs,15 day,acetaminophen,1000,mg/kg,High,42,19,5,Male,Crj:CD(SD)IGS,2,1.0,2,True,minimal,True,True,False,recorded_finding
28199,/workspace/andre01/honzawa/02-playground/toxpatho-patch-selector/data/TGGATEs/WSI/Liver/29_day/28199.svs,29 day,acetaminophen,1000,mg/kg,High,42,20,1,Male,Crj:CD(SD)IGS,2,1.0,2,True,minimal,True,True,False,recorded_finding
28203,/workspace/andre01/honzawa/02-playground/toxpatho-patch-selector/data/TGGATEs/WSI/Liver/29_day/28203.svs,29 day,acetaminophen,1000,mg/kg,High,42,20,2,Male,Crj:CD(SD)IGS,2,1.0,2,True,minimal,True,True,False,recorded_finding
28207,/workspace/andre01/honzawa/02-playground/toxpatho-patch-selector/data/TGGATEs/WSI/Liver/29_day/28207.svs,29 day,acetaminophen,1000,mg/kg,High,42,20,3,Male,Crj:CD(SD)IGS,3,1.0,3,True,minimal,True,True,False,recorded_finding
28210,/workspace/andre01/honzawa/02-playground/toxpatho-patch-selector/data/TGGATEs/WSI/Liver/29_day/28210.svs,29 day,acetaminophen,1000,mg/kg,High,42,20,4,Male,Crj:CD(SD)IGS,4,1.0,4,True,minimal,True,True,False,recorded_finding
28214,/workspace/andre01/honzawa/02-playground/toxpatho-patch-selector/data/TGGATEs/WSI/Liver/29_day/28214.svs,29 day,acetaminophen,1000,mg/kg,High,42,20,5,Male,Crj:CD(SD)IGS,0,,0,False,,True,True,False,no_finding_recorded
29490,/workspace/andre01/honzawa/02-playground/toxpatho-patch-selector/data/TGGATEs/WSI/Liver/4_day/29490.svs,4 day,WY-14643,0,mg/kg,Control,182,1,1,Male,Crj:CD(SD)IGS,0,,0,False,,True,True,False,no_finding_recorded
29492,/workspace/andre01/honzawa/02-playground/toxpatho-patch-selector/data/TGGATEs/WSI/Liver/4_day/29492.svs,4 day,WY-14643,0,mg/kg,Control,182,1,2,Male,Crj:CD(SD)IGS,0,,0,False,,True,True,False,no_finding_recorded
29495,/workspace/andre01/honzawa/02-playground/toxpatho-patch-selector/data/TGGATEs/WSI/Liver/4_day/29495.svs,4 day,WY-14643,0,mg/kg,Control,182,1,3,Male,Crj:CD(SD)IGS,0,,0,False,,True,True,False,no_finding_recorded
29497,/workspace/andre01/honzawa/02-playground/toxpatho-patch-selector/data/TGGATEs/WSI/Liver/4_day/29497.svs,4 day,WY-14643,0,mg/kg,Control,182,1,4,Male,Crj:CD(SD)IGS,0,,0,False,,True,True,False,no_finding_recorded
29499,/workspace/andre01/honzawa/02-playground/toxpatho-patch-selector/data/TGGATEs/WSI/Liver/4_day/29499.svs,4 day,WY-14643,0,mg/kg,Control,182,1,5,Male,Crj:CD(SD)IGS,0,,0,False,,True,True,False,no_finding_recorded
29502,/workspace/andre01/honzawa/02-playground/toxpatho-patch-selector/data/TGGATEs/WSI/Liver/8_day/29502.svs,8 day,WY-14643,0,mg/kg,Control,182,2,1,Male,Crj:CD(SD)IGS,0,,0,False,,True,True,False,no_finding_recorded
29504,/workspace/andre01/honzawa/02-playground/toxpatho-patch-selector/data/TGGATEs/WSI/Liver/8_day/29504.svs,8 day,WY-14643,0,mg/kg,Control,182,2,2,Male,Crj:CD(SD)IGS,0,,0,False,,True,True,False,no_finding_recorded
29506,/workspace/andre01/honzawa/02-playground/toxpatho-patch-selector/data/TGGATEs/WSI/Liver/8_day/29506.svs,8 day,WY-14643,0,mg/kg,Control,182,2,3,Male,Crj:CD(SD)IGS,0,,0,False,,True,True,False,no_finding_recorded
29508,/workspace/andre01/honzawa/02-playground/toxpatho-patch-selector/data/TGGATEs/WSI/Liver/8_day/29508.svs,8 day,WY-14643,0,mg/kg,Control,182,2,4,Male,Crj:CD(SD)IGS,0,,0,False,,True,True,False,no_finding_recorded
29511,/workspace/andre01/honzawa/02-playground/toxpatho-patch-selector/data/TGGATEs/WSI/Liver/8_day/29511.svs,8 day,WY-14643,0,mg/kg,Control,182,2,5,Male,Crj:CD(SD)IGS,0,,0,False,,True,True,False,no_finding_recorded
29514,/workspace/andre01/honzawa/02-playground/toxpatho-patch-selector/data/TGGATEs/WSI/Liver/15_day/29514.svs,15 day,WY-14643,0,mg/kg,Control,182,3,1,Male,Crj:CD(SD)IGS,0,,0,False,,True,True,False,no_finding_recorded
29516,/workspace/andre01/honzawa/02-playground/toxpatho-patch-selector/data/TGGATEs/WSI/Liver/15_day/29516.svs,15 day,WY-14643,0,mg/kg,Control,182,3,2,Male,Crj:CD(SD)IGS,0,,0,False,,True,True,False,no_finding_recorded
29519,/workspace/andre01/honzawa/02-playground/toxpatho-patch-selector/data/TGGATEs/WSI/Liver/15_day/29519.svs,15 day,WY-14643,0,mg/kg,Control,182,3,3,Male,Crj:CD(SD)IGS,0,,0,False,,True,True,False,no_finding_recorded
29522,/workspace/andre01/honzawa/02-playground/toxpatho-patch-selector/data/TGGATEs/WSI/Liver/15_day/29522.svs,15 day,WY-14643,0,mg/kg,Control,182,3,4,Male,Crj:CD(SD)IGS,0,,0,False,,True,True,False,no_finding_recorded
29524,/workspace/andre01/honzawa/02-playground/toxpatho-patch-selector/data/TGGATEs/WSI/Liver/15_day/29524.svs,15 day,WY-14643,0,mg/kg,Control,182,3,5,Male,Crj:CD(SD)IGS,0,,0,False,,True,True,False,no_finding_recorded
29527,/workspace/andre01/honzawa/02-playground/toxpatho-patch-selector/data/TGGATEs/WSI/Liver/29_day/29527.svs,29 day,WY-14643,0,mg/kg,Control,182,4,1,Male,Crj:CD(SD)IGS,1,1.0,0,True,minimal,True,True,False,recorded_finding
29529,/workspace/andre01/honzawa/02-playground/toxpatho-patch-selector/data/TGGATEs/WSI/Liver/29_day/29529.svs,29 day,WY-14643,0,mg/kg,Control,182,4,2,Male,Crj:CD(SD)IGS,0,,0,False,,True,True,False,no_finding_recorded
29531,/workspace/andre01/honzawa/02-playground/toxpatho-patch-selector/data/TGGATEs/WSI/Liver/29_day/29531.svs,29 day,WY-14643,0,mg/kg,Control,182,4,3,Male,Crj:CD(SD)IGS,0,,0,False,,True,True,False,no_finding_recorded
29533,/workspace/andre01/honzawa/02-playground/toxpatho-patch-selector/data/TGGATEs/WSI/Liver/29_day/29533.svs,29 day,WY-14643,0,mg/kg,Control,182,4,4,Male,Crj:CD(SD)IGS,0,,0,False,,True,True,False,no_finding_recorded
29536,/workspace/andre01/honzawa/02-playground/toxpatho-patch-selector/data/TGGATEs/WSI/Liver/29_day/29536.svs,29 day,WY-14643,0,mg/kg,Control,182,4,5,Male,Crj:CD(SD)IGS,0,,0,False,,True,True,False,no_finding_recorded
29538,/workspace/andre01/honzawa/02-playground/toxpatho-patch-selector/data/TGGATEs/WSI/Liver/4_day/29538.svs,4 day,WY-14643,10,mg/kg,Low,182,5,1,Male,Crj:CD(SD)IGS,2,3.0,2,True,moderate,True,True,False,recorded_finding
29541,/workspace/andre01/honzawa/02-playground/toxpatho-patch-selector/data/TGGATEs/WSI/Liver/4_day/29541.svs,4 day,WY-14643,10,mg/kg,Low,182,5,2,Male,Crj:CD(SD)IGS,2,2.0,2,True,slight,True,True,False,recorded_finding
29543,/workspace/andre01/honzawa/02-playground/toxpatho-patch-selector/data/TGGATEs/WSI/Liver/4_day/29543.svs,4 day,WY-14643,10,mg/kg,Low,182,5,3,Male,Crj:CD(SD)IGS,2,2.0,2,True,slight,True,True,False,recorded_finding
29545,/workspace/andre01/honzawa/02-playground/toxpatho-patch-selector/data/TGGATEs/WSI/Liver/4_day/29545.svs,4 day,WY-14643,10,mg/kg,Low,182,5,4,Male,Crj:CD(SD)IGS,2,3.0,2,True,moderate,True,True,False,recorded_finding
29548,/workspace/andre01/honzawa/02-playground/toxpatho-patch-selector/data/TGGATEs/WSI/Liver/4_day/29548.svs,4 day,WY-14643,10,mg/kg,Low,182,5,5,Male,Crj:CD(SD)IGS,2,3.0,2,True,moderate,True,True,False,recorded_finding
29550,/workspace/andre01/honzawa/02-playground/toxpatho-patch-selector/data/TGGATEs/WSI/Liver/8_day/29550.svs,8 day,WY-14643,10,mg/kg,Low,182,6,1,Male,Crj:CD(SD)IGS,2,4.0,1,True,severe,True,True,False,recorded_finding
29553,/workspace/andre01/honzawa/02-playground/toxpatho-patch-selector/data/TGGATEs/WSI/Liver/8_day/29553.svs,8 day,WY-14643,10,mg/kg,Low,182,6,2,Male,Crj:CD(SD)IGS,2,4.0,1,True,severe,True,True,False,recorded_finding
29555,/workspace/andre01/honzawa/02-playground/toxpatho-patch-selector/data/TGGATEs/WSI/Liver/8_day/29555.svs,8 day,WY-14643,10,mg/kg,Low,182,6,3,Male,Crj:CD(SD)IGS,1,4.0,1,True,severe,True,True,False,recorded_finding
29557,/workspace/andre01/honzawa/02-playground/toxpatho-patch-selector/data/TGGATEs/WSI/Liver/8_day/29557.svs,8 day,WY-14643,10,mg/kg,Low,182,6,4,Male,Crj:CD(SD)IGS,1,4.0,1,True,severe,True,True,False,recorded_finding
29560,/workspace/andre01/honzawa/02-playground/toxpatho-patch-selector/data/TGGATEs/WSI/Liver/8_day/29560.svs,8 day,WY-14643,10,mg/kg,Low,182,6,5,Male,Crj:CD(SD)IGS,2,4.0,2,True,severe,True,True,False,recorded_finding
29562,/workspace/andre01/honzawa/02-playground/toxpatho-patch-selector/data/TGGATEs/WSI/Liver/15_day/29562.svs,15 day,WY-14643,10,mg/kg,Low,182,7,1,Male,Crj:CD(SD)IGS,1,4.0,1,True,severe,True,True,False,recorded_finding
29565,/workspace/andre01/honzawa/02-playground/toxpatho-patch-selector/data/TGGATEs/WSI/Liver/15_day/29565.svs,15 day,WY-14643,10,mg/kg,Low,182,7,2,Male,Crj:CD(SD)IGS,3,4.0,2,True,severe,True,True,False,recorded_finding
29567,/workspace/andre01/honzawa/02-playground/toxpatho-patch-selector/data/TGGATEs/WSI/Liver/15_day/29567.svs,15 day,WY-14643,10,mg/kg,Low,182,7,3,Male,Crj:CD(SD)IGS,2,4.0,2,True,severe,True,True,False,recorded_finding
29570,/workspace/andre01/honzawa/02-playground/toxpatho-patch-selector/data/TGGATEs/WSI/Liver/15_day/29570.svs,15 day,WY-14643,10,mg/kg,Low,182,7,4,Male,Crj:CD(SD)IGS,1,4.0,1,True,severe,True,True,False,recorded_finding
29572,/workspace/andre01/honzawa/02-playground/toxpatho-patch-selector/data/TGGATEs/WSI/Liver/15_day/29572.svs,15 day,WY-14643,10,mg/kg,Low,182,7,5,Male,Crj:CD(SD)IGS,1,4.0,1,True,severe,True,True,False,recorded_finding
29574,/workspace/andre01/honzawa/02-playground/toxpatho-patch-selector/data/TGGATEs/WSI/Liver/29_day/29574.svs,29 day,WY-14643,10,mg/kg,Low,182,8,1,Male,Crj:CD(SD)IGS,3,4.0,2,True,severe,True,True,False,recorded_finding
29577,/workspace/andre01/honzawa/02-playground/toxpatho-patch-selector/data/TGGATEs/WSI/Liver/29_day/29577.svs,29 day,WY-14643,10,mg/kg,Low,182,8,2,Male,Crj:CD(SD)IGS,2,4.0,2,True,severe,True,True,False,recorded_finding
29579,/workspace/andre01/honzawa/02-playground/toxpatho-patch-selector/data/TGGATEs/WSI/Liver/29_day/29579.svs,29 day,WY-14643,10,mg/kg,Low,182,8,3,Male,Crj:CD(SD)IGS,3,4.0,2,True,severe,True,True,False,recorded_finding
29581,/workspace/andre01/honzawa/02-playground/toxpatho-patch-selector/data/TGGATEs/WSI/Liver/29_day/29581.svs,29 day,WY-14643,10,mg/kg,Low,182,8,4,Male,Crj:CD(SD)IGS,2,4.0,2,True,severe,True,True,False,recorded_finding
29583,/workspace/andre01/honzawa/02-playground/toxpatho-patch-selector/data/TGGATEs/WSI/Liver/29_day/29583.svs,29 day,WY-14643,10,mg/kg,Low,182,8,5,Male,Crj:CD(SD)IGS,2,4.0,2,True,severe,True,True,False,recorded_finding
29586,/workspace/andre01/honzawa/02-playground/toxpatho-patch-selector/data/TGGATEs/WSI/Liver/4_day/29586.svs,4 day,WY-14643,30,mg/kg,Middle,182,9,1,Male,Crj:CD(SD)IGS,2,3.0,2,True,moderate,True,True,False,recorded_finding
29588,/workspace/andre01/honzawa/02-playground/toxpatho-patch-selector/data/TGGATEs/WSI/Liver/4_day/29588.svs,4 day,WY-14643,30,mg/kg,Middle,182,9,2,Male,Crj:CD(SD)IGS,2,3.0,2,True,moderate,True,True,False,recorded_finding
29590,/workspace/andre01/honzawa/02-playground/toxpatho-patch-selector/data/TGGATEs/WSI/Liver/4_day/29590.svs,4 day,WY-14643,30,mg/kg,Middle,182,9,3,Male,Crj:CD(SD)IGS,3,3.0,3,True,moderate,True,True,False,recorded_finding
29593,/workspace/andre01/honzawa/02-playground/toxpatho-patch-selector/data/TGGATEs/WSI/Liver/4_day/29593.svs,4 day,WY-14643,30,mg/kg,Middle,182,9,4,Male,Crj:CD(SD)IGS,2,3.0,2,True,moderate,True,True,False,recorded_finding
29595,/workspace/andre01/honzawa/02-playground/toxpatho-patch-selector/data/TGGATEs/WSI/Liver/4_day/29595.svs,4 day,WY-14643,30,mg/kg,Middle,182,9,5,Male,Crj:CD(SD)IGS,2,3.0,2,True,moderate,True,True,False,recorded_finding
29597,/workspace/andre01/honzawa/02-playground/toxpatho-patch-selector/data/TGGATEs/WSI/Liver/8_day/29597.svs,8 day,WY-14643,30,mg/kg,Middle,182,10,1,Male,Crj:CD(SD)IGS,3,4.0,2,True,severe,True,True,False,recorded_finding
29600,/workspace/andre01/honzawa/02-playground/toxpatho-patch-selector/data/TGGATEs/WSI/Liver/8_day/29600.svs,8 day,WY-14643,30,mg/kg,Middle,182,10,2,Male,Crj:CD(SD)IGS,2,4.0,2,True,severe,True,True,False,recorded_finding
29602,/workspace/andre01/honzawa/02-playground/toxpatho-patch-selector/data/TGGATEs/WSI/Liver/8_day/29602.svs,8 day,WY-14643,30,mg/kg,Middle,182,10,3,Male,Crj:CD(SD)IGS,2,4.0,2,True,severe,True,True,False,recorded_finding
29605,/workspace/andre01/honzawa/02-playground/toxpatho-patch-selector/data/TGGATEs/WSI/Liver/8_day/29605.svs,8 day,WY-14643,30,mg/kg,Middle,182,10,4,Male,Crj:CD(SD)IGS,2,4.0,2,True,severe,True,True,False,recorded_finding
29607,/workspace/andre01/honzawa/02-playground/toxpatho-patch-selector/data/TGGATEs/WSI/Liver/8_day/29607.svs,8 day,WY-14643,30,mg/kg,Middle,182,10,5,Male,Crj:CD(SD)IGS,2,4.0,2,True,severe,True,True,False,recorded_finding
29609,/workspace/andre01/honzawa/02-playground/toxpatho-patch-selector/data/TGGATEs/WSI/Liver/15_day/29609.svs,15 day,WY-14643,30,mg/kg,Middle,182,11,1,Male,Crj:CD(SD)IGS,2,4.0,2,True,severe,True,True,False,recorded_finding
29611,/workspace/andre01/honzawa/02-playground/toxpatho-patch-selector/data/TGGATEs/WSI/Liver/15_day/29611.svs,15 day,WY-14643,30,mg/kg,Middle,182,11,2,Male,Crj:CD(SD)IGS,3,4.0,2,True,severe,True,True,False,recorded_finding
29613,/workspace/andre01/honzawa/02-playground/toxpatho-patch-selector/data/TGGATEs/WSI/Liver/15_day/29613.svs,15 day,WY-14643,30,mg/kg,Middle,182,11,3,Male,Crj:CD(SD)IGS,2,4.0,2,True,severe,True,True,False,recorded_finding
29615,/workspace/andre01/honzawa/02-playground/toxpatho-patch-selector/data/TGGATEs/WSI/Liver/15_day/29615.svs,15 day,WY-14643,30,mg/kg,Middle,182,11,4,Male,Crj:CD(SD)IGS,2,4.0,2,True,severe,True,True,False,recorded_finding
29617,/workspace/andre01/honzawa/02-playground/toxpatho-patch-selector/data/TGGATEs/WSI/Liver/15_day/29617.svs,15 day,WY-14643,30,mg/kg,Middle,182,11,5,Male,Crj:CD(SD)IGS,3,4.0,2,True,severe,True,True,False,recorded_finding
29619,/workspace/andre01/honzawa/02-playground/toxpatho-patch-selector/data/TGGATEs/WSI/Liver/29_day/29619.svs,29 day,WY-14643,30,mg/kg,Middle,182,12,1,Male,Crj:CD(SD)IGS,2,4.0,2,True,severe,True,True,False,recorded_finding
29621,/workspace/andre01/honzawa/02-playground/toxpatho-patch-selector/data/TGGATEs/WSI/Liver/29_day/29621.svs,29 day,WY-14643,30,mg/kg,Middle,182,12,2,Male,Crj:CD(SD)IGS,3,4.0,2,True,severe,True,True,False,recorded_finding
29623,/workspace/andre01/honzawa/02-playground/toxpatho-patch-selector/data/TGGATEs/WSI/Liver/29_day/29623.svs,29 day,WY-14643,30,mg/kg,Middle,182,12,3,Male,Crj:CD(SD)IGS,2,4.0,2,True,severe,True,True,False,recorded_finding
29625,/workspace/andre01/honzawa/02-playground/toxpatho-patch-selector/data/TGGATEs/WSI/Liver/29_day/29625.svs,29 day,WY-14643,30,mg/kg,Middle,182,12,4,Male,Crj:CD(SD)IGS,2,4.0,2,True,severe,True,True,False,recorded_finding
29627,/workspace/andre01/honzawa/02-playground/toxpatho-patch-selector/data/TGGATEs/WSI/Liver/29_day/29627.svs,29 day,WY-14643,30,mg/kg,Middle,182,12,5,Male,Crj:CD(SD)IGS,2,4.0,2,True,severe,True,True,False,recorded_finding
29629,/workspace/andre01/honzawa/02-playground/toxpatho-patch-selector/data/TGGATEs/WSI/Liver/4_day/29629.svs,4 day,WY-14643,100,mg/kg,High,182,13,1,Male,Crj:CD(SD)IGS,4,3.0,2,True,moderate,True,True,False,recorded_finding
29631,/workspace/andre01/honzawa/02-playground/toxpatho-patch-selector/data/TGGATEs/WSI/Liver/4_day/29631.svs,4 day,WY-14643,100,mg/kg,High,182,13,2,Male,Crj:CD(SD)IGS,3,3.0,2,True,moderate,True,True,False,recorded_finding
29633,/workspace/andre01/honzawa/02-playground/toxpatho-patch-selector/data/TGGATEs/WSI/Liver/4_day/29633.svs,4 day,WY-14643,100,mg/kg,High,182,13,3,Male,Crj:CD(SD)IGS,3,3.0,3,True,moderate,True,True,False,recorded_finding
29635,/workspace/andre01/honzawa/02-playground/toxpatho-patch-selector/data/TGGATEs/WSI/Liver/4_day/29635.svs,4 day,WY-14643,100,mg/kg,High,182,13,4,Male,Crj:CD(SD)IGS,2,3.0,2,True,moderate,True,True,False,recorded_finding
29637,/workspace/andre01/honzawa/02-playground/toxpatho-patch-selector/data/TGGATEs/WSI/Liver/4_day/29637.svs,4 day,WY-14643,100,mg/kg,High,182,13,5,Male,Crj:CD(SD)IGS,2,3.0,2,True,moderate,True,True,False,recorded_finding
29639,/workspace/andre01/honzawa/02-playground/toxpatho-patch-selector/data/TGGATEs/WSI/Liver/8_day/29639.svs,8 day,WY-14643,100,mg/kg,High,182,14,1,Male,Crj:CD(SD)IGS,4,4.0,3,True,severe,True,True,False,recorded_finding
29641,/workspace/andre01/honzawa/02-playground/toxpatho-patch-selector/data/TGGATEs/WSI/Liver/8_day/29641.svs,8 day,WY-14643,100,mg/kg,High,182,14,2,Male,Crj:CD(SD)IGS,3,4.0,3,True,severe,True,True,False,recorded_finding
29645,/workspace/andre01/honzawa/02-playground/toxpatho-patch-selector/data/TGGATEs/WSI/Liver/8_day/29645.svs,8 day,WY-14643,100,mg/kg,High,182,14,3,Male,Crj:CD(SD)IGS,3,4.0,2,True,severe,True,True,False,recorded_finding
29647,/workspace/andre01/honzawa/02-playground/toxpatho-patch-selector/data/TGGATEs/WSI/Liver/8_day/29647.svs,8 day,WY-14643,100,mg/kg,High,182,14,4,Male,Crj:CD(SD)IGS,3,4.0,3,True,severe,True,True,False,recorded_finding
29648,/workspace/andre01/honzawa/02-playground/toxpatho-patch-selector/data/TGGATEs/WSI/Liver/8_day/29648.svs,8 day,WY-14643,100,mg/kg,High,182,14,5,Male,Crj:CD(SD)IGS,2,4.0,2,True,severe,True,True,False,recorded_finding
29650,/workspace/andre01/honzawa/02-playground/toxpatho-patch-selector/data/TGGATEs/WSI/Liver/15_day/29650.svs,15 day,WY-14643,100,mg/kg,High,182,15,1,Male,Crj:CD(SD)IGS,3,4.0,2,True,severe,True,True,False,recorded_finding
29652,/workspace/andre01/honzawa/02-playground/toxpatho-patch-selector/data/TGGATEs/WSI/Liver/15_day/29652.svs,15 day,WY-14643,100,mg/kg,High,182,15,2,Male,Crj:CD(SD)IGS,2,4.0,2,True,severe,True,True,False,recorded_finding
29654,/workspace/andre01/honzawa/02-playground/toxpatho-patch-selector/data/TGGATEs/WSI/Liver/15_day/29654.svs,15 day,WY-14643,100,mg/kg,High,182,15,3,Male,Crj:CD(SD)IGS,2,4.0,2,True,severe,True,True,False,recorded_finding
29656,/workspace/andre01/honzawa/02-playground/toxpatho-patch-selector/data/TGGATEs/WSI/Liver/15_day/29656.svs,15 day,WY-14643,100,mg/kg,High,182,15,4,Male,Crj:CD(SD)IGS,2,4.0,2,True,severe,True,True,False,recorded_finding
29658,/workspace/andre01/honzawa/02-playground/toxpatho-patch-selector/data/TGGATEs/WSI/Liver/15_day/29658.svs,15 day,WY-14643,100,mg/kg,High,182,15,5,Male,Crj:CD(SD)IGS,2,4.0,2,True,severe,True,True,False,recorded_finding
29659,/workspace/andre01/honzawa/02-playground/toxpatho-patch-selector/data/TGGATEs/WSI/Liver/29_day/29659.svs,29 day,WY-14643,100,mg/kg,High,182,16,1,Male,Crj:CD(SD)IGS,2,4.0,2,True,severe,True,True,False,recorded_finding
29662,/workspace/andre01/honzawa/02-playground/toxpatho-patch-selector/data/TGGATEs/WSI/Liver/29_day/29662.svs,29 day,WY-14643,100,mg/kg,High,182,16,2,Male,Crj:CD(SD)IGS,2,4.0,2,True,severe,True,True,False,recorded_finding
29664,/workspace/andre01/honzawa/02-playground/toxpatho-patch-selector/data/TGGATEs/WSI/Liver/29_day/29664.svs,29 day,WY-14643,100,mg/kg,High,182,16,3,Male,Crj:CD(SD)IGS,3,4.0,2,True,severe,True,True,False,recorded_finding
29668,/workspace/andre01/honzawa/02-playground/toxpatho-patch-selector/data/TGGATEs/WSI/Liver/29_day/29668.svs,29 day,WY-14643,100,mg/kg,High,182,16,5,Male,Crj:CD(SD)IGS,3,4.0,2,True,severe,True,True,False,recorded_finding
29813,/workspace/andre01/honzawa/02-playground/toxpatho-patch-selector/data/TGGATEs/WSI/Liver/4_day/29813.svs,4 day,gemfibrozil,0,mg/kg,Control,184,1,1,Male,Crj:CD(SD)IGS,1,1.0,0,True,minimal,True,True,False,recorded_finding
29816,/workspace/andre01/honzawa/02-playground/toxpatho-patch-selector/data/TGGATEs/WSI/Liver/4_day/29816.svs,4 day,gemfibrozil,0,mg/kg,Control,184,1,2,Male,Crj:CD(SD)IGS,0,,0,False,,True,True,False,no_finding_recorded
29818,/workspace/andre01/honzawa/02-playground/toxpatho-patch-selector/data/TGGATEs/WSI/Liver/4_day/29818.svs,4 day,gemfibrozil,0,mg/kg,Control,184,1,3,Male,Crj:CD(SD)IGS,0,,0,False,,True,True,False,no_finding_recorded
29819,/workspace/andre01/honzawa/02-playground/toxpatho-patch-selector/data/TGGATEs/WSI/Liver/4_day/29819.svs,4 day,gemfibrozil,0,mg/kg,Control,184,1,4,Male,Crj:CD(SD)IGS,0,,0,False,,True,True,False,no_finding_recorded
29822,/workspace/andre01/honzawa/02-playground/toxpatho-patch-selector/data/TGGATEs/WSI/Liver/4_day/29822.svs,4 day,gemfibrozil,0,mg/kg,Control,184,1,5,Male,Crj:CD(SD)IGS,0,,0,False,,True,True,False,no_finding_recorded
29824,/workspace/andre01/honzawa/02-playground/toxpatho-patch-selector/data/TGGATEs/WSI/Liver/8_day/29824.svs,8 day,gemfibrozil,0,mg/kg,Control,184,2,1,Male,Crj:CD(SD)IGS,0,,0,False,,True,True,False,no_finding_recorded
29826,/workspace/andre01/honzawa/02-playground/toxpatho-patch-selector/data/TGGATEs/WSI/Liver/8_day/29826.svs,8 day,gemfibrozil,0,mg/kg,Control,184,2,2,Male,Crj:CD(SD)IGS,0,,0,False,,True,True,False,no_finding_recorded
29829,/workspace/andre01/honzawa/02-playground/toxpatho-patch-selector/data/TGGATEs/WSI/Liver/8_day/29829.svs,8 day,gemfibrozil,0,mg/kg,Control,184,2,3,Male,Crj:CD(SD)IGS,1,1.0,0,True,minimal,True,True,False,recorded_finding
29831,/workspace/andre01/honzawa/02-playground/toxpatho-patch-selector/data/TGGATEs/WSI/Liver/8_day/29831.svs,8 day,gemfibrozil,0,mg/kg,Control,184,2,4,Male,Crj:CD(SD)IGS,0,,0,False,,True,True,False,no_finding_recorded
29833,/workspace/andre01/honzawa/02-playground/toxpatho-patch-selector/data/TGGATEs/WSI/Liver/8_day/29833.svs,8 day,gemfibrozil,0,mg/kg,Control,184,2,5,Male,Crj:CD(SD)IGS,0,,0,False,,True,True,False,no_finding_recorded
29836,/workspace/andre01/honzawa/02-playground/toxpatho-patch-selector/data/TGGATEs/WSI/Liver/15_day/29836.svs,15 day,gemfibrozil,0,mg/kg,Control,184,3,1,Male,Crj:CD(SD)IGS,0,,0,False,,True,True,False,no_finding_recorded
29838,/workspace/andre01/honzawa/02-playground/toxpatho-patch-selector/data/TGGATEs/WSI/Liver/15_day/29838.svs,15 day,gemfibrozil,0,mg/kg,Control,184,3,2,Male,Crj:CD(SD)IGS,0,,0,False,,True,True,False,no_finding_recorded
29840,/workspace/andre01/honzawa/02-playground/toxpatho-patch-selector/data/TGGATEs/WSI/Liver/15_day/29840.svs,15 day,gemfibrozil,0,mg/kg,Control,184,3,3,Male,Crj:CD(SD)IGS,0,,0,False,,True,True,False,no_finding_recorded
29843,/workspace/andre01/honzawa/02-playground/toxpatho-patch-selector/data/TGGATEs/WSI/Liver/15_day/29843.svs,15 day,gemfibrozil,0,mg/kg,Control,184,3,4,Male,Crj:CD(SD)IGS,0,,0,False,,True,True,False,no_finding_recorded
29845,/workspace/andre01/honzawa/02-playground/toxpatho-patch-selector/data/TGGATEs/WSI/Liver/15_day/29845.svs,15 day,gemfibrozil,0,mg/kg,Control,184,3,5,Male,Crj:CD(SD)IGS,0,,0,False,,True,True,False,no_finding_recorded
29847,/workspace/andre01/honzawa/02-playground/toxpatho-patch-selector/data/TGGATEs/WSI/Liver/29_day/29847.svs,29 day,gemfibrozil,0,mg/kg,Control,184,4,1,Male,Crj:CD(SD)IGS,1,1.0,0,True,minimal,True,True,False,recorded_finding
29849,/workspace/andre01/honzawa/02-playground/toxpatho-patch-selector/data/TGGATEs/WSI/Liver/29_day/29849.svs,29 day,gemfibrozil,0,mg/kg,Control,184,4,2,Male,Crj:CD(SD)IGS,0,,0,False,,True,True,False,no_finding_recorded
29852,/workspace/andre01/honzawa/02-playground/toxpatho-patch-selector/data/TGGATEs/WSI/Liver/29_day/29852.svs,29 day,gemfibrozil,0,mg/kg,Control,184,4,3,Male,Crj:CD(SD)IGS,0,,0,False,,True,True,False,no_finding_recorded
29854,/workspace/andre01/honzawa/02-playground/toxpatho-patch-selector/data/TGGATEs/WSI/Liver/29_day/29854.svs,29 day,gemfibrozil,0,mg/kg,Control,184,4,4,Male,Crj:CD(SD)IGS,0,,0,False,,True,True,False,no_finding_recorded
29856,/workspace/andre01/honzawa/02-playground/toxpatho-patch-selector/data/TGGATEs/WSI/Liver/29_day/29856.svs,29 day,gemfibrozil,0,mg/kg,Control,184,4,5,Male,Crj:CD(SD)IGS,0,,0,False,,True,True,False,no_finding_recorded
29858,/workspace/andre01/honzawa/02-playground/toxpatho-patch-selector/data/TGGATEs/WSI/Liver/4_day/29858.svs,4 day,gemfibrozil,30,mg/kg,Low,184,5,1,Male,Crj:CD(SD)IGS,0,,0,False,,True,True,False,no_finding_recorded
29861,/workspace/andre01/honzawa/02-playground/toxpatho-patch-selector/data/TGGATEs/WSI/Liver/4_day/29861.svs,4 day,gemfibrozil,30,mg/kg,Low,184,5,2,Male,Crj:CD(SD)IGS,1,2.0,0,True,slight,True,True,False,recorded_finding
29863,/workspace/andre01/honzawa/02-playground/toxpatho-patch-selector/data/TGGATEs/WSI/Liver/4_day/29863.svs,4 day,gemfibrozil,30,mg/kg,Low,184,5,3,Male,Crj:CD(SD)IGS,1,1.0,1,True,minimal,True,True,False,recorded_finding
29865,/workspace/andre01/honzawa/02-playground/toxpatho-patch-selector/data/TGGATEs/WSI/Liver/4_day/29865.svs,4 day,gemfibrozil,30,mg/kg,Low,184,5,4,Male,Crj:CD(SD)IGS,1,2.0,1,True,slight,True,True,False,recorded_finding
29868,/workspace/andre01/honzawa/02-playground/toxpatho-patch-selector/data/TGGATEs/WSI/Liver/4_day/29868.svs,4 day,gemfibrozil,30,mg/kg,Low,184,5,5,Male,Crj:CD(SD)IGS,1,1.0,1,True,minimal,True,True,False,recorded_finding
29870,/workspace/andre01/honzawa/02-playground/toxpatho-patch-selector/data/TGGATEs/WSI/Liver/8_day/29870.svs,8 day,gemfibrozil,30,mg/kg,Low,184,6,1,Male,Crj:CD(SD)IGS,0,,0,False,,True,True,False,no_finding_recorded
29872,/workspace/andre01/honzawa/02-playground/toxpatho-patch-selector/data/TGGATEs/WSI/Liver/8_day/29872.svs,8 day,gemfibrozil,30,mg/kg,Low,184,6,2,Male,Crj:CD(SD)IGS,0,,0,False,,True,True,False,no_finding_recorded
29874,/workspace/andre01/honzawa/02-playground/toxpatho-patch-selector/data/TGGATEs/WSI/Liver/8_day/29874.svs,8 day,gemfibrozil,30,mg/kg,Low,184,6,3,Male,Crj:CD(SD)IGS,0,,0,False,,True,True,False,no_finding_recorded
29877,/workspace/andre01/honzawa/02-playground/toxpatho-patch-selector/data/TGGATEs/WSI/Liver/8_day/29877.svs,8 day,gemfibrozil,30,mg/kg,Low,184,6,4,Male,Crj:CD(SD)IGS,0,,0,False,,True,True,False,no_finding_recorded
29879,/workspace/andre01/honzawa/02-playground/toxpatho-patch-selector/data/TGGATEs/WSI/Liver/8_day/29879.svs,8 day,gemfibrozil,30,mg/kg,Low,184,6,5,Male,Crj:CD(SD)IGS,0,,0,False,,True,True,False,no_finding_recorded
29882,/workspace/andre01/honzawa/02-playground/toxpatho-patch-selector/data/TGGATEs/WSI/Liver/15_day/29882.svs,15 day,gemfibrozil,30,mg/kg,Low,184,7,1,Male,Crj:CD(SD)IGS,1,1.0,1,True,minimal,True,True,False,recorded_finding
29884,/workspace/andre01/honzawa/02-playground/toxpatho-patch-selector/data/TGGATEs/WSI/Liver/15_day/29884.svs,15 day,gemfibrozil,30,mg/kg,Low,184,7,2,Male,Crj:CD(SD)IGS,1,1.0,0,True,minimal,True,True,False,recorded_finding
29886,/workspace/andre01/honzawa/02-playground/toxpatho-patch-selector/data/TGGATEs/WSI/Liver/15_day/29886.svs,15 day,gemfibrozil,30,mg/kg,Low,184,7,3,Male,Crj:CD(SD)IGS,0,,0,False,,True,True,False,no_finding_recorded
29889,/workspace/andre01/honzawa/02-playground/toxpatho-patch-selector/data/TGGATEs/WSI/Liver/15_day/29889.svs,15 day,gemfibrozil,30,mg/kg,Low,184,7,4,Male,Crj:CD(SD)IGS,0,,0,False,,True,True,False,no_finding_recorded
29891,/workspace/andre01/honzawa/02-playground/toxpatho-patch-selector/data/TGGATEs/WSI/Liver/15_day/29891.svs,15 day,gemfibrozil,30,mg/kg,Low,184,7,5,Male,Crj:CD(SD)IGS,1,1.0,0,True,minimal,True,True,False,recorded_finding
29893,/workspace/andre01/honzawa/02-playground/toxpatho-patch-selector/data/TGGATEs/WSI/Liver/29_day/29893.svs,29 day,gemfibrozil,30,mg/kg,Low,184,8,1,Male,Crj:CD(SD)IGS,2,1.0,1,True,minimal,True,True,False,recorded_finding
29896,/workspace/andre01/honzawa/02-playground/toxpatho-patch-selector/data/TGGATEs/WSI/Liver/29_day/29896.svs,29 day,gemfibrozil,30,mg/kg,Low,184,8,2,Male,Crj:CD(SD)IGS,0,,0,False,,True,True,False,no_finding_recorded
29898,/workspace/andre01/honzawa/02-playground/toxpatho-patch-selector/data/TGGATEs/WSI/Liver/29_day/29898.svs,29 day,gemfibrozil,30,mg/kg,Low,184,8,3,Male,Crj:CD(SD)IGS,1,1.0,1,True,minimal,True,True,False,recorded_finding
29901,/workspace/andre01/honzawa/02-playground/toxpatho-patch-selector/data/TGGATEs/WSI/Liver/29_day/29901.svs,29 day,gemfibrozil,30,mg/kg,Low,184,8,4,Male,Crj:CD(SD)IGS,1,1.0,1,True,minimal,True,True,False,recorded_finding
29903,/workspace/andre01/honzawa/02-playground/toxpatho-patch-selector/data/TGGATEs/WSI/Liver/29_day/29903.svs,29 day,gemfibrozil,30,mg/kg,Low,184,8,5,Male,Crj:CD(SD)IGS,1,1.0,1,True,minimal,True,True,False,recorded_finding
29906,/workspace/andre01/honzawa/02-playground/toxpatho-patch-selector/data/TGGATEs/WSI/Liver/4_day/29906.svs,4 day,gemfibrozil,100,mg/kg,Middle,184,9,1,Male,Crj:CD(SD)IGS,1,2.0,1,True,slight,True,True,False,recorded_finding
29908,/workspace/andre01/honzawa/02-playground/toxpatho-patch-selector/data/TGGATEs/WSI/Liver/4_day/29908.svs,4 day,gemfibrozil,100,mg/kg,Middle,184,9,2,Male,Crj:CD(SD)IGS,1,2.0,1,True,slight,True,True,False,recorded_finding
29910,/workspace/andre01/honzawa/02-playground/toxpatho-patch-selector/data/TGGATEs/WSI/Liver/4_day/29910.svs,4 day,gemfibrozil,100,mg/kg,Middle,184,9,3,Male,Crj:CD(SD)IGS,1,2.0,1,True,slight,True,True,False,recorded_finding
29913,/workspace/andre01/honzawa/02-playground/toxpatho-patch-selector/data/TGGATEs/WSI/Liver/4_day/29913.svs,4 day,gemfibrozil,100,mg/kg,Middle,184,9,4,Male,Crj:CD(SD)IGS,1,1.0,1,True,minimal,True,True,False,recorded_finding
29915,/workspace/andre01/honzawa/02-playground/toxpatho-patch-selector/data/TGGATEs/WSI/Liver/4_day/29915.svs,4 day,gemfibrozil,100,mg/kg,Middle,184,9,5,Male,Crj:CD(SD)IGS,2,2.0,1,True,slight,True,True,False,recorded_finding
29917,/workspace/andre01/honzawa/02-playground/toxpatho-patch-selector/data/TGGATEs/WSI/Liver/8_day/29917.svs,8 day,gemfibrozil,100,mg/kg,Middle,184,10,1,Male,Crj:CD(SD)IGS,0,,0,False,,True,True,False,no_finding_recorded
29920,/workspace/andre01/honzawa/02-playground/toxpatho-patch-selector/data/TGGATEs/WSI/Liver/8_day/29920.svs,8 day,gemfibrozil,100,mg/kg,Middle,184,10,2,Male,Crj:CD(SD)IGS,0,,0,False,,True,True,False,no_finding_recorded
29922,/workspace/andre01/honzawa/02-playground/toxpatho-patch-selector/data/TGGATEs/WSI/Liver/8_day/29922.svs,8 day,gemfibrozil,100,mg/kg,Middle,184,10,3,Male,Crj:CD(SD)IGS,0,,0,False,,True,True,False,no_finding_recorded
29925,/workspace/andre01/honzawa/02-playground/toxpatho-patch-selector/data/TGGATEs/WSI/Liver/8_day/29925.svs,8 day,gemfibrozil,100,mg/kg,Middle,184,10,4,Male,Crj:CD(SD)IGS,0,,0,False,,True,True,False,no_finding_recorded
29927,/workspace/andre01/honzawa/02-playground/toxpatho-patch-selector/data/TGGATEs/WSI/Liver/8_day/29927.svs,8 day,gemfibrozil,100,mg/kg,Middle,184,10,5,Male,Crj:CD(SD)IGS,0,,0,False,,True,True,False,no_finding_recorded
29929,/workspace/andre01/honzawa/02-playground/toxpatho-patch-selector/data/TGGATEs/WSI/Liver/15_day/29929.svs,15 day,gemfibrozil,100,mg/kg,Middle,184,11,1,Male,Crj:CD(SD)IGS,1,1.0,1,True,minimal,True,True,False,recorded_finding
29931,/workspace/andre01/honzawa/02-playground/toxpatho-patch-selector/data/TGGATEs/WSI/Liver/15_day/29931.svs,15 day,gemfibrozil,100,mg/kg,Middle,184,11,2,Male,Crj:CD(SD)IGS,1,2.0,1,True,slight,True,True,False,recorded_finding
29933,/workspace/andre01/honzawa/02-playground/toxpatho-patch-selector/data/TGGATEs/WSI/Liver/15_day/29933.svs,15 day,gemfibrozil,100,mg/kg,Middle,184,11,3,Male,Crj:CD(SD)IGS,1,2.0,1,True,slight,True,True,False,recorded_finding
29935,/workspace/andre01/honzawa/02-playground/toxpatho-patch-selector/data/TGGATEs/WSI/Liver/15_day/29935.svs,15 day,gemfibrozil,100,mg/kg,Middle,184,11,4,Male,Crj:CD(SD)IGS,1,1.0,1,True,minimal,True,True,False,recorded_finding
29937,/workspace/andre01/honzawa/02-playground/toxpatho-patch-selector/data/TGGATEs/WSI/Liver/15_day/29937.svs,15 day,gemfibrozil,100,mg/kg,Middle,184,11,5,Male,Crj:CD(SD)IGS,2,1.0,1,True,minimal,True,True,False,recorded_finding
29939,/workspace/andre01/honzawa/02-playground/toxpatho-patch-selector/data/TGGATEs/WSI/Liver/29_day/29939.svs,29 day,gemfibrozil,100,mg/kg,Middle,184,12,1,Male,Crj:CD(SD)IGS,2,2.0,1,True,slight,True,True,False,recorded_finding
29941,/workspace/andre01/honzawa/02-playground/toxpatho-patch-selector/data/TGGATEs/WSI/Liver/29_day/29941.svs,29 day,gemfibrozil,100,mg/kg,Middle,184,12,2,Male,Crj:CD(SD)IGS,1,2.0,1,True,slight,True,True,False,recorded_finding
29943,/workspace/andre01/honzawa/02-playground/toxpatho-patch-selector/data/TGGATEs/WSI/Liver/29_day/29943.svs,29 day,gemfibrozil,100,mg/kg,Middle,184,12,3,Male,Crj:CD(SD)IGS,3,2.0,1,True,slight,True,True,False,recorded_finding
29945,/workspace/andre01/honzawa/02-playground/toxpatho-patch-selector/data/TGGATEs/WSI/Liver/29_day/29945.svs,29 day,gemfibrozil,100,mg/kg,Middle,184,12,4,Male,Crj:CD(SD)IGS,2,2.0,1,True,slight,True,True,False,recorded_finding
29947,/workspace/andre01/honzawa/02-playground/toxpatho-patch-selector/data/TGGATEs/WSI/Liver/29_day/29947.svs,29 day,gemfibrozil,100,mg/kg,Middle,184,12,5,Male,Crj:CD(SD)IGS,1,3.0,1,True,moderate,True,True,False,recorded_finding
29949,/workspace/andre01/honzawa/02-playground/toxpatho-patch-selector/data/TGGATEs/WSI/Liver/4_day/29949.svs,4 day,gemfibrozil,300,mg/kg,High,184,13,1,Male,Crj:CD(SD)IGS,1,2.0,1,True,slight,True,True,False,recorded_finding
29951,/workspace/andre01/honzawa/02-playground/toxpatho-patch-selector/data/TGGATEs/WSI/Liver/4_day/29951.svs,4 day,gemfibrozil,300,mg/kg,High,184,13,2,Male,Crj:CD(SD)IGS,1,2.0,1,True,slight,True,True,False,recorded_finding
29953,/workspace/andre01/honzawa/02-playground/toxpatho-patch-selector/data/TGGATEs/WSI/Liver/4_day/29953.svs,4 day,gemfibrozil,300,mg/kg,High,184,13,3,Male,Crj:CD(SD)IGS,1,2.0,1,True,slight,True,True,False,recorded_finding
29955,/workspace/andre01/honzawa/02-playground/toxpatho-patch-selector/data/TGGATEs/WSI/Liver/4_day/29955.svs,4 day,gemfibrozil,300,mg/kg,High,184,13,4,Male,Crj:CD(SD)IGS,1,2.0,1,True,slight,True,True,False,recorded_finding
29957,/workspace/andre01/honzawa/02-playground/toxpatho-patch-selector/data/TGGATEs/WSI/Liver/4_day/29957.svs,4 day,gemfibrozil,300,mg/kg,High,184,13,5,Male,Crj:CD(SD)IGS,1,2.0,1,True,slight,True,True,False,recorded_finding
29958,/workspace/andre01/honzawa/02-playground/toxpatho-patch-selector/data/TGGATEs/WSI/Liver/8_day/29958.svs,8 day,gemfibrozil,300,mg/kg,High,184,14,1,Male,Crj:CD(SD)IGS,1,1.0,1,True,minimal,True,True,False,recorded_finding
29960,/workspace/andre01/honzawa/02-playground/toxpatho-patch-selector/data/TGGATEs/WSI/Liver/8_day/29960.svs,8 day,gemfibrozil,300,mg/kg,High,184,14,2,Male,Crj:CD(SD)IGS,1,1.0,1,True,minimal,True,True,False,recorded_finding
29962,/workspace/andre01/honzawa/02-playground/toxpatho-patch-selector/data/TGGATEs/WSI/Liver/8_day/29962.svs,8 day,gemfibrozil,300,mg/kg,High,184,14,3,Male,Crj:CD(SD)IGS,1,1.0,1,True,minimal,True,True,False,recorded_finding
29965,/workspace/andre01/honzawa/02-playground/toxpatho-patch-selector/data/TGGATEs/WSI/Liver/8_day/29965.svs,8 day,gemfibrozil,300,mg/kg,High,184,14,4,Male,Crj:CD(SD)IGS,1,1.0,1,True,minimal,True,True,False,recorded_finding
29967,/workspace/andre01/honzawa/02-playground/toxpatho-patch-selector/data/TGGATEs/WSI/Liver/8_day/29967.svs,8 day,gemfibrozil,300,mg/kg,High,184,14,5,Male,Crj:CD(SD)IGS,1,1.0,1,True,minimal,True,True,False,recorded_finding
29969,/workspace/andre01/honzawa/02-playground/toxpatho-patch-selector/data/TGGATEs/WSI/Liver/15_day/29969.svs,15 day,gemfibrozil,300,mg/kg,High,184,15,1,Male,Crj:CD(SD)IGS,1,2.0,1,True,slight,True,True,False,recorded_finding
29971,/workspace/andre01/honzawa/02-playground/toxpatho-patch-selector/data/TGGATEs/WSI/Liver/15_day/29971.svs,15 day,gemfibrozil,300,mg/kg,High,184,15,2,Male,Crj:CD(SD)IGS,2,2.0,1,True,slight,True,True,False,recorded_finding
29973,/workspace/andre01/honzawa/02-playground/toxpatho-patch-selector/data/TGGATEs/WSI/Liver/15_day/29973.svs,15 day,gemfibrozil,300,mg/kg,High,184,15,3,Male,Crj:CD(SD)IGS,2,2.0,1,True,slight,True,True,False,recorded_finding
29975,/workspace/andre01/honzawa/02-playground/toxpatho-patch-selector/data/TGGATEs/WSI/Liver/15_day/29975.svs,15 day,gemfibrozil,300,mg/kg,High,184,15,4,Male,Crj:CD(SD)IGS,1,2.0,1,True,slight,True,True,False,recorded_finding
29977,/workspace/andre01/honzawa/02-playground/toxpatho-patch-selector/data/TGGATEs/WSI/Liver/15_day/29977.svs,15 day,gemfibrozil,300,mg/kg,High,184,15,5,Male,Crj:CD(SD)IGS,1,2.0,1,True,slight,True,True,False,recorded_finding
29978,/workspace/andre01/honzawa/02-playground/toxpatho-patch-selector/data/TGGATEs/WSI/Liver/29_day/29978.svs,29 day,gemfibrozil,300,mg/kg,High,184,16,1,Male,Crj:CD(SD)IGS,2,4.0,1,True,severe,True,True,False,recorded_finding
29980,/workspace/andre01/honzawa/02-playground/toxpatho-patch-selector/data/TGGATEs/WSI/Liver/29_day/29980.svs,29 day,gemfibrozil,300,mg/kg,High,184,16,2,Male,Crj:CD(SD)IGS,1,4.0,1,True,severe,True,True,False,recorded_finding
29982,/workspace/andre01/honzawa/02-playground/toxpatho-patch-selector/data/TGGATEs/WSI/Liver/29_day/29982.svs,29 day,gemfibrozil,300,mg/kg,High,184,16,3,Male,Crj:CD(SD)IGS,1,3.0,1,True,moderate,True,True,False,recorded_finding
29984,/workspace/andre01/honzawa/02-playground/toxpatho-patch-selector/data/TGGATEs/WSI/Liver/29_day/29984.svs,29 day,gemfibrozil,300,mg/kg,High,184,16,4,Male,Crj:CD(SD)IGS,1,3.0,1,True,moderate,True,True,False,recorded_finding
29986,/workspace/andre01/honzawa/02-playground/toxpatho-patch-selector/data/TGGATEs/WSI/Liver/29_day/29986.svs,29 day,gemfibrozil,300,mg/kg,High,184,16,5,Male,Crj:CD(SD)IGS,2,3.0,1,True,moderate,True,True,False,recorded_finding
30678,/workspace/andre01/honzawa/02-playground/toxpatho-patch-selector/data/TGGATEs/WSI/Liver/4_day/30678.svs,4 day,sulfasalazine,0,mg/kg,Control,211,1,1,Male,Crj:CD(SD)IGS,0,,0,False,,True,True,False,no_finding_recorded
30681,/workspace/andre01/honzawa/02-playground/toxpatho-patch-selector/data/TGGATEs/WSI/Liver/4_day/30681.svs,4 day,sulfasalazine,0,mg/kg,Control,211,1,2,Male,Crj:CD(SD)IGS,0,,0,False,,True,True,False,no_finding_recorded
30683,/workspace/andre01/honzawa/02-playground/toxpatho-patch-selector/data/TGGATEs/WSI/Liver/4_day/30683.svs,4 day,sulfasalazine,0,mg/kg,Control,211,1,3,Male,Crj:CD(SD)IGS,0,,0,False,,True,True,False,no_finding_recorded
30686,/workspace/andre01/honzawa/02-playground/toxpatho-patch-selector/data/TGGATEs/WSI/Liver/4_day/30686.svs,4 day,sulfasalazine,0,mg/kg,Control,211,1,4,Male,Crj:CD(SD)IGS,0,,0,False,,True,True,False,no_finding_recorded
30689,/workspace/andre01/honzawa/02-playground/toxpatho-patch-selector/data/TGGATEs/WSI/Liver/4_day/30689.svs,4 day,sulfasalazine,0,mg/kg,Control,211,1,5,Male,Crj:CD(SD)IGS,0,,0,False,,True,True,False,no_finding_recorded
30691,/workspace/andre01/honzawa/02-playground/toxpatho-patch-selector/data/TGGATEs/WSI/Liver/4_day/30691.svs,4 day,sulfasalazine,100,mg/kg,Low,211,5,1,Male,Crj:CD(SD)IGS,0,,0,False,,True,True,False,no_finding_recorded
30693,/workspace/andre01/honzawa/02-playground/toxpatho-patch-selector/data/TGGATEs/WSI/Liver/4_day/30693.svs,4 day,sulfasalazine,100,mg/kg,Low,211,5,2,Male,Crj:CD(SD)IGS,0,,0,False,,True,True,False,no_finding_recorded
30696,/workspace/andre01/honzawa/02-playground/toxpatho-patch-selector/data/TGGATEs/WSI/Liver/4_day/30696.svs,4 day,sulfasalazine,100,mg/kg,Low,211,5,3,Male,Crj:CD(SD)IGS,0,,0,False,,True,True,False,no_finding_recorded
30698,/workspace/andre01/honzawa/02-playground/toxpatho-patch-selector/data/TGGATEs/WSI/Liver/4_day/30698.svs,4 day,sulfasalazine,100,mg/kg,Low,211,5,4,Male,Crj:CD(SD)IGS,0,,0,False,,True,True,False,no_finding_recorded
30700,/workspace/andre01/honzawa/02-playground/toxpatho-patch-selector/data/TGGATEs/WSI/Liver/4_day/30700.svs,4 day,sulfasalazine,100,mg/kg,Low,211,5,5,Male,Crj:CD(SD)IGS,0,,0,False,,True,True,False,no_finding_recorded
30702,/workspace/andre01/honzawa/02-playground/toxpatho-patch-selector/data/TGGATEs/WSI/Liver/4_day/30702.svs,4 day,sulfasalazine,300,mg/kg,Middle,211,9,1,Male,Crj:CD(SD)IGS,0,,0,False,,True,True,False,no_finding_recorded
30705,/workspace/andre01/honzawa/02-playground/toxpatho-patch-selector/data/TGGATEs/WSI/Liver/4_day/30705.svs,4 day,sulfasalazine,300,mg/kg,Middle,211,9,2,Male,Crj:CD(SD)IGS,0,,0,False,,True,True,False,no_finding_recorded
30707,/workspace/andre01/honzawa/02-playground/toxpatho-patch-selector/data/TGGATEs/WSI/Liver/4_day/30707.svs,4 day,sulfasalazine,300,mg/kg,Middle,211,9,3,Male,Crj:CD(SD)IGS,0,,0,False,,True,True,False,no_finding_recorded
30709,/workspace/andre01/honzawa/02-playground/toxpatho-patch-selector/data/TGGATEs/WSI/Liver/4_day/30709.svs,4 day,sulfasalazine,300,mg/kg,Middle,211,9,4,Male,Crj:CD(SD)IGS,0,,0,False,,True,True,False,no_finding_recorded
30712,/workspace/andre01/honzawa/02-playground/toxpatho-patch-selector/data/TGGATEs/WSI/Liver/4_day/30712.svs,4 day,sulfasalazine,300,mg/kg,Middle,211,9,5,Male,Crj:CD(SD)IGS,0,,0,False,,True,True,False,no_finding_recorded
30714,/workspace/andre01/honzawa/02-playground/toxpatho-patch-selector/data/TGGATEs/WSI/Liver/4_day/30714.svs,4 day,sulfasalazine,1000,mg/kg,High,211,13,1,Male,Crj:CD(SD)IGS,0,,0,False,,True,True,False,no_finding_recorded
30716,/workspace/andre01/honzawa/02-playground/toxpatho-patch-selector/data/TGGATEs/WSI/Liver/4_day/30716.svs,4 day,sulfasalazine,1000,mg/kg,High,211,13,2,Male,Crj:CD(SD)IGS,1,2.0,1,True,slight,True,True,False,recorded_finding
30718,/workspace/andre01/honzawa/02-playground/toxpatho-patch-selector/data/TGGATEs/WSI/Liver/4_day/30718.svs,4 day,sulfasalazine,1000,mg/kg,High,211,13,3,Male,Crj:CD(SD)IGS,1,2.0,1,True,slight,True,True,False,recorded_finding
30721,/workspace/andre01/honzawa/02-playground/toxpatho-patch-selector/data/TGGATEs/WSI/Liver/4_day/30721.svs,4 day,sulfasalazine,1000,mg/kg,High,211,13,4,Male,Crj:CD(SD)IGS,1,2.0,1,True,slight,True,True,False,recorded_finding
30723,/workspace/andre01/honzawa/02-playground/toxpatho-patch-selector/data/TGGATEs/WSI/Liver/4_day/30723.svs,4 day,sulfasalazine,1000,mg/kg,High,211,13,5,Male,Crj:CD(SD)IGS,1,2.0,1,True,slight,True,True,False,recorded_finding
30725,/workspace/andre01/honzawa/02-playground/toxpatho-patch-selector/data/TGGATEs/WSI/Liver/8_day/30725.svs,8 day,sulfasalazine,0,mg/kg,Control,211,2,1,Male,Crj:CD(SD)IGS,0,,0,False,,True,True,False,no_finding_recorded
30728,/workspace/andre01/honzawa/02-playground/toxpatho-patch-selector/data/TGGATEs/WSI/Liver/8_day/30728.svs,8 day,sulfasalazine,0,mg/kg,Control,211,2,2,Male,Crj:CD(SD)IGS,0,,0,False,,True,True,False,no_finding_recorded
30730,/workspace/andre01/honzawa/02-playground/toxpatho-patch-selector/data/TGGATEs/WSI/Liver/8_day/30730.svs,8 day,sulfasalazine,0,mg/kg,Control,211,2,3,Male,Crj:CD(SD)IGS,0,,0,False,,True,True,False,no_finding_recorded
30732,/workspace/andre01/honzawa/02-playground/toxpatho-patch-selector/data/TGGATEs/WSI/Liver/8_day/30732.svs,8 day,sulfasalazine,0,mg/kg,Control,211,2,4,Male,Crj:CD(SD)IGS,0,,0,False,,True,True,False,no_finding_recorded
30734,/workspace/andre01/honzawa/02-playground/toxpatho-patch-selector/data/TGGATEs/WSI/Liver/8_day/30734.svs,8 day,sulfasalazine,0,mg/kg,Control,211,2,5,Male,Crj:CD(SD)IGS,0,,0,False,,True,True,False,no_finding_recorded
30736,/workspace/andre01/honzawa/02-playground/toxpatho-patch-selector/data/TGGATEs/WSI/Liver/8_day/30736.svs,8 day,sulfasalazine,100,mg/kg,Low,211,6,1,Male,Crj:CD(SD)IGS,0,,0,False,,True,True,False,no_finding_recorded
30738,/workspace/andre01/honzawa/02-playground/toxpatho-patch-selector/data/TGGATEs/WSI/Liver/8_day/30738.svs,8 day,sulfasalazine,100,mg/kg,Low,211,6,2,Male,Crj:CD(SD)IGS,0,,0,False,,True,True,False,no_finding_recorded
30741,/workspace/andre01/honzawa/02-playground/toxpatho-patch-selector/data/TGGATEs/WSI/Liver/8_day/30741.svs,8 day,sulfasalazine,100,mg/kg,Low,211,6,3,Male,Crj:CD(SD)IGS,0,,0,False,,True,True,False,no_finding_recorded
30743,/workspace/andre01/honzawa/02-playground/toxpatho-patch-selector/data/TGGATEs/WSI/Liver/8_day/30743.svs,8 day,sulfasalazine,100,mg/kg,Low,211,6,4,Male,Crj:CD(SD)IGS,0,,0,False,,True,True,False,no_finding_recorded
30745,/workspace/andre01/honzawa/02-playground/toxpatho-patch-selector/data/TGGATEs/WSI/Liver/8_day/30745.svs,8 day,sulfasalazine,100,mg/kg,Low,211,6,5,Male,Crj:CD(SD)IGS,0,,0,False,,True,True,False,no_finding_recorded
30747,/workspace/andre01/honzawa/02-playground/toxpatho-patch-selector/data/TGGATEs/WSI/Liver/8_day/30747.svs,8 day,sulfasalazine,300,mg/kg,Middle,211,10,1,Male,Crj:CD(SD)IGS,1,2.0,1,True,slight,True,True,False,recorded_finding
30750,/workspace/andre01/honzawa/02-playground/toxpatho-patch-selector/data/TGGATEs/WSI/Liver/8_day/30750.svs,8 day,sulfasalazine,300,mg/kg,Middle,211,10,2,Male,Crj:CD(SD)IGS,0,,0,False,,True,True,False,no_finding_recorded
30752,/workspace/andre01/honzawa/02-playground/toxpatho-patch-selector/data/TGGATEs/WSI/Liver/8_day/30752.svs,8 day,sulfasalazine,300,mg/kg,Middle,211,10,3,Male,Crj:CD(SD)IGS,0,,0,False,,True,True,False,no_finding_recorded
30754,/workspace/andre01/honzawa/02-playground/toxpatho-patch-selector/data/TGGATEs/WSI/Liver/8_day/30754.svs,8 day,sulfasalazine,300,mg/kg,Middle,211,10,4,Male,Crj:CD(SD)IGS,0,,0,False,,True,True,False,no_finding_recorded
30756,/workspace/andre01/honzawa/02-playground/toxpatho-patch-selector/data/TGGATEs/WSI/Liver/8_day/30756.svs,8 day,sulfasalazine,300,mg/kg,Middle,211,10,5,Male,Crj:CD(SD)IGS,1,2.0,1,True,slight,True,True,False,recorded_finding
30759,/workspace/andre01/honzawa/02-playground/toxpatho-patch-selector/data/TGGATEs/WSI/Liver/8_day/30759.svs,8 day,sulfasalazine,1000,mg/kg,High,211,14,1,Male,Crj:CD(SD)IGS,1,3.0,1,True,moderate,True,True,False,recorded_finding
30761,/workspace/andre01/honzawa/02-playground/toxpatho-patch-selector/data/TGGATEs/WSI/Liver/8_day/30761.svs,8 day,sulfasalazine,1000,mg/kg,High,211,14,2,Male,Crj:CD(SD)IGS,1,3.0,1,True,moderate,True,True,False,recorded_finding
30763,/workspace/andre01/honzawa/02-playground/toxpatho-patch-selector/data/TGGATEs/WSI/Liver/8_day/30763.svs,8 day,sulfasalazine,1000,mg/kg,High,211,14,3,Male,Crj:CD(SD)IGS,1,3.0,1,True,moderate,True,True,False,recorded_finding
30765,/workspace/andre01/honzawa/02-playground/toxpatho-patch-selector/data/TGGATEs/WSI/Liver/8_day/30765.svs,8 day,sulfasalazine,1000,mg/kg,High,211,14,4,Male,Crj:CD(SD)IGS,1,2.0,1,True,slight,True,True,False,recorded_finding
30767,/workspace/andre01/honzawa/02-playground/toxpatho-patch-selector/data/TGGATEs/WSI/Liver/8_day/30767.svs,8 day,sulfasalazine,1000,mg/kg,High,211,14,5,Male,Crj:CD(SD)IGS,1,3.0,1,True,moderate,True,True,False,recorded_finding
30769,/workspace/andre01/honzawa/02-playground/toxpatho-patch-selector/data/TGGATEs/WSI/Liver/15_day/30769.svs,15 day,sulfasalazine,0,mg/kg,Control,211,3,1,Male,Crj:CD(SD)IGS,0,,0,False,,True,True,False,no_finding_recorded
30771,/workspace/andre01/honzawa/02-playground/toxpatho-patch-selector/data/TGGATEs/WSI/Liver/15_day/30771.svs,15 day,sulfasalazine,0,mg/kg,Control,211,3,2,Male,Crj:CD(SD)IGS,0,,0,False,,True,True,False,no_finding_recorded
30774,/workspace/andre01/honzawa/02-playground/toxpatho-patch-selector/data/TGGATEs/WSI/Liver/15_day/30774.svs,15 day,sulfasalazine,0,mg/kg,Control,211,3,3,Male,Crj:CD(SD)IGS,0,,0,False,,True,True,False,no_finding_recorded
30776,/workspace/andre01/honzawa/02-playground/toxpatho-patch-selector/data/TGGATEs/WSI/Liver/15_day/30776.svs,15 day,sulfasalazine,0,mg/kg,Control,211,3,4,Male,Crj:CD(SD)IGS,0,,0,False,,True,True,False,no_finding_recorded
30779,/workspace/andre01/honzawa/02-playground/toxpatho-patch-selector/data/TGGATEs/WSI/Liver/15_day/30779.svs,15 day,sulfasalazine,0,mg/kg,Control,211,3,5,Male,Crj:CD(SD)IGS,0,,0,False,,True,True,False,no_finding_recorded
30781,/workspace/andre01/honzawa/02-playground/toxpatho-patch-selector/data/TGGATEs/WSI/Liver/15_day/30781.svs,15 day,sulfasalazine,100,mg/kg,Low,211,7,1,Male,Crj:CD(SD)IGS,0,,0,False,,True,True,False,no_finding_recorded
30783,/workspace/andre01/honzawa/02-playground/toxpatho-patch-selector/data/TGGATEs/WSI/Liver/15_day/30783.svs,15 day,sulfasalazine,100,mg/kg,Low,211,7,2,Male,Crj:CD(SD)IGS,1,1.0,0,True,minimal,True,True,False,recorded_finding
30786,/workspace/andre01/honzawa/02-playground/toxpatho-patch-selector/data/TGGATEs/WSI/Liver/15_day/30786.svs,15 day,sulfasalazine,100,mg/kg,Low,211,7,3,Male,Crj:CD(SD)IGS,0,,0,False,,True,True,False,no_finding_recorded
30788,/workspace/andre01/honzawa/02-playground/toxpatho-patch-selector/data/TGGATEs/WSI/Liver/15_day/30788.svs,15 day,sulfasalazine,100,mg/kg,Low,211,7,4,Male,Crj:CD(SD)IGS,0,,0,False,,True,True,False,no_finding_recorded
30790,/workspace/andre01/honzawa/02-playground/toxpatho-patch-selector/data/TGGATEs/WSI/Liver/15_day/30790.svs,15 day,sulfasalazine,100,mg/kg,Low,211,7,5,Male,Crj:CD(SD)IGS,0,,0,False,,True,True,False,no_finding_recorded
30792,/workspace/andre01/honzawa/02-playground/toxpatho-patch-selector/data/TGGATEs/WSI/Liver/15_day/30792.svs,15 day,sulfasalazine,300,mg/kg,Middle,211,11,1,Male,Crj:CD(SD)IGS,0,,0,False,,True,True,False,no_finding_recorded
30795,/workspace/andre01/honzawa/02-playground/toxpatho-patch-selector/data/TGGATEs/WSI/Liver/15_day/30795.svs,15 day,sulfasalazine,300,mg/kg,Middle,211,11,2,Male,Crj:CD(SD)IGS,0,,0,False,,True,True,False,no_finding_recorded
30797,/workspace/andre01/honzawa/02-playground/toxpatho-patch-selector/data/TGGATEs/WSI/Liver/15_day/30797.svs,15 day,sulfasalazine,300,mg/kg,Middle,211,11,3,Male,Crj:CD(SD)IGS,0,,0,False,,True,True,False,no_finding_recorded
30799,/workspace/andre01/honzawa/02-playground/toxpatho-patch-selector/data/TGGATEs/WSI/Liver/15_day/30799.svs,15 day,sulfasalazine,300,mg/kg,Middle,211,11,4,Male,Crj:CD(SD)IGS,0,,0,False,,True,True,False,no_finding_recorded
30801,/workspace/andre01/honzawa/02-playground/toxpatho-patch-selector/data/TGGATEs/WSI/Liver/15_day/30801.svs,15 day,sulfasalazine,300,mg/kg,Middle,211,11,5,Male,Crj:CD(SD)IGS,0,,0,False,,True,True,False,no_finding_recorded
30803,/workspace/andre01/honzawa/02-playground/toxpatho-patch-selector/data/TGGATEs/WSI/Liver/15_day/30803.svs,15 day,sulfasalazine,1000,mg/kg,High,211,15,1,Male,Crj:CD(SD)IGS,1,3.0,1,True,moderate,True,True,False,recorded_finding
30805,/workspace/andre01/honzawa/02-playground/toxpatho-patch-selector/data/TGGATEs/WSI/Liver/15_day/30805.svs,15 day,sulfasalazine,1000,mg/kg,High,211,15,2,Male,Crj:CD(SD)IGS,1,2.0,1,True,slight,True,True,False,recorded_finding
30807,/workspace/andre01/honzawa/02-playground/toxpatho-patch-selector/data/TGGATEs/WSI/Liver/15_day/30807.svs,15 day,sulfasalazine,1000,mg/kg,High,211,15,3,Male,Crj:CD(SD)IGS,1,3.0,1,True,moderate,True,True,False,recorded_finding
30810,/workspace/andre01/honzawa/02-playground/toxpatho-patch-selector/data/TGGATEs/WSI/Liver/15_day/30810.svs,15 day,sulfasalazine,1000,mg/kg,High,211,15,4,Male,Crj:CD(SD)IGS,1,3.0,1,True,moderate,True,True,False,recorded_finding
30813,/workspace/andre01/honzawa/02-playground/toxpatho-patch-selector/data/TGGATEs/WSI/Liver/15_day/30813.svs,15 day,sulfasalazine,1000,mg/kg,High,211,15,5,Male,Crj:CD(SD)IGS,1,3.0,1,True,moderate,True,True,False,recorded_finding
30815,/workspace/andre01/honzawa/02-playground/toxpatho-patch-selector/data/TGGATEs/WSI/Liver/29_day/30815.svs,29 day,sulfasalazine,0,mg/kg,Control,211,4,1,Male,Crj:CD(SD)IGS,0,,0,False,,True,True,False,no_finding_recorded
30819,/workspace/andre01/honzawa/02-playground/toxpatho-patch-selector/data/TGGATEs/WSI/Liver/29_day/30819.svs,29 day,sulfasalazine,0,mg/kg,Control,211,4,2,Male,Crj:CD(SD)IGS,0,,0,False,,True,True,False,no_finding_recorded
30822,/workspace/andre01/honzawa/02-playground/toxpatho-patch-selector/data/TGGATEs/WSI/Liver/29_day/30822.svs,29 day,sulfasalazine,0,mg/kg,Control,211,4,3,Male,Crj:CD(SD)IGS,0,,0,False,,True,True,False,no_finding_recorded
30824,/workspace/andre01/honzawa/02-playground/toxpatho-patch-selector/data/TGGATEs/WSI/Liver/29_day/30824.svs,29 day,sulfasalazine,0,mg/kg,Control,211,4,4,Male,Crj:CD(SD)IGS,0,,0,False,,True,True,False,no_finding_recorded
30826,/workspace/andre01/honzawa/02-playground/toxpatho-patch-selector/data/TGGATEs/WSI/Liver/29_day/30826.svs,29 day,sulfasalazine,0,mg/kg,Control,211,4,5,Male,Crj:CD(SD)IGS,0,,0,False,,True,True,False,no_finding_recorded
30829,/workspace/andre01/honzawa/02-playground/toxpatho-patch-selector/data/TGGATEs/WSI/Liver/29_day/30829.svs,29 day,sulfasalazine,100,mg/kg,Low,211,8,1,Male,Crj:CD(SD)IGS,0,,0,False,,True,True,False,no_finding_recorded
30831,/workspace/andre01/honzawa/02-playground/toxpatho-patch-selector/data/TGGATEs/WSI/Liver/29_day/30831.svs,29 day,sulfasalazine,100,mg/kg,Low,211,8,2,Male,Crj:CD(SD)IGS,0,,0,False,,True,True,False,no_finding_recorded
30833,/workspace/andre01/honzawa/02-playground/toxpatho-patch-selector/data/TGGATEs/WSI/Liver/29_day/30833.svs,29 day,sulfasalazine,100,mg/kg,Low,211,8,3,Male,Crj:CD(SD)IGS,0,,0,False,,True,True,False,no_finding_recorded
30836,/workspace/andre01/honzawa/02-playground/toxpatho-patch-selector/data/TGGATEs/WSI/Liver/29_day/30836.svs,29 day,sulfasalazine,100,mg/kg,Low,211,8,4,Male,Crj:CD(SD)IGS,0,,0,False,,True,True,False,no_finding_recorded
30839,/workspace/andre01/honzawa/02-playground/toxpatho-patch-selector/data/TGGATEs/WSI/Liver/29_day/30839.svs,29 day,sulfasalazine,100,mg/kg,Low,211,8,5,Male,Crj:CD(SD)IGS,0,,0,False,,True,True,False,no_finding_recorded
30842,/workspace/andre01/honzawa/02-playground/toxpatho-patch-selector/data/TGGATEs/WSI/Liver/29_day/30842.svs,29 day,sulfasalazine,300,mg/kg,Middle,211,12,1,Male,Crj:CD(SD)IGS,0,,0,False,,True,True,False,no_finding_recorded
30845,/workspace/andre01/honzawa/02-playground/toxpatho-patch-selector/data/TGGATEs/WSI/Liver/29_day/30845.svs,29 day,sulfasalazine,300,mg/kg,Middle,211,12,2,Male,Crj:CD(SD)IGS,0,,0,False,,True,True,False,no_finding_recorded
30847,/workspace/andre01/honzawa/02-playground/toxpatho-patch-selector/data/TGGATEs/WSI/Liver/29_day/30847.svs,29 day,sulfasalazine,300,mg/kg,Middle,211,12,3,Male,Crj:CD(SD)IGS,1,2.0,1,True,slight,True,True,False,recorded_finding
30850,/workspace/andre01/honzawa/02-playground/toxpatho-patch-selector/data/TGGATEs/WSI/Liver/29_day/30850.svs,29 day,sulfasalazine,300,mg/kg,Middle,211,12,4,Male,Crj:CD(SD)IGS,0,,0,False,,True,True,False,no_finding_recorded
30854,/workspace/andre01/honzawa/02-playground/toxpatho-patch-selector/data/TGGATEs/WSI/Liver/29_day/30854.svs,29 day,sulfasalazine,300,mg/kg,Middle,211,12,5,Male,Crj:CD(SD)IGS,0,,0,False,,True,True,False,no_finding_recorded
30856,/workspace/andre01/honzawa/02-playground/toxpatho-patch-selector/data/TGGATEs/WSI/Liver/29_day/30856.svs,29 day,sulfasalazine,1000,mg/kg,High,211,16,1,Male,Crj:CD(SD)IGS,1,3.0,1,True,moderate,True,True,False,recorded_finding
30859,/workspace/andre01/honzawa/02-playground/toxpatho-patch-selector/data/TGGATEs/WSI/Liver/29_day/30859.svs,29 day,sulfasalazine,1000,mg/kg,High,211,16,2,Male,Crj:CD(SD)IGS,1,3.0,1,True,moderate,True,True,False,recorded_finding
30862,/workspace/andre01/honzawa/02-playground/toxpatho-patch-selector/data/TGGATEs/WSI/Liver/29_day/30862.svs,29 day,sulfasalazine,1000,mg/kg,High,211,16,3,Male,Crj:CD(SD)IGS,1,3.0,1,True,moderate,True,True,False,recorded_finding
30865,/workspace/andre01/honzawa/02-playground/toxpatho-patch-selector/data/TGGATEs/WSI/Liver/29_day/30865.svs,29 day,sulfasalazine,1000,mg/kg,High,211,16,4,Male,Crj:CD(SD)IGS,1,3.0,1,True,moderate,True,True,False,recorded_finding
30867,/workspace/andre01/honzawa/02-playground/toxpatho-patch-selector/data/TGGATEs/WSI/Liver/29_day/30867.svs,29 day,sulfasalazine,1000,mg/kg,High,211,16,5,Male,Crj:CD(SD)IGS,1,3.0,1,True,moderate,True,True,False,recorded_finding
31380,/workspace/andre01/honzawa/02-playground/toxpatho-patch-selector/data/TGGATEs/WSI/Liver/4_day/31380.svs,4 day,phenytoin,0,mg/kg,Control,176,1,2,Male,Crj:CD(SD)IGS,0,,0,False,,True,True,False,no_finding_recorded
31386,/workspace/andre01/honzawa/02-playground/toxpatho-patch-selector/data/TGGATEs/WSI/Liver/4_day/31386.svs,4 day,phenytoin,0,mg/kg,Control,176,1,3,Male,Crj:CD(SD)IGS,0,,0,False,,True,True,False,no_finding_recorded
31392,/workspace/andre01/honzawa/02-playground/toxpatho-patch-selector/data/TGGATEs/WSI/Liver/4_day/31392.svs,4 day,phenytoin,0,mg/kg,Control,176,1,4,Male,Crj:CD(SD)IGS,0,,0,False,,True,True,False,no_finding_recorded
31398,/workspace/andre01/honzawa/02-playground/toxpatho-patch-selector/data/TGGATEs/WSI/Liver/4_day/31398.svs,4 day,phenytoin,0,mg/kg,Control,176,1,5,Male,Crj:CD(SD)IGS,0,,0,False,,True,True,False,no_finding_recorded
31403,/workspace/andre01/honzawa/02-playground/toxpatho-patch-selector/data/TGGATEs/WSI/Liver/8_day/31403.svs,8 day,phenytoin,0,mg/kg,Control,176,2,1,Male,Crj:CD(SD)IGS,0,,0,False,,True,True,False,no_finding_recorded
31407,/workspace/andre01/honzawa/02-playground/toxpatho-patch-selector/data/TGGATEs/WSI/Liver/8_day/31407.svs,8 day,phenytoin,0,mg/kg,Control,176,2,2,Male,Crj:CD(SD)IGS,0,,0,False,,True,True,False,no_finding_recorded
31413,/workspace/andre01/honzawa/02-playground/toxpatho-patch-selector/data/TGGATEs/WSI/Liver/8_day/31413.svs,8 day,phenytoin,0,mg/kg,Control,176,2,3,Male,Crj:CD(SD)IGS,0,,0,False,,True,True,False,no_finding_recorded
31418,/workspace/andre01/honzawa/02-playground/toxpatho-patch-selector/data/TGGATEs/WSI/Liver/8_day/31418.svs,8 day,phenytoin,0,mg/kg,Control,176,2,4,Male,Crj:CD(SD)IGS,0,,0,False,,True,True,False,no_finding_recorded
31423,/workspace/andre01/honzawa/02-playground/toxpatho-patch-selector/data/TGGATEs/WSI/Liver/8_day/31423.svs,8 day,phenytoin,0,mg/kg,Control,176,2,5,Male,Crj:CD(SD)IGS,0,,0,False,,True,True,False,no_finding_recorded
31428,/workspace/andre01/honzawa/02-playground/toxpatho-patch-selector/data/TGGATEs/WSI/Liver/15_day/31428.svs,15 day,phenytoin,0,mg/kg,Control,176,3,1,Male,Crj:CD(SD)IGS,0,,0,False,,True,True,False,no_finding_recorded
31434,/workspace/andre01/honzawa/02-playground/toxpatho-patch-selector/data/TGGATEs/WSI/Liver/15_day/31434.svs,15 day,phenytoin,0,mg/kg,Control,176,3,2,Male,Crj:CD(SD)IGS,0,,0,False,,True,True,False,no_finding_recorded
31439,/workspace/andre01/honzawa/02-playground/toxpatho-patch-selector/data/TGGATEs/WSI/Liver/15_day/31439.svs,15 day,phenytoin,0,mg/kg,Control,176,3,3,Male,Crj:CD(SD)IGS,0,,0,False,,True,True,False,no_finding_recorded
31445,/workspace/andre01/honzawa/02-playground/toxpatho-patch-selector/data/TGGATEs/WSI/Liver/15_day/31445.svs,15 day,phenytoin,0,mg/kg,Control,176,3,4,Male,Crj:CD(SD)IGS,0,,0,False,,True,True,False,no_finding_recorded
31450,/workspace/andre01/honzawa/02-playground/toxpatho-patch-selector/data/TGGATEs/WSI/Liver/15_day/31450.svs,15 day,phenytoin,0,mg/kg,Control,176,3,5,Male,Crj:CD(SD)IGS,0,,0,False,,True,True,False,no_finding_recorded
31470,/workspace/andre01/honzawa/02-playground/toxpatho-patch-selector/data/TGGATEs/WSI/Liver/29_day/31470.svs,29 day,phenytoin,0,mg/kg,Control,176,4,4,Male,Crj:CD(SD)IGS,0,,0,False,,True,True,False,no_finding_recorded
31479,/workspace/andre01/honzawa/02-playground/toxpatho-patch-selector/data/TGGATEs/WSI/Liver/4_day/31479.svs,4 day,phenytoin,60,mg/kg,Low,176,5,1,Male,Crj:CD(SD)IGS,0,,0,False,,True,True,False,no_finding_recorded
31484,/workspace/andre01/honzawa/02-playground/toxpatho-patch-selector/data/TGGATEs/WSI/Liver/4_day/31484.svs,4 day,phenytoin,60,mg/kg,Low,176,5,2,Male,Crj:CD(SD)IGS,0,,0,False,,True,True,False,no_finding_recorded
31489,/workspace/andre01/honzawa/02-playground/toxpatho-patch-selector/data/TGGATEs/WSI/Liver/4_day/31489.svs,4 day,phenytoin,60,mg/kg,Low,176,5,3,Male,Crj:CD(SD)IGS,0,,0,False,,True,True,False,no_finding_recorded
31494,/workspace/andre01/honzawa/02-playground/toxpatho-patch-selector/data/TGGATEs/WSI/Liver/4_day/31494.svs,4 day,phenytoin,60,mg/kg,Low,176,5,4,Male,Crj:CD(SD)IGS,0,,0,False,,True,True,False,no_finding_recorded
31499,/workspace/andre01/honzawa/02-playground/toxpatho-patch-selector/data/TGGATEs/WSI/Liver/4_day/31499.svs,4 day,phenytoin,60,mg/kg,Low,176,5,5,Male,Crj:CD(SD)IGS,0,,0,False,,True,True,False,no_finding_recorded
31503,/workspace/andre01/honzawa/02-playground/toxpatho-patch-selector/data/TGGATEs/WSI/Liver/8_day/31503.svs,8 day,phenytoin,60,mg/kg,Low,176,6,1,Male,Crj:CD(SD)IGS,0,,0,False,,True,True,False,no_finding_recorded
31508,/workspace/andre01/honzawa/02-playground/toxpatho-patch-selector/data/TGGATEs/WSI/Liver/8_day/31508.svs,8 day,phenytoin,60,mg/kg,Low,176,6,2,Male,Crj:CD(SD)IGS,0,,0,False,,True,True,False,no_finding_recorded
31514,/workspace/andre01/honzawa/02-playground/toxpatho-patch-selector/data/TGGATEs/WSI/Liver/8_day/31514.svs,8 day,phenytoin,60,mg/kg,Low,176,6,3,Male,Crj:CD(SD)IGS,0,,0,False,,True,True,False,no_finding_recorded
31519,/workspace/andre01/honzawa/02-playground/toxpatho-patch-selector/data/TGGATEs/WSI/Liver/8_day/31519.svs,8 day,phenytoin,60,mg/kg,Low,176,6,4,Male,Crj:CD(SD)IGS,0,,0,False,,True,True,False,no_finding_recorded
31524,/workspace/andre01/honzawa/02-playground/toxpatho-patch-selector/data/TGGATEs/WSI/Liver/8_day/31524.svs,8 day,phenytoin,60,mg/kg,Low,176,6,5,Male,Crj:CD(SD)IGS,0,,0,False,,True,True,False,no_finding_recorded
31530,/workspace/andre01/honzawa/02-playground/toxpatho-patch-selector/data/TGGATEs/WSI/Liver/15_day/31530.svs,15 day,phenytoin,60,mg/kg,Low,176,7,1,Male,Crj:CD(SD)IGS,0,,0,False,,True,True,False,no_finding_recorded
31533,/workspace/andre01/honzawa/02-playground/toxpatho-patch-selector/data/TGGATEs/WSI/Liver/15_day/31533.svs,15 day,phenytoin,60,mg/kg,Low,176,7,2,Male,Crj:CD(SD)IGS,0,,0,False,,True,True,False,no_finding_recorded
31539,/workspace/andre01/honzawa/02-playground/toxpatho-patch-selector/data/TGGATEs/WSI/Liver/15_day/31539.svs,15 day,phenytoin,60,mg/kg,Low,176,7,3,Male,Crj:CD(SD)IGS,0,,0,False,,True,True,False,no_finding_recorded
31545,/workspace/andre01/honzawa/02-playground/toxpatho-patch-selector/data/TGGATEs/WSI/Liver/15_day/31545.svs,15 day,phenytoin,60,mg/kg,Low,176,7,4,Male,Crj:CD(SD)IGS,0,,0,False,,True,True,False,no_finding_recorded
31551,/workspace/andre01/honzawa/02-playground/toxpatho-patch-selector/data/TGGATEs/WSI/Liver/15_day/31551.svs,15 day,phenytoin,60,mg/kg,Low,176,7,5,Male,Crj:CD(SD)IGS,0,,0,False,,True,True,False,no_finding_recorded
31557,/workspace/andre01/honzawa/02-playground/toxpatho-patch-selector/data/TGGATEs/WSI/Liver/29_day/31557.svs,29 day,phenytoin,60,mg/kg,Low,176,8,1,Male,Crj:CD(SD)IGS,0,,0,False,,True,True,False,no_finding_recorded
31563,/workspace/andre01/honzawa/02-playground/toxpatho-patch-selector/data/TGGATEs/WSI/Liver/29_day/31563.svs,29 day,phenytoin,60,mg/kg,Low,176,8,2,Male,Crj:CD(SD)IGS,0,,0,False,,True,True,False,no_finding_recorded
31568,/workspace/andre01/honzawa/02-playground/toxpatho-patch-selector/data/TGGATEs/WSI/Liver/29_day/31568.svs,29 day,phenytoin,60,mg/kg,Low,176,8,3,Male,Crj:CD(SD)IGS,0,,0,False,,True,True,False,no_finding_recorded
31572,/workspace/andre01/honzawa/02-playground/toxpatho-patch-selector/data/TGGATEs/WSI/Liver/29_day/31572.svs,29 day,phenytoin,60,mg/kg,Low,176,8,4,Male,Crj:CD(SD)IGS,0,,0,False,,True,True,False,no_finding_recorded
31578,/workspace/andre01/honzawa/02-playground/toxpatho-patch-selector/data/TGGATEs/WSI/Liver/29_day/31578.svs,29 day,phenytoin,60,mg/kg,Low,176,8,5,Male,Crj:CD(SD)IGS,0,,0,False,,True,True,False,no_finding_recorded
31584,/workspace/andre01/honzawa/02-playground/toxpatho-patch-selector/data/TGGATEs/WSI/Liver/4_day/31584.svs,4 day,phenytoin,200,mg/kg,Middle,176,9,1,Male,Crj:CD(SD)IGS,0,,0,False,,True,True,False,no_finding_recorded
31590,/workspace/andre01/honzawa/02-playground/toxpatho-patch-selector/data/TGGATEs/WSI/Liver/4_day/31590.svs,4 day,phenytoin,200,mg/kg,Middle,176,9,2,Male,Crj:CD(SD)IGS,0,,0,False,,True,True,False,no_finding_recorded
31593,/workspace/andre01/honzawa/02-playground/toxpatho-patch-selector/data/TGGATEs/WSI/Liver/4_day/31593.svs,4 day,phenytoin,200,mg/kg,Middle,176,9,3,Male,Crj:CD(SD)IGS,0,,0,False,,True,True,False,no_finding_recorded
31599,/workspace/andre01/honzawa/02-playground/toxpatho-patch-selector/data/TGGATEs/WSI/Liver/4_day/31599.svs,4 day,phenytoin,200,mg/kg,Middle,176,9,4,Male,Crj:CD(SD)IGS,0,,0,False,,True,True,False,no_finding_recorded
31609,/workspace/andre01/honzawa/02-playground/toxpatho-patch-selector/data/TGGATEs/WSI/Liver/8_day/31609.svs,8 day,phenytoin,200,mg/kg,Middle,176,10,1,Male,Crj:CD(SD)IGS,0,,0,False,,True,True,False,no_finding_recorded
31614,/workspace/andre01/honzawa/02-playground/toxpatho-patch-selector/data/TGGATEs/WSI/Liver/8_day/31614.svs,8 day,phenytoin,200,mg/kg,Middle,176,10,2,Male,Crj:CD(SD)IGS,0,,0,False,,True,True,False,no_finding_recorded
31620,/workspace/andre01/honzawa/02-playground/toxpatho-patch-selector/data/TGGATEs/WSI/Liver/8_day/31620.svs,8 day,phenytoin,200,mg/kg,Middle,176,10,3,Male,Crj:CD(SD)IGS,0,,0,False,,True,True,False,no_finding_recorded
31625,/workspace/andre01/honzawa/02-playground/toxpatho-patch-selector/data/TGGATEs/WSI/Liver/8_day/31625.svs,8 day,phenytoin,200,mg/kg,Middle,176,10,4,Male,Crj:CD(SD)IGS,0,,0,False,,True,True,False,no_finding_recorded
31629,/workspace/andre01/honzawa/02-playground/toxpatho-patch-selector/data/TGGATEs/WSI/Liver/8_day/31629.svs,8 day,phenytoin,200,mg/kg,Middle,176,10,5,Male,Crj:CD(SD)IGS,0,,0,False,,True,True,False,no_finding_recorded
31635,/workspace/andre01/honzawa/02-playground/toxpatho-patch-selector/data/TGGATEs/WSI/Liver/15_day/31635.svs,15 day,phenytoin,200,mg/kg,Middle,176,11,1,Male,Crj:CD(SD)IGS,0,,0,False,,True,True,False,no_finding_recorded
31639,/workspace/andre01/honzawa/02-playground/toxpatho-patch-selector/data/TGGATEs/WSI/Liver/15_day/31639.svs,15 day,phenytoin,200,mg/kg,Middle,176,11,2,Male,Crj:CD(SD)IGS,1,2.0,1,True,slight,True,True,False,recorded_finding
31644,/workspace/andre01/honzawa/02-playground/toxpatho-patch-selector/data/TGGATEs/WSI/Liver/15_day/31644.svs,15 day,phenytoin,200,mg/kg,Middle,176,11,3,Male,Crj:CD(SD)IGS,0,,0,False,,True,True,False,no_finding_recorded
31650,/workspace/andre01/honzawa/02-playground/toxpatho-patch-selector/data/TGGATEs/WSI/Liver/15_day/31650.svs,15 day,phenytoin,200,mg/kg,Middle,176,11,4,Male,Crj:CD(SD)IGS,1,2.0,1,True,slight,True,True,False,recorded_finding
31656,/workspace/andre01/honzawa/02-playground/toxpatho-patch-selector/data/TGGATEs/WSI/Liver/15_day/31656.svs,15 day,phenytoin,200,mg/kg,Middle,176,11,5,Male,Crj:CD(SD)IGS,1,2.0,1,True,slight,True,True,False,recorded_finding
31662,/workspace/andre01/honzawa/02-playground/toxpatho-patch-selector/data/TGGATEs/WSI/Liver/29_day/31662.svs,29 day,phenytoin,200,mg/kg,Middle,176,12,1,Male,Crj:CD(SD)IGS,1,2.0,1,True,slight,True,True,False,recorded_finding
31668,/workspace/andre01/honzawa/02-playground/toxpatho-patch-selector/data/TGGATEs/WSI/Liver/29_day/31668.svs,29 day,phenytoin,200,mg/kg,Middle,176,12,2,Male,Crj:CD(SD)IGS,1,2.0,1,True,slight,True,True,False,recorded_finding
31680,/workspace/andre01/honzawa/02-playground/toxpatho-patch-selector/data/TGGATEs/WSI/Liver/29_day/31680.svs,29 day,phenytoin,200,mg/kg,Middle,176,12,4,Male,Crj:CD(SD)IGS,1,2.0,1,True,slight,True,True,False,recorded_finding
31689,/workspace/andre01/honzawa/02-playground/toxpatho-patch-selector/data/TGGATEs/WSI/Liver/4_day/31689.svs,4 day,phenytoin,600,mg/kg,High,176,13,1,Male,Crj:CD(SD)IGS,0,,0,False,,True,True,False,no_finding_recorded
31696,/workspace/andre01/honzawa/02-playground/toxpatho-patch-selector/data/TGGATEs/WSI/Liver/4_day/31696.svs,4 day,phenytoin,600,mg/kg,High,176,13,2,Male,Crj:CD(SD)IGS,0,,0,False,,True,True,False,no_finding_recorded
31705,/workspace/andre01/honzawa/02-playground/toxpatho-patch-selector/data/TGGATEs/WSI/Liver/4_day/31705.svs,4 day,phenytoin,600,mg/kg,High,176,13,4,Male,Crj:CD(SD)IGS,0,,0,False,,True,True,False,no_finding_recorded
31711,/workspace/andre01/honzawa/02-playground/toxpatho-patch-selector/data/TGGATEs/WSI/Liver/4_day/31711.svs,4 day,phenytoin,600,mg/kg,High,176,13,5,Male,Crj:CD(SD)IGS,0,,0,False,,True,True,False,no_finding_recorded
31717,/workspace/andre01/honzawa/02-playground/toxpatho-patch-selector/data/TGGATEs/WSI/Liver/8_day/31717.svs,8 day,phenytoin,600,mg/kg,High,176,14,1,Male,Crj:CD(SD)IGS,1,2.0,1,True,slight,True,True,False,recorded_finding
31724,/workspace/andre01/honzawa/02-playground/toxpatho-patch-selector/data/TGGATEs/WSI/Liver/8_day/31724.svs,8 day,phenytoin,600,mg/kg,High,176,14,2,Male,Crj:CD(SD)IGS,1,2.0,1,True,slight,True,True,False,recorded_finding
31730,/workspace/andre01/honzawa/02-playground/toxpatho-patch-selector/data/TGGATEs/WSI/Liver/8_day/31730.svs,8 day,phenytoin,600,mg/kg,High,176,14,3,Male,Crj:CD(SD)IGS,1,2.0,1,True,slight,True,True,False,recorded_finding
31736,/workspace/andre01/honzawa/02-playground/toxpatho-patch-selector/data/TGGATEs/WSI/Liver/8_day/31736.svs,8 day,phenytoin,600,mg/kg,High,176,14,4,Male,Crj:CD(SD)IGS,1,2.0,1,True,slight,True,True,False,recorded_finding
31739,/workspace/andre01/honzawa/02-playground/toxpatho-patch-selector/data/TGGATEs/WSI/Liver/8_day/31739.svs,8 day,phenytoin,600,mg/kg,High,176,14,5,Male,Crj:CD(SD)IGS,1,2.0,1,True,slight,True,True,False,recorded_finding
31744,/workspace/andre01/honzawa/02-playground/toxpatho-patch-selector/data/TGGATEs/WSI/Liver/15_day/31744.svs,15 day,phenytoin,600,mg/kg,High,176,15,1,Male,Crj:CD(SD)IGS,1,2.0,1,True,slight,True,True,False,recorded_finding
31749,/workspace/andre01/honzawa/02-playground/toxpatho-patch-selector/data/TGGATEs/WSI/Liver/15_day/31749.svs,15 day,phenytoin,600,mg/kg,High,176,15,2,Male,Crj:CD(SD)IGS,1,2.0,1,True,slight,True,True,False,recorded_finding
31754,/workspace/andre01/honzawa/02-playground/toxpatho-patch-selector/data/TGGATEs/WSI/Liver/15_day/31754.svs,15 day,phenytoin,600,mg/kg,High,176,15,3,Male,Crj:CD(SD)IGS,1,3.0,1,True,moderate,True,True,False,recorded_finding
31758,/workspace/andre01/honzawa/02-playground/toxpatho-patch-selector/data/TGGATEs/WSI/Liver/15_day/31758.svs,15 day,phenytoin,600,mg/kg,High,176,15,4,Male,Crj:CD(SD)IGS,1,3.0,1,True,moderate,True,True,False,recorded_finding
31764,/workspace/andre01/honzawa/02-playground/toxpatho-patch-selector/data/TGGATEs/WSI/Liver/15_day/31764.svs,15 day,phenytoin,600,mg/kg,High,176,15,5,Male,Crj:CD(SD)IGS,1,3.0,1,True,moderate,True,True,False,recorded_finding
31769,/workspace/andre01/honzawa/02-playground/toxpatho-patch-selector/data/TGGATEs/WSI/Liver/29_day/31769.svs,29 day,phenytoin,600,mg/kg,High,176,16,1,Male,Crj:CD(SD)IGS,1,2.0,1,True,slight,True,True,False,recorded_finding
31784,/workspace/andre01/honzawa/02-playground/toxpatho-patch-selector/data/TGGATEs/WSI/Liver/29_day/31784.svs,29 day,phenytoin,600,mg/kg,High,176,16,4,Male,Crj:CD(SD)IGS,1,2.0,1,True,slight,True,True,False,recorded_finding
32200,/workspace/andre01/honzawa/02-playground/toxpatho-patch-selector/data/TGGATEs/WSI/Liver/4_day/32200.svs,4 day,lomustine,0,mg/kg,Control,311,1,1,Male,Crj:CD(SD)IGS,1,1.0,0,True,minimal,True,True,False,recorded_finding
32202,/workspace/andre01/honzawa/02-playground/toxpatho-patch-selector/data/TGGATEs/WSI/Liver/4_day/32202.svs,4 day,lomustine,0,mg/kg,Control,311,1,2,Male,Crj:CD(SD)IGS,0,,0,False,,True,True,False,no_finding_recorded
32205,/workspace/andre01/honzawa/02-playground/toxpatho-patch-selector/data/TGGATEs/WSI/Liver/4_day/32205.svs,4 day,lomustine,0,mg/kg,Control,311,1,3,Male,Crj:CD(SD)IGS,0,,0,False,,True,True,False,no_finding_recorded
32209,/workspace/andre01/honzawa/02-playground/toxpatho-patch-selector/data/TGGATEs/WSI/Liver/4_day/32209.svs,4 day,lomustine,0,mg/kg,Control,311,1,4,Male,Crj:CD(SD)IGS,0,,0,False,,True,True,False,no_finding_recorded
32211,/workspace/andre01/honzawa/02-playground/toxpatho-patch-selector/data/TGGATEs/WSI/Liver/4_day/32211.svs,4 day,lomustine,0,mg/kg,Control,311,1,5,Male,Crj:CD(SD)IGS,0,,0,False,,True,True,False,no_finding_recorded
32214,/workspace/andre01/honzawa/02-playground/toxpatho-patch-selector/data/TGGATEs/WSI/Liver/8_day/32214.svs,8 day,lomustine,0,mg/kg,Control,311,2,1,Male,Crj:CD(SD)IGS,0,,0,False,,True,True,False,no_finding_recorded
32217,/workspace/andre01/honzawa/02-playground/toxpatho-patch-selector/data/TGGATEs/WSI/Liver/8_day/32217.svs,8 day,lomustine,0,mg/kg,Control,311,2,2,Male,Crj:CD(SD)IGS,0,,0,False,,True,True,False,no_finding_recorded
32219,/workspace/andre01/honzawa/02-playground/toxpatho-patch-selector/data/TGGATEs/WSI/Liver/8_day/32219.svs,8 day,lomustine,0,mg/kg,Control,311,2,3,Male,Crj:CD(SD)IGS,0,,0,False,,True,True,False,no_finding_recorded
32221,/workspace/andre01/honzawa/02-playground/toxpatho-patch-selector/data/TGGATEs/WSI/Liver/8_day/32221.svs,8 day,lomustine,0,mg/kg,Control,311,2,4,Male,Crj:CD(SD)IGS,0,,0,False,,True,True,False,no_finding_recorded
32224,/workspace/andre01/honzawa/02-playground/toxpatho-patch-selector/data/TGGATEs/WSI/Liver/8_day/32224.svs,8 day,lomustine,0,mg/kg,Control,311,2,5,Male,Crj:CD(SD)IGS,0,,0,False,,True,True,False,no_finding_recorded
32228,/workspace/andre01/honzawa/02-playground/toxpatho-patch-selector/data/TGGATEs/WSI/Liver/15_day/32228.svs,15 day,lomustine,0,mg/kg,Control,311,3,1,Male,Crj:CD(SD)IGS,0,,0,False,,True,True,False,no_finding_recorded
32231,/workspace/andre01/honzawa/02-playground/toxpatho-patch-selector/data/TGGATEs/WSI/Liver/15_day/32231.svs,15 day,lomustine,0,mg/kg,Control,311,3,2,Male,Crj:CD(SD)IGS,0,,0,False,,True,True,False,no_finding_recorded
32233,/workspace/andre01/honzawa/02-playground/toxpatho-patch-selector/data/TGGATEs/WSI/Liver/15_day/32233.svs,15 day,lomustine,0,mg/kg,Control,311,3,3,Male,Crj:CD(SD)IGS,0,,0,False,,True,True,False,no_finding_recorded
32237,/workspace/andre01/honzawa/02-playground/toxpatho-patch-selector/data/TGGATEs/WSI/Liver/15_day/32237.svs,15 day,lomustine,0,mg/kg,Control,311,3,4,Male,Crj:CD(SD)IGS,0,,0,False,,True,True,False,no_finding_recorded
32240,/workspace/andre01/honzawa/02-playground/toxpatho-patch-selector/data/TGGATEs/WSI/Liver/15_day/32240.svs,15 day,lomustine,0,mg/kg,Control,311,3,5,Male,Crj:CD(SD)IGS,0,,0,False,,True,True,False,no_finding_recorded
32244,/workspace/andre01/honzawa/02-playground/toxpatho-patch-selector/data/TGGATEs/WSI/Liver/29_day/32244.svs,29 day,lomustine,0,mg/kg,Control,311,4,1,Male,Crj:CD(SD)IGS,0,,0,False,,True,True,False,no_finding_recorded
32247,/workspace/andre01/honzawa/02-playground/toxpatho-patch-selector/data/TGGATEs/WSI/Liver/29_day/32247.svs,29 day,lomustine,0,mg/kg,Control,311,4,2,Male,Crj:CD(SD)IGS,0,,0,False,,True,True,False,no_finding_recorded
32250,/workspace/andre01/honzawa/02-playground/toxpatho-patch-selector/data/TGGATEs/WSI/Liver/29_day/32250.svs,29 day,lomustine,0,mg/kg,Control,311,4,3,Male,Crj:CD(SD)IGS,0,,0,False,,True,True,False,no_finding_recorded
32252,/workspace/andre01/honzawa/02-playground/toxpatho-patch-selector/data/TGGATEs/WSI/Liver/29_day/32252.svs,29 day,lomustine,0,mg/kg,Control,311,4,4,Male,Crj:CD(SD)IGS,0,,0,False,,True,True,False,no_finding_recorded
32255,/workspace/andre01/honzawa/02-playground/toxpatho-patch-selector/data/TGGATEs/WSI/Liver/29_day/32255.svs,29 day,lomustine,0,mg/kg,Control,311,4,5,Male,Crj:CD(SD)IGS,0,,0,False,,True,True,False,no_finding_recorded
32258,/workspace/andre01/honzawa/02-playground/toxpatho-patch-selector/data/TGGATEs/WSI/Liver/4_day/32258.svs,4 day,lomustine,1,mg/kg,Low,311,5,1,Male,Crj:CD(SD)IGS,0,,0,False,,True,True,False,no_finding_recorded
32260,/workspace/andre01/honzawa/02-playground/toxpatho-patch-selector/data/TGGATEs/WSI/Liver/4_day/32260.svs,4 day,lomustine,1,mg/kg,Low,311,5,2,Male,Crj:CD(SD)IGS,0,,0,False,,True,True,False,no_finding_recorded
32261,/workspace/andre01/honzawa/02-playground/toxpatho-patch-selector/data/TGGATEs/WSI/Liver/4_day/32261.svs,4 day,lomustine,1,mg/kg,Low,311,5,3,Male,Crj:CD(SD)IGS,0,,0,False,,True,True,False,no_finding_recorded
32262,/workspace/andre01/honzawa/02-playground/toxpatho-patch-selector/data/TGGATEs/WSI/Liver/4_day/32262.svs,4 day,lomustine,1,mg/kg,Low,311,5,4,Male,Crj:CD(SD)IGS,0,,0,False,,True,True,False,no_finding_recorded
32263,/workspace/andre01/honzawa/02-playground/toxpatho-patch-selector/data/TGGATEs/WSI/Liver/4_day/32263.svs,4 day,lomustine,1,mg/kg,Low,311,5,5,Male,Crj:CD(SD)IGS,0,,0,False,,True,True,False,no_finding_recorded
32265,/workspace/andre01/honzawa/02-playground/toxpatho-patch-selector/data/TGGATEs/WSI/Liver/8_day/32265.svs,8 day,lomustine,1,mg/kg,Low,311,6,1,Male,Crj:CD(SD)IGS,1,1.0,1,True,minimal,True,True,False,recorded_finding
32268,/workspace/andre01/honzawa/02-playground/toxpatho-patch-selector/data/TGGATEs/WSI/Liver/8_day/32268.svs,8 day,lomustine,1,mg/kg,Low,311,6,2,Male,Crj:CD(SD)IGS,0,,0,False,,True,True,False,no_finding_recorded
32271,/workspace/andre01/honzawa/02-playground/toxpatho-patch-selector/data/TGGATEs/WSI/Liver/8_day/32271.svs,8 day,lomustine,1,mg/kg,Low,311,6,3,Male,Crj:CD(SD)IGS,0,,0,False,,True,True,False,no_finding_recorded
32272,/workspace/andre01/honzawa/02-playground/toxpatho-patch-selector/data/TGGATEs/WSI/Liver/8_day/32272.svs,8 day,lomustine,1,mg/kg,Low,311,6,4,Male,Crj:CD(SD)IGS,0,,0,False,,True,True,False,no_finding_recorded
32275,/workspace/andre01/honzawa/02-playground/toxpatho-patch-selector/data/TGGATEs/WSI/Liver/8_day/32275.svs,8 day,lomustine,1,mg/kg,Low,311,6,5,Male,Crj:CD(SD)IGS,0,,0,False,,True,True,False,no_finding_recorded
32278,/workspace/andre01/honzawa/02-playground/toxpatho-patch-selector/data/TGGATEs/WSI/Liver/15_day/32278.svs,15 day,lomustine,1,mg/kg,Low,311,7,1,Male,Crj:CD(SD)IGS,0,,0,False,,True,True,False,no_finding_recorded
32282,/workspace/andre01/honzawa/02-playground/toxpatho-patch-selector/data/TGGATEs/WSI/Liver/15_day/32282.svs,15 day,lomustine,1,mg/kg,Low,311,7,3,Male,Crj:CD(SD)IGS,0,,0,False,,True,True,False,no_finding_recorded
32284,/workspace/andre01/honzawa/02-playground/toxpatho-patch-selector/data/TGGATEs/WSI/Liver/15_day/32284.svs,15 day,lomustine,1,mg/kg,Low,311,7,4,Male,Crj:CD(SD)IGS,0,,0,False,,True,True,False,no_finding_recorded
32285,/workspace/andre01/honzawa/02-playground/toxpatho-patch-selector/data/TGGATEs/WSI/Liver/15_day/32285.svs,15 day,lomustine,1,mg/kg,Low,311,7,5,Male,Crj:CD(SD)IGS,0,,0,False,,True,True,False,no_finding_recorded
32289,/workspace/andre01/honzawa/02-playground/toxpatho-patch-selector/data/TGGATEs/WSI/Liver/29_day/32289.svs,29 day,lomustine,1,mg/kg,Low,311,8,1,Male,Crj:CD(SD)IGS,0,,0,False,,True,True,False,no_finding_recorded
32292,/workspace/andre01/honzawa/02-playground/toxpatho-patch-selector/data/TGGATEs/WSI/Liver/29_day/32292.svs,29 day,lomustine,1,mg/kg,Low,311,8,2,Male,Crj:CD(SD)IGS,0,,0,False,,True,True,False,no_finding_recorded
32294,/workspace/andre01/honzawa/02-playground/toxpatho-patch-selector/data/TGGATEs/WSI/Liver/29_day/32294.svs,29 day,lomustine,1,mg/kg,Low,311,8,3,Male,Crj:CD(SD)IGS,0,,0,False,,True,True,False,no_finding_recorded
32296,/workspace/andre01/honzawa/02-playground/toxpatho-patch-selector/data/TGGATEs/WSI/Liver/29_day/32296.svs,29 day,lomustine,1,mg/kg,Low,311,8,4,Male,Crj:CD(SD)IGS,0,,0,False,,True,True,False,no_finding_recorded
32299,/workspace/andre01/honzawa/02-playground/toxpatho-patch-selector/data/TGGATEs/WSI/Liver/29_day/32299.svs,29 day,lomustine,1,mg/kg,Low,311,8,5,Male,Crj:CD(SD)IGS,0,,0,False,,True,True,False,no_finding_recorded
32302,/workspace/andre01/honzawa/02-playground/toxpatho-patch-selector/data/TGGATEs/WSI/Liver/4_day/32302.svs,4 day,lomustine,2,mg/kg,Middle,311,9,1,Male,Crj:CD(SD)IGS,0,,0,False,,True,True,False,no_finding_recorded
32303,/workspace/andre01/honzawa/02-playground/toxpatho-patch-selector/data/TGGATEs/WSI/Liver/4_day/32303.svs,4 day,lomustine,2,mg/kg,Middle,311,9,2,Male,Crj:CD(SD)IGS,0,,0,False,,True,True,False,no_finding_recorded
32305,/workspace/andre01/honzawa/02-playground/toxpatho-patch-selector/data/TGGATEs/WSI/Liver/4_day/32305.svs,4 day,lomustine,2,mg/kg,Middle,311,9,3,Male,Crj:CD(SD)IGS,0,,0,False,,True,True,False,no_finding_recorded
32308,/workspace/andre01/honzawa/02-playground/toxpatho-patch-selector/data/TGGATEs/WSI/Liver/4_day/32308.svs,4 day,lomustine,2,mg/kg,Middle,311,9,4,Male,Crj:CD(SD)IGS,0,,0,False,,True,True,False,no_finding_recorded
32310,/workspace/andre01/honzawa/02-playground/toxpatho-patch-selector/data/TGGATEs/WSI/Liver/4_day/32310.svs,4 day,lomustine,2,mg/kg,Middle,311,9,5,Male,Crj:CD(SD)IGS,0,,0,False,,True,True,False,no_finding_recorded
32311,/workspace/andre01/honzawa/02-playground/toxpatho-patch-selector/data/TGGATEs/WSI/Liver/8_day/32311.svs,8 day,lomustine,2,mg/kg,Middle,311,10,1,Male,Crj:CD(SD)IGS,2,1.0,2,True,minimal,True,True,False,recorded_finding
32314,/workspace/andre01/honzawa/02-playground/toxpatho-patch-selector/data/TGGATEs/WSI/Liver/8_day/32314.svs,8 day,lomustine,2,mg/kg,Middle,311,10,2,Male,Crj:CD(SD)IGS,2,1.0,2,True,minimal,True,True,False,recorded_finding
32316,/workspace/andre01/honzawa/02-playground/toxpatho-patch-selector/data/TGGATEs/WSI/Liver/8_day/32316.svs,8 day,lomustine,2,mg/kg,Middle,311,10,3,Male,Crj:CD(SD)IGS,1,1.0,1,True,minimal,True,True,False,recorded_finding
32319,/workspace/andre01/honzawa/02-playground/toxpatho-patch-selector/data/TGGATEs/WSI/Liver/8_day/32319.svs,8 day,lomustine,2,mg/kg,Middle,311,10,4,Male,Crj:CD(SD)IGS,2,1.0,2,True,minimal,True,True,False,recorded_finding
32321,/workspace/andre01/honzawa/02-playground/toxpatho-patch-selector/data/TGGATEs/WSI/Liver/8_day/32321.svs,8 day,lomustine,2,mg/kg,Middle,311,10,5,Male,Crj:CD(SD)IGS,2,1.0,2,True,minimal,True,True,False,recorded_finding
32324,/workspace/andre01/honzawa/02-playground/toxpatho-patch-selector/data/TGGATEs/WSI/Liver/15_day/32324.svs,15 day,lomustine,2,mg/kg,Middle,311,11,1,Male,Crj:CD(SD)IGS,0,,0,False,,True,True,False,no_finding_recorded
32325,/workspace/andre01/honzawa/02-playground/toxpatho-patch-selector/data/TGGATEs/WSI/Liver/15_day/32325.svs,15 day,lomustine,2,mg/kg,Middle,311,11,2,Male,Crj:CD(SD)IGS,0,,0,False,,True,True,False,no_finding_recorded
32327,/workspace/andre01/honzawa/02-playground/toxpatho-patch-selector/data/TGGATEs/WSI/Liver/15_day/32327.svs,15 day,lomustine,2,mg/kg,Middle,311,11,3,Male,Crj:CD(SD)IGS,1,1.0,1,True,minimal,True,True,False,recorded_finding
32330,/workspace/andre01/honzawa/02-playground/toxpatho-patch-selector/data/TGGATEs/WSI/Liver/15_day/32330.svs,15 day,lomustine,2,mg/kg,Middle,311,11,4,Male,Crj:CD(SD)IGS,0,,0,False,,True,True,False,no_finding_recorded
32332,/workspace/andre01/honzawa/02-playground/toxpatho-patch-selector/data/TGGATEs/WSI/Liver/15_day/32332.svs,15 day,lomustine,2,mg/kg,Middle,311,11,5,Male,Crj:CD(SD)IGS,1,1.0,1,True,minimal,True,True,False,recorded_finding
32336,/workspace/andre01/honzawa/02-playground/toxpatho-patch-selector/data/TGGATEs/WSI/Liver/29_day/32336.svs,29 day,lomustine,2,mg/kg,Middle,311,12,1,Male,Crj:CD(SD)IGS,0,,0,False,,True,True,False,no_finding_recorded
32339,/workspace/andre01/honzawa/02-playground/toxpatho-patch-selector/data/TGGATEs/WSI/Liver/29_day/32339.svs,29 day,lomustine,2,mg/kg,Middle,311,12,2,Male,Crj:CD(SD)IGS,0,,0,False,,True,True,False,no_finding_recorded
32341,/workspace/andre01/honzawa/02-playground/toxpatho-patch-selector/data/TGGATEs/WSI/Liver/29_day/32341.svs,29 day,lomustine,2,mg/kg,Middle,311,12,3,Male,Crj:CD(SD)IGS,0,,0,False,,True,True,False,no_finding_recorded
32343,/workspace/andre01/honzawa/02-playground/toxpatho-patch-selector/data/TGGATEs/WSI/Liver/29_day/32343.svs,29 day,lomustine,2,mg/kg,Middle,311,12,4,Male,Crj:CD(SD)IGS,0,,0,False,,True,True,False,no_finding_recorded
32346,/workspace/andre01/honzawa/02-playground/toxpatho-patch-selector/data/TGGATEs/WSI/Liver/29_day/32346.svs,29 day,lomustine,2,mg/kg,Middle,311,12,5,Male,Crj:CD(SD)IGS,0,,0,False,,True,True,False,no_finding_recorded
32347,/workspace/andre01/honzawa/02-playground/toxpatho-patch-selector/data/TGGATEs/WSI/Liver/4_day/32347.svs,4 day,lomustine,6,mg/kg,High,311,13,1,Male,Crj:CD(SD)IGS,0,,0,False,,True,True,False,no_finding_recorded
32351,/workspace/andre01/honzawa/02-playground/toxpatho-patch-selector/data/TGGATEs/WSI/Liver/4_day/32351.svs,4 day,lomustine,6,mg/kg,High,311,13,2,Male,Crj:CD(SD)IGS,0,,0,False,,True,True,False,no_finding_recorded
32354,/workspace/andre01/honzawa/02-playground/toxpatho-patch-selector/data/TGGATEs/WSI/Liver/4_day/32354.svs,4 day,lomustine,6,mg/kg,High,311,13,3,Male,Crj:CD(SD)IGS,0,,0,False,,True,True,False,no_finding_recorded
32356,/workspace/andre01/honzawa/02-playground/toxpatho-patch-selector/data/TGGATEs/WSI/Liver/4_day/32356.svs,4 day,lomustine,6,mg/kg,High,311,13,4,Male,Crj:CD(SD)IGS,0,,0,False,,True,True,False,no_finding_recorded
32357,/workspace/andre01/honzawa/02-playground/toxpatho-patch-selector/data/TGGATEs/WSI/Liver/4_day/32357.svs,4 day,lomustine,6,mg/kg,High,311,13,5,Male,Crj:CD(SD)IGS,0,,0,False,,True,True,False,no_finding_recorded
32362,/workspace/andre01/honzawa/02-playground/toxpatho-patch-selector/data/TGGATEs/WSI/Liver/8_day/32362.svs,8 day,lomustine,6,mg/kg,High,311,14,2,Male,Crj:CD(SD)IGS,2,1.0,2,True,minimal,True,True,False,recorded_finding
32363,/workspace/andre01/honzawa/02-playground/toxpatho-patch-selector/data/TGGATEs/WSI/Liver/8_day/32363.svs,8 day,lomustine,6,mg/kg,High,311,14,3,Male,Crj:CD(SD)IGS,2,2.0,2,True,slight,True,True,False,recorded_finding
32366,/workspace/andre01/honzawa/02-playground/toxpatho-patch-selector/data/TGGATEs/WSI/Liver/8_day/32366.svs,8 day,lomustine,6,mg/kg,High,311,14,4,Male,Crj:CD(SD)IGS,2,1.0,2,True,minimal,True,True,False,recorded_finding
32368,/workspace/andre01/honzawa/02-playground/toxpatho-patch-selector/data/TGGATEs/WSI/Liver/8_day/32368.svs,8 day,lomustine,6,mg/kg,High,311,14,5,Male,Crj:CD(SD)IGS,1,1.0,1,True,minimal,True,True,False,recorded_finding
32369,/workspace/andre01/honzawa/02-playground/toxpatho-patch-selector/data/TGGATEs/WSI/Liver/15_day/32369.svs,15 day,lomustine,6,mg/kg,High,311,15,1,Male,Crj:CD(SD)IGS,4,3.0,4,True,moderate,True,True,False,recorded_finding
32372,/workspace/andre01/honzawa/02-playground/toxpatho-patch-selector/data/TGGATEs/WSI/Liver/15_day/32372.svs,15 day,lomustine,6,mg/kg,High,311,15,2,Male,Crj:CD(SD)IGS,3,3.0,3,True,moderate,True,True,False,recorded_finding
32374,/workspace/andre01/honzawa/02-playground/toxpatho-patch-selector/data/TGGATEs/WSI/Liver/15_day/32374.svs,15 day,lomustine,6,mg/kg,High,311,15,3,Male,Crj:CD(SD)IGS,4,3.0,4,True,moderate,True,True,False,recorded_finding
32375,/workspace/andre01/honzawa/02-playground/toxpatho-patch-selector/data/TGGATEs/WSI/Liver/15_day/32375.svs,15 day,lomustine,6,mg/kg,High,311,15,4,Male,Crj:CD(SD)IGS,3,2.0,3,True,slight,True,True,False,recorded_finding
32378,/workspace/andre01/honzawa/02-playground/toxpatho-patch-selector/data/TGGATEs/WSI/Liver/15_day/32378.svs,15 day,lomustine,6,mg/kg,High,311,15,5,Male,Crj:CD(SD)IGS,5,2.0,4,True,slight,True,True,False,recorded_finding
32381,/workspace/andre01/honzawa/02-playground/toxpatho-patch-selector/data/TGGATEs/WSI/Liver/29_day/32381.svs,29 day,lomustine,6,mg/kg,High,311,16,1,Male,Crj:CD(SD)IGS,7,3.0,7,True,moderate,True,True,False,recorded_finding
32384,/workspace/andre01/honzawa/02-playground/toxpatho-patch-selector/data/TGGATEs/WSI/Liver/29_day/32384.svs,29 day,lomustine,6,mg/kg,High,311,16,2,Male,Crj:CD(SD)IGS,9,3.0,9,True,moderate,True,True,False,recorded_finding
32387,/workspace/andre01/honzawa/02-playground/toxpatho-patch-selector/data/TGGATEs/WSI/Liver/29_day/32387.svs,29 day,lomustine,6,mg/kg,High,311,16,3,Male,Crj:CD(SD)IGS,3,3.0,3,True,moderate,True,True,False,recorded_finding
32389,/workspace/andre01/honzawa/02-playground/toxpatho-patch-selector/data/TGGATEs/WSI/Liver/29_day/32389.svs,29 day,lomustine,6,mg/kg,High,311,16,4,Male,Crj:CD(SD)IGS,9,3.0,9,True,moderate,True,True,False,recorded_finding
32392,/workspace/andre01/honzawa/02-playground/toxpatho-patch-selector/data/TGGATEs/WSI/Liver/29_day/32392.svs,29 day,lomustine,6,mg/kg,High,311,16,5,Male,Crj:CD(SD)IGS,7,3.0,7,True,moderate,True,True,False,recorded_finding
33556,/workspace/andre01/honzawa/02-playground/toxpatho-patch-selector/data/TGGATEs/WSI/Liver/4_day/33556.svs,4 day,monocrotaline,0,mg/kg,Control,280,1,1,Male,Crj:CD(SD)IGS,0,,0,False,,True,True,False,no_finding_recorded
33561,/workspace/andre01/honzawa/02-playground/toxpatho-patch-selector/data/TGGATEs/WSI/Liver/4_day/33561.svs,4 day,ethinylestradiol,0,mg/kg,Control,305,1,1,Male,Crj:CD(SD)IGS,0,,0,False,,True,True,False,no_finding_recorded
33562,/workspace/andre01/honzawa/02-playground/toxpatho-patch-selector/data/TGGATEs/WSI/Liver/4_day/33562.svs,4 day,monocrotaline,0,mg/kg,Control,280,1,2,Male,Crj:CD(SD)IGS,0,,0,False,,True,True,False,no_finding_recorded
33563,/workspace/andre01/honzawa/02-playground/toxpatho-patch-selector/data/TGGATEs/WSI/Liver/4_day/33563.svs,4 day,ethinylestradiol,0,mg/kg,Control,305,1,2,Male,Crj:CD(SD)IGS,0,,0,False,,True,True,False,no_finding_recorded
33566,/workspace/andre01/honzawa/02-playground/toxpatho-patch-selector/data/TGGATEs/WSI/Liver/4_day/33566.svs,4 day,ethinylestradiol,0,mg/kg,Control,305,1,3,Male,Crj:CD(SD)IGS,0,,0,False,,True,True,False,no_finding_recorded
33567,/workspace/andre01/honzawa/02-playground/toxpatho-patch-selector/data/TGGATEs/WSI/Liver/4_day/33567.svs,4 day,monocrotaline,0,mg/kg,Control,280,1,3,Male,Crj:CD(SD)IGS,0,,0,False,,True,True,False,no_finding_recorded
33568,/workspace/andre01/honzawa/02-playground/toxpatho-patch-selector/data/TGGATEs/WSI/Liver/4_day/33568.svs,4 day,ethinylestradiol,0,mg/kg,Control,305,1,4,Male,Crj:CD(SD)IGS,0,,0,False,,True,True,False,no_finding_recorded
33571,/workspace/andre01/honzawa/02-playground/toxpatho-patch-selector/data/TGGATEs/WSI/Liver/4_day/33571.svs,4 day,ethinylestradiol,0,mg/kg,Control,305,1,5,Male,Crj:CD(SD)IGS,0,,0,False,,True,True,False,no_finding_recorded
33572,/workspace/andre01/honzawa/02-playground/toxpatho-patch-selector/data/TGGATEs/WSI/Liver/4_day/33572.svs,4 day,monocrotaline,0,mg/kg,Control,280,1,4,Male,Crj:CD(SD)IGS,0,,0,False,,True,True,False,no_finding_recorded
33573,/workspace/andre01/honzawa/02-playground/toxpatho-patch-selector/data/TGGATEs/WSI/Liver/8_day/33573.svs,8 day,ethinylestradiol,0,mg/kg,Control,305,2,1,Male,Crj:CD(SD)IGS,0,,0,False,,True,True,False,no_finding_recorded
33575,/workspace/andre01/honzawa/02-playground/toxpatho-patch-selector/data/TGGATEs/WSI/Liver/8_day/33575.svs,8 day,ethinylestradiol,0,mg/kg,Control,305,2,2,Male,Crj:CD(SD)IGS,0,,0,False,,True,True,False,no_finding_recorded
33576,/workspace/andre01/honzawa/02-playground/toxpatho-patch-selector/data/TGGATEs/WSI/Liver/8_day/33576.svs,8 day,ethinylestradiol,0,mg/kg,Control,305,2,3,Male,Crj:CD(SD)IGS,0,,0,False,,True,True,False,no_finding_recorded
33578,/workspace/andre01/honzawa/02-playground/toxpatho-patch-selector/data/TGGATEs/WSI/Liver/8_day/33578.svs,8 day,ethinylestradiol,0,mg/kg,Control,305,2,4,Male,Crj:CD(SD)IGS,0,,0,False,,True,True,False,no_finding_recorded
33579,/workspace/andre01/honzawa/02-playground/toxpatho-patch-selector/data/TGGATEs/WSI/Liver/4_day/33579.svs,4 day,monocrotaline,0,mg/kg,Control,280,1,5,Male,Crj:CD(SD)IGS,0,,0,False,,True,True,False,no_finding_recorded
33580,/workspace/andre01/honzawa/02-playground/toxpatho-patch-selector/data/TGGATEs/WSI/Liver/8_day/33580.svs,8 day,ethinylestradiol,0,mg/kg,Control,305,2,5,Male,Crj:CD(SD)IGS,1,1.0,0,True,minimal,True,True,False,recorded_finding
33583,/workspace/andre01/honzawa/02-playground/toxpatho-patch-selector/data/TGGATEs/WSI/Liver/15_day/33583.svs,15 day,ethinylestradiol,0,mg/kg,Control,305,3,1,Male,Crj:CD(SD)IGS,0,,0,False,,True,True,False,no_finding_recorded
33584,/workspace/andre01/honzawa/02-playground/toxpatho-patch-selector/data/TGGATEs/WSI/Liver/8_day/33584.svs,8 day,monocrotaline,0,mg/kg,Control,280,2,1,Male,Crj:CD(SD)IGS,0,,0,False,,True,True,False,no_finding_recorded
33585,/workspace/andre01/honzawa/02-playground/toxpatho-patch-selector/data/TGGATEs/WSI/Liver/15_day/33585.svs,15 day,ethinylestradiol,0,mg/kg,Control,305,3,2,Male,Crj:CD(SD)IGS,0,,0,False,,True,True,False,no_finding_recorded
33586,/workspace/andre01/honzawa/02-playground/toxpatho-patch-selector/data/TGGATEs/WSI/Liver/15_day/33586.svs,15 day,ethinylestradiol,0,mg/kg,Control,305,3,3,Male,Crj:CD(SD)IGS,1,2.0,0,True,slight,True,True,False,recorded_finding
33589,/workspace/andre01/honzawa/02-playground/toxpatho-patch-selector/data/TGGATEs/WSI/Liver/15_day/33589.svs,15 day,ethinylestradiol,0,mg/kg,Control,305,3,4,Male,Crj:CD(SD)IGS,0,,0,False,,True,True,False,no_finding_recorded
33590,/workspace/andre01/honzawa/02-playground/toxpatho-patch-selector/data/TGGATEs/WSI/Liver/8_day/33590.svs,8 day,monocrotaline,0,mg/kg,Control,280,2,2,Male,Crj:CD(SD)IGS,0,,0,False,,True,True,False,no_finding_recorded
33592,/workspace/andre01/honzawa/02-playground/toxpatho-patch-selector/data/TGGATEs/WSI/Liver/15_day/33592.svs,15 day,ethinylestradiol,0,mg/kg,Control,305,3,5,Male,Crj:CD(SD)IGS,0,,0,False,,True,True,False,no_finding_recorded
33593,/workspace/andre01/honzawa/02-playground/toxpatho-patch-selector/data/TGGATEs/WSI/Liver/29_day/33593.svs,29 day,ethinylestradiol,0,mg/kg,Control,305,4,1,Male,Crj:CD(SD)IGS,0,,0,False,,True,True,False,no_finding_recorded
33595,/workspace/andre01/honzawa/02-playground/toxpatho-patch-selector/data/TGGATEs/WSI/Liver/8_day/33595.svs,8 day,monocrotaline,0,mg/kg,Control,280,2,3,Male,Crj:CD(SD)IGS,0,,0,False,,True,True,False,no_finding_recorded
33596,/workspace/andre01/honzawa/02-playground/toxpatho-patch-selector/data/TGGATEs/WSI/Liver/29_day/33596.svs,29 day,ethinylestradiol,0,mg/kg,Control,305,4,2,Male,Crj:CD(SD)IGS,0,,0,False,,True,True,False,no_finding_recorded
33598,/workspace/andre01/honzawa/02-playground/toxpatho-patch-selector/data/TGGATEs/WSI/Liver/29_day/33598.svs,29 day,ethinylestradiol,0,mg/kg,Control,305,4,3,Male,Crj:CD(SD)IGS,0,,0,False,,True,True,False,no_finding_recorded
33599,/workspace/andre01/honzawa/02-playground/toxpatho-patch-selector/data/TGGATEs/WSI/Liver/29_day/33599.svs,29 day,ethinylestradiol,0,mg/kg,Control,305,4,4,Male,Crj:CD(SD)IGS,0,,0,False,,True,True,False,no_finding_recorded
33601,/workspace/andre01/honzawa/02-playground/toxpatho-patch-selector/data/TGGATEs/WSI/Liver/29_day/33601.svs,29 day,ethinylestradiol,0,mg/kg,Control,305,4,5,Male,Crj:CD(SD)IGS,0,,0,False,,True,True,False,no_finding_recorded
33602,/workspace/andre01/honzawa/02-playground/toxpatho-patch-selector/data/TGGATEs/WSI/Liver/4_day/33602.svs,4 day,ethinylestradiol,1,mg/kg,Low,305,5,1,Male,Crj:CD(SD)IGS,0,,0,False,,True,True,False,no_finding_recorded
33603,/workspace/andre01/honzawa/02-playground/toxpatho-patch-selector/data/TGGATEs/WSI/Liver/8_day/33603.svs,8 day,monocrotaline,0,mg/kg,Control,280,2,4,Male,Crj:CD(SD)IGS,0,,0,False,,True,True,False,no_finding_recorded
33604,/workspace/andre01/honzawa/02-playground/toxpatho-patch-selector/data/TGGATEs/WSI/Liver/4_day/33604.svs,4 day,ethinylestradiol,1,mg/kg,Low,305,5,2,Male,Crj:CD(SD)IGS,0,,0,False,,True,True,False,no_finding_recorded
33606,/workspace/andre01/honzawa/02-playground/toxpatho-patch-selector/data/TGGATEs/WSI/Liver/4_day/33606.svs,4 day,ethinylestradiol,1,mg/kg,Low,305,5,3,Male,Crj:CD(SD)IGS,1,1.0,0,True,minimal,True,True,False,recorded_finding
33607,/workspace/andre01/honzawa/02-playground/toxpatho-patch-selector/data/TGGATEs/WSI/Liver/4_day/33607.svs,4 day,ethinylestradiol,1,mg/kg,Low,305,5,4,Male,Crj:CD(SD)IGS,0,,0,False,,True,True,False,no_finding_recorded
33609,/workspace/andre01/honzawa/02-playground/toxpatho-patch-selector/data/TGGATEs/WSI/Liver/8_day/33609.svs,8 day,monocrotaline,0,mg/kg,Control,280,2,5,Male,Crj:CD(SD)IGS,0,,0,False,,True,True,False,no_finding_recorded
33610,/workspace/andre01/honzawa/02-playground/toxpatho-patch-selector/data/TGGATEs/WSI/Liver/4_day/33610.svs,4 day,ethinylestradiol,1,mg/kg,Low,305,5,5,Male,Crj:CD(SD)IGS,0,,0,False,,True,True,False,no_finding_recorded
33612,/workspace/andre01/honzawa/02-playground/toxpatho-patch-selector/data/TGGATEs/WSI/Liver/8_day/33612.svs,8 day,ethinylestradiol,1,mg/kg,Low,305,6,1,Male,Crj:CD(SD)IGS,0,,0,False,,True,True,False,no_finding_recorded
33613,/workspace/andre01/honzawa/02-playground/toxpatho-patch-selector/data/TGGATEs/WSI/Liver/8_day/33613.svs,8 day,ethinylestradiol,1,mg/kg,Low,305,6,2,Male,Crj:CD(SD)IGS,0,,0,False,,True,True,False,no_finding_recorded
33615,/workspace/andre01/honzawa/02-playground/toxpatho-patch-selector/data/TGGATEs/WSI/Liver/15_day/33615.svs,15 day,monocrotaline,0,mg/kg,Control,280,3,1,Male,Crj:CD(SD)IGS,0,,0,False,,True,True,False,no_finding_recorded
33616,/workspace/andre01/honzawa/02-playground/toxpatho-patch-selector/data/TGGATEs/WSI/Liver/8_day/33616.svs,8 day,ethinylestradiol,1,mg/kg,Low,305,6,3,Male,Crj:CD(SD)IGS,0,,0,False,,True,True,False,no_finding_recorded
33619,/workspace/andre01/honzawa/02-playground/toxpatho-patch-selector/data/TGGATEs/WSI/Liver/8_day/33619.svs,8 day,ethinylestradiol,1,mg/kg,Low,305,6,4,Male,Crj:CD(SD)IGS,0,,0,False,,True,True,False,no_finding_recorded
33620,/workspace/andre01/honzawa/02-playground/toxpatho-patch-selector/data/TGGATEs/WSI/Liver/15_day/33620.svs,15 day,monocrotaline,0,mg/kg,Control,280,3,2,Male,Crj:CD(SD)IGS,0,,0,False,,True,True,False,no_finding_recorded
33621,/workspace/andre01/honzawa/02-playground/toxpatho-patch-selector/data/TGGATEs/WSI/Liver/8_day/33621.svs,8 day,ethinylestradiol,1,mg/kg,Low,305,6,5,Male,Crj:CD(SD)IGS,0,,0,False,,True,True,False,no_finding_recorded
33623,/workspace/andre01/honzawa/02-playground/toxpatho-patch-selector/data/TGGATEs/WSI/Liver/15_day/33623.svs,15 day,ethinylestradiol,1,mg/kg,Low,305,7,1,Male,Crj:CD(SD)IGS,0,,0,False,,True,True,False,no_finding_recorded
33625,/workspace/andre01/honzawa/02-playground/toxpatho-patch-selector/data/TGGATEs/WSI/Liver/15_day/33625.svs,15 day,ethinylestradiol,1,mg/kg,Low,305,7,2,Male,Crj:CD(SD)IGS,0,,0,False,,True,True,False,no_finding_recorded
33626,/workspace/andre01/honzawa/02-playground/toxpatho-patch-selector/data/TGGATEs/WSI/Liver/15_day/33626.svs,15 day,ethinylestradiol,1,mg/kg,Low,305,7,3,Male,Crj:CD(SD)IGS,0,,0,False,,True,True,False,no_finding_recorded
33627,/workspace/andre01/honzawa/02-playground/toxpatho-patch-selector/data/TGGATEs/WSI/Liver/15_day/33627.svs,15 day,monocrotaline,0,mg/kg,Control,280,3,3,Male,Crj:CD(SD)IGS,0,,0,False,,True,True,False,no_finding_recorded
33628,/workspace/andre01/honzawa/02-playground/toxpatho-patch-selector/data/TGGATEs/WSI/Liver/15_day/33628.svs,15 day,ethinylestradiol,1,mg/kg,Low,305,7,4,Male,Crj:CD(SD)IGS,1,1.0,0,True,minimal,True,True,False,recorded_finding
33629,/workspace/andre01/honzawa/02-playground/toxpatho-patch-selector/data/TGGATEs/WSI/Liver/15_day/33629.svs,15 day,ethinylestradiol,1,mg/kg,Low,305,7,5,Male,Crj:CD(SD)IGS,0,,0,False,,True,True,False,no_finding_recorded
33632,/workspace/andre01/honzawa/02-playground/toxpatho-patch-selector/data/TGGATEs/WSI/Liver/29_day/33632.svs,29 day,ethinylestradiol,1,mg/kg,Low,305,8,1,Male,Crj:CD(SD)IGS,0,,0,False,,True,True,False,no_finding_recorded
33633,/workspace/andre01/honzawa/02-playground/toxpatho-patch-selector/data/TGGATEs/WSI/Liver/15_day/33633.svs,15 day,monocrotaline,0,mg/kg,Control,280,3,4,Male,Crj:CD(SD)IGS,0,,0,False,,True,True,False,no_finding_recorded
33634,/workspace/andre01/honzawa/02-playground/toxpatho-patch-selector/data/TGGATEs/WSI/Liver/29_day/33634.svs,29 day,ethinylestradiol,1,mg/kg,Low,305,8,2,Male,Crj:CD(SD)IGS,0,,0,False,,True,True,False,no_finding_recorded
33636,/workspace/andre01/honzawa/02-playground/toxpatho-patch-selector/data/TGGATEs/WSI/Liver/29_day/33636.svs,29 day,ethinylestradiol,1,mg/kg,Low,305,8,3,Male,Crj:CD(SD)IGS,1,1.0,0,True,minimal,True,True,False,recorded_finding
33637,/workspace/andre01/honzawa/02-playground/toxpatho-patch-selector/data/TGGATEs/WSI/Liver/29_day/33637.svs,29 day,ethinylestradiol,1,mg/kg,Low,305,8,4,Male,Crj:CD(SD)IGS,1,1.0,0,True,minimal,True,True,False,recorded_finding
33639,/workspace/andre01/honzawa/02-playground/toxpatho-patch-selector/data/TGGATEs/WSI/Liver/29_day/33639.svs,29 day,ethinylestradiol,1,mg/kg,Low,305,8,5,Male,Crj:CD(SD)IGS,0,,0,False,,True,True,False,no_finding_recorded
33640,/workspace/andre01/honzawa/02-playground/toxpatho-patch-selector/data/TGGATEs/WSI/Liver/15_day/33640.svs,15 day,monocrotaline,0,mg/kg,Control,280,3,5,Male,Crj:CD(SD)IGS,0,,0,False,,True,True,False,no_finding_recorded
33641,/workspace/andre01/honzawa/02-playground/toxpatho-patch-selector/data/TGGATEs/WSI/Liver/4_day/33641.svs,4 day,ethinylestradiol,3,mg/kg,Middle,305,9,1,Male,Crj:CD(SD)IGS,0,,0,False,,True,True,False,no_finding_recorded
33643,/workspace/andre01/honzawa/02-playground/toxpatho-patch-selector/data/TGGATEs/WSI/Liver/4_day/33643.svs,4 day,ethinylestradiol,3,mg/kg,Middle,305,9,2,Male,Crj:CD(SD)IGS,1,1.0,0,True,minimal,True,True,False,recorded_finding
33644,/workspace/andre01/honzawa/02-playground/toxpatho-patch-selector/data/TGGATEs/WSI/Liver/4_day/33644.svs,4 day,ethinylestradiol,3,mg/kg,Middle,305,9,3,Male,Crj:CD(SD)IGS,0,,0,False,,True,True,False,no_finding_recorded
33646,/workspace/andre01/honzawa/02-playground/toxpatho-patch-selector/data/TGGATEs/WSI/Liver/4_day/33646.svs,4 day,ethinylestradiol,3,mg/kg,Middle,305,9,4,Male,Crj:CD(SD)IGS,1,1.0,0,True,minimal,True,True,False,recorded_finding
33647,/workspace/andre01/honzawa/02-playground/toxpatho-patch-selector/data/TGGATEs/WSI/Liver/29_day/33647.svs,29 day,monocrotaline,0,mg/kg,Control,280,4,1,Male,Crj:CD(SD)IGS,0,,0,False,,True,True,False,no_finding_recorded
33648,/workspace/andre01/honzawa/02-playground/toxpatho-patch-selector/data/TGGATEs/WSI/Liver/4_day/33648.svs,4 day,ethinylestradiol,3,mg/kg,Middle,305,9,5,Male,Crj:CD(SD)IGS,0,,0,False,,True,True,False,no_finding_recorded
33651,/workspace/andre01/honzawa/02-playground/toxpatho-patch-selector/data/TGGATEs/WSI/Liver/8_day/33651.svs,8 day,ethinylestradiol,3,mg/kg,Middle,305,10,1,Male,Crj:CD(SD)IGS,0,,0,False,,True,True,False,no_finding_recorded
33652,/workspace/andre01/honzawa/02-playground/toxpatho-patch-selector/data/TGGATEs/WSI/Liver/29_day/33652.svs,29 day,monocrotaline,0,mg/kg,Control,280,4,2,Male,Crj:CD(SD)IGS,0,,0,False,,True,True,False,no_finding_recorded
33653,/workspace/andre01/honzawa/02-playground/toxpatho-patch-selector/data/TGGATEs/WSI/Liver/8_day/33653.svs,8 day,ethinylestradiol,3,mg/kg,Middle,305,10,2,Male,Crj:CD(SD)IGS,0,,0,False,,True,True,False,no_finding_recorded
33655,/workspace/andre01/honzawa/02-playground/toxpatho-patch-selector/data/TGGATEs/WSI/Liver/8_day/33655.svs,8 day,ethinylestradiol,3,mg/kg,Middle,305,10,3,Male,Crj:CD(SD)IGS,2,1.0,1,True,minimal,True,True,False,recorded_finding
33656,/workspace/andre01/honzawa/02-playground/toxpatho-patch-selector/data/TGGATEs/WSI/Liver/8_day/33656.svs,8 day,ethinylestradiol,3,mg/kg,Middle,305,10,4,Male,Crj:CD(SD)IGS,0,,0,False,,True,True,False,no_finding_recorded
33658,/workspace/andre01/honzawa/02-playground/toxpatho-patch-selector/data/TGGATEs/WSI/Liver/8_day/33658.svs,8 day,ethinylestradiol,3,mg/kg,Middle,305,10,5,Male,Crj:CD(SD)IGS,0,,0,False,,True,True,False,no_finding_recorded
33659,/workspace/andre01/honzawa/02-playground/toxpatho-patch-selector/data/TGGATEs/WSI/Liver/15_day/33659.svs,15 day,ethinylestradiol,3,mg/kg,Middle,305,11,1,Male,Crj:CD(SD)IGS,2,1.0,2,True,minimal,True,True,False,recorded_finding
33662,/workspace/andre01/honzawa/02-playground/toxpatho-patch-selector/data/TGGATEs/WSI/Liver/15_day/33662.svs,15 day,ethinylestradiol,3,mg/kg,Middle,305,11,2,Male,Crj:CD(SD)IGS,0,,0,False,,True,True,False,no_finding_recorded
33664,/workspace/andre01/honzawa/02-playground/toxpatho-patch-selector/data/TGGATEs/WSI/Liver/15_day/33664.svs,15 day,ethinylestradiol,3,mg/kg,Middle,305,11,3,Male,Crj:CD(SD)IGS,1,1.0,1,True,minimal,True,True,False,recorded_finding
33665,/workspace/andre01/honzawa/02-playground/toxpatho-patch-selector/data/TGGATEs/WSI/Liver/15_day/33665.svs,15 day,ethinylestradiol,3,mg/kg,Middle,305,11,4,Male,Crj:CD(SD)IGS,1,1.0,1,True,minimal,True,True,False,recorded_finding
33666,/workspace/andre01/honzawa/02-playground/toxpatho-patch-selector/data/TGGATEs/WSI/Liver/29_day/33666.svs,29 day,monocrotaline,0,mg/kg,Control,280,4,4,Male,Crj:CD(SD)IGS,0,,0,False,,True,True,False,no_finding_recorded
33667,/workspace/andre01/honzawa/02-playground/toxpatho-patch-selector/data/TGGATEs/WSI/Liver/15_day/33667.svs,15 day,ethinylestradiol,3,mg/kg,Middle,305,11,5,Male,Crj:CD(SD)IGS,1,1.0,1,True,minimal,True,True,False,recorded_finding
33670,/workspace/andre01/honzawa/02-playground/toxpatho-patch-selector/data/TGGATEs/WSI/Liver/29_day/33670.svs,29 day,ethinylestradiol,3,mg/kg,Middle,305,12,1,Male,Crj:CD(SD)IGS,1,1.0,1,True,minimal,True,True,False,recorded_finding
33671,/workspace/andre01/honzawa/02-playground/toxpatho-patch-selector/data/TGGATEs/WSI/Liver/29_day/33671.svs,29 day,monocrotaline,0,mg/kg,Control,280,4,5,Male,Crj:CD(SD)IGS,0,,0,False,,True,True,False,no_finding_recorded
33672,/workspace/andre01/honzawa/02-playground/toxpatho-patch-selector/data/TGGATEs/WSI/Liver/29_day/33672.svs,29 day,ethinylestradiol,3,mg/kg,Middle,305,12,2,Male,Crj:CD(SD)IGS,1,1.0,1,True,minimal,True,True,False,recorded_finding
33675,/workspace/andre01/honzawa/02-playground/toxpatho-patch-selector/data/TGGATEs/WSI/Liver/29_day/33675.svs,29 day,ethinylestradiol,3,mg/kg,Middle,305,12,3,Male,Crj:CD(SD)IGS,3,1.0,3,True,minimal,True,True,False,recorded_finding
33676,/workspace/andre01/honzawa/02-playground/toxpatho-patch-selector/data/TGGATEs/WSI/Liver/29_day/33676.svs,29 day,ethinylestradiol,3,mg/kg,Middle,305,12,4,Male,Crj:CD(SD)IGS,1,1.0,1,True,minimal,True,True,False,recorded_finding
33677,/workspace/andre01/honzawa/02-playground/toxpatho-patch-selector/data/TGGATEs/WSI/Liver/29_day/33677.svs,29 day,ethinylestradiol,3,mg/kg,Middle,305,12,5,Male,Crj:CD(SD)IGS,3,1.0,3,True,minimal,True,True,False,recorded_finding
33678,/workspace/andre01/honzawa/02-playground/toxpatho-patch-selector/data/TGGATEs/WSI/Liver/4_day/33678.svs,4 day,monocrotaline,3,mg/kg,Low,280,5,1,Male,Crj:CD(SD)IGS,0,,0,False,,True,True,False,no_finding_recorded
33680,/workspace/andre01/honzawa/02-playground/toxpatho-patch-selector/data/TGGATEs/WSI/Liver/4_day/33680.svs,4 day,ethinylestradiol,10,mg/kg,High,305,13,1,Male,Crj:CD(SD)IGS,0,,0,False,,True,True,False,no_finding_recorded
33681,/workspace/andre01/honzawa/02-playground/toxpatho-patch-selector/data/TGGATEs/WSI/Liver/4_day/33681.svs,4 day,ethinylestradiol,10,mg/kg,High,305,13,2,Male,Crj:CD(SD)IGS,0,,0,False,,True,True,False,no_finding_recorded
33682,/workspace/andre01/honzawa/02-playground/toxpatho-patch-selector/data/TGGATEs/WSI/Liver/4_day/33682.svs,4 day,ethinylestradiol,10,mg/kg,High,305,13,3,Male,Crj:CD(SD)IGS,0,,0,False,,True,True,False,no_finding_recorded
33684,/workspace/andre01/honzawa/02-playground/toxpatho-patch-selector/data/TGGATEs/WSI/Liver/4_day/33684.svs,4 day,ethinylestradiol,10,mg/kg,High,305,13,4,Male,Crj:CD(SD)IGS,0,,0,False,,True,True,False,no_finding_recorded
33685,/workspace/andre01/honzawa/02-playground/toxpatho-patch-selector/data/TGGATEs/WSI/Liver/4_day/33685.svs,4 day,ethinylestradiol,10,mg/kg,High,305,13,5,Male,Crj:CD(SD)IGS,3,1.0,2,True,minimal,True,True,False,recorded_finding
33686,/workspace/andre01/honzawa/02-playground/toxpatho-patch-selector/data/TGGATEs/WSI/Liver/4_day/33686.svs,4 day,monocrotaline,3,mg/kg,Low,280,5,2,Male,Crj:CD(SD)IGS,0,,0,False,,True,True,False,no_finding_recorded
33687,/workspace/andre01/honzawa/02-playground/toxpatho-patch-selector/data/TGGATEs/WSI/Liver/8_day/33687.svs,8 day,ethinylestradiol,10,mg/kg,High,305,14,1,Male,Crj:CD(SD)IGS,1,1.0,1,True,minimal,True,True,False,recorded_finding
33689,/workspace/andre01/honzawa/02-playground/toxpatho-patch-selector/data/TGGATEs/WSI/Liver/8_day/33689.svs,8 day,ethinylestradiol,10,mg/kg,High,305,14,2,Male,Crj:CD(SD)IGS,1,1.0,1,True,minimal,True,True,False,recorded_finding
33692,/workspace/andre01/honzawa/02-playground/toxpatho-patch-selector/data/TGGATEs/WSI/Liver/8_day/33692.svs,8 day,ethinylestradiol,10,mg/kg,High,305,14,4,Male,Crj:CD(SD)IGS,1,1.0,1,True,minimal,True,True,False,recorded_finding
33693,/workspace/andre01/honzawa/02-playground/toxpatho-patch-selector/data/TGGATEs/WSI/Liver/8_day/33693.svs,8 day,ethinylestradiol,10,mg/kg,High,305,14,5,Male,Crj:CD(SD)IGS,2,1.0,2,True,minimal,True,True,False,recorded_finding
33694,/workspace/andre01/honzawa/02-playground/toxpatho-patch-selector/data/TGGATEs/WSI/Liver/4_day/33694.svs,4 day,monocrotaline,3,mg/kg,Low,280,5,3,Male,Crj:CD(SD)IGS,0,,0,False,,True,True,False,no_finding_recorded
33695,/workspace/andre01/honzawa/02-playground/toxpatho-patch-selector/data/TGGATEs/WSI/Liver/15_day/33695.svs,15 day,ethinylestradiol,10,mg/kg,High,305,15,1,Male,Crj:CD(SD)IGS,3,2.0,3,True,slight,True,True,False,recorded_finding
33697,/workspace/andre01/honzawa/02-playground/toxpatho-patch-selector/data/TGGATEs/WSI/Liver/15_day/33697.svs,15 day,ethinylestradiol,10,mg/kg,High,305,15,2,Male,Crj:CD(SD)IGS,3,1.0,3,True,minimal,True,True,False,recorded_finding
33698,/workspace/andre01/honzawa/02-playground/toxpatho-patch-selector/data/TGGATEs/WSI/Liver/15_day/33698.svs,15 day,ethinylestradiol,10,mg/kg,High,305,15,3,Male,Crj:CD(SD)IGS,3,2.0,3,True,slight,True,True,False,recorded_finding
33700,/workspace/andre01/honzawa/02-playground/toxpatho-patch-selector/data/TGGATEs/WSI/Liver/15_day/33700.svs,15 day,ethinylestradiol,10,mg/kg,High,305,15,4,Male,Crj:CD(SD)IGS,2,1.0,2,True,minimal,True,True,False,recorded_finding
33701,/workspace/andre01/honzawa/02-playground/toxpatho-patch-selector/data/TGGATEs/WSI/Liver/15_day/33701.svs,15 day,ethinylestradiol,10,mg/kg,High,305,15,5,Male,Crj:CD(SD)IGS,3,1.0,3,True,minimal,True,True,False,recorded_finding
33703,/workspace/andre01/honzawa/02-playground/toxpatho-patch-selector/data/TGGATEs/WSI/Liver/29_day/33703.svs,29 day,ethinylestradiol,10,mg/kg,High,305,16,1,Male,Crj:CD(SD)IGS,4,2.0,4,True,slight,True,True,False,recorded_finding
33705,/workspace/andre01/honzawa/02-playground/toxpatho-patch-selector/data/TGGATEs/WSI/Liver/29_day/33705.svs,29 day,ethinylestradiol,10,mg/kg,High,305,16,2,Male,Crj:CD(SD)IGS,5,2.0,5,True,slight,True,True,False,recorded_finding
33706,/workspace/andre01/honzawa/02-playground/toxpatho-patch-selector/data/TGGATEs/WSI/Liver/29_day/33706.svs,29 day,ethinylestradiol,10,mg/kg,High,305,16,3,Male,Crj:CD(SD)IGS,6,3.0,6,True,moderate,True,True,False,recorded_finding
33707,/workspace/andre01/honzawa/02-playground/toxpatho-patch-selector/data/TGGATEs/WSI/Liver/29_day/33707.svs,29 day,ethinylestradiol,10,mg/kg,High,305,16,4,Male,Crj:CD(SD)IGS,4,2.0,4,True,slight,True,True,False,recorded_finding
33709,/workspace/andre01/honzawa/02-playground/toxpatho-patch-selector/data/TGGATEs/WSI/Liver/29_day/33709.svs,29 day,ethinylestradiol,10,mg/kg,High,305,16,5,Male,Crj:CD(SD)IGS,3,2.0,3,True,slight,True,True,False,recorded_finding
33710,/workspace/andre01/honzawa/02-playground/toxpatho-patch-selector/data/TGGATEs/WSI/Liver/4_day/33710.svs,4 day,monocrotaline,3,mg/kg,Low,280,5,5,Male,Crj:CD(SD)IGS,0,,0,False,,True,True,False,no_finding_recorded
33720,/workspace/andre01/honzawa/02-playground/toxpatho-patch-selector/data/TGGATEs/WSI/Liver/8_day/33720.svs,8 day,monocrotaline,3,mg/kg,Low,280,6,1,Male,Crj:CD(SD)IGS,0,,0,False,,True,True,False,no_finding_recorded
33729,/workspace/andre01/honzawa/02-playground/toxpatho-patch-selector/data/TGGATEs/WSI/Liver/8_day/33729.svs,8 day,monocrotaline,3,mg/kg,Low,280,6,2,Male,Crj:CD(SD)IGS,0,,0,False,,True,True,False,no_finding_recorded
33740,/workspace/andre01/honzawa/02-playground/toxpatho-patch-selector/data/TGGATEs/WSI/Liver/8_day/33740.svs,8 day,monocrotaline,3,mg/kg,Low,280,6,3,Male,Crj:CD(SD)IGS,0,,0,False,,True,True,False,no_finding_recorded
33749,/workspace/andre01/honzawa/02-playground/toxpatho-patch-selector/data/TGGATEs/WSI/Liver/8_day/33749.svs,8 day,monocrotaline,3,mg/kg,Low,280,6,4,Male,Crj:CD(SD)IGS,0,,0,False,,True,True,False,no_finding_recorded
33758,/workspace/andre01/honzawa/02-playground/toxpatho-patch-selector/data/TGGATEs/WSI/Liver/8_day/33758.svs,8 day,monocrotaline,3,mg/kg,Low,280,6,5,Male,Crj:CD(SD)IGS,0,,0,False,,True,True,False,no_finding_recorded
33767,/workspace/andre01/honzawa/02-playground/toxpatho-patch-selector/data/TGGATEs/WSI/Liver/15_day/33767.svs,15 day,monocrotaline,3,mg/kg,Low,280,7,1,Male,Crj:CD(SD)IGS,0,,0,False,,True,True,False,no_finding_recorded
33786,/workspace/andre01/honzawa/02-playground/toxpatho-patch-selector/data/TGGATEs/WSI/Liver/15_day/33786.svs,15 day,monocrotaline,3,mg/kg,Low,280,7,3,Male,Crj:CD(SD)IGS,0,,0,False,,True,True,False,no_finding_recorded
33795,/workspace/andre01/honzawa/02-playground/toxpatho-patch-selector/data/TGGATEs/WSI/Liver/15_day/33795.svs,15 day,monocrotaline,3,mg/kg,Low,280,7,4,Male,Crj:CD(SD)IGS,0,,0,False,,True,True,False,no_finding_recorded
33800,/workspace/andre01/honzawa/02-playground/toxpatho-patch-selector/data/TGGATEs/WSI/Liver/15_day/33800.svs,15 day,monocrotaline,3,mg/kg,Low,280,7,5,Male,Crj:CD(SD)IGS,0,,0,False,,True,True,False,no_finding_recorded
33807,/workspace/andre01/honzawa/02-playground/toxpatho-patch-selector/data/TGGATEs/WSI/Liver/29_day/33807.svs,29 day,monocrotaline,3,mg/kg,Low,280,8,1,Male,Crj:CD(SD)IGS,0,,0,False,,True,True,False,no_finding_recorded
33820,/workspace/andre01/honzawa/02-playground/toxpatho-patch-selector/data/TGGATEs/WSI/Liver/29_day/33820.svs,29 day,monocrotaline,3,mg/kg,Low,280,8,3,Male,Crj:CD(SD)IGS,0,,0,False,,True,True,False,no_finding_recorded
33828,/workspace/andre01/honzawa/02-playground/toxpatho-patch-selector/data/TGGATEs/WSI/Liver/29_day/33828.svs,29 day,monocrotaline,3,mg/kg,Low,280,8,4,Male,Crj:CD(SD)IGS,0,,0,False,,True,True,False,no_finding_recorded
33836,/workspace/andre01/honzawa/02-playground/toxpatho-patch-selector/data/TGGATEs/WSI/Liver/29_day/33836.svs,29 day,monocrotaline,3,mg/kg,Low,280,8,5,Male,Crj:CD(SD)IGS,0,,0,False,,True,True,False,no_finding_recorded
33850,/workspace/andre01/honzawa/02-playground/toxpatho-patch-selector/data/TGGATEs/WSI/Liver/4_day/33850.svs,4 day,monocrotaline,10,mg/kg,Middle,280,9,2,Male,Crj:CD(SD)IGS,0,,0,False,,True,True,False,no_finding_recorded
33866,/workspace/andre01/honzawa/02-playground/toxpatho-patch-selector/data/TGGATEs/WSI/Liver/4_day/33866.svs,4 day,monocrotaline,10,mg/kg,Middle,280,9,4,Male,Crj:CD(SD)IGS,0,,0,False,,True,True,False,no_finding_recorded
33873,/workspace/andre01/honzawa/02-playground/toxpatho-patch-selector/data/TGGATEs/WSI/Liver/4_day/33873.svs,4 day,monocrotaline,10,mg/kg,Middle,280,9,5,Male,Crj:CD(SD)IGS,0,,0,False,,True,True,False,no_finding_recorded
33890,/workspace/andre01/honzawa/02-playground/toxpatho-patch-selector/data/TGGATEs/WSI/Liver/8_day/33890.svs,8 day,monocrotaline,10,mg/kg,Middle,280,10,2,Male,Crj:CD(SD)IGS,0,,0,False,,True,True,False,no_finding_recorded
33896,/workspace/andre01/honzawa/02-playground/toxpatho-patch-selector/data/TGGATEs/WSI/Liver/8_day/33896.svs,8 day,monocrotaline,10,mg/kg,Middle,280,10,3,Male,Crj:CD(SD)IGS,0,,0,False,,True,True,False,no_finding_recorded
33901,/workspace/andre01/honzawa/02-playground/toxpatho-patch-selector/data/TGGATEs/WSI/Liver/8_day/33901.svs,8 day,monocrotaline,10,mg/kg,Middle,280,10,4,Male,Crj:CD(SD)IGS,0,,0,False,,True,True,False,no_finding_recorded
33908,/workspace/andre01/honzawa/02-playground/toxpatho-patch-selector/data/TGGATEs/WSI/Liver/8_day/33908.svs,8 day,monocrotaline,10,mg/kg,Middle,280,10,5,Male,Crj:CD(SD)IGS,0,,0,False,,True,True,False,no_finding_recorded
33925,/workspace/andre01/honzawa/02-playground/toxpatho-patch-selector/data/TGGATEs/WSI/Liver/15_day/33925.svs,15 day,monocrotaline,10,mg/kg,Middle,280,11,2,Male,Crj:CD(SD)IGS,0,,0,False,,True,True,False,no_finding_recorded
33945,/workspace/andre01/honzawa/02-playground/toxpatho-patch-selector/data/TGGATEs/WSI/Liver/15_day/33945.svs,15 day,monocrotaline,10,mg/kg,Middle,280,11,4,Male,Crj:CD(SD)IGS,5,2.0,5,True,slight,True,True,False,recorded_finding
33964,/workspace/andre01/honzawa/02-playground/toxpatho-patch-selector/data/TGGATEs/WSI/Liver/29_day/33964.svs,29 day,monocrotaline,10,mg/kg,Middle,280,12,1,Male,Crj:CD(SD)IGS,0,,0,False,,True,True,False,no_finding_recorded
33978,/workspace/andre01/honzawa/02-playground/toxpatho-patch-selector/data/TGGATEs/WSI/Liver/29_day/33978.svs,29 day,monocrotaline,10,mg/kg,Middle,280,12,3,Male,Crj:CD(SD)IGS,0,,0,False,,True,True,False,no_finding_recorded
33986,/workspace/andre01/honzawa/02-playground/toxpatho-patch-selector/data/TGGATEs/WSI/Liver/29_day/33986.svs,29 day,monocrotaline,10,mg/kg,Middle,280,12,4,Male,Crj:CD(SD)IGS,5,3.0,5,True,moderate,True,True,False,recorded_finding
33993,/workspace/andre01/honzawa/02-playground/toxpatho-patch-selector/data/TGGATEs/WSI/Liver/29_day/33993.svs,29 day,monocrotaline,10,mg/kg,Middle,280,12,5,Male,Crj:CD(SD)IGS,3,2.0,3,True,slight,True,True,False,recorded_finding
34012,/workspace/andre01/honzawa/02-playground/toxpatho-patch-selector/data/TGGATEs/WSI/Liver/4_day/34012.svs,4 day,monocrotaline,30,mg/kg,High,280,13,2,Male,Crj:CD(SD)IGS,3,3.0,3,True,moderate,True,True,False,recorded_finding
34020,/workspace/andre01/honzawa/02-playground/toxpatho-patch-selector/data/TGGATEs/WSI/Liver/4_day/34020.svs,4 day,monocrotaline,30,mg/kg,High,280,13,3,Male,Crj:CD(SD)IGS,0,,0,False,,True,True,False,no_finding_recorded
34037,/workspace/andre01/honzawa/02-playground/toxpatho-patch-selector/data/TGGATEs/WSI/Liver/4_day/34037.svs,4 day,monocrotaline,30,mg/kg,High,280,13,5,Male,Crj:CD(SD)IGS,0,,0,False,,True,True,False,no_finding_recorded
34053,/workspace/andre01/honzawa/02-playground/toxpatho-patch-selector/data/TGGATEs/WSI/Liver/8_day/34053.svs,8 day,monocrotaline,30,mg/kg,High,280,14,2,Male,Crj:CD(SD)IGS,5,3.0,5,True,moderate,True,True,False,recorded_finding
34069,/workspace/andre01/honzawa/02-playground/toxpatho-patch-selector/data/TGGATEs/WSI/Liver/8_day/34069.svs,8 day,monocrotaline,30,mg/kg,High,280,14,4,Male,Crj:CD(SD)IGS,0,,0,False,,True,True,False,no_finding_recorded
34078,/workspace/andre01/honzawa/02-playground/toxpatho-patch-selector/data/TGGATEs/WSI/Liver/8_day/34078.svs,8 day,monocrotaline,30,mg/kg,High,280,14,5,Male,Crj:CD(SD)IGS,6,3.0,6,True,moderate,True,True,False,recorded_finding
34085,/workspace/andre01/honzawa/02-playground/toxpatho-patch-selector/data/TGGATEs/WSI/Liver/15_day/34085.svs,15 day,monocrotaline,30,mg/kg,High,280,15,2,Male,Crj:CD(SD)IGS,9,4.0,9,True,severe,True,True,False,recorded_finding
34088,/workspace/andre01/honzawa/02-playground/toxpatho-patch-selector/data/TGGATEs/WSI/Liver/4_day/34088.svs,4 day,amitriptyline,0,mg/kg,Control,368,1,1,Male,Crj:CD(SD)IGS,0,,0,False,,True,True,False,no_finding_recorded
34090,/workspace/andre01/honzawa/02-playground/toxpatho-patch-selector/data/TGGATEs/WSI/Liver/4_day/34090.svs,4 day,amitriptyline,0,mg/kg,Control,368,1,2,Male,Crj:CD(SD)IGS,0,,0,False,,True,True,False,no_finding_recorded
34092,/workspace/andre01/honzawa/02-playground/toxpatho-patch-selector/data/TGGATEs/WSI/Liver/4_day/34092.svs,4 day,amitriptyline,0,mg/kg,Control,368,1,3,Male,Crj:CD(SD)IGS,0,,0,False,,True,True,False,no_finding_recorded
34094,/workspace/andre01/honzawa/02-playground/toxpatho-patch-selector/data/TGGATEs/WSI/Liver/4_day/34094.svs,4 day,amitriptyline,0,mg/kg,Control,368,1,4,Male,Crj:CD(SD)IGS,0,,0,False,,True,True,False,no_finding_recorded
34095,/workspace/andre01/honzawa/02-playground/toxpatho-patch-selector/data/TGGATEs/WSI/Liver/4_day/34095.svs,4 day,amitriptyline,0,mg/kg,Control,368,1,5,Male,Crj:CD(SD)IGS,0,,0,False,,True,True,False,no_finding_recorded
34097,/workspace/andre01/honzawa/02-playground/toxpatho-patch-selector/data/TGGATEs/WSI/Liver/8_day/34097.svs,8 day,amitriptyline,0,mg/kg,Control,368,2,1,Male,Crj:CD(SD)IGS,0,,0,False,,True,True,False,no_finding_recorded
34099,/workspace/andre01/honzawa/02-playground/toxpatho-patch-selector/data/TGGATEs/WSI/Liver/8_day/34099.svs,8 day,amitriptyline,0,mg/kg,Control,368,2,2,Male,Crj:CD(SD)IGS,0,,0,False,,True,True,False,no_finding_recorded
34102,/workspace/andre01/honzawa/02-playground/toxpatho-patch-selector/data/TGGATEs/WSI/Liver/8_day/34102.svs,8 day,amitriptyline,0,mg/kg,Control,368,2,3,Male,Crj:CD(SD)IGS,0,,0,False,,True,True,False,no_finding_recorded
34105,/workspace/andre01/honzawa/02-playground/toxpatho-patch-selector/data/TGGATEs/WSI/Liver/8_day/34105.svs,8 day,amitriptyline,0,mg/kg,Control,368,2,4,Male,Crj:CD(SD)IGS,0,,0,False,,True,True,False,no_finding_recorded
34107,/workspace/andre01/honzawa/02-playground/toxpatho-patch-selector/data/TGGATEs/WSI/Liver/4_day/34107.svs,4 day,iproniazid,0,mg/kg,Control,319,1,1,Male,Crj:CD(SD)IGS,0,,0,False,,True,True,False,no_finding_recorded
34108,/workspace/andre01/honzawa/02-playground/toxpatho-patch-selector/data/TGGATEs/WSI/Liver/8_day/34108.svs,8 day,amitriptyline,0,mg/kg,Control,368,2,5,Male,Crj:CD(SD)IGS,0,,0,False,,True,True,False,no_finding_recorded
34111,/workspace/andre01/honzawa/02-playground/toxpatho-patch-selector/data/TGGATEs/WSI/Liver/15_day/34111.svs,15 day,amitriptyline,0,mg/kg,Control,368,3,1,Male,Crj:CD(SD)IGS,0,,0,False,,True,True,False,no_finding_recorded
34112,/workspace/andre01/honzawa/02-playground/toxpatho-patch-selector/data/TGGATEs/WSI/Liver/4_day/34112.svs,4 day,iproniazid,0,mg/kg,Control,319,1,2,Male,Crj:CD(SD)IGS,0,,0,False,,True,True,False,no_finding_recorded
34113,/workspace/andre01/honzawa/02-playground/toxpatho-patch-selector/data/TGGATEs/WSI/Liver/15_day/34113.svs,15 day,amitriptyline,0,mg/kg,Control,368,3,2,Male,Crj:CD(SD)IGS,0,,0,False,,True,True,False,no_finding_recorded
34116,/workspace/andre01/honzawa/02-playground/toxpatho-patch-selector/data/TGGATEs/WSI/Liver/4_day/34116.svs,4 day,iproniazid,0,mg/kg,Control,319,1,3,Male,Crj:CD(SD)IGS,0,,0,False,,True,True,False,no_finding_recorded
34117,/workspace/andre01/honzawa/02-playground/toxpatho-patch-selector/data/TGGATEs/WSI/Liver/15_day/34117.svs,15 day,amitriptyline,0,mg/kg,Control,368,3,3,Male,Crj:CD(SD)IGS,0,,0,False,,True,True,False,no_finding_recorded
34120,/workspace/andre01/honzawa/02-playground/toxpatho-patch-selector/data/TGGATEs/WSI/Liver/15_day/34120.svs,15 day,amitriptyline,0,mg/kg,Control,368,3,4,Male,Crj:CD(SD)IGS,0,,0,False,,True,True,False,no_finding_recorded
34121,/workspace/andre01/honzawa/02-playground/toxpatho-patch-selector/data/TGGATEs/WSI/Liver/4_day/34121.svs,4 day,iproniazid,0,mg/kg,Control,319,1,4,Male,Crj:CD(SD)IGS,0,,0,False,,True,True,False,no_finding_recorded
34123,/workspace/andre01/honzawa/02-playground/toxpatho-patch-selector/data/TGGATEs/WSI/Liver/15_day/34123.svs,15 day,amitriptyline,0,mg/kg,Control,368,3,5,Male,Crj:CD(SD)IGS,0,,0,False,,True,True,False,no_finding_recorded
34125,/workspace/andre01/honzawa/02-playground/toxpatho-patch-selector/data/TGGATEs/WSI/Liver/4_day/34125.svs,4 day,iproniazid,0,mg/kg,Control,319,1,5,Male,Crj:CD(SD)IGS,0,,0,False,,True,True,False,no_finding_recorded
34126,/workspace/andre01/honzawa/02-playground/toxpatho-patch-selector/data/TGGATEs/WSI/Liver/29_day/34126.svs,29 day,amitriptyline,0,mg/kg,Control,368,4,1,Male,Crj:CD(SD)IGS,0,,0,False,,True,True,False,no_finding_recorded
34129,/workspace/andre01/honzawa/02-playground/toxpatho-patch-selector/data/TGGATEs/WSI/Liver/29_day/34129.svs,29 day,amitriptyline,0,mg/kg,Control,368,4,2,Male,Crj:CD(SD)IGS,0,,0,False,,True,True,False,no_finding_recorded
34130,/workspace/andre01/honzawa/02-playground/toxpatho-patch-selector/data/TGGATEs/WSI/Liver/8_day/34130.svs,8 day,iproniazid,0,mg/kg,Control,319,2,1,Male,Crj:CD(SD)IGS,0,,0,False,,True,True,False,no_finding_recorded
34132,/workspace/andre01/honzawa/02-playground/toxpatho-patch-selector/data/TGGATEs/WSI/Liver/29_day/34132.svs,29 day,amitriptyline,0,mg/kg,Control,368,4,3,Male,Crj:CD(SD)IGS,0,,0,False,,True,True,False,no_finding_recorded
34134,/workspace/andre01/honzawa/02-playground/toxpatho-patch-selector/data/TGGATEs/WSI/Liver/8_day/34134.svs,8 day,iproniazid,0,mg/kg,Control,319,2,2,Male,Crj:CD(SD)IGS,0,,0,False,,True,True,False,no_finding_recorded
34135,/workspace/andre01/honzawa/02-playground/toxpatho-patch-selector/data/TGGATEs/WSI/Liver/29_day/34135.svs,29 day,amitriptyline,0,mg/kg,Control,368,4,4,Male,Crj:CD(SD)IGS,0,,0,False,,True,True,False,no_finding_recorded
34138,/workspace/andre01/honzawa/02-playground/toxpatho-patch-selector/data/TGGATEs/WSI/Liver/8_day/34138.svs,8 day,iproniazid,0,mg/kg,Control,319,2,3,Male,Crj:CD(SD)IGS,0,,0,False,,True,True,False,no_finding_recorded
34139,/workspace/andre01/honzawa/02-playground/toxpatho-patch-selector/data/TGGATEs/WSI/Liver/29_day/34139.svs,29 day,amitriptyline,0,mg/kg,Control,368,4,5,Male,Crj:CD(SD)IGS,0,,0,False,,True,True,False,no_finding_recorded
34142,/workspace/andre01/honzawa/02-playground/toxpatho-patch-selector/data/TGGATEs/WSI/Liver/4_day/34142.svs,4 day,amitriptyline,15,mg/kg,Low,368,5,1,Male,Crj:CD(SD)IGS,0,,0,False,,True,True,False,no_finding_recorded
34143,/workspace/andre01/honzawa/02-playground/toxpatho-patch-selector/data/TGGATEs/WSI/Liver/8_day/34143.svs,8 day,iproniazid,0,mg/kg,Control,319,2,4,Male,Crj:CD(SD)IGS,0,,0,False,,True,True,False,no_finding_recorded
34145,/workspace/andre01/honzawa/02-playground/toxpatho-patch-selector/data/TGGATEs/WSI/Liver/4_day/34145.svs,4 day,amitriptyline,15,mg/kg,Low,368,5,2,Male,Crj:CD(SD)IGS,0,,0,False,,True,True,False,no_finding_recorded
34147,/workspace/andre01/honzawa/02-playground/toxpatho-patch-selector/data/TGGATEs/WSI/Liver/8_day/34147.svs,8 day,iproniazid,0,mg/kg,Control,319,2,5,Male,Crj:CD(SD)IGS,0,,0,False,,True,True,False,no_finding_recorded
34148,/workspace/andre01/honzawa/02-playground/toxpatho-patch-selector/data/TGGATEs/WSI/Liver/4_day/34148.svs,4 day,amitriptyline,15,mg/kg,Low,368,5,3,Male,Crj:CD(SD)IGS,0,,0,False,,True,True,False,no_finding_recorded
34151,/workspace/andre01/honzawa/02-playground/toxpatho-patch-selector/data/TGGATEs/WSI/Liver/4_day/34151.svs,4 day,amitriptyline,15,mg/kg,Low,368,5,4,Male,Crj:CD(SD)IGS,0,,0,False,,True,True,False,no_finding_recorded
34152,/workspace/andre01/honzawa/02-playground/toxpatho-patch-selector/data/TGGATEs/WSI/Liver/15_day/34152.svs,15 day,iproniazid,0,mg/kg,Control,319,3,1,Male,Crj:CD(SD)IGS,0,,0,False,,True,True,False,no_finding_recorded
34153,/workspace/andre01/honzawa/02-playground/toxpatho-patch-selector/data/TGGATEs/WSI/Liver/4_day/34153.svs,4 day,amitriptyline,15,mg/kg,Low,368,5,5,Male,Crj:CD(SD)IGS,1,1.0,0,True,minimal,True,True,False,recorded_finding
34156,/workspace/andre01/honzawa/02-playground/toxpatho-patch-selector/data/TGGATEs/WSI/Liver/15_day/34156.svs,15 day,iproniazid,0,mg/kg,Control,319,3,2,Male,Crj:CD(SD)IGS,0,,0,False,,True,True,False,no_finding_recorded
34157,/workspace/andre01/honzawa/02-playground/toxpatho-patch-selector/data/TGGATEs/WSI/Liver/8_day/34157.svs,8 day,amitriptyline,15,mg/kg,Low,368,6,1,Male,Crj:CD(SD)IGS,0,,0,False,,True,True,False,no_finding_recorded
34160,/workspace/andre01/honzawa/02-playground/toxpatho-patch-selector/data/TGGATEs/WSI/Liver/8_day/34160.svs,8 day,amitriptyline,15,mg/kg,Low,368,6,2,Male,Crj:CD(SD)IGS,0,,0,False,,True,True,False,no_finding_recorded
34161,/workspace/andre01/honzawa/02-playground/toxpatho-patch-selector/data/TGGATEs/WSI/Liver/15_day/34161.svs,15 day,iproniazid,0,mg/kg,Control,319,3,3,Male,Crj:CD(SD)IGS,0,,0,False,,True,True,False,no_finding_recorded
34162,/workspace/andre01/honzawa/02-playground/toxpatho-patch-selector/data/TGGATEs/WSI/Liver/8_day/34162.svs,8 day,amitriptyline,15,mg/kg,Low,368,6,3,Male,Crj:CD(SD)IGS,0,,0,False,,True,True,False,no_finding_recorded
34165,/workspace/andre01/honzawa/02-playground/toxpatho-patch-selector/data/TGGATEs/WSI/Liver/15_day/34165.svs,15 day,iproniazid,0,mg/kg,Control,319,3,4,Male,Crj:CD(SD)IGS,0,,0,False,,True,True,False,no_finding_recorded
34166,/workspace/andre01/honzawa/02-playground/toxpatho-patch-selector/data/TGGATEs/WSI/Liver/8_day/34166.svs,8 day,amitriptyline,15,mg/kg,Low,368,6,4,Male,Crj:CD(SD)IGS,0,,0,False,,True,True,False,no_finding_recorded
34169,/workspace/andre01/honzawa/02-playground/toxpatho-patch-selector/data/TGGATEs/WSI/Liver/8_day/34169.svs,8 day,amitriptyline,15,mg/kg,Low,368,6,5,Male,Crj:CD(SD)IGS,1,1.0,0,True,minimal,True,True,False,recorded_finding
34170,/workspace/andre01/honzawa/02-playground/toxpatho-patch-selector/data/TGGATEs/WSI/Liver/15_day/34170.svs,15 day,iproniazid,0,mg/kg,Control,319,3,5,Male,Crj:CD(SD)IGS,0,,0,False,,True,True,False,no_finding_recorded
34171,/workspace/andre01/honzawa/02-playground/toxpatho-patch-selector/data/TGGATEs/WSI/Liver/15_day/34171.svs,15 day,amitriptyline,15,mg/kg,Low,368,7,1,Male,Crj:CD(SD)IGS,0,,0,False,,True,True,False,no_finding_recorded
34174,/workspace/andre01/honzawa/02-playground/toxpatho-patch-selector/data/TGGATEs/WSI/Liver/29_day/34174.svs,29 day,iproniazid,0,mg/kg,Control,319,4,1,Male,Crj:CD(SD)IGS,0,,0,False,,True,True,False,no_finding_recorded
34175,/workspace/andre01/honzawa/02-playground/toxpatho-patch-selector/data/TGGATEs/WSI/Liver/15_day/34175.svs,15 day,amitriptyline,15,mg/kg,Low,368,7,2,Male,Crj:CD(SD)IGS,0,,0,False,,True,True,False,no_finding_recorded
34178,/workspace/andre01/honzawa/02-playground/toxpatho-patch-selector/data/TGGATEs/WSI/Liver/15_day/34178.svs,15 day,amitriptyline,15,mg/kg,Low,368,7,3,Male,Crj:CD(SD)IGS,0,,0,False,,True,True,False,no_finding_recorded
34179,/workspace/andre01/honzawa/02-playground/toxpatho-patch-selector/data/TGGATEs/WSI/Liver/29_day/34179.svs,29 day,iproniazid,0,mg/kg,Control,319,4,2,Male,Crj:CD(SD)IGS,0,,0,False,,True,True,False,no_finding_recorded
34180,/workspace/andre01/honzawa/02-playground/toxpatho-patch-selector/data/TGGATEs/WSI/Liver/15_day/34180.svs,15 day,amitriptyline,15,mg/kg,Low,368,7,4,Male,Crj:CD(SD)IGS,0,,0,False,,True,True,False,no_finding_recorded
34183,/workspace/andre01/honzawa/02-playground/toxpatho-patch-selector/data/TGGATEs/WSI/Liver/15_day/34183.svs,15 day,amitriptyline,15,mg/kg,Low,368,7,5,Male,Crj:CD(SD)IGS,0,,0,False,,True,True,False,no_finding_recorded
34184,/workspace/andre01/honzawa/02-playground/toxpatho-patch-selector/data/TGGATEs/WSI/Liver/29_day/34184.svs,29 day,iproniazid,0,mg/kg,Control,319,4,3,Male,Crj:CD(SD)IGS,0,,0,False,,True,True,False,no_finding_recorded
34185,/workspace/andre01/honzawa/02-playground/toxpatho-patch-selector/data/TGGATEs/WSI/Liver/29_day/34185.svs,29 day,amitriptyline,15,mg/kg,Low,368,8,1,Male,Crj:CD(SD)IGS,0,,0,False,,True,True,False,no_finding_recorded
34187,/workspace/andre01/honzawa/02-playground/toxpatho-patch-selector/data/TGGATEs/WSI/Liver/29_day/34187.svs,29 day,amitriptyline,15,mg/kg,Low,368,8,2,Male,Crj:CD(SD)IGS,0,,0,False,,True,True,False,no_finding_recorded
34189,/workspace/andre01/honzawa/02-playground/toxpatho-patch-selector/data/TGGATEs/WSI/Liver/29_day/34189.svs,29 day,iproniazid,0,mg/kg,Control,319,4,4,Male,Crj:CD(SD)IGS,0,,0,False,,True,True,False,no_finding_recorded
34190,/workspace/andre01/honzawa/02-playground/toxpatho-patch-selector/data/TGGATEs/WSI/Liver/29_day/34190.svs,29 day,amitriptyline,15,mg/kg,Low,368,8,3,Male,Crj:CD(SD)IGS,0,,0,False,,True,True,False,no_finding_recorded
34192,/workspace/andre01/honzawa/02-playground/toxpatho-patch-selector/data/TGGATEs/WSI/Liver/29_day/34192.svs,29 day,amitriptyline,15,mg/kg,Low,368,8,4,Male,Crj:CD(SD)IGS,0,,0,False,,True,True,False,no_finding_recorded
34193,/workspace/andre01/honzawa/02-playground/toxpatho-patch-selector/data/TGGATEs/WSI/Liver/29_day/34193.svs,29 day,amitriptyline,15,mg/kg,Low,368,8,5,Male,Crj:CD(SD)IGS,0,,0,False,,True,True,False,no_finding_recorded
34195,/workspace/andre01/honzawa/02-playground/toxpatho-patch-selector/data/TGGATEs/WSI/Liver/29_day/34195.svs,29 day,iproniazid,0,mg/kg,Control,319,4,5,Male,Crj:CD(SD)IGS,0,,0,False,,True,True,False,no_finding_recorded
34196,/workspace/andre01/honzawa/02-playground/toxpatho-patch-selector/data/TGGATEs/WSI/Liver/4_day/34196.svs,4 day,amitriptyline,50,mg/kg,Middle,368,9,1,Male,Crj:CD(SD)IGS,0,,0,False,,True,True,False,no_finding_recorded
34199,/workspace/andre01/honzawa/02-playground/toxpatho-patch-selector/data/TGGATEs/WSI/Liver/4_day/34199.svs,4 day,amitriptyline,50,mg/kg,Middle,368,9,2,Male,Crj:CD(SD)IGS,0,,0,False,,True,True,False,no_finding_recorded
34200,/workspace/andre01/honzawa/02-playground/toxpatho-patch-selector/data/TGGATEs/WSI/Liver/4_day/34200.svs,4 day,iproniazid,6,mg/kg,Low,319,5,1,Male,Crj:CD(SD)IGS,0,,0,False,,True,True,False,no_finding_recorded
34203,/workspace/andre01/honzawa/02-playground/toxpatho-patch-selector/data/TGGATEs/WSI/Liver/4_day/34203.svs,4 day,amitriptyline,50,mg/kg,Middle,368,9,3,Male,Crj:CD(SD)IGS,0,,0,False,,True,True,False,no_finding_recorded
34204,/workspace/andre01/honzawa/02-playground/toxpatho-patch-selector/data/TGGATEs/WSI/Liver/4_day/34204.svs,4 day,iproniazid,6,mg/kg,Low,319,5,2,Male,Crj:CD(SD)IGS,0,,0,False,,True,True,False,no_finding_recorded
34205,/workspace/andre01/honzawa/02-playground/toxpatho-patch-selector/data/TGGATEs/WSI/Liver/4_day/34205.svs,4 day,amitriptyline,50,mg/kg,Middle,368,9,4,Male,Crj:CD(SD)IGS,0,,0,False,,True,True,False,no_finding_recorded
34208,/workspace/andre01/honzawa/02-playground/toxpatho-patch-selector/data/TGGATEs/WSI/Liver/4_day/34208.svs,4 day,amitriptyline,50,mg/kg,Middle,368,9,5,Male,Crj:CD(SD)IGS,0,,0,False,,True,True,False,no_finding_recorded
34209,/workspace/andre01/honzawa/02-playground/toxpatho-patch-selector/data/TGGATEs/WSI/Liver/4_day/34209.svs,4 day,iproniazid,6,mg/kg,Low,319,5,3,Male,Crj:CD(SD)IGS,0,,0,False,,True,True,False,no_finding_recorded
34211,/workspace/andre01/honzawa/02-playground/toxpatho-patch-selector/data/TGGATEs/WSI/Liver/8_day/34211.svs,8 day,amitriptyline,50,mg/kg,Middle,368,10,1,Male,Crj:CD(SD)IGS,0,,0,False,,True,True,False,no_finding_recorded
34213,/workspace/andre01/honzawa/02-playground/toxpatho-patch-selector/data/TGGATEs/WSI/Liver/4_day/34213.svs,4 day,iproniazid,6,mg/kg,Low,319,5,4,Male,Crj:CD(SD)IGS,0,,0,False,,True,True,False,no_finding_recorded
34214,/workspace/andre01/honzawa/02-playground/toxpatho-patch-selector/data/TGGATEs/WSI/Liver/8_day/34214.svs,8 day,amitriptyline,50,mg/kg,Middle,368,10,2,Male,Crj:CD(SD)IGS,0,,0,False,,True,True,False,no_finding_recorded
34217,/workspace/andre01/honzawa/02-playground/toxpatho-patch-selector/data/TGGATEs/WSI/Liver/8_day/34217.svs,8 day,amitriptyline,50,mg/kg,Middle,368,10,3,Male,Crj:CD(SD)IGS,0,,0,False,,True,True,False,no_finding_recorded
34218,/workspace/andre01/honzawa/02-playground/toxpatho-patch-selector/data/TGGATEs/WSI/Liver/4_day/34218.svs,4 day,iproniazid,6,mg/kg,Low,319,5,5,Male,Crj:CD(SD)IGS,0,,0,False,,True,True,False,no_finding_recorded
34220,/workspace/andre01/honzawa/02-playground/toxpatho-patch-selector/data/TGGATEs/WSI/Liver/8_day/34220.svs,8 day,amitriptyline,50,mg/kg,Middle,368,10,4,Male,Crj:CD(SD)IGS,0,,0,False,,True,True,False,no_finding_recorded
34222,/workspace/andre01/honzawa/02-playground/toxpatho-patch-selector/data/TGGATEs/WSI/Liver/8_day/34222.svs,8 day,iproniazid,6,mg/kg,Low,319,6,1,Male,Crj:CD(SD)IGS,0,,0,False,,True,True,False,no_finding_recorded
34223,/workspace/andre01/honzawa/02-playground/toxpatho-patch-selector/data/TGGATEs/WSI/Liver/8_day/34223.svs,8 day,amitriptyline,50,mg/kg,Middle,368,10,5,Male,Crj:CD(SD)IGS,1,1.0,0,True,minimal,True,True,False,recorded_finding
34226,/workspace/andre01/honzawa/02-playground/toxpatho-patch-selector/data/TGGATEs/WSI/Liver/8_day/34226.svs,8 day,iproniazid,6,mg/kg,Low,319,6,2,Male,Crj:CD(SD)IGS,0,,0,False,,True,True,False,no_finding_recorded
34227,/workspace/andre01/honzawa/02-playground/toxpatho-patch-selector/data/TGGATEs/WSI/Liver/15_day/34227.svs,15 day,amitriptyline,50,mg/kg,Middle,368,11,1,Male,Crj:CD(SD)IGS,0,,0,False,,True,True,False,no_finding_recorded
34229,/workspace/andre01/honzawa/02-playground/toxpatho-patch-selector/data/TGGATEs/WSI/Liver/15_day/34229.svs,15 day,amitriptyline,50,mg/kg,Middle,368,11,2,Male,Crj:CD(SD)IGS,0,,0,False,,True,True,False,no_finding_recorded
34231,/workspace/andre01/honzawa/02-playground/toxpatho-patch-selector/data/TGGATEs/WSI/Liver/8_day/34231.svs,8 day,iproniazid,6,mg/kg,Low,319,6,3,Male,Crj:CD(SD)IGS,0,,0,False,,True,True,False,no_finding_recorded
34232,/workspace/andre01/honzawa/02-playground/toxpatho-patch-selector/data/TGGATEs/WSI/Liver/15_day/34232.svs,15 day,amitriptyline,50,mg/kg,Middle,368,11,3,Male,Crj:CD(SD)IGS,0,,0,False,,True,True,False,no_finding_recorded
34234,/workspace/andre01/honzawa/02-playground/toxpatho-patch-selector/data/TGGATEs/WSI/Liver/15_day/34234.svs,15 day,amitriptyline,50,mg/kg,Middle,368,11,4,Male,Crj:CD(SD)IGS,1,1.0,1,True,minimal,True,True,False,recorded_finding
34235,/workspace/andre01/honzawa/02-playground/toxpatho-patch-selector/data/TGGATEs/WSI/Liver/15_day/34235.svs,15 day,amitriptyline,50,mg/kg,Middle,368,11,5,Male,Crj:CD(SD)IGS,0,,0,False,,True,True,False,no_finding_recorded
34237,/workspace/andre01/honzawa/02-playground/toxpatho-patch-selector/data/TGGATEs/WSI/Liver/29_day/34237.svs,29 day,amitriptyline,50,mg/kg,Middle,368,12,1,Male,Crj:CD(SD)IGS,1,2.0,1,True,slight,True,True,False,recorded_finding
34238,/workspace/andre01/honzawa/02-playground/toxpatho-patch-selector/data/TGGATEs/WSI/Liver/29_day/34238.svs,29 day,amitriptyline,50,mg/kg,Middle,368,12,2,Male,Crj:CD(SD)IGS,2,2.0,2,True,slight,True,True,False,recorded_finding
34239,/workspace/andre01/honzawa/02-playground/toxpatho-patch-selector/data/TGGATEs/WSI/Liver/8_day/34239.svs,8 day,iproniazid,6,mg/kg,Low,319,6,4,Male,Crj:CD(SD)IGS,0,,0,False,,True,True,False,no_finding_recorded
34240,/workspace/andre01/honzawa/02-playground/toxpatho-patch-selector/data/TGGATEs/WSI/Liver/29_day/34240.svs,29 day,amitriptyline,50,mg/kg,Middle,368,12,3,Male,Crj:CD(SD)IGS,2,2.0,2,True,slight,True,True,False,recorded_finding
34243,/workspace/andre01/honzawa/02-playground/toxpatho-patch-selector/data/TGGATEs/WSI/Liver/8_day/34243.svs,8 day,iproniazid,6,mg/kg,Low,319,6,5,Male,Crj:CD(SD)IGS,0,,0,False,,True,True,False,no_finding_recorded
34244,/workspace/andre01/honzawa/02-playground/toxpatho-patch-selector/data/TGGATEs/WSI/Liver/29_day/34244.svs,29 day,amitriptyline,50,mg/kg,Middle,368,12,4,Male,Crj:CD(SD)IGS,2,2.0,2,True,slight,True,True,False,recorded_finding
34247,/workspace/andre01/honzawa/02-playground/toxpatho-patch-selector/data/TGGATEs/WSI/Liver/29_day/34247.svs,29 day,amitriptyline,50,mg/kg,Middle,368,12,5,Male,Crj:CD(SD)IGS,0,,0,False,,True,True,False,no_finding_recorded
34248,/workspace/andre01/honzawa/02-playground/toxpatho-patch-selector/data/TGGATEs/WSI/Liver/15_day/34248.svs,15 day,iproniazid,6,mg/kg,Low,319,7,1,Male,Crj:CD(SD)IGS,0,,0,False,,True,True,False,no_finding_recorded
34249,/workspace/andre01/honzawa/02-playground/toxpatho-patch-selector/data/TGGATEs/WSI/Liver/4_day/34249.svs,4 day,amitriptyline,150,mg/kg,High,368,13,1,Male,Crj:CD(SD)IGS,0,,0,False,,True,True,False,no_finding_recorded
34252,/workspace/andre01/honzawa/02-playground/toxpatho-patch-selector/data/TGGATEs/WSI/Liver/4_day/34252.svs,4 day,amitriptyline,150,mg/kg,High,368,13,2,Male,Crj:CD(SD)IGS,0,,0,False,,True,True,False,no_finding_recorded
34253,/workspace/andre01/honzawa/02-playground/toxpatho-patch-selector/data/TGGATEs/WSI/Liver/15_day/34253.svs,15 day,iproniazid,6,mg/kg,Low,319,7,2,Male,Crj:CD(SD)IGS,0,,0,False,,True,True,False,no_finding_recorded
34255,/workspace/andre01/honzawa/02-playground/toxpatho-patch-selector/data/TGGATEs/WSI/Liver/4_day/34255.svs,4 day,amitriptyline,150,mg/kg,High,368,13,3,Male,Crj:CD(SD)IGS,0,,0,False,,True,True,False,no_finding_recorded
34257,/workspace/andre01/honzawa/02-playground/toxpatho-patch-selector/data/TGGATEs/WSI/Liver/15_day/34257.svs,15 day,iproniazid,6,mg/kg,Low,319,7,3,Male,Crj:CD(SD)IGS,0,,0,False,,True,True,False,no_finding_recorded
34258,/workspace/andre01/honzawa/02-playground/toxpatho-patch-selector/data/TGGATEs/WSI/Liver/4_day/34258.svs,4 day,amitriptyline,150,mg/kg,High,368,13,4,Male,Crj:CD(SD)IGS,0,,0,False,,True,True,False,no_finding_recorded
34260,/workspace/andre01/honzawa/02-playground/toxpatho-patch-selector/data/TGGATEs/WSI/Liver/4_day/34260.svs,4 day,amitriptyline,150,mg/kg,High,368,13,5,Male,Crj:CD(SD)IGS,0,,0,False,,True,True,False,no_finding_recorded
34262,/workspace/andre01/honzawa/02-playground/toxpatho-patch-selector/data/TGGATEs/WSI/Liver/15_day/34262.svs,15 day,iproniazid,6,mg/kg,Low,319,7,4,Male,Crj:CD(SD)IGS,0,,0,False,,True,True,False,no_finding_recorded
34263,/workspace/andre01/honzawa/02-playground/toxpatho-patch-selector/data/TGGATEs/WSI/Liver/8_day/34263.svs,8 day,amitriptyline,150,mg/kg,High,368,14,1,Male,Crj:CD(SD)IGS,2,1.0,2,True,minimal,True,True,False,recorded_finding
34266,/workspace/andre01/honzawa/02-playground/toxpatho-patch-selector/data/TGGATEs/WSI/Liver/8_day/34266.svs,8 day,amitriptyline,150,mg/kg,High,368,14,2,Male,Crj:CD(SD)IGS,2,1.0,2,True,minimal,True,True,False,recorded_finding
34267,/workspace/andre01/honzawa/02-playground/toxpatho-patch-selector/data/TGGATEs/WSI/Liver/15_day/34267.svs,15 day,iproniazid,6,mg/kg,Low,319,7,5,Male,Crj:CD(SD)IGS,0,,0,False,,True,True,False,no_finding_recorded
34268,/workspace/andre01/honzawa/02-playground/toxpatho-patch-selector/data/TGGATEs/WSI/Liver/8_day/34268.svs,8 day,amitriptyline,150,mg/kg,High,368,14,3,Male,Crj:CD(SD)IGS,2,1.0,2,True,minimal,True,True,False,recorded_finding
34271,/workspace/andre01/honzawa/02-playground/toxpatho-patch-selector/data/TGGATEs/WSI/Liver/8_day/34271.svs,8 day,amitriptyline,150,mg/kg,High,368,14,4,Male,Crj:CD(SD)IGS,0,,0,False,,True,True,False,no_finding_recorded
34272,/workspace/andre01/honzawa/02-playground/toxpatho-patch-selector/data/TGGATEs/WSI/Liver/29_day/34272.svs,29 day,iproniazid,6,mg/kg,Low,319,8,1,Male,Crj:CD(SD)IGS,0,,0,False,,True,True,False,no_finding_recorded
34274,/workspace/andre01/honzawa/02-playground/toxpatho-patch-selector/data/TGGATEs/WSI/Liver/8_day/34274.svs,8 day,amitriptyline,150,mg/kg,High,368,14,5,Male,Crj:CD(SD)IGS,2,1.0,2,True,minimal,True,True,False,recorded_finding
34276,/workspace/andre01/honzawa/02-playground/toxpatho-patch-selector/data/TGGATEs/WSI/Liver/29_day/34276.svs,29 day,iproniazid,6,mg/kg,Low,319,8,2,Male,Crj:CD(SD)IGS,0,,0,False,,True,True,False,no_finding_recorded
34277,/workspace/andre01/honzawa/02-playground/toxpatho-patch-selector/data/TGGATEs/WSI/Liver/15_day/34277.svs,15 day,amitriptyline,150,mg/kg,High,368,15,1,Male,Crj:CD(SD)IGS,2,2.0,2,True,slight,True,True,False,recorded_finding
34278,/workspace/andre01/honzawa/02-playground/toxpatho-patch-selector/data/TGGATEs/WSI/Liver/15_day/34278.svs,15 day,amitriptyline,150,mg/kg,High,368,15,2,Male,Crj:CD(SD)IGS,2,2.0,2,True,slight,True,True,False,recorded_finding
34280,/workspace/andre01/honzawa/02-playground/toxpatho-patch-selector/data/TGGATEs/WSI/Liver/15_day/34280.svs,15 day,amitriptyline,150,mg/kg,High,368,15,3,Male,Crj:CD(SD)IGS,2,3.0,2,True,moderate,True,True,False,recorded_finding
34281,/workspace/andre01/honzawa/02-playground/toxpatho-patch-selector/data/TGGATEs/WSI/Liver/15_day/34281.svs,15 day,amitriptyline,150,mg/kg,High,368,15,4,Male,Crj:CD(SD)IGS,2,2.0,2,True,slight,True,True,False,recorded_finding
34283,/workspace/andre01/honzawa/02-playground/toxpatho-patch-selector/data/TGGATEs/WSI/Liver/29_day/34283.svs,29 day,iproniazid,6,mg/kg,Low,319,8,3,Male,Crj:CD(SD)IGS,0,,0,False,,True,True,False,no_finding_recorded
34284,/workspace/andre01/honzawa/02-playground/toxpatho-patch-selector/data/TGGATEs/WSI/Liver/15_day/34284.svs,15 day,amitriptyline,150,mg/kg,High,368,15,5,Male,Crj:CD(SD)IGS,2,2.0,2,True,slight,True,True,False,recorded_finding
34286,/workspace/andre01/honzawa/02-playground/toxpatho-patch-selector/data/TGGATEs/WSI/Liver/29_day/34286.svs,29 day,amitriptyline,150,mg/kg,High,368,16,1,Male,Crj:CD(SD)IGS,2,3.0,2,True,moderate,True,True,False,recorded_finding
34287,/workspace/andre01/honzawa/02-playground/toxpatho-patch-selector/data/TGGATEs/WSI/Liver/29_day/34287.svs,29 day,amitriptyline,150,mg/kg,High,368,16,3,Male,Crj:CD(SD)IGS,2,3.0,2,True,moderate,True,True,False,recorded_finding
34289,/workspace/andre01/honzawa/02-playground/toxpatho-patch-selector/data/TGGATEs/WSI/Liver/29_day/34289.svs,29 day,amitriptyline,150,mg/kg,High,368,16,4,Male,Crj:CD(SD)IGS,1,,1,True,,True,True,False,recorded_finding
34290,/workspace/andre01/honzawa/02-playground/toxpatho-patch-selector/data/TGGATEs/WSI/Liver/29_day/34290.svs,29 day,iproniazid,6,mg/kg,Low,319,8,4,Male,Crj:CD(SD)IGS,0,,0,False,,True,True,False,no_finding_recorded
34292,/workspace/andre01/honzawa/02-playground/toxpatho-patch-selector/data/TGGATEs/WSI/Liver/29_day/34292.svs,29 day,amitriptyline,150,mg/kg,High,368,16,5,Male,Crj:CD(SD)IGS,2,3.0,2,True,moderate,True,True,False,recorded_finding
34294,/workspace/andre01/honzawa/02-playground/toxpatho-patch-selector/data/TGGATEs/WSI/Liver/29_day/34294.svs,29 day,iproniazid,6,mg/kg,Low,319,8,5,Male,Crj:CD(SD)IGS,0,,0,False,,True,True,False,no_finding_recorded
34299,/workspace/andre01/honzawa/02-playground/toxpatho-patch-selector/data/TGGATEs/WSI/Liver/4_day/34299.svs,4 day,iproniazid,20,mg/kg,Middle,319,9,1,Male,Crj:CD(SD)IGS,0,,0,False,,True,True,False,no_finding_recorded
34304,/workspace/andre01/honzawa/02-playground/toxpatho-patch-selector/data/TGGATEs/WSI/Liver/4_day/34304.svs,4 day,iproniazid,20,mg/kg,Middle,319,9,2,Male,Crj:CD(SD)IGS,0,,0,False,,True,True,False,no_finding_recorded
34309,/workspace/andre01/honzawa/02-playground/toxpatho-patch-selector/data/TGGATEs/WSI/Liver/4_day/34309.svs,4 day,iproniazid,20,mg/kg,Middle,319,9,3,Male,Crj:CD(SD)IGS,0,,0,False,,True,True,False,no_finding_recorded
34314,/workspace/andre01/honzawa/02-playground/toxpatho-patch-selector/data/TGGATEs/WSI/Liver/4_day/34314.svs,4 day,iproniazid,20,mg/kg,Middle,319,9,4,Male,Crj:CD(SD)IGS,0,,0,False,,True,True,False,no_finding_recorded
34318,/workspace/andre01/honzawa/02-playground/toxpatho-patch-selector/data/TGGATEs/WSI/Liver/4_day/34318.svs,4 day,iproniazid,20,mg/kg,Middle,319,9,5,Male,Crj:CD(SD)IGS,0,,0,False,,True,True,False,no_finding_recorded
34323,/workspace/andre01/honzawa/02-playground/toxpatho-patch-selector/data/TGGATEs/WSI/Liver/8_day/34323.svs,8 day,iproniazid,20,mg/kg,Middle,319,10,1,Male,Crj:CD(SD)IGS,0,,0,False,,True,True,False,no_finding_recorded
34328,/workspace/andre01/honzawa/02-playground/toxpatho-patch-selector/data/TGGATEs/WSI/Liver/8_day/34328.svs,8 day,iproniazid,20,mg/kg,Middle,319,10,2,Male,Crj:CD(SD)IGS,0,,0,False,,True,True,False,no_finding_recorded
34332,/workspace/andre01/honzawa/02-playground/toxpatho-patch-selector/data/TGGATEs/WSI/Liver/8_day/34332.svs,8 day,iproniazid,20,mg/kg,Middle,319,10,3,Male,Crj:CD(SD)IGS,0,,0,False,,True,True,False,no_finding_recorded
34337,/workspace/andre01/honzawa/02-playground/toxpatho-patch-selector/data/TGGATEs/WSI/Liver/8_day/34337.svs,8 day,iproniazid,20,mg/kg,Middle,319,10,4,Male,Crj:CD(SD)IGS,0,,0,False,,True,True,False,no_finding_recorded
34341,/workspace/andre01/honzawa/02-playground/toxpatho-patch-selector/data/TGGATEs/WSI/Liver/8_day/34341.svs,8 day,iproniazid,20,mg/kg,Middle,319,10,5,Male,Crj:CD(SD)IGS,0,,0,False,,True,True,False,no_finding_recorded
34346,/workspace/andre01/honzawa/02-playground/toxpatho-patch-selector/data/TGGATEs/WSI/Liver/15_day/34346.svs,15 day,iproniazid,20,mg/kg,Middle,319,11,1,Male,Crj:CD(SD)IGS,0,,0,False,,True,True,False,no_finding_recorded
34350,/workspace/andre01/honzawa/02-playground/toxpatho-patch-selector/data/TGGATEs/WSI/Liver/15_day/34350.svs,15 day,iproniazid,20,mg/kg,Middle,319,11,2,Male,Crj:CD(SD)IGS,0,,0,False,,True,True,False,no_finding_recorded
34355,/workspace/andre01/honzawa/02-playground/toxpatho-patch-selector/data/TGGATEs/WSI/Liver/15_day/34355.svs,15 day,iproniazid,20,mg/kg,Middle,319,11,3,Male,Crj:CD(SD)IGS,0,,0,False,,True,True,False,no_finding_recorded
34360,/workspace/andre01/honzawa/02-playground/toxpatho-patch-selector/data/TGGATEs/WSI/Liver/15_day/34360.svs,15 day,iproniazid,20,mg/kg,Middle,319,11,4,Male,Crj:CD(SD)IGS,1,2.0,1,True,slight,True,True,False,recorded_finding
34365,/workspace/andre01/honzawa/02-playground/toxpatho-patch-selector/data/TGGATEs/WSI/Liver/15_day/34365.svs,15 day,iproniazid,20,mg/kg,Middle,319,11,5,Male,Crj:CD(SD)IGS,0,,0,False,,True,True,False,no_finding_recorded
34369,/workspace/andre01/honzawa/02-playground/toxpatho-patch-selector/data/TGGATEs/WSI/Liver/29_day/34369.svs,29 day,iproniazid,20,mg/kg,Middle,319,12,1,Male,Crj:CD(SD)IGS,1,2.0,1,True,slight,True,True,False,recorded_finding
34374,/workspace/andre01/honzawa/02-playground/toxpatho-patch-selector/data/TGGATEs/WSI/Liver/29_day/34374.svs,29 day,iproniazid,20,mg/kg,Middle,319,12,2,Male,Crj:CD(SD)IGS,0,,0,False,,True,True,False,no_finding_recorded
34379,/workspace/andre01/honzawa/02-playground/toxpatho-patch-selector/data/TGGATEs/WSI/Liver/29_day/34379.svs,29 day,iproniazid,20,mg/kg,Middle,319,12,3,Male,Crj:CD(SD)IGS,1,2.0,1,True,slight,True,True,False,recorded_finding
34383,/workspace/andre01/honzawa/02-playground/toxpatho-patch-selector/data/TGGATEs/WSI/Liver/29_day/34383.svs,29 day,iproniazid,20,mg/kg,Middle,319,12,4,Male,Crj:CD(SD)IGS,1,2.0,1,True,slight,True,True,False,recorded_finding
34388,/workspace/andre01/honzawa/02-playground/toxpatho-patch-selector/data/TGGATEs/WSI/Liver/29_day/34388.svs,29 day,iproniazid,20,mg/kg,Middle,319,12,5,Male,Crj:CD(SD)IGS,1,2.0,1,True,slight,True,True,False,recorded_finding
34392,/workspace/andre01/honzawa/02-playground/toxpatho-patch-selector/data/TGGATEs/WSI/Liver/4_day/34392.svs,4 day,iproniazid,60,mg/kg,High,319,13,1,Male,Crj:CD(SD)IGS,0,,0,False,,True,True,False,no_finding_recorded
34397,/workspace/andre01/honzawa/02-playground/toxpatho-patch-selector/data/TGGATEs/WSI/Liver/4_day/34397.svs,4 day,iproniazid,60,mg/kg,High,319,13,2,Male,Crj:CD(SD)IGS,0,,0,False,,True,True,False,no_finding_recorded
34401,/workspace/andre01/honzawa/02-playground/toxpatho-patch-selector/data/TGGATEs/WSI/Liver/4_day/34401.svs,4 day,iproniazid,60,mg/kg,High,319,13,3,Male,Crj:CD(SD)IGS,0,,0,False,,True,True,False,no_finding_recorded
34406,/workspace/andre01/honzawa/02-playground/toxpatho-patch-selector/data/TGGATEs/WSI/Liver/4_day/34406.svs,4 day,iproniazid,60,mg/kg,High,319,13,4,Male,Crj:CD(SD)IGS,0,,0,False,,True,True,False,no_finding_recorded
34410,/workspace/andre01/honzawa/02-playground/toxpatho-patch-selector/data/TGGATEs/WSI/Liver/4_day/34410.svs,4 day,iproniazid,60,mg/kg,High,319,13,5,Male,Crj:CD(SD)IGS,0,,0,False,,True,True,False,no_finding_recorded
34418,/workspace/andre01/honzawa/02-playground/toxpatho-patch-selector/data/TGGATEs/WSI/Liver/8_day/34418.svs,8 day,iproniazid,60,mg/kg,High,319,14,1,Male,Crj:CD(SD)IGS,0,,0,False,,True,True,False,no_finding_recorded
34423,/workspace/andre01/honzawa/02-playground/toxpatho-patch-selector/data/TGGATEs/WSI/Liver/8_day/34423.svs,8 day,iproniazid,60,mg/kg,High,319,14,2,Male,Crj:CD(SD)IGS,0,,0,False,,True,True,False,no_finding_recorded
34428,/workspace/andre01/honzawa/02-playground/toxpatho-patch-selector/data/TGGATEs/WSI/Liver/8_day/34428.svs,8 day,iproniazid,60,mg/kg,High,319,14,3,Male,Crj:CD(SD)IGS,0,,0,False,,True,True,False,no_finding_recorded
34432,/workspace/andre01/honzawa/02-playground/toxpatho-patch-selector/data/TGGATEs/WSI/Liver/8_day/34432.svs,8 day,iproniazid,60,mg/kg,High,319,14,4,Male,Crj:CD(SD)IGS,0,,0,False,,True,True,False,no_finding_recorded
34437,/workspace/andre01/honzawa/02-playground/toxpatho-patch-selector/data/TGGATEs/WSI/Liver/8_day/34437.svs,8 day,iproniazid,60,mg/kg,High,319,14,5,Male,Crj:CD(SD)IGS,0,,0,False,,True,True,False,no_finding_recorded
34442,/workspace/andre01/honzawa/02-playground/toxpatho-patch-selector/data/TGGATEs/WSI/Liver/15_day/34442.svs,15 day,iproniazid,60,mg/kg,High,319,15,1,Male,Crj:CD(SD)IGS,3,3.0,3,True,moderate,True,True,False,recorded_finding
34446,/workspace/andre01/honzawa/02-playground/toxpatho-patch-selector/data/TGGATEs/WSI/Liver/15_day/34446.svs,15 day,iproniazid,60,mg/kg,High,319,15,2,Male,Crj:CD(SD)IGS,3,3.0,3,True,moderate,True,True,False,recorded_finding
34451,/workspace/andre01/honzawa/02-playground/toxpatho-patch-selector/data/TGGATEs/WSI/Liver/15_day/34451.svs,15 day,iproniazid,60,mg/kg,High,319,15,3,Male,Crj:CD(SD)IGS,3,3.0,3,True,moderate,True,True,False,recorded_finding
34455,/workspace/andre01/honzawa/02-playground/toxpatho-patch-selector/data/TGGATEs/WSI/Liver/15_day/34455.svs,15 day,iproniazid,60,mg/kg,High,319,15,4,Male,Crj:CD(SD)IGS,3,3.0,3,True,moderate,True,True,False,recorded_finding
34460,/workspace/andre01/honzawa/02-playground/toxpatho-patch-selector/data/TGGATEs/WSI/Liver/15_day/34460.svs,15 day,iproniazid,60,mg/kg,High,319,15,5,Male,Crj:CD(SD)IGS,3,3.0,3,True,moderate,True,True,False,recorded_finding
34465,/workspace/andre01/honzawa/02-playground/toxpatho-patch-selector/data/TGGATEs/WSI/Liver/29_day/34465.svs,29 day,iproniazid,60,mg/kg,High,319,16,1,Male,Crj:CD(SD)IGS,4,3.0,4,True,moderate,True,True,False,recorded_finding
34470,/workspace/andre01/honzawa/02-playground/toxpatho-patch-selector/data/TGGATEs/WSI/Liver/29_day/34470.svs,29 day,iproniazid,60,mg/kg,High,319,16,2,Male,Crj:CD(SD)IGS,3,3.0,3,True,moderate,True,True,False,recorded_finding
34475,/workspace/andre01/honzawa/02-playground/toxpatho-patch-selector/data/TGGATEs/WSI/Liver/29_day/34475.svs,29 day,iproniazid,60,mg/kg,High,319,16,3,Male,Crj:CD(SD)IGS,3,3.0,3,True,moderate,True,True,False,recorded_finding
34480,/workspace/andre01/honzawa/02-playground/toxpatho-patch-selector/data/TGGATEs/WSI/Liver/29_day/34480.svs,29 day,iproniazid,60,mg/kg,High,319,16,4,Male,Crj:CD(SD)IGS,3,3.0,3,True,moderate,True,True,False,recorded_finding
34488,/workspace/andre01/honzawa/02-playground/toxpatho-patch-selector/data/TGGATEs/WSI/Liver/29_day/34488.svs,29 day,iproniazid,60,mg/kg,High,319,16,5,Male,Crj:CD(SD)IGS,3,3.0,3,True,moderate,True,True,False,recorded_finding
34496,/workspace/andre01/honzawa/02-playground/toxpatho-patch-selector/data/TGGATEs/WSI/Liver/4_day/34496.svs,4 day,naproxen,0,mg/kg,Control,348,1,1,Male,Crj:CD(SD)IGS,0,,0,False,,True,True,False,no_finding_recorded
34500,/workspace/andre01/honzawa/02-playground/toxpatho-patch-selector/data/TGGATEs/WSI/Liver/4_day/34500.svs,4 day,naproxen,0,mg/kg,Control,348,1,2,Male,Crj:CD(SD)IGS,0,,0,False,,True,True,False,no_finding_recorded
34505,/workspace/andre01/honzawa/02-playground/toxpatho-patch-selector/data/TGGATEs/WSI/Liver/4_day/34505.svs,4 day,naproxen,0,mg/kg,Control,348,1,3,Male,Crj:CD(SD)IGS,0,,0,False,,True,True,False,no_finding_recorded
34510,/workspace/andre01/honzawa/02-playground/toxpatho-patch-selector/data/TGGATEs/WSI/Liver/4_day/34510.svs,4 day,naproxen,0,mg/kg,Control,348,1,4,Male,Crj:CD(SD)IGS,0,,0,False,,True,True,False,no_finding_recorded
34514,/workspace/andre01/honzawa/02-playground/toxpatho-patch-selector/data/TGGATEs/WSI/Liver/4_day/34514.svs,4 day,naproxen,0,mg/kg,Control,348,1,5,Male,Crj:CD(SD)IGS,0,,0,False,,True,True,False,no_finding_recorded
34519,/workspace/andre01/honzawa/02-playground/toxpatho-patch-selector/data/TGGATEs/WSI/Liver/8_day/34519.svs,8 day,naproxen,0,mg/kg,Control,348,2,1,Male,Crj:CD(SD)IGS,0,,0,False,,True,True,False,no_finding_recorded
34523,/workspace/andre01/honzawa/02-playground/toxpatho-patch-selector/data/TGGATEs/WSI/Liver/8_day/34523.svs,8 day,naproxen,0,mg/kg,Control,348,2,2,Male,Crj:CD(SD)IGS,0,,0,False,,True,True,False,no_finding_recorded
34528,/workspace/andre01/honzawa/02-playground/toxpatho-patch-selector/data/TGGATEs/WSI/Liver/8_day/34528.svs,8 day,naproxen,0,mg/kg,Control,348,2,3,Male,Crj:CD(SD)IGS,0,,0,False,,True,True,False,no_finding_recorded
34533,/workspace/andre01/honzawa/02-playground/toxpatho-patch-selector/data/TGGATEs/WSI/Liver/8_day/34533.svs,8 day,naproxen,0,mg/kg,Control,348,2,4,Male,Crj:CD(SD)IGS,0,,0,False,,True,True,False,no_finding_recorded
34538,/workspace/andre01/honzawa/02-playground/toxpatho-patch-selector/data/TGGATEs/WSI/Liver/8_day/34538.svs,8 day,naproxen,0,mg/kg,Control,348,2,5,Male,Crj:CD(SD)IGS,0,,0,False,,True,True,False,no_finding_recorded
34542,/workspace/andre01/honzawa/02-playground/toxpatho-patch-selector/data/TGGATEs/WSI/Liver/15_day/34542.svs,15 day,naproxen,0,mg/kg,Control,348,3,1,Male,Crj:CD(SD)IGS,0,,0,False,,True,True,False,no_finding_recorded
34547,/workspace/andre01/honzawa/02-playground/toxpatho-patch-selector/data/TGGATEs/WSI/Liver/15_day/34547.svs,15 day,naproxen,0,mg/kg,Control,348,3,2,Male,Crj:CD(SD)IGS,0,,0,False,,True,True,False,no_finding_recorded
34551,/workspace/andre01/honzawa/02-playground/toxpatho-patch-selector/data/TGGATEs/WSI/Liver/15_day/34551.svs,15 day,naproxen,0,mg/kg,Control,348,3,3,Male,Crj:CD(SD)IGS,0,,0,False,,True,True,False,no_finding_recorded
34555,/workspace/andre01/honzawa/02-playground/toxpatho-patch-selector/data/TGGATEs/WSI/Liver/15_day/34555.svs,15 day,naproxen,0,mg/kg,Control,348,3,4,Male,Crj:CD(SD)IGS,0,,0,False,,True,True,False,no_finding_recorded
34560,/workspace/andre01/honzawa/02-playground/toxpatho-patch-selector/data/TGGATEs/WSI/Liver/15_day/34560.svs,15 day,naproxen,0,mg/kg,Control,348,3,5,Male,Crj:CD(SD)IGS,0,,0,False,,True,True,False,no_finding_recorded
34565,/workspace/andre01/honzawa/02-playground/toxpatho-patch-selector/data/TGGATEs/WSI/Liver/29_day/34565.svs,29 day,naproxen,0,mg/kg,Control,348,4,1,Male,Crj:CD(SD)IGS,0,,0,False,,True,True,False,no_finding_recorded
34569,/workspace/andre01/honzawa/02-playground/toxpatho-patch-selector/data/TGGATEs/WSI/Liver/29_day/34569.svs,29 day,naproxen,0,mg/kg,Control,348,4,2,Male,Crj:CD(SD)IGS,0,,0,False,,True,True,False,no_finding_recorded
34574,/workspace/andre01/honzawa/02-playground/toxpatho-patch-selector/data/TGGATEs/WSI/Liver/29_day/34574.svs,29 day,naproxen,0,mg/kg,Control,348,4,3,Male,Crj:CD(SD)IGS,0,,0,False,,True,True,False,no_finding_recorded
34579,/workspace/andre01/honzawa/02-playground/toxpatho-patch-selector/data/TGGATEs/WSI/Liver/29_day/34579.svs,29 day,naproxen,0,mg/kg,Control,348,4,4,Male,Crj:CD(SD)IGS,0,,0,False,,True,True,False,no_finding_recorded
34583,/workspace/andre01/honzawa/02-playground/toxpatho-patch-selector/data/TGGATEs/WSI/Liver/29_day/34583.svs,29 day,naproxen,0,mg/kg,Control,348,4,5,Male,Crj:CD(SD)IGS,0,,0,False,,True,True,False,no_finding_recorded
34588,/workspace/andre01/honzawa/02-playground/toxpatho-patch-selector/data/TGGATEs/WSI/Liver/4_day/34588.svs,4 day,naproxen,6,mg/kg,Low,348,5,1,Male,Crj:CD(SD)IGS,0,,0,False,,True,True,False,no_finding_recorded
34592,/workspace/andre01/honzawa/02-playground/toxpatho-patch-selector/data/TGGATEs/WSI/Liver/4_day/34592.svs,4 day,naproxen,6,mg/kg,Low,348,5,2,Male,Crj:CD(SD)IGS,0,,0,False,,True,True,False,no_finding_recorded
34597,/workspace/andre01/honzawa/02-playground/toxpatho-patch-selector/data/TGGATEs/WSI/Liver/4_day/34597.svs,4 day,naproxen,6,mg/kg,Low,348,5,3,Male,Crj:CD(SD)IGS,0,,0,False,,True,True,False,no_finding_recorded
34601,/workspace/andre01/honzawa/02-playground/toxpatho-patch-selector/data/TGGATEs/WSI/Liver/4_day/34601.svs,4 day,naproxen,6,mg/kg,Low,348,5,4,Male,Crj:CD(SD)IGS,0,,0,False,,True,True,False,no_finding_recorded
34606,/workspace/andre01/honzawa/02-playground/toxpatho-patch-selector/data/TGGATEs/WSI/Liver/4_day/34606.svs,4 day,naproxen,6,mg/kg,Low,348,5,5,Male,Crj:CD(SD)IGS,0,,0,False,,True,True,False,no_finding_recorded
34610,/workspace/andre01/honzawa/02-playground/toxpatho-patch-selector/data/TGGATEs/WSI/Liver/8_day/34610.svs,8 day,naproxen,6,mg/kg,Low,348,6,1,Male,Crj:CD(SD)IGS,0,,0,False,,True,True,False,no_finding_recorded
34614,/workspace/andre01/honzawa/02-playground/toxpatho-patch-selector/data/TGGATEs/WSI/Liver/8_day/34614.svs,8 day,naproxen,6,mg/kg,Low,348,6,2,Male,Crj:CD(SD)IGS,0,,0,False,,True,True,False,no_finding_recorded
34619,/workspace/andre01/honzawa/02-playground/toxpatho-patch-selector/data/TGGATEs/WSI/Liver/8_day/34619.svs,8 day,naproxen,6,mg/kg,Low,348,6,3,Male,Crj:CD(SD)IGS,0,,0,False,,True,True,False,no_finding_recorded
34624,/workspace/andre01/honzawa/02-playground/toxpatho-patch-selector/data/TGGATEs/WSI/Liver/8_day/34624.svs,8 day,naproxen,6,mg/kg,Low,348,6,4,Male,Crj:CD(SD)IGS,0,,0,False,,True,True,False,no_finding_recorded
34633,/workspace/andre01/honzawa/02-playground/toxpatho-patch-selector/data/TGGATEs/WSI/Liver/15_day/34633.svs,15 day,naproxen,6,mg/kg,Low,348,7,1,Male,Crj:CD(SD)IGS,0,,0,False,,True,True,False,no_finding_recorded
34638,/workspace/andre01/honzawa/02-playground/toxpatho-patch-selector/data/TGGATEs/WSI/Liver/15_day/34638.svs,15 day,naproxen,6,mg/kg,Low,348,7,2,Male,Crj:CD(SD)IGS,0,,0,False,,True,True,False,no_finding_recorded
34647,/workspace/andre01/honzawa/02-playground/toxpatho-patch-selector/data/TGGATEs/WSI/Liver/15_day/34647.svs,15 day,naproxen,6,mg/kg,Low,348,7,4,Male,Crj:CD(SD)IGS,0,,0,False,,True,True,False,no_finding_recorded
34652,/workspace/andre01/honzawa/02-playground/toxpatho-patch-selector/data/TGGATEs/WSI/Liver/15_day/34652.svs,15 day,naproxen,6,mg/kg,Low,348,7,5,Male,Crj:CD(SD)IGS,0,,0,False,,True,True,False,no_finding_recorded
34657,/workspace/andre01/honzawa/02-playground/toxpatho-patch-selector/data/TGGATEs/WSI/Liver/29_day/34657.svs,29 day,naproxen,6,mg/kg,Low,348,8,1,Male,Crj:CD(SD)IGS,0,,0,False,,True,True,False,no_finding_recorded
34661,/workspace/andre01/honzawa/02-playground/toxpatho-patch-selector/data/TGGATEs/WSI/Liver/29_day/34661.svs,29 day,naproxen,6,mg/kg,Low,348,8,2,Male,Crj:CD(SD)IGS,0,,0,False,,True,True,False,no_finding_recorded
34667,/workspace/andre01/honzawa/02-playground/toxpatho-patch-selector/data/TGGATEs/WSI/Liver/29_day/34667.svs,29 day,naproxen,6,mg/kg,Low,348,8,3,Male,Crj:CD(SD)IGS,0,,0,False,,True,True,False,no_finding_recorded
34672,/workspace/andre01/honzawa/02-playground/toxpatho-patch-selector/data/TGGATEs/WSI/Liver/29_day/34672.svs,29 day,naproxen,6,mg/kg,Low,348,8,4,Male,Crj:CD(SD)IGS,0,,0,False,,True,True,False,no_finding_recorded
34677,/workspace/andre01/honzawa/02-playground/toxpatho-patch-selector/data/TGGATEs/WSI/Liver/29_day/34677.svs,29 day,naproxen,6,mg/kg,Low,348,8,5,Male,Crj:CD(SD)IGS,0,,0,False,,True,True,False,no_finding_recorded
34683,/workspace/andre01/honzawa/02-playground/toxpatho-patch-selector/data/TGGATEs/WSI/Liver/4_day/34683.svs,4 day,naproxen,20,mg/kg,Middle,348,9,1,Male,Crj:CD(SD)IGS,0,,0,False,,True,True,False,no_finding_recorded
34687,/workspace/andre01/honzawa/02-playground/toxpatho-patch-selector/data/TGGATEs/WSI/Liver/4_day/34687.svs,4 day,naproxen,20,mg/kg,Middle,348,9,2,Male,Crj:CD(SD)IGS,0,,0,False,,True,True,False,no_finding_recorded
34692,/workspace/andre01/honzawa/02-playground/toxpatho-patch-selector/data/TGGATEs/WSI/Liver/4_day/34692.svs,4 day,naproxen,20,mg/kg,Middle,348,9,3,Male,Crj:CD(SD)IGS,0,,0,False,,True,True,False,no_finding_recorded
34697,/workspace/andre01/honzawa/02-playground/toxpatho-patch-selector/data/TGGATEs/WSI/Liver/4_day/34697.svs,4 day,naproxen,20,mg/kg,Middle,348,9,4,Male,Crj:CD(SD)IGS,0,,0,False,,True,True,False,no_finding_recorded
34702,/workspace/andre01/honzawa/02-playground/toxpatho-patch-selector/data/TGGATEs/WSI/Liver/4_day/34702.svs,4 day,naproxen,20,mg/kg,Middle,348,9,5,Male,Crj:CD(SD)IGS,0,,0,False,,True,True,False,no_finding_recorded
34706,/workspace/andre01/honzawa/02-playground/toxpatho-patch-selector/data/TGGATEs/WSI/Liver/8_day/34706.svs,8 day,naproxen,20,mg/kg,Middle,348,10,1,Male,Crj:CD(SD)IGS,0,,0,False,,True,True,False,no_finding_recorded
34715,/workspace/andre01/honzawa/02-playground/toxpatho-patch-selector/data/TGGATEs/WSI/Liver/8_day/34715.svs,8 day,naproxen,20,mg/kg,Middle,348,10,2,Male,Crj:CD(SD)IGS,0,,0,False,,True,True,False,no_finding_recorded
34721,/workspace/andre01/honzawa/02-playground/toxpatho-patch-selector/data/TGGATEs/WSI/Liver/8_day/34721.svs,8 day,naproxen,20,mg/kg,Middle,348,10,3,Male,Crj:CD(SD)IGS,0,,0,False,,True,True,False,no_finding_recorded
34725,/workspace/andre01/honzawa/02-playground/toxpatho-patch-selector/data/TGGATEs/WSI/Liver/8_day/34725.svs,8 day,naproxen,20,mg/kg,Middle,348,10,4,Male,Crj:CD(SD)IGS,0,,0,False,,True,True,False,no_finding_recorded
34730,/workspace/andre01/honzawa/02-playground/toxpatho-patch-selector/data/TGGATEs/WSI/Liver/8_day/34730.svs,8 day,naproxen,20,mg/kg,Middle,348,10,5,Male,Crj:CD(SD)IGS,0,,0,False,,True,True,False,no_finding_recorded
34735,/workspace/andre01/honzawa/02-playground/toxpatho-patch-selector/data/TGGATEs/WSI/Liver/15_day/34735.svs,15 day,naproxen,20,mg/kg,Middle,348,11,1,Male,Crj:CD(SD)IGS,0,,0,False,,True,True,False,no_finding_recorded
34740,/workspace/andre01/honzawa/02-playground/toxpatho-patch-selector/data/TGGATEs/WSI/Liver/15_day/34740.svs,15 day,naproxen,20,mg/kg,Middle,348,11,2,Male,Crj:CD(SD)IGS,0,,0,False,,True,True,False,no_finding_recorded
34745,/workspace/andre01/honzawa/02-playground/toxpatho-patch-selector/data/TGGATEs/WSI/Liver/15_day/34745.svs,15 day,naproxen,20,mg/kg,Middle,348,11,3,Male,Crj:CD(SD)IGS,0,,0,False,,True,True,False,no_finding_recorded
34749,/workspace/andre01/honzawa/02-playground/toxpatho-patch-selector/data/TGGATEs/WSI/Liver/15_day/34749.svs,15 day,naproxen,20,mg/kg,Middle,348,11,4,Male,Crj:CD(SD)IGS,0,,0,False,,True,True,False,no_finding_recorded
34754,/workspace/andre01/honzawa/02-playground/toxpatho-patch-selector/data/TGGATEs/WSI/Liver/15_day/34754.svs,15 day,naproxen,20,mg/kg,Middle,348,11,5,Male,Crj:CD(SD)IGS,0,,0,False,,True,True,False,no_finding_recorded
34759,/workspace/andre01/honzawa/02-playground/toxpatho-patch-selector/data/TGGATEs/WSI/Liver/29_day/34759.svs,29 day,naproxen,20,mg/kg,Middle,348,12,1,Male,Crj:CD(SD)IGS,0,,0,False,,True,True,False,no_finding_recorded
34764,/workspace/andre01/honzawa/02-playground/toxpatho-patch-selector/data/TGGATEs/WSI/Liver/29_day/34764.svs,29 day,naproxen,20,mg/kg,Middle,348,12,2,Male,Crj:CD(SD)IGS,0,,0,False,,True,True,False,no_finding_recorded
34770,/workspace/andre01/honzawa/02-playground/toxpatho-patch-selector/data/TGGATEs/WSI/Liver/29_day/34770.svs,29 day,naproxen,20,mg/kg,Middle,348,12,3,Male,Crj:CD(SD)IGS,0,,0,False,,True,True,False,no_finding_recorded
34776,/workspace/andre01/honzawa/02-playground/toxpatho-patch-selector/data/TGGATEs/WSI/Liver/29_day/34776.svs,29 day,naproxen,20,mg/kg,Middle,348,12,4,Male,Crj:CD(SD)IGS,0,,0,False,,True,True,False,no_finding_recorded
34781,/workspace/andre01/honzawa/02-playground/toxpatho-patch-selector/data/TGGATEs/WSI/Liver/29_day/34781.svs,29 day,naproxen,20,mg/kg,Middle,348,12,5,Male,Crj:CD(SD)IGS,0,,0,False,,True,True,False,no_finding_recorded
34787,/workspace/andre01/honzawa/02-playground/toxpatho-patch-selector/data/TGGATEs/WSI/Liver/4_day/34787.svs,4 day,naproxen,60,mg/kg,High,348,13,1,Male,Crj:CD(SD)IGS,2,2.0,2,True,slight,True,True,False,recorded_finding
34792,/workspace/andre01/honzawa/02-playground/toxpatho-patch-selector/data/TGGATEs/WSI/Liver/4_day/34792.svs,4 day,naproxen,60,mg/kg,High,348,13,2,Male,Crj:CD(SD)IGS,3,3.0,3,True,moderate,True,True,False,recorded_finding
34796,/workspace/andre01/honzawa/02-playground/toxpatho-patch-selector/data/TGGATEs/WSI/Liver/4_day/34796.svs,4 day,naproxen,60,mg/kg,High,348,13,3,Male,Crj:CD(SD)IGS,1,2.0,1,True,slight,True,True,False,recorded_finding
34805,/workspace/andre01/honzawa/02-playground/toxpatho-patch-selector/data/TGGATEs/WSI/Liver/4_day/34805.svs,4 day,naproxen,60,mg/kg,High,348,13,5,Male,Crj:CD(SD)IGS,1,2.0,1,True,slight,True,True,False,recorded_finding
34809,/workspace/andre01/honzawa/02-playground/toxpatho-patch-selector/data/TGGATEs/WSI/Liver/8_day/34809.svs,8 day,naproxen,60,mg/kg,High,348,14,1,Male,Crj:CD(SD)IGS,1,2.0,1,True,slight,True,True,False,recorded_finding
34815,/workspace/andre01/honzawa/02-playground/toxpatho-patch-selector/data/TGGATEs/WSI/Liver/8_day/34815.svs,8 day,naproxen,60,mg/kg,High,348,14,2,Male,Crj:CD(SD)IGS,1,2.0,1,True,slight,True,True,False,recorded_finding
34820,/workspace/andre01/honzawa/02-playground/toxpatho-patch-selector/data/TGGATEs/WSI/Liver/8_day/34820.svs,8 day,naproxen,60,mg/kg,High,348,14,3,Male,Crj:CD(SD)IGS,1,2.0,1,True,slight,True,True,False,recorded_finding
34824,/workspace/andre01/honzawa/02-playground/toxpatho-patch-selector/data/TGGATEs/WSI/Liver/8_day/34824.svs,8 day,naproxen,60,mg/kg,High,348,14,4,Male,Crj:CD(SD)IGS,1,2.0,1,True,slight,True,True,False,recorded_finding
34831,/workspace/andre01/honzawa/02-playground/toxpatho-patch-selector/data/TGGATEs/WSI/Liver/15_day/34831.svs,15 day,naproxen,60,mg/kg,High,348,15,1,Male,Crj:CD(SD)IGS,0,,0,False,,True,True,False,no_finding_recorded
34835,/workspace/andre01/honzawa/02-playground/toxpatho-patch-selector/data/TGGATEs/WSI/Liver/15_day/34835.svs,15 day,naproxen,60,mg/kg,High,348,15,4,Male,Crj:CD(SD)IGS,1,2.0,1,True,slight,True,True,False,recorded_finding
34840,/workspace/andre01/honzawa/02-playground/toxpatho-patch-selector/data/TGGATEs/WSI/Liver/15_day/34840.svs,15 day,naproxen,60,mg/kg,High,348,16,1,Male,Crj:CD(SD)IGS,1,2.0,1,True,slight,True,True,False,recorded_finding
34844,/workspace/andre01/honzawa/02-playground/toxpatho-patch-selector/data/TGGATEs/WSI/Liver/15_day/34844.svs,15 day,naproxen,60,mg/kg,High,348,16,2,Male,Crj:CD(SD)IGS,1,2.0,1,True,slight,True,True,False,recorded_finding
34910,/workspace/andre01/honzawa/02-playground/toxpatho-patch-selector/data/TGGATEs/WSI/Liver/4_day/34910.svs,4 day,fenofibrate,0,mg/kg,Control,434,1,1,Male,Crj:CD(SD)IGS,0,,0,False,,True,True,False,no_finding_recorded
34912,/workspace/andre01/honzawa/02-playground/toxpatho-patch-selector/data/TGGATEs/WSI/Liver/4_day/34912.svs,4 day,fenofibrate,0,mg/kg,Control,434,1,2,Male,Crj:CD(SD)IGS,0,,0,False,,True,True,False,no_finding_recorded
34915,/workspace/andre01/honzawa/02-playground/toxpatho-patch-selector/data/TGGATEs/WSI/Liver/4_day/34915.svs,4 day,fenofibrate,0,mg/kg,Control,434,1,3,Male,Crj:CD(SD)IGS,0,,0,False,,True,True,False,no_finding_recorded
34917,/workspace/andre01/honzawa/02-playground/toxpatho-patch-selector/data/TGGATEs/WSI/Liver/4_day/34917.svs,4 day,fenofibrate,0,mg/kg,Control,434,1,4,Male,Crj:CD(SD)IGS,0,,0,False,,True,True,False,no_finding_recorded
34920,/workspace/andre01/honzawa/02-playground/toxpatho-patch-selector/data/TGGATEs/WSI/Liver/4_day/34920.svs,4 day,fenofibrate,0,mg/kg,Control,434,1,5,Male,Crj:CD(SD)IGS,0,,0,False,,True,True,False,no_finding_recorded
34922,/workspace/andre01/honzawa/02-playground/toxpatho-patch-selector/data/TGGATEs/WSI/Liver/8_day/34922.svs,8 day,fenofibrate,0,mg/kg,Control,434,2,1,Male,Crj:CD(SD)IGS,0,,0,False,,True,True,False,no_finding_recorded
34924,/workspace/andre01/honzawa/02-playground/toxpatho-patch-selector/data/TGGATEs/WSI/Liver/8_day/34924.svs,8 day,fenofibrate,0,mg/kg,Control,434,2,2,Male,Crj:CD(SD)IGS,0,,0,False,,True,True,False,no_finding_recorded
34927,/workspace/andre01/honzawa/02-playground/toxpatho-patch-selector/data/TGGATEs/WSI/Liver/8_day/34927.svs,8 day,fenofibrate,0,mg/kg,Control,434,2,3,Male,Crj:CD(SD)IGS,0,,0,False,,True,True,False,no_finding_recorded
34929,/workspace/andre01/honzawa/02-playground/toxpatho-patch-selector/data/TGGATEs/WSI/Liver/8_day/34929.svs,8 day,fenofibrate,0,mg/kg,Control,434,2,4,Male,Crj:CD(SD)IGS,0,,0,False,,True,True,False,no_finding_recorded
34932,/workspace/andre01/honzawa/02-playground/toxpatho-patch-selector/data/TGGATEs/WSI/Liver/8_day/34932.svs,8 day,fenofibrate,0,mg/kg,Control,434,2,5,Male,Crj:CD(SD)IGS,0,,0,False,,True,True,False,no_finding_recorded
34934,/workspace/andre01/honzawa/02-playground/toxpatho-patch-selector/data/TGGATEs/WSI/Liver/15_day/34934.svs,15 day,fenofibrate,0,mg/kg,Control,434,3,1,Male,Crj:CD(SD)IGS,0,,0,False,,True,True,False,no_finding_recorded
34937,/workspace/andre01/honzawa/02-playground/toxpatho-patch-selector/data/TGGATEs/WSI/Liver/15_day/34937.svs,15 day,fenofibrate,0,mg/kg,Control,434,3,2,Male,Crj:CD(SD)IGS,0,,0,False,,True,True,False,no_finding_recorded
34939,/workspace/andre01/honzawa/02-playground/toxpatho-patch-selector/data/TGGATEs/WSI/Liver/15_day/34939.svs,15 day,fenofibrate,0,mg/kg,Control,434,3,3,Male,Crj:CD(SD)IGS,0,,0,False,,True,True,False,no_finding_recorded
34942,/workspace/andre01/honzawa/02-playground/toxpatho-patch-selector/data/TGGATEs/WSI/Liver/15_day/34942.svs,15 day,fenofibrate,0,mg/kg,Control,434,3,4,Male,Crj:CD(SD)IGS,0,,0,False,,True,True,False,no_finding_recorded
34944,/workspace/andre01/honzawa/02-playground/toxpatho-patch-selector/data/TGGATEs/WSI/Liver/15_day/34944.svs,15 day,fenofibrate,0,mg/kg,Control,434,3,5,Male,Crj:CD(SD)IGS,0,,0,False,,True,True,False,no_finding_recorded
34947,/workspace/andre01/honzawa/02-playground/toxpatho-patch-selector/data/TGGATEs/WSI/Liver/29_day/34947.svs,29 day,fenofibrate,0,mg/kg,Control,434,4,1,Male,Crj:CD(SD)IGS,0,,0,False,,True,True,False,no_finding_recorded
34950,/workspace/andre01/honzawa/02-playground/toxpatho-patch-selector/data/TGGATEs/WSI/Liver/29_day/34950.svs,29 day,fenofibrate,0,mg/kg,Control,434,4,2,Male,Crj:CD(SD)IGS,0,,0,False,,True,True,False,no_finding_recorded
34952,/workspace/andre01/honzawa/02-playground/toxpatho-patch-selector/data/TGGATEs/WSI/Liver/29_day/34952.svs,29 day,fenofibrate,0,mg/kg,Control,434,4,3,Male,Crj:CD(SD)IGS,0,,0,False,,True,True,False,no_finding_recorded
34955,/workspace/andre01/honzawa/02-playground/toxpatho-patch-selector/data/TGGATEs/WSI/Liver/29_day/34955.svs,29 day,fenofibrate,0,mg/kg,Control,434,4,4,Male,Crj:CD(SD)IGS,0,,0,False,,True,True,False,no_finding_recorded
34958,/workspace/andre01/honzawa/02-playground/toxpatho-patch-selector/data/TGGATEs/WSI/Liver/29_day/34958.svs,29 day,fenofibrate,0,mg/kg,Control,434,4,5,Male,Crj:CD(SD)IGS,0,,0,False,,True,True,False,no_finding_recorded
34961,/workspace/andre01/honzawa/02-playground/toxpatho-patch-selector/data/TGGATEs/WSI/Liver/4_day/34961.svs,4 day,fenofibrate,10,mg/kg,Low,434,5,1,Male,Crj:CD(SD)IGS,0,,0,False,,True,True,False,no_finding_recorded
34964,/workspace/andre01/honzawa/02-playground/toxpatho-patch-selector/data/TGGATEs/WSI/Liver/4_day/34964.svs,4 day,fenofibrate,10,mg/kg,Low,434,5,2,Male,Crj:CD(SD)IGS,0,,0,False,,True,True,False,no_finding_recorded
34967,/workspace/andre01/honzawa/02-playground/toxpatho-patch-selector/data/TGGATEs/WSI/Liver/4_day/34967.svs,4 day,fenofibrate,10,mg/kg,Low,434,5,3,Male,Crj:CD(SD)IGS,0,,0,False,,True,True,False,no_finding_recorded
34970,/workspace/andre01/honzawa/02-playground/toxpatho-patch-selector/data/TGGATEs/WSI/Liver/4_day/34970.svs,4 day,fenofibrate,10,mg/kg,Low,434,5,4,Male,Crj:CD(SD)IGS,0,,0,False,,True,True,False,no_finding_recorded
34972,/workspace/andre01/honzawa/02-playground/toxpatho-patch-selector/data/TGGATEs/WSI/Liver/4_day/34972.svs,4 day,fenofibrate,10,mg/kg,Low,434,5,5,Male,Crj:CD(SD)IGS,0,,0,False,,True,True,False,no_finding_recorded
34975,/workspace/andre01/honzawa/02-playground/toxpatho-patch-selector/data/TGGATEs/WSI/Liver/8_day/34975.svs,8 day,fenofibrate,10,mg/kg,Low,434,6,1,Male,Crj:CD(SD)IGS,0,,0,False,,True,True,False,no_finding_recorded
34978,/workspace/andre01/honzawa/02-playground/toxpatho-patch-selector/data/TGGATEs/WSI/Liver/8_day/34978.svs,8 day,fenofibrate,10,mg/kg,Low,434,6,2,Male,Crj:CD(SD)IGS,0,,0,False,,True,True,False,no_finding_recorded
34980,/workspace/andre01/honzawa/02-playground/toxpatho-patch-selector/data/TGGATEs/WSI/Liver/8_day/34980.svs,8 day,fenofibrate,10,mg/kg,Low,434,6,3,Male,Crj:CD(SD)IGS,0,,0,False,,True,True,False,no_finding_recorded
34983,/workspace/andre01/honzawa/02-playground/toxpatho-patch-selector/data/TGGATEs/WSI/Liver/8_day/34983.svs,8 day,fenofibrate,10,mg/kg,Low,434,6,4,Male,Crj:CD(SD)IGS,0,,0,False,,True,True,False,no_finding_recorded
34986,/workspace/andre01/honzawa/02-playground/toxpatho-patch-selector/data/TGGATEs/WSI/Liver/8_day/34986.svs,8 day,fenofibrate,10,mg/kg,Low,434,6,5,Male,Crj:CD(SD)IGS,0,,0,False,,True,True,False,no_finding_recorded
34989,/workspace/andre01/honzawa/02-playground/toxpatho-patch-selector/data/TGGATEs/WSI/Liver/15_day/34989.svs,15 day,fenofibrate,10,mg/kg,Low,434,7,1,Male,Crj:CD(SD)IGS,0,,0,False,,True,True,False,no_finding_recorded
34992,/workspace/andre01/honzawa/02-playground/toxpatho-patch-selector/data/TGGATEs/WSI/Liver/15_day/34992.svs,15 day,fenofibrate,10,mg/kg,Low,434,7,2,Male,Crj:CD(SD)IGS,0,,0,False,,True,True,False,no_finding_recorded
34994,/workspace/andre01/honzawa/02-playground/toxpatho-patch-selector/data/TGGATEs/WSI/Liver/15_day/34994.svs,15 day,fenofibrate,10,mg/kg,Low,434,7,3,Male,Crj:CD(SD)IGS,0,,0,False,,True,True,False,no_finding_recorded
34997,/workspace/andre01/honzawa/02-playground/toxpatho-patch-selector/data/TGGATEs/WSI/Liver/15_day/34997.svs,15 day,fenofibrate,10,mg/kg,Low,434,7,4,Male,Crj:CD(SD)IGS,0,,0,False,,True,True,False,no_finding_recorded
35000,/workspace/andre01/honzawa/02-playground/toxpatho-patch-selector/data/TGGATEs/WSI/Liver/15_day/35000.svs,15 day,fenofibrate,10,mg/kg,Low,434,7,5,Male,Crj:CD(SD)IGS,1,1.0,1,True,minimal,True,True,False,recorded_finding
35003,/workspace/andre01/honzawa/02-playground/toxpatho-patch-selector/data/TGGATEs/WSI/Liver/29_day/35003.svs,29 day,fenofibrate,10,mg/kg,Low,434,8,1,Male,Crj:CD(SD)IGS,1,1.0,1,True,minimal,True,True,False,recorded_finding
35006,/workspace/andre01/honzawa/02-playground/toxpatho-patch-selector/data/TGGATEs/WSI/Liver/29_day/35006.svs,29 day,fenofibrate,10,mg/kg,Low,434,8,2,Male,Crj:CD(SD)IGS,1,1.0,1,True,minimal,True,True,False,recorded_finding
35008,/workspace/andre01/honzawa/02-playground/toxpatho-patch-selector/data/TGGATEs/WSI/Liver/29_day/35008.svs,29 day,fenofibrate,10,mg/kg,Low,434,8,3,Male,Crj:CD(SD)IGS,1,1.0,1,True,minimal,True,True,False,recorded_finding
35011,/workspace/andre01/honzawa/02-playground/toxpatho-patch-selector/data/TGGATEs/WSI/Liver/29_day/35011.svs,29 day,fenofibrate,10,mg/kg,Low,434,8,4,Male,Crj:CD(SD)IGS,1,1.0,1,True,minimal,True,True,False,recorded_finding
35014,/workspace/andre01/honzawa/02-playground/toxpatho-patch-selector/data/TGGATEs/WSI/Liver/29_day/35014.svs,29 day,fenofibrate,10,mg/kg,Low,434,8,5,Male,Crj:CD(SD)IGS,1,1.0,1,True,minimal,True,True,False,recorded_finding
35017,/workspace/andre01/honzawa/02-playground/toxpatho-patch-selector/data/TGGATEs/WSI/Liver/4_day/35017.svs,4 day,fenofibrate,100,mg/kg,Middle,434,9,1,Male,Crj:CD(SD)IGS,2,1.0,2,True,minimal,True,True,False,recorded_finding
35020,/workspace/andre01/honzawa/02-playground/toxpatho-patch-selector/data/TGGATEs/WSI/Liver/4_day/35020.svs,4 day,fenofibrate,100,mg/kg,Middle,434,9,2,Male,Crj:CD(SD)IGS,2,1.0,2,True,minimal,True,True,False,recorded_finding
35023,/workspace/andre01/honzawa/02-playground/toxpatho-patch-selector/data/TGGATEs/WSI/Liver/4_day/35023.svs,4 day,fenofibrate,100,mg/kg,Middle,434,9,3,Male,Crj:CD(SD)IGS,2,1.0,2,True,minimal,True,True,False,recorded_finding
35025,/workspace/andre01/honzawa/02-playground/toxpatho-patch-selector/data/TGGATEs/WSI/Liver/4_day/35025.svs,4 day,fenofibrate,100,mg/kg,Middle,434,9,4,Male,Crj:CD(SD)IGS,2,1.0,2,True,minimal,True,True,False,recorded_finding
35028,/workspace/andre01/honzawa/02-playground/toxpatho-patch-selector/data/TGGATEs/WSI/Liver/4_day/35028.svs,4 day,fenofibrate,100,mg/kg,Middle,434,9,5,Male,Crj:CD(SD)IGS,2,1.0,2,True,minimal,True,True,False,recorded_finding
35031,/workspace/andre01/honzawa/02-playground/toxpatho-patch-selector/data/TGGATEs/WSI/Liver/8_day/35031.svs,8 day,fenofibrate,100,mg/kg,Middle,434,10,1,Male,Crj:CD(SD)IGS,1,1.0,1,True,minimal,True,True,False,recorded_finding
35033,/workspace/andre01/honzawa/02-playground/toxpatho-patch-selector/data/TGGATEs/WSI/Liver/8_day/35033.svs,8 day,fenofibrate,100,mg/kg,Middle,434,10,2,Male,Crj:CD(SD)IGS,1,2.0,1,True,slight,True,True,False,recorded_finding
35036,/workspace/andre01/honzawa/02-playground/toxpatho-patch-selector/data/TGGATEs/WSI/Liver/8_day/35036.svs,8 day,fenofibrate,100,mg/kg,Middle,434,10,3,Male,Crj:CD(SD)IGS,1,2.0,1,True,slight,True,True,False,recorded_finding
35039,/workspace/andre01/honzawa/02-playground/toxpatho-patch-selector/data/TGGATEs/WSI/Liver/8_day/35039.svs,8 day,fenofibrate,100,mg/kg,Middle,434,10,4,Male,Crj:CD(SD)IGS,1,2.0,1,True,slight,True,True,False,recorded_finding
35041,/workspace/andre01/honzawa/02-playground/toxpatho-patch-selector/data/TGGATEs/WSI/Liver/8_day/35041.svs,8 day,fenofibrate,100,mg/kg,Middle,434,10,5,Male,Crj:CD(SD)IGS,1,2.0,1,True,slight,True,True,False,recorded_finding
35045,/workspace/andre01/honzawa/02-playground/toxpatho-patch-selector/data/TGGATEs/WSI/Liver/15_day/35045.svs,15 day,fenofibrate,100,mg/kg,Middle,434,11,1,Male,Crj:CD(SD)IGS,1,2.0,1,True,slight,True,True,False,recorded_finding
35048,/workspace/andre01/honzawa/02-playground/toxpatho-patch-selector/data/TGGATEs/WSI/Liver/15_day/35048.svs,15 day,fenofibrate,100,mg/kg,Middle,434,11,2,Male,Crj:CD(SD)IGS,1,2.0,1,True,slight,True,True,False,recorded_finding
35052,/workspace/andre01/honzawa/02-playground/toxpatho-patch-selector/data/TGGATEs/WSI/Liver/15_day/35052.svs,15 day,fenofibrate,100,mg/kg,Middle,434,11,3,Male,Crj:CD(SD)IGS,1,2.0,1,True,slight,True,True,False,recorded_finding
35054,/workspace/andre01/honzawa/02-playground/toxpatho-patch-selector/data/TGGATEs/WSI/Liver/15_day/35054.svs,15 day,fenofibrate,100,mg/kg,Middle,434,11,4,Male,Crj:CD(SD)IGS,1,2.0,1,True,slight,True,True,False,recorded_finding
35058,/workspace/andre01/honzawa/02-playground/toxpatho-patch-selector/data/TGGATEs/WSI/Liver/15_day/35058.svs,15 day,fenofibrate,100,mg/kg,Middle,434,11,5,Male,Crj:CD(SD)IGS,1,2.0,1,True,slight,True,True,False,recorded_finding
35061,/workspace/andre01/honzawa/02-playground/toxpatho-patch-selector/data/TGGATEs/WSI/Liver/29_day/35061.svs,29 day,fenofibrate,100,mg/kg,Middle,434,12,1,Male,Crj:CD(SD)IGS,1,2.0,1,True,slight,True,True,False,recorded_finding
35064,/workspace/andre01/honzawa/02-playground/toxpatho-patch-selector/data/TGGATEs/WSI/Liver/29_day/35064.svs,29 day,fenofibrate,100,mg/kg,Middle,434,12,2,Male,Crj:CD(SD)IGS,1,2.0,1,True,slight,True,True,False,recorded_finding
35067,/workspace/andre01/honzawa/02-playground/toxpatho-patch-selector/data/TGGATEs/WSI/Liver/29_day/35067.svs,29 day,fenofibrate,100,mg/kg,Middle,434,12,3,Male,Crj:CD(SD)IGS,1,2.0,1,True,slight,True,True,False,recorded_finding
35070,/workspace/andre01/honzawa/02-playground/toxpatho-patch-selector/data/TGGATEs/WSI/Liver/29_day/35070.svs,29 day,fenofibrate,100,mg/kg,Middle,434,12,4,Male,Crj:CD(SD)IGS,1,3.0,1,True,moderate,True,True,False,recorded_finding
35073,/workspace/andre01/honzawa/02-playground/toxpatho-patch-selector/data/TGGATEs/WSI/Liver/29_day/35073.svs,29 day,fenofibrate,100,mg/kg,Middle,434,12,5,Male,Crj:CD(SD)IGS,1,2.0,1,True,slight,True,True,False,recorded_finding
35076,/workspace/andre01/honzawa/02-playground/toxpatho-patch-selector/data/TGGATEs/WSI/Liver/4_day/35076.svs,4 day,fenofibrate,1000,mg/kg,High,434,13,1,Male,Crj:CD(SD)IGS,2,1.0,2,True,minimal,True,True,False,recorded_finding
35079,/workspace/andre01/honzawa/02-playground/toxpatho-patch-selector/data/TGGATEs/WSI/Liver/4_day/35079.svs,4 day,fenofibrate,1000,mg/kg,High,434,13,2,Male,Crj:CD(SD)IGS,2,1.0,2,True,minimal,True,True,False,recorded_finding
35082,/workspace/andre01/honzawa/02-playground/toxpatho-patch-selector/data/TGGATEs/WSI/Liver/4_day/35082.svs,4 day,fenofibrate,1000,mg/kg,High,434,13,3,Male,Crj:CD(SD)IGS,2,1.0,2,True,minimal,True,True,False,recorded_finding
35085,/workspace/andre01/honzawa/02-playground/toxpatho-patch-selector/data/TGGATEs/WSI/Liver/4_day/35085.svs,4 day,fenofibrate,1000,mg/kg,High,434,13,4,Male,Crj:CD(SD)IGS,2,1.0,2,True,minimal,True,True,False,recorded_finding
35087,/workspace/andre01/honzawa/02-playground/toxpatho-patch-selector/data/TGGATEs/WSI/Liver/4_day/35087.svs,4 day,fenofibrate,1000,mg/kg,High,434,13,5,Male,Crj:CD(SD)IGS,2,1.0,2,True,minimal,True,True,False,recorded_finding
35090,/workspace/andre01/honzawa/02-playground/toxpatho-patch-selector/data/TGGATEs/WSI/Liver/8_day/35090.svs,8 day,fenofibrate,1000,mg/kg,High,434,14,1,Male,Crj:CD(SD)IGS,1,2.0,1,True,slight,True,True,False,recorded_finding
35093,/workspace/andre01/honzawa/02-playground/toxpatho-patch-selector/data/TGGATEs/WSI/Liver/8_day/35093.svs,8 day,fenofibrate,1000,mg/kg,High,434,14,2,Male,Crj:CD(SD)IGS,1,2.0,1,True,slight,True,True,False,recorded_finding
35095,/workspace/andre01/honzawa/02-playground/toxpatho-patch-selector/data/TGGATEs/WSI/Liver/8_day/35095.svs,8 day,fenofibrate,1000,mg/kg,High,434,14,3,Male,Crj:CD(SD)IGS,1,2.0,1,True,slight,True,True,False,recorded_finding
35098,/workspace/andre01/honzawa/02-playground/toxpatho-patch-selector/data/TGGATEs/WSI/Liver/8_day/35098.svs,8 day,fenofibrate,1000,mg/kg,High,434,14,4,Male,Crj:CD(SD)IGS,1,2.0,1,True,slight,True,True,False,recorded_finding
35101,/workspace/andre01/honzawa/02-playground/toxpatho-patch-selector/data/TGGATEs/WSI/Liver/8_day/35101.svs,8 day,fenofibrate,1000,mg/kg,High,434,14,5,Male,Crj:CD(SD)IGS,1,2.0,1,True,slight,True,True,False,recorded_finding
35104,/workspace/andre01/honzawa/02-playground/toxpatho-patch-selector/data/TGGATEs/WSI/Liver/15_day/35104.svs,15 day,fenofibrate,1000,mg/kg,High,434,15,1,Male,Crj:CD(SD)IGS,1,3.0,1,True,moderate,True,True,False,recorded_finding
35107,/workspace/andre01/honzawa/02-playground/toxpatho-patch-selector/data/TGGATEs/WSI/Liver/15_day/35107.svs,15 day,fenofibrate,1000,mg/kg,High,434,15,2,Male,Crj:CD(SD)IGS,1,3.0,1,True,moderate,True,True,False,recorded_finding
35110,/workspace/andre01/honzawa/02-playground/toxpatho-patch-selector/data/TGGATEs/WSI/Liver/15_day/35110.svs,15 day,fenofibrate,1000,mg/kg,High,434,15,3,Male,Crj:CD(SD)IGS,1,3.0,1,True,moderate,True,True,False,recorded_finding
35112,/workspace/andre01/honzawa/02-playground/toxpatho-patch-selector/data/TGGATEs/WSI/Liver/15_day/35112.svs,15 day,fenofibrate,1000,mg/kg,High,434,15,4,Male,Crj:CD(SD)IGS,1,3.0,1,True,moderate,True,True,False,recorded_finding
35115,/workspace/andre01/honzawa/02-playground/toxpatho-patch-selector/data/TGGATEs/WSI/Liver/15_day/35115.svs,15 day,fenofibrate,1000,mg/kg,High,434,15,5,Male,Crj:CD(SD)IGS,1,3.0,1,True,moderate,True,True,False,recorded_finding
35118,/workspace/andre01/honzawa/02-playground/toxpatho-patch-selector/data/TGGATEs/WSI/Liver/29_day/35118.svs,29 day,fenofibrate,1000,mg/kg,High,434,16,1,Male,Crj:CD(SD)IGS,1,3.0,1,True,moderate,True,True,False,recorded_finding
35121,/workspace/andre01/honzawa/02-playground/toxpatho-patch-selector/data/TGGATEs/WSI/Liver/29_day/35121.svs,29 day,fenofibrate,1000,mg/kg,High,434,16,2,Male,Crj:CD(SD)IGS,1,3.0,1,True,moderate,True,True,False,recorded_finding
35124,/workspace/andre01/honzawa/02-playground/toxpatho-patch-selector/data/TGGATEs/WSI/Liver/29_day/35124.svs,29 day,fenofibrate,1000,mg/kg,High,434,16,3,Male,Crj:CD(SD)IGS,1,3.0,1,True,moderate,True,True,False,recorded_finding
35127,/workspace/andre01/honzawa/02-playground/toxpatho-patch-selector/data/TGGATEs/WSI/Liver/29_day/35127.svs,29 day,fenofibrate,1000,mg/kg,High,434,16,4,Male,Crj:CD(SD)IGS,1,3.0,1,True,moderate,True,True,False,recorded_finding
35130,/workspace/andre01/honzawa/02-playground/toxpatho-patch-selector/data/TGGATEs/WSI/Liver/29_day/35130.svs,29 day,fenofibrate,1000,mg/kg,High,434,16,5,Male,Crj:CD(SD)IGS,1,3.0,1,True,moderate,True,True,False,recorded_finding
36008,/workspace/andre01/honzawa/02-playground/toxpatho-patch-selector/data/TGGATEs/WSI/Liver/4_day/36008.svs,4 day,ethambutol,0,mg/kg,Control,391,1,1,Male,Crj:CD(SD)IGS,0,,0,False,,True,True,False,no_finding_recorded
36014,/workspace/andre01/honzawa/02-playground/toxpatho-patch-selector/data/TGGATEs/WSI/Liver/4_day/36014.svs,4 day,ethambutol,0,mg/kg,Control,391,1,2,Male,Crj:CD(SD)IGS,0,,0,False,,True,True,False,no_finding_recorded
36020,/workspace/andre01/honzawa/02-playground/toxpatho-patch-selector/data/TGGATEs/WSI/Liver/4_day/36020.svs,4 day,ethambutol,0,mg/kg,Control,391,1,3,Male,Crj:CD(SD)IGS,0,,0,False,,True,True,False,no_finding_recorded
36027,/workspace/andre01/honzawa/02-playground/toxpatho-patch-selector/data/TGGATEs/WSI/Liver/4_day/36027.svs,4 day,ethambutol,0,mg/kg,Control,391,1,4,Male,Crj:CD(SD)IGS,0,,0,False,,True,True,False,no_finding_recorded
36033,/workspace/andre01/honzawa/02-playground/toxpatho-patch-selector/data/TGGATEs/WSI/Liver/4_day/36033.svs,4 day,ethambutol,0,mg/kg,Control,391,1,5,Male,Crj:CD(SD)IGS,0,,0,False,,True,True,False,no_finding_recorded
36039,/workspace/andre01/honzawa/02-playground/toxpatho-patch-selector/data/TGGATEs/WSI/Liver/8_day/36039.svs,8 day,ethambutol,0,mg/kg,Control,391,2,1,Male,Crj:CD(SD)IGS,0,,0,False,,True,True,False,no_finding_recorded
36045,/workspace/andre01/honzawa/02-playground/toxpatho-patch-selector/data/TGGATEs/WSI/Liver/8_day/36045.svs,8 day,ethambutol,0,mg/kg,Control,391,2,2,Male,Crj:CD(SD)IGS,0,,0,False,,True,True,False,no_finding_recorded
36051,/workspace/andre01/honzawa/02-playground/toxpatho-patch-selector/data/TGGATEs/WSI/Liver/8_day/36051.svs,8 day,ethambutol,0,mg/kg,Control,391,2,3,Male,Crj:CD(SD)IGS,0,,0,False,,True,True,False,no_finding_recorded
36057,/workspace/andre01/honzawa/02-playground/toxpatho-patch-selector/data/TGGATEs/WSI/Liver/8_day/36057.svs,8 day,ethambutol,0,mg/kg,Control,391,2,4,Male,Crj:CD(SD)IGS,0,,0,False,,True,True,False,no_finding_recorded
36063,/workspace/andre01/honzawa/02-playground/toxpatho-patch-selector/data/TGGATEs/WSI/Liver/8_day/36063.svs,8 day,ethambutol,0,mg/kg,Control,391,2,5,Male,Crj:CD(SD)IGS,0,,0,False,,True,True,False,no_finding_recorded
36069,/workspace/andre01/honzawa/02-playground/toxpatho-patch-selector/data/TGGATEs/WSI/Liver/15_day/36069.svs,15 day,ethambutol,0,mg/kg,Control,391,3,1,Male,Crj:CD(SD)IGS,0,,0,False,,True,True,False,no_finding_recorded
36076,/workspace/andre01/honzawa/02-playground/toxpatho-patch-selector/data/TGGATEs/WSI/Liver/15_day/36076.svs,15 day,ethambutol,0,mg/kg,Control,391,3,2,Male,Crj:CD(SD)IGS,0,,0,False,,True,True,False,no_finding_recorded
36082,/workspace/andre01/honzawa/02-playground/toxpatho-patch-selector/data/TGGATEs/WSI/Liver/15_day/36082.svs,15 day,ethambutol,0,mg/kg,Control,391,3,3,Male,Crj:CD(SD)IGS,0,,0,False,,True,True,False,no_finding_recorded
36089,/workspace/andre01/honzawa/02-playground/toxpatho-patch-selector/data/TGGATEs/WSI/Liver/15_day/36089.svs,15 day,ethambutol,0,mg/kg,Control,391,3,4,Male,Crj:CD(SD)IGS,0,,0,False,,True,True,False,no_finding_recorded
36095,/workspace/andre01/honzawa/02-playground/toxpatho-patch-selector/data/TGGATEs/WSI/Liver/15_day/36095.svs,15 day,ethambutol,0,mg/kg,Control,391,3,5,Male,Crj:CD(SD)IGS,0,,0,False,,True,True,False,no_finding_recorded
36101,/workspace/andre01/honzawa/02-playground/toxpatho-patch-selector/data/TGGATEs/WSI/Liver/29_day/36101.svs,29 day,ethambutol,0,mg/kg,Control,391,4,1,Male,Crj:CD(SD)IGS,0,,0,False,,True,True,False,no_finding_recorded
36108,/workspace/andre01/honzawa/02-playground/toxpatho-patch-selector/data/TGGATEs/WSI/Liver/29_day/36108.svs,29 day,ethambutol,0,mg/kg,Control,391,4,2,Male,Crj:CD(SD)IGS,0,,0,False,,True,True,False,no_finding_recorded
36115,/workspace/andre01/honzawa/02-playground/toxpatho-patch-selector/data/TGGATEs/WSI/Liver/29_day/36115.svs,29 day,ethambutol,0,mg/kg,Control,391,4,3,Male,Crj:CD(SD)IGS,0,,0,False,,True,True,False,no_finding_recorded
36124,/workspace/andre01/honzawa/02-playground/toxpatho-patch-selector/data/TGGATEs/WSI/Liver/29_day/36124.svs,29 day,ethambutol,0,mg/kg,Control,391,4,4,Male,Crj:CD(SD)IGS,0,,0,False,,True,True,False,no_finding_recorded
36130,/workspace/andre01/honzawa/02-playground/toxpatho-patch-selector/data/TGGATEs/WSI/Liver/29_day/36130.svs,29 day,ethambutol,0,mg/kg,Control,391,4,5,Male,Crj:CD(SD)IGS,0,,0,False,,True,True,False,no_finding_recorded
36137,/workspace/andre01/honzawa/02-playground/toxpatho-patch-selector/data/TGGATEs/WSI/Liver/4_day/36137.svs,4 day,ethambutol,100,mg/kg,Low,391,5,1,Male,Crj:CD(SD)IGS,0,,0,False,,True,True,False,no_finding_recorded
36143,/workspace/andre01/honzawa/02-playground/toxpatho-patch-selector/data/TGGATEs/WSI/Liver/4_day/36143.svs,4 day,ethambutol,100,mg/kg,Low,391,5,2,Male,Crj:CD(SD)IGS,0,,0,False,,True,True,False,no_finding_recorded
36149,/workspace/andre01/honzawa/02-playground/toxpatho-patch-selector/data/TGGATEs/WSI/Liver/4_day/36149.svs,4 day,ethambutol,100,mg/kg,Low,391,5,3,Male,Crj:CD(SD)IGS,0,,0,False,,True,True,False,no_finding_recorded
36156,/workspace/andre01/honzawa/02-playground/toxpatho-patch-selector/data/TGGATEs/WSI/Liver/4_day/36156.svs,4 day,ethambutol,100,mg/kg,Low,391,5,4,Male,Crj:CD(SD)IGS,0,,0,False,,True,True,False,no_finding_recorded
36162,/workspace/andre01/honzawa/02-playground/toxpatho-patch-selector/data/TGGATEs/WSI/Liver/4_day/36162.svs,4 day,ethambutol,100,mg/kg,Low,391,5,5,Male,Crj:CD(SD)IGS,0,,0,False,,True,True,False,no_finding_recorded
36168,/workspace/andre01/honzawa/02-playground/toxpatho-patch-selector/data/TGGATEs/WSI/Liver/8_day/36168.svs,8 day,ethambutol,100,mg/kg,Low,391,6,1,Male,Crj:CD(SD)IGS,0,,0,False,,True,True,False,no_finding_recorded
36174,/workspace/andre01/honzawa/02-playground/toxpatho-patch-selector/data/TGGATEs/WSI/Liver/8_day/36174.svs,8 day,ethambutol,100,mg/kg,Low,391,6,2,Male,Crj:CD(SD)IGS,0,,0,False,,True,True,False,no_finding_recorded
36181,/workspace/andre01/honzawa/02-playground/toxpatho-patch-selector/data/TGGATEs/WSI/Liver/8_day/36181.svs,8 day,ethambutol,100,mg/kg,Low,391,6,3,Male,Crj:CD(SD)IGS,0,,0,False,,True,True,False,no_finding_recorded
36188,/workspace/andre01/honzawa/02-playground/toxpatho-patch-selector/data/TGGATEs/WSI/Liver/8_day/36188.svs,8 day,ethambutol,100,mg/kg,Low,391,6,4,Male,Crj:CD(SD)IGS,0,,0,False,,True,True,False,no_finding_recorded
36194,/workspace/andre01/honzawa/02-playground/toxpatho-patch-selector/data/TGGATEs/WSI/Liver/8_day/36194.svs,8 day,ethambutol,100,mg/kg,Low,391,6,5,Male,Crj:CD(SD)IGS,0,,0,False,,True,True,False,no_finding_recorded
36200,/workspace/andre01/honzawa/02-playground/toxpatho-patch-selector/data/TGGATEs/WSI/Liver/15_day/36200.svs,15 day,ethambutol,100,mg/kg,Low,391,7,1,Male,Crj:CD(SD)IGS,1,2.0,1,True,slight,True,True,False,recorded_finding
36206,/workspace/andre01/honzawa/02-playground/toxpatho-patch-selector/data/TGGATEs/WSI/Liver/15_day/36206.svs,15 day,ethambutol,100,mg/kg,Low,391,7,2,Male,Crj:CD(SD)IGS,1,2.0,1,True,slight,True,True,False,recorded_finding
36213,/workspace/andre01/honzawa/02-playground/toxpatho-patch-selector/data/TGGATEs/WSI/Liver/15_day/36213.svs,15 day,ethambutol,100,mg/kg,Low,391,7,3,Male,Crj:CD(SD)IGS,0,,0,False,,True,True,False,no_finding_recorded
36219,/workspace/andre01/honzawa/02-playground/toxpatho-patch-selector/data/TGGATEs/WSI/Liver/15_day/36219.svs,15 day,ethambutol,100,mg/kg,Low,391,7,4,Male,Crj:CD(SD)IGS,0,,0,False,,True,True,False,no_finding_recorded
36226,/workspace/andre01/honzawa/02-playground/toxpatho-patch-selector/data/TGGATEs/WSI/Liver/15_day/36226.svs,15 day,ethambutol,100,mg/kg,Low,391,7,5,Male,Crj:CD(SD)IGS,0,,0,False,,True,True,False,no_finding_recorded
36232,/workspace/andre01/honzawa/02-playground/toxpatho-patch-selector/data/TGGATEs/WSI/Liver/29_day/36232.svs,29 day,ethambutol,100,mg/kg,Low,391,8,1,Male,Crj:CD(SD)IGS,2,2.0,2,True,slight,True,True,False,recorded_finding
36239,/workspace/andre01/honzawa/02-playground/toxpatho-patch-selector/data/TGGATEs/WSI/Liver/29_day/36239.svs,29 day,ethambutol,100,mg/kg,Low,391,8,2,Male,Crj:CD(SD)IGS,2,2.0,2,True,slight,True,True,False,recorded_finding
36245,/workspace/andre01/honzawa/02-playground/toxpatho-patch-selector/data/TGGATEs/WSI/Liver/29_day/36245.svs,29 day,ethambutol,100,mg/kg,Low,391,8,3,Male,Crj:CD(SD)IGS,2,3.0,2,True,moderate,True,True,False,recorded_finding
36252,/workspace/andre01/honzawa/02-playground/toxpatho-patch-selector/data/TGGATEs/WSI/Liver/29_day/36252.svs,29 day,ethambutol,100,mg/kg,Low,391,8,4,Male,Crj:CD(SD)IGS,2,3.0,2,True,moderate,True,True,False,recorded_finding
36259,/workspace/andre01/honzawa/02-playground/toxpatho-patch-selector/data/TGGATEs/WSI/Liver/29_day/36259.svs,29 day,ethambutol,100,mg/kg,Low,391,8,5,Male,Crj:CD(SD)IGS,2,2.0,2,True,slight,True,True,False,recorded_finding
36266,/workspace/andre01/honzawa/02-playground/toxpatho-patch-selector/data/TGGATEs/WSI/Liver/4_day/36266.svs,4 day,ethambutol,300,mg/kg,Middle,391,9,1,Male,Crj:CD(SD)IGS,0,,0,False,,True,True,False,no_finding_recorded
36272,/workspace/andre01/honzawa/02-playground/toxpatho-patch-selector/data/TGGATEs/WSI/Liver/4_day/36272.svs,4 day,ethambutol,300,mg/kg,Middle,391,9,2,Male,Crj:CD(SD)IGS,0,,0,False,,True,True,False,no_finding_recorded
36278,/workspace/andre01/honzawa/02-playground/toxpatho-patch-selector/data/TGGATEs/WSI/Liver/4_day/36278.svs,4 day,ethambutol,300,mg/kg,Middle,391,9,3,Male,Crj:CD(SD)IGS,0,,0,False,,True,True,False,no_finding_recorded
36284,/workspace/andre01/honzawa/02-playground/toxpatho-patch-selector/data/TGGATEs/WSI/Liver/4_day/36284.svs,4 day,ethambutol,300,mg/kg,Middle,391,9,4,Male,Crj:CD(SD)IGS,0,,0,False,,True,True,False,no_finding_recorded
36291,/workspace/andre01/honzawa/02-playground/toxpatho-patch-selector/data/TGGATEs/WSI/Liver/4_day/36291.svs,4 day,ethambutol,300,mg/kg,Middle,391,9,5,Male,Crj:CD(SD)IGS,0,,0,False,,True,True,False,no_finding_recorded
36297,/workspace/andre01/honzawa/02-playground/toxpatho-patch-selector/data/TGGATEs/WSI/Liver/8_day/36297.svs,8 day,ethambutol,300,mg/kg,Middle,391,10,1,Male,Crj:CD(SD)IGS,2,2.0,2,True,slight,True,True,False,recorded_finding
36304,/workspace/andre01/honzawa/02-playground/toxpatho-patch-selector/data/TGGATEs/WSI/Liver/8_day/36304.svs,8 day,ethambutol,300,mg/kg,Middle,391,10,2,Male,Crj:CD(SD)IGS,3,2.0,3,True,slight,True,True,False,recorded_finding
36310,/workspace/andre01/honzawa/02-playground/toxpatho-patch-selector/data/TGGATEs/WSI/Liver/8_day/36310.svs,8 day,ethambutol,300,mg/kg,Middle,391,10,3,Male,Crj:CD(SD)IGS,2,2.0,2,True,slight,True,True,False,recorded_finding
36316,/workspace/andre01/honzawa/02-playground/toxpatho-patch-selector/data/TGGATEs/WSI/Liver/8_day/36316.svs,8 day,ethambutol,300,mg/kg,Middle,391,10,4,Male,Crj:CD(SD)IGS,0,,0,False,,True,True,False,no_finding_recorded
36322,/workspace/andre01/honzawa/02-playground/toxpatho-patch-selector/data/TGGATEs/WSI/Liver/8_day/36322.svs,8 day,ethambutol,300,mg/kg,Middle,391,10,5,Male,Crj:CD(SD)IGS,1,2.0,1,True,slight,True,True,False,recorded_finding
36329,/workspace/andre01/honzawa/02-playground/toxpatho-patch-selector/data/TGGATEs/WSI/Liver/15_day/36329.svs,15 day,ethambutol,300,mg/kg,Middle,391,11,1,Male,Crj:CD(SD)IGS,2,3.0,2,True,moderate,True,True,False,recorded_finding
36335,/workspace/andre01/honzawa/02-playground/toxpatho-patch-selector/data/TGGATEs/WSI/Liver/15_day/36335.svs,15 day,ethambutol,300,mg/kg,Middle,391,11,2,Male,Crj:CD(SD)IGS,2,3.0,2,True,moderate,True,True,False,recorded_finding
36342,/workspace/andre01/honzawa/02-playground/toxpatho-patch-selector/data/TGGATEs/WSI/Liver/15_day/36342.svs,15 day,ethambutol,300,mg/kg,Middle,391,11,3,Male,Crj:CD(SD)IGS,2,4.0,2,True,severe,True,True,False,recorded_finding
36349,/workspace/andre01/honzawa/02-playground/toxpatho-patch-selector/data/TGGATEs/WSI/Liver/15_day/36349.svs,15 day,ethambutol,300,mg/kg,Middle,391,11,4,Male,Crj:CD(SD)IGS,3,3.0,3,True,moderate,True,True,False,recorded_finding
36355,/workspace/andre01/honzawa/02-playground/toxpatho-patch-selector/data/TGGATEs/WSI/Liver/15_day/36355.svs,15 day,ethambutol,300,mg/kg,Middle,391,11,5,Male,Crj:CD(SD)IGS,3,3.0,3,True,moderate,True,True,False,recorded_finding
36362,/workspace/andre01/honzawa/02-playground/toxpatho-patch-selector/data/TGGATEs/WSI/Liver/29_day/36362.svs,29 day,ethambutol,300,mg/kg,Middle,391,12,1,Male,Crj:CD(SD)IGS,3,2.0,3,True,slight,True,True,False,recorded_finding
36368,/workspace/andre01/honzawa/02-playground/toxpatho-patch-selector/data/TGGATEs/WSI/Liver/29_day/36368.svs,29 day,ethambutol,300,mg/kg,Middle,391,12,2,Male,Crj:CD(SD)IGS,3,4.0,3,True,severe,True,True,False,recorded_finding
36375,/workspace/andre01/honzawa/02-playground/toxpatho-patch-selector/data/TGGATEs/WSI/Liver/29_day/36375.svs,29 day,ethambutol,300,mg/kg,Middle,391,12,3,Male,Crj:CD(SD)IGS,2,4.0,2,True,severe,True,True,False,recorded_finding
36381,/workspace/andre01/honzawa/02-playground/toxpatho-patch-selector/data/TGGATEs/WSI/Liver/29_day/36381.svs,29 day,ethambutol,300,mg/kg,Middle,391,12,4,Male,Crj:CD(SD)IGS,1,3.0,1,True,moderate,True,True,False,recorded_finding
36388,/workspace/andre01/honzawa/02-playground/toxpatho-patch-selector/data/TGGATEs/WSI/Liver/29_day/36388.svs,29 day,ethambutol,300,mg/kg,Middle,391,12,5,Male,Crj:CD(SD)IGS,4,3.0,4,True,moderate,True,True,False,recorded_finding
36395,/workspace/andre01/honzawa/02-playground/toxpatho-patch-selector/data/TGGATEs/WSI/Liver/4_day/36395.svs,4 day,ethambutol,1000,mg/kg,High,391,13,1,Male,Crj:CD(SD)IGS,0,,0,False,,True,True,False,no_finding_recorded
36401,/workspace/andre01/honzawa/02-playground/toxpatho-patch-selector/data/TGGATEs/WSI/Liver/4_day/36401.svs,4 day,ethambutol,1000,mg/kg,High,391,13,2,Male,Crj:CD(SD)IGS,0,,0,False,,True,True,False,no_finding_recorded
36407,/workspace/andre01/honzawa/02-playground/toxpatho-patch-selector/data/TGGATEs/WSI/Liver/4_day/36407.svs,4 day,ethambutol,1000,mg/kg,High,391,13,3,Male,Crj:CD(SD)IGS,0,,0,False,,True,True,False,no_finding_recorded
36414,/workspace/andre01/honzawa/02-playground/toxpatho-patch-selector/data/TGGATEs/WSI/Liver/4_day/36414.svs,4 day,ethambutol,1000,mg/kg,High,391,13,4,Male,Crj:CD(SD)IGS,0,,0,False,,True,True,False,no_finding_recorded
36421,/workspace/andre01/honzawa/02-playground/toxpatho-patch-selector/data/TGGATEs/WSI/Liver/4_day/36421.svs,4 day,ethambutol,1000,mg/kg,High,391,13,5,Male,Crj:CD(SD)IGS,0,,0,False,,True,True,False,no_finding_recorded
36433,/workspace/andre01/honzawa/02-playground/toxpatho-patch-selector/data/TGGATEs/WSI/Liver/8_day/36433.svs,8 day,ethambutol,1000,mg/kg,High,391,14,2,Male,Crj:CD(SD)IGS,5,3.0,5,True,moderate,True,True,False,recorded_finding
36440,/workspace/andre01/honzawa/02-playground/toxpatho-patch-selector/data/TGGATEs/WSI/Liver/8_day/36440.svs,8 day,ethambutol,1000,mg/kg,High,391,14,3,Male,Crj:CD(SD)IGS,6,4.0,6,True,severe,True,True,False,recorded_finding
36448,/workspace/andre01/honzawa/02-playground/toxpatho-patch-selector/data/TGGATEs/WSI/Liver/8_day/36448.svs,8 day,ethambutol,1000,mg/kg,High,391,14,4,Male,Crj:CD(SD)IGS,6,3.0,6,True,moderate,True,True,False,recorded_finding
36454,/workspace/andre01/honzawa/02-playground/toxpatho-patch-selector/data/TGGATEs/WSI/Liver/8_day/36454.svs,8 day,ethambutol,1000,mg/kg,High,391,14,5,Male,Crj:CD(SD)IGS,5,3.0,5,True,moderate,True,True,False,recorded_finding
36460,/workspace/andre01/honzawa/02-playground/toxpatho-patch-selector/data/TGGATEs/WSI/Liver/15_day/36460.svs,15 day,ethambutol,1000,mg/kg,High,391,15,1,Male,Crj:CD(SD)IGS,4,3.0,4,True,moderate,True,True,False,recorded_finding
36466,/workspace/andre01/honzawa/02-playground/toxpatho-patch-selector/data/TGGATEs/WSI/Liver/15_day/36466.svs,15 day,ethambutol,1000,mg/kg,High,391,15,2,Male,Crj:CD(SD)IGS,4,3.0,4,True,moderate,True,True,False,recorded_finding
36473,/workspace/andre01/honzawa/02-playground/toxpatho-patch-selector/data/TGGATEs/WSI/Liver/15_day/36473.svs,15 day,ethambutol,1000,mg/kg,High,391,15,3,Male,Crj:CD(SD)IGS,2,3.0,2,True,moderate,True,True,False,recorded_finding
36479,/workspace/andre01/honzawa/02-playground/toxpatho-patch-selector/data/TGGATEs/WSI/Liver/15_day/36479.svs,15 day,ethambutol,1000,mg/kg,High,391,15,4,Male,Crj:CD(SD)IGS,4,3.0,4,True,moderate,True,True,False,recorded_finding
37356,/workspace/andre01/honzawa/02-playground/toxpatho-patch-selector/data/TGGATEs/WSI/Liver/4_day/37356.svs,4 day,papaverine,0,mg/kg,Control,432,1,1,Male,Crj:CD(SD)IGS,0,,0,False,,True,True,False,no_finding_recorded
37360,/workspace/andre01/honzawa/02-playground/toxpatho-patch-selector/data/TGGATEs/WSI/Liver/4_day/37360.svs,4 day,papaverine,0,mg/kg,Control,432,1,2,Male,Crj:CD(SD)IGS,0,,0,False,,True,True,False,no_finding_recorded
37365,/workspace/andre01/honzawa/02-playground/toxpatho-patch-selector/data/TGGATEs/WSI/Liver/4_day/37365.svs,4 day,papaverine,0,mg/kg,Control,432,1,3,Male,Crj:CD(SD)IGS,0,,0,False,,True,True,False,no_finding_recorded
37370,/workspace/andre01/honzawa/02-playground/toxpatho-patch-selector/data/TGGATEs/WSI/Liver/4_day/37370.svs,4 day,papaverine,0,mg/kg,Control,432,1,4,Male,Crj:CD(SD)IGS,0,,0,False,,True,True,False,no_finding_recorded
37375,/workspace/andre01/honzawa/02-playground/toxpatho-patch-selector/data/TGGATEs/WSI/Liver/4_day/37375.svs,4 day,papaverine,0,mg/kg,Control,432,1,5,Male,Crj:CD(SD)IGS,0,,0,False,,True,True,False,no_finding_recorded
37380,/workspace/andre01/honzawa/02-playground/toxpatho-patch-selector/data/TGGATEs/WSI/Liver/8_day/37380.svs,8 day,papaverine,0,mg/kg,Control,432,2,1,Male,Crj:CD(SD)IGS,0,,0,False,,True,True,False,no_finding_recorded
37385,/workspace/andre01/honzawa/02-playground/toxpatho-patch-selector/data/TGGATEs/WSI/Liver/8_day/37385.svs,8 day,papaverine,0,mg/kg,Control,432,2,2,Male,Crj:CD(SD)IGS,0,,0,False,,True,True,False,no_finding_recorded
37390,/workspace/andre01/honzawa/02-playground/toxpatho-patch-selector/data/TGGATEs/WSI/Liver/8_day/37390.svs,8 day,papaverine,0,mg/kg,Control,432,2,3,Male,Crj:CD(SD)IGS,0,,0,False,,True,True,False,no_finding_recorded
37395,/workspace/andre01/honzawa/02-playground/toxpatho-patch-selector/data/TGGATEs/WSI/Liver/8_day/37395.svs,8 day,papaverine,0,mg/kg,Control,432,2,4,Male,Crj:CD(SD)IGS,0,,0,False,,True,True,False,no_finding_recorded
37400,/workspace/andre01/honzawa/02-playground/toxpatho-patch-selector/data/TGGATEs/WSI/Liver/8_day/37400.svs,8 day,papaverine,0,mg/kg,Control,432,2,5,Male,Crj:CD(SD)IGS,0,,0,False,,True,True,False,no_finding_recorded
37405,/workspace/andre01/honzawa/02-playground/toxpatho-patch-selector/data/TGGATEs/WSI/Liver/15_day/37405.svs,15 day,papaverine,0,mg/kg,Control,432,3,1,Male,Crj:CD(SD)IGS,0,,0,False,,True,True,False,no_finding_recorded
37409,/workspace/andre01/honzawa/02-playground/toxpatho-patch-selector/data/TGGATEs/WSI/Liver/15_day/37409.svs,15 day,papaverine,0,mg/kg,Control,432,3,2,Male,Crj:CD(SD)IGS,0,,0,False,,True,True,False,no_finding_recorded
37414,/workspace/andre01/honzawa/02-playground/toxpatho-patch-selector/data/TGGATEs/WSI/Liver/15_day/37414.svs,15 day,papaverine,0,mg/kg,Control,432,3,3,Male,Crj:CD(SD)IGS,0,,0,False,,True,True,False,no_finding_recorded
37419,/workspace/andre01/honzawa/02-playground/toxpatho-patch-selector/data/TGGATEs/WSI/Liver/15_day/37419.svs,15 day,papaverine,0,mg/kg,Control,432,3,4,Male,Crj:CD(SD)IGS,0,,0,False,,True,True,False,no_finding_recorded
37424,/workspace/andre01/honzawa/02-playground/toxpatho-patch-selector/data/TGGATEs/WSI/Liver/15_day/37424.svs,15 day,papaverine,0,mg/kg,Control,432,3,5,Male,Crj:CD(SD)IGS,0,,0,False,,True,True,False,no_finding_recorded
37429,/workspace/andre01/honzawa/02-playground/toxpatho-patch-selector/data/TGGATEs/WSI/Liver/29_day/37429.svs,29 day,papaverine,0,mg/kg,Control,432,4,1,Male,Crj:CD(SD)IGS,0,,0,False,,True,True,False,no_finding_recorded
37434,/workspace/andre01/honzawa/02-playground/toxpatho-patch-selector/data/TGGATEs/WSI/Liver/29_day/37434.svs,29 day,papaverine,0,mg/kg,Control,432,4,2,Male,Crj:CD(SD)IGS,0,,0,False,,True,True,False,no_finding_recorded
37439,/workspace/andre01/honzawa/02-playground/toxpatho-patch-selector/data/TGGATEs/WSI/Liver/29_day/37439.svs,29 day,papaverine,0,mg/kg,Control,432,4,3,Male,Crj:CD(SD)IGS,0,,0,False,,True,True,False,no_finding_recorded
37444,/workspace/andre01/honzawa/02-playground/toxpatho-patch-selector/data/TGGATEs/WSI/Liver/29_day/37444.svs,29 day,papaverine,0,mg/kg,Control,432,4,4,Male,Crj:CD(SD)IGS,0,,0,False,,True,True,False,no_finding_recorded
37449,/workspace/andre01/honzawa/02-playground/toxpatho-patch-selector/data/TGGATEs/WSI/Liver/29_day/37449.svs,29 day,papaverine,0,mg/kg,Control,432,4,5,Male,Crj:CD(SD)IGS,0,,0,False,,True,True,False,no_finding_recorded
37454,/workspace/andre01/honzawa/02-playground/toxpatho-patch-selector/data/TGGATEs/WSI/Liver/4_day/37454.svs,4 day,papaverine,40,mg/kg,Low,432,5,1,Male,Crj:CD(SD)IGS,0,,0,False,,True,True,False,no_finding_recorded
37459,/workspace/andre01/honzawa/02-playground/toxpatho-patch-selector/data/TGGATEs/WSI/Liver/4_day/37459.svs,4 day,papaverine,40,mg/kg,Low,432,5,2,Male,Crj:CD(SD)IGS,0,,0,False,,True,True,False,no_finding_recorded
37463,/workspace/andre01/honzawa/02-playground/toxpatho-patch-selector/data/TGGATEs/WSI/Liver/4_day/37463.svs,4 day,papaverine,40,mg/kg,Low,432,5,3,Male,Crj:CD(SD)IGS,0,,0,False,,True,True,False,no_finding_recorded
37468,/workspace/andre01/honzawa/02-playground/toxpatho-patch-selector/data/TGGATEs/WSI/Liver/4_day/37468.svs,4 day,papaverine,40,mg/kg,Low,432,5,4,Male,Crj:CD(SD)IGS,0,,0,False,,True,True,False,no_finding_recorded
37473,/workspace/andre01/honzawa/02-playground/toxpatho-patch-selector/data/TGGATEs/WSI/Liver/4_day/37473.svs,4 day,papaverine,40,mg/kg,Low,432,5,5,Male,Crj:CD(SD)IGS,0,,0,False,,True,True,False,no_finding_recorded
37478,/workspace/andre01/honzawa/02-playground/toxpatho-patch-selector/data/TGGATEs/WSI/Liver/8_day/37478.svs,8 day,papaverine,40,mg/kg,Low,432,6,1,Male,Crj:CD(SD)IGS,0,,0,False,,True,True,False,no_finding_recorded
37482,/workspace/andre01/honzawa/02-playground/toxpatho-patch-selector/data/TGGATEs/WSI/Liver/8_day/37482.svs,8 day,papaverine,40,mg/kg,Low,432,6,2,Male,Crj:CD(SD)IGS,0,,0,False,,True,True,False,no_finding_recorded
37487,/workspace/andre01/honzawa/02-playground/toxpatho-patch-selector/data/TGGATEs/WSI/Liver/8_day/37487.svs,8 day,papaverine,40,mg/kg,Low,432,6,3,Male,Crj:CD(SD)IGS,0,,0,False,,True,True,False,no_finding_recorded
37492,/workspace/andre01/honzawa/02-playground/toxpatho-patch-selector/data/TGGATEs/WSI/Liver/8_day/37492.svs,8 day,papaverine,40,mg/kg,Low,432,6,4,Male,Crj:CD(SD)IGS,0,,0,False,,True,True,False,no_finding_recorded
37497,/workspace/andre01/honzawa/02-playground/toxpatho-patch-selector/data/TGGATEs/WSI/Liver/8_day/37497.svs,8 day,papaverine,40,mg/kg,Low,432,6,5,Male,Crj:CD(SD)IGS,0,,0,False,,True,True,False,no_finding_recorded
37501,/workspace/andre01/honzawa/02-playground/toxpatho-patch-selector/data/TGGATEs/WSI/Liver/15_day/37501.svs,15 day,papaverine,40,mg/kg,Low,432,7,1,Male,Crj:CD(SD)IGS,0,,0,False,,True,True,False,no_finding_recorded
37506,/workspace/andre01/honzawa/02-playground/toxpatho-patch-selector/data/TGGATEs/WSI/Liver/15_day/37506.svs,15 day,papaverine,40,mg/kg,Low,432,7,2,Male,Crj:CD(SD)IGS,0,,0,False,,True,True,False,no_finding_recorded
37511,/workspace/andre01/honzawa/02-playground/toxpatho-patch-selector/data/TGGATEs/WSI/Liver/15_day/37511.svs,15 day,papaverine,40,mg/kg,Low,432,7,3,Male,Crj:CD(SD)IGS,0,,0,False,,True,True,False,no_finding_recorded
37516,/workspace/andre01/honzawa/02-playground/toxpatho-patch-selector/data/TGGATEs/WSI/Liver/15_day/37516.svs,15 day,papaverine,40,mg/kg,Low,432,7,4,Male,Crj:CD(SD)IGS,0,,0,False,,True,True,False,no_finding_recorded
37521,/workspace/andre01/honzawa/02-playground/toxpatho-patch-selector/data/TGGATEs/WSI/Liver/15_day/37521.svs,15 day,papaverine,40,mg/kg,Low,432,7,5,Male,Crj:CD(SD)IGS,0,,0,False,,True,True,False,no_finding_recorded
37526,/workspace/andre01/honzawa/02-playground/toxpatho-patch-selector/data/TGGATEs/WSI/Liver/29_day/37526.svs,29 day,papaverine,40,mg/kg,Low,432,8,1,Male,Crj:CD(SD)IGS,0,,0,False,,True,True,False,no_finding_recorded
37531,/workspace/andre01/honzawa/02-playground/toxpatho-patch-selector/data/TGGATEs/WSI/Liver/29_day/37531.svs,29 day,papaverine,40,mg/kg,Low,432,8,2,Male,Crj:CD(SD)IGS,0,,0,False,,True,True,False,no_finding_recorded
37536,/workspace/andre01/honzawa/02-playground/toxpatho-patch-selector/data/TGGATEs/WSI/Liver/29_day/37536.svs,29 day,papaverine,40,mg/kg,Low,432,8,3,Male,Crj:CD(SD)IGS,0,,0,False,,True,True,False,no_finding_recorded
37542,/workspace/andre01/honzawa/02-playground/toxpatho-patch-selector/data/TGGATEs/WSI/Liver/29_day/37542.svs,29 day,papaverine,40,mg/kg,Low,432,8,4,Male,Crj:CD(SD)IGS,0,,0,False,,True,True,False,no_finding_recorded
37548,/workspace/andre01/honzawa/02-playground/toxpatho-patch-selector/data/TGGATEs/WSI/Liver/29_day/37548.svs,29 day,papaverine,40,mg/kg,Low,432,8,5,Male,Crj:CD(SD)IGS,0,,0,False,,True,True,False,no_finding_recorded
37634,/workspace/andre01/honzawa/02-playground/toxpatho-patch-selector/data/TGGATEs/WSI/Liver/4_day/37634.svs,4 day,papaverine,120,mg/kg,Middle,432,9,1,Male,Crj:CD(SD)IGS,0,,0,False,,True,True,False,no_finding_recorded
37638,/workspace/andre01/honzawa/02-playground/toxpatho-patch-selector/data/TGGATEs/WSI/Liver/4_day/37638.svs,4 day,papaverine,120,mg/kg,Middle,432,9,2,Male,Crj:CD(SD)IGS,0,,0,False,,True,True,False,no_finding_recorded
37643,/workspace/andre01/honzawa/02-playground/toxpatho-patch-selector/data/TGGATEs/WSI/Liver/4_day/37643.svs,4 day,papaverine,120,mg/kg,Middle,432,9,3,Male,Crj:CD(SD)IGS,0,,0,False,,True,True,False,no_finding_recorded
37647,/workspace/andre01/honzawa/02-playground/toxpatho-patch-selector/data/TGGATEs/WSI/Liver/4_day/37647.svs,4 day,papaverine,120,mg/kg,Middle,432,9,4,Male,Crj:CD(SD)IGS,0,,0,False,,True,True,False,no_finding_recorded
37652,/workspace/andre01/honzawa/02-playground/toxpatho-patch-selector/data/TGGATEs/WSI/Liver/4_day/37652.svs,4 day,papaverine,120,mg/kg,Middle,432,9,5,Male,Crj:CD(SD)IGS,0,,0,False,,True,True,False,no_finding_recorded
37656,/workspace/andre01/honzawa/02-playground/toxpatho-patch-selector/data/TGGATEs/WSI/Liver/8_day/37656.svs,8 day,papaverine,120,mg/kg,Middle,432,10,1,Male,Crj:CD(SD)IGS,1,2.0,1,True,slight,True,True,False,recorded_finding
37661,/workspace/andre01/honzawa/02-playground/toxpatho-patch-selector/data/TGGATEs/WSI/Liver/8_day/37661.svs,8 day,papaverine,120,mg/kg,Middle,432,10,2,Male,Crj:CD(SD)IGS,0,,0,False,,True,True,False,no_finding_recorded
37665,/workspace/andre01/honzawa/02-playground/toxpatho-patch-selector/data/TGGATEs/WSI/Liver/8_day/37665.svs,8 day,papaverine,120,mg/kg,Middle,432,10,3,Male,Crj:CD(SD)IGS,0,,0,False,,True,True,False,no_finding_recorded
37670,/workspace/andre01/honzawa/02-playground/toxpatho-patch-selector/data/TGGATEs/WSI/Liver/8_day/37670.svs,8 day,papaverine,120,mg/kg,Middle,432,10,4,Male,Crj:CD(SD)IGS,1,2.0,1,True,slight,True,True,False,recorded_finding
37674,/workspace/andre01/honzawa/02-playground/toxpatho-patch-selector/data/TGGATEs/WSI/Liver/8_day/37674.svs,8 day,papaverine,120,mg/kg,Middle,432,10,5,Male,Crj:CD(SD)IGS,0,,0,False,,True,True,False,no_finding_recorded
37679,/workspace/andre01/honzawa/02-playground/toxpatho-patch-selector/data/TGGATEs/WSI/Liver/15_day/37679.svs,15 day,papaverine,120,mg/kg,Middle,432,11,1,Male,Crj:CD(SD)IGS,1,2.0,1,True,slight,True,True,False,recorded_finding
37683,/workspace/andre01/honzawa/02-playground/toxpatho-patch-selector/data/TGGATEs/WSI/Liver/15_day/37683.svs,15 day,papaverine,120,mg/kg,Middle,432,11,2,Male,Crj:CD(SD)IGS,1,2.0,1,True,slight,True,True,False,recorded_finding
37688,/workspace/andre01/honzawa/02-playground/toxpatho-patch-selector/data/TGGATEs/WSI/Liver/15_day/37688.svs,15 day,papaverine,120,mg/kg,Middle,432,11,3,Male,Crj:CD(SD)IGS,1,2.0,1,True,slight,True,True,False,recorded_finding
37693,/workspace/andre01/honzawa/02-playground/toxpatho-patch-selector/data/TGGATEs/WSI/Liver/15_day/37693.svs,15 day,papaverine,120,mg/kg,Middle,432,11,4,Male,Crj:CD(SD)IGS,0,,0,False,,True,True,False,no_finding_recorded
37698,/workspace/andre01/honzawa/02-playground/toxpatho-patch-selector/data/TGGATEs/WSI/Liver/15_day/37698.svs,15 day,papaverine,120,mg/kg,Middle,432,11,5,Male,Crj:CD(SD)IGS,0,,0,False,,True,True,False,no_finding_recorded
37702,/workspace/andre01/honzawa/02-playground/toxpatho-patch-selector/data/TGGATEs/WSI/Liver/29_day/37702.svs,29 day,papaverine,120,mg/kg,Middle,432,12,1,Male,Crj:CD(SD)IGS,0,,0,False,,True,True,False,no_finding_recorded
37707,/workspace/andre01/honzawa/02-playground/toxpatho-patch-selector/data/TGGATEs/WSI/Liver/29_day/37707.svs,29 day,papaverine,120,mg/kg,Middle,432,12,2,Male,Crj:CD(SD)IGS,1,2.0,1,True,slight,True,True,False,recorded_finding
37711,/workspace/andre01/honzawa/02-playground/toxpatho-patch-selector/data/TGGATEs/WSI/Liver/29_day/37711.svs,29 day,papaverine,120,mg/kg,Middle,432,12,3,Male,Crj:CD(SD)IGS,1,2.0,1,True,slight,True,True,False,recorded_finding
37716,/workspace/andre01/honzawa/02-playground/toxpatho-patch-selector/data/TGGATEs/WSI/Liver/29_day/37716.svs,29 day,papaverine,120,mg/kg,Middle,432,12,4,Male,Crj:CD(SD)IGS,0,,0,False,,True,True,False,no_finding_recorded
37721,/workspace/andre01/honzawa/02-playground/toxpatho-patch-selector/data/TGGATEs/WSI/Liver/29_day/37721.svs,29 day,papaverine,120,mg/kg,Middle,432,12,5,Male,Crj:CD(SD)IGS,1,2.0,1,True,slight,True,True,False,recorded_finding
37726,/workspace/andre01/honzawa/02-playground/toxpatho-patch-selector/data/TGGATEs/WSI/Liver/4_day/37726.svs,4 day,papaverine,400,mg/kg,High,432,13,1,Male,Crj:CD(SD)IGS,0,,0,False,,True,True,False,no_finding_recorded
37730,/workspace/andre01/honzawa/02-playground/toxpatho-patch-selector/data/TGGATEs/WSI/Liver/4_day/37730.svs,4 day,papaverine,400,mg/kg,High,432,13,2,Male,Crj:CD(SD)IGS,0,,0,False,,True,True,False,no_finding_recorded
37735,/workspace/andre01/honzawa/02-playground/toxpatho-patch-selector/data/TGGATEs/WSI/Liver/4_day/37735.svs,4 day,papaverine,400,mg/kg,High,432,13,3,Male,Crj:CD(SD)IGS,2,3.0,2,True,moderate,True,True,False,recorded_finding
37739,/workspace/andre01/honzawa/02-playground/toxpatho-patch-selector/data/TGGATEs/WSI/Liver/4_day/37739.svs,4 day,papaverine,400,mg/kg,High,432,13,4,Male,Crj:CD(SD)IGS,0,,0,False,,True,True,False,no_finding_recorded
37744,/workspace/andre01/honzawa/02-playground/toxpatho-patch-selector/data/TGGATEs/WSI/Liver/4_day/37744.svs,4 day,papaverine,400,mg/kg,High,432,13,5,Male,Crj:CD(SD)IGS,1,2.0,1,True,slight,True,True,False,recorded_finding
37749,/workspace/andre01/honzawa/02-playground/toxpatho-patch-selector/data/TGGATEs/WSI/Liver/8_day/37749.svs,8 day,papaverine,400,mg/kg,High,432,14,1,Male,Crj:CD(SD)IGS,1,2.0,1,True,slight,True,True,False,recorded_finding
37754,/workspace/andre01/honzawa/02-playground/toxpatho-patch-selector/data/TGGATEs/WSI/Liver/8_day/37754.svs,8 day,papaverine,400,mg/kg,High,432,14,2,Male,Crj:CD(SD)IGS,1,3.0,1,True,moderate,True,True,False,recorded_finding
37758,/workspace/andre01/honzawa/02-playground/toxpatho-patch-selector/data/TGGATEs/WSI/Liver/8_day/37758.svs,8 day,papaverine,400,mg/kg,High,432,14,3,Male,Crj:CD(SD)IGS,1,2.0,1,True,slight,True,True,False,recorded_finding
37763,/workspace/andre01/honzawa/02-playground/toxpatho-patch-selector/data/TGGATEs/WSI/Liver/8_day/37763.svs,8 day,papaverine,400,mg/kg,High,432,14,4,Male,Crj:CD(SD)IGS,1,2.0,1,True,slight,True,True,False,recorded_finding
37768,/workspace/andre01/honzawa/02-playground/toxpatho-patch-selector/data/TGGATEs/WSI/Liver/8_day/37768.svs,8 day,papaverine,400,mg/kg,High,432,14,5,Male,Crj:CD(SD)IGS,1,2.0,1,True,slight,True,True,False,recorded_finding
37772,/workspace/andre01/honzawa/02-playground/toxpatho-patch-selector/data/TGGATEs/WSI/Liver/15_day/37772.svs,15 day,papaverine,400,mg/kg,High,432,15,1,Male,Crj:CD(SD)IGS,2,3.0,2,True,moderate,True,True,False,recorded_finding
37777,/workspace/andre01/honzawa/02-playground/toxpatho-patch-selector/data/TGGATEs/WSI/Liver/15_day/37777.svs,15 day,papaverine,400,mg/kg,High,432,15,2,Male,Crj:CD(SD)IGS,2,3.0,2,True,moderate,True,True,False,recorded_finding
37782,/workspace/andre01/honzawa/02-playground/toxpatho-patch-selector/data/TGGATEs/WSI/Liver/15_day/37782.svs,15 day,papaverine,400,mg/kg,High,432,15,3,Male,Crj:CD(SD)IGS,2,3.0,2,True,moderate,True,True,False,recorded_finding
37786,/workspace/andre01/honzawa/02-playground/toxpatho-patch-selector/data/TGGATEs/WSI/Liver/15_day/37786.svs,15 day,papaverine,400,mg/kg,High,432,15,4,Male,Crj:CD(SD)IGS,2,3.0,2,True,moderate,True,True,False,recorded_finding
37791,/workspace/andre01/honzawa/02-playground/toxpatho-patch-selector/data/TGGATEs/WSI/Liver/15_day/37791.svs,15 day,papaverine,400,mg/kg,High,432,15,5,Male,Crj:CD(SD)IGS,2,3.0,2,True,moderate,True,True,False,recorded_finding
37796,/workspace/andre01/honzawa/02-playground/toxpatho-patch-selector/data/TGGATEs/WSI/Liver/29_day/37796.svs,29 day,papaverine,400,mg/kg,High,432,16,2,Male,Crj:CD(SD)IGS,2,2.0,2,True,slight,True,True,False,recorded_finding
37801,/workspace/andre01/honzawa/02-playground/toxpatho-patch-selector/data/TGGATEs/WSI/Liver/29_day/37801.svs,29 day,papaverine,400,mg/kg,High,432,16,3,Male,Crj:CD(SD)IGS,2,3.0,2,True,moderate,True,True,False,recorded_finding
37806,/workspace/andre01/honzawa/02-playground/toxpatho-patch-selector/data/TGGATEs/WSI/Liver/29_day/37806.svs,29 day,papaverine,400,mg/kg,High,432,16,4,Male,Crj:CD(SD)IGS,2,3.0,2,True,moderate,True,True,False,recorded_finding
37811,/workspace/andre01/honzawa/02-playground/toxpatho-patch-selector/data/TGGATEs/WSI/Liver/29_day/37811.svs,29 day,papaverine,400,mg/kg,High,432,16,5,Male,Crj:CD(SD)IGS,2,3.0,2,True,moderate,True,True,False,recorded_finding
38251,/workspace/andre01/honzawa/02-playground/toxpatho-patch-selector/data/TGGATEs/WSI/Liver/29_day/38251.svs,29 day,vitamin A,10,mg/kg,Low,282,8,5,Male,Crj:CD(SD)IGS,2,2.0,2,True,slight,True,True,False,recorded_finding
38253,/workspace/andre01/honzawa/02-playground/toxpatho-patch-selector/data/TGGATEs/WSI/Liver/4_day/38253.svs,4 day,vitamin A,30,mg/kg,Middle,282,9,2,Male,Crj:CD(SD)IGS,0,,0,False,,True,True,False,no_finding_recorded
38289,/workspace/andre01/honzawa/02-playground/toxpatho-patch-selector/data/TGGATEs/WSI/Liver/4_day/38289.svs,4 day,disopyramide,0,mg/kg,Control,463,1,1,Male,Crj:CD(SD)IGS,0,,0,False,,True,True,False,no_finding_recorded
38295,/workspace/andre01/honzawa/02-playground/toxpatho-patch-selector/data/TGGATEs/WSI/Liver/4_day/38295.svs,4 day,disopyramide,0,mg/kg,Control,463,1,2,Male,Crj:CD(SD)IGS,0,,0,False,,True,True,False,no_finding_recorded
38300,/workspace/andre01/honzawa/02-playground/toxpatho-patch-selector/data/TGGATEs/WSI/Liver/4_day/38300.svs,4 day,disopyramide,0,mg/kg,Control,463,1,3,Male,Crj:CD(SD)IGS,0,,0,False,,True,True,False,no_finding_recorded
38305,/workspace/andre01/honzawa/02-playground/toxpatho-patch-selector/data/TGGATEs/WSI/Liver/4_day/38305.svs,4 day,disopyramide,0,mg/kg,Control,463,1,4,Male,Crj:CD(SD)IGS,0,,0,False,,True,True,False,no_finding_recorded
38310,/workspace/andre01/honzawa/02-playground/toxpatho-patch-selector/data/TGGATEs/WSI/Liver/4_day/38310.svs,4 day,disopyramide,0,mg/kg,Control,463,1,5,Male,Crj:CD(SD)IGS,0,,0,False,,True,True,False,no_finding_recorded
38316,/workspace/andre01/honzawa/02-playground/toxpatho-patch-selector/data/TGGATEs/WSI/Liver/8_day/38316.svs,8 day,disopyramide,0,mg/kg,Control,463,2,1,Male,Crj:CD(SD)IGS,0,,0,False,,True,True,False,no_finding_recorded
38321,/workspace/andre01/honzawa/02-playground/toxpatho-patch-selector/data/TGGATEs/WSI/Liver/8_day/38321.svs,8 day,disopyramide,0,mg/kg,Control,463,2,2,Male,Crj:CD(SD)IGS,0,,0,False,,True,True,False,no_finding_recorded
38326,/workspace/andre01/honzawa/02-playground/toxpatho-patch-selector/data/TGGATEs/WSI/Liver/8_day/38326.svs,8 day,disopyramide,0,mg/kg,Control,463,2,3,Male,Crj:CD(SD)IGS,0,,0,False,,True,True,False,no_finding_recorded
38332,/workspace/andre01/honzawa/02-playground/toxpatho-patch-selector/data/TGGATEs/WSI/Liver/8_day/38332.svs,8 day,disopyramide,0,mg/kg,Control,463,2,4,Male,Crj:CD(SD)IGS,0,,0,False,,True,True,False,no_finding_recorded
38337,/workspace/andre01/honzawa/02-playground/toxpatho-patch-selector/data/TGGATEs/WSI/Liver/8_day/38337.svs,8 day,disopyramide,0,mg/kg,Control,463,2,5,Male,Crj:CD(SD)IGS,0,,0,False,,True,True,False,no_finding_recorded
38342,/workspace/andre01/honzawa/02-playground/toxpatho-patch-selector/data/TGGATEs/WSI/Liver/15_day/38342.svs,15 day,disopyramide,0,mg/kg,Control,463,3,1,Male,Crj:CD(SD)IGS,0,,0,False,,True,True,False,no_finding_recorded
38348,/workspace/andre01/honzawa/02-playground/toxpatho-patch-selector/data/TGGATEs/WSI/Liver/15_day/38348.svs,15 day,disopyramide,0,mg/kg,Control,463,3,2,Male,Crj:CD(SD)IGS,0,,0,False,,True,True,False,no_finding_recorded
38353,/workspace/andre01/honzawa/02-playground/toxpatho-patch-selector/data/TGGATEs/WSI/Liver/15_day/38353.svs,15 day,disopyramide,0,mg/kg,Control,463,3,3,Male,Crj:CD(SD)IGS,0,,0,False,,True,True,False,no_finding_recorded
38359,/workspace/andre01/honzawa/02-playground/toxpatho-patch-selector/data/TGGATEs/WSI/Liver/15_day/38359.svs,15 day,disopyramide,0,mg/kg,Control,463,3,4,Male,Crj:CD(SD)IGS,0,,0,False,,True,True,False,no_finding_recorded
38364,/workspace/andre01/honzawa/02-playground/toxpatho-patch-selector/data/TGGATEs/WSI/Liver/15_day/38364.svs,15 day,disopyramide,0,mg/kg,Control,463,3,5,Male,Crj:CD(SD)IGS,0,,0,False,,True,True,False,no_finding_recorded
38370,/workspace/andre01/honzawa/02-playground/toxpatho-patch-selector/data/TGGATEs/WSI/Liver/29_day/38370.svs,29 day,disopyramide,0,mg/kg,Control,463,4,1,Male,Crj:CD(SD)IGS,0,,0,False,,True,True,False,no_finding_recorded
38376,/workspace/andre01/honzawa/02-playground/toxpatho-patch-selector/data/TGGATEs/WSI/Liver/29_day/38376.svs,29 day,disopyramide,0,mg/kg,Control,463,4,2,Male,Crj:CD(SD)IGS,0,,0,False,,True,True,False,no_finding_recorded
38382,/workspace/andre01/honzawa/02-playground/toxpatho-patch-selector/data/TGGATEs/WSI/Liver/29_day/38382.svs,29 day,disopyramide,0,mg/kg,Control,463,4,3,Male,Crj:CD(SD)IGS,0,,0,False,,True,True,False,no_finding_recorded
38387,/workspace/andre01/honzawa/02-playground/toxpatho-patch-selector/data/TGGATEs/WSI/Liver/29_day/38387.svs,29 day,disopyramide,0,mg/kg,Control,463,4,4,Male,Crj:CD(SD)IGS,0,,0,False,,True,True,False,no_finding_recorded
38393,/workspace/andre01/honzawa/02-playground/toxpatho-patch-selector/data/TGGATEs/WSI/Liver/29_day/38393.svs,29 day,disopyramide,0,mg/kg,Control,463,4,5,Male,Crj:CD(SD)IGS,0,,0,False,,True,True,False,no_finding_recorded
38398,/workspace/andre01/honzawa/02-playground/toxpatho-patch-selector/data/TGGATEs/WSI/Liver/4_day/38398.svs,4 day,disopyramide,40,mg/kg,Low,463,5,1,Male,Crj:CD(SD)IGS,0,,0,False,,True,True,False,no_finding_recorded
38403,/workspace/andre01/honzawa/02-playground/toxpatho-patch-selector/data/TGGATEs/WSI/Liver/4_day/38403.svs,4 day,disopyramide,40,mg/kg,Low,463,5,2,Male,Crj:CD(SD)IGS,0,,0,False,,True,True,False,no_finding_recorded
38407,/workspace/andre01/honzawa/02-playground/toxpatho-patch-selector/data/TGGATEs/WSI/Liver/4_day/38407.svs,4 day,disopyramide,40,mg/kg,Low,463,5,3,Male,Crj:CD(SD)IGS,0,,0,False,,True,True,False,no_finding_recorded
38412,/workspace/andre01/honzawa/02-playground/toxpatho-patch-selector/data/TGGATEs/WSI/Liver/4_day/38412.svs,4 day,disopyramide,40,mg/kg,Low,463,5,4,Male,Crj:CD(SD)IGS,0,,0,False,,True,True,False,no_finding_recorded
38417,/workspace/andre01/honzawa/02-playground/toxpatho-patch-selector/data/TGGATEs/WSI/Liver/4_day/38417.svs,4 day,disopyramide,40,mg/kg,Low,463,5,5,Male,Crj:CD(SD)IGS,0,,0,False,,True,True,False,no_finding_recorded
38422,/workspace/andre01/honzawa/02-playground/toxpatho-patch-selector/data/TGGATEs/WSI/Liver/8_day/38422.svs,8 day,disopyramide,40,mg/kg,Low,463,6,1,Male,Crj:CD(SD)IGS,0,,0,False,,True,True,False,no_finding_recorded
38426,/workspace/andre01/honzawa/02-playground/toxpatho-patch-selector/data/TGGATEs/WSI/Liver/8_day/38426.svs,8 day,disopyramide,40,mg/kg,Low,463,6,2,Male,Crj:CD(SD)IGS,0,,0,False,,True,True,False,no_finding_recorded
38431,/workspace/andre01/honzawa/02-playground/toxpatho-patch-selector/data/TGGATEs/WSI/Liver/8_day/38431.svs,8 day,disopyramide,40,mg/kg,Low,463,6,3,Male,Crj:CD(SD)IGS,0,,0,False,,True,True,False,no_finding_recorded
38436,/workspace/andre01/honzawa/02-playground/toxpatho-patch-selector/data/TGGATEs/WSI/Liver/8_day/38436.svs,8 day,disopyramide,40,mg/kg,Low,463,6,4,Male,Crj:CD(SD)IGS,0,,0,False,,True,True,False,no_finding_recorded
38440,/workspace/andre01/honzawa/02-playground/toxpatho-patch-selector/data/TGGATEs/WSI/Liver/8_day/38440.svs,8 day,disopyramide,40,mg/kg,Low,463,6,5,Male,Crj:CD(SD)IGS,0,,0,False,,True,True,False,no_finding_recorded
38445,/workspace/andre01/honzawa/02-playground/toxpatho-patch-selector/data/TGGATEs/WSI/Liver/15_day/38445.svs,15 day,disopyramide,40,mg/kg,Low,463,7,1,Male,Crj:CD(SD)IGS,0,,0,False,,True,True,False,no_finding_recorded
38450,/workspace/andre01/honzawa/02-playground/toxpatho-patch-selector/data/TGGATEs/WSI/Liver/15_day/38450.svs,15 day,disopyramide,40,mg/kg,Low,463,7,2,Male,Crj:CD(SD)IGS,0,,0,False,,True,True,False,no_finding_recorded
38455,/workspace/andre01/honzawa/02-playground/toxpatho-patch-selector/data/TGGATEs/WSI/Liver/15_day/38455.svs,15 day,disopyramide,40,mg/kg,Low,463,7,3,Male,Crj:CD(SD)IGS,0,,0,False,,True,True,False,no_finding_recorded
38459,/workspace/andre01/honzawa/02-playground/toxpatho-patch-selector/data/TGGATEs/WSI/Liver/15_day/38459.svs,15 day,disopyramide,40,mg/kg,Low,463,7,4,Male,Crj:CD(SD)IGS,0,,0,False,,True,True,False,no_finding_recorded
38464,/workspace/andre01/honzawa/02-playground/toxpatho-patch-selector/data/TGGATEs/WSI/Liver/15_day/38464.svs,15 day,disopyramide,40,mg/kg,Low,463,7,5,Male,Crj:CD(SD)IGS,0,,0,False,,True,True,False,no_finding_recorded
38469,/workspace/andre01/honzawa/02-playground/toxpatho-patch-selector/data/TGGATEs/WSI/Liver/29_day/38469.svs,29 day,disopyramide,40,mg/kg,Low,463,8,1,Male,Crj:CD(SD)IGS,0,,0,False,,True,True,False,no_finding_recorded
38474,/workspace/andre01/honzawa/02-playground/toxpatho-patch-selector/data/TGGATEs/WSI/Liver/29_day/38474.svs,29 day,disopyramide,40,mg/kg,Low,463,8,2,Male,Crj:CD(SD)IGS,0,,0,False,,True,True,False,no_finding_recorded
38479,/workspace/andre01/honzawa/02-playground/toxpatho-patch-selector/data/TGGATEs/WSI/Liver/29_day/38479.svs,29 day,disopyramide,40,mg/kg,Low,463,8,3,Male,Crj:CD(SD)IGS,0,,0,False,,True,True,False,no_finding_recorded
38484,/workspace/andre01/honzawa/02-playground/toxpatho-patch-selector/data/TGGATEs/WSI/Liver/29_day/38484.svs,29 day,disopyramide,40,mg/kg,Low,463,8,4,Male,Crj:CD(SD)IGS,0,,0,False,,True,True,False,no_finding_recorded
38488,/workspace/andre01/honzawa/02-playground/toxpatho-patch-selector/data/TGGATEs/WSI/Liver/29_day/38488.svs,29 day,disopyramide,40,mg/kg,Low,463,8,5,Male,Crj:CD(SD)IGS,0,,0,False,,True,True,False,no_finding_recorded
38493,/workspace/andre01/honzawa/02-playground/toxpatho-patch-selector/data/TGGATEs/WSI/Liver/4_day/38493.svs,4 day,disopyramide,120,mg/kg,Middle,463,9,1,Male,Crj:CD(SD)IGS,0,,0,False,,True,True,False,no_finding_recorded
38497,/workspace/andre01/honzawa/02-playground/toxpatho-patch-selector/data/TGGATEs/WSI/Liver/4_day/38497.svs,4 day,disopyramide,120,mg/kg,Middle,463,9,2,Male,Crj:CD(SD)IGS,0,,0,False,,True,True,False,no_finding_recorded
38502,/workspace/andre01/honzawa/02-playground/toxpatho-patch-selector/data/TGGATEs/WSI/Liver/4_day/38502.svs,4 day,disopyramide,120,mg/kg,Middle,463,9,3,Male,Crj:CD(SD)IGS,0,,0,False,,True,True,False,no_finding_recorded
38507,/workspace/andre01/honzawa/02-playground/toxpatho-patch-selector/data/TGGATEs/WSI/Liver/4_day/38507.svs,4 day,disopyramide,120,mg/kg,Middle,463,9,4,Male,Crj:CD(SD)IGS,0,,0,False,,True,True,False,no_finding_recorded
38512,/workspace/andre01/honzawa/02-playground/toxpatho-patch-selector/data/TGGATEs/WSI/Liver/4_day/38512.svs,4 day,disopyramide,120,mg/kg,Middle,463,9,5,Male,Crj:CD(SD)IGS,0,,0,False,,True,True,False,no_finding_recorded
38516,/workspace/andre01/honzawa/02-playground/toxpatho-patch-selector/data/TGGATEs/WSI/Liver/8_day/38516.svs,8 day,disopyramide,120,mg/kg,Middle,463,10,1,Male,Crj:CD(SD)IGS,0,,0,False,,True,True,False,no_finding_recorded
38521,/workspace/andre01/honzawa/02-playground/toxpatho-patch-selector/data/TGGATEs/WSI/Liver/8_day/38521.svs,8 day,disopyramide,120,mg/kg,Middle,463,10,2,Male,Crj:CD(SD)IGS,0,,0,False,,True,True,False,no_finding_recorded
38524,/workspace/andre01/honzawa/02-playground/toxpatho-patch-selector/data/TGGATEs/WSI/Liver/8_day/38524.svs,8 day,disopyramide,120,mg/kg,Middle,463,10,3,Male,Crj:CD(SD)IGS,0,,0,False,,True,True,False,no_finding_recorded
38530,/workspace/andre01/honzawa/02-playground/toxpatho-patch-selector/data/TGGATEs/WSI/Liver/8_day/38530.svs,8 day,disopyramide,120,mg/kg,Middle,463,10,4,Male,Crj:CD(SD)IGS,0,,0,False,,True,True,False,no_finding_recorded
38535,/workspace/andre01/honzawa/02-playground/toxpatho-patch-selector/data/TGGATEs/WSI/Liver/8_day/38535.svs,8 day,disopyramide,120,mg/kg,Middle,463,10,5,Male,Crj:CD(SD)IGS,0,,0,False,,True,True,False,no_finding_recorded
38539,/workspace/andre01/honzawa/02-playground/toxpatho-patch-selector/data/TGGATEs/WSI/Liver/15_day/38539.svs,15 day,disopyramide,120,mg/kg,Middle,463,11,1,Male,Crj:CD(SD)IGS,0,,0,False,,True,True,False,no_finding_recorded
38544,/workspace/andre01/honzawa/02-playground/toxpatho-patch-selector/data/TGGATEs/WSI/Liver/15_day/38544.svs,15 day,disopyramide,120,mg/kg,Middle,463,11,2,Male,Crj:CD(SD)IGS,0,,0,False,,True,True,False,no_finding_recorded
38549,/workspace/andre01/honzawa/02-playground/toxpatho-patch-selector/data/TGGATEs/WSI/Liver/15_day/38549.svs,15 day,disopyramide,120,mg/kg,Middle,463,11,3,Male,Crj:CD(SD)IGS,0,,0,False,,True,True,False,no_finding_recorded
38553,/workspace/andre01/honzawa/02-playground/toxpatho-patch-selector/data/TGGATEs/WSI/Liver/15_day/38553.svs,15 day,disopyramide,120,mg/kg,Middle,463,11,4,Male,Crj:CD(SD)IGS,0,,0,False,,True,True,False,no_finding_recorded
38558,/workspace/andre01/honzawa/02-playground/toxpatho-patch-selector/data/TGGATEs/WSI/Liver/15_day/38558.svs,15 day,disopyramide,120,mg/kg,Middle,463,11,5,Male,Crj:CD(SD)IGS,0,,0,False,,True,True,False,no_finding_recorded
38563,/workspace/andre01/honzawa/02-playground/toxpatho-patch-selector/data/TGGATEs/WSI/Liver/29_day/38563.svs,29 day,disopyramide,120,mg/kg,Middle,463,12,1,Male,Crj:CD(SD)IGS,0,,0,False,,True,True,False,no_finding_recorded
38569,/workspace/andre01/honzawa/02-playground/toxpatho-patch-selector/data/TGGATEs/WSI/Liver/29_day/38569.svs,29 day,disopyramide,120,mg/kg,Middle,463,12,2,Male,Crj:CD(SD)IGS,1,1.0,1,True,minimal,True,True,False,recorded_finding
38573,/workspace/andre01/honzawa/02-playground/toxpatho-patch-selector/data/TGGATEs/WSI/Liver/29_day/38573.svs,29 day,disopyramide,120,mg/kg,Middle,463,12,3,Male,Crj:CD(SD)IGS,0,,0,False,,True,True,False,no_finding_recorded
38578,/workspace/andre01/honzawa/02-playground/toxpatho-patch-selector/data/TGGATEs/WSI/Liver/29_day/38578.svs,29 day,disopyramide,120,mg/kg,Middle,463,12,4,Male,Crj:CD(SD)IGS,0,,0,False,,True,True,False,no_finding_recorded
38583,/workspace/andre01/honzawa/02-playground/toxpatho-patch-selector/data/TGGATEs/WSI/Liver/29_day/38583.svs,29 day,disopyramide,120,mg/kg,Middle,463,12,5,Male,Crj:CD(SD)IGS,1,1.0,1,True,minimal,True,True,False,recorded_finding
38588,/workspace/andre01/honzawa/02-playground/toxpatho-patch-selector/data/TGGATEs/WSI/Liver/4_day/38588.svs,4 day,disopyramide,400,mg/kg,High,463,13,1,Male,Crj:CD(SD)IGS,0,,0,False,,True,True,False,no_finding_recorded
38593,/workspace/andre01/honzawa/02-playground/toxpatho-patch-selector/data/TGGATEs/WSI/Liver/4_day/38593.svs,4 day,disopyramide,400,mg/kg,High,463,13,2,Male,Crj:CD(SD)IGS,0,,0,False,,True,True,False,no_finding_recorded
38598,/workspace/andre01/honzawa/02-playground/toxpatho-patch-selector/data/TGGATEs/WSI/Liver/4_day/38598.svs,4 day,disopyramide,400,mg/kg,High,463,13,3,Male,Crj:CD(SD)IGS,0,,0,False,,True,True,False,no_finding_recorded
38603,/workspace/andre01/honzawa/02-playground/toxpatho-patch-selector/data/TGGATEs/WSI/Liver/4_day/38603.svs,4 day,disopyramide,400,mg/kg,High,463,13,4,Male,Crj:CD(SD)IGS,0,,0,False,,True,True,False,no_finding_recorded
38608,/workspace/andre01/honzawa/02-playground/toxpatho-patch-selector/data/TGGATEs/WSI/Liver/4_day/38608.svs,4 day,disopyramide,400,mg/kg,High,463,13,5,Male,Crj:CD(SD)IGS,0,,0,False,,True,True,False,no_finding_recorded
38613,/workspace/andre01/honzawa/02-playground/toxpatho-patch-selector/data/TGGATEs/WSI/Liver/8_day/38613.svs,8 day,disopyramide,400,mg/kg,High,463,14,1,Male,Crj:CD(SD)IGS,1,1.0,1,True,minimal,True,True,False,recorded_finding
38618,/workspace/andre01/honzawa/02-playground/toxpatho-patch-selector/data/TGGATEs/WSI/Liver/8_day/38618.svs,8 day,disopyramide,400,mg/kg,High,463,14,2,Male,Crj:CD(SD)IGS,0,,0,False,,True,True,False,no_finding_recorded
38623,/workspace/andre01/honzawa/02-playground/toxpatho-patch-selector/data/TGGATEs/WSI/Liver/8_day/38623.svs,8 day,disopyramide,400,mg/kg,High,463,14,3,Male,Crj:CD(SD)IGS,0,,0,False,,True,True,False,no_finding_recorded
38628,/workspace/andre01/honzawa/02-playground/toxpatho-patch-selector/data/TGGATEs/WSI/Liver/8_day/38628.svs,8 day,disopyramide,400,mg/kg,High,463,14,4,Male,Crj:CD(SD)IGS,1,1.0,1,True,minimal,True,True,False,recorded_finding
38635,/workspace/andre01/honzawa/02-playground/toxpatho-patch-selector/data/TGGATEs/WSI/Liver/8_day/38635.svs,8 day,disopyramide,400,mg/kg,High,463,14,5,Male,Crj:CD(SD)IGS,1,1.0,1,True,minimal,True,True,False,recorded_finding
38638,/workspace/andre01/honzawa/02-playground/toxpatho-patch-selector/data/TGGATEs/WSI/Liver/15_day/38638.svs,15 day,disopyramide,400,mg/kg,High,463,15,1,Male,Crj:CD(SD)IGS,1,1.0,1,True,minimal,True,True,False,recorded_finding
38643,/workspace/andre01/honzawa/02-playground/toxpatho-patch-selector/data/TGGATEs/WSI/Liver/15_day/38643.svs,15 day,disopyramide,400,mg/kg,High,463,15,2,Male,Crj:CD(SD)IGS,1,2.0,1,True,slight,True,True,False,recorded_finding
38649,/workspace/andre01/honzawa/02-playground/toxpatho-patch-selector/data/TGGATEs/WSI/Liver/15_day/38649.svs,15 day,disopyramide,400,mg/kg,High,463,15,3,Male,Crj:CD(SD)IGS,1,2.0,1,True,slight,True,True,False,recorded_finding
38654,/workspace/andre01/honzawa/02-playground/toxpatho-patch-selector/data/TGGATEs/WSI/Liver/15_day/38654.svs,15 day,disopyramide,400,mg/kg,High,463,15,4,Male,Crj:CD(SD)IGS,1,1.0,1,True,minimal,True,True,False,recorded_finding
38659,/workspace/andre01/honzawa/02-playground/toxpatho-patch-selector/data/TGGATEs/WSI/Liver/15_day/38659.svs,15 day,disopyramide,400,mg/kg,High,463,15,5,Male,Crj:CD(SD)IGS,1,2.0,1,True,slight,True,True,False,recorded_finding
38665,/workspace/andre01/honzawa/02-playground/toxpatho-patch-selector/data/TGGATEs/WSI/Liver/29_day/38665.svs,29 day,disopyramide,400,mg/kg,High,463,16,2,Male,Crj:CD(SD)IGS,1,2.0,1,True,slight,True,True,False,recorded_finding
38670,/workspace/andre01/honzawa/02-playground/toxpatho-patch-selector/data/TGGATEs/WSI/Liver/29_day/38670.svs,29 day,disopyramide,400,mg/kg,High,463,16,3,Male,Crj:CD(SD)IGS,1,2.0,1,True,slight,True,True,False,recorded_finding
38674,/workspace/andre01/honzawa/02-playground/toxpatho-patch-selector/data/TGGATEs/WSI/Liver/29_day/38674.svs,29 day,disopyramide,400,mg/kg,High,463,16,4,Male,Crj:CD(SD)IGS,1,1.0,1,True,minimal,True,True,False,recorded_finding
38679,/workspace/andre01/honzawa/02-playground/toxpatho-patch-selector/data/TGGATEs/WSI/Liver/29_day/38679.svs,29 day,disopyramide,400,mg/kg,High,463,16,5,Male,Crj:CD(SD)IGS,1,2.0,1,True,slight,True,True,False,recorded_finding
45349,/workspace/andre01/honzawa/02-playground/toxpatho-patch-selector/data/TGGATEs/WSI/Liver/4_day/45349.svs,4 day,lornoxicam,0,mg/kg,Control,538,1,1,Male,Crj:CD(SD)IGS,0,,0,False,,True,True,False,no_finding_recorded
45352,/workspace/andre01/honzawa/02-playground/toxpatho-patch-selector/data/TGGATEs/WSI/Liver/4_day/45352.svs,4 day,lornoxicam,0,mg/kg,Control,538,1,2,Male,Crj:CD(SD)IGS,0,,0,False,,True,True,False,no_finding_recorded
45354,/workspace/andre01/honzawa/02-playground/toxpatho-patch-selector/data/TGGATEs/WSI/Liver/4_day/45354.svs,4 day,lornoxicam,0,mg/kg,Control,538,1,3,Male,Crj:CD(SD)IGS,0,,0,False,,True,True,False,no_finding_recorded
45356,/workspace/andre01/honzawa/02-playground/toxpatho-patch-selector/data/TGGATEs/WSI/Liver/4_day/45356.svs,4 day,lornoxicam,0,mg/kg,Control,538,1,4,Male,Crj:CD(SD)IGS,0,,0,False,,True,True,False,no_finding_recorded
45358,/workspace/andre01/honzawa/02-playground/toxpatho-patch-selector/data/TGGATEs/WSI/Liver/4_day/45358.svs,4 day,lornoxicam,0,mg/kg,Control,538,1,5,Male,Crj:CD(SD)IGS,0,,0,False,,True,True,False,no_finding_recorded
45360,/workspace/andre01/honzawa/02-playground/toxpatho-patch-selector/data/TGGATEs/WSI/Liver/4_day/45360.svs,4 day,lornoxicam,0,mg/kg,Low,538,5,1,Male,Crj:CD(SD)IGS,0,,0,False,,True,True,False,no_finding_recorded
45363,/workspace/andre01/honzawa/02-playground/toxpatho-patch-selector/data/TGGATEs/WSI/Liver/4_day/45363.svs,4 day,lornoxicam,0,mg/kg,Low,538,5,2,Male,Crj:CD(SD)IGS,0,,0,False,,True,True,False,no_finding_recorded
45365,/workspace/andre01/honzawa/02-playground/toxpatho-patch-selector/data/TGGATEs/WSI/Liver/4_day/45365.svs,4 day,lornoxicam,0,mg/kg,Low,538,5,3,Male,Crj:CD(SD)IGS,0,,0,False,,True,True,False,no_finding_recorded
45367,/workspace/andre01/honzawa/02-playground/toxpatho-patch-selector/data/TGGATEs/WSI/Liver/4_day/45367.svs,4 day,lornoxicam,0,mg/kg,Low,538,5,4,Male,Crj:CD(SD)IGS,0,,0,False,,True,True,False,no_finding_recorded
45369,/workspace/andre01/honzawa/02-playground/toxpatho-patch-selector/data/TGGATEs/WSI/Liver/4_day/45369.svs,4 day,lornoxicam,0,mg/kg,Low,538,5,5,Male,Crj:CD(SD)IGS,0,,0,False,,True,True,False,no_finding_recorded
45372,/workspace/andre01/honzawa/02-playground/toxpatho-patch-selector/data/TGGATEs/WSI/Liver/4_day/45372.svs,4 day,lornoxicam,1,mg/kg,Middle,538,9,1,Male,Crj:CD(SD)IGS,0,,0,False,,True,True,False,no_finding_recorded
45374,/workspace/andre01/honzawa/02-playground/toxpatho-patch-selector/data/TGGATEs/WSI/Liver/4_day/45374.svs,4 day,lornoxicam,1,mg/kg,Middle,538,9,2,Male,Crj:CD(SD)IGS,0,,0,False,,True,True,False,no_finding_recorded
45376,/workspace/andre01/honzawa/02-playground/toxpatho-patch-selector/data/TGGATEs/WSI/Liver/4_day/45376.svs,4 day,lornoxicam,1,mg/kg,Middle,538,9,3,Male,Crj:CD(SD)IGS,0,,0,False,,True,True,False,no_finding_recorded
45378,/workspace/andre01/honzawa/02-playground/toxpatho-patch-selector/data/TGGATEs/WSI/Liver/4_day/45378.svs,4 day,lornoxicam,1,mg/kg,Middle,538,9,4,Male,Crj:CD(SD)IGS,0,,0,False,,True,True,False,no_finding_recorded
45380,/workspace/andre01/honzawa/02-playground/toxpatho-patch-selector/data/TGGATEs/WSI/Liver/4_day/45380.svs,4 day,lornoxicam,1,mg/kg,Middle,538,9,5,Male,Crj:CD(SD)IGS,1,2.0,0,True,slight,True,True,False,recorded_finding
45383,/workspace/andre01/honzawa/02-playground/toxpatho-patch-selector/data/TGGATEs/WSI/Liver/4_day/45383.svs,4 day,lornoxicam,3,mg/kg,High,538,13,1,Male,Crj:CD(SD)IGS,0,,0,False,,True,True,False,no_finding_recorded
45385,/workspace/andre01/honzawa/02-playground/toxpatho-patch-selector/data/TGGATEs/WSI/Liver/4_day/45385.svs,4 day,lornoxicam,3,mg/kg,High,538,13,2,Male,Crj:CD(SD)IGS,0,,0,False,,True,True,False,no_finding_recorded
45387,/workspace/andre01/honzawa/02-playground/toxpatho-patch-selector/data/TGGATEs/WSI/Liver/4_day/45387.svs,4 day,lornoxicam,3,mg/kg,High,538,13,3,Male,Crj:CD(SD)IGS,0,,0,False,,True,True,False,no_finding_recorded
45390,/workspace/andre01/honzawa/02-playground/toxpatho-patch-selector/data/TGGATEs/WSI/Liver/4_day/45390.svs,4 day,lornoxicam,3,mg/kg,High,538,13,4,Male,Crj:CD(SD)IGS,0,,0,False,,True,True,False,no_finding_recorded
45394,/workspace/andre01/honzawa/02-playground/toxpatho-patch-selector/data/TGGATEs/WSI/Liver/4_day/45394.svs,4 day,lornoxicam,3,mg/kg,High,538,13,5,Male,Crj:CD(SD)IGS,0,,0,False,,True,True,False,no_finding_recorded
45397,/workspace/andre01/honzawa/02-playground/toxpatho-patch-selector/data/TGGATEs/WSI/Liver/8_day/45397.svs,8 day,lornoxicam,0,mg/kg,Control,538,2,1,Male,Crj:CD(SD)IGS,0,,0,False,,True,True,False,no_finding_recorded
45401,/workspace/andre01/honzawa/02-playground/toxpatho-patch-selector/data/TGGATEs/WSI/Liver/8_day/45401.svs,8 day,lornoxicam,0,mg/kg,Control,538,2,2,Male,Crj:CD(SD)IGS,0,,0,False,,True,True,False,no_finding_recorded
45403,/workspace/andre01/honzawa/02-playground/toxpatho-patch-selector/data/TGGATEs/WSI/Liver/8_day/45403.svs,8 day,lornoxicam,0,mg/kg,Control,538,2,3,Male,Crj:CD(SD)IGS,0,,0,False,,True,True,False,no_finding_recorded
45406,/workspace/andre01/honzawa/02-playground/toxpatho-patch-selector/data/TGGATEs/WSI/Liver/8_day/45406.svs,8 day,lornoxicam,0,mg/kg,Control,538,2,4,Male,Crj:CD(SD)IGS,0,,0,False,,True,True,False,no_finding_recorded
45409,/workspace/andre01/honzawa/02-playground/toxpatho-patch-selector/data/TGGATEs/WSI/Liver/8_day/45409.svs,8 day,lornoxicam,0,mg/kg,Control,538,2,5,Male,Crj:CD(SD)IGS,0,,0,False,,True,True,False,no_finding_recorded
45412,/workspace/andre01/honzawa/02-playground/toxpatho-patch-selector/data/TGGATEs/WSI/Liver/8_day/45412.svs,8 day,lornoxicam,0,mg/kg,Low,538,6,1,Male,Crj:CD(SD)IGS,0,,0,False,,True,True,False,no_finding_recorded
45415,/workspace/andre01/honzawa/02-playground/toxpatho-patch-selector/data/TGGATEs/WSI/Liver/8_day/45415.svs,8 day,lornoxicam,0,mg/kg,Low,538,6,2,Male,Crj:CD(SD)IGS,0,,0,False,,True,True,False,no_finding_recorded
45417,/workspace/andre01/honzawa/02-playground/toxpatho-patch-selector/data/TGGATEs/WSI/Liver/8_day/45417.svs,8 day,lornoxicam,0,mg/kg,Low,538,6,3,Male,Crj:CD(SD)IGS,0,,0,False,,True,True,False,no_finding_recorded
45421,/workspace/andre01/honzawa/02-playground/toxpatho-patch-selector/data/TGGATEs/WSI/Liver/8_day/45421.svs,8 day,lornoxicam,0,mg/kg,Low,538,6,4,Male,Crj:CD(SD)IGS,0,,0,False,,True,True,False,no_finding_recorded
45424,/workspace/andre01/honzawa/02-playground/toxpatho-patch-selector/data/TGGATEs/WSI/Liver/8_day/45424.svs,8 day,lornoxicam,0,mg/kg,Low,538,6,5,Male,Crj:CD(SD)IGS,0,,0,False,,True,True,False,no_finding_recorded
45427,/workspace/andre01/honzawa/02-playground/toxpatho-patch-selector/data/TGGATEs/WSI/Liver/8_day/45427.svs,8 day,lornoxicam,1,mg/kg,Middle,538,10,1,Male,Crj:CD(SD)IGS,0,,0,False,,True,True,False,no_finding_recorded
45430,/workspace/andre01/honzawa/02-playground/toxpatho-patch-selector/data/TGGATEs/WSI/Liver/8_day/45430.svs,8 day,lornoxicam,1,mg/kg,Middle,538,10,2,Male,Crj:CD(SD)IGS,0,,0,False,,True,True,False,no_finding_recorded
45433,/workspace/andre01/honzawa/02-playground/toxpatho-patch-selector/data/TGGATEs/WSI/Liver/8_day/45433.svs,8 day,lornoxicam,1,mg/kg,Middle,538,10,3,Male,Crj:CD(SD)IGS,0,,0,False,,True,True,False,no_finding_recorded
45436,/workspace/andre01/honzawa/02-playground/toxpatho-patch-selector/data/TGGATEs/WSI/Liver/8_day/45436.svs,8 day,lornoxicam,1,mg/kg,Middle,538,10,4,Male,Crj:CD(SD)IGS,0,,0,False,,True,True,False,no_finding_recorded
45439,/workspace/andre01/honzawa/02-playground/toxpatho-patch-selector/data/TGGATEs/WSI/Liver/8_day/45439.svs,8 day,lornoxicam,1,mg/kg,Middle,538,10,5,Male,Crj:CD(SD)IGS,0,,0,False,,True,True,False,no_finding_recorded
45442,/workspace/andre01/honzawa/02-playground/toxpatho-patch-selector/data/TGGATEs/WSI/Liver/8_day/45442.svs,8 day,lornoxicam,3,mg/kg,High,538,14,2,Male,Crj:CD(SD)IGS,0,,0,False,,True,True,False,no_finding_recorded
45445,/workspace/andre01/honzawa/02-playground/toxpatho-patch-selector/data/TGGATEs/WSI/Liver/8_day/45445.svs,8 day,lornoxicam,3,mg/kg,High,538,14,4,Male,Crj:CD(SD)IGS,0,,0,False,,True,True,False,no_finding_recorded
45448,/workspace/andre01/honzawa/02-playground/toxpatho-patch-selector/data/TGGATEs/WSI/Liver/8_day/45448.svs,8 day,lornoxicam,3,mg/kg,High,538,14,5,Male,Crj:CD(SD)IGS,1,1.0,1,True,minimal,True,True,False,recorded_finding
45451,/workspace/andre01/honzawa/02-playground/toxpatho-patch-selector/data/TGGATEs/WSI/Liver/15_day/45451.svs,15 day,lornoxicam,0,mg/kg,Control,538,3,1,Male,Crj:CD(SD)IGS,0,,0,False,,True,True,False,no_finding_recorded
45454,/workspace/andre01/honzawa/02-playground/toxpatho-patch-selector/data/TGGATEs/WSI/Liver/15_day/45454.svs,15 day,lornoxicam,0,mg/kg,Control,538,3,2,Male,Crj:CD(SD)IGS,0,,0,False,,True,True,False,no_finding_recorded
45457,/workspace/andre01/honzawa/02-playground/toxpatho-patch-selector/data/TGGATEs/WSI/Liver/15_day/45457.svs,15 day,lornoxicam,0,mg/kg,Control,538,3,3,Male,Crj:CD(SD)IGS,0,,0,False,,True,True,False,no_finding_recorded
45459,/workspace/andre01/honzawa/02-playground/toxpatho-patch-selector/data/TGGATEs/WSI/Liver/15_day/45459.svs,15 day,lornoxicam,0,mg/kg,Control,538,3,4,Male,Crj:CD(SD)IGS,0,,0,False,,True,True,False,no_finding_recorded
45463,/workspace/andre01/honzawa/02-playground/toxpatho-patch-selector/data/TGGATEs/WSI/Liver/15_day/45463.svs,15 day,lornoxicam,0,mg/kg,Control,538,3,5,Male,Crj:CD(SD)IGS,0,,0,False,,True,True,False,no_finding_recorded
45466,/workspace/andre01/honzawa/02-playground/toxpatho-patch-selector/data/TGGATEs/WSI/Liver/15_day/45466.svs,15 day,lornoxicam,0,mg/kg,Low,538,7,1,Male,Crj:CD(SD)IGS,0,,0,False,,True,True,False,no_finding_recorded
45469,/workspace/andre01/honzawa/02-playground/toxpatho-patch-selector/data/TGGATEs/WSI/Liver/15_day/45469.svs,15 day,lornoxicam,0,mg/kg,Low,538,7,2,Male,Crj:CD(SD)IGS,0,,0,False,,True,True,False,no_finding_recorded
45471,/workspace/andre01/honzawa/02-playground/toxpatho-patch-selector/data/TGGATEs/WSI/Liver/15_day/45471.svs,15 day,lornoxicam,0,mg/kg,Low,538,7,3,Male,Crj:CD(SD)IGS,0,,0,False,,True,True,False,no_finding_recorded
45474,/workspace/andre01/honzawa/02-playground/toxpatho-patch-selector/data/TGGATEs/WSI/Liver/15_day/45474.svs,15 day,lornoxicam,0,mg/kg,Low,538,7,4,Male,Crj:CD(SD)IGS,0,,0,False,,True,True,False,no_finding_recorded
45478,/workspace/andre01/honzawa/02-playground/toxpatho-patch-selector/data/TGGATEs/WSI/Liver/15_day/45478.svs,15 day,lornoxicam,0,mg/kg,Low,538,7,5,Male,Crj:CD(SD)IGS,0,,0,False,,True,True,False,no_finding_recorded
45482,/workspace/andre01/honzawa/02-playground/toxpatho-patch-selector/data/TGGATEs/WSI/Liver/15_day/45482.svs,15 day,lornoxicam,1,mg/kg,Middle,538,11,1,Male,Crj:CD(SD)IGS,0,,0,False,,True,True,False,no_finding_recorded
45485,/workspace/andre01/honzawa/02-playground/toxpatho-patch-selector/data/TGGATEs/WSI/Liver/15_day/45485.svs,15 day,lornoxicam,1,mg/kg,Middle,538,11,2,Male,Crj:CD(SD)IGS,0,,0,False,,True,True,False,no_finding_recorded
45488,/workspace/andre01/honzawa/02-playground/toxpatho-patch-selector/data/TGGATEs/WSI/Liver/15_day/45488.svs,15 day,lornoxicam,1,mg/kg,Middle,538,11,3,Male,Crj:CD(SD)IGS,2,1.0,2,True,minimal,True,True,False,recorded_finding
45490,/workspace/andre01/honzawa/02-playground/toxpatho-patch-selector/data/TGGATEs/WSI/Liver/15_day/45490.svs,15 day,lornoxicam,1,mg/kg,Middle,538,11,4,Male,Crj:CD(SD)IGS,1,1.0,0,True,minimal,True,True,False,recorded_finding
45492,/workspace/andre01/honzawa/02-playground/toxpatho-patch-selector/data/TGGATEs/WSI/Liver/15_day/45492.svs,15 day,lornoxicam,1,mg/kg,Middle,538,11,5,Male,Crj:CD(SD)IGS,0,,0,False,,True,True,False,no_finding_recorded
45495,/workspace/andre01/honzawa/02-playground/toxpatho-patch-selector/data/TGGATEs/WSI/Liver/15_day/45495.svs,15 day,lornoxicam,3,mg/kg,High,538,15,2,Male,Crj:CD(SD)IGS,0,,0,False,,True,True,False,no_finding_recorded
45499,/workspace/andre01/honzawa/02-playground/toxpatho-patch-selector/data/TGGATEs/WSI/Liver/15_day/45499.svs,15 day,lornoxicam,3,mg/kg,High,538,15,3,Male,Crj:CD(SD)IGS,0,,0,False,,True,True,False,no_finding_recorded
45502,/workspace/andre01/honzawa/02-playground/toxpatho-patch-selector/data/TGGATEs/WSI/Liver/15_day/45502.svs,15 day,lornoxicam,3,mg/kg,High,538,15,4,Male,Crj:CD(SD)IGS,1,1.0,1,True,minimal,True,True,False,recorded_finding
45505,/workspace/andre01/honzawa/02-playground/toxpatho-patch-selector/data/TGGATEs/WSI/Liver/29_day/45505.svs,29 day,lornoxicam,0,mg/kg,Control,538,4,1,Male,Crj:CD(SD)IGS,0,,0,False,,True,True,False,no_finding_recorded
45508,/workspace/andre01/honzawa/02-playground/toxpatho-patch-selector/data/TGGATEs/WSI/Liver/29_day/45508.svs,29 day,lornoxicam,0,mg/kg,Control,538,4,2,Male,Crj:CD(SD)IGS,1,1.0,0,True,minimal,True,True,False,recorded_finding
45510,/workspace/andre01/honzawa/02-playground/toxpatho-patch-selector/data/TGGATEs/WSI/Liver/29_day/45510.svs,29 day,lornoxicam,0,mg/kg,Control,538,4,3,Male,Crj:CD(SD)IGS,0,,0,False,,True,True,False,no_finding_recorded
45513,/workspace/andre01/honzawa/02-playground/toxpatho-patch-selector/data/TGGATEs/WSI/Liver/29_day/45513.svs,29 day,lornoxicam,0,mg/kg,Control,538,4,4,Male,Crj:CD(SD)IGS,0,,0,False,,True,True,False,no_finding_recorded
45515,/workspace/andre01/honzawa/02-playground/toxpatho-patch-selector/data/TGGATEs/WSI/Liver/29_day/45515.svs,29 day,lornoxicam,0,mg/kg,Control,538,4,5,Male,Crj:CD(SD)IGS,0,,0,False,,True,True,False,no_finding_recorded
45517,/workspace/andre01/honzawa/02-playground/toxpatho-patch-selector/data/TGGATEs/WSI/Liver/29_day/45517.svs,29 day,lornoxicam,0,mg/kg,Low,538,8,1,Male,Crj:CD(SD)IGS,0,,0,False,,True,True,False,no_finding_recorded
45520,/workspace/andre01/honzawa/02-playground/toxpatho-patch-selector/data/TGGATEs/WSI/Liver/29_day/45520.svs,29 day,lornoxicam,0,mg/kg,Low,538,8,2,Male,Crj:CD(SD)IGS,1,1.0,0,True,minimal,True,True,False,recorded_finding
45523,/workspace/andre01/honzawa/02-playground/toxpatho-patch-selector/data/TGGATEs/WSI/Liver/29_day/45523.svs,29 day,lornoxicam,0,mg/kg,Low,538,8,3,Male,Crj:CD(SD)IGS,0,,0,False,,True,True,False,no_finding_recorded
45525,/workspace/andre01/honzawa/02-playground/toxpatho-patch-selector/data/TGGATEs/WSI/Liver/29_day/45525.svs,29 day,lornoxicam,0,mg/kg,Low,538,8,4,Male,Crj:CD(SD)IGS,1,1.0,0,True,minimal,True,True,False,recorded_finding
45527,/workspace/andre01/honzawa/02-playground/toxpatho-patch-selector/data/TGGATEs/WSI/Liver/29_day/45527.svs,29 day,lornoxicam,0,mg/kg,Low,538,8,5,Male,Crj:CD(SD)IGS,0,,0,False,,True,True,False,no_finding_recorded
45529,/workspace/andre01/honzawa/02-playground/toxpatho-patch-selector/data/TGGATEs/WSI/Liver/29_day/45529.svs,29 day,lornoxicam,1,mg/kg,Middle,538,12,2,Male,Crj:CD(SD)IGS,0,,0,False,,True,True,False,no_finding_recorded
45532,/workspace/andre01/honzawa/02-playground/toxpatho-patch-selector/data/TGGATEs/WSI/Liver/29_day/45532.svs,29 day,lornoxicam,1,mg/kg,Middle,538,12,3,Male,Crj:CD(SD)IGS,1,1.0,0,True,minimal,True,True,False,recorded_finding
45534,/workspace/andre01/honzawa/02-playground/toxpatho-patch-selector/data/TGGATEs/WSI/Liver/29_day/45534.svs,29 day,lornoxicam,1,mg/kg,Middle,538,12,4,Male,Crj:CD(SD)IGS,0,,0,False,,True,True,False,no_finding_recorded
45537,/workspace/andre01/honzawa/02-playground/toxpatho-patch-selector/data/TGGATEs/WSI/Liver/29_day/45537.svs,29 day,lornoxicam,1,mg/kg,Middle,538,12,5,Male,Crj:CD(SD)IGS,0,,0,False,,True,True,False,no_finding_recorded
45539,/workspace/andre01/honzawa/02-playground/toxpatho-patch-selector/data/TGGATEs/WSI/Liver/15_day/45539.svs,15 day,lornoxicam,3,mg/kg,High,538,16,5,Male,Crj:CD(SD)IGS,1,1.0,1,True,minimal,True,True,False,recorded_finding
46290,/workspace/andre01/honzawa/02-playground/toxpatho-patch-selector/data/TGGATEs/WSI/Liver/4_day/46290.svs,4 day,ethionamide,0,mg/kg,Control,585,1,1,Male,Crj:CD(SD)IGS,1,1.0,0,True,minimal,True,True,False,recorded_finding
46292,/workspace/andre01/honzawa/02-playground/toxpatho-patch-selector/data/TGGATEs/WSI/Liver/4_day/46292.svs,4 day,ethionamide,0,mg/kg,Control,585,1,2,Male,Crj:CD(SD)IGS,0,,0,False,,True,True,False,no_finding_recorded
46294,/workspace/andre01/honzawa/02-playground/toxpatho-patch-selector/data/TGGATEs/WSI/Liver/4_day/46294.svs,4 day,ethionamide,0,mg/kg,Control,585,1,3,Male,Crj:CD(SD)IGS,0,,0,False,,True,True,False,no_finding_recorded
46295,/workspace/andre01/honzawa/02-playground/toxpatho-patch-selector/data/TGGATEs/WSI/Liver/4_day/46295.svs,4 day,ethionamide,0,mg/kg,Control,585,1,4,Male,Crj:CD(SD)IGS,1,1.0,0,True,minimal,True,True,False,recorded_finding
46297,/workspace/andre01/honzawa/02-playground/toxpatho-patch-selector/data/TGGATEs/WSI/Liver/4_day/46297.svs,4 day,ethionamide,0,mg/kg,Control,585,1,5,Male,Crj:CD(SD)IGS,1,1.0,0,True,minimal,True,True,False,recorded_finding
46298,/workspace/andre01/honzawa/02-playground/toxpatho-patch-selector/data/TGGATEs/WSI/Liver/8_day/46298.svs,8 day,ethionamide,0,mg/kg,Control,585,2,1,Male,Crj:CD(SD)IGS,1,1.0,0,True,minimal,True,True,False,recorded_finding
46300,/workspace/andre01/honzawa/02-playground/toxpatho-patch-selector/data/TGGATEs/WSI/Liver/8_day/46300.svs,8 day,ethionamide,0,mg/kg,Control,585,2,2,Male,Crj:CD(SD)IGS,0,,0,False,,True,True,False,no_finding_recorded
46301,/workspace/andre01/honzawa/02-playground/toxpatho-patch-selector/data/TGGATEs/WSI/Liver/8_day/46301.svs,8 day,ethionamide,0,mg/kg,Control,585,2,3,Male,Crj:CD(SD)IGS,0,,0,False,,True,True,False,no_finding_recorded
46304,/workspace/andre01/honzawa/02-playground/toxpatho-patch-selector/data/TGGATEs/WSI/Liver/8_day/46304.svs,8 day,ethionamide,0,mg/kg,Control,585,2,4,Male,Crj:CD(SD)IGS,0,,0,False,,True,True,False,no_finding_recorded
46305,/workspace/andre01/honzawa/02-playground/toxpatho-patch-selector/data/TGGATEs/WSI/Liver/8_day/46305.svs,8 day,ethionamide,0,mg/kg,Control,585,2,5,Male,Crj:CD(SD)IGS,0,,0,False,,True,True,False,no_finding_recorded
46307,/workspace/andre01/honzawa/02-playground/toxpatho-patch-selector/data/TGGATEs/WSI/Liver/15_day/46307.svs,15 day,ethionamide,0,mg/kg,Control,585,3,1,Male,Crj:CD(SD)IGS,0,,0,False,,True,True,False,no_finding_recorded
46308,/workspace/andre01/honzawa/02-playground/toxpatho-patch-selector/data/TGGATEs/WSI/Liver/15_day/46308.svs,15 day,ethionamide,0,mg/kg,Control,585,3,2,Male,Crj:CD(SD)IGS,0,,0,False,,True,True,False,no_finding_recorded
46310,/workspace/andre01/honzawa/02-playground/toxpatho-patch-selector/data/TGGATEs/WSI/Liver/15_day/46310.svs,15 day,ethionamide,0,mg/kg,Control,585,3,3,Male,Crj:CD(SD)IGS,1,1.0,0,True,minimal,True,True,False,recorded_finding
46312,/workspace/andre01/honzawa/02-playground/toxpatho-patch-selector/data/TGGATEs/WSI/Liver/15_day/46312.svs,15 day,ethionamide,0,mg/kg,Control,585,3,4,Male,Crj:CD(SD)IGS,0,,0,False,,True,True,False,no_finding_recorded
46313,/workspace/andre01/honzawa/02-playground/toxpatho-patch-selector/data/TGGATEs/WSI/Liver/15_day/46313.svs,15 day,ethionamide,0,mg/kg,Control,585,3,5,Male,Crj:CD(SD)IGS,1,1.0,0,True,minimal,True,True,False,recorded_finding
46315,/workspace/andre01/honzawa/02-playground/toxpatho-patch-selector/data/TGGATEs/WSI/Liver/29_day/46315.svs,29 day,ethionamide,0,mg/kg,Control,585,4,1,Male,Crj:CD(SD)IGS,1,1.0,0,True,minimal,True,True,False,recorded_finding
46316,/workspace/andre01/honzawa/02-playground/toxpatho-patch-selector/data/TGGATEs/WSI/Liver/29_day/46316.svs,29 day,ethionamide,0,mg/kg,Control,585,4,2,Male,Crj:CD(SD)IGS,1,1.0,0,True,minimal,True,True,False,recorded_finding
46318,/workspace/andre01/honzawa/02-playground/toxpatho-patch-selector/data/TGGATEs/WSI/Liver/29_day/46318.svs,29 day,ethionamide,0,mg/kg,Control,585,4,3,Male,Crj:CD(SD)IGS,1,1.0,0,True,minimal,True,True,False,recorded_finding
46320,/workspace/andre01/honzawa/02-playground/toxpatho-patch-selector/data/TGGATEs/WSI/Liver/29_day/46320.svs,29 day,ethionamide,0,mg/kg,Control,585,4,4,Male,Crj:CD(SD)IGS,0,,0,False,,True,True,False,no_finding_recorded
46323,/workspace/andre01/honzawa/02-playground/toxpatho-patch-selector/data/TGGATEs/WSI/Liver/4_day/46323.svs,4 day,ethionamide,30,mg/kg,Low,585,5,1,Male,Crj:CD(SD)IGS,1,1.0,0,True,minimal,True,True,False,recorded_finding
46325,/workspace/andre01/honzawa/02-playground/toxpatho-patch-selector/data/TGGATEs/WSI/Liver/4_day/46325.svs,4 day,ethionamide,30,mg/kg,Low,585,5,2,Male,Crj:CD(SD)IGS,0,,0,False,,True,True,False,no_finding_recorded
46326,/workspace/andre01/honzawa/02-playground/toxpatho-patch-selector/data/TGGATEs/WSI/Liver/4_day/46326.svs,4 day,ethionamide,30,mg/kg,Low,585,5,3,Male,Crj:CD(SD)IGS,1,1.0,0,True,minimal,True,True,False,recorded_finding
46328,/workspace/andre01/honzawa/02-playground/toxpatho-patch-selector/data/TGGATEs/WSI/Liver/4_day/46328.svs,4 day,ethionamide,30,mg/kg,Low,585,5,4,Male,Crj:CD(SD)IGS,1,1.0,0,True,minimal,True,True,False,recorded_finding
46330,/workspace/andre01/honzawa/02-playground/toxpatho-patch-selector/data/TGGATEs/WSI/Liver/4_day/46330.svs,4 day,ethionamide,30,mg/kg,Low,585,5,5,Male,Crj:CD(SD)IGS,0,,0,False,,True,True,False,no_finding_recorded
46331,/workspace/andre01/honzawa/02-playground/toxpatho-patch-selector/data/TGGATEs/WSI/Liver/8_day/46331.svs,8 day,ethionamide,30,mg/kg,Low,585,6,1,Male,Crj:CD(SD)IGS,0,,0,False,,True,True,False,no_finding_recorded
46333,/workspace/andre01/honzawa/02-playground/toxpatho-patch-selector/data/TGGATEs/WSI/Liver/8_day/46333.svs,8 day,ethionamide,30,mg/kg,Low,585,6,2,Male,Crj:CD(SD)IGS,0,,0,False,,True,True,False,no_finding_recorded
46335,/workspace/andre01/honzawa/02-playground/toxpatho-patch-selector/data/TGGATEs/WSI/Liver/8_day/46335.svs,8 day,ethionamide,30,mg/kg,Low,585,6,3,Male,Crj:CD(SD)IGS,0,,0,False,,True,True,False,no_finding_recorded
46336,/workspace/andre01/honzawa/02-playground/toxpatho-patch-selector/data/TGGATEs/WSI/Liver/8_day/46336.svs,8 day,ethionamide,30,mg/kg,Low,585,6,4,Male,Crj:CD(SD)IGS,0,,0,False,,True,True,False,no_finding_recorded
46338,/workspace/andre01/honzawa/02-playground/toxpatho-patch-selector/data/TGGATEs/WSI/Liver/8_day/46338.svs,8 day,ethionamide,30,mg/kg,Low,585,6,5,Male,Crj:CD(SD)IGS,0,,0,False,,True,True,False,no_finding_recorded
46340,/workspace/andre01/honzawa/02-playground/toxpatho-patch-selector/data/TGGATEs/WSI/Liver/15_day/46340.svs,15 day,ethionamide,30,mg/kg,Low,585,7,1,Male,Crj:CD(SD)IGS,2,1.0,0,True,minimal,True,True,False,recorded_finding
46342,/workspace/andre01/honzawa/02-playground/toxpatho-patch-selector/data/TGGATEs/WSI/Liver/15_day/46342.svs,15 day,ethionamide,30,mg/kg,Low,585,7,2,Male,Crj:CD(SD)IGS,0,,0,False,,True,True,False,no_finding_recorded
46344,/workspace/andre01/honzawa/02-playground/toxpatho-patch-selector/data/TGGATEs/WSI/Liver/15_day/46344.svs,15 day,ethionamide,30,mg/kg,Low,585,7,3,Male,Crj:CD(SD)IGS,0,,0,False,,True,True,False,no_finding_recorded
46345,/workspace/andre01/honzawa/02-playground/toxpatho-patch-selector/data/TGGATEs/WSI/Liver/15_day/46345.svs,15 day,ethionamide,30,mg/kg,Low,585,7,4,Male,Crj:CD(SD)IGS,0,,0,False,,True,True,False,no_finding_recorded
46347,/workspace/andre01/honzawa/02-playground/toxpatho-patch-selector/data/TGGATEs/WSI/Liver/15_day/46347.svs,15 day,ethionamide,30,mg/kg,Low,585,7,5,Male,Crj:CD(SD)IGS,1,1.0,0,True,minimal,True,True,False,recorded_finding
46348,/workspace/andre01/honzawa/02-playground/toxpatho-patch-selector/data/TGGATEs/WSI/Liver/29_day/46348.svs,29 day,ethionamide,30,mg/kg,Low,585,8,1,Male,Crj:CD(SD)IGS,0,,0,False,,True,True,False,no_finding_recorded
46350,/workspace/andre01/honzawa/02-playground/toxpatho-patch-selector/data/TGGATEs/WSI/Liver/29_day/46350.svs,29 day,ethionamide,30,mg/kg,Low,585,8,2,Male,Crj:CD(SD)IGS,0,,0,False,,True,True,False,no_finding_recorded
46352,/workspace/andre01/honzawa/02-playground/toxpatho-patch-selector/data/TGGATEs/WSI/Liver/29_day/46352.svs,29 day,ethionamide,30,mg/kg,Low,585,8,3,Male,Crj:CD(SD)IGS,0,,0,False,,True,True,False,no_finding_recorded
46354,/workspace/andre01/honzawa/02-playground/toxpatho-patch-selector/data/TGGATEs/WSI/Liver/29_day/46354.svs,29 day,ethionamide,30,mg/kg,Low,585,8,4,Male,Crj:CD(SD)IGS,0,,0,False,,True,True,False,no_finding_recorded
46355,/workspace/andre01/honzawa/02-playground/toxpatho-patch-selector/data/TGGATEs/WSI/Liver/29_day/46355.svs,29 day,ethionamide,30,mg/kg,Low,585,8,5,Male,Crj:CD(SD)IGS,0,,0,False,,True,True,False,no_finding_recorded
46357,/workspace/andre01/honzawa/02-playground/toxpatho-patch-selector/data/TGGATEs/WSI/Liver/4_day/46357.svs,4 day,ethionamide,100,mg/kg,Middle,585,9,1,Male,Crj:CD(SD)IGS,1,3.0,1,True,moderate,True,True,False,recorded_finding
46358,/workspace/andre01/honzawa/02-playground/toxpatho-patch-selector/data/TGGATEs/WSI/Liver/4_day/46358.svs,4 day,ethionamide,100,mg/kg,Middle,585,9,2,Male,Crj:CD(SD)IGS,3,2.0,1,True,slight,True,True,False,recorded_finding
46360,/workspace/andre01/honzawa/02-playground/toxpatho-patch-selector/data/TGGATEs/WSI/Liver/4_day/46360.svs,4 day,ethionamide,100,mg/kg,Middle,585,9,3,Male,Crj:CD(SD)IGS,3,2.0,2,True,slight,True,True,False,recorded_finding
46362,/workspace/andre01/honzawa/02-playground/toxpatho-patch-selector/data/TGGATEs/WSI/Liver/4_day/46362.svs,4 day,ethionamide,100,mg/kg,Middle,585,9,4,Male,Crj:CD(SD)IGS,2,2.0,2,True,slight,True,True,False,recorded_finding
46363,/workspace/andre01/honzawa/02-playground/toxpatho-patch-selector/data/TGGATEs/WSI/Liver/4_day/46363.svs,4 day,ethionamide,100,mg/kg,Middle,585,9,5,Male,Crj:CD(SD)IGS,2,2.0,2,True,slight,True,True,False,recorded_finding
46365,/workspace/andre01/honzawa/02-playground/toxpatho-patch-selector/data/TGGATEs/WSI/Liver/8_day/46365.svs,8 day,ethionamide,100,mg/kg,Middle,585,10,1,Male,Crj:CD(SD)IGS,1,2.0,1,True,slight,True,True,False,recorded_finding
46367,/workspace/andre01/honzawa/02-playground/toxpatho-patch-selector/data/TGGATEs/WSI/Liver/8_day/46367.svs,8 day,ethionamide,100,mg/kg,Middle,585,10,2,Male,Crj:CD(SD)IGS,2,1.0,1,True,minimal,True,True,False,recorded_finding
46368,/workspace/andre01/honzawa/02-playground/toxpatho-patch-selector/data/TGGATEs/WSI/Liver/8_day/46368.svs,8 day,ethionamide,100,mg/kg,Middle,585,10,3,Male,Crj:CD(SD)IGS,1,2.0,1,True,slight,True,True,False,recorded_finding
46369,/workspace/andre01/honzawa/02-playground/toxpatho-patch-selector/data/TGGATEs/WSI/Liver/8_day/46369.svs,8 day,ethionamide,100,mg/kg,Middle,585,10,4,Male,Crj:CD(SD)IGS,2,1.0,1,True,minimal,True,True,False,recorded_finding
46371,/workspace/andre01/honzawa/02-playground/toxpatho-patch-selector/data/TGGATEs/WSI/Liver/8_day/46371.svs,8 day,ethionamide,100,mg/kg,Middle,585,10,5,Male,Crj:CD(SD)IGS,1,1.0,1,True,minimal,True,True,False,recorded_finding
46373,/workspace/andre01/honzawa/02-playground/toxpatho-patch-selector/data/TGGATEs/WSI/Liver/15_day/46373.svs,15 day,ethionamide,100,mg/kg,Middle,585,11,1,Male,Crj:CD(SD)IGS,1,1.0,1,True,minimal,True,True,False,recorded_finding
46374,/workspace/andre01/honzawa/02-playground/toxpatho-patch-selector/data/TGGATEs/WSI/Liver/15_day/46374.svs,15 day,ethionamide,100,mg/kg,Middle,585,11,2,Male,Crj:CD(SD)IGS,1,2.0,1,True,slight,True,True,False,recorded_finding
46376,/workspace/andre01/honzawa/02-playground/toxpatho-patch-selector/data/TGGATEs/WSI/Liver/15_day/46376.svs,15 day,ethionamide,100,mg/kg,Middle,585,11,3,Male,Crj:CD(SD)IGS,1,1.0,1,True,minimal,True,True,False,recorded_finding
46378,/workspace/andre01/honzawa/02-playground/toxpatho-patch-selector/data/TGGATEs/WSI/Liver/15_day/46378.svs,15 day,ethionamide,100,mg/kg,Middle,585,11,4,Male,Crj:CD(SD)IGS,1,2.0,1,True,slight,True,True,False,recorded_finding
46380,/workspace/andre01/honzawa/02-playground/toxpatho-patch-selector/data/TGGATEs/WSI/Liver/15_day/46380.svs,15 day,ethionamide,100,mg/kg,Middle,585,11,5,Male,Crj:CD(SD)IGS,1,2.0,1,True,slight,True,True,False,recorded_finding
46382,/workspace/andre01/honzawa/02-playground/toxpatho-patch-selector/data/TGGATEs/WSI/Liver/29_day/46382.svs,29 day,ethionamide,100,mg/kg,Middle,585,12,1,Male,Crj:CD(SD)IGS,0,,0,False,,True,True,False,no_finding_recorded
46384,/workspace/andre01/honzawa/02-playground/toxpatho-patch-selector/data/TGGATEs/WSI/Liver/29_day/46384.svs,29 day,ethionamide,100,mg/kg,Middle,585,12,2,Male,Crj:CD(SD)IGS,0,,0,False,,True,True,False,no_finding_recorded
46386,/workspace/andre01/honzawa/02-playground/toxpatho-patch-selector/data/TGGATEs/WSI/Liver/29_day/46386.svs,29 day,ethionamide,100,mg/kg,Middle,585,12,3,Male,Crj:CD(SD)IGS,1,1.0,0,True,minimal,True,True,False,recorded_finding
46387,/workspace/andre01/honzawa/02-playground/toxpatho-patch-selector/data/TGGATEs/WSI/Liver/29_day/46387.svs,29 day,ethionamide,100,mg/kg,Middle,585,12,4,Male,Crj:CD(SD)IGS,3,2.0,2,True,slight,True,True,False,recorded_finding
46389,/workspace/andre01/honzawa/02-playground/toxpatho-patch-selector/data/TGGATEs/WSI/Liver/29_day/46389.svs,29 day,ethionamide,100,mg/kg,Middle,585,12,5,Male,Crj:CD(SD)IGS,1,2.0,1,True,slight,True,True,False,recorded_finding
46391,/workspace/andre01/honzawa/02-playground/toxpatho-patch-selector/data/TGGATEs/WSI/Liver/4_day/46391.svs,4 day,ethionamide,300,mg/kg,High,585,13,1,Male,Crj:CD(SD)IGS,4,2.0,3,True,slight,True,True,False,recorded_finding
46395,/workspace/andre01/honzawa/02-playground/toxpatho-patch-selector/data/TGGATEs/WSI/Liver/4_day/46395.svs,4 day,ethionamide,300,mg/kg,High,585,13,2,Male,Crj:CD(SD)IGS,4,3.0,3,True,moderate,True,True,False,recorded_finding
46397,/workspace/andre01/honzawa/02-playground/toxpatho-patch-selector/data/TGGATEs/WSI/Liver/4_day/46397.svs,4 day,ethionamide,300,mg/kg,High,585,13,3,Male,Crj:CD(SD)IGS,4,2.0,3,True,slight,True,True,False,recorded_finding
46400,/workspace/andre01/honzawa/02-playground/toxpatho-patch-selector/data/TGGATEs/WSI/Liver/4_day/46400.svs,4 day,ethionamide,300,mg/kg,High,585,13,4,Male,Crj:CD(SD)IGS,4,3.0,4,True,moderate,True,True,False,recorded_finding
46403,/workspace/andre01/honzawa/02-playground/toxpatho-patch-selector/data/TGGATEs/WSI/Liver/4_day/46403.svs,4 day,ethionamide,300,mg/kg,High,585,13,5,Male,Crj:CD(SD)IGS,5,3.0,5,True,moderate,True,True,False,recorded_finding
46406,/workspace/andre01/honzawa/02-playground/toxpatho-patch-selector/data/TGGATEs/WSI/Liver/8_day/46406.svs,8 day,ethionamide,300,mg/kg,High,585,14,1,Male,Crj:CD(SD)IGS,2,2.0,2,True,slight,True,True,False,recorded_finding
46409,/workspace/andre01/honzawa/02-playground/toxpatho-patch-selector/data/TGGATEs/WSI/Liver/8_day/46409.svs,8 day,ethionamide,300,mg/kg,High,585,14,2,Male,Crj:CD(SD)IGS,2,2.0,2,True,slight,True,True,False,recorded_finding
46412,/workspace/andre01/honzawa/02-playground/toxpatho-patch-selector/data/TGGATEs/WSI/Liver/8_day/46412.svs,8 day,ethionamide,300,mg/kg,High,585,14,3,Male,Crj:CD(SD)IGS,3,2.0,2,True,slight,True,True,False,recorded_finding
46414,/workspace/andre01/honzawa/02-playground/toxpatho-patch-selector/data/TGGATEs/WSI/Liver/15_day/46414.svs,15 day,ethionamide,300,mg/kg,High,585,15,2,Male,Crj:CD(SD)IGS,2,2.0,2,True,slight,True,True,False,recorded_finding
46418,/workspace/andre01/honzawa/02-playground/toxpatho-patch-selector/data/TGGATEs/WSI/Liver/15_day/46418.svs,15 day,ethionamide,300,mg/kg,High,585,15,3,Male,Crj:CD(SD)IGS,1,1.0,1,True,minimal,True,True,False,recorded_finding
46421,/workspace/andre01/honzawa/02-playground/toxpatho-patch-selector/data/TGGATEs/WSI/Liver/15_day/46421.svs,15 day,ethionamide,300,mg/kg,High,585,15,5,Male,Crj:CD(SD)IGS,1,1.0,1,True,minimal,True,True,False,recorded_finding
46423,/workspace/andre01/honzawa/02-playground/toxpatho-patch-selector/data/TGGATEs/WSI/Liver/15_day/46423.svs,15 day,ethionamide,300,mg/kg,High,585,16,2,Male,Crj:CD(SD)IGS,3,2.0,2,True,slight,True,True,False,recorded_finding
46617,/workspace/andre01/honzawa/02-playground/toxpatho-patch-selector/data/TGGATEs/WSI/Liver/4_day/46617.svs,4 day,methapyrilene,0,mg/kg,Control,174,1,1,Male,Crj:CD(SD)IGS,0,,0,False,,True,True,False,no_finding_recorded
46620,/workspace/andre01/honzawa/02-playground/toxpatho-patch-selector/data/TGGATEs/WSI/Liver/4_day/46620.svs,4 day,methapyrilene,0,mg/kg,Control,174,1,2,Male,Crj:CD(SD)IGS,0,,0,False,,True,True,False,no_finding_recorded
46622,/workspace/andre01/honzawa/02-playground/toxpatho-patch-selector/data/TGGATEs/WSI/Liver/4_day/46622.svs,4 day,thioacetamide,0,mg/kg,Control,117,1,1,Male,Crj:CD(SD)IGS,0,,0,False,,True,True,False,no_finding_recorded
46624,/workspace/andre01/honzawa/02-playground/toxpatho-patch-selector/data/TGGATEs/WSI/Liver/4_day/46624.svs,4 day,methapyrilene,0,mg/kg,Control,174,1,3,Male,Crj:CD(SD)IGS,0,,0,False,,True,True,False,no_finding_recorded
46625,/workspace/andre01/honzawa/02-playground/toxpatho-patch-selector/data/TGGATEs/WSI/Liver/4_day/46625.svs,4 day,thioacetamide,0,mg/kg,Control,117,1,2,Male,Crj:CD(SD)IGS,0,,0,False,,True,True,False,no_finding_recorded
46626,/workspace/andre01/honzawa/02-playground/toxpatho-patch-selector/data/TGGATEs/WSI/Liver/4_day/46626.svs,4 day,thioacetamide,0,mg/kg,Control,117,1,3,Male,Crj:CD(SD)IGS,0,,0,False,,True,True,False,no_finding_recorded
46629,/workspace/andre01/honzawa/02-playground/toxpatho-patch-selector/data/TGGATEs/WSI/Liver/4_day/46629.svs,4 day,thioacetamide,0,mg/kg,Control,117,1,4,Male,Crj:CD(SD)IGS,0,,0,False,,True,True,False,no_finding_recorded
46630,/workspace/andre01/honzawa/02-playground/toxpatho-patch-selector/data/TGGATEs/WSI/Liver/4_day/46630.svs,4 day,methapyrilene,0,mg/kg,Control,174,1,4,Male,Crj:CD(SD)IGS,0,,0,False,,True,True,False,no_finding_recorded
46631,/workspace/andre01/honzawa/02-playground/toxpatho-patch-selector/data/TGGATEs/WSI/Liver/4_day/46631.svs,4 day,thioacetamide,0,mg/kg,Control,117,1,5,Male,Crj:CD(SD)IGS,0,,0,False,,True,True,False,no_finding_recorded
46634,/workspace/andre01/honzawa/02-playground/toxpatho-patch-selector/data/TGGATEs/WSI/Liver/4_day/46634.svs,4 day,methapyrilene,0,mg/kg,Control,174,1,5,Male,Crj:CD(SD)IGS,0,,0,False,,True,True,False,no_finding_recorded
46635,/workspace/andre01/honzawa/02-playground/toxpatho-patch-selector/data/TGGATEs/WSI/Liver/8_day/46635.svs,8 day,thioacetamide,0,mg/kg,Control,117,2,1,Male,Crj:CD(SD)IGS,0,,0,False,,True,True,False,no_finding_recorded
46638,/workspace/andre01/honzawa/02-playground/toxpatho-patch-selector/data/TGGATEs/WSI/Liver/8_day/46638.svs,8 day,thioacetamide,0,mg/kg,Control,117,2,2,Male,Crj:CD(SD)IGS,0,,0,False,,True,True,False,no_finding_recorded
46639,/workspace/andre01/honzawa/02-playground/toxpatho-patch-selector/data/TGGATEs/WSI/Liver/8_day/46639.svs,8 day,methapyrilene,0,mg/kg,Control,174,2,1,Male,Crj:CD(SD)IGS,0,,0,False,,True,True,False,no_finding_recorded
46640,/workspace/andre01/honzawa/02-playground/toxpatho-patch-selector/data/TGGATEs/WSI/Liver/8_day/46640.svs,8 day,thioacetamide,0,mg/kg,Control,117,2,3,Male,Crj:CD(SD)IGS,0,,0,False,,True,True,False,no_finding_recorded
46643,/workspace/andre01/honzawa/02-playground/toxpatho-patch-selector/data/TGGATEs/WSI/Liver/8_day/46643.svs,8 day,methapyrilene,0,mg/kg,Control,174,2,2,Male,Crj:CD(SD)IGS,0,,0,False,,True,True,False,no_finding_recorded
46644,/workspace/andre01/honzawa/02-playground/toxpatho-patch-selector/data/TGGATEs/WSI/Liver/8_day/46644.svs,8 day,thioacetamide,0,mg/kg,Control,117,2,4,Male,Crj:CD(SD)IGS,0,,0,False,,True,True,False,no_finding_recorded
46647,/workspace/andre01/honzawa/02-playground/toxpatho-patch-selector/data/TGGATEs/WSI/Liver/8_day/46647.svs,8 day,thioacetamide,0,mg/kg,Control,117,2,5,Male,Crj:CD(SD)IGS,0,,0,False,,True,True,False,no_finding_recorded
46648,/workspace/andre01/honzawa/02-playground/toxpatho-patch-selector/data/TGGATEs/WSI/Liver/8_day/46648.svs,8 day,methapyrilene,0,mg/kg,Control,174,2,3,Male,Crj:CD(SD)IGS,0,,0,False,,True,True,False,no_finding_recorded
46649,/workspace/andre01/honzawa/02-playground/toxpatho-patch-selector/data/TGGATEs/WSI/Liver/15_day/46649.svs,15 day,thioacetamide,0,mg/kg,Control,117,3,1,Male,Crj:CD(SD)IGS,0,,0,False,,True,True,False,no_finding_recorded
46652,/workspace/andre01/honzawa/02-playground/toxpatho-patch-selector/data/TGGATEs/WSI/Liver/8_day/46652.svs,8 day,methapyrilene,0,mg/kg,Control,174,2,4,Male,Crj:CD(SD)IGS,0,,0,False,,True,True,False,no_finding_recorded
46653,/workspace/andre01/honzawa/02-playground/toxpatho-patch-selector/data/TGGATEs/WSI/Liver/15_day/46653.svs,15 day,thioacetamide,0,mg/kg,Control,117,3,2,Male,Crj:CD(SD)IGS,0,,0,False,,True,True,False,no_finding_recorded
46656,/workspace/andre01/honzawa/02-playground/toxpatho-patch-selector/data/TGGATEs/WSI/Liver/8_day/46656.svs,8 day,methapyrilene,0,mg/kg,Control,174,2,5,Male,Crj:CD(SD)IGS,0,,0,False,,True,True,False,no_finding_recorded
46657,/workspace/andre01/honzawa/02-playground/toxpatho-patch-selector/data/TGGATEs/WSI/Liver/15_day/46657.svs,15 day,thioacetamide,0,mg/kg,Control,117,3,3,Male,Crj:CD(SD)IGS,0,,0,False,,True,True,False,no_finding_recorded
46660,/workspace/andre01/honzawa/02-playground/toxpatho-patch-selector/data/TGGATEs/WSI/Liver/15_day/46660.svs,15 day,thioacetamide,0,mg/kg,Control,117,3,4,Male,Crj:CD(SD)IGS,0,,0,False,,True,True,False,no_finding_recorded
46661,/workspace/andre01/honzawa/02-playground/toxpatho-patch-selector/data/TGGATEs/WSI/Liver/15_day/46661.svs,15 day,methapyrilene,0,mg/kg,Control,174,3,1,Male,Crj:CD(SD)IGS,0,,0,False,,True,True,False,no_finding_recorded
46662,/workspace/andre01/honzawa/02-playground/toxpatho-patch-selector/data/TGGATEs/WSI/Liver/15_day/46662.svs,15 day,thioacetamide,0,mg/kg,Control,117,3,5,Male,Crj:CD(SD)IGS,0,,0,False,,True,True,False,no_finding_recorded
46665,/workspace/andre01/honzawa/02-playground/toxpatho-patch-selector/data/TGGATEs/WSI/Liver/29_day/46665.svs,29 day,thioacetamide,0,mg/kg,Control,117,4,1,Male,Crj:CD(SD)IGS,0,,0,False,,True,True,False,no_finding_recorded
46666,/workspace/andre01/honzawa/02-playground/toxpatho-patch-selector/data/TGGATEs/WSI/Liver/15_day/46666.svs,15 day,methapyrilene,0,mg/kg,Control,174,3,2,Male,Crj:CD(SD)IGS,0,,0,False,,True,True,False,no_finding_recorded
46667,/workspace/andre01/honzawa/02-playground/toxpatho-patch-selector/data/TGGATEs/WSI/Liver/29_day/46667.svs,29 day,thioacetamide,0,mg/kg,Control,117,4,2,Male,Crj:CD(SD)IGS,0,,0,False,,True,True,False,no_finding_recorded
46669,/workspace/andre01/honzawa/02-playground/toxpatho-patch-selector/data/TGGATEs/WSI/Liver/29_day/46669.svs,29 day,thioacetamide,0,mg/kg,Control,117,4,3,Male,Crj:CD(SD)IGS,0,,0,False,,True,True,False,no_finding_recorded
46671,/workspace/andre01/honzawa/02-playground/toxpatho-patch-selector/data/TGGATEs/WSI/Liver/15_day/46671.svs,15 day,methapyrilene,0,mg/kg,Control,174,3,3,Male,Crj:CD(SD)IGS,0,,0,False,,True,True,False,no_finding_recorded
46672,/workspace/andre01/honzawa/02-playground/toxpatho-patch-selector/data/TGGATEs/WSI/Liver/29_day/46672.svs,29 day,thioacetamide,0,mg/kg,Control,117,4,4,Male,Crj:CD(SD)IGS,0,,0,False,,True,True,False,no_finding_recorded
46675,/workspace/andre01/honzawa/02-playground/toxpatho-patch-selector/data/TGGATEs/WSI/Liver/29_day/46675.svs,29 day,thioacetamide,0,mg/kg,Control,117,4,5,Male,Crj:CD(SD)IGS,0,,0,False,,True,True,False,no_finding_recorded
46676,/workspace/andre01/honzawa/02-playground/toxpatho-patch-selector/data/TGGATEs/WSI/Liver/15_day/46676.svs,15 day,methapyrilene,0,mg/kg,Control,174,3,4,Male,Crj:CD(SD)IGS,0,,0,False,,True,True,False,no_finding_recorded
46678,/workspace/andre01/honzawa/02-playground/toxpatho-patch-selector/data/TGGATEs/WSI/Liver/4_day/46678.svs,4 day,thioacetamide,5,mg/kg,Low,117,5,1,Male,Crj:CD(SD)IGS,0,,0,False,,True,True,False,no_finding_recorded
46680,/workspace/andre01/honzawa/02-playground/toxpatho-patch-selector/data/TGGATEs/WSI/Liver/15_day/46680.svs,15 day,methapyrilene,0,mg/kg,Control,174,3,5,Male,Crj:CD(SD)IGS,0,,0,False,,True,True,False,no_finding_recorded
46681,/workspace/andre01/honzawa/02-playground/toxpatho-patch-selector/data/TGGATEs/WSI/Liver/4_day/46681.svs,4 day,thioacetamide,5,mg/kg,Low,117,5,2,Male,Crj:CD(SD)IGS,0,,0,False,,True,True,False,no_finding_recorded
46684,/workspace/andre01/honzawa/02-playground/toxpatho-patch-selector/data/TGGATEs/WSI/Liver/4_day/46684.svs,4 day,thioacetamide,5,mg/kg,Low,117,5,3,Male,Crj:CD(SD)IGS,0,,0,False,,True,True,False,no_finding_recorded
46685,/workspace/andre01/honzawa/02-playground/toxpatho-patch-selector/data/TGGATEs/WSI/Liver/29_day/46685.svs,29 day,methapyrilene,0,mg/kg,Control,174,4,1,Male,Crj:CD(SD)IGS,0,,0,False,,True,True,False,no_finding_recorded
46686,/workspace/andre01/honzawa/02-playground/toxpatho-patch-selector/data/TGGATEs/WSI/Liver/4_day/46686.svs,4 day,thioacetamide,5,mg/kg,Low,117,5,4,Male,Crj:CD(SD)IGS,0,,0,False,,True,True,False,no_finding_recorded
46689,/workspace/andre01/honzawa/02-playground/toxpatho-patch-selector/data/TGGATEs/WSI/Liver/4_day/46689.svs,4 day,thioacetamide,5,mg/kg,Low,117,5,5,Male,Crj:CD(SD)IGS,0,,0,False,,True,True,False,no_finding_recorded
46690,/workspace/andre01/honzawa/02-playground/toxpatho-patch-selector/data/TGGATEs/WSI/Liver/29_day/46690.svs,29 day,methapyrilene,0,mg/kg,Control,174,4,2,Male,Crj:CD(SD)IGS,0,,0,False,,True,True,False,no_finding_recorded
46691,/workspace/andre01/honzawa/02-playground/toxpatho-patch-selector/data/TGGATEs/WSI/Liver/8_day/46691.svs,8 day,thioacetamide,5,mg/kg,Low,117,6,1,Male,Crj:CD(SD)IGS,0,,0,False,,True,True,False,no_finding_recorded
46694,/workspace/andre01/honzawa/02-playground/toxpatho-patch-selector/data/TGGATEs/WSI/Liver/8_day/46694.svs,8 day,thioacetamide,5,mg/kg,Low,117,6,2,Male,Crj:CD(SD)IGS,0,,0,False,,True,True,False,no_finding_recorded
46695,/workspace/andre01/honzawa/02-playground/toxpatho-patch-selector/data/TGGATEs/WSI/Liver/29_day/46695.svs,29 day,methapyrilene,0,mg/kg,Control,174,4,3,Male,Crj:CD(SD)IGS,0,,0,False,,True,True,False,no_finding_recorded
46696,/workspace/andre01/honzawa/02-playground/toxpatho-patch-selector/data/TGGATEs/WSI/Liver/8_day/46696.svs,8 day,thioacetamide,5,mg/kg,Low,117,6,3,Male,Crj:CD(SD)IGS,0,,0,False,,True,True,False,no_finding_recorded
46699,/workspace/andre01/honzawa/02-playground/toxpatho-patch-selector/data/TGGATEs/WSI/Liver/29_day/46699.svs,29 day,methapyrilene,0,mg/kg,Control,174,4,4,Male,Crj:CD(SD)IGS,0,,0,False,,True,True,False,no_finding_recorded
46700,/workspace/andre01/honzawa/02-playground/toxpatho-patch-selector/data/TGGATEs/WSI/Liver/8_day/46700.svs,8 day,thioacetamide,5,mg/kg,Low,117,6,4,Male,Crj:CD(SD)IGS,0,,0,False,,True,True,False,no_finding_recorded
46702,/workspace/andre01/honzawa/02-playground/toxpatho-patch-selector/data/TGGATEs/WSI/Liver/8_day/46702.svs,8 day,thioacetamide,5,mg/kg,Low,117,6,5,Male,Crj:CD(SD)IGS,0,,0,False,,True,True,False,no_finding_recorded
46705,/workspace/andre01/honzawa/02-playground/toxpatho-patch-selector/data/TGGATEs/WSI/Liver/15_day/46705.svs,15 day,thioacetamide,5,mg/kg,Low,117,7,1,Male,Crj:CD(SD)IGS,0,,0,False,,True,True,False,no_finding_recorded
46707,/workspace/andre01/honzawa/02-playground/toxpatho-patch-selector/data/TGGATEs/WSI/Liver/29_day/46707.svs,29 day,methapyrilene,0,mg/kg,Control,174,4,5,Male,Crj:CD(SD)IGS,0,,0,False,,True,True,False,no_finding_recorded
46708,/workspace/andre01/honzawa/02-playground/toxpatho-patch-selector/data/TGGATEs/WSI/Liver/15_day/46708.svs,15 day,thioacetamide,5,mg/kg,Low,117,7,2,Male,Crj:CD(SD)IGS,0,,0,False,,True,True,False,no_finding_recorded
46709,/workspace/andre01/honzawa/02-playground/toxpatho-patch-selector/data/TGGATEs/WSI/Liver/4_day/46709.svs,4 day,methapyrilene,10,mg/kg,Low,174,5,1,Male,Crj:CD(SD)IGS,0,,0,False,,True,True,False,no_finding_recorded
46711,/workspace/andre01/honzawa/02-playground/toxpatho-patch-selector/data/TGGATEs/WSI/Liver/15_day/46711.svs,15 day,thioacetamide,5,mg/kg,Low,117,7,3,Male,Crj:CD(SD)IGS,0,,0,False,,True,True,False,no_finding_recorded
46713,/workspace/andre01/honzawa/02-playground/toxpatho-patch-selector/data/TGGATEs/WSI/Liver/4_day/46713.svs,4 day,methapyrilene,10,mg/kg,Low,174,5,2,Male,Crj:CD(SD)IGS,0,,0,False,,True,True,False,no_finding_recorded
46714,/workspace/andre01/honzawa/02-playground/toxpatho-patch-selector/data/TGGATEs/WSI/Liver/15_day/46714.svs,15 day,thioacetamide,5,mg/kg,Low,117,7,4,Male,Crj:CD(SD)IGS,0,,0,False,,True,True,False,no_finding_recorded
46717,/workspace/andre01/honzawa/02-playground/toxpatho-patch-selector/data/TGGATEs/WSI/Liver/15_day/46717.svs,15 day,thioacetamide,5,mg/kg,Low,117,7,5,Male,Crj:CD(SD)IGS,0,,0,False,,True,True,False,no_finding_recorded
46718,/workspace/andre01/honzawa/02-playground/toxpatho-patch-selector/data/TGGATEs/WSI/Liver/4_day/46718.svs,4 day,methapyrilene,10,mg/kg,Low,174,5,3,Male,Crj:CD(SD)IGS,0,,0,False,,True,True,False,no_finding_recorded
46720,/workspace/andre01/honzawa/02-playground/toxpatho-patch-selector/data/TGGATEs/WSI/Liver/29_day/46720.svs,29 day,thioacetamide,5,mg/kg,Low,117,8,1,Male,Crj:CD(SD)IGS,2,1.0,2,True,minimal,True,True,False,recorded_finding
46722,/workspace/andre01/honzawa/02-playground/toxpatho-patch-selector/data/TGGATEs/WSI/Liver/4_day/46722.svs,4 day,methapyrilene,10,mg/kg,Low,174,5,4,Male,Crj:CD(SD)IGS,0,,0,False,,True,True,False,no_finding_recorded
46723,/workspace/andre01/honzawa/02-playground/toxpatho-patch-selector/data/TGGATEs/WSI/Liver/29_day/46723.svs,29 day,thioacetamide,5,mg/kg,Low,117,8,2,Male,Crj:CD(SD)IGS,0,,0,False,,True,True,False,no_finding_recorded
46726,/workspace/andre01/honzawa/02-playground/toxpatho-patch-selector/data/TGGATEs/WSI/Liver/4_day/46726.svs,4 day,methapyrilene,10,mg/kg,Low,174,5,5,Male,Crj:CD(SD)IGS,0,,0,False,,True,True,False,no_finding_recorded
46727,/workspace/andre01/honzawa/02-playground/toxpatho-patch-selector/data/TGGATEs/WSI/Liver/29_day/46727.svs,29 day,thioacetamide,5,mg/kg,Low,117,8,3,Male,Crj:CD(SD)IGS,2,1.0,2,True,minimal,True,True,False,recorded_finding
46730,/workspace/andre01/honzawa/02-playground/toxpatho-patch-selector/data/TGGATEs/WSI/Liver/29_day/46730.svs,29 day,thioacetamide,5,mg/kg,Low,117,8,4,Male,Crj:CD(SD)IGS,0,,0,False,,True,True,False,no_finding_recorded
46731,/workspace/andre01/honzawa/02-playground/toxpatho-patch-selector/data/TGGATEs/WSI/Liver/8_day/46731.svs,8 day,methapyrilene,10,mg/kg,Low,174,6,1,Male,Crj:CD(SD)IGS,1,2.0,1,True,slight,True,True,False,recorded_finding
46733,/workspace/andre01/honzawa/02-playground/toxpatho-patch-selector/data/TGGATEs/WSI/Liver/29_day/46733.svs,29 day,thioacetamide,5,mg/kg,Low,117,8,5,Male,Crj:CD(SD)IGS,0,,0,False,,True,True,False,no_finding_recorded
46735,/workspace/andre01/honzawa/02-playground/toxpatho-patch-selector/data/TGGATEs/WSI/Liver/8_day/46735.svs,8 day,methapyrilene,10,mg/kg,Low,174,6,2,Male,Crj:CD(SD)IGS,0,,0,False,,True,True,False,no_finding_recorded
46736,/workspace/andre01/honzawa/02-playground/toxpatho-patch-selector/data/TGGATEs/WSI/Liver/4_day/46736.svs,4 day,thioacetamide,15,mg/kg,Middle,117,9,1,Male,Crj:CD(SD)IGS,3,1.0,3,True,minimal,True,True,False,recorded_finding
46739,/workspace/andre01/honzawa/02-playground/toxpatho-patch-selector/data/TGGATEs/WSI/Liver/8_day/46739.svs,8 day,methapyrilene,10,mg/kg,Low,174,6,3,Male,Crj:CD(SD)IGS,0,,0,False,,True,True,False,no_finding_recorded
46740,/workspace/andre01/honzawa/02-playground/toxpatho-patch-selector/data/TGGATEs/WSI/Liver/4_day/46740.svs,4 day,thioacetamide,15,mg/kg,Middle,117,9,2,Male,Crj:CD(SD)IGS,2,1.0,2,True,minimal,True,True,False,recorded_finding
46743,/workspace/andre01/honzawa/02-playground/toxpatho-patch-selector/data/TGGATEs/WSI/Liver/8_day/46743.svs,8 day,methapyrilene,10,mg/kg,Low,174,6,4,Male,Crj:CD(SD)IGS,0,,0,False,,True,True,False,no_finding_recorded
46744,/workspace/andre01/honzawa/02-playground/toxpatho-patch-selector/data/TGGATEs/WSI/Liver/4_day/46744.svs,4 day,thioacetamide,15,mg/kg,Middle,117,9,3,Male,Crj:CD(SD)IGS,2,1.0,2,True,minimal,True,True,False,recorded_finding
46747,/workspace/andre01/honzawa/02-playground/toxpatho-patch-selector/data/TGGATEs/WSI/Liver/4_day/46747.svs,4 day,thioacetamide,15,mg/kg,Middle,117,9,4,Male,Crj:CD(SD)IGS,2,1.0,2,True,minimal,True,True,False,recorded_finding
46748,/workspace/andre01/honzawa/02-playground/toxpatho-patch-selector/data/TGGATEs/WSI/Liver/8_day/46748.svs,8 day,methapyrilene,10,mg/kg,Low,174,6,5,Male,Crj:CD(SD)IGS,0,,0,False,,True,True,False,no_finding_recorded
46750,/workspace/andre01/honzawa/02-playground/toxpatho-patch-selector/data/TGGATEs/WSI/Liver/4_day/46750.svs,4 day,thioacetamide,15,mg/kg,Middle,117,9,5,Male,Crj:CD(SD)IGS,2,1.0,2,True,minimal,True,True,False,recorded_finding
46752,/workspace/andre01/honzawa/02-playground/toxpatho-patch-selector/data/TGGATEs/WSI/Liver/15_day/46752.svs,15 day,methapyrilene,10,mg/kg,Low,174,7,1,Male,Crj:CD(SD)IGS,0,,0,False,,True,True,False,no_finding_recorded
46753,/workspace/andre01/honzawa/02-playground/toxpatho-patch-selector/data/TGGATEs/WSI/Liver/8_day/46753.svs,8 day,thioacetamide,15,mg/kg,Middle,117,10,1,Male,Crj:CD(SD)IGS,4,2.0,4,True,slight,True,True,False,recorded_finding
46756,/workspace/andre01/honzawa/02-playground/toxpatho-patch-selector/data/TGGATEs/WSI/Liver/8_day/46756.svs,8 day,thioacetamide,15,mg/kg,Middle,117,10,2,Male,Crj:CD(SD)IGS,4,2.0,4,True,slight,True,True,False,recorded_finding
46757,/workspace/andre01/honzawa/02-playground/toxpatho-patch-selector/data/TGGATEs/WSI/Liver/15_day/46757.svs,15 day,methapyrilene,10,mg/kg,Low,174,7,2,Male,Crj:CD(SD)IGS,0,,0,False,,True,True,False,no_finding_recorded
46758,/workspace/andre01/honzawa/02-playground/toxpatho-patch-selector/data/TGGATEs/WSI/Liver/8_day/46758.svs,8 day,thioacetamide,15,mg/kg,Middle,117,10,3,Male,Crj:CD(SD)IGS,3,2.0,3,True,slight,True,True,False,recorded_finding
46759,/workspace/andre01/honzawa/02-playground/toxpatho-patch-selector/data/TGGATEs/WSI/Liver/8_day/46759.svs,8 day,thioacetamide,15,mg/kg,Middle,117,10,4,Male,Crj:CD(SD)IGS,4,2.0,4,True,slight,True,True,False,recorded_finding
46762,/workspace/andre01/honzawa/02-playground/toxpatho-patch-selector/data/TGGATEs/WSI/Liver/15_day/46762.svs,15 day,methapyrilene,10,mg/kg,Low,174,7,3,Male,Crj:CD(SD)IGS,0,,0,False,,True,True,False,no_finding_recorded
46763,/workspace/andre01/honzawa/02-playground/toxpatho-patch-selector/data/TGGATEs/WSI/Liver/8_day/46763.svs,8 day,thioacetamide,15,mg/kg,Middle,117,10,5,Male,Crj:CD(SD)IGS,4,2.0,4,True,slight,True,True,False,recorded_finding
46765,/workspace/andre01/honzawa/02-playground/toxpatho-patch-selector/data/TGGATEs/WSI/Liver/15_day/46765.svs,15 day,thioacetamide,15,mg/kg,Middle,117,11,1,Male,Crj:CD(SD)IGS,3,2.0,3,True,slight,True,True,False,recorded_finding
46767,/workspace/andre01/honzawa/02-playground/toxpatho-patch-selector/data/TGGATEs/WSI/Liver/15_day/46767.svs,15 day,methapyrilene,10,mg/kg,Low,174,7,4,Male,Crj:CD(SD)IGS,0,,0,False,,True,True,False,no_finding_recorded
46768,/workspace/andre01/honzawa/02-playground/toxpatho-patch-selector/data/TGGATEs/WSI/Liver/15_day/46768.svs,15 day,thioacetamide,15,mg/kg,Middle,117,11,2,Male,Crj:CD(SD)IGS,4,2.0,4,True,slight,True,True,False,recorded_finding
46769,/workspace/andre01/honzawa/02-playground/toxpatho-patch-selector/data/TGGATEs/WSI/Liver/15_day/46769.svs,15 day,thioacetamide,15,mg/kg,Middle,117,11,3,Male,Crj:CD(SD)IGS,3,2.0,3,True,slight,True,True,False,recorded_finding
46772,/workspace/andre01/honzawa/02-playground/toxpatho-patch-selector/data/TGGATEs/WSI/Liver/15_day/46772.svs,15 day,thioacetamide,15,mg/kg,Middle,117,11,4,Male,Crj:CD(SD)IGS,3,2.0,3,True,slight,True,True,False,recorded_finding
46773,/workspace/andre01/honzawa/02-playground/toxpatho-patch-selector/data/TGGATEs/WSI/Liver/15_day/46773.svs,15 day,methapyrilene,10,mg/kg,Low,174,7,5,Male,Crj:CD(SD)IGS,0,,0,False,,True,True,False,no_finding_recorded
46774,/workspace/andre01/honzawa/02-playground/toxpatho-patch-selector/data/TGGATEs/WSI/Liver/15_day/46774.svs,15 day,thioacetamide,15,mg/kg,Middle,117,11,5,Male,Crj:CD(SD)IGS,3,2.0,3,True,slight,True,True,False,recorded_finding
46777,/workspace/andre01/honzawa/02-playground/toxpatho-patch-selector/data/TGGATEs/WSI/Liver/29_day/46777.svs,29 day,methapyrilene,10,mg/kg,Low,174,8,1,Male,Crj:CD(SD)IGS,0,,0,False,,True,True,False,no_finding_recorded
46778,/workspace/andre01/honzawa/02-playground/toxpatho-patch-selector/data/TGGATEs/WSI/Liver/29_day/46778.svs,29 day,thioacetamide,15,mg/kg,Middle,117,12,1,Male,Crj:CD(SD)IGS,3,2.0,3,True,slight,True,True,False,recorded_finding
46781,/workspace/andre01/honzawa/02-playground/toxpatho-patch-selector/data/TGGATEs/WSI/Liver/29_day/46781.svs,29 day,thioacetamide,15,mg/kg,Middle,117,12,2,Male,Crj:CD(SD)IGS,3,2.0,3,True,slight,True,True,False,recorded_finding
46782,/workspace/andre01/honzawa/02-playground/toxpatho-patch-selector/data/TGGATEs/WSI/Liver/29_day/46782.svs,29 day,methapyrilene,10,mg/kg,Low,174,8,2,Male,Crj:CD(SD)IGS,0,,0,False,,True,True,False,no_finding_recorded
46783,/workspace/andre01/honzawa/02-playground/toxpatho-patch-selector/data/TGGATEs/WSI/Liver/29_day/46783.svs,29 day,thioacetamide,15,mg/kg,Middle,117,12,3,Male,Crj:CD(SD)IGS,3,2.0,3,True,slight,True,True,False,recorded_finding
46786,/workspace/andre01/honzawa/02-playground/toxpatho-patch-selector/data/TGGATEs/WSI/Liver/29_day/46786.svs,29 day,methapyrilene,10,mg/kg,Low,174,8,3,Male,Crj:CD(SD)IGS,1,2.0,1,True,slight,True,True,False,recorded_finding
46787,/workspace/andre01/honzawa/02-playground/toxpatho-patch-selector/data/TGGATEs/WSI/Liver/29_day/46787.svs,29 day,thioacetamide,15,mg/kg,Middle,117,12,4,Male,Crj:CD(SD)IGS,4,2.0,4,True,slight,True,True,False,recorded_finding
46789,/workspace/andre01/honzawa/02-playground/toxpatho-patch-selector/data/TGGATEs/WSI/Liver/29_day/46789.svs,29 day,thioacetamide,15,mg/kg,Middle,117,12,5,Male,Crj:CD(SD)IGS,4,2.0,4,True,slight,True,True,False,recorded_finding
46791,/workspace/andre01/honzawa/02-playground/toxpatho-patch-selector/data/TGGATEs/WSI/Liver/29_day/46791.svs,29 day,methapyrilene,10,mg/kg,Low,174,8,4,Male,Crj:CD(SD)IGS,0,,0,False,,True,True,False,no_finding_recorded
46792,/workspace/andre01/honzawa/02-playground/toxpatho-patch-selector/data/TGGATEs/WSI/Liver/4_day/46792.svs,4 day,thioacetamide,45,mg/kg,High,117,13,1,Male,Crj:CD(SD)IGS,4,2.0,4,True,slight,True,True,False,recorded_finding
46795,/workspace/andre01/honzawa/02-playground/toxpatho-patch-selector/data/TGGATEs/WSI/Liver/4_day/46795.svs,4 day,thioacetamide,45,mg/kg,High,117,13,2,Male,Crj:CD(SD)IGS,4,2.0,4,True,slight,True,True,False,recorded_finding
46797,/workspace/andre01/honzawa/02-playground/toxpatho-patch-selector/data/TGGATEs/WSI/Liver/4_day/46797.svs,4 day,thioacetamide,45,mg/kg,High,117,13,3,Male,Crj:CD(SD)IGS,4,2.0,4,True,slight,True,True,False,recorded_finding
46800,/workspace/andre01/honzawa/02-playground/toxpatho-patch-selector/data/TGGATEs/WSI/Liver/4_day/46800.svs,4 day,thioacetamide,45,mg/kg,High,117,13,4,Male,Crj:CD(SD)IGS,4,2.0,4,True,slight,True,True,False,recorded_finding
46801,/workspace/andre01/honzawa/02-playground/toxpatho-patch-selector/data/TGGATEs/WSI/Liver/4_day/46801.svs,4 day,methapyrilene,30,mg/kg,Middle,174,9,1,Male,Crj:CD(SD)IGS,1,2.0,1,True,slight,True,True,False,recorded_finding
46803,/workspace/andre01/honzawa/02-playground/toxpatho-patch-selector/data/TGGATEs/WSI/Liver/4_day/46803.svs,4 day,thioacetamide,45,mg/kg,High,117,13,5,Male,Crj:CD(SD)IGS,4,2.0,4,True,slight,True,True,False,recorded_finding
46805,/workspace/andre01/honzawa/02-playground/toxpatho-patch-selector/data/TGGATEs/WSI/Liver/4_day/46805.svs,4 day,methapyrilene,30,mg/kg,Middle,174,9,2,Male,Crj:CD(SD)IGS,3,2.0,3,True,slight,True,True,False,recorded_finding
46806,/workspace/andre01/honzawa/02-playground/toxpatho-patch-selector/data/TGGATEs/WSI/Liver/8_day/46806.svs,8 day,thioacetamide,45,mg/kg,High,117,14,1,Male,Crj:CD(SD)IGS,5,3.0,5,True,moderate,True,True,False,recorded_finding
46809,/workspace/andre01/honzawa/02-playground/toxpatho-patch-selector/data/TGGATEs/WSI/Liver/8_day/46809.svs,8 day,thioacetamide,45,mg/kg,High,117,14,2,Male,Crj:CD(SD)IGS,5,3.0,5,True,moderate,True,True,False,recorded_finding
46810,/workspace/andre01/honzawa/02-playground/toxpatho-patch-selector/data/TGGATEs/WSI/Liver/4_day/46810.svs,4 day,methapyrilene,30,mg/kg,Middle,174,9,3,Male,Crj:CD(SD)IGS,0,,0,False,,True,True,False,no_finding_recorded
46811,/workspace/andre01/honzawa/02-playground/toxpatho-patch-selector/data/TGGATEs/WSI/Liver/8_day/46811.svs,8 day,thioacetamide,45,mg/kg,High,117,14,3,Male,Crj:CD(SD)IGS,5,3.0,5,True,moderate,True,True,False,recorded_finding
46814,/workspace/andre01/honzawa/02-playground/toxpatho-patch-selector/data/TGGATEs/WSI/Liver/4_day/46814.svs,4 day,methapyrilene,30,mg/kg,Middle,174,9,4,Male,Crj:CD(SD)IGS,0,,0,False,,True,True,False,no_finding_recorded
46815,/workspace/andre01/honzawa/02-playground/toxpatho-patch-selector/data/TGGATEs/WSI/Liver/8_day/46815.svs,8 day,thioacetamide,45,mg/kg,High,117,14,4,Male,Crj:CD(SD)IGS,5,3.0,5,True,moderate,True,True,False,recorded_finding
46817,/workspace/andre01/honzawa/02-playground/toxpatho-patch-selector/data/TGGATEs/WSI/Liver/8_day/46817.svs,8 day,thioacetamide,45,mg/kg,High,117,14,5,Male,Crj:CD(SD)IGS,5,3.0,5,True,moderate,True,True,False,recorded_finding
46819,/workspace/andre01/honzawa/02-playground/toxpatho-patch-selector/data/TGGATEs/WSI/Liver/4_day/46819.svs,4 day,methapyrilene,30,mg/kg,Middle,174,9,5,Male,Crj:CD(SD)IGS,0,,0,False,,True,True,False,no_finding_recorded
46820,/workspace/andre01/honzawa/02-playground/toxpatho-patch-selector/data/TGGATEs/WSI/Liver/15_day/46820.svs,15 day,thioacetamide,45,mg/kg,High,117,15,1,Male,Crj:CD(SD)IGS,5,3.0,5,True,moderate,True,True,False,recorded_finding
46823,/workspace/andre01/honzawa/02-playground/toxpatho-patch-selector/data/TGGATEs/WSI/Liver/15_day/46823.svs,15 day,thioacetamide,45,mg/kg,High,117,15,2,Male,Crj:CD(SD)IGS,4,3.0,4,True,moderate,True,True,False,recorded_finding
46824,/workspace/andre01/honzawa/02-playground/toxpatho-patch-selector/data/TGGATEs/WSI/Liver/8_day/46824.svs,8 day,methapyrilene,30,mg/kg,Middle,174,10,1,Male,Crj:CD(SD)IGS,0,,0,False,,True,True,False,no_finding_recorded
46826,/workspace/andre01/honzawa/02-playground/toxpatho-patch-selector/data/TGGATEs/WSI/Liver/15_day/46826.svs,15 day,thioacetamide,45,mg/kg,High,117,15,3,Male,Crj:CD(SD)IGS,5,3.0,5,True,moderate,True,True,False,recorded_finding
46828,/workspace/andre01/honzawa/02-playground/toxpatho-patch-selector/data/TGGATEs/WSI/Liver/8_day/46828.svs,8 day,methapyrilene,30,mg/kg,Middle,174,10,2,Male,Crj:CD(SD)IGS,0,,0,False,,True,True,False,no_finding_recorded
46829,/workspace/andre01/honzawa/02-playground/toxpatho-patch-selector/data/TGGATEs/WSI/Liver/15_day/46829.svs,15 day,thioacetamide,45,mg/kg,High,117,15,4,Male,Crj:CD(SD)IGS,4,3.0,4,True,moderate,True,True,False,recorded_finding
46831,/workspace/andre01/honzawa/02-playground/toxpatho-patch-selector/data/TGGATEs/WSI/Liver/15_day/46831.svs,15 day,thioacetamide,45,mg/kg,High,117,15,5,Male,Crj:CD(SD)IGS,4,3.0,4,True,moderate,True,True,False,recorded_finding
46833,/workspace/andre01/honzawa/02-playground/toxpatho-patch-selector/data/TGGATEs/WSI/Liver/29_day/46833.svs,29 day,thioacetamide,45,mg/kg,High,117,16,1,Male,Crj:CD(SD)IGS,7,4.0,7,True,severe,True,True,False,recorded_finding
46834,/workspace/andre01/honzawa/02-playground/toxpatho-patch-selector/data/TGGATEs/WSI/Liver/8_day/46834.svs,8 day,methapyrilene,30,mg/kg,Middle,174,10,3,Male,Crj:CD(SD)IGS,0,,0,False,,True,True,False,no_finding_recorded
46835,/workspace/andre01/honzawa/02-playground/toxpatho-patch-selector/data/TGGATEs/WSI/Liver/29_day/46835.svs,29 day,thioacetamide,45,mg/kg,High,117,16,2,Male,Crj:CD(SD)IGS,7,4.0,7,True,severe,True,True,False,recorded_finding
46838,/workspace/andre01/honzawa/02-playground/toxpatho-patch-selector/data/TGGATEs/WSI/Liver/8_day/46838.svs,8 day,methapyrilene,30,mg/kg,Middle,174,10,4,Male,Crj:CD(SD)IGS,1,2.0,1,True,slight,True,True,False,recorded_finding
46839,/workspace/andre01/honzawa/02-playground/toxpatho-patch-selector/data/TGGATEs/WSI/Liver/29_day/46839.svs,29 day,thioacetamide,45,mg/kg,High,117,16,3,Male,Crj:CD(SD)IGS,7,4.0,7,True,severe,True,True,False,recorded_finding
46841,/workspace/andre01/honzawa/02-playground/toxpatho-patch-selector/data/TGGATEs/WSI/Liver/29_day/46841.svs,29 day,thioacetamide,45,mg/kg,High,117,16,4,Male,Crj:CD(SD)IGS,7,4.0,7,True,severe,True,True,False,recorded_finding
46843,/workspace/andre01/honzawa/02-playground/toxpatho-patch-selector/data/TGGATEs/WSI/Liver/8_day/46843.svs,8 day,methapyrilene,30,mg/kg,Middle,174,10,5,Male,Crj:CD(SD)IGS,1,2.0,1,True,slight,True,True,False,recorded_finding
46844,/workspace/andre01/honzawa/02-playground/toxpatho-patch-selector/data/TGGATEs/WSI/Liver/29_day/46844.svs,29 day,thioacetamide,45,mg/kg,High,117,16,5,Male,Crj:CD(SD)IGS,7,4.0,7,True,severe,True,True,False,recorded_finding
46847,/workspace/andre01/honzawa/02-playground/toxpatho-patch-selector/data/TGGATEs/WSI/Liver/15_day/46847.svs,15 day,methapyrilene,30,mg/kg,Middle,174,11,1,Male,Crj:CD(SD)IGS,3,2.0,3,True,slight,True,True,False,recorded_finding
46853,/workspace/andre01/honzawa/02-playground/toxpatho-patch-selector/data/TGGATEs/WSI/Liver/15_day/46853.svs,15 day,methapyrilene,30,mg/kg,Middle,174,11,2,Male,Crj:CD(SD)IGS,2,2.0,2,True,slight,True,True,False,recorded_finding
46860,/workspace/andre01/honzawa/02-playground/toxpatho-patch-selector/data/TGGATEs/WSI/Liver/15_day/46860.svs,15 day,methapyrilene,30,mg/kg,Middle,174,11,3,Male,Crj:CD(SD)IGS,3,2.0,3,True,slight,True,True,False,recorded_finding
46868,/workspace/andre01/honzawa/02-playground/toxpatho-patch-selector/data/TGGATEs/WSI/Liver/15_day/46868.svs,15 day,methapyrilene,30,mg/kg,Middle,174,11,4,Male,Crj:CD(SD)IGS,2,2.0,2,True,slight,True,True,False,recorded_finding
46873,/workspace/andre01/honzawa/02-playground/toxpatho-patch-selector/data/TGGATEs/WSI/Liver/15_day/46873.svs,15 day,methapyrilene,30,mg/kg,Middle,174,11,5,Male,Crj:CD(SD)IGS,3,2.0,3,True,slight,True,True,False,recorded_finding
46880,/workspace/andre01/honzawa/02-playground/toxpatho-patch-selector/data/TGGATEs/WSI/Liver/29_day/46880.svs,29 day,methapyrilene,30,mg/kg,Middle,174,12,1,Male,Crj:CD(SD)IGS,4,2.0,4,True,slight,True,True,False,recorded_finding
46885,/workspace/andre01/honzawa/02-playground/toxpatho-patch-selector/data/TGGATEs/WSI/Liver/29_day/46885.svs,29 day,methapyrilene,30,mg/kg,Middle,174,12,2,Male,Crj:CD(SD)IGS,3,2.0,3,True,slight,True,True,False,recorded_finding
46891,/workspace/andre01/honzawa/02-playground/toxpatho-patch-selector/data/TGGATEs/WSI/Liver/29_day/46891.svs,29 day,methapyrilene,30,mg/kg,Middle,174,12,3,Male,Crj:CD(SD)IGS,1,2.0,1,True,slight,True,True,False,recorded_finding
46896,/workspace/andre01/honzawa/02-playground/toxpatho-patch-selector/data/TGGATEs/WSI/Liver/29_day/46896.svs,29 day,methapyrilene,30,mg/kg,Middle,174,12,4,Male,Crj:CD(SD)IGS,4,2.0,4,True,slight,True,True,False,recorded_finding
46902,/workspace/andre01/honzawa/02-playground/toxpatho-patch-selector/data/TGGATEs/WSI/Liver/29_day/46902.svs,29 day,methapyrilene,30,mg/kg,Middle,174,12,5,Male,Crj:CD(SD)IGS,1,2.0,1,True,slight,True,True,False,recorded_finding
46908,/workspace/andre01/honzawa/02-playground/toxpatho-patch-selector/data/TGGATEs/WSI/Liver/4_day/46908.svs,4 day,methapyrilene,100,mg/kg,High,174,13,1,Male,Crj:CD(SD)IGS,4,2.0,4,True,slight,True,True,False,recorded_finding
46913,/workspace/andre01/honzawa/02-playground/toxpatho-patch-selector/data/TGGATEs/WSI/Liver/4_day/46913.svs,4 day,methapyrilene,100,mg/kg,High,174,13,2,Male,Crj:CD(SD)IGS,4,2.0,4,True,slight,True,True,False,recorded_finding
46919,/workspace/andre01/honzawa/02-playground/toxpatho-patch-selector/data/TGGATEs/WSI/Liver/4_day/46919.svs,4 day,methapyrilene,100,mg/kg,High,174,13,3,Male,Crj:CD(SD)IGS,6,2.0,6,True,slight,True,True,False,recorded_finding
46924,/workspace/andre01/honzawa/02-playground/toxpatho-patch-selector/data/TGGATEs/WSI/Liver/4_day/46924.svs,4 day,methapyrilene,100,mg/kg,High,174,13,4,Male,Crj:CD(SD)IGS,6,2.0,6,True,slight,True,True,False,recorded_finding
46929,/workspace/andre01/honzawa/02-playground/toxpatho-patch-selector/data/TGGATEs/WSI/Liver/4_day/46929.svs,4 day,methapyrilene,100,mg/kg,High,174,13,5,Male,Crj:CD(SD)IGS,6,2.0,6,True,slight,True,True,False,recorded_finding
46935,/workspace/andre01/honzawa/02-playground/toxpatho-patch-selector/data/TGGATEs/WSI/Liver/8_day/46935.svs,8 day,methapyrilene,100,mg/kg,High,174,14,1,Male,Crj:CD(SD)IGS,6,2.0,6,True,slight,True,True,False,recorded_finding
46940,/workspace/andre01/honzawa/02-playground/toxpatho-patch-selector/data/TGGATEs/WSI/Liver/8_day/46940.svs,8 day,methapyrilene,100,mg/kg,High,174,14,2,Male,Crj:CD(SD)IGS,6,2.0,6,True,slight,True,True,False,recorded_finding
46945,/workspace/andre01/honzawa/02-playground/toxpatho-patch-selector/data/TGGATEs/WSI/Liver/8_day/46945.svs,8 day,methapyrilene,100,mg/kg,High,174,14,3,Male,Crj:CD(SD)IGS,3,2.0,3,True,slight,True,True,False,recorded_finding
46950,/workspace/andre01/honzawa/02-playground/toxpatho-patch-selector/data/TGGATEs/WSI/Liver/8_day/46950.svs,8 day,methapyrilene,100,mg/kg,High,174,14,4,Male,Crj:CD(SD)IGS,5,2.0,5,True,slight,True,True,False,recorded_finding
46955,/workspace/andre01/honzawa/02-playground/toxpatho-patch-selector/data/TGGATEs/WSI/Liver/8_day/46955.svs,8 day,methapyrilene,100,mg/kg,High,174,14,5,Male,Crj:CD(SD)IGS,6,2.0,6,True,slight,True,True,False,recorded_finding
46961,/workspace/andre01/honzawa/02-playground/toxpatho-patch-selector/data/TGGATEs/WSI/Liver/15_day/46961.svs,15 day,methapyrilene,100,mg/kg,High,174,15,1,Male,Crj:CD(SD)IGS,5,3.0,5,True,moderate,True,True,False,recorded_finding
46973,/workspace/andre01/honzawa/02-playground/toxpatho-patch-selector/data/TGGATEs/WSI/Liver/15_day/46973.svs,15 day,methapyrilene,100,mg/kg,High,174,15,3,Male,Crj:CD(SD)IGS,5,3.0,5,True,moderate,True,True,False,recorded_finding
46978,/workspace/andre01/honzawa/02-playground/toxpatho-patch-selector/data/TGGATEs/WSI/Liver/15_day/46978.svs,15 day,methapyrilene,100,mg/kg,High,174,15,4,Male,Crj:CD(SD)IGS,5,2.0,5,True,slight,True,True,False,recorded_finding
46984,/workspace/andre01/honzawa/02-playground/toxpatho-patch-selector/data/TGGATEs/WSI/Liver/15_day/46984.svs,15 day,methapyrilene,100,mg/kg,High,174,15,5,Male,Crj:CD(SD)IGS,5,3.0,5,True,moderate,True,True,False,recorded_finding
46989,/workspace/andre01/honzawa/02-playground/toxpatho-patch-selector/data/TGGATEs/WSI/Liver/29_day/46989.svs,29 day,methapyrilene,100,mg/kg,High,174,16,1,Male,Crj:CD(SD)IGS,9,3.0,9,True,moderate,True,True,False,recorded_finding
46994,/workspace/andre01/honzawa/02-playground/toxpatho-patch-selector/data/TGGATEs/WSI/Liver/29_day/46994.svs,29 day,methapyrilene,100,mg/kg,High,174,16,2,Male,Crj:CD(SD)IGS,7,3.0,7,True,moderate,True,True,False,recorded_finding
46999,/workspace/andre01/honzawa/02-playground/toxpatho-patch-selector/data/TGGATEs/WSI/Liver/29_day/46999.svs,29 day,methapyrilene,100,mg/kg,High,174,16,3,Male,Crj:CD(SD)IGS,7,3.0,7,True,moderate,True,True,False,recorded_finding
47004,/workspace/andre01/honzawa/02-playground/toxpatho-patch-selector/data/TGGATEs/WSI/Liver/29_day/47004.svs,29 day,methapyrilene,100,mg/kg,High,174,16,5,Male,Crj:CD(SD)IGS,8,3.0,8,True,moderate,True,True,False,recorded_finding
4801,/workspace/andre01/honzawa/02-playground/toxpatho-patch-selector/data/TGGATEs/WSI/Liver/4_day/4801.svs,4 day,aspirin,0,mg/kg,Control,128,1,1,Male,Crj:CD(SD)IGS,0,,0,False,,True,True,False,no_finding_recorded
4804,/workspace/andre01/honzawa/02-playground/toxpatho-patch-selector/data/TGGATEs/WSI/Liver/4_day/4804.svs,4 day,aspirin,0,mg/kg,Control,128,1,2,Male,Crj:CD(SD)IGS,0,,0,False,,True,True,False,no_finding_recorded
4806,/workspace/andre01/honzawa/02-playground/toxpatho-patch-selector/data/TGGATEs/WSI/Liver/4_day/4806.svs,4 day,aspirin,0,mg/kg,Control,128,1,3,Male,Crj:CD(SD)IGS,0,,0,False,,True,True,False,no_finding_recorded
4809,/workspace/andre01/honzawa/02-playground/toxpatho-patch-selector/data/TGGATEs/WSI/Liver/4_day/4809.svs,4 day,aspirin,0,mg/kg,Control,128,1,5,Male,Crj:CD(SD)IGS,0,,0,False,,True,True,False,no_finding_recorded
4814,/workspace/andre01/honzawa/02-playground/toxpatho-patch-selector/data/TGGATEs/WSI/Liver/4_day/4814.svs,4 day,aspirin,45,mg/kg,Low,128,5,3,Male,Crj:CD(SD)IGS,0,,0,False,,True,True,False,no_finding_recorded
4817,/workspace/andre01/honzawa/02-playground/toxpatho-patch-selector/data/TGGATEs/WSI/Liver/4_day/4817.svs,4 day,aspirin,45,mg/kg,Low,128,5,5,Male,Crj:CD(SD)IGS,0,,0,False,,True,True,False,no_finding_recorded
4818,/workspace/andre01/honzawa/02-playground/toxpatho-patch-selector/data/TGGATEs/WSI/Liver/4_day/4818.svs,4 day,aspirin,150,mg/kg,Middle,128,9,1,Male,Crj:CD(SD)IGS,0,,0,False,,True,True,False,no_finding_recorded
4822,/workspace/andre01/honzawa/02-playground/toxpatho-patch-selector/data/TGGATEs/WSI/Liver/4_day/4822.svs,4 day,aspirin,150,mg/kg,Middle,128,9,3,Male,Crj:CD(SD)IGS,0,,0,False,,True,True,False,no_finding_recorded
4825,/workspace/andre01/honzawa/02-playground/toxpatho-patch-selector/data/TGGATEs/WSI/Liver/4_day/4825.svs,4 day,aspirin,150,mg/kg,Middle,128,9,5,Male,Crj:CD(SD)IGS,0,,0,False,,True,True,False,no_finding_recorded
4828,/workspace/andre01/honzawa/02-playground/toxpatho-patch-selector/data/TGGATEs/WSI/Liver/4_day/4828.svs,4 day,aspirin,450,mg/kg,High,128,13,2,Male,Crj:CD(SD)IGS,0,,0,False,,True,True,False,no_finding_recorded
4830,/workspace/andre01/honzawa/02-playground/toxpatho-patch-selector/data/TGGATEs/WSI/Liver/4_day/4830.svs,4 day,aspirin,450,mg/kg,High,128,13,3,Male,Crj:CD(SD)IGS,1,1.0,1,True,minimal,True,True,False,recorded_finding
4831,/workspace/andre01/honzawa/02-playground/toxpatho-patch-selector/data/TGGATEs/WSI/Liver/4_day/4831.svs,4 day,aspirin,450,mg/kg,High,128,13,4,Male,Crj:CD(SD)IGS,1,2.0,1,True,slight,True,True,False,recorded_finding
4833,/workspace/andre01/honzawa/02-playground/toxpatho-patch-selector/data/TGGATEs/WSI/Liver/4_day/4833.svs,4 day,aspirin,450,mg/kg,High,128,13,5,Male,Crj:CD(SD)IGS,1,2.0,1,True,slight,True,True,False,recorded_finding
4835,/workspace/andre01/honzawa/02-playground/toxpatho-patch-selector/data/TGGATEs/WSI/Liver/8_day/4835.svs,8 day,aspirin,0,mg/kg,Control,128,2,1,Male,Crj:CD(SD)IGS,1,1.0,0,True,minimal,True,True,False,recorded_finding
4836,/workspace/andre01/honzawa/02-playground/toxpatho-patch-selector/data/TGGATEs/WSI/Liver/8_day/4836.svs,8 day,aspirin,0,mg/kg,Control,128,2,2,Male,Crj:CD(SD)IGS,0,,0,False,,True,True,False,no_finding_recorded
4838,/workspace/andre01/honzawa/02-playground/toxpatho-patch-selector/data/TGGATEs/WSI/Liver/8_day/4838.svs,8 day,aspirin,0,mg/kg,Control,128,2,3,Male,Crj:CD(SD)IGS,0,,0,False,,True,True,False,no_finding_recorded
4840,/workspace/andre01/honzawa/02-playground/toxpatho-patch-selector/data/TGGATEs/WSI/Liver/8_day/4840.svs,8 day,aspirin,0,mg/kg,Control,128,2,4,Male,Crj:CD(SD)IGS,0,,0,False,,True,True,False,no_finding_recorded
4841,/workspace/andre01/honzawa/02-playground/toxpatho-patch-selector/data/TGGATEs/WSI/Liver/8_day/4841.svs,8 day,aspirin,0,mg/kg,Control,128,2,5,Male,Crj:CD(SD)IGS,0,,0,False,,True,True,False,no_finding_recorded
4843,/workspace/andre01/honzawa/02-playground/toxpatho-patch-selector/data/TGGATEs/WSI/Liver/8_day/4843.svs,8 day,aspirin,45,mg/kg,Low,128,6,1,Male,Crj:CD(SD)IGS,0,,0,False,,True,True,False,no_finding_recorded
4844,/workspace/andre01/honzawa/02-playground/toxpatho-patch-selector/data/TGGATEs/WSI/Liver/8_day/4844.svs,8 day,aspirin,45,mg/kg,Low,128,6,2,Male,Crj:CD(SD)IGS,0,,0,False,,True,True,False,no_finding_recorded
4846,/workspace/andre01/honzawa/02-playground/toxpatho-patch-selector/data/TGGATEs/WSI/Liver/8_day/4846.svs,8 day,aspirin,45,mg/kg,Low,128,6,3,Male,Crj:CD(SD)IGS,0,,0,False,,True,True,False,no_finding_recorded
4847,/workspace/andre01/honzawa/02-playground/toxpatho-patch-selector/data/TGGATEs/WSI/Liver/8_day/4847.svs,8 day,aspirin,45,mg/kg,Low,128,6,4,Male,Crj:CD(SD)IGS,1,1.0,0,True,minimal,True,True,False,recorded_finding
4849,/workspace/andre01/honzawa/02-playground/toxpatho-patch-selector/data/TGGATEs/WSI/Liver/8_day/4849.svs,8 day,aspirin,45,mg/kg,Low,128,6,5,Male,Crj:CD(SD)IGS,0,,0,False,,True,True,False,no_finding_recorded
4851,/workspace/andre01/honzawa/02-playground/toxpatho-patch-selector/data/TGGATEs/WSI/Liver/8_day/4851.svs,8 day,aspirin,150,mg/kg,Middle,128,10,1,Male,Crj:CD(SD)IGS,0,,0,False,,True,True,False,no_finding_recorded
4853,/workspace/andre01/honzawa/02-playground/toxpatho-patch-selector/data/TGGATEs/WSI/Liver/8_day/4853.svs,8 day,aspirin,150,mg/kg,Middle,128,10,2,Male,Crj:CD(SD)IGS,0,,0,False,,True,True,False,no_finding_recorded
4854,/workspace/andre01/honzawa/02-playground/toxpatho-patch-selector/data/TGGATEs/WSI/Liver/8_day/4854.svs,8 day,aspirin,150,mg/kg,Middle,128,10,3,Male,Crj:CD(SD)IGS,0,,0,False,,True,True,False,no_finding_recorded
4856,/workspace/andre01/honzawa/02-playground/toxpatho-patch-selector/data/TGGATEs/WSI/Liver/8_day/4856.svs,8 day,aspirin,150,mg/kg,Middle,128,10,4,Male,Crj:CD(SD)IGS,0,,0,False,,True,True,False,no_finding_recorded
4858,/workspace/andre01/honzawa/02-playground/toxpatho-patch-selector/data/TGGATEs/WSI/Liver/8_day/4858.svs,8 day,aspirin,150,mg/kg,Middle,128,10,5,Male,Crj:CD(SD)IGS,0,,0,False,,True,True,False,no_finding_recorded
4859,/workspace/andre01/honzawa/02-playground/toxpatho-patch-selector/data/TGGATEs/WSI/Liver/8_day/4859.svs,8 day,aspirin,450,mg/kg,High,128,14,1,Male,Crj:CD(SD)IGS,1,2.0,1,True,slight,True,True,False,recorded_finding
48608,/workspace/andre01/honzawa/02-playground/toxpatho-patch-selector/data/TGGATEs/WSI/Liver/4_day/48608.svs,4 day,promethazine,0,mg/kg,Control,494,1,1,Male,Crj:CD(SD)IGS,0,,0,False,,True,True,False,no_finding_recorded
4861,/workspace/andre01/honzawa/02-playground/toxpatho-patch-selector/data/TGGATEs/WSI/Liver/8_day/4861.svs,8 day,aspirin,450,mg/kg,High,128,14,2,Male,Crj:CD(SD)IGS,1,2.0,1,True,slight,True,True,False,recorded_finding
48615,/workspace/andre01/honzawa/02-playground/toxpatho-patch-selector/data/TGGATEs/WSI/Liver/4_day/48615.svs,4 day,promethazine,0,mg/kg,Control,494,1,2,Male,Crj:CD(SD)IGS,0,,0,False,,True,True,False,no_finding_recorded
48621,/workspace/andre01/honzawa/02-playground/toxpatho-patch-selector/data/TGGATEs/WSI/Liver/4_day/48621.svs,4 day,promethazine,0,mg/kg,Control,494,1,3,Male,Crj:CD(SD)IGS,0,,0,False,,True,True,False,no_finding_recorded
48626,/workspace/andre01/honzawa/02-playground/toxpatho-patch-selector/data/TGGATEs/WSI/Liver/4_day/48626.svs,4 day,promethazine,0,mg/kg,Control,494,1,4,Male,Crj:CD(SD)IGS,0,,0,False,,True,True,False,no_finding_recorded
4863,/workspace/andre01/honzawa/02-playground/toxpatho-patch-selector/data/TGGATEs/WSI/Liver/8_day/4863.svs,8 day,aspirin,450,mg/kg,High,128,14,3,Male,Crj:CD(SD)IGS,1,2.0,1,True,slight,True,True,False,recorded_finding
48631,/workspace/andre01/honzawa/02-playground/toxpatho-patch-selector/data/TGGATEs/WSI/Liver/4_day/48631.svs,4 day,promethazine,0,mg/kg,Control,494,1,5,Male,Crj:CD(SD)IGS,0,,0,False,,True,True,False,no_finding_recorded
48636,/workspace/andre01/honzawa/02-playground/toxpatho-patch-selector/data/TGGATEs/WSI/Liver/8_day/48636.svs,8 day,promethazine,0,mg/kg,Control,494,2,1,Male,Crj:CD(SD)IGS,0,,0,False,,True,True,False,no_finding_recorded
4864,/workspace/andre01/honzawa/02-playground/toxpatho-patch-selector/data/TGGATEs/WSI/Liver/8_day/4864.svs,8 day,aspirin,450,mg/kg,High,128,14,4,Male,Crj:CD(SD)IGS,1,2.0,1,True,slight,True,True,False,recorded_finding
48641,/workspace/andre01/honzawa/02-playground/toxpatho-patch-selector/data/TGGATEs/WSI/Liver/8_day/48641.svs,8 day,promethazine,0,mg/kg,Control,494,2,2,Male,Crj:CD(SD)IGS,0,,0,False,,True,True,False,no_finding_recorded
48646,/workspace/andre01/honzawa/02-playground/toxpatho-patch-selector/data/TGGATEs/WSI/Liver/8_day/48646.svs,8 day,promethazine,0,mg/kg,Control,494,2,3,Male,Crj:CD(SD)IGS,0,,0,False,,True,True,False,no_finding_recorded
48651,/workspace/andre01/honzawa/02-playground/toxpatho-patch-selector/data/TGGATEs/WSI/Liver/8_day/48651.svs,8 day,promethazine,0,mg/kg,Control,494,2,4,Male,Crj:CD(SD)IGS,0,,0,False,,True,True,False,no_finding_recorded
48656,/workspace/andre01/honzawa/02-playground/toxpatho-patch-selector/data/TGGATEs/WSI/Liver/8_day/48656.svs,8 day,promethazine,0,mg/kg,Control,494,2,5,Male,Crj:CD(SD)IGS,0,,0,False,,True,True,False,no_finding_recorded
4866,/workspace/andre01/honzawa/02-playground/toxpatho-patch-selector/data/TGGATEs/WSI/Liver/8_day/4866.svs,8 day,aspirin,450,mg/kg,High,128,14,5,Male,Crj:CD(SD)IGS,1,2.0,1,True,slight,True,True,False,recorded_finding
48661,/workspace/andre01/honzawa/02-playground/toxpatho-patch-selector/data/TGGATEs/WSI/Liver/15_day/48661.svs,15 day,promethazine,0,mg/kg,Control,494,3,1,Male,Crj:CD(SD)IGS,0,,0,False,,True,True,False,no_finding_recorded
48666,/workspace/andre01/honzawa/02-playground/toxpatho-patch-selector/data/TGGATEs/WSI/Liver/15_day/48666.svs,15 day,promethazine,0,mg/kg,Control,494,3,2,Male,Crj:CD(SD)IGS,0,,0,False,,True,True,False,no_finding_recorded
48671,/workspace/andre01/honzawa/02-playground/toxpatho-patch-selector/data/TGGATEs/WSI/Liver/15_day/48671.svs,15 day,promethazine,0,mg/kg,Control,494,3,3,Male,Crj:CD(SD)IGS,0,,0,False,,True,True,False,no_finding_recorded
48676,/workspace/andre01/honzawa/02-playground/toxpatho-patch-selector/data/TGGATEs/WSI/Liver/15_day/48676.svs,15 day,promethazine,0,mg/kg,Control,494,3,4,Male,Crj:CD(SD)IGS,0,,0,False,,True,True,False,no_finding_recorded
4868,/workspace/andre01/honzawa/02-playground/toxpatho-patch-selector/data/TGGATEs/WSI/Liver/15_day/4868.svs,15 day,aspirin,0,mg/kg,Control,128,3,1,Male,Crj:CD(SD)IGS,0,,0,False,,True,True,False,no_finding_recorded
48681,/workspace/andre01/honzawa/02-playground/toxpatho-patch-selector/data/TGGATEs/WSI/Liver/15_day/48681.svs,15 day,promethazine,0,mg/kg,Control,494,3,5,Male,Crj:CD(SD)IGS,0,,0,False,,True,True,False,no_finding_recorded
48686,/workspace/andre01/honzawa/02-playground/toxpatho-patch-selector/data/TGGATEs/WSI/Liver/29_day/48686.svs,29 day,promethazine,0,mg/kg,Control,494,4,1,Male,Crj:CD(SD)IGS,0,,0,False,,True,True,False,no_finding_recorded
48691,/workspace/andre01/honzawa/02-playground/toxpatho-patch-selector/data/TGGATEs/WSI/Liver/29_day/48691.svs,29 day,promethazine,0,mg/kg,Control,494,4,2,Male,Crj:CD(SD)IGS,0,,0,False,,True,True,False,no_finding_recorded
48696,/workspace/andre01/honzawa/02-playground/toxpatho-patch-selector/data/TGGATEs/WSI/Liver/29_day/48696.svs,29 day,promethazine,0,mg/kg,Control,494,4,3,Male,Crj:CD(SD)IGS,0,,0,False,,True,True,False,no_finding_recorded
4870,/workspace/andre01/honzawa/02-playground/toxpatho-patch-selector/data/TGGATEs/WSI/Liver/15_day/4870.svs,15 day,aspirin,0,mg/kg,Control,128,3,2,Male,Crj:CD(SD)IGS,0,,0,False,,True,True,False,no_finding_recorded
48701,/workspace/andre01/honzawa/02-playground/toxpatho-patch-selector/data/TGGATEs/WSI/Liver/29_day/48701.svs,29 day,promethazine,0,mg/kg,Control,494,4,4,Male,Crj:CD(SD)IGS,0,,0,False,,True,True,False,no_finding_recorded
48707,/workspace/andre01/honzawa/02-playground/toxpatho-patch-selector/data/TGGATEs/WSI/Liver/29_day/48707.svs,29 day,promethazine,0,mg/kg,Control,494,4,5,Male,Crj:CD(SD)IGS,0,,0,False,,True,True,False,no_finding_recorded
4871,/workspace/andre01/honzawa/02-playground/toxpatho-patch-selector/data/TGGATEs/WSI/Liver/15_day/4871.svs,15 day,aspirin,0,mg/kg,Control,128,3,3,Male,Crj:CD(SD)IGS,0,,0,False,,True,True,False,no_finding_recorded
48712,/workspace/andre01/honzawa/02-playground/toxpatho-patch-selector/data/TGGATEs/WSI/Liver/4_day/48712.svs,4 day,promethazine,20,mg/kg,Low,494,5,1,Male,Crj:CD(SD)IGS,0,,0,False,,True,True,False,no_finding_recorded
48716,/workspace/andre01/honzawa/02-playground/toxpatho-patch-selector/data/TGGATEs/WSI/Liver/4_day/48716.svs,4 day,promethazine,20,mg/kg,Low,494,5,2,Male,Crj:CD(SD)IGS,0,,0,False,,True,True,False,no_finding_recorded
48721,/workspace/andre01/honzawa/02-playground/toxpatho-patch-selector/data/TGGATEs/WSI/Liver/4_day/48721.svs,4 day,promethazine,20,mg/kg,Low,494,5,3,Male,Crj:CD(SD)IGS,1,1.0,0,True,minimal,True,True,False,recorded_finding
48726,/workspace/andre01/honzawa/02-playground/toxpatho-patch-selector/data/TGGATEs/WSI/Liver/4_day/48726.svs,4 day,promethazine,20,mg/kg,Low,494,5,4,Male,Crj:CD(SD)IGS,0,,0,False,,True,True,False,no_finding_recorded
4873,/workspace/andre01/honzawa/02-playground/toxpatho-patch-selector/data/TGGATEs/WSI/Liver/15_day/4873.svs,15 day,aspirin,0,mg/kg,Control,128,3,4,Male,Crj:CD(SD)IGS,0,,0,False,,True,True,False,no_finding_recorded
48731,/workspace/andre01/honzawa/02-playground/toxpatho-patch-selector/data/TGGATEs/WSI/Liver/4_day/48731.svs,4 day,promethazine,20,mg/kg,Low,494,5,5,Male,Crj:CD(SD)IGS,0,,0,False,,True,True,False,no_finding_recorded
48736,/workspace/andre01/honzawa/02-playground/toxpatho-patch-selector/data/TGGATEs/WSI/Liver/8_day/48736.svs,8 day,promethazine,20,mg/kg,Low,494,6,1,Male,Crj:CD(SD)IGS,0,,0,False,,True,True,False,no_finding_recorded
48741,/workspace/andre01/honzawa/02-playground/toxpatho-patch-selector/data/TGGATEs/WSI/Liver/8_day/48741.svs,8 day,promethazine,20,mg/kg,Low,494,6,2,Male,Crj:CD(SD)IGS,0,,0,False,,True,True,False,no_finding_recorded
48746,/workspace/andre01/honzawa/02-playground/toxpatho-patch-selector/data/TGGATEs/WSI/Liver/8_day/48746.svs,8 day,promethazine,20,mg/kg,Low,494,6,3,Male,Crj:CD(SD)IGS,0,,0,False,,True,True,False,no_finding_recorded
4875,/workspace/andre01/honzawa/02-playground/toxpatho-patch-selector/data/TGGATEs/WSI/Liver/15_day/4875.svs,15 day,aspirin,0,mg/kg,Control,128,3,5,Male,Crj:CD(SD)IGS,0,,0,False,,True,True,False,no_finding_recorded
48751,/workspace/andre01/honzawa/02-playground/toxpatho-patch-selector/data/TGGATEs/WSI/Liver/8_day/48751.svs,8 day,promethazine,20,mg/kg,Low,494,6,4,Male,Crj:CD(SD)IGS,0,,0,False,,True,True,False,no_finding_recorded
48756,/workspace/andre01/honzawa/02-playground/toxpatho-patch-selector/data/TGGATEs/WSI/Liver/8_day/48756.svs,8 day,promethazine,20,mg/kg,Low,494,6,5,Male,Crj:CD(SD)IGS,0,,0,False,,True,True,False,no_finding_recorded
4876,/workspace/andre01/honzawa/02-playground/toxpatho-patch-selector/data/TGGATEs/WSI/Liver/15_day/4876.svs,15 day,aspirin,45,mg/kg,Low,128,7,1,Male,Crj:CD(SD)IGS,0,,0,False,,True,True,False,no_finding_recorded
48761,/workspace/andre01/honzawa/02-playground/toxpatho-patch-selector/data/TGGATEs/WSI/Liver/15_day/48761.svs,15 day,promethazine,20,mg/kg,Low,494,7,1,Male,Crj:CD(SD)IGS,0,,0,False,,True,True,False,no_finding_recorded
48766,/workspace/andre01/honzawa/02-playground/toxpatho-patch-selector/data/TGGATEs/WSI/Liver/15_day/48766.svs,15 day,promethazine,20,mg/kg,Low,494,7,2,Male,Crj:CD(SD)IGS,0,,0,False,,True,True,False,no_finding_recorded
4877,/workspace/andre01/honzawa/02-playground/toxpatho-patch-selector/data/TGGATEs/WSI/Liver/15_day/4877.svs,15 day,aspirin,45,mg/kg,Low,128,7,2,Male,Crj:CD(SD)IGS,0,,0,False,,True,True,False,no_finding_recorded
48770,/workspace/andre01/honzawa/02-playground/toxpatho-patch-selector/data/TGGATEs/WSI/Liver/15_day/48770.svs,15 day,promethazine,20,mg/kg,Low,494,7,3,Male,Crj:CD(SD)IGS,2,2.0,2,True,slight,True,True,False,recorded_finding
48774,/workspace/andre01/honzawa/02-playground/toxpatho-patch-selector/data/TGGATEs/WSI/Liver/15_day/48774.svs,15 day,promethazine,20,mg/kg,Low,494,7,4,Male,Crj:CD(SD)IGS,0,,0,False,,True,True,False,no_finding_recorded
48779,/workspace/andre01/honzawa/02-playground/toxpatho-patch-selector/data/TGGATEs/WSI/Liver/15_day/48779.svs,15 day,promethazine,20,mg/kg,Low,494,7,5,Male,Crj:CD(SD)IGS,0,,0,False,,True,True,False,no_finding_recorded
48784,/workspace/andre01/honzawa/02-playground/toxpatho-patch-selector/data/TGGATEs/WSI/Liver/29_day/48784.svs,29 day,promethazine,20,mg/kg,Low,494,8,1,Male,Crj:CD(SD)IGS,2,2.0,2,True,slight,True,True,False,recorded_finding
4879,/workspace/andre01/honzawa/02-playground/toxpatho-patch-selector/data/TGGATEs/WSI/Liver/15_day/4879.svs,15 day,aspirin,45,mg/kg,Low,128,7,3,Male,Crj:CD(SD)IGS,0,,0,False,,True,True,False,no_finding_recorded
48790,/workspace/andre01/honzawa/02-playground/toxpatho-patch-selector/data/TGGATEs/WSI/Liver/29_day/48790.svs,29 day,promethazine,20,mg/kg,Low,494,8,2,Male,Crj:CD(SD)IGS,2,2.0,2,True,slight,True,True,False,recorded_finding
48794,/workspace/andre01/honzawa/02-playground/toxpatho-patch-selector/data/TGGATEs/WSI/Liver/29_day/48794.svs,29 day,promethazine,20,mg/kg,Low,494,8,3,Male,Crj:CD(SD)IGS,0,,0,False,,True,True,False,no_finding_recorded
48799,/workspace/andre01/honzawa/02-playground/toxpatho-patch-selector/data/TGGATEs/WSI/Liver/29_day/48799.svs,29 day,promethazine,20,mg/kg,Low,494,8,4,Male,Crj:CD(SD)IGS,0,,0,False,,True,True,False,no_finding_recorded
48805,/workspace/andre01/honzawa/02-playground/toxpatho-patch-selector/data/TGGATEs/WSI/Liver/29_day/48805.svs,29 day,promethazine,20,mg/kg,Low,494,8,5,Male,Crj:CD(SD)IGS,2,2.0,2,True,slight,True,True,False,recorded_finding
4881,/workspace/andre01/honzawa/02-playground/toxpatho-patch-selector/data/TGGATEs/WSI/Liver/15_day/4881.svs,15 day,aspirin,45,mg/kg,Low,128,7,4,Male,Crj:CD(SD)IGS,0,,0,False,,True,True,False,no_finding_recorded
48810,/workspace/andre01/honzawa/02-playground/toxpatho-patch-selector/data/TGGATEs/WSI/Liver/4_day/48810.svs,4 day,promethazine,60,mg/kg,Middle,494,9,1,Male,Crj:CD(SD)IGS,0,,0,False,,True,True,False,no_finding_recorded
48815,/workspace/andre01/honzawa/02-playground/toxpatho-patch-selector/data/TGGATEs/WSI/Liver/4_day/48815.svs,4 day,promethazine,60,mg/kg,Middle,494,9,2,Male,Crj:CD(SD)IGS,0,,0,False,,True,True,False,no_finding_recorded
48816,/workspace/andre01/honzawa/02-playground/toxpatho-patch-selector/data/TGGATEs/WSI/Liver/4_day/48816.svs,4 day,phenacetin,0,mg/kg,Control,594,1,1,Male,Crj:CD(SD)IGS,0,,0,False,,True,True,False,no_finding_recorded
48820,/workspace/andre01/honzawa/02-playground/toxpatho-patch-selector/data/TGGATEs/WSI/Liver/4_day/48820.svs,4 day,promethazine,60,mg/kg,Middle,494,9,3,Male,Crj:CD(SD)IGS,0,,0,False,,True,True,False,no_finding_recorded
48821,/workspace/andre01/honzawa/02-playground/toxpatho-patch-selector/data/TGGATEs/WSI/Liver/4_day/48821.svs,4 day,phenacetin,0,mg/kg,Control,594,1,2,Male,Crj:CD(SD)IGS,0,,0,False,,True,True,False,no_finding_recorded
48825,/workspace/andre01/honzawa/02-playground/toxpatho-patch-selector/data/TGGATEs/WSI/Liver/4_day/48825.svs,4 day,promethazine,60,mg/kg,Middle,494,9,4,Male,Crj:CD(SD)IGS,0,,0,False,,True,True,False,no_finding_recorded
48827,/workspace/andre01/honzawa/02-playground/toxpatho-patch-selector/data/TGGATEs/WSI/Liver/4_day/48827.svs,4 day,phenacetin,0,mg/kg,Control,594,1,3,Male,Crj:CD(SD)IGS,0,,0,False,,True,True,False,no_finding_recorded
48829,/workspace/andre01/honzawa/02-playground/toxpatho-patch-selector/data/TGGATEs/WSI/Liver/4_day/48829.svs,4 day,promethazine,60,mg/kg,Middle,494,9,5,Male,Crj:CD(SD)IGS,0,,0,False,,True,True,False,no_finding_recorded
4883,/workspace/andre01/honzawa/02-playground/toxpatho-patch-selector/data/TGGATEs/WSI/Liver/15_day/4883.svs,15 day,aspirin,45,mg/kg,Low,128,7,5,Male,Crj:CD(SD)IGS,1,1.0,0,True,minimal,True,True,False,recorded_finding
48833,/workspace/andre01/honzawa/02-playground/toxpatho-patch-selector/data/TGGATEs/WSI/Liver/8_day/48833.svs,8 day,promethazine,60,mg/kg,Middle,494,10,1,Male,Crj:CD(SD)IGS,0,,0,False,,True,True,False,no_finding_recorded
48834,/workspace/andre01/honzawa/02-playground/toxpatho-patch-selector/data/TGGATEs/WSI/Liver/4_day/48834.svs,4 day,phenacetin,0,mg/kg,Control,594,1,4,Male,Crj:CD(SD)IGS,0,,0,False,,True,True,False,no_finding_recorded
48838,/workspace/andre01/honzawa/02-playground/toxpatho-patch-selector/data/TGGATEs/WSI/Liver/8_day/48838.svs,8 day,promethazine,60,mg/kg,Middle,494,10,2,Male,Crj:CD(SD)IGS,2,2.0,2,True,slight,True,True,False,recorded_finding
48839,/workspace/andre01/honzawa/02-playground/toxpatho-patch-selector/data/TGGATEs/WSI/Liver/4_day/48839.svs,4 day,phenacetin,0,mg/kg,Control,594,1,5,Male,Crj:CD(SD)IGS,0,,0,False,,True,True,False,no_finding_recorded
4884,/workspace/andre01/honzawa/02-playground/toxpatho-patch-selector/data/TGGATEs/WSI/Liver/15_day/4884.svs,15 day,aspirin,150,mg/kg,Middle,128,11,1,Male,Crj:CD(SD)IGS,1,1.0,1,True,minimal,True,True,False,recorded_finding
48844,/workspace/andre01/honzawa/02-playground/toxpatho-patch-selector/data/TGGATEs/WSI/Liver/8_day/48844.svs,8 day,phenacetin,0,mg/kg,Control,594,2,1,Male,Crj:CD(SD)IGS,0,,0,False,,True,True,False,no_finding_recorded
48848,/workspace/andre01/honzawa/02-playground/toxpatho-patch-selector/data/TGGATEs/WSI/Liver/8_day/48848.svs,8 day,promethazine,60,mg/kg,Middle,494,10,4,Male,Crj:CD(SD)IGS,2,2.0,2,True,slight,True,True,False,recorded_finding
48849,/workspace/andre01/honzawa/02-playground/toxpatho-patch-selector/data/TGGATEs/WSI/Liver/8_day/48849.svs,8 day,phenacetin,0,mg/kg,Control,594,2,2,Male,Crj:CD(SD)IGS,0,,0,False,,True,True,False,no_finding_recorded
48853,/workspace/andre01/honzawa/02-playground/toxpatho-patch-selector/data/TGGATEs/WSI/Liver/8_day/48853.svs,8 day,promethazine,60,mg/kg,Middle,494,10,5,Male,Crj:CD(SD)IGS,0,,0,False,,True,True,False,no_finding_recorded
48854,/workspace/andre01/honzawa/02-playground/toxpatho-patch-selector/data/TGGATEs/WSI/Liver/8_day/48854.svs,8 day,phenacetin,0,mg/kg,Control,594,2,3,Male,Crj:CD(SD)IGS,0,,0,False,,True,True,False,no_finding_recorded
48858,/workspace/andre01/honzawa/02-playground/toxpatho-patch-selector/data/TGGATEs/WSI/Liver/15_day/48858.svs,15 day,promethazine,60,mg/kg,Middle,494,11,1,Male,Crj:CD(SD)IGS,0,,0,False,,True,True,False,no_finding_recorded
48859,/workspace/andre01/honzawa/02-playground/toxpatho-patch-selector/data/TGGATEs/WSI/Liver/8_day/48859.svs,8 day,phenacetin,0,mg/kg,Control,594,2,4,Male,Crj:CD(SD)IGS,0,,0,False,,True,True,False,no_finding_recorded
4886,/workspace/andre01/honzawa/02-playground/toxpatho-patch-selector/data/TGGATEs/WSI/Liver/15_day/4886.svs,15 day,aspirin,150,mg/kg,Middle,128,11,2,Male,Crj:CD(SD)IGS,1,1.0,1,True,minimal,True,True,False,recorded_finding
48863,/workspace/andre01/honzawa/02-playground/toxpatho-patch-selector/data/TGGATEs/WSI/Liver/15_day/48863.svs,15 day,promethazine,60,mg/kg,Middle,494,11,2,Male,Crj:CD(SD)IGS,2,2.0,2,True,slight,True,True,False,recorded_finding
48865,/workspace/andre01/honzawa/02-playground/toxpatho-patch-selector/data/TGGATEs/WSI/Liver/8_day/48865.svs,8 day,phenacetin,0,mg/kg,Control,594,2,5,Male,Crj:CD(SD)IGS,0,,0,False,,True,True,False,no_finding_recorded
48867,/workspace/andre01/honzawa/02-playground/toxpatho-patch-selector/data/TGGATEs/WSI/Liver/15_day/48867.svs,15 day,promethazine,60,mg/kg,Middle,494,11,3,Male,Crj:CD(SD)IGS,2,2.0,2,True,slight,True,True,False,recorded_finding
4887,/workspace/andre01/honzawa/02-playground/toxpatho-patch-selector/data/TGGATEs/WSI/Liver/15_day/4887.svs,15 day,aspirin,150,mg/kg,Middle,128,11,3,Male,Crj:CD(SD)IGS,0,,0,False,,True,True,False,no_finding_recorded
48870,/workspace/andre01/honzawa/02-playground/toxpatho-patch-selector/data/TGGATEs/WSI/Liver/15_day/48870.svs,15 day,phenacetin,0,mg/kg,Control,594,3,1,Male,Crj:CD(SD)IGS,0,,0,False,,True,True,False,no_finding_recorded
48872,/workspace/andre01/honzawa/02-playground/toxpatho-patch-selector/data/TGGATEs/WSI/Liver/15_day/48872.svs,15 day,promethazine,60,mg/kg,Middle,494,11,4,Male,Crj:CD(SD)IGS,2,2.0,2,True,slight,True,True,False,recorded_finding
48876,/workspace/andre01/honzawa/02-playground/toxpatho-patch-selector/data/TGGATEs/WSI/Liver/15_day/48876.svs,15 day,phenacetin,0,mg/kg,Control,594,3,2,Male,Crj:CD(SD)IGS,0,,0,False,,True,True,False,no_finding_recorded
48877,/workspace/andre01/honzawa/02-playground/toxpatho-patch-selector/data/TGGATEs/WSI/Liver/15_day/48877.svs,15 day,promethazine,60,mg/kg,Middle,494,11,5,Male,Crj:CD(SD)IGS,2,3.0,2,True,moderate,True,True,False,recorded_finding
48881,/workspace/andre01/honzawa/02-playground/toxpatho-patch-selector/data/TGGATEs/WSI/Liver/15_day/48881.svs,15 day,phenacetin,0,mg/kg,Control,594,3,3,Male,Crj:CD(SD)IGS,0,,0,False,,True,True,False,no_finding_recorded
48882,/workspace/andre01/honzawa/02-playground/toxpatho-patch-selector/data/TGGATEs/WSI/Liver/29_day/48882.svs,29 day,promethazine,60,mg/kg,Middle,494,12,1,Male,Crj:CD(SD)IGS,2,3.0,2,True,moderate,True,True,False,recorded_finding
48886,/workspace/andre01/honzawa/02-playground/toxpatho-patch-selector/data/TGGATEs/WSI/Liver/15_day/48886.svs,15 day,phenacetin,0,mg/kg,Control,594,3,4,Male,Crj:CD(SD)IGS,0,,0,False,,True,True,False,no_finding_recorded
48887,/workspace/andre01/honzawa/02-playground/toxpatho-patch-selector/data/TGGATEs/WSI/Liver/29_day/48887.svs,29 day,promethazine,60,mg/kg,Middle,494,12,2,Male,Crj:CD(SD)IGS,2,4.0,2,True,severe,True,True,False,recorded_finding
48891,/workspace/andre01/honzawa/02-playground/toxpatho-patch-selector/data/TGGATEs/WSI/Liver/15_day/48891.svs,15 day,phenacetin,0,mg/kg,Control,594,3,5,Male,Crj:CD(SD)IGS,0,,0,False,,True,True,False,no_finding_recorded
48892,/workspace/andre01/honzawa/02-playground/toxpatho-patch-selector/data/TGGATEs/WSI/Liver/29_day/48892.svs,29 day,promethazine,60,mg/kg,Middle,494,12,3,Male,Crj:CD(SD)IGS,2,3.0,2,True,moderate,True,True,False,recorded_finding
48896,/workspace/andre01/honzawa/02-playground/toxpatho-patch-selector/data/TGGATEs/WSI/Liver/29_day/48896.svs,29 day,phenacetin,0,mg/kg,Control,594,4,1,Male,Crj:CD(SD)IGS,0,,0,False,,True,True,False,no_finding_recorded
48901,/workspace/andre01/honzawa/02-playground/toxpatho-patch-selector/data/TGGATEs/WSI/Liver/29_day/48901.svs,29 day,promethazine,60,mg/kg,Middle,494,12,5,Male,Crj:CD(SD)IGS,2,2.0,2,True,slight,True,True,False,recorded_finding
48902,/workspace/andre01/honzawa/02-playground/toxpatho-patch-selector/data/TGGATEs/WSI/Liver/29_day/48902.svs,29 day,phenacetin,0,mg/kg,Control,594,4,2,Male,Crj:CD(SD)IGS,0,,0,False,,True,True,False,no_finding_recorded
48906,/workspace/andre01/honzawa/02-playground/toxpatho-patch-selector/data/TGGATEs/WSI/Liver/4_day/48906.svs,4 day,promethazine,200,mg/kg,High,494,13,1,Male,Crj:CD(SD)IGS,0,,0,False,,True,True,False,no_finding_recorded
48908,/workspace/andre01/honzawa/02-playground/toxpatho-patch-selector/data/TGGATEs/WSI/Liver/29_day/48908.svs,29 day,phenacetin,0,mg/kg,Control,594,4,3,Male,Crj:CD(SD)IGS,0,,0,False,,True,True,False,no_finding_recorded
4891,/workspace/andre01/honzawa/02-playground/toxpatho-patch-selector/data/TGGATEs/WSI/Liver/15_day/4891.svs,15 day,aspirin,150,mg/kg,Middle,128,11,5,Male,Crj:CD(SD)IGS,1,1.0,0,True,minimal,True,True,False,recorded_finding
48910,/workspace/andre01/honzawa/02-playground/toxpatho-patch-selector/data/TGGATEs/WSI/Liver/4_day/48910.svs,4 day,promethazine,200,mg/kg,High,494,13,2,Male,Crj:CD(SD)IGS,3,2.0,2,True,slight,True,True,False,recorded_finding
48914,/workspace/andre01/honzawa/02-playground/toxpatho-patch-selector/data/TGGATEs/WSI/Liver/29_day/48914.svs,29 day,phenacetin,0,mg/kg,Control,594,4,4,Male,Crj:CD(SD)IGS,0,,0,False,,True,True,False,no_finding_recorded
48915,/workspace/andre01/honzawa/02-playground/toxpatho-patch-selector/data/TGGATEs/WSI/Liver/4_day/48915.svs,4 day,promethazine,200,mg/kg,High,494,13,3,Male,Crj:CD(SD)IGS,2,2.0,2,True,slight,True,True,False,recorded_finding
48919,/workspace/andre01/honzawa/02-playground/toxpatho-patch-selector/data/TGGATEs/WSI/Liver/4_day/48919.svs,4 day,promethazine,200,mg/kg,High,494,13,4,Male,Crj:CD(SD)IGS,0,,0,False,,True,True,False,no_finding_recorded
4892,/workspace/andre01/honzawa/02-playground/toxpatho-patch-selector/data/TGGATEs/WSI/Liver/15_day/4892.svs,15 day,aspirin,450,mg/kg,High,128,15,1,Male,Crj:CD(SD)IGS,1,2.0,1,True,slight,True,True,False,recorded_finding
48920,/workspace/andre01/honzawa/02-playground/toxpatho-patch-selector/data/TGGATEs/WSI/Liver/29_day/48920.svs,29 day,phenacetin,0,mg/kg,Control,594,4,5,Male,Crj:CD(SD)IGS,0,,0,False,,True,True,False,no_finding_recorded
48924,/workspace/andre01/honzawa/02-playground/toxpatho-patch-selector/data/TGGATEs/WSI/Liver/4_day/48924.svs,4 day,promethazine,200,mg/kg,High,494,13,5,Male,Crj:CD(SD)IGS,0,,0,False,,True,True,False,no_finding_recorded
48926,/workspace/andre01/honzawa/02-playground/toxpatho-patch-selector/data/TGGATEs/WSI/Liver/4_day/48926.svs,4 day,phenacetin,100,mg/kg,Low,594,5,1,Male,Crj:CD(SD)IGS,0,,0,False,,True,True,False,no_finding_recorded
48928,/workspace/andre01/honzawa/02-playground/toxpatho-patch-selector/data/TGGATEs/WSI/Liver/8_day/48928.svs,8 day,promethazine,200,mg/kg,High,494,14,1,Male,Crj:CD(SD)IGS,2,3.0,2,True,moderate,True,True,False,recorded_finding
48931,/workspace/andre01/honzawa/02-playground/toxpatho-patch-selector/data/TGGATEs/WSI/Liver/4_day/48931.svs,4 day,phenacetin,100,mg/kg,Low,594,5,2,Male,Crj:CD(SD)IGS,0,,0,False,,True,True,False,no_finding_recorded
48933,/workspace/andre01/honzawa/02-playground/toxpatho-patch-selector/data/TGGATEs/WSI/Liver/8_day/48933.svs,8 day,promethazine,200,mg/kg,High,494,14,2,Male,Crj:CD(SD)IGS,2,2.0,2,True,slight,True,True,False,recorded_finding
48936,/workspace/andre01/honzawa/02-playground/toxpatho-patch-selector/data/TGGATEs/WSI/Liver/4_day/48936.svs,4 day,phenacetin,100,mg/kg,Low,594,5,3,Male,Crj:CD(SD)IGS,0,,0,False,,True,True,False,no_finding_recorded
48938,/workspace/andre01/honzawa/02-playground/toxpatho-patch-selector/data/TGGATEs/WSI/Liver/8_day/48938.svs,8 day,promethazine,200,mg/kg,High,494,14,3,Male,Crj:CD(SD)IGS,2,2.0,2,True,slight,True,True,False,recorded_finding
48941,/workspace/andre01/honzawa/02-playground/toxpatho-patch-selector/data/TGGATEs/WSI/Liver/4_day/48941.svs,4 day,phenacetin,100,mg/kg,Low,594,5,4,Male,Crj:CD(SD)IGS,0,,0,False,,True,True,False,no_finding_recorded
48943,/workspace/andre01/honzawa/02-playground/toxpatho-patch-selector/data/TGGATEs/WSI/Liver/8_day/48943.svs,8 day,promethazine,200,mg/kg,High,494,14,4,Male,Crj:CD(SD)IGS,2,2.0,2,True,slight,True,True,False,recorded_finding
48946,/workspace/andre01/honzawa/02-playground/toxpatho-patch-selector/data/TGGATEs/WSI/Liver/4_day/48946.svs,4 day,phenacetin,100,mg/kg,Low,594,5,5,Male,Crj:CD(SD)IGS,0,,0,False,,True,True,False,no_finding_recorded
48948,/workspace/andre01/honzawa/02-playground/toxpatho-patch-selector/data/TGGATEs/WSI/Liver/8_day/48948.svs,8 day,promethazine,200,mg/kg,High,494,14,5,Male,Crj:CD(SD)IGS,0,,0,False,,True,True,False,no_finding_recorded
48951,/workspace/andre01/honzawa/02-playground/toxpatho-patch-selector/data/TGGATEs/WSI/Liver/8_day/48951.svs,8 day,phenacetin,100,mg/kg,Low,594,6,1,Male,Crj:CD(SD)IGS,0,,0,False,,True,True,False,no_finding_recorded
48953,/workspace/andre01/honzawa/02-playground/toxpatho-patch-selector/data/TGGATEs/WSI/Liver/15_day/48953.svs,15 day,promethazine,200,mg/kg,High,494,15,1,Male,Crj:CD(SD)IGS,2,4.0,2,True,severe,True,True,False,recorded_finding
48957,/workspace/andre01/honzawa/02-playground/toxpatho-patch-selector/data/TGGATEs/WSI/Liver/8_day/48957.svs,8 day,phenacetin,100,mg/kg,Low,594,6,2,Male,Crj:CD(SD)IGS,0,,0,False,,True,True,False,no_finding_recorded
48958,/workspace/andre01/honzawa/02-playground/toxpatho-patch-selector/data/TGGATEs/WSI/Liver/15_day/48958.svs,15 day,promethazine,200,mg/kg,High,494,15,2,Male,Crj:CD(SD)IGS,2,4.0,2,True,severe,True,True,False,recorded_finding
4896,/workspace/andre01/honzawa/02-playground/toxpatho-patch-selector/data/TGGATEs/WSI/Liver/15_day/4896.svs,15 day,aspirin,450,mg/kg,High,128,15,3,Male,Crj:CD(SD)IGS,2,1.0,1,True,minimal,True,True,False,recorded_finding
48962,/workspace/andre01/honzawa/02-playground/toxpatho-patch-selector/data/TGGATEs/WSI/Liver/8_day/48962.svs,8 day,phenacetin,100,mg/kg,Low,594,6,3,Male,Crj:CD(SD)IGS,0,,0,False,,True,True,False,no_finding_recorded
48963,/workspace/andre01/honzawa/02-playground/toxpatho-patch-selector/data/TGGATEs/WSI/Liver/15_day/48963.svs,15 day,promethazine,200,mg/kg,High,494,15,3,Male,Crj:CD(SD)IGS,2,3.0,2,True,moderate,True,True,False,recorded_finding
48967,/workspace/andre01/honzawa/02-playground/toxpatho-patch-selector/data/TGGATEs/WSI/Liver/8_day/48967.svs,8 day,phenacetin,100,mg/kg,Low,594,6,4,Male,Crj:CD(SD)IGS,0,,0,False,,True,True,False,no_finding_recorded
48968,/workspace/andre01/honzawa/02-playground/toxpatho-patch-selector/data/TGGATEs/WSI/Liver/15_day/48968.svs,15 day,promethazine,200,mg/kg,High,494,15,4,Male,Crj:CD(SD)IGS,2,3.0,2,True,moderate,True,True,False,recorded_finding
4897,/workspace/andre01/honzawa/02-playground/toxpatho-patch-selector/data/TGGATEs/WSI/Liver/15_day/4897.svs,15 day,aspirin,450,mg/kg,High,128,15,4,Male,Crj:CD(SD)IGS,1,2.0,1,True,slight,True,True,False,recorded_finding
48972,/workspace/andre01/honzawa/02-playground/toxpatho-patch-selector/data/TGGATEs/WSI/Liver/8_day/48972.svs,8 day,phenacetin,100,mg/kg,Low,594,6,5,Male,Crj:CD(SD)IGS,0,,0,False,,True,True,False,no_finding_recorded
48973,/workspace/andre01/honzawa/02-playground/toxpatho-patch-selector/data/TGGATEs/WSI/Liver/15_day/48973.svs,15 day,promethazine,200,mg/kg,High,494,15,5,Male,Crj:CD(SD)IGS,2,3.0,2,True,moderate,True,True,False,recorded_finding
48977,/workspace/andre01/honzawa/02-playground/toxpatho-patch-selector/data/TGGATEs/WSI/Liver/15_day/48977.svs,15 day,phenacetin,100,mg/kg,Low,594,7,1,Male,Crj:CD(SD)IGS,0,,0,False,,True,True,False,no_finding_recorded
48978,/workspace/andre01/honzawa/02-playground/toxpatho-patch-selector/data/TGGATEs/WSI/Liver/29_day/48978.svs,29 day,promethazine,200,mg/kg,High,494,16,1,Male,Crj:CD(SD)IGS,2,4.0,2,True,severe,True,True,False,recorded_finding
48982,/workspace/andre01/honzawa/02-playground/toxpatho-patch-selector/data/TGGATEs/WSI/Liver/29_day/48982.svs,29 day,promethazine,200,mg/kg,High,494,16,2,Male,Crj:CD(SD)IGS,2,3.0,2,True,moderate,True,True,False,recorded_finding
48983,/workspace/andre01/honzawa/02-playground/toxpatho-patch-selector/data/TGGATEs/WSI/Liver/15_day/48983.svs,15 day,phenacetin,100,mg/kg,Low,594,7,2,Male,Crj:CD(SD)IGS,0,,0,False,,True,True,False,no_finding_recorded
48988,/workspace/andre01/honzawa/02-playground/toxpatho-patch-selector/data/TGGATEs/WSI/Liver/15_day/48988.svs,15 day,phenacetin,100,mg/kg,Low,594,7,3,Male,Crj:CD(SD)IGS,0,,0,False,,True,True,False,no_finding_recorded
48992,/workspace/andre01/honzawa/02-playground/toxpatho-patch-selector/data/TGGATEs/WSI/Liver/29_day/48992.svs,29 day,promethazine,200,mg/kg,High,494,16,4,Male,Crj:CD(SD)IGS,2,4.0,2,True,severe,True,True,False,recorded_finding
48993,/workspace/andre01/honzawa/02-playground/toxpatho-patch-selector/data/TGGATEs/WSI/Liver/15_day/48993.svs,15 day,phenacetin,100,mg/kg,Low,594,7,4,Male,Crj:CD(SD)IGS,0,,0,False,,True,True,False,no_finding_recorded
48998,/workspace/andre01/honzawa/02-playground/toxpatho-patch-selector/data/TGGATEs/WSI/Liver/15_day/48998.svs,15 day,phenacetin,100,mg/kg,Low,594,7,5,Male,Crj:CD(SD)IGS,0,,0,False,,True,True,False,no_finding_recorded
4900,/workspace/andre01/honzawa/02-playground/toxpatho-patch-selector/data/TGGATEs/WSI/Liver/29_day/4900.svs,29 day,aspirin,0,mg/kg,Control,128,4,1,Male,Crj:CD(SD)IGS,0,,0,False,,True,True,False,no_finding_recorded
49002,/workspace/andre01/honzawa/02-playground/toxpatho-patch-selector/data/TGGATEs/WSI/Liver/29_day/49002.svs,29 day,phenacetin,100,mg/kg,Low,594,8,1,Male,Crj:CD(SD)IGS,0,,0,False,,True,True,False,no_finding_recorded
49004,/workspace/andre01/honzawa/02-playground/toxpatho-patch-selector/data/TGGATEs/WSI/Liver/29_day/49004.svs,29 day,phenacetin,100,mg/kg,Low,594,8,2,Male,Crj:CD(SD)IGS,0,,0,False,,True,True,False,no_finding_recorded
49006,/workspace/andre01/honzawa/02-playground/toxpatho-patch-selector/data/TGGATEs/WSI/Liver/29_day/49006.svs,29 day,phenacetin,100,mg/kg,Low,594,8,3,Male,Crj:CD(SD)IGS,0,,0,False,,True,True,False,no_finding_recorded
49008,/workspace/andre01/honzawa/02-playground/toxpatho-patch-selector/data/TGGATEs/WSI/Liver/29_day/49008.svs,29 day,phenacetin,100,mg/kg,Low,594,8,4,Male,Crj:CD(SD)IGS,0,,0,False,,True,True,False,no_finding_recorded
49010,/workspace/andre01/honzawa/02-playground/toxpatho-patch-selector/data/TGGATEs/WSI/Liver/29_day/49010.svs,29 day,phenacetin,100,mg/kg,Low,594,8,5,Male,Crj:CD(SD)IGS,0,,0,False,,True,True,False,no_finding_recorded
49012,/workspace/andre01/honzawa/02-playground/toxpatho-patch-selector/data/TGGATEs/WSI/Liver/4_day/49012.svs,4 day,phenacetin,300,mg/kg,Middle,594,9,1,Male,Crj:CD(SD)IGS,0,,0,False,,True,True,False,no_finding_recorded
49014,/workspace/andre01/honzawa/02-playground/toxpatho-patch-selector/data/TGGATEs/WSI/Liver/4_day/49014.svs,4 day,phenacetin,300,mg/kg,Middle,594,9,2,Male,Crj:CD(SD)IGS,0,,0,False,,True,True,False,no_finding_recorded
49016,/workspace/andre01/honzawa/02-playground/toxpatho-patch-selector/data/TGGATEs/WSI/Liver/4_day/49016.svs,4 day,phenacetin,300,mg/kg,Middle,594,9,3,Male,Crj:CD(SD)IGS,0,,0,False,,True,True,False,no_finding_recorded
49018,/workspace/andre01/honzawa/02-playground/toxpatho-patch-selector/data/TGGATEs/WSI/Liver/4_day/49018.svs,4 day,phenacetin,300,mg/kg,Middle,594,9,4,Male,Crj:CD(SD)IGS,0,,0,False,,True,True,False,no_finding_recorded
4902,/workspace/andre01/honzawa/02-playground/toxpatho-patch-selector/data/TGGATEs/WSI/Liver/29_day/4902.svs,29 day,aspirin,0,mg/kg,Control,128,4,2,Male,Crj:CD(SD)IGS,0,,0,False,,True,True,False,no_finding_recorded
49020,/workspace/andre01/honzawa/02-playground/toxpatho-patch-selector/data/TGGATEs/WSI/Liver/4_day/49020.svs,4 day,phenacetin,300,mg/kg,Middle,594,9,5,Male,Crj:CD(SD)IGS,0,,0,False,,True,True,False,no_finding_recorded
49022,/workspace/andre01/honzawa/02-playground/toxpatho-patch-selector/data/TGGATEs/WSI/Liver/8_day/49022.svs,8 day,phenacetin,300,mg/kg,Middle,594,10,1,Male,Crj:CD(SD)IGS,0,,0,False,,True,True,False,no_finding_recorded
49024,/workspace/andre01/honzawa/02-playground/toxpatho-patch-selector/data/TGGATEs/WSI/Liver/8_day/49024.svs,8 day,phenacetin,300,mg/kg,Middle,594,10,2,Male,Crj:CD(SD)IGS,0,,0,False,,True,True,False,no_finding_recorded
49026,/workspace/andre01/honzawa/02-playground/toxpatho-patch-selector/data/TGGATEs/WSI/Liver/8_day/49026.svs,8 day,phenacetin,300,mg/kg,Middle,594,10,3,Male,Crj:CD(SD)IGS,0,,0,False,,True,True,False,no_finding_recorded
49028,/workspace/andre01/honzawa/02-playground/toxpatho-patch-selector/data/TGGATEs/WSI/Liver/8_day/49028.svs,8 day,phenacetin,300,mg/kg,Middle,594,10,4,Male,Crj:CD(SD)IGS,0,,0,False,,True,True,False,no_finding_recorded
4903,/workspace/andre01/honzawa/02-playground/toxpatho-patch-selector/data/TGGATEs/WSI/Liver/29_day/4903.svs,29 day,aspirin,0,mg/kg,Control,128,4,3,Male,Crj:CD(SD)IGS,0,,0,False,,True,True,False,no_finding_recorded
49030,/workspace/andre01/honzawa/02-playground/toxpatho-patch-selector/data/TGGATEs/WSI/Liver/8_day/49030.svs,8 day,phenacetin,300,mg/kg,Middle,594,10,5,Male,Crj:CD(SD)IGS,0,,0,False,,True,True,False,no_finding_recorded
49032,/workspace/andre01/honzawa/02-playground/toxpatho-patch-selector/data/TGGATEs/WSI/Liver/15_day/49032.svs,15 day,phenacetin,300,mg/kg,Middle,594,11,1,Male,Crj:CD(SD)IGS,0,,0,False,,True,True,False,no_finding_recorded
49034,/workspace/andre01/honzawa/02-playground/toxpatho-patch-selector/data/TGGATEs/WSI/Liver/15_day/49034.svs,15 day,phenacetin,300,mg/kg,Middle,594,11,2,Male,Crj:CD(SD)IGS,1,1.0,1,True,minimal,True,True,False,recorded_finding
49036,/workspace/andre01/honzawa/02-playground/toxpatho-patch-selector/data/TGGATEs/WSI/Liver/15_day/49036.svs,15 day,phenacetin,300,mg/kg,Middle,594,11,3,Male,Crj:CD(SD)IGS,1,1.0,1,True,minimal,True,True,False,recorded_finding
49038,/workspace/andre01/honzawa/02-playground/toxpatho-patch-selector/data/TGGATEs/WSI/Liver/15_day/49038.svs,15 day,phenacetin,300,mg/kg,Middle,594,11,4,Male,Crj:CD(SD)IGS,0,,0,False,,True,True,False,no_finding_recorded
49040,/workspace/andre01/honzawa/02-playground/toxpatho-patch-selector/data/TGGATEs/WSI/Liver/15_day/49040.svs,15 day,phenacetin,300,mg/kg,Middle,594,11,5,Male,Crj:CD(SD)IGS,1,1.0,1,True,minimal,True,True,False,recorded_finding
49042,/workspace/andre01/honzawa/02-playground/toxpatho-patch-selector/data/TGGATEs/WSI/Liver/29_day/49042.svs,29 day,phenacetin,300,mg/kg,Middle,594,12,1,Male,Crj:CD(SD)IGS,0,,0,False,,True,True,False,no_finding_recorded
49044,/workspace/andre01/honzawa/02-playground/toxpatho-patch-selector/data/TGGATEs/WSI/Liver/29_day/49044.svs,29 day,phenacetin,300,mg/kg,Middle,594,12,2,Male,Crj:CD(SD)IGS,0,,0,False,,True,True,False,no_finding_recorded
49046,/workspace/andre01/honzawa/02-playground/toxpatho-patch-selector/data/TGGATEs/WSI/Liver/29_day/49046.svs,29 day,phenacetin,300,mg/kg,Middle,594,12,3,Male,Crj:CD(SD)IGS,1,2.0,1,True,slight,True,True,False,recorded_finding
49048,/workspace/andre01/honzawa/02-playground/toxpatho-patch-selector/data/TGGATEs/WSI/Liver/29_day/49048.svs,29 day,phenacetin,300,mg/kg,Middle,594,12,4,Male,Crj:CD(SD)IGS,1,1.0,1,True,minimal,True,True,False,recorded_finding
4905,/workspace/andre01/honzawa/02-playground/toxpatho-patch-selector/data/TGGATEs/WSI/Liver/29_day/4905.svs,29 day,aspirin,0,mg/kg,Control,128,4,4,Male,Crj:CD(SD)IGS,0,,0,False,,True,True,False,no_finding_recorded
49052,/workspace/andre01/honzawa/02-playground/toxpatho-patch-selector/data/TGGATEs/WSI/Liver/4_day/49052.svs,4 day,phenacetin,1000,mg/kg,High,594,13,1,Male,Crj:CD(SD)IGS,0,,0,False,,True,True,False,no_finding_recorded
49054,/workspace/andre01/honzawa/02-playground/toxpatho-patch-selector/data/TGGATEs/WSI/Liver/4_day/49054.svs,4 day,phenacetin,1000,mg/kg,High,594,13,2,Male,Crj:CD(SD)IGS,1,1.0,1,True,minimal,True,True,False,recorded_finding
49056,/workspace/andre01/honzawa/02-playground/toxpatho-patch-selector/data/TGGATEs/WSI/Liver/4_day/49056.svs,4 day,phenacetin,1000,mg/kg,High,594,13,3,Male,Crj:CD(SD)IGS,0,,0,False,,True,True,False,no_finding_recorded
49058,/workspace/andre01/honzawa/02-playground/toxpatho-patch-selector/data/TGGATEs/WSI/Liver/4_day/49058.svs,4 day,phenacetin,1000,mg/kg,High,594,13,4,Male,Crj:CD(SD)IGS,0,,0,False,,True,True,False,no_finding_recorded
4906,/workspace/andre01/honzawa/02-playground/toxpatho-patch-selector/data/TGGATEs/WSI/Liver/29_day/4906.svs,29 day,aspirin,0,mg/kg,Control,128,4,5,Male,Crj:CD(SD)IGS,0,,0,False,,True,True,False,no_finding_recorded
49060,/workspace/andre01/honzawa/02-playground/toxpatho-patch-selector/data/TGGATEs/WSI/Liver/4_day/49060.svs,4 day,phenacetin,1000,mg/kg,High,594,13,5,Male,Crj:CD(SD)IGS,1,1.0,1,True,minimal,True,True,False,recorded_finding
49062,/workspace/andre01/honzawa/02-playground/toxpatho-patch-selector/data/TGGATEs/WSI/Liver/8_day/49062.svs,8 day,phenacetin,1000,mg/kg,High,594,14,1,Male,Crj:CD(SD)IGS,2,1.0,2,True,minimal,True,True,False,recorded_finding
49064,/workspace/andre01/honzawa/02-playground/toxpatho-patch-selector/data/TGGATEs/WSI/Liver/8_day/49064.svs,8 day,phenacetin,1000,mg/kg,High,594,14,2,Male,Crj:CD(SD)IGS,2,1.0,2,True,minimal,True,True,False,recorded_finding
49066,/workspace/andre01/honzawa/02-playground/toxpatho-patch-selector/data/TGGATEs/WSI/Liver/8_day/49066.svs,8 day,phenacetin,1000,mg/kg,High,594,14,3,Male,Crj:CD(SD)IGS,2,1.0,2,True,minimal,True,True,False,recorded_finding
49068,/workspace/andre01/honzawa/02-playground/toxpatho-patch-selector/data/TGGATEs/WSI/Liver/8_day/49068.svs,8 day,phenacetin,1000,mg/kg,High,594,14,4,Male,Crj:CD(SD)IGS,1,1.0,1,True,minimal,True,True,False,recorded_finding
49072,/workspace/andre01/honzawa/02-playground/toxpatho-patch-selector/data/TGGATEs/WSI/Liver/15_day/49072.svs,15 day,phenacetin,1000,mg/kg,High,594,15,1,Male,Crj:CD(SD)IGS,2,1.0,2,True,minimal,True,True,False,recorded_finding
49074,/workspace/andre01/honzawa/02-playground/toxpatho-patch-selector/data/TGGATEs/WSI/Liver/15_day/49074.svs,15 day,phenacetin,1000,mg/kg,High,594,15,2,Male,Crj:CD(SD)IGS,3,1.0,3,True,minimal,True,True,False,recorded_finding
49076,/workspace/andre01/honzawa/02-playground/toxpatho-patch-selector/data/TGGATEs/WSI/Liver/15_day/49076.svs,15 day,phenacetin,1000,mg/kg,High,594,15,3,Male,Crj:CD(SD)IGS,2,2.0,2,True,slight,True,True,False,recorded_finding
49078,/workspace/andre01/honzawa/02-playground/toxpatho-patch-selector/data/TGGATEs/WSI/Liver/15_day/49078.svs,15 day,phenacetin,1000,mg/kg,High,594,15,4,Male,Crj:CD(SD)IGS,3,1.0,3,True,minimal,True,True,False,recorded_finding
4908,/workspace/andre01/honzawa/02-playground/toxpatho-patch-selector/data/TGGATEs/WSI/Liver/29_day/4908.svs,29 day,aspirin,45,mg/kg,Low,128,8,1,Male,Crj:CD(SD)IGS,0,,0,False,,True,True,False,no_finding_recorded
49080,/workspace/andre01/honzawa/02-playground/toxpatho-patch-selector/data/TGGATEs/WSI/Liver/15_day/49080.svs,15 day,phenacetin,1000,mg/kg,High,594,15,5,Male,Crj:CD(SD)IGS,3,1.0,3,True,minimal,True,True,False,recorded_finding
49082,/workspace/andre01/honzawa/02-playground/toxpatho-patch-selector/data/TGGATEs/WSI/Liver/29_day/49082.svs,29 day,phenacetin,1000,mg/kg,High,594,16,1,Male,Crj:CD(SD)IGS,2,2.0,2,True,slight,True,True,False,recorded_finding
49084,/workspace/andre01/honzawa/02-playground/toxpatho-patch-selector/data/TGGATEs/WSI/Liver/29_day/49084.svs,29 day,phenacetin,1000,mg/kg,High,594,16,2,Male,Crj:CD(SD)IGS,3,1.0,3,True,minimal,True,True,False,recorded_finding
49086,/workspace/andre01/honzawa/02-playground/toxpatho-patch-selector/data/TGGATEs/WSI/Liver/29_day/49086.svs,29 day,phenacetin,1000,mg/kg,High,594,16,3,Male,Crj:CD(SD)IGS,2,2.0,2,True,slight,True,True,False,recorded_finding
49088,/workspace/andre01/honzawa/02-playground/toxpatho-patch-selector/data/TGGATEs/WSI/Liver/29_day/49088.svs,29 day,phenacetin,1000,mg/kg,High,594,16,4,Male,Crj:CD(SD)IGS,3,1.0,3,True,minimal,True,True,False,recorded_finding
4909,/workspace/andre01/honzawa/02-playground/toxpatho-patch-selector/data/TGGATEs/WSI/Liver/29_day/4909.svs,29 day,aspirin,45,mg/kg,Low,128,8,2,Male,Crj:CD(SD)IGS,0,,0,False,,True,True,False,no_finding_recorded
49090,/workspace/andre01/honzawa/02-playground/toxpatho-patch-selector/data/TGGATEs/WSI/Liver/29_day/49090.svs,29 day,phenacetin,1000,mg/kg,High,594,16,5,Male,Crj:CD(SD)IGS,3,1.0,3,True,minimal,True,True,False,recorded_finding
4911,/workspace/andre01/honzawa/02-playground/toxpatho-patch-selector/data/TGGATEs/WSI/Liver/29_day/4911.svs,29 day,aspirin,45,mg/kg,Low,128,8,3,Male,Crj:CD(SD)IGS,0,,0,False,,True,True,False,no_finding_recorded
4912,/workspace/andre01/honzawa/02-playground/toxpatho-patch-selector/data/TGGATEs/WSI/Liver/29_day/4912.svs,29 day,aspirin,45,mg/kg,Low,128,8,4,Male,Crj:CD(SD)IGS,0,,0,False,,True,True,False,no_finding_recorded
49138,/workspace/andre01/honzawa/02-playground/toxpatho-patch-selector/data/TGGATEs/WSI/Liver/4_day/49138.svs,4 day,monocrotaline,10,mg/kg,Middle,280,9,1,Male,Crj:CD(SD)IGS,0,,0,False,,True,True,False,no_finding_recorded
4914,/workspace/andre01/honzawa/02-playground/toxpatho-patch-selector/data/TGGATEs/WSI/Liver/29_day/4914.svs,29 day,aspirin,45,mg/kg,Low,128,8,5,Male,Crj:CD(SD)IGS,0,,0,False,,True,True,False,no_finding_recorded
4916,/workspace/andre01/honzawa/02-playground/toxpatho-patch-selector/data/TGGATEs/WSI/Liver/29_day/4916.svs,29 day,aspirin,150,mg/kg,Middle,128,12,1,Male,Crj:CD(SD)IGS,0,,0,False,,True,True,False,no_finding_recorded
4917,/workspace/andre01/honzawa/02-playground/toxpatho-patch-selector/data/TGGATEs/WSI/Liver/29_day/4917.svs,29 day,aspirin,150,mg/kg,Middle,128,12,2,Male,Crj:CD(SD)IGS,1,1.0,1,True,minimal,True,True,False,recorded_finding
4919,/workspace/andre01/honzawa/02-playground/toxpatho-patch-selector/data/TGGATEs/WSI/Liver/29_day/4919.svs,29 day,aspirin,150,mg/kg,Middle,128,12,3,Male,Crj:CD(SD)IGS,0,,0,False,,True,True,False,no_finding_recorded
4920,/workspace/andre01/honzawa/02-playground/toxpatho-patch-selector/data/TGGATEs/WSI/Liver/29_day/4920.svs,29 day,aspirin,150,mg/kg,Middle,128,12,4,Male,Crj:CD(SD)IGS,0,,0,False,,True,True,False,no_finding_recorded
4922,/workspace/andre01/honzawa/02-playground/toxpatho-patch-selector/data/TGGATEs/WSI/Liver/29_day/4922.svs,29 day,aspirin,150,mg/kg,Middle,128,12,5,Male,Crj:CD(SD)IGS,1,1.0,1,True,minimal,True,True,False,recorded_finding
4924,/workspace/andre01/honzawa/02-playground/toxpatho-patch-selector/data/TGGATEs/WSI/Liver/29_day/4924.svs,29 day,aspirin,450,mg/kg,High,128,16,1,Male,Crj:CD(SD)IGS,1,1.0,1,True,minimal,True,True,False,recorded_finding
4925,/workspace/andre01/honzawa/02-playground/toxpatho-patch-selector/data/TGGATEs/WSI/Liver/29_day/4925.svs,29 day,aspirin,450,mg/kg,High,128,16,2,Male,Crj:CD(SD)IGS,1,2.0,1,True,slight,True,True,False,recorded_finding
4927,/workspace/andre01/honzawa/02-playground/toxpatho-patch-selector/data/TGGATEs/WSI/Liver/29_day/4927.svs,29 day,aspirin,450,mg/kg,High,128,16,3,Male,Crj:CD(SD)IGS,1,1.0,1,True,minimal,True,True,False,recorded_finding
4928,/workspace/andre01/honzawa/02-playground/toxpatho-patch-selector/data/TGGATEs/WSI/Liver/29_day/4928.svs,29 day,aspirin,450,mg/kg,High,128,16,4,Male,Crj:CD(SD)IGS,1,1.0,1,True,minimal,True,True,False,recorded_finding
4930,/workspace/andre01/honzawa/02-playground/toxpatho-patch-selector/data/TGGATEs/WSI/Liver/29_day/4930.svs,29 day,aspirin,450,mg/kg,High,128,16,5,Male,Crj:CD(SD)IGS,1,1.0,1,True,minimal,True,True,False,recorded_finding
49540,/workspace/andre01/honzawa/02-playground/toxpatho-patch-selector/data/TGGATEs/WSI/Liver/4_day/49540.svs,4 day,bucetin,0,mg/kg,Control,596,1,1,Male,Crj:CD(SD)IGS,0,,0,False,,True,True,False,no_finding_recorded
49543,/workspace/andre01/honzawa/02-playground/toxpatho-patch-selector/data/TGGATEs/WSI/Liver/4_day/49543.svs,4 day,bucetin,0,mg/kg,Control,596,1,2,Male,Crj:CD(SD)IGS,0,,0,False,,True,True,False,no_finding_recorded
49546,/workspace/andre01/honzawa/02-playground/toxpatho-patch-selector/data/TGGATEs/WSI/Liver/4_day/49546.svs,4 day,bucetin,0,mg/kg,Control,596,1,3,Male,Crj:CD(SD)IGS,0,,0,False,,True,True,False,no_finding_recorded
49549,/workspace/andre01/honzawa/02-playground/toxpatho-patch-selector/data/TGGATEs/WSI/Liver/4_day/49549.svs,4 day,bucetin,0,mg/kg,Control,596,1,4,Male,Crj:CD(SD)IGS,0,,0,False,,True,True,False,no_finding_recorded
49551,/workspace/andre01/honzawa/02-playground/toxpatho-patch-selector/data/TGGATEs/WSI/Liver/4_day/49551.svs,4 day,bucetin,0,mg/kg,Control,596,1,5,Male,Crj:CD(SD)IGS,0,,0,False,,True,True,False,no_finding_recorded
49554,/workspace/andre01/honzawa/02-playground/toxpatho-patch-selector/data/TGGATEs/WSI/Liver/8_day/49554.svs,8 day,bucetin,0,mg/kg,Control,596,2,1,Male,Crj:CD(SD)IGS,0,,0,False,,True,True,False,no_finding_recorded
49557,/workspace/andre01/honzawa/02-playground/toxpatho-patch-selector/data/TGGATEs/WSI/Liver/8_day/49557.svs,8 day,bucetin,0,mg/kg,Control,596,2,2,Male,Crj:CD(SD)IGS,0,,0,False,,True,True,False,no_finding_recorded
49559,/workspace/andre01/honzawa/02-playground/toxpatho-patch-selector/data/TGGATEs/WSI/Liver/8_day/49559.svs,8 day,bucetin,0,mg/kg,Control,596,2,3,Male,Crj:CD(SD)IGS,0,,0,False,,True,True,False,no_finding_recorded
49562,/workspace/andre01/honzawa/02-playground/toxpatho-patch-selector/data/TGGATEs/WSI/Liver/8_day/49562.svs,8 day,bucetin,0,mg/kg,Control,596,2,4,Male,Crj:CD(SD)IGS,0,,0,False,,True,True,False,no_finding_recorded
49565,/workspace/andre01/honzawa/02-playground/toxpatho-patch-selector/data/TGGATEs/WSI/Liver/8_day/49565.svs,8 day,bucetin,0,mg/kg,Control,596,2,5,Male,Crj:CD(SD)IGS,0,,0,False,,True,True,False,no_finding_recorded
49568,/workspace/andre01/honzawa/02-playground/toxpatho-patch-selector/data/TGGATEs/WSI/Liver/15_day/49568.svs,15 day,bucetin,0,mg/kg,Control,596,3,1,Male,Crj:CD(SD)IGS,0,,0,False,,True,True,False,no_finding_recorded
49571,/workspace/andre01/honzawa/02-playground/toxpatho-patch-selector/data/TGGATEs/WSI/Liver/15_day/49571.svs,15 day,bucetin,0,mg/kg,Control,596,3,2,Male,Crj:CD(SD)IGS,0,,0,False,,True,True,False,no_finding_recorded
49573,/workspace/andre01/honzawa/02-playground/toxpatho-patch-selector/data/TGGATEs/WSI/Liver/15_day/49573.svs,15 day,bucetin,0,mg/kg,Control,596,3,3,Male,Crj:CD(SD)IGS,0,,0,False,,True,True,False,no_finding_recorded
49576,/workspace/andre01/honzawa/02-playground/toxpatho-patch-selector/data/TGGATEs/WSI/Liver/15_day/49576.svs,15 day,bucetin,0,mg/kg,Control,596,3,4,Male,Crj:CD(SD)IGS,0,,0,False,,True,True,False,no_finding_recorded
49579,/workspace/andre01/honzawa/02-playground/toxpatho-patch-selector/data/TGGATEs/WSI/Liver/15_day/49579.svs,15 day,bucetin,0,mg/kg,Control,596,3,5,Male,Crj:CD(SD)IGS,0,,0,False,,True,True,False,no_finding_recorded
49582,/workspace/andre01/honzawa/02-playground/toxpatho-patch-selector/data/TGGATEs/WSI/Liver/29_day/49582.svs,29 day,bucetin,0,mg/kg,Control,596,4,1,Male,Crj:CD(SD)IGS,0,,0,False,,True,True,False,no_finding_recorded
49584,/workspace/andre01/honzawa/02-playground/toxpatho-patch-selector/data/TGGATEs/WSI/Liver/29_day/49584.svs,29 day,bucetin,0,mg/kg,Control,596,4,2,Male,Crj:CD(SD)IGS,0,,0,False,,True,True,False,no_finding_recorded
49587,/workspace/andre01/honzawa/02-playground/toxpatho-patch-selector/data/TGGATEs/WSI/Liver/29_day/49587.svs,29 day,bucetin,0,mg/kg,Control,596,4,3,Male,Crj:CD(SD)IGS,0,,0,False,,True,True,False,no_finding_recorded
49590,/workspace/andre01/honzawa/02-playground/toxpatho-patch-selector/data/TGGATEs/WSI/Liver/29_day/49590.svs,29 day,bucetin,0,mg/kg,Control,596,4,4,Male,Crj:CD(SD)IGS,0,,0,False,,True,True,False,no_finding_recorded
49592,/workspace/andre01/honzawa/02-playground/toxpatho-patch-selector/data/TGGATEs/WSI/Liver/29_day/49592.svs,29 day,bucetin,0,mg/kg,Control,596,4,5,Male,Crj:CD(SD)IGS,0,,0,False,,True,True,False,no_finding_recorded
49593,/workspace/andre01/honzawa/02-playground/toxpatho-patch-selector/data/TGGATEs/WSI/Liver/4_day/49593.svs,4 day,bucetin,100,mg/kg,Low,596,5,1,Male,Crj:CD(SD)IGS,0,,0,False,,True,True,False,no_finding_recorded
49595,/workspace/andre01/honzawa/02-playground/toxpatho-patch-selector/data/TGGATEs/WSI/Liver/4_day/49595.svs,4 day,bucetin,100,mg/kg,Low,596,5,2,Male,Crj:CD(SD)IGS,0,,0,False,,True,True,False,no_finding_recorded
49598,/workspace/andre01/honzawa/02-playground/toxpatho-patch-selector/data/TGGATEs/WSI/Liver/4_day/49598.svs,4 day,bucetin,100,mg/kg,Low,596,5,3,Male,Crj:CD(SD)IGS,0,,0,False,,True,True,False,no_finding_recorded
49602,/workspace/andre01/honzawa/02-playground/toxpatho-patch-selector/data/TGGATEs/WSI/Liver/4_day/49602.svs,4 day,bucetin,100,mg/kg,Low,596,5,4,Male,Crj:CD(SD)IGS,0,,0,False,,True,True,False,no_finding_recorded
49605,/workspace/andre01/honzawa/02-playground/toxpatho-patch-selector/data/TGGATEs/WSI/Liver/4_day/49605.svs,4 day,bucetin,100,mg/kg,Low,596,5,5,Male,Crj:CD(SD)IGS,0,,0,False,,True,True,False,no_finding_recorded
49609,/workspace/andre01/honzawa/02-playground/toxpatho-patch-selector/data/TGGATEs/WSI/Liver/8_day/49609.svs,8 day,bucetin,100,mg/kg,Low,596,6,1,Male,Crj:CD(SD)IGS,0,,0,False,,True,True,False,no_finding_recorded
49614,/workspace/andre01/honzawa/02-playground/toxpatho-patch-selector/data/TGGATEs/WSI/Liver/8_day/49614.svs,8 day,bucetin,100,mg/kg,Low,596,6,2,Male,Crj:CD(SD)IGS,0,,0,False,,True,True,False,no_finding_recorded
49618,/workspace/andre01/honzawa/02-playground/toxpatho-patch-selector/data/TGGATEs/WSI/Liver/8_day/49618.svs,8 day,bucetin,100,mg/kg,Low,596,6,3,Male,Crj:CD(SD)IGS,0,,0,False,,True,True,False,no_finding_recorded
49622,/workspace/andre01/honzawa/02-playground/toxpatho-patch-selector/data/TGGATEs/WSI/Liver/8_day/49622.svs,8 day,bucetin,100,mg/kg,Low,596,6,4,Male,Crj:CD(SD)IGS,0,,0,False,,True,True,False,no_finding_recorded
49626,/workspace/andre01/honzawa/02-playground/toxpatho-patch-selector/data/TGGATEs/WSI/Liver/8_day/49626.svs,8 day,bucetin,100,mg/kg,Low,596,6,5,Male,Crj:CD(SD)IGS,0,,0,False,,True,True,False,no_finding_recorded
49629,/workspace/andre01/honzawa/02-playground/toxpatho-patch-selector/data/TGGATEs/WSI/Liver/15_day/49629.svs,15 day,bucetin,100,mg/kg,Low,596,7,1,Male,Crj:CD(SD)IGS,0,,0,False,,True,True,False,no_finding_recorded
49634,/workspace/andre01/honzawa/02-playground/toxpatho-patch-selector/data/TGGATEs/WSI/Liver/15_day/49634.svs,15 day,bucetin,100,mg/kg,Low,596,7,2,Male,Crj:CD(SD)IGS,0,,0,False,,True,True,False,no_finding_recorded
49638,/workspace/andre01/honzawa/02-playground/toxpatho-patch-selector/data/TGGATEs/WSI/Liver/15_day/49638.svs,15 day,bucetin,100,mg/kg,Low,596,7,3,Male,Crj:CD(SD)IGS,0,,0,False,,True,True,False,no_finding_recorded
49642,/workspace/andre01/honzawa/02-playground/toxpatho-patch-selector/data/TGGATEs/WSI/Liver/15_day/49642.svs,15 day,bucetin,100,mg/kg,Low,596,7,4,Male,Crj:CD(SD)IGS,0,,0,False,,True,True,False,no_finding_recorded
49646,/workspace/andre01/honzawa/02-playground/toxpatho-patch-selector/data/TGGATEs/WSI/Liver/15_day/49646.svs,15 day,bucetin,100,mg/kg,Low,596,7,5,Male,Crj:CD(SD)IGS,0,,0,False,,True,True,False,no_finding_recorded
49651,/workspace/andre01/honzawa/02-playground/toxpatho-patch-selector/data/TGGATEs/WSI/Liver/29_day/49651.svs,29 day,bucetin,100,mg/kg,Low,596,8,1,Male,Crj:CD(SD)IGS,0,,0,False,,True,True,False,no_finding_recorded
49655,/workspace/andre01/honzawa/02-playground/toxpatho-patch-selector/data/TGGATEs/WSI/Liver/29_day/49655.svs,29 day,bucetin,100,mg/kg,Low,596,8,2,Male,Crj:CD(SD)IGS,0,,0,False,,True,True,False,no_finding_recorded
49658,/workspace/andre01/honzawa/02-playground/toxpatho-patch-selector/data/TGGATEs/WSI/Liver/29_day/49658.svs,29 day,bucetin,100,mg/kg,Low,596,8,3,Male,Crj:CD(SD)IGS,0,,0,False,,True,True,False,no_finding_recorded
49662,/workspace/andre01/honzawa/02-playground/toxpatho-patch-selector/data/TGGATEs/WSI/Liver/29_day/49662.svs,29 day,bucetin,100,mg/kg,Low,596,8,4,Male,Crj:CD(SD)IGS,0,,0,False,,True,True,False,no_finding_recorded
49665,/workspace/andre01/honzawa/02-playground/toxpatho-patch-selector/data/TGGATEs/WSI/Liver/29_day/49665.svs,29 day,bucetin,100,mg/kg,Low,596,8,5,Male,Crj:CD(SD)IGS,0,,0,False,,True,True,False,no_finding_recorded
49668,/workspace/andre01/honzawa/02-playground/toxpatho-patch-selector/data/TGGATEs/WSI/Liver/4_day/49668.svs,4 day,bucetin,300,mg/kg,Middle,596,9,1,Male,Crj:CD(SD)IGS,0,,0,False,,True,True,False,no_finding_recorded
49672,/workspace/andre01/honzawa/02-playground/toxpatho-patch-selector/data/TGGATEs/WSI/Liver/4_day/49672.svs,4 day,bucetin,300,mg/kg,Middle,596,9,2,Male,Crj:CD(SD)IGS,0,,0,False,,True,True,False,no_finding_recorded
49676,/workspace/andre01/honzawa/02-playground/toxpatho-patch-selector/data/TGGATEs/WSI/Liver/4_day/49676.svs,4 day,bucetin,300,mg/kg,Middle,596,9,3,Male,Crj:CD(SD)IGS,0,,0,False,,True,True,False,no_finding_recorded
49680,/workspace/andre01/honzawa/02-playground/toxpatho-patch-selector/data/TGGATEs/WSI/Liver/4_day/49680.svs,4 day,bucetin,300,mg/kg,Middle,596,9,4,Male,Crj:CD(SD)IGS,0,,0,False,,True,True,False,no_finding_recorded
49683,/workspace/andre01/honzawa/02-playground/toxpatho-patch-selector/data/TGGATEs/WSI/Liver/4_day/49683.svs,4 day,bucetin,300,mg/kg,Middle,596,9,5,Male,Crj:CD(SD)IGS,0,,0,False,,True,True,False,no_finding_recorded
49686,/workspace/andre01/honzawa/02-playground/toxpatho-patch-selector/data/TGGATEs/WSI/Liver/8_day/49686.svs,8 day,bucetin,300,mg/kg,Middle,596,10,1,Male,Crj:CD(SD)IGS,0,,0,False,,True,True,False,no_finding_recorded
49689,/workspace/andre01/honzawa/02-playground/toxpatho-patch-selector/data/TGGATEs/WSI/Liver/8_day/49689.svs,8 day,bucetin,300,mg/kg,Middle,596,10,2,Male,Crj:CD(SD)IGS,0,,0,False,,True,True,False,no_finding_recorded
49693,/workspace/andre01/honzawa/02-playground/toxpatho-patch-selector/data/TGGATEs/WSI/Liver/8_day/49693.svs,8 day,bucetin,300,mg/kg,Middle,596,10,3,Male,Crj:CD(SD)IGS,0,,0,False,,True,True,False,no_finding_recorded
49696,/workspace/andre01/honzawa/02-playground/toxpatho-patch-selector/data/TGGATEs/WSI/Liver/8_day/49696.svs,8 day,bucetin,300,mg/kg,Middle,596,10,4,Male,Crj:CD(SD)IGS,0,,0,False,,True,True,False,no_finding_recorded
49700,/workspace/andre01/honzawa/02-playground/toxpatho-patch-selector/data/TGGATEs/WSI/Liver/8_day/49700.svs,8 day,bucetin,300,mg/kg,Middle,596,10,5,Male,Crj:CD(SD)IGS,0,,0,False,,True,True,False,no_finding_recorded
49704,/workspace/andre01/honzawa/02-playground/toxpatho-patch-selector/data/TGGATEs/WSI/Liver/15_day/49704.svs,15 day,bucetin,300,mg/kg,Middle,596,11,1,Male,Crj:CD(SD)IGS,0,,0,False,,True,True,False,no_finding_recorded
49707,/workspace/andre01/honzawa/02-playground/toxpatho-patch-selector/data/TGGATEs/WSI/Liver/15_day/49707.svs,15 day,bucetin,300,mg/kg,Middle,596,11,2,Male,Crj:CD(SD)IGS,0,,0,False,,True,True,False,no_finding_recorded
49711,/workspace/andre01/honzawa/02-playground/toxpatho-patch-selector/data/TGGATEs/WSI/Liver/15_day/49711.svs,15 day,bucetin,300,mg/kg,Middle,596,11,3,Male,Crj:CD(SD)IGS,0,,0,False,,True,True,False,no_finding_recorded
49713,/workspace/andre01/honzawa/02-playground/toxpatho-patch-selector/data/TGGATEs/WSI/Liver/15_day/49713.svs,15 day,bucetin,300,mg/kg,Middle,596,11,4,Male,Crj:CD(SD)IGS,0,,0,False,,True,True,False,no_finding_recorded
49716,/workspace/andre01/honzawa/02-playground/toxpatho-patch-selector/data/TGGATEs/WSI/Liver/15_day/49716.svs,15 day,bucetin,300,mg/kg,Middle,596,11,5,Male,Crj:CD(SD)IGS,0,,0,False,,True,True,False,no_finding_recorded
49721,/workspace/andre01/honzawa/02-playground/toxpatho-patch-selector/data/TGGATEs/WSI/Liver/29_day/49721.svs,29 day,bucetin,300,mg/kg,Middle,596,12,1,Male,Crj:CD(SD)IGS,0,,0,False,,True,True,False,no_finding_recorded
49724,/workspace/andre01/honzawa/02-playground/toxpatho-patch-selector/data/TGGATEs/WSI/Liver/29_day/49724.svs,29 day,bucetin,300,mg/kg,Middle,596,12,2,Male,Crj:CD(SD)IGS,0,,0,False,,True,True,False,no_finding_recorded
49727,/workspace/andre01/honzawa/02-playground/toxpatho-patch-selector/data/TGGATEs/WSI/Liver/29_day/49727.svs,29 day,bucetin,300,mg/kg,Middle,596,12,3,Male,Crj:CD(SD)IGS,0,,0,False,,True,True,False,no_finding_recorded
49730,/workspace/andre01/honzawa/02-playground/toxpatho-patch-selector/data/TGGATEs/WSI/Liver/29_day/49730.svs,29 day,bucetin,300,mg/kg,Middle,596,12,4,Male,Crj:CD(SD)IGS,0,,0,False,,True,True,False,no_finding_recorded
49734,/workspace/andre01/honzawa/02-playground/toxpatho-patch-selector/data/TGGATEs/WSI/Liver/29_day/49734.svs,29 day,bucetin,300,mg/kg,Middle,596,12,5,Male,Crj:CD(SD)IGS,0,,0,False,,True,True,False,no_finding_recorded
49738,/workspace/andre01/honzawa/02-playground/toxpatho-patch-selector/data/TGGATEs/WSI/Liver/4_day/49738.svs,4 day,bucetin,1000,mg/kg,High,596,13,1,Male,Crj:CD(SD)IGS,0,,0,False,,True,True,False,no_finding_recorded
49741,/workspace/andre01/honzawa/02-playground/toxpatho-patch-selector/data/TGGATEs/WSI/Liver/4_day/49741.svs,4 day,bucetin,1000,mg/kg,High,596,13,2,Male,Crj:CD(SD)IGS,0,,0,False,,True,True,False,no_finding_recorded
49744,/workspace/andre01/honzawa/02-playground/toxpatho-patch-selector/data/TGGATEs/WSI/Liver/4_day/49744.svs,4 day,bucetin,1000,mg/kg,High,596,13,3,Male,Crj:CD(SD)IGS,0,,0,False,,True,True,False,no_finding_recorded
49747,/workspace/andre01/honzawa/02-playground/toxpatho-patch-selector/data/TGGATEs/WSI/Liver/4_day/49747.svs,4 day,bucetin,1000,mg/kg,High,596,13,4,Male,Crj:CD(SD)IGS,1,1.0,1,True,minimal,True,True,False,recorded_finding
49750,/workspace/andre01/honzawa/02-playground/toxpatho-patch-selector/data/TGGATEs/WSI/Liver/4_day/49750.svs,4 day,bucetin,1000,mg/kg,High,596,13,5,Male,Crj:CD(SD)IGS,0,,0,False,,True,True,False,no_finding_recorded
49754,/workspace/andre01/honzawa/02-playground/toxpatho-patch-selector/data/TGGATEs/WSI/Liver/8_day/49754.svs,8 day,bucetin,1000,mg/kg,High,596,14,1,Male,Crj:CD(SD)IGS,1,1.0,1,True,minimal,True,True,False,recorded_finding
49757,/workspace/andre01/honzawa/02-playground/toxpatho-patch-selector/data/TGGATEs/WSI/Liver/8_day/49757.svs,8 day,bucetin,1000,mg/kg,High,596,14,2,Male,Crj:CD(SD)IGS,1,1.0,1,True,minimal,True,True,False,recorded_finding
49760,/workspace/andre01/honzawa/02-playground/toxpatho-patch-selector/data/TGGATEs/WSI/Liver/8_day/49760.svs,8 day,bucetin,1000,mg/kg,High,596,14,3,Male,Crj:CD(SD)IGS,1,1.0,1,True,minimal,True,True,False,recorded_finding
49763,/workspace/andre01/honzawa/02-playground/toxpatho-patch-selector/data/TGGATEs/WSI/Liver/8_day/49763.svs,8 day,bucetin,1000,mg/kg,High,596,14,4,Male,Crj:CD(SD)IGS,0,,0,False,,True,True,False,no_finding_recorded
49768,/workspace/andre01/honzawa/02-playground/toxpatho-patch-selector/data/TGGATEs/WSI/Liver/8_day/49768.svs,8 day,bucetin,1000,mg/kg,High,596,14,5,Male,Crj:CD(SD)IGS,0,,0,False,,True,True,False,no_finding_recorded
49771,/workspace/andre01/honzawa/02-playground/toxpatho-patch-selector/data/TGGATEs/WSI/Liver/15_day/49771.svs,15 day,bucetin,1000,mg/kg,High,596,15,1,Male,Crj:CD(SD)IGS,1,1.0,1,True,minimal,True,True,False,recorded_finding
49773,/workspace/andre01/honzawa/02-playground/toxpatho-patch-selector/data/TGGATEs/WSI/Liver/15_day/49773.svs,15 day,bucetin,1000,mg/kg,High,596,15,2,Male,Crj:CD(SD)IGS,1,1.0,1,True,minimal,True,True,False,recorded_finding
49777,/workspace/andre01/honzawa/02-playground/toxpatho-patch-selector/data/TGGATEs/WSI/Liver/15_day/49777.svs,15 day,bucetin,1000,mg/kg,High,596,15,3,Male,Crj:CD(SD)IGS,1,1.0,1,True,minimal,True,True,False,recorded_finding
49779,/workspace/andre01/honzawa/02-playground/toxpatho-patch-selector/data/TGGATEs/WSI/Liver/15_day/49779.svs,15 day,bucetin,1000,mg/kg,High,596,15,4,Male,Crj:CD(SD)IGS,1,2.0,1,True,slight,True,True,False,recorded_finding
49783,/workspace/andre01/honzawa/02-playground/toxpatho-patch-selector/data/TGGATEs/WSI/Liver/15_day/49783.svs,15 day,bucetin,1000,mg/kg,High,596,15,5,Male,Crj:CD(SD)IGS,1,2.0,1,True,slight,True,True,False,recorded_finding
49786,/workspace/andre01/honzawa/02-playground/toxpatho-patch-selector/data/TGGATEs/WSI/Liver/29_day/49786.svs,29 day,bucetin,1000,mg/kg,High,596,16,1,Male,Crj:CD(SD)IGS,1,1.0,1,True,minimal,True,True,False,recorded_finding
49789,/workspace/andre01/honzawa/02-playground/toxpatho-patch-selector/data/TGGATEs/WSI/Liver/29_day/49789.svs,29 day,bucetin,1000,mg/kg,High,596,16,2,Male,Crj:CD(SD)IGS,2,2.0,2,True,slight,True,True,False,recorded_finding
49792,/workspace/andre01/honzawa/02-playground/toxpatho-patch-selector/data/TGGATEs/WSI/Liver/29_day/49792.svs,29 day,bucetin,1000,mg/kg,High,596,16,3,Male,Crj:CD(SD)IGS,1,2.0,1,True,slight,True,True,False,recorded_finding
49795,/workspace/andre01/honzawa/02-playground/toxpatho-patch-selector/data/TGGATEs/WSI/Liver/29_day/49795.svs,29 day,bucetin,1000,mg/kg,High,596,16,4,Male,Crj:CD(SD)IGS,1,2.0,1,True,slight,True,True,False,recorded_finding
49799,/workspace/andre01/honzawa/02-playground/toxpatho-patch-selector/data/TGGATEs/WSI/Liver/29_day/49799.svs,29 day,bucetin,1000,mg/kg,High,596,16,5,Male,Crj:CD(SD)IGS,1,2.0,1,True,slight,True,True,False,recorded_finding
51711,/workspace/andre01/honzawa/02-playground/toxpatho-patch-selector/data/TGGATEs/WSI/Liver/4_day/51711.svs,4 day,acetamidofluorene,0,mg/kg,Control,569,1,1,Male,Crj:CD(SD)IGS,0,,0,False,,True,True,False,no_finding_recorded
51716,/workspace/andre01/honzawa/02-playground/toxpatho-patch-selector/data/TGGATEs/WSI/Liver/4_day/51716.svs,4 day,acetamidofluorene,0,mg/kg,Control,569,1,2,Male,Crj:CD(SD)IGS,0,,0,False,,True,True,False,no_finding_recorded
51729,/workspace/andre01/honzawa/02-playground/toxpatho-patch-selector/data/TGGATEs/WSI/Liver/4_day/51729.svs,4 day,acetamidofluorene,0,mg/kg,Control,569,1,3,Male,Crj:CD(SD)IGS,0,,0,False,,True,True,False,no_finding_recorded
51734,/workspace/andre01/honzawa/02-playground/toxpatho-patch-selector/data/TGGATEs/WSI/Liver/4_day/51734.svs,4 day,acetamidofluorene,0,mg/kg,Control,569,1,4,Male,Crj:CD(SD)IGS,0,,0,False,,True,True,False,no_finding_recorded
51739,/workspace/andre01/honzawa/02-playground/toxpatho-patch-selector/data/TGGATEs/WSI/Liver/4_day/51739.svs,4 day,acetamidofluorene,0,mg/kg,Control,569,1,5,Male,Crj:CD(SD)IGS,0,,0,False,,True,True,False,no_finding_recorded
51742,/workspace/andre01/honzawa/02-playground/toxpatho-patch-selector/data/TGGATEs/WSI/Liver/4_day/51742.svs,4 day,acetamidofluorene,30,mg/kg,Low,569,5,1,Male,Crj:CD(SD)IGS,1,1.0,1,True,minimal,True,True,False,recorded_finding
51747,/workspace/andre01/honzawa/02-playground/toxpatho-patch-selector/data/TGGATEs/WSI/Liver/4_day/51747.svs,4 day,acetamidofluorene,30,mg/kg,Low,569,5,2,Male,Crj:CD(SD)IGS,1,1.0,1,True,minimal,True,True,False,recorded_finding
51751,/workspace/andre01/honzawa/02-playground/toxpatho-patch-selector/data/TGGATEs/WSI/Liver/4_day/51751.svs,4 day,acetamidofluorene,30,mg/kg,Low,569,5,3,Male,Crj:CD(SD)IGS,1,1.0,1,True,minimal,True,True,False,recorded_finding
51755,/workspace/andre01/honzawa/02-playground/toxpatho-patch-selector/data/TGGATEs/WSI/Liver/4_day/51755.svs,4 day,acetamidofluorene,30,mg/kg,Low,569,5,4,Male,Crj:CD(SD)IGS,2,1.0,2,True,minimal,True,True,False,recorded_finding
51758,/workspace/andre01/honzawa/02-playground/toxpatho-patch-selector/data/TGGATEs/WSI/Liver/4_day/51758.svs,4 day,acetamidofluorene,30,mg/kg,Low,569,5,5,Male,Crj:CD(SD)IGS,1,1.0,1,True,minimal,True,True,False,recorded_finding
51762,/workspace/andre01/honzawa/02-playground/toxpatho-patch-selector/data/TGGATEs/WSI/Liver/4_day/51762.svs,4 day,acetamidofluorene,100,mg/kg,Middle,569,9,1,Male,Crj:CD(SD)IGS,1,2.0,1,True,slight,True,True,False,recorded_finding
51766,/workspace/andre01/honzawa/02-playground/toxpatho-patch-selector/data/TGGATEs/WSI/Liver/4_day/51766.svs,4 day,acetamidofluorene,100,mg/kg,Middle,569,9,2,Male,Crj:CD(SD)IGS,1,2.0,1,True,slight,True,True,False,recorded_finding
51770,/workspace/andre01/honzawa/02-playground/toxpatho-patch-selector/data/TGGATEs/WSI/Liver/4_day/51770.svs,4 day,acetamidofluorene,100,mg/kg,Middle,569,9,3,Male,Crj:CD(SD)IGS,1,2.0,1,True,slight,True,True,False,recorded_finding
51773,/workspace/andre01/honzawa/02-playground/toxpatho-patch-selector/data/TGGATEs/WSI/Liver/4_day/51773.svs,4 day,acetamidofluorene,100,mg/kg,Middle,569,9,4,Male,Crj:CD(SD)IGS,3,2.0,3,True,slight,True,True,False,recorded_finding
51777,/workspace/andre01/honzawa/02-playground/toxpatho-patch-selector/data/TGGATEs/WSI/Liver/4_day/51777.svs,4 day,acetamidofluorene,100,mg/kg,Middle,569,9,5,Male,Crj:CD(SD)IGS,3,2.0,3,True,slight,True,True,False,recorded_finding
51780,/workspace/andre01/honzawa/02-playground/toxpatho-patch-selector/data/TGGATEs/WSI/Liver/4_day/51780.svs,4 day,acetamidofluorene,300,mg/kg,High,569,13,1,Male,Crj:CD(SD)IGS,2,2.0,1,True,slight,True,True,False,recorded_finding
51785,/workspace/andre01/honzawa/02-playground/toxpatho-patch-selector/data/TGGATEs/WSI/Liver/4_day/51785.svs,4 day,acetamidofluorene,300,mg/kg,High,569,13,2,Male,Crj:CD(SD)IGS,1,2.0,1,True,slight,True,True,False,recorded_finding
51788,/workspace/andre01/honzawa/02-playground/toxpatho-patch-selector/data/TGGATEs/WSI/Liver/4_day/51788.svs,4 day,acetamidofluorene,300,mg/kg,High,569,13,3,Male,Crj:CD(SD)IGS,4,2.0,4,True,slight,True,True,False,recorded_finding
51792,/workspace/andre01/honzawa/02-playground/toxpatho-patch-selector/data/TGGATEs/WSI/Liver/4_day/51792.svs,4 day,acetamidofluorene,300,mg/kg,High,569,13,4,Male,Crj:CD(SD)IGS,3,3.0,3,True,moderate,True,True,False,recorded_finding
51796,/workspace/andre01/honzawa/02-playground/toxpatho-patch-selector/data/TGGATEs/WSI/Liver/4_day/51796.svs,4 day,acetamidofluorene,300,mg/kg,High,569,13,5,Male,Crj:CD(SD)IGS,1,3.0,1,True,moderate,True,True,False,recorded_finding
51800,/workspace/andre01/honzawa/02-playground/toxpatho-patch-selector/data/TGGATEs/WSI/Liver/8_day/51800.svs,8 day,acetamidofluorene,0,mg/kg,Control,569,2,1,Male,Crj:CD(SD)IGS,0,,0,False,,True,True,False,no_finding_recorded
51804,/workspace/andre01/honzawa/02-playground/toxpatho-patch-selector/data/TGGATEs/WSI/Liver/8_day/51804.svs,8 day,acetamidofluorene,0,mg/kg,Control,569,2,2,Male,Crj:CD(SD)IGS,1,1.0,0,True,minimal,True,True,False,recorded_finding
51808,/workspace/andre01/honzawa/02-playground/toxpatho-patch-selector/data/TGGATEs/WSI/Liver/8_day/51808.svs,8 day,acetamidofluorene,0,mg/kg,Control,569,2,3,Male,Crj:CD(SD)IGS,0,,0,False,,True,True,False,no_finding_recorded
51813,/workspace/andre01/honzawa/02-playground/toxpatho-patch-selector/data/TGGATEs/WSI/Liver/8_day/51813.svs,8 day,acetamidofluorene,0,mg/kg,Control,569,2,4,Male,Crj:CD(SD)IGS,0,,0,False,,True,True,False,no_finding_recorded
51816,/workspace/andre01/honzawa/02-playground/toxpatho-patch-selector/data/TGGATEs/WSI/Liver/8_day/51816.svs,8 day,acetamidofluorene,0,mg/kg,Control,569,2,5,Male,Crj:CD(SD)IGS,0,,0,False,,True,True,False,no_finding_recorded
51821,/workspace/andre01/honzawa/02-playground/toxpatho-patch-selector/data/TGGATEs/WSI/Liver/8_day/51821.svs,8 day,acetamidofluorene,30,mg/kg,Low,569,6,1,Male,Crj:CD(SD)IGS,4,1.0,4,True,minimal,True,True,False,recorded_finding
51824,/workspace/andre01/honzawa/02-playground/toxpatho-patch-selector/data/TGGATEs/WSI/Liver/8_day/51824.svs,8 day,acetamidofluorene,30,mg/kg,Low,569,6,2,Male,Crj:CD(SD)IGS,4,2.0,4,True,slight,True,True,False,recorded_finding
51829,/workspace/andre01/honzawa/02-playground/toxpatho-patch-selector/data/TGGATEs/WSI/Liver/8_day/51829.svs,8 day,acetamidofluorene,30,mg/kg,Low,569,6,3,Male,Crj:CD(SD)IGS,4,2.0,4,True,slight,True,True,False,recorded_finding
51832,/workspace/andre01/honzawa/02-playground/toxpatho-patch-selector/data/TGGATEs/WSI/Liver/8_day/51832.svs,8 day,acetamidofluorene,30,mg/kg,Low,569,6,4,Male,Crj:CD(SD)IGS,4,2.0,4,True,slight,True,True,False,recorded_finding
51837,/workspace/andre01/honzawa/02-playground/toxpatho-patch-selector/data/TGGATEs/WSI/Liver/8_day/51837.svs,8 day,acetamidofluorene,30,mg/kg,Low,569,6,5,Male,Crj:CD(SD)IGS,5,2.0,4,True,slight,True,True,False,recorded_finding
51842,/workspace/andre01/honzawa/02-playground/toxpatho-patch-selector/data/TGGATEs/WSI/Liver/8_day/51842.svs,8 day,acetamidofluorene,100,mg/kg,Middle,569,10,1,Male,Crj:CD(SD)IGS,4,2.0,4,True,slight,True,True,False,recorded_finding
51846,/workspace/andre01/honzawa/02-playground/toxpatho-patch-selector/data/TGGATEs/WSI/Liver/8_day/51846.svs,8 day,acetamidofluorene,100,mg/kg,Middle,569,10,2,Male,Crj:CD(SD)IGS,4,2.0,4,True,slight,True,True,False,recorded_finding
51850,/workspace/andre01/honzawa/02-playground/toxpatho-patch-selector/data/TGGATEs/WSI/Liver/8_day/51850.svs,8 day,acetamidofluorene,100,mg/kg,Middle,569,10,3,Male,Crj:CD(SD)IGS,4,3.0,4,True,moderate,True,True,False,recorded_finding
51853,/workspace/andre01/honzawa/02-playground/toxpatho-patch-selector/data/TGGATEs/WSI/Liver/8_day/51853.svs,8 day,acetamidofluorene,100,mg/kg,Middle,569,10,4,Male,Crj:CD(SD)IGS,4,2.0,4,True,slight,True,True,False,recorded_finding
51857,/workspace/andre01/honzawa/02-playground/toxpatho-patch-selector/data/TGGATEs/WSI/Liver/8_day/51857.svs,8 day,acetamidofluorene,100,mg/kg,Middle,569,10,5,Male,Crj:CD(SD)IGS,4,2.0,4,True,slight,True,True,False,recorded_finding
51861,/workspace/andre01/honzawa/02-playground/toxpatho-patch-selector/data/TGGATEs/WSI/Liver/8_day/51861.svs,8 day,acetamidofluorene,300,mg/kg,High,569,14,1,Male,Crj:CD(SD)IGS,4,3.0,4,True,moderate,True,True,False,recorded_finding
51865,/workspace/andre01/honzawa/02-playground/toxpatho-patch-selector/data/TGGATEs/WSI/Liver/8_day/51865.svs,8 day,acetamidofluorene,300,mg/kg,High,569,14,2,Male,Crj:CD(SD)IGS,4,3.0,4,True,moderate,True,True,False,recorded_finding
51868,/workspace/andre01/honzawa/02-playground/toxpatho-patch-selector/data/TGGATEs/WSI/Liver/8_day/51868.svs,8 day,acetamidofluorene,300,mg/kg,High,569,14,3,Male,Crj:CD(SD)IGS,4,2.0,4,True,slight,True,True,False,recorded_finding
51873,/workspace/andre01/honzawa/02-playground/toxpatho-patch-selector/data/TGGATEs/WSI/Liver/8_day/51873.svs,8 day,acetamidofluorene,300,mg/kg,High,569,14,4,Male,Crj:CD(SD)IGS,4,2.0,4,True,slight,True,True,False,recorded_finding
51876,/workspace/andre01/honzawa/02-playground/toxpatho-patch-selector/data/TGGATEs/WSI/Liver/8_day/51876.svs,8 day,acetamidofluorene,300,mg/kg,High,569,14,5,Male,Crj:CD(SD)IGS,4,2.0,4,True,slight,True,True,False,recorded_finding
51881,/workspace/andre01/honzawa/02-playground/toxpatho-patch-selector/data/TGGATEs/WSI/Liver/15_day/51881.svs,15 day,acetamidofluorene,0,mg/kg,Control,569,3,1,Male,Crj:CD(SD)IGS,0,,0,False,,True,True,False,no_finding_recorded
51885,/workspace/andre01/honzawa/02-playground/toxpatho-patch-selector/data/TGGATEs/WSI/Liver/15_day/51885.svs,15 day,acetamidofluorene,0,mg/kg,Control,569,3,2,Male,Crj:CD(SD)IGS,0,,0,False,,True,True,False,no_finding_recorded
51889,/workspace/andre01/honzawa/02-playground/toxpatho-patch-selector/data/TGGATEs/WSI/Liver/15_day/51889.svs,15 day,acetamidofluorene,0,mg/kg,Control,569,3,3,Male,Crj:CD(SD)IGS,0,,0,False,,True,True,False,no_finding_recorded
51894,/workspace/andre01/honzawa/02-playground/toxpatho-patch-selector/data/TGGATEs/WSI/Liver/15_day/51894.svs,15 day,acetamidofluorene,0,mg/kg,Control,569,3,4,Male,Crj:CD(SD)IGS,0,,0,False,,True,True,False,no_finding_recorded
51899,/workspace/andre01/honzawa/02-playground/toxpatho-patch-selector/data/TGGATEs/WSI/Liver/15_day/51899.svs,15 day,acetamidofluorene,0,mg/kg,Control,569,3,5,Male,Crj:CD(SD)IGS,0,,0,False,,True,True,False,no_finding_recorded
51903,/workspace/andre01/honzawa/02-playground/toxpatho-patch-selector/data/TGGATEs/WSI/Liver/15_day/51903.svs,15 day,acetamidofluorene,30,mg/kg,Low,569,7,1,Male,Crj:CD(SD)IGS,3,4.0,3,True,severe,True,True,False,recorded_finding
51907,/workspace/andre01/honzawa/02-playground/toxpatho-patch-selector/data/TGGATEs/WSI/Liver/15_day/51907.svs,15 day,acetamidofluorene,30,mg/kg,Low,569,7,2,Male,Crj:CD(SD)IGS,3,4.0,3,True,severe,True,True,False,recorded_finding
51910,/workspace/andre01/honzawa/02-playground/toxpatho-patch-selector/data/TGGATEs/WSI/Liver/15_day/51910.svs,15 day,acetamidofluorene,30,mg/kg,Low,569,7,3,Male,Crj:CD(SD)IGS,3,3.0,3,True,moderate,True,True,False,recorded_finding
51915,/workspace/andre01/honzawa/02-playground/toxpatho-patch-selector/data/TGGATEs/WSI/Liver/15_day/51915.svs,15 day,acetamidofluorene,30,mg/kg,Low,569,7,4,Male,Crj:CD(SD)IGS,3,3.0,3,True,moderate,True,True,False,recorded_finding
51918,/workspace/andre01/honzawa/02-playground/toxpatho-patch-selector/data/TGGATEs/WSI/Liver/15_day/51918.svs,15 day,acetamidofluorene,30,mg/kg,Low,569,7,5,Male,Crj:CD(SD)IGS,3,3.0,3,True,moderate,True,True,False,recorded_finding
51922,/workspace/andre01/honzawa/02-playground/toxpatho-patch-selector/data/TGGATEs/WSI/Liver/15_day/51922.svs,15 day,acetamidofluorene,100,mg/kg,Middle,569,11,1,Male,Crj:CD(SD)IGS,3,4.0,3,True,severe,True,True,False,recorded_finding
51926,/workspace/andre01/honzawa/02-playground/toxpatho-patch-selector/data/TGGATEs/WSI/Liver/15_day/51926.svs,15 day,acetamidofluorene,100,mg/kg,Middle,569,11,2,Male,Crj:CD(SD)IGS,3,3.0,3,True,moderate,True,True,False,recorded_finding
51930,/workspace/andre01/honzawa/02-playground/toxpatho-patch-selector/data/TGGATEs/WSI/Liver/15_day/51930.svs,15 day,acetamidofluorene,100,mg/kg,Middle,569,11,3,Male,Crj:CD(SD)IGS,4,4.0,4,True,severe,True,True,False,recorded_finding
51935,/workspace/andre01/honzawa/02-playground/toxpatho-patch-selector/data/TGGATEs/WSI/Liver/15_day/51935.svs,15 day,acetamidofluorene,100,mg/kg,Middle,569,11,4,Male,Crj:CD(SD)IGS,3,4.0,3,True,severe,True,True,False,recorded_finding
51938,/workspace/andre01/honzawa/02-playground/toxpatho-patch-selector/data/TGGATEs/WSI/Liver/15_day/51938.svs,15 day,acetamidofluorene,100,mg/kg,Middle,569,11,5,Male,Crj:CD(SD)IGS,3,4.0,3,True,severe,True,True,False,recorded_finding
51943,/workspace/andre01/honzawa/02-playground/toxpatho-patch-selector/data/TGGATEs/WSI/Liver/15_day/51943.svs,15 day,acetamidofluorene,300,mg/kg,High,569,15,1,Male,Crj:CD(SD)IGS,3,3.0,3,True,moderate,True,True,False,recorded_finding
51946,/workspace/andre01/honzawa/02-playground/toxpatho-patch-selector/data/TGGATEs/WSI/Liver/15_day/51946.svs,15 day,acetamidofluorene,300,mg/kg,High,569,15,2,Male,Crj:CD(SD)IGS,3,4.0,3,True,severe,True,True,False,recorded_finding
51950,/workspace/andre01/honzawa/02-playground/toxpatho-patch-selector/data/TGGATEs/WSI/Liver/15_day/51950.svs,15 day,acetamidofluorene,300,mg/kg,High,569,15,3,Male,Crj:CD(SD)IGS,3,4.0,3,True,severe,True,True,False,recorded_finding
51954,/workspace/andre01/honzawa/02-playground/toxpatho-patch-selector/data/TGGATEs/WSI/Liver/15_day/51954.svs,15 day,acetamidofluorene,300,mg/kg,High,569,15,4,Male,Crj:CD(SD)IGS,3,4.0,3,True,severe,True,True,False,recorded_finding
51959,/workspace/andre01/honzawa/02-playground/toxpatho-patch-selector/data/TGGATEs/WSI/Liver/15_day/51959.svs,15 day,acetamidofluorene,300,mg/kg,High,569,15,5,Male,Crj:CD(SD)IGS,3,4.0,3,True,severe,True,True,False,recorded_finding
51963,/workspace/andre01/honzawa/02-playground/toxpatho-patch-selector/data/TGGATEs/WSI/Liver/29_day/51963.svs,29 day,acetamidofluorene,0,mg/kg,Control,569,4,1,Male,Crj:CD(SD)IGS,0,,0,False,,True,True,False,no_finding_recorded
51967,/workspace/andre01/honzawa/02-playground/toxpatho-patch-selector/data/TGGATEs/WSI/Liver/29_day/51967.svs,29 day,acetamidofluorene,0,mg/kg,Control,569,4,2,Male,Crj:CD(SD)IGS,0,,0,False,,True,True,False,no_finding_recorded
51972,/workspace/andre01/honzawa/02-playground/toxpatho-patch-selector/data/TGGATEs/WSI/Liver/29_day/51972.svs,29 day,acetamidofluorene,0,mg/kg,Control,569,4,3,Male,Crj:CD(SD)IGS,0,,0,False,,True,True,False,no_finding_recorded
51976,/workspace/andre01/honzawa/02-playground/toxpatho-patch-selector/data/TGGATEs/WSI/Liver/29_day/51976.svs,29 day,acetamidofluorene,0,mg/kg,Control,569,4,4,Male,Crj:CD(SD)IGS,0,,0,False,,True,True,False,no_finding_recorded
51982,/workspace/andre01/honzawa/02-playground/toxpatho-patch-selector/data/TGGATEs/WSI/Liver/29_day/51982.svs,29 day,acetamidofluorene,0,mg/kg,Control,569,4,5,Male,Crj:CD(SD)IGS,0,,0,False,,True,True,False,no_finding_recorded
51986,/workspace/andre01/honzawa/02-playground/toxpatho-patch-selector/data/TGGATEs/WSI/Liver/29_day/51986.svs,29 day,acetamidofluorene,30,mg/kg,Low,569,8,1,Male,Crj:CD(SD)IGS,5,4.0,5,True,severe,True,True,False,recorded_finding
51990,/workspace/andre01/honzawa/02-playground/toxpatho-patch-selector/data/TGGATEs/WSI/Liver/29_day/51990.svs,29 day,acetamidofluorene,30,mg/kg,Low,569,8,2,Male,Crj:CD(SD)IGS,5,4.0,5,True,severe,True,True,False,recorded_finding
51994,/workspace/andre01/honzawa/02-playground/toxpatho-patch-selector/data/TGGATEs/WSI/Liver/29_day/51994.svs,29 day,acetamidofluorene,30,mg/kg,Low,569,8,3,Male,Crj:CD(SD)IGS,4,4.0,4,True,severe,True,True,False,recorded_finding
51998,/workspace/andre01/honzawa/02-playground/toxpatho-patch-selector/data/TGGATEs/WSI/Liver/29_day/51998.svs,29 day,acetamidofluorene,30,mg/kg,Low,569,8,4,Male,Crj:CD(SD)IGS,5,4.0,5,True,severe,True,True,False,recorded_finding
52002,/workspace/andre01/honzawa/02-playground/toxpatho-patch-selector/data/TGGATEs/WSI/Liver/29_day/52002.svs,29 day,acetamidofluorene,30,mg/kg,Low,569,8,5,Male,Crj:CD(SD)IGS,4,4.0,4,True,severe,True,True,False,recorded_finding
52006,/workspace/andre01/honzawa/02-playground/toxpatho-patch-selector/data/TGGATEs/WSI/Liver/29_day/52006.svs,29 day,acetamidofluorene,100,mg/kg,Middle,569,12,1,Male,Crj:CD(SD)IGS,5,4.0,5,True,severe,True,True,False,recorded_finding
52009,/workspace/andre01/honzawa/02-playground/toxpatho-patch-selector/data/TGGATEs/WSI/Liver/29_day/52009.svs,29 day,acetamidofluorene,100,mg/kg,Middle,569,12,2,Male,Crj:CD(SD)IGS,4,4.0,4,True,severe,True,True,False,recorded_finding
52016,/workspace/andre01/honzawa/02-playground/toxpatho-patch-selector/data/TGGATEs/WSI/Liver/29_day/52016.svs,29 day,acetamidofluorene,100,mg/kg,Middle,569,12,3,Male,Crj:CD(SD)IGS,4,4.0,4,True,severe,True,True,False,recorded_finding
52019,/workspace/andre01/honzawa/02-playground/toxpatho-patch-selector/data/TGGATEs/WSI/Liver/29_day/52019.svs,29 day,acetamidofluorene,100,mg/kg,Middle,569,12,4,Male,Crj:CD(SD)IGS,4,4.0,4,True,severe,True,True,False,recorded_finding
52024,/workspace/andre01/honzawa/02-playground/toxpatho-patch-selector/data/TGGATEs/WSI/Liver/29_day/52024.svs,29 day,acetamidofluorene,100,mg/kg,Middle,569,12,5,Male,Crj:CD(SD)IGS,4,4.0,4,True,severe,True,True,False,recorded_finding
52028,/workspace/andre01/honzawa/02-playground/toxpatho-patch-selector/data/TGGATEs/WSI/Liver/29_day/52028.svs,29 day,acetamidofluorene,300,mg/kg,High,569,16,2,Male,Crj:CD(SD)IGS,3,4.0,3,True,severe,True,True,False,recorded_finding
52032,/workspace/andre01/honzawa/02-playground/toxpatho-patch-selector/data/TGGATEs/WSI/Liver/29_day/52032.svs,29 day,acetamidofluorene,300,mg/kg,High,569,16,3,Male,Crj:CD(SD)IGS,4,4.0,4,True,severe,True,True,False,recorded_finding
52037,/workspace/andre01/honzawa/02-playground/toxpatho-patch-selector/data/TGGATEs/WSI/Liver/29_day/52037.svs,29 day,acetamidofluorene,300,mg/kg,High,569,16,4,Male,Crj:CD(SD)IGS,4,4.0,4,True,severe,True,True,False,recorded_finding
52040,/workspace/andre01/honzawa/02-playground/toxpatho-patch-selector/data/TGGATEs/WSI/Liver/29_day/52040.svs,29 day,acetamidofluorene,300,mg/kg,High,569,16,5,Male,Crj:CD(SD)IGS,4,4.0,4,True,severe,True,True,False,recorded_finding
52635,/workspace/andre01/honzawa/02-playground/toxpatho-patch-selector/data/TGGATEs/WSI/Liver/4_day/52635.svs,4 day,nitrosodiethylamine,0,mg/kg,Control,571,1,1,Male,Crj:CD(SD)IGS,0,,0,False,,True,True,False,no_finding_recorded
52639,/workspace/andre01/honzawa/02-playground/toxpatho-patch-selector/data/TGGATEs/WSI/Liver/4_day/52639.svs,4 day,nitrosodiethylamine,0,mg/kg,Control,571,1,2,Male,Crj:CD(SD)IGS,0,,0,False,,True,True,False,no_finding_recorded
52642,/workspace/andre01/honzawa/02-playground/toxpatho-patch-selector/data/TGGATEs/WSI/Liver/4_day/52642.svs,4 day,nitrosodiethylamine,0,mg/kg,Control,571,1,3,Male,Crj:CD(SD)IGS,0,,0,False,,True,True,False,no_finding_recorded
52646,/workspace/andre01/honzawa/02-playground/toxpatho-patch-selector/data/TGGATEs/WSI/Liver/4_day/52646.svs,4 day,nitrosodiethylamine,0,mg/kg,Control,571,1,4,Male,Crj:CD(SD)IGS,0,,0,False,,True,True,False,no_finding_recorded
52650,/workspace/andre01/honzawa/02-playground/toxpatho-patch-selector/data/TGGATEs/WSI/Liver/4_day/52650.svs,4 day,nitrosodiethylamine,0,mg/kg,Control,571,1,5,Male,Crj:CD(SD)IGS,0,,0,False,,True,True,False,no_finding_recorded
52653,/workspace/andre01/honzawa/02-playground/toxpatho-patch-selector/data/TGGATEs/WSI/Liver/4_day/52653.svs,4 day,nitrosodiethylamine,3,mg/kg,Low,571,5,1,Male,Crj:CD(SD)IGS,0,,0,False,,True,True,False,no_finding_recorded
52657,/workspace/andre01/honzawa/02-playground/toxpatho-patch-selector/data/TGGATEs/WSI/Liver/4_day/52657.svs,4 day,nitrosodiethylamine,3,mg/kg,Low,571,5,2,Male,Crj:CD(SD)IGS,0,,0,False,,True,True,False,no_finding_recorded
52660,/workspace/andre01/honzawa/02-playground/toxpatho-patch-selector/data/TGGATEs/WSI/Liver/4_day/52660.svs,4 day,nitrosodiethylamine,3,mg/kg,Low,571,5,3,Male,Crj:CD(SD)IGS,0,,0,False,,True,True,False,no_finding_recorded
52664,/workspace/andre01/honzawa/02-playground/toxpatho-patch-selector/data/TGGATEs/WSI/Liver/4_day/52664.svs,4 day,nitrosodiethylamine,3,mg/kg,Low,571,5,4,Male,Crj:CD(SD)IGS,0,,0,False,,True,True,False,no_finding_recorded
52667,/workspace/andre01/honzawa/02-playground/toxpatho-patch-selector/data/TGGATEs/WSI/Liver/4_day/52667.svs,4 day,nitrosodiethylamine,3,mg/kg,Low,571,5,5,Male,Crj:CD(SD)IGS,0,,0,False,,True,True,False,no_finding_recorded
52668,/workspace/andre01/honzawa/02-playground/toxpatho-patch-selector/data/TGGATEs/WSI/Liver/4_day/52668.svs,4 day,nitrosodiethylamine,10,mg/kg,Middle,571,9,1,Male,Crj:CD(SD)IGS,1,1.0,1,True,minimal,True,True,False,recorded_finding
52669,/workspace/andre01/honzawa/02-playground/toxpatho-patch-selector/data/TGGATEs/WSI/Liver/4_day/52669.svs,4 day,nitrosodiethylamine,10,mg/kg,Middle,571,9,2,Male,Crj:CD(SD)IGS,1,1.0,1,True,minimal,True,True,False,recorded_finding
52670,/workspace/andre01/honzawa/02-playground/toxpatho-patch-selector/data/TGGATEs/WSI/Liver/4_day/52670.svs,4 day,nitrosodiethylamine,10,mg/kg,Middle,571,9,3,Male,Crj:CD(SD)IGS,0,,0,False,,True,True,False,no_finding_recorded
52671,/workspace/andre01/honzawa/02-playground/toxpatho-patch-selector/data/TGGATEs/WSI/Liver/4_day/52671.svs,4 day,nitrosodiethylamine,10,mg/kg,Middle,571,9,4,Male,Crj:CD(SD)IGS,0,,0,False,,True,True,False,no_finding_recorded
52675,/workspace/andre01/honzawa/02-playground/toxpatho-patch-selector/data/TGGATEs/WSI/Liver/4_day/52675.svs,4 day,nitrosodiethylamine,10,mg/kg,Middle,571,9,5,Male,Crj:CD(SD)IGS,1,1.0,1,True,minimal,True,True,False,recorded_finding
52679,/workspace/andre01/honzawa/02-playground/toxpatho-patch-selector/data/TGGATEs/WSI/Liver/4_day/52679.svs,4 day,nitrosodiethylamine,30,mg/kg,High,571,13,1,Male,Crj:CD(SD)IGS,2,2.0,2,True,slight,True,True,False,recorded_finding
52681,/workspace/andre01/honzawa/02-playground/toxpatho-patch-selector/data/TGGATEs/WSI/Liver/4_day/52681.svs,4 day,nitrosodiethylamine,30,mg/kg,High,571,13,2,Male,Crj:CD(SD)IGS,2,1.0,2,True,minimal,True,True,False,recorded_finding
52684,/workspace/andre01/honzawa/02-playground/toxpatho-patch-selector/data/TGGATEs/WSI/Liver/4_day/52684.svs,4 day,nitrosodiethylamine,30,mg/kg,High,571,13,3,Male,Crj:CD(SD)IGS,2,2.0,2,True,slight,True,True,False,recorded_finding
52689,/workspace/andre01/honzawa/02-playground/toxpatho-patch-selector/data/TGGATEs/WSI/Liver/4_day/52689.svs,4 day,nitrosodiethylamine,30,mg/kg,High,571,13,5,Male,Crj:CD(SD)IGS,2,2.0,2,True,slight,True,True,False,recorded_finding
52693,/workspace/andre01/honzawa/02-playground/toxpatho-patch-selector/data/TGGATEs/WSI/Liver/8_day/52693.svs,8 day,nitrosodiethylamine,0,mg/kg,Control,571,2,1,Male,Crj:CD(SD)IGS,0,,0,False,,True,True,False,no_finding_recorded
52697,/workspace/andre01/honzawa/02-playground/toxpatho-patch-selector/data/TGGATEs/WSI/Liver/8_day/52697.svs,8 day,nitrosodiethylamine,0,mg/kg,Control,571,2,2,Male,Crj:CD(SD)IGS,0,,0,False,,True,True,False,no_finding_recorded
52700,/workspace/andre01/honzawa/02-playground/toxpatho-patch-selector/data/TGGATEs/WSI/Liver/8_day/52700.svs,8 day,nitrosodiethylamine,0,mg/kg,Control,571,2,3,Male,Crj:CD(SD)IGS,0,,0,False,,True,True,False,no_finding_recorded
52704,/workspace/andre01/honzawa/02-playground/toxpatho-patch-selector/data/TGGATEs/WSI/Liver/8_day/52704.svs,8 day,nitrosodiethylamine,0,mg/kg,Control,571,2,4,Male,Crj:CD(SD)IGS,0,,0,False,,True,True,False,no_finding_recorded
52707,/workspace/andre01/honzawa/02-playground/toxpatho-patch-selector/data/TGGATEs/WSI/Liver/8_day/52707.svs,8 day,nitrosodiethylamine,0,mg/kg,Control,571,2,5,Male,Crj:CD(SD)IGS,0,,0,False,,True,True,False,no_finding_recorded
52711,/workspace/andre01/honzawa/02-playground/toxpatho-patch-selector/data/TGGATEs/WSI/Liver/8_day/52711.svs,8 day,nitrosodiethylamine,3,mg/kg,Low,571,6,1,Male,Crj:CD(SD)IGS,0,,0,False,,True,True,False,no_finding_recorded
52714,/workspace/andre01/honzawa/02-playground/toxpatho-patch-selector/data/TGGATEs/WSI/Liver/8_day/52714.svs,8 day,nitrosodiethylamine,3,mg/kg,Low,571,6,2,Male,Crj:CD(SD)IGS,0,,0,False,,True,True,False,no_finding_recorded
52718,/workspace/andre01/honzawa/02-playground/toxpatho-patch-selector/data/TGGATEs/WSI/Liver/8_day/52718.svs,8 day,nitrosodiethylamine,3,mg/kg,Low,571,6,3,Male,Crj:CD(SD)IGS,0,,0,False,,True,True,False,no_finding_recorded
52721,/workspace/andre01/honzawa/02-playground/toxpatho-patch-selector/data/TGGATEs/WSI/Liver/8_day/52721.svs,8 day,nitrosodiethylamine,3,mg/kg,Low,571,6,4,Male,Crj:CD(SD)IGS,0,,0,False,,True,True,False,no_finding_recorded
52724,/workspace/andre01/honzawa/02-playground/toxpatho-patch-selector/data/TGGATEs/WSI/Liver/8_day/52724.svs,8 day,nitrosodiethylamine,3,mg/kg,Low,571,6,5,Male,Crj:CD(SD)IGS,0,,0,False,,True,True,False,no_finding_recorded
52728,/workspace/andre01/honzawa/02-playground/toxpatho-patch-selector/data/TGGATEs/WSI/Liver/8_day/52728.svs,8 day,nitrosodiethylamine,10,mg/kg,Middle,571,10,1,Male,Crj:CD(SD)IGS,2,2.0,2,True,slight,True,True,False,recorded_finding
52731,/workspace/andre01/honzawa/02-playground/toxpatho-patch-selector/data/TGGATEs/WSI/Liver/8_day/52731.svs,8 day,nitrosodiethylamine,10,mg/kg,Middle,571,10,2,Male,Crj:CD(SD)IGS,2,2.0,2,True,slight,True,True,False,recorded_finding
52735,/workspace/andre01/honzawa/02-playground/toxpatho-patch-selector/data/TGGATEs/WSI/Liver/8_day/52735.svs,8 day,nitrosodiethylamine,10,mg/kg,Middle,571,10,3,Male,Crj:CD(SD)IGS,2,2.0,2,True,slight,True,True,False,recorded_finding
52738,/workspace/andre01/honzawa/02-playground/toxpatho-patch-selector/data/TGGATEs/WSI/Liver/8_day/52738.svs,8 day,nitrosodiethylamine,10,mg/kg,Middle,571,10,4,Male,Crj:CD(SD)IGS,2,2.0,2,True,slight,True,True,False,recorded_finding
52741,/workspace/andre01/honzawa/02-playground/toxpatho-patch-selector/data/TGGATEs/WSI/Liver/8_day/52741.svs,8 day,nitrosodiethylamine,10,mg/kg,Middle,571,10,5,Male,Crj:CD(SD)IGS,2,2.0,2,True,slight,True,True,False,recorded_finding
52745,/workspace/andre01/honzawa/02-playground/toxpatho-patch-selector/data/TGGATEs/WSI/Liver/8_day/52745.svs,8 day,nitrosodiethylamine,30,mg/kg,High,571,14,1,Male,Crj:CD(SD)IGS,3,3.0,3,True,moderate,True,True,False,recorded_finding
52748,/workspace/andre01/honzawa/02-playground/toxpatho-patch-selector/data/TGGATEs/WSI/Liver/8_day/52748.svs,8 day,nitrosodiethylamine,30,mg/kg,High,571,14,2,Male,Crj:CD(SD)IGS,4,3.0,4,True,moderate,True,True,False,recorded_finding
52750,/workspace/andre01/honzawa/02-playground/toxpatho-patch-selector/data/TGGATEs/WSI/Liver/8_day/52750.svs,8 day,nitrosodiethylamine,30,mg/kg,High,571,14,3,Male,Crj:CD(SD)IGS,4,3.0,4,True,moderate,True,True,False,recorded_finding
52753,/workspace/andre01/honzawa/02-playground/toxpatho-patch-selector/data/TGGATEs/WSI/Liver/8_day/52753.svs,8 day,nitrosodiethylamine,30,mg/kg,High,571,14,4,Male,Crj:CD(SD)IGS,3,3.0,3,True,moderate,True,True,False,recorded_finding
52756,/workspace/andre01/honzawa/02-playground/toxpatho-patch-selector/data/TGGATEs/WSI/Liver/8_day/52756.svs,8 day,nitrosodiethylamine,30,mg/kg,High,571,14,5,Male,Crj:CD(SD)IGS,4,3.0,4,True,moderate,True,True,False,recorded_finding
52759,/workspace/andre01/honzawa/02-playground/toxpatho-patch-selector/data/TGGATEs/WSI/Liver/15_day/52759.svs,15 day,nitrosodiethylamine,0,mg/kg,Control,571,3,1,Male,Crj:CD(SD)IGS,0,,0,False,,True,True,False,no_finding_recorded
52762,/workspace/andre01/honzawa/02-playground/toxpatho-patch-selector/data/TGGATEs/WSI/Liver/15_day/52762.svs,15 day,nitrosodiethylamine,0,mg/kg,Control,571,3,2,Male,Crj:CD(SD)IGS,0,,0,False,,True,True,False,no_finding_recorded
52766,/workspace/andre01/honzawa/02-playground/toxpatho-patch-selector/data/TGGATEs/WSI/Liver/15_day/52766.svs,15 day,nitrosodiethylamine,0,mg/kg,Control,571,3,3,Male,Crj:CD(SD)IGS,0,,0,False,,True,True,False,no_finding_recorded
52770,/workspace/andre01/honzawa/02-playground/toxpatho-patch-selector/data/TGGATEs/WSI/Liver/15_day/52770.svs,15 day,nitrosodiethylamine,0,mg/kg,Control,571,3,4,Male,Crj:CD(SD)IGS,0,,0,False,,True,True,False,no_finding_recorded
52774,/workspace/andre01/honzawa/02-playground/toxpatho-patch-selector/data/TGGATEs/WSI/Liver/15_day/52774.svs,15 day,nitrosodiethylamine,0,mg/kg,Control,571,3,5,Male,Crj:CD(SD)IGS,0,,0,False,,True,True,False,no_finding_recorded
52777,/workspace/andre01/honzawa/02-playground/toxpatho-patch-selector/data/TGGATEs/WSI/Liver/15_day/52777.svs,15 day,nitrosodiethylamine,3,mg/kg,Low,571,7,1,Male,Crj:CD(SD)IGS,0,,0,False,,True,True,False,no_finding_recorded
52781,/workspace/andre01/honzawa/02-playground/toxpatho-patch-selector/data/TGGATEs/WSI/Liver/15_day/52781.svs,15 day,nitrosodiethylamine,3,mg/kg,Low,571,7,2,Male,Crj:CD(SD)IGS,0,,0,False,,True,True,False,no_finding_recorded
52784,/workspace/andre01/honzawa/02-playground/toxpatho-patch-selector/data/TGGATEs/WSI/Liver/15_day/52784.svs,15 day,nitrosodiethylamine,3,mg/kg,Low,571,7,3,Male,Crj:CD(SD)IGS,0,,0,False,,True,True,False,no_finding_recorded
52788,/workspace/andre01/honzawa/02-playground/toxpatho-patch-selector/data/TGGATEs/WSI/Liver/15_day/52788.svs,15 day,nitrosodiethylamine,3,mg/kg,Low,571,7,4,Male,Crj:CD(SD)IGS,0,,0,False,,True,True,False,no_finding_recorded
52791,/workspace/andre01/honzawa/02-playground/toxpatho-patch-selector/data/TGGATEs/WSI/Liver/15_day/52791.svs,15 day,nitrosodiethylamine,3,mg/kg,Low,571,7,5,Male,Crj:CD(SD)IGS,0,,0,False,,True,True,False,no_finding_recorded
52795,/workspace/andre01/honzawa/02-playground/toxpatho-patch-selector/data/TGGATEs/WSI/Liver/15_day/52795.svs,15 day,nitrosodiethylamine,10,mg/kg,Middle,571,11,1,Male,Crj:CD(SD)IGS,2,2.0,2,True,slight,True,True,False,recorded_finding
52798,/workspace/andre01/honzawa/02-playground/toxpatho-patch-selector/data/TGGATEs/WSI/Liver/15_day/52798.svs,15 day,nitrosodiethylamine,10,mg/kg,Middle,571,11,2,Male,Crj:CD(SD)IGS,2,2.0,2,True,slight,True,True,False,recorded_finding
52802,/workspace/andre01/honzawa/02-playground/toxpatho-patch-selector/data/TGGATEs/WSI/Liver/15_day/52802.svs,15 day,nitrosodiethylamine,10,mg/kg,Middle,571,11,3,Male,Crj:CD(SD)IGS,2,2.0,2,True,slight,True,True,False,recorded_finding
52805,/workspace/andre01/honzawa/02-playground/toxpatho-patch-selector/data/TGGATEs/WSI/Liver/15_day/52805.svs,15 day,nitrosodiethylamine,10,mg/kg,Middle,571,11,4,Male,Crj:CD(SD)IGS,2,2.0,2,True,slight,True,True,False,recorded_finding
52808,/workspace/andre01/honzawa/02-playground/toxpatho-patch-selector/data/TGGATEs/WSI/Liver/15_day/52808.svs,15 day,nitrosodiethylamine,10,mg/kg,Middle,571,11,5,Male,Crj:CD(SD)IGS,2,2.0,2,True,slight,True,True,False,recorded_finding
52812,/workspace/andre01/honzawa/02-playground/toxpatho-patch-selector/data/TGGATEs/WSI/Liver/15_day/52812.svs,15 day,nitrosodiethylamine,30,mg/kg,High,571,15,5,Male,Crj:CD(SD)IGS,4,4.0,4,True,severe,True,True,False,recorded_finding
52814,/workspace/andre01/honzawa/02-playground/toxpatho-patch-selector/data/TGGATEs/WSI/Liver/29_day/52814.svs,29 day,nitrosodiethylamine,0,mg/kg,Control,571,4,1,Male,Crj:CD(SD)IGS,0,,0,False,,True,True,False,no_finding_recorded
52818,/workspace/andre01/honzawa/02-playground/toxpatho-patch-selector/data/TGGATEs/WSI/Liver/29_day/52818.svs,29 day,nitrosodiethylamine,0,mg/kg,Control,571,4,2,Male,Crj:CD(SD)IGS,0,,0,False,,True,True,False,no_finding_recorded
52822,/workspace/andre01/honzawa/02-playground/toxpatho-patch-selector/data/TGGATEs/WSI/Liver/29_day/52822.svs,29 day,nitrosodiethylamine,0,mg/kg,Control,571,4,3,Male,Crj:CD(SD)IGS,0,,0,False,,True,True,False,no_finding_recorded
52826,/workspace/andre01/honzawa/02-playground/toxpatho-patch-selector/data/TGGATEs/WSI/Liver/29_day/52826.svs,29 day,nitrosodiethylamine,0,mg/kg,Control,571,4,4,Male,Crj:CD(SD)IGS,0,,0,False,,True,True,False,no_finding_recorded
52830,/workspace/andre01/honzawa/02-playground/toxpatho-patch-selector/data/TGGATEs/WSI/Liver/29_day/52830.svs,29 day,nitrosodiethylamine,0,mg/kg,Control,571,4,5,Male,Crj:CD(SD)IGS,0,,0,False,,True,True,False,no_finding_recorded
52833,/workspace/andre01/honzawa/02-playground/toxpatho-patch-selector/data/TGGATEs/WSI/Liver/29_day/52833.svs,29 day,nitrosodiethylamine,3,mg/kg,Low,571,8,1,Male,Crj:CD(SD)IGS,2,1.0,2,True,minimal,True,True,False,recorded_finding
52837,/workspace/andre01/honzawa/02-playground/toxpatho-patch-selector/data/TGGATEs/WSI/Liver/29_day/52837.svs,29 day,nitrosodiethylamine,3,mg/kg,Low,571,8,2,Male,Crj:CD(SD)IGS,2,1.0,2,True,minimal,True,True,False,recorded_finding
52840,/workspace/andre01/honzawa/02-playground/toxpatho-patch-selector/data/TGGATEs/WSI/Liver/29_day/52840.svs,29 day,nitrosodiethylamine,3,mg/kg,Low,571,8,3,Male,Crj:CD(SD)IGS,2,1.0,2,True,minimal,True,True,False,recorded_finding
52842,/workspace/andre01/honzawa/02-playground/toxpatho-patch-selector/data/TGGATEs/WSI/Liver/29_day/52842.svs,29 day,nitrosodiethylamine,3,mg/kg,Low,571,8,4,Male,Crj:CD(SD)IGS,2,1.0,2,True,minimal,True,True,False,recorded_finding
52844,/workspace/andre01/honzawa/02-playground/toxpatho-patch-selector/data/TGGATEs/WSI/Liver/29_day/52844.svs,29 day,nitrosodiethylamine,3,mg/kg,Low,571,8,5,Male,Crj:CD(SD)IGS,2,1.0,2,True,minimal,True,True,False,recorded_finding
52848,/workspace/andre01/honzawa/02-playground/toxpatho-patch-selector/data/TGGATEs/WSI/Liver/29_day/52848.svs,29 day,nitrosodiethylamine,10,mg/kg,Middle,571,12,1,Male,Crj:CD(SD)IGS,3,2.0,3,True,slight,True,True,False,recorded_finding
52849,/workspace/andre01/honzawa/02-playground/toxpatho-patch-selector/data/TGGATEs/WSI/Liver/29_day/52849.svs,29 day,nitrosodiethylamine,10,mg/kg,Middle,571,12,2,Male,Crj:CD(SD)IGS,6,3.0,6,True,moderate,True,True,False,recorded_finding
52850,/workspace/andre01/honzawa/02-playground/toxpatho-patch-selector/data/TGGATEs/WSI/Liver/29_day/52850.svs,29 day,nitrosodiethylamine,10,mg/kg,Middle,571,12,3,Male,Crj:CD(SD)IGS,2,2.0,2,True,slight,True,True,False,recorded_finding
52851,/workspace/andre01/honzawa/02-playground/toxpatho-patch-selector/data/TGGATEs/WSI/Liver/29_day/52851.svs,29 day,nitrosodiethylamine,10,mg/kg,Middle,571,12,4,Male,Crj:CD(SD)IGS,3,2.0,3,True,slight,True,True,False,recorded_finding
52852,/workspace/andre01/honzawa/02-playground/toxpatho-patch-selector/data/TGGATEs/WSI/Liver/29_day/52852.svs,29 day,acetamidofluorene,300,mg/kg,High,569,16,1,Male,Crj:CD(SD)IGS,4,4.0,4,True,severe,True,True,False,recorded_finding
52853,/workspace/andre01/honzawa/02-playground/toxpatho-patch-selector/data/TGGATEs/WSI/Liver/29_day/52853.svs,29 day,nitrosodiethylamine,10,mg/kg,Middle,571,12,5,Male,Crj:CD(SD)IGS,3,2.0,3,True,slight,True,True,False,recorded_finding
53357,/workspace/andre01/honzawa/02-playground/toxpatho-patch-selector/data/TGGATEs/WSI/Liver/4_day/53357.svs,4 day,ticlopidine,0,mg/kg,Control,573,1,1,Male,Crj:CD(SD)IGS,0,,0,False,,True,True,False,no_finding_recorded
53359,/workspace/andre01/honzawa/02-playground/toxpatho-patch-selector/data/TGGATEs/WSI/Liver/4_day/53359.svs,4 day,ticlopidine,0,mg/kg,Control,573,1,2,Male,Crj:CD(SD)IGS,0,,0,False,,True,True,False,no_finding_recorded
53360,/workspace/andre01/honzawa/02-playground/toxpatho-patch-selector/data/TGGATEs/WSI/Liver/4_day/53360.svs,4 day,ticlopidine,0,mg/kg,Control,573,1,3,Male,Crj:CD(SD)IGS,0,,0,False,,True,True,False,no_finding_recorded
53362,/workspace/andre01/honzawa/02-playground/toxpatho-patch-selector/data/TGGATEs/WSI/Liver/4_day/53362.svs,4 day,ticlopidine,0,mg/kg,Control,573,1,4,Male,Crj:CD(SD)IGS,0,,0,False,,True,True,False,no_finding_recorded
53364,/workspace/andre01/honzawa/02-playground/toxpatho-patch-selector/data/TGGATEs/WSI/Liver/4_day/53364.svs,4 day,ticlopidine,0,mg/kg,Control,573,1,5,Male,Crj:CD(SD)IGS,0,,0,False,,True,True,False,no_finding_recorded
53366,/workspace/andre01/honzawa/02-playground/toxpatho-patch-selector/data/TGGATEs/WSI/Liver/4_day/53366.svs,4 day,ticlopidine,30,mg/kg,Low,573,5,1,Male,Crj:CD(SD)IGS,0,,0,False,,True,True,False,no_finding_recorded
53368,/workspace/andre01/honzawa/02-playground/toxpatho-patch-selector/data/TGGATEs/WSI/Liver/4_day/53368.svs,4 day,ticlopidine,30,mg/kg,Low,573,5,2,Male,Crj:CD(SD)IGS,0,,0,False,,True,True,False,no_finding_recorded
53370,/workspace/andre01/honzawa/02-playground/toxpatho-patch-selector/data/TGGATEs/WSI/Liver/4_day/53370.svs,4 day,ticlopidine,30,mg/kg,Low,573,5,3,Male,Crj:CD(SD)IGS,0,,0,False,,True,True,False,no_finding_recorded
53372,/workspace/andre01/honzawa/02-playground/toxpatho-patch-selector/data/TGGATEs/WSI/Liver/4_day/53372.svs,4 day,ticlopidine,30,mg/kg,Low,573,5,4,Male,Crj:CD(SD)IGS,0,,0,False,,True,True,False,no_finding_recorded
53374,/workspace/andre01/honzawa/02-playground/toxpatho-patch-selector/data/TGGATEs/WSI/Liver/4_day/53374.svs,4 day,ticlopidine,30,mg/kg,Low,573,5,5,Male,Crj:CD(SD)IGS,0,,0,False,,True,True,False,no_finding_recorded
53375,/workspace/andre01/honzawa/02-playground/toxpatho-patch-selector/data/TGGATEs/WSI/Liver/4_day/53375.svs,4 day,ticlopidine,100,mg/kg,Middle,573,9,1,Male,Crj:CD(SD)IGS,0,,0,False,,True,True,False,no_finding_recorded
53377,/workspace/andre01/honzawa/02-playground/toxpatho-patch-selector/data/TGGATEs/WSI/Liver/4_day/53377.svs,4 day,ticlopidine,100,mg/kg,Middle,573,9,2,Male,Crj:CD(SD)IGS,1,1.0,1,True,minimal,True,True,False,recorded_finding
53379,/workspace/andre01/honzawa/02-playground/toxpatho-patch-selector/data/TGGATEs/WSI/Liver/4_day/53379.svs,4 day,ticlopidine,100,mg/kg,Middle,573,9,3,Male,Crj:CD(SD)IGS,1,1.0,0,True,minimal,True,True,False,recorded_finding
53381,/workspace/andre01/honzawa/02-playground/toxpatho-patch-selector/data/TGGATEs/WSI/Liver/4_day/53381.svs,4 day,ticlopidine,100,mg/kg,Middle,573,9,4,Male,Crj:CD(SD)IGS,1,1.0,1,True,minimal,True,True,False,recorded_finding
53383,/workspace/andre01/honzawa/02-playground/toxpatho-patch-selector/data/TGGATEs/WSI/Liver/4_day/53383.svs,4 day,ticlopidine,100,mg/kg,Middle,573,9,5,Male,Crj:CD(SD)IGS,1,1.0,1,True,minimal,True,True,False,recorded_finding
53385,/workspace/andre01/honzawa/02-playground/toxpatho-patch-selector/data/TGGATEs/WSI/Liver/4_day/53385.svs,4 day,ticlopidine,300,mg/kg,High,573,13,1,Male,Crj:CD(SD)IGS,1,2.0,1,True,slight,True,True,False,recorded_finding
53386,/workspace/andre01/honzawa/02-playground/toxpatho-patch-selector/data/TGGATEs/WSI/Liver/4_day/53386.svs,4 day,ticlopidine,300,mg/kg,High,573,13,2,Male,Crj:CD(SD)IGS,1,3.0,1,True,moderate,True,True,False,recorded_finding
53388,/workspace/andre01/honzawa/02-playground/toxpatho-patch-selector/data/TGGATEs/WSI/Liver/4_day/53388.svs,4 day,ticlopidine,300,mg/kg,High,573,13,3,Male,Crj:CD(SD)IGS,1,2.0,1,True,slight,True,True,False,recorded_finding
53389,/workspace/andre01/honzawa/02-playground/toxpatho-patch-selector/data/TGGATEs/WSI/Liver/4_day/53389.svs,4 day,ticlopidine,300,mg/kg,High,573,13,4,Male,Crj:CD(SD)IGS,1,2.0,1,True,slight,True,True,False,recorded_finding
53391,/workspace/andre01/honzawa/02-playground/toxpatho-patch-selector/data/TGGATEs/WSI/Liver/4_day/53391.svs,4 day,ticlopidine,300,mg/kg,High,573,13,5,Male,Crj:CD(SD)IGS,1,2.0,1,True,slight,True,True,False,recorded_finding
53394,/workspace/andre01/honzawa/02-playground/toxpatho-patch-selector/data/TGGATEs/WSI/Liver/8_day/53394.svs,8 day,ticlopidine,0,mg/kg,Control,573,2,1,Male,Crj:CD(SD)IGS,0,,0,False,,True,True,False,no_finding_recorded
53397,/workspace/andre01/honzawa/02-playground/toxpatho-patch-selector/data/TGGATEs/WSI/Liver/8_day/53397.svs,8 day,ticlopidine,0,mg/kg,Control,573,2,2,Male,Crj:CD(SD)IGS,0,,0,False,,True,True,False,no_finding_recorded
53400,/workspace/andre01/honzawa/02-playground/toxpatho-patch-selector/data/TGGATEs/WSI/Liver/8_day/53400.svs,8 day,ticlopidine,0,mg/kg,Control,573,2,4,Male,Crj:CD(SD)IGS,0,,0,False,,True,True,False,no_finding_recorded
53402,/workspace/andre01/honzawa/02-playground/toxpatho-patch-selector/data/TGGATEs/WSI/Liver/8_day/53402.svs,8 day,ticlopidine,0,mg/kg,Control,573,2,5,Male,Crj:CD(SD)IGS,0,,0,False,,True,True,False,no_finding_recorded
53404,/workspace/andre01/honzawa/02-playground/toxpatho-patch-selector/data/TGGATEs/WSI/Liver/8_day/53404.svs,8 day,ticlopidine,30,mg/kg,Low,573,6,1,Male,Crj:CD(SD)IGS,0,,0,False,,True,True,False,no_finding_recorded
53406,/workspace/andre01/honzawa/02-playground/toxpatho-patch-selector/data/TGGATEs/WSI/Liver/8_day/53406.svs,8 day,ticlopidine,30,mg/kg,Low,573,6,2,Male,Crj:CD(SD)IGS,0,,0,False,,True,True,False,no_finding_recorded
53408,/workspace/andre01/honzawa/02-playground/toxpatho-patch-selector/data/TGGATEs/WSI/Liver/8_day/53408.svs,8 day,ticlopidine,30,mg/kg,Low,573,6,3,Male,Crj:CD(SD)IGS,0,,0,False,,True,True,False,no_finding_recorded
53410,/workspace/andre01/honzawa/02-playground/toxpatho-patch-selector/data/TGGATEs/WSI/Liver/8_day/53410.svs,8 day,ticlopidine,30,mg/kg,Low,573,6,5,Male,Crj:CD(SD)IGS,0,,0,False,,True,True,False,no_finding_recorded
53412,/workspace/andre01/honzawa/02-playground/toxpatho-patch-selector/data/TGGATEs/WSI/Liver/8_day/53412.svs,8 day,ticlopidine,100,mg/kg,Middle,573,10,1,Male,Crj:CD(SD)IGS,1,1.0,1,True,minimal,True,True,False,recorded_finding
53414,/workspace/andre01/honzawa/02-playground/toxpatho-patch-selector/data/TGGATEs/WSI/Liver/8_day/53414.svs,8 day,ticlopidine,100,mg/kg,Middle,573,10,2,Male,Crj:CD(SD)IGS,1,1.0,1,True,minimal,True,True,False,recorded_finding
53415,/workspace/andre01/honzawa/02-playground/toxpatho-patch-selector/data/TGGATEs/WSI/Liver/8_day/53415.svs,8 day,ticlopidine,100,mg/kg,Middle,573,10,3,Male,Crj:CD(SD)IGS,0,,0,False,,True,True,False,no_finding_recorded
53417,/workspace/andre01/honzawa/02-playground/toxpatho-patch-selector/data/TGGATEs/WSI/Liver/8_day/53417.svs,8 day,ticlopidine,100,mg/kg,Middle,573,10,4,Male,Crj:CD(SD)IGS,1,1.0,1,True,minimal,True,True,False,recorded_finding
53418,/workspace/andre01/honzawa/02-playground/toxpatho-patch-selector/data/TGGATEs/WSI/Liver/8_day/53418.svs,8 day,ticlopidine,100,mg/kg,Middle,573,10,5,Male,Crj:CD(SD)IGS,1,1.0,1,True,minimal,True,True,False,recorded_finding
53420,/workspace/andre01/honzawa/02-playground/toxpatho-patch-selector/data/TGGATEs/WSI/Liver/8_day/53420.svs,8 day,ticlopidine,300,mg/kg,High,573,14,1,Male,Crj:CD(SD)IGS,1,2.0,1,True,slight,True,True,False,recorded_finding
53422,/workspace/andre01/honzawa/02-playground/toxpatho-patch-selector/data/TGGATEs/WSI/Liver/8_day/53422.svs,8 day,ticlopidine,300,mg/kg,High,573,14,2,Male,Crj:CD(SD)IGS,1,2.0,1,True,slight,True,True,False,recorded_finding
53424,/workspace/andre01/honzawa/02-playground/toxpatho-patch-selector/data/TGGATEs/WSI/Liver/8_day/53424.svs,8 day,ticlopidine,300,mg/kg,High,573,14,3,Male,Crj:CD(SD)IGS,1,2.0,1,True,slight,True,True,False,recorded_finding
53430,/workspace/andre01/honzawa/02-playground/toxpatho-patch-selector/data/TGGATEs/WSI/Liver/8_day/53430.svs,8 day,ticlopidine,300,mg/kg,High,573,14,5,Male,Crj:CD(SD)IGS,1,2.0,1,True,slight,True,True,False,recorded_finding
53434,/workspace/andre01/honzawa/02-playground/toxpatho-patch-selector/data/TGGATEs/WSI/Liver/15_day/53434.svs,15 day,ticlopidine,0,mg/kg,Control,573,3,1,Male,Crj:CD(SD)IGS,0,,0,False,,True,True,False,no_finding_recorded
53438,/workspace/andre01/honzawa/02-playground/toxpatho-patch-selector/data/TGGATEs/WSI/Liver/15_day/53438.svs,15 day,ticlopidine,0,mg/kg,Control,573,3,2,Male,Crj:CD(SD)IGS,0,,0,False,,True,True,False,no_finding_recorded
53440,/workspace/andre01/honzawa/02-playground/toxpatho-patch-selector/data/TGGATEs/WSI/Liver/15_day/53440.svs,15 day,ticlopidine,0,mg/kg,Control,573,3,3,Male,Crj:CD(SD)IGS,0,,0,False,,True,True,False,no_finding_recorded
53442,/workspace/andre01/honzawa/02-playground/toxpatho-patch-selector/data/TGGATEs/WSI/Liver/15_day/53442.svs,15 day,ticlopidine,0,mg/kg,Control,573,3,4,Male,Crj:CD(SD)IGS,0,,0,False,,True,True,False,no_finding_recorded
53444,/workspace/andre01/honzawa/02-playground/toxpatho-patch-selector/data/TGGATEs/WSI/Liver/15_day/53444.svs,15 day,ticlopidine,0,mg/kg,Control,573,3,5,Male,Crj:CD(SD)IGS,0,,0,False,,True,True,False,no_finding_recorded
53446,/workspace/andre01/honzawa/02-playground/toxpatho-patch-selector/data/TGGATEs/WSI/Liver/15_day/53446.svs,15 day,ticlopidine,30,mg/kg,Low,573,7,1,Male,Crj:CD(SD)IGS,0,,0,False,,True,True,False,no_finding_recorded
53448,/workspace/andre01/honzawa/02-playground/toxpatho-patch-selector/data/TGGATEs/WSI/Liver/15_day/53448.svs,15 day,ticlopidine,30,mg/kg,Low,573,7,2,Male,Crj:CD(SD)IGS,0,,0,False,,True,True,False,no_finding_recorded
53450,/workspace/andre01/honzawa/02-playground/toxpatho-patch-selector/data/TGGATEs/WSI/Liver/15_day/53450.svs,15 day,ticlopidine,30,mg/kg,Low,573,7,3,Male,Crj:CD(SD)IGS,0,,0,False,,True,True,False,no_finding_recorded
53452,/workspace/andre01/honzawa/02-playground/toxpatho-patch-selector/data/TGGATEs/WSI/Liver/15_day/53452.svs,15 day,ticlopidine,30,mg/kg,Low,573,7,4,Male,Crj:CD(SD)IGS,0,,0,False,,True,True,False,no_finding_recorded
53454,/workspace/andre01/honzawa/02-playground/toxpatho-patch-selector/data/TGGATEs/WSI/Liver/15_day/53454.svs,15 day,ticlopidine,30,mg/kg,Low,573,7,5,Male,Crj:CD(SD)IGS,0,,0,False,,True,True,False,no_finding_recorded
53458,/workspace/andre01/honzawa/02-playground/toxpatho-patch-selector/data/TGGATEs/WSI/Liver/15_day/53458.svs,15 day,ticlopidine,100,mg/kg,Middle,573,11,1,Male,Crj:CD(SD)IGS,1,1.0,1,True,minimal,True,True,False,recorded_finding
53461,/workspace/andre01/honzawa/02-playground/toxpatho-patch-selector/data/TGGATEs/WSI/Liver/15_day/53461.svs,15 day,ticlopidine,100,mg/kg,Middle,573,11,2,Male,Crj:CD(SD)IGS,1,2.0,1,True,slight,True,True,False,recorded_finding
53464,/workspace/andre01/honzawa/02-playground/toxpatho-patch-selector/data/TGGATEs/WSI/Liver/15_day/53464.svs,15 day,ticlopidine,100,mg/kg,Middle,573,11,3,Male,Crj:CD(SD)IGS,1,1.0,1,True,minimal,True,True,False,recorded_finding
53466,/workspace/andre01/honzawa/02-playground/toxpatho-patch-selector/data/TGGATEs/WSI/Liver/15_day/53466.svs,15 day,ticlopidine,100,mg/kg,Middle,573,11,4,Male,Crj:CD(SD)IGS,1,1.0,1,True,minimal,True,True,False,recorded_finding
53468,/workspace/andre01/honzawa/02-playground/toxpatho-patch-selector/data/TGGATEs/WSI/Liver/15_day/53468.svs,15 day,ticlopidine,100,mg/kg,Middle,573,11,5,Male,Crj:CD(SD)IGS,1,2.0,1,True,slight,True,True,False,recorded_finding
53470,/workspace/andre01/honzawa/02-playground/toxpatho-patch-selector/data/TGGATEs/WSI/Liver/15_day/53470.svs,15 day,ticlopidine,300,mg/kg,High,573,15,1,Male,Crj:CD(SD)IGS,1,3.0,1,True,moderate,True,True,False,recorded_finding
53472,/workspace/andre01/honzawa/02-playground/toxpatho-patch-selector/data/TGGATEs/WSI/Liver/15_day/53472.svs,15 day,ticlopidine,300,mg/kg,High,573,15,2,Male,Crj:CD(SD)IGS,1,3.0,1,True,moderate,True,True,False,recorded_finding
53474,/workspace/andre01/honzawa/02-playground/toxpatho-patch-selector/data/TGGATEs/WSI/Liver/15_day/53474.svs,15 day,ticlopidine,300,mg/kg,High,573,15,3,Male,Crj:CD(SD)IGS,1,3.0,1,True,moderate,True,True,False,recorded_finding
53476,/workspace/andre01/honzawa/02-playground/toxpatho-patch-selector/data/TGGATEs/WSI/Liver/15_day/53476.svs,15 day,ticlopidine,300,mg/kg,High,573,15,4,Male,Crj:CD(SD)IGS,1,3.0,1,True,moderate,True,True,False,recorded_finding
53478,/workspace/andre01/honzawa/02-playground/toxpatho-patch-selector/data/TGGATEs/WSI/Liver/15_day/53478.svs,15 day,ticlopidine,300,mg/kg,High,573,15,5,Male,Crj:CD(SD)IGS,1,2.0,1,True,slight,True,True,False,recorded_finding
53480,/workspace/andre01/honzawa/02-playground/toxpatho-patch-selector/data/TGGATEs/WSI/Liver/29_day/53480.svs,29 day,ticlopidine,0,mg/kg,Control,573,4,1,Male,Crj:CD(SD)IGS,0,,0,False,,True,True,False,no_finding_recorded
53482,/workspace/andre01/honzawa/02-playground/toxpatho-patch-selector/data/TGGATEs/WSI/Liver/29_day/53482.svs,29 day,ticlopidine,0,mg/kg,Control,573,4,2,Male,Crj:CD(SD)IGS,0,,0,False,,True,True,False,no_finding_recorded
53484,/workspace/andre01/honzawa/02-playground/toxpatho-patch-selector/data/TGGATEs/WSI/Liver/29_day/53484.svs,29 day,ticlopidine,0,mg/kg,Control,573,4,4,Male,Crj:CD(SD)IGS,0,,0,False,,True,True,False,no_finding_recorded
53486,/workspace/andre01/honzawa/02-playground/toxpatho-patch-selector/data/TGGATEs/WSI/Liver/29_day/53486.svs,29 day,ticlopidine,0,mg/kg,Control,573,4,5,Male,Crj:CD(SD)IGS,0,,0,False,,True,True,False,no_finding_recorded
53488,/workspace/andre01/honzawa/02-playground/toxpatho-patch-selector/data/TGGATEs/WSI/Liver/29_day/53488.svs,29 day,ticlopidine,30,mg/kg,Low,573,8,1,Male,Crj:CD(SD)IGS,1,1.0,1,True,minimal,True,True,False,recorded_finding
53490,/workspace/andre01/honzawa/02-playground/toxpatho-patch-selector/data/TGGATEs/WSI/Liver/29_day/53490.svs,29 day,ticlopidine,30,mg/kg,Low,573,8,2,Male,Crj:CD(SD)IGS,2,2.0,1,True,slight,True,True,False,recorded_finding
53491,/workspace/andre01/honzawa/02-playground/toxpatho-patch-selector/data/TGGATEs/WSI/Liver/29_day/53491.svs,29 day,ticlopidine,30,mg/kg,Low,573,8,3,Male,Crj:CD(SD)IGS,1,1.0,1,True,minimal,True,True,False,recorded_finding
53493,/workspace/andre01/honzawa/02-playground/toxpatho-patch-selector/data/TGGATEs/WSI/Liver/29_day/53493.svs,29 day,ticlopidine,30,mg/kg,Low,573,8,4,Male,Crj:CD(SD)IGS,0,,0,False,,True,True,False,no_finding_recorded
53495,/workspace/andre01/honzawa/02-playground/toxpatho-patch-selector/data/TGGATEs/WSI/Liver/29_day/53495.svs,29 day,ticlopidine,30,mg/kg,Low,573,8,5,Male,Crj:CD(SD)IGS,1,1.0,1,True,minimal,True,True,False,recorded_finding
53497,/workspace/andre01/honzawa/02-playground/toxpatho-patch-selector/data/TGGATEs/WSI/Liver/29_day/53497.svs,29 day,ticlopidine,100,mg/kg,Middle,573,12,1,Male,Crj:CD(SD)IGS,1,2.0,1,True,slight,True,True,False,recorded_finding
53499,/workspace/andre01/honzawa/02-playground/toxpatho-patch-selector/data/TGGATEs/WSI/Liver/29_day/53499.svs,29 day,ticlopidine,100,mg/kg,Middle,573,12,2,Male,Crj:CD(SD)IGS,1,2.0,1,True,slight,True,True,False,recorded_finding
53501,/workspace/andre01/honzawa/02-playground/toxpatho-patch-selector/data/TGGATEs/WSI/Liver/29_day/53501.svs,29 day,ticlopidine,100,mg/kg,Middle,573,12,3,Male,Crj:CD(SD)IGS,1,2.0,1,True,slight,True,True,False,recorded_finding
53503,/workspace/andre01/honzawa/02-playground/toxpatho-patch-selector/data/TGGATEs/WSI/Liver/29_day/53503.svs,29 day,ticlopidine,100,mg/kg,Middle,573,12,4,Male,Crj:CD(SD)IGS,1,2.0,1,True,slight,True,True,False,recorded_finding
53506,/workspace/andre01/honzawa/02-playground/toxpatho-patch-selector/data/TGGATEs/WSI/Liver/29_day/53506.svs,29 day,ticlopidine,100,mg/kg,Middle,573,12,5,Male,Crj:CD(SD)IGS,1,2.0,1,True,slight,True,True,False,recorded_finding
53508,/workspace/andre01/honzawa/02-playground/toxpatho-patch-selector/data/TGGATEs/WSI/Liver/29_day/53508.svs,29 day,ticlopidine,300,mg/kg,High,573,16,1,Male,Crj:CD(SD)IGS,1,3.0,1,True,moderate,True,True,False,recorded_finding
53510,/workspace/andre01/honzawa/02-playground/toxpatho-patch-selector/data/TGGATEs/WSI/Liver/29_day/53510.svs,29 day,ticlopidine,300,mg/kg,High,573,16,2,Male,Crj:CD(SD)IGS,1,3.0,1,True,moderate,True,True,False,recorded_finding
53512,/workspace/andre01/honzawa/02-playground/toxpatho-patch-selector/data/TGGATEs/WSI/Liver/29_day/53512.svs,29 day,ticlopidine,300,mg/kg,High,573,16,3,Male,Crj:CD(SD)IGS,1,3.0,1,True,moderate,True,True,False,recorded_finding
53515,/workspace/andre01/honzawa/02-playground/toxpatho-patch-selector/data/TGGATEs/WSI/Liver/29_day/53515.svs,29 day,ticlopidine,300,mg/kg,High,573,16,4,Male,Crj:CD(SD)IGS,1,3.0,1,True,moderate,True,True,False,recorded_finding
53517,/workspace/andre01/honzawa/02-playground/toxpatho-patch-selector/data/TGGATEs/WSI/Liver/29_day/53517.svs,29 day,ticlopidine,300,mg/kg,High,573,16,5,Male,Crj:CD(SD)IGS,1,3.0,1,True,moderate,True,True,False,recorded_finding
53645,/workspace/andre01/honzawa/02-playground/toxpatho-patch-selector/data/TGGATEs/WSI/Liver/4_day/53645.svs,4 day,nitrosodiethylamine,30,mg/kg,High,571,13,4,Male,Crj:CD(SD)IGS,2,2.0,2,True,slight,True,True,False,recorded_finding
53650,/workspace/andre01/honzawa/02-playground/toxpatho-patch-selector/data/TGGATEs/WSI/Liver/8_day/53650.svs,8 day,ticlopidine,0,mg/kg,Control,573,2,3,Male,Crj:CD(SD)IGS,0,,0,False,,True,True,False,no_finding_recorded
53651,/workspace/andre01/honzawa/02-playground/toxpatho-patch-selector/data/TGGATEs/WSI/Liver/8_day/53651.svs,8 day,ticlopidine,30,mg/kg,Low,573,6,4,Male,Crj:CD(SD)IGS,0,,0,False,,True,True,False,no_finding_recorded
53652,/workspace/andre01/honzawa/02-playground/toxpatho-patch-selector/data/TGGATEs/WSI/Liver/8_day/53652.svs,8 day,ticlopidine,300,mg/kg,High,573,14,4,Male,Crj:CD(SD)IGS,1,2.0,1,True,slight,True,True,False,recorded_finding
53653,/workspace/andre01/honzawa/02-playground/toxpatho-patch-selector/data/TGGATEs/WSI/Liver/29_day/53653.svs,29 day,ticlopidine,0,mg/kg,Control,573,4,3,Male,Crj:CD(SD)IGS,0,,0,False,,True,True,False,no_finding_recorded
5725,/workspace/andre01/honzawa/02-playground/toxpatho-patch-selector/data/TGGATEs/WSI/Liver/4_day/5725.svs,4 day,benzbromarone,0,mg/kg,Control,155,1,1,Male,Crj:CD(SD)IGS,0,,0,False,,True,True,False,no_finding_recorded
5728,/workspace/andre01/honzawa/02-playground/toxpatho-patch-selector/data/TGGATEs/WSI/Liver/4_day/5728.svs,4 day,benzbromarone,0,mg/kg,Control,155,1,2,Male,Crj:CD(SD)IGS,0,,0,False,,True,True,False,no_finding_recorded
5733,/workspace/andre01/honzawa/02-playground/toxpatho-patch-selector/data/TGGATEs/WSI/Liver/4_day/5733.svs,4 day,benzbromarone,0,mg/kg,Control,155,1,3,Male,Crj:CD(SD)IGS,0,,0,False,,True,True,False,no_finding_recorded
5736,/workspace/andre01/honzawa/02-playground/toxpatho-patch-selector/data/TGGATEs/WSI/Liver/4_day/5736.svs,4 day,benzbromarone,0,mg/kg,Control,155,1,4,Male,Crj:CD(SD)IGS,0,,0,False,,True,True,False,no_finding_recorded
5739,/workspace/andre01/honzawa/02-playground/toxpatho-patch-selector/data/TGGATEs/WSI/Liver/4_day/5739.svs,4 day,benzbromarone,0,mg/kg,Control,155,1,5,Male,Crj:CD(SD)IGS,0,,0,False,,True,True,False,no_finding_recorded
5742,/workspace/andre01/honzawa/02-playground/toxpatho-patch-selector/data/TGGATEs/WSI/Liver/8_day/5742.svs,8 day,benzbromarone,0,mg/kg,Control,155,2,1,Male,Crj:CD(SD)IGS,0,,0,False,,True,True,False,no_finding_recorded
5746,/workspace/andre01/honzawa/02-playground/toxpatho-patch-selector/data/TGGATEs/WSI/Liver/8_day/5746.svs,8 day,benzbromarone,0,mg/kg,Control,155,2,2,Male,Crj:CD(SD)IGS,0,,0,False,,True,True,False,no_finding_recorded
5750,/workspace/andre01/honzawa/02-playground/toxpatho-patch-selector/data/TGGATEs/WSI/Liver/8_day/5750.svs,8 day,benzbromarone,0,mg/kg,Control,155,2,3,Male,Crj:CD(SD)IGS,0,,0,False,,True,True,False,no_finding_recorded
5753,/workspace/andre01/honzawa/02-playground/toxpatho-patch-selector/data/TGGATEs/WSI/Liver/8_day/5753.svs,8 day,benzbromarone,0,mg/kg,Control,155,2,4,Male,Crj:CD(SD)IGS,0,,0,False,,True,True,False,no_finding_recorded
5757,/workspace/andre01/honzawa/02-playground/toxpatho-patch-selector/data/TGGATEs/WSI/Liver/8_day/5757.svs,8 day,benzbromarone,0,mg/kg,Control,155,2,5,Male,Crj:CD(SD)IGS,0,,0,False,,True,True,False,no_finding_recorded
5760,/workspace/andre01/honzawa/02-playground/toxpatho-patch-selector/data/TGGATEs/WSI/Liver/15_day/5760.svs,15 day,benzbromarone,0,mg/kg,Control,155,3,1,Male,Crj:CD(SD)IGS,0,,0,False,,True,True,False,no_finding_recorded
5764,/workspace/andre01/honzawa/02-playground/toxpatho-patch-selector/data/TGGATEs/WSI/Liver/15_day/5764.svs,15 day,benzbromarone,0,mg/kg,Control,155,3,2,Male,Crj:CD(SD)IGS,0,,0,False,,True,True,False,no_finding_recorded
5769,/workspace/andre01/honzawa/02-playground/toxpatho-patch-selector/data/TGGATEs/WSI/Liver/15_day/5769.svs,15 day,benzbromarone,0,mg/kg,Control,155,3,3,Male,Crj:CD(SD)IGS,0,,0,False,,True,True,False,no_finding_recorded
5773,/workspace/andre01/honzawa/02-playground/toxpatho-patch-selector/data/TGGATEs/WSI/Liver/15_day/5773.svs,15 day,benzbromarone,0,mg/kg,Control,155,3,4,Male,Crj:CD(SD)IGS,0,,0,False,,True,True,False,no_finding_recorded
57749,/workspace/andre01/honzawa/02-playground/toxpatho-patch-selector/data/TGGATEs/WSI/Liver/4_day/57749.svs,4 day,theophylline,0,mg/kg,Control,428,1,1,Male,Crj:CD(SD)IGS,0,,0,False,,True,True,False,no_finding_recorded
57753,/workspace/andre01/honzawa/02-playground/toxpatho-patch-selector/data/TGGATEs/WSI/Liver/4_day/57753.svs,4 day,theophylline,0,mg/kg,Control,428,1,2,Male,Crj:CD(SD)IGS,0,,0,False,,True,True,False,no_finding_recorded
57758,/workspace/andre01/honzawa/02-playground/toxpatho-patch-selector/data/TGGATEs/WSI/Liver/4_day/57758.svs,4 day,theophylline,0,mg/kg,Control,428,1,3,Male,Crj:CD(SD)IGS,0,,0,False,,True,True,False,no_finding_recorded
5776,/workspace/andre01/honzawa/02-playground/toxpatho-patch-selector/data/TGGATEs/WSI/Liver/15_day/5776.svs,15 day,benzbromarone,0,mg/kg,Control,155,3,5,Male,Crj:CD(SD)IGS,0,,0,False,,True,True,False,no_finding_recorded
57764,/workspace/andre01/honzawa/02-playground/toxpatho-patch-selector/data/TGGATEs/WSI/Liver/4_day/57764.svs,4 day,theophylline,0,mg/kg,Control,428,1,4,Male,Crj:CD(SD)IGS,0,,0,False,,True,True,False,no_finding_recorded
57770,/workspace/andre01/honzawa/02-playground/toxpatho-patch-selector/data/TGGATEs/WSI/Liver/4_day/57770.svs,4 day,theophylline,0,mg/kg,Control,428,1,5,Male,Crj:CD(SD)IGS,0,,0,False,,True,True,False,no_finding_recorded
57777,/workspace/andre01/honzawa/02-playground/toxpatho-patch-selector/data/TGGATEs/WSI/Liver/8_day/57777.svs,8 day,theophylline,0,mg/kg,Control,428,2,1,Male,Crj:CD(SD)IGS,0,,0,False,,True,True,False,no_finding_recorded
57783,/workspace/andre01/honzawa/02-playground/toxpatho-patch-selector/data/TGGATEs/WSI/Liver/8_day/57783.svs,8 day,theophylline,0,mg/kg,Control,428,2,2,Male,Crj:CD(SD)IGS,0,,0,False,,True,True,False,no_finding_recorded
57789,/workspace/andre01/honzawa/02-playground/toxpatho-patch-selector/data/TGGATEs/WSI/Liver/8_day/57789.svs,8 day,theophylline,0,mg/kg,Control,428,2,3,Male,Crj:CD(SD)IGS,0,,0,False,,True,True,False,no_finding_recorded
57796,/workspace/andre01/honzawa/02-playground/toxpatho-patch-selector/data/TGGATEs/WSI/Liver/8_day/57796.svs,8 day,theophylline,0,mg/kg,Control,428,2,4,Male,Crj:CD(SD)IGS,0,,0,False,,True,True,False,no_finding_recorded
5780,/workspace/andre01/honzawa/02-playground/toxpatho-patch-selector/data/TGGATEs/WSI/Liver/29_day/5780.svs,29 day,benzbromarone,0,mg/kg,Control,155,4,1,Male,Crj:CD(SD)IGS,0,,0,False,,True,True,False,no_finding_recorded
57802,/workspace/andre01/honzawa/02-playground/toxpatho-patch-selector/data/TGGATEs/WSI/Liver/8_day/57802.svs,8 day,theophylline,0,mg/kg,Control,428,2,5,Male,Crj:CD(SD)IGS,0,,0,False,,True,True,False,no_finding_recorded
57808,/workspace/andre01/honzawa/02-playground/toxpatho-patch-selector/data/TGGATEs/WSI/Liver/15_day/57808.svs,15 day,theophylline,0,mg/kg,Control,428,3,1,Male,Crj:CD(SD)IGS,0,,0,False,,True,True,False,no_finding_recorded
57814,/workspace/andre01/honzawa/02-playground/toxpatho-patch-selector/data/TGGATEs/WSI/Liver/15_day/57814.svs,15 day,theophylline,0,mg/kg,Control,428,3,2,Male,Crj:CD(SD)IGS,0,,0,False,,True,True,False,no_finding_recorded
57821,/workspace/andre01/honzawa/02-playground/toxpatho-patch-selector/data/TGGATEs/WSI/Liver/15_day/57821.svs,15 day,theophylline,0,mg/kg,Control,428,3,3,Male,Crj:CD(SD)IGS,0,,0,False,,True,True,False,no_finding_recorded
57827,/workspace/andre01/honzawa/02-playground/toxpatho-patch-selector/data/TGGATEs/WSI/Liver/15_day/57827.svs,15 day,theophylline,0,mg/kg,Control,428,3,4,Male,Crj:CD(SD)IGS,0,,0,False,,True,True,False,no_finding_recorded
5783,/workspace/andre01/honzawa/02-playground/toxpatho-patch-selector/data/TGGATEs/WSI/Liver/29_day/5783.svs,29 day,benzbromarone,0,mg/kg,Control,155,4,2,Male,Crj:CD(SD)IGS,0,,0,False,,True,True,False,no_finding_recorded
57830,/workspace/andre01/honzawa/02-playground/toxpatho-patch-selector/data/TGGATEs/WSI/Liver/15_day/57830.svs,15 day,theophylline,0,mg/kg,Control,428,3,5,Male,Crj:CD(SD)IGS,0,,0,False,,True,True,False,no_finding_recorded
57837,/workspace/andre01/honzawa/02-playground/toxpatho-patch-selector/data/TGGATEs/WSI/Liver/29_day/57837.svs,29 day,theophylline,0,mg/kg,Control,428,4,1,Male,Crj:CD(SD)IGS,0,,0,False,,True,True,False,no_finding_recorded
57845,/workspace/andre01/honzawa/02-playground/toxpatho-patch-selector/data/TGGATEs/WSI/Liver/29_day/57845.svs,29 day,theophylline,0,mg/kg,Control,428,4,2,Male,Crj:CD(SD)IGS,0,,0,False,,True,True,False,no_finding_recorded
57851,/workspace/andre01/honzawa/02-playground/toxpatho-patch-selector/data/TGGATEs/WSI/Liver/29_day/57851.svs,29 day,theophylline,0,mg/kg,Control,428,4,3,Male,Crj:CD(SD)IGS,0,,0,False,,True,True,False,no_finding_recorded
57858,/workspace/andre01/honzawa/02-playground/toxpatho-patch-selector/data/TGGATEs/WSI/Liver/29_day/57858.svs,29 day,theophylline,0,mg/kg,Control,428,4,4,Male,Crj:CD(SD)IGS,0,,0,False,,True,True,False,no_finding_recorded
57865,/workspace/andre01/honzawa/02-playground/toxpatho-patch-selector/data/TGGATEs/WSI/Liver/29_day/57865.svs,29 day,theophylline,0,mg/kg,Control,428,4,5,Male,Crj:CD(SD)IGS,0,,0,False,,True,True,False,no_finding_recorded
57872,/workspace/andre01/honzawa/02-playground/toxpatho-patch-selector/data/TGGATEs/WSI/Liver/4_day/57872.svs,4 day,theophylline,20,mg/kg,Low,428,5,1,Male,Crj:CD(SD)IGS,0,,0,False,,True,True,False,no_finding_recorded
57878,/workspace/andre01/honzawa/02-playground/toxpatho-patch-selector/data/TGGATEs/WSI/Liver/4_day/57878.svs,4 day,theophylline,20,mg/kg,Low,428,5,2,Male,Crj:CD(SD)IGS,0,,0,False,,True,True,False,no_finding_recorded
57884,/workspace/andre01/honzawa/02-playground/toxpatho-patch-selector/data/TGGATEs/WSI/Liver/4_day/57884.svs,4 day,theophylline,20,mg/kg,Low,428,5,3,Male,Crj:CD(SD)IGS,0,,0,False,,True,True,False,no_finding_recorded
57890,/workspace/andre01/honzawa/02-playground/toxpatho-patch-selector/data/TGGATEs/WSI/Liver/4_day/57890.svs,4 day,theophylline,20,mg/kg,Low,428,5,4,Male,Crj:CD(SD)IGS,0,,0,False,,True,True,False,no_finding_recorded
5790,/workspace/andre01/honzawa/02-playground/toxpatho-patch-selector/data/TGGATEs/WSI/Liver/29_day/5790.svs,29 day,benzbromarone,0,mg/kg,Control,155,4,3,Male,Crj:CD(SD)IGS,0,,0,False,,True,True,False,no_finding_recorded
57902,/workspace/andre01/honzawa/02-playground/toxpatho-patch-selector/data/TGGATEs/WSI/Liver/8_day/57902.svs,8 day,theophylline,20,mg/kg,Low,428,6,1,Male,Crj:CD(SD)IGS,0,,0,False,,True,True,False,no_finding_recorded
57908,/workspace/andre01/honzawa/02-playground/toxpatho-patch-selector/data/TGGATEs/WSI/Liver/8_day/57908.svs,8 day,theophylline,20,mg/kg,Low,428,6,2,Male,Crj:CD(SD)IGS,0,,0,False,,True,True,False,no_finding_recorded
5793,/workspace/andre01/honzawa/02-playground/toxpatho-patch-selector/data/TGGATEs/WSI/Liver/29_day/5793.svs,29 day,benzbromarone,0,mg/kg,Control,155,4,4,Male,Crj:CD(SD)IGS,0,,0,False,,True,True,False,no_finding_recorded
57946,/workspace/andre01/honzawa/02-playground/toxpatho-patch-selector/data/TGGATEs/WSI/Liver/8_day/57946.svs,8 day,theophylline,20,mg/kg,Low,428,6,3,Male,Crj:CD(SD)IGS,0,,0,False,,True,True,False,no_finding_recorded
57952,/workspace/andre01/honzawa/02-playground/toxpatho-patch-selector/data/TGGATEs/WSI/Liver/8_day/57952.svs,8 day,theophylline,20,mg/kg,Low,428,6,4,Male,Crj:CD(SD)IGS,0,,0,False,,True,True,False,no_finding_recorded
57959,/workspace/andre01/honzawa/02-playground/toxpatho-patch-selector/data/TGGATEs/WSI/Liver/8_day/57959.svs,8 day,theophylline,20,mg/kg,Low,428,6,5,Male,Crj:CD(SD)IGS,0,,0,False,,True,True,False,no_finding_recorded
5796,/workspace/andre01/honzawa/02-playground/toxpatho-patch-selector/data/TGGATEs/WSI/Liver/29_day/5796.svs,29 day,benzbromarone,0,mg/kg,Control,155,4,5,Male,Crj:CD(SD)IGS,0,,0,False,,True,True,False,no_finding_recorded
57965,/workspace/andre01/honzawa/02-playground/toxpatho-patch-selector/data/TGGATEs/WSI/Liver/15_day/57965.svs,15 day,theophylline,20,mg/kg,Low,428,7,1,Male,Crj:CD(SD)IGS,0,,0,False,,True,True,False,no_finding_recorded
57972,/workspace/andre01/honzawa/02-playground/toxpatho-patch-selector/data/TGGATEs/WSI/Liver/15_day/57972.svs,15 day,theophylline,20,mg/kg,Low,428,7,2,Male,Crj:CD(SD)IGS,0,,0,False,,True,True,False,no_finding_recorded
57978,/workspace/andre01/honzawa/02-playground/toxpatho-patch-selector/data/TGGATEs/WSI/Liver/15_day/57978.svs,15 day,theophylline,20,mg/kg,Low,428,7,3,Male,Crj:CD(SD)IGS,0,,0,False,,True,True,False,no_finding_recorded
57985,/workspace/andre01/honzawa/02-playground/toxpatho-patch-selector/data/TGGATEs/WSI/Liver/15_day/57985.svs,15 day,theophylline,20,mg/kg,Low,428,7,4,Male,Crj:CD(SD)IGS,0,,0,False,,True,True,False,no_finding_recorded
5799,/workspace/andre01/honzawa/02-playground/toxpatho-patch-selector/data/TGGATEs/WSI/Liver/4_day/5799.svs,4 day,benzbromarone,20,mg/kg,Low,155,5,1,Male,Crj:CD(SD)IGS,0,,0,False,,True,True,False,no_finding_recorded
57992,/workspace/andre01/honzawa/02-playground/toxpatho-patch-selector/data/TGGATEs/WSI/Liver/15_day/57992.svs,15 day,theophylline,20,mg/kg,Low,428,7,5,Male,Crj:CD(SD)IGS,0,,0,False,,True,True,False,no_finding_recorded
57998,/workspace/andre01/honzawa/02-playground/toxpatho-patch-selector/data/TGGATEs/WSI/Liver/29_day/57998.svs,29 day,theophylline,20,mg/kg,Low,428,8,1,Male,Crj:CD(SD)IGS,0,,0,False,,True,True,False,no_finding_recorded
58006,/workspace/andre01/honzawa/02-playground/toxpatho-patch-selector/data/TGGATEs/WSI/Liver/29_day/58006.svs,29 day,theophylline,20,mg/kg,Low,428,8,2,Male,Crj:CD(SD)IGS,0,,0,False,,True,True,False,no_finding_recorded
58012,/workspace/andre01/honzawa/02-playground/toxpatho-patch-selector/data/TGGATEs/WSI/Liver/29_day/58012.svs,29 day,theophylline,20,mg/kg,Low,428,8,3,Male,Crj:CD(SD)IGS,0,,0,False,,True,True,False,no_finding_recorded
58019,/workspace/andre01/honzawa/02-playground/toxpatho-patch-selector/data/TGGATEs/WSI/Liver/29_day/58019.svs,29 day,theophylline,20,mg/kg,Low,428,8,4,Male,Crj:CD(SD)IGS,0,,0,False,,True,True,False,no_finding_recorded
58026,/workspace/andre01/honzawa/02-playground/toxpatho-patch-selector/data/TGGATEs/WSI/Liver/29_day/58026.svs,29 day,theophylline,20,mg/kg,Low,428,8,5,Male,Crj:CD(SD)IGS,0,,0,False,,True,True,False,no_finding_recorded
5803,/workspace/andre01/honzawa/02-playground/toxpatho-patch-selector/data/TGGATEs/WSI/Liver/4_day/5803.svs,4 day,benzbromarone,20,mg/kg,Low,155,5,2,Male,Crj:CD(SD)IGS,0,,0,False,,True,True,False,no_finding_recorded
58033,/workspace/andre01/honzawa/02-playground/toxpatho-patch-selector/data/TGGATEs/WSI/Liver/4_day/58033.svs,4 day,theophylline,60,mg/kg,Middle,428,9,1,Male,Crj:CD(SD)IGS,0,,0,False,,True,True,False,no_finding_recorded
58040,/workspace/andre01/honzawa/02-playground/toxpatho-patch-selector/data/TGGATEs/WSI/Liver/4_day/58040.svs,4 day,theophylline,60,mg/kg,Middle,428,9,2,Male,Crj:CD(SD)IGS,0,,0,False,,True,True,False,no_finding_recorded
58046,/workspace/andre01/honzawa/02-playground/toxpatho-patch-selector/data/TGGATEs/WSI/Liver/4_day/58046.svs,4 day,theophylline,60,mg/kg,Middle,428,9,3,Male,Crj:CD(SD)IGS,0,,0,False,,True,True,False,no_finding_recorded
58053,/workspace/andre01/honzawa/02-playground/toxpatho-patch-selector/data/TGGATEs/WSI/Liver/4_day/58053.svs,4 day,theophylline,60,mg/kg,Middle,428,9,4,Male,Crj:CD(SD)IGS,0,,0,False,,True,True,False,no_finding_recorded
58059,/workspace/andre01/honzawa/02-playground/toxpatho-patch-selector/data/TGGATEs/WSI/Liver/4_day/58059.svs,4 day,theophylline,60,mg/kg,Middle,428,9,5,Male,Crj:CD(SD)IGS,0,,0,False,,True,True,False,no_finding_recorded
58065,/workspace/andre01/honzawa/02-playground/toxpatho-patch-selector/data/TGGATEs/WSI/Liver/8_day/58065.svs,8 day,theophylline,60,mg/kg,Middle,428,10,1,Male,Crj:CD(SD)IGS,0,,0,False,,True,True,False,no_finding_recorded
58071,/workspace/andre01/honzawa/02-playground/toxpatho-patch-selector/data/TGGATEs/WSI/Liver/8_day/58071.svs,8 day,theophylline,60,mg/kg,Middle,428,10,2,Male,Crj:CD(SD)IGS,0,,0,False,,True,True,False,no_finding_recorded
58077,/workspace/andre01/honzawa/02-playground/toxpatho-patch-selector/data/TGGATEs/WSI/Liver/8_day/58077.svs,8 day,theophylline,60,mg/kg,Middle,428,10,3,Male,Crj:CD(SD)IGS,0,,0,False,,True,True,False,no_finding_recorded
5808,/workspace/andre01/honzawa/02-playground/toxpatho-patch-selector/data/TGGATEs/WSI/Liver/4_day/5808.svs,4 day,benzbromarone,20,mg/kg,Low,155,5,3,Male,Crj:CD(SD)IGS,0,,0,False,,True,True,False,no_finding_recorded
58083,/workspace/andre01/honzawa/02-playground/toxpatho-patch-selector/data/TGGATEs/WSI/Liver/8_day/58083.svs,8 day,theophylline,60,mg/kg,Middle,428,10,4,Male,Crj:CD(SD)IGS,0,,0,False,,True,True,False,no_finding_recorded
58088,/workspace/andre01/honzawa/02-playground/toxpatho-patch-selector/data/TGGATEs/WSI/Liver/8_day/58088.svs,8 day,theophylline,60,mg/kg,Middle,428,10,5,Male,Crj:CD(SD)IGS,0,,0,False,,True,True,False,no_finding_recorded
58091,/workspace/andre01/honzawa/02-playground/toxpatho-patch-selector/data/TGGATEs/WSI/Liver/15_day/58091.svs,15 day,theophylline,60,mg/kg,Middle,428,11,1,Male,Crj:CD(SD)IGS,0,,0,False,,True,True,False,no_finding_recorded
58094,/workspace/andre01/honzawa/02-playground/toxpatho-patch-selector/data/TGGATEs/WSI/Liver/15_day/58094.svs,15 day,theophylline,60,mg/kg,Middle,428,11,2,Male,Crj:CD(SD)IGS,0,,0,False,,True,True,False,no_finding_recorded
58097,/workspace/andre01/honzawa/02-playground/toxpatho-patch-selector/data/TGGATEs/WSI/Liver/15_day/58097.svs,15 day,theophylline,60,mg/kg,Middle,428,11,3,Male,Crj:CD(SD)IGS,0,,0,False,,True,True,False,no_finding_recorded
58100,/workspace/andre01/honzawa/02-playground/toxpatho-patch-selector/data/TGGATEs/WSI/Liver/15_day/58100.svs,15 day,theophylline,60,mg/kg,Middle,428,11,4,Male,Crj:CD(SD)IGS,0,,0,False,,True,True,False,no_finding_recorded
58103,/workspace/andre01/honzawa/02-playground/toxpatho-patch-selector/data/TGGATEs/WSI/Liver/15_day/58103.svs,15 day,theophylline,60,mg/kg,Middle,428,11,5,Male,Crj:CD(SD)IGS,0,,0,False,,True,True,False,no_finding_recorded
58110,/workspace/andre01/honzawa/02-playground/toxpatho-patch-selector/data/TGGATEs/WSI/Liver/29_day/58110.svs,29 day,theophylline,60,mg/kg,Middle,428,12,1,Male,Crj:CD(SD)IGS,0,,0,False,,True,True,False,no_finding_recorded
58116,/workspace/andre01/honzawa/02-playground/toxpatho-patch-selector/data/TGGATEs/WSI/Liver/29_day/58116.svs,29 day,theophylline,60,mg/kg,Middle,428,12,2,Male,Crj:CD(SD)IGS,0,,0,False,,True,True,False,no_finding_recorded
5812,/workspace/andre01/honzawa/02-playground/toxpatho-patch-selector/data/TGGATEs/WSI/Liver/4_day/5812.svs,4 day,benzbromarone,20,mg/kg,Low,155,5,4,Male,Crj:CD(SD)IGS,0,,0,False,,True,True,False,no_finding_recorded
58124,/workspace/andre01/honzawa/02-playground/toxpatho-patch-selector/data/TGGATEs/WSI/Liver/29_day/58124.svs,29 day,theophylline,60,mg/kg,Middle,428,12,3,Male,Crj:CD(SD)IGS,0,,0,False,,True,True,False,no_finding_recorded
58131,/workspace/andre01/honzawa/02-playground/toxpatho-patch-selector/data/TGGATEs/WSI/Liver/29_day/58131.svs,29 day,theophylline,60,mg/kg,Middle,428,12,4,Male,Crj:CD(SD)IGS,0,,0,False,,True,True,False,no_finding_recorded
58137,/workspace/andre01/honzawa/02-playground/toxpatho-patch-selector/data/TGGATEs/WSI/Liver/29_day/58137.svs,29 day,theophylline,60,mg/kg,Middle,428,12,5,Male,Crj:CD(SD)IGS,0,,0,False,,True,True,False,no_finding_recorded
58144,/workspace/andre01/honzawa/02-playground/toxpatho-patch-selector/data/TGGATEs/WSI/Liver/4_day/58144.svs,4 day,theophylline,200,mg/kg,High,428,13,1,Male,Crj:CD(SD)IGS,0,,0,False,,True,True,False,no_finding_recorded
58150,/workspace/andre01/honzawa/02-playground/toxpatho-patch-selector/data/TGGATEs/WSI/Liver/4_day/58150.svs,4 day,theophylline,200,mg/kg,High,428,13,2,Male,Crj:CD(SD)IGS,0,,0,False,,True,True,False,no_finding_recorded
58156,/workspace/andre01/honzawa/02-playground/toxpatho-patch-selector/data/TGGATEs/WSI/Liver/4_day/58156.svs,4 day,theophylline,200,mg/kg,High,428,13,3,Male,Crj:CD(SD)IGS,0,,0,False,,True,True,False,no_finding_recorded
5816,/workspace/andre01/honzawa/02-playground/toxpatho-patch-selector/data/TGGATEs/WSI/Liver/4_day/5816.svs,4 day,benzbromarone,20,mg/kg,Low,155,5,5,Male,Crj:CD(SD)IGS,0,,0,False,,True,True,False,no_finding_recorded
58162,/workspace/andre01/honzawa/02-playground/toxpatho-patch-selector/data/TGGATEs/WSI/Liver/4_day/58162.svs,4 day,theophylline,200,mg/kg,High,428,13,4,Male,Crj:CD(SD)IGS,0,,0,False,,True,True,False,no_finding_recorded
58167,/workspace/andre01/honzawa/02-playground/toxpatho-patch-selector/data/TGGATEs/WSI/Liver/8_day/58167.svs,8 day,theophylline,200,mg/kg,High,428,14,1,Male,Crj:CD(SD)IGS,0,,0,False,,True,True,False,no_finding_recorded
58173,/workspace/andre01/honzawa/02-playground/toxpatho-patch-selector/data/TGGATEs/WSI/Liver/8_day/58173.svs,8 day,theophylline,200,mg/kg,High,428,14,2,Male,Crj:CD(SD)IGS,0,,0,False,,True,True,False,no_finding_recorded
58179,/workspace/andre01/honzawa/02-playground/toxpatho-patch-selector/data/TGGATEs/WSI/Liver/8_day/58179.svs,8 day,theophylline,200,mg/kg,High,428,14,3,Male,Crj:CD(SD)IGS,1,2.0,1,True,slight,True,True,False,recorded_finding
58185,/workspace/andre01/honzawa/02-playground/toxpatho-patch-selector/data/TGGATEs/WSI/Liver/8_day/58185.svs,8 day,theophylline,200,mg/kg,High,428,14,4,Male,Crj:CD(SD)IGS,0,,0,False,,True,True,False,no_finding_recorded
5819,/workspace/andre01/honzawa/02-playground/toxpatho-patch-selector/data/TGGATEs/WSI/Liver/8_day/5819.svs,8 day,benzbromarone,20,mg/kg,Low,155,6,1,Male,Crj:CD(SD)IGS,1,1.0,1,True,minimal,True,True,False,recorded_finding
58191,/workspace/andre01/honzawa/02-playground/toxpatho-patch-selector/data/TGGATEs/WSI/Liver/8_day/58191.svs,8 day,theophylline,200,mg/kg,High,428,14,5,Male,Crj:CD(SD)IGS,0,,0,False,,True,True,False,no_finding_recorded
58197,/workspace/andre01/honzawa/02-playground/toxpatho-patch-selector/data/TGGATEs/WSI/Liver/15_day/58197.svs,15 day,theophylline,200,mg/kg,High,428,15,1,Male,Crj:CD(SD)IGS,0,,0,False,,True,True,False,no_finding_recorded
58203,/workspace/andre01/honzawa/02-playground/toxpatho-patch-selector/data/TGGATEs/WSI/Liver/15_day/58203.svs,15 day,theophylline,200,mg/kg,High,428,15,3,Male,Crj:CD(SD)IGS,0,,0,False,,True,True,False,no_finding_recorded
58209,/workspace/andre01/honzawa/02-playground/toxpatho-patch-selector/data/TGGATEs/WSI/Liver/15_day/58209.svs,15 day,theophylline,200,mg/kg,High,428,15,4,Male,Crj:CD(SD)IGS,0,,0,False,,True,True,False,no_finding_recorded
58216,/workspace/andre01/honzawa/02-playground/toxpatho-patch-selector/data/TGGATEs/WSI/Liver/15_day/58216.svs,15 day,theophylline,200,mg/kg,High,428,15,5,Male,Crj:CD(SD)IGS,2,2.0,2,True,slight,True,True,False,recorded_finding
58222,/workspace/andre01/honzawa/02-playground/toxpatho-patch-selector/data/TGGATEs/WSI/Liver/29_day/58222.svs,29 day,theophylline,200,mg/kg,High,428,16,3,Male,Crj:CD(SD)IGS,2,2.0,2,True,slight,True,True,False,recorded_finding
58229,/workspace/andre01/honzawa/02-playground/toxpatho-patch-selector/data/TGGATEs/WSI/Liver/29_day/58229.svs,29 day,theophylline,200,mg/kg,High,428,16,4,Male,Crj:CD(SD)IGS,0,,0,False,,True,True,False,no_finding_recorded
5823,/workspace/andre01/honzawa/02-playground/toxpatho-patch-selector/data/TGGATEs/WSI/Liver/8_day/5823.svs,8 day,benzbromarone,20,mg/kg,Low,155,6,2,Male,Crj:CD(SD)IGS,1,1.0,1,True,minimal,True,True,False,recorded_finding
5826,/workspace/andre01/honzawa/02-playground/toxpatho-patch-selector/data/TGGATEs/WSI/Liver/8_day/5826.svs,8 day,benzbromarone,20,mg/kg,Low,155,6,3,Male,Crj:CD(SD)IGS,1,1.0,1,True,minimal,True,True,False,recorded_finding
5830,/workspace/andre01/honzawa/02-playground/toxpatho-patch-selector/data/TGGATEs/WSI/Liver/8_day/5830.svs,8 day,benzbromarone,20,mg/kg,Low,155,6,4,Male,Crj:CD(SD)IGS,1,1.0,1,True,minimal,True,True,False,recorded_finding
5836,/workspace/andre01/honzawa/02-playground/toxpatho-patch-selector/data/TGGATEs/WSI/Liver/15_day/5836.svs,15 day,benzbromarone,20,mg/kg,Low,155,7,1,Male,Crj:CD(SD)IGS,1,1.0,1,True,minimal,True,True,False,recorded_finding
5839,/workspace/andre01/honzawa/02-playground/toxpatho-patch-selector/data/TGGATEs/WSI/Liver/15_day/5839.svs,15 day,benzbromarone,20,mg/kg,Low,155,7,2,Male,Crj:CD(SD)IGS,1,1.0,1,True,minimal,True,True,False,recorded_finding
5843,/workspace/andre01/honzawa/02-playground/toxpatho-patch-selector/data/TGGATEs/WSI/Liver/15_day/5843.svs,15 day,benzbromarone,20,mg/kg,Low,155,7,3,Male,Crj:CD(SD)IGS,1,1.0,1,True,minimal,True,True,False,recorded_finding
5846,/workspace/andre01/honzawa/02-playground/toxpatho-patch-selector/data/TGGATEs/WSI/Liver/15_day/5846.svs,15 day,benzbromarone,20,mg/kg,Low,155,7,4,Male,Crj:CD(SD)IGS,1,1.0,1,True,minimal,True,True,False,recorded_finding
5851,/workspace/andre01/honzawa/02-playground/toxpatho-patch-selector/data/TGGATEs/WSI/Liver/15_day/5851.svs,15 day,benzbromarone,20,mg/kg,Low,155,7,5,Male,Crj:CD(SD)IGS,1,1.0,1,True,minimal,True,True,False,recorded_finding
5855,/workspace/andre01/honzawa/02-playground/toxpatho-patch-selector/data/TGGATEs/WSI/Liver/29_day/5855.svs,29 day,benzbromarone,20,mg/kg,Low,155,8,1,Male,Crj:CD(SD)IGS,0,,0,False,,True,True,False,no_finding_recorded
5859,/workspace/andre01/honzawa/02-playground/toxpatho-patch-selector/data/TGGATEs/WSI/Liver/29_day/5859.svs,29 day,benzbromarone,20,mg/kg,Low,155,8,2,Male,Crj:CD(SD)IGS,1,1.0,1,True,minimal,True,True,False,recorded_finding
5862,/workspace/andre01/honzawa/02-playground/toxpatho-patch-selector/data/TGGATEs/WSI/Liver/29_day/5862.svs,29 day,benzbromarone,20,mg/kg,Low,155,8,3,Male,Crj:CD(SD)IGS,0,,0,False,,True,True,False,no_finding_recorded
5865,/workspace/andre01/honzawa/02-playground/toxpatho-patch-selector/data/TGGATEs/WSI/Liver/29_day/5865.svs,29 day,benzbromarone,20,mg/kg,Low,155,8,4,Male,Crj:CD(SD)IGS,1,1.0,1,True,minimal,True,True,False,recorded_finding
5869,/workspace/andre01/honzawa/02-playground/toxpatho-patch-selector/data/TGGATEs/WSI/Liver/29_day/5869.svs,29 day,benzbromarone,20,mg/kg,Low,155,8,5,Male,Crj:CD(SD)IGS,1,1.0,1,True,minimal,True,True,False,recorded_finding
59239,/workspace/andre01/honzawa/02-playground/toxpatho-patch-selector/data/TGGATEs/WSI/Liver/4_day/59239.svs,4 day,phalloidin,0,mg/kg,Control,481,1,1,Male,Crj:CD(SD)IGS,0,,0,False,,True,True,False,no_finding_recorded
59242,/workspace/andre01/honzawa/02-playground/toxpatho-patch-selector/data/TGGATEs/WSI/Liver/4_day/59242.svs,4 day,phalloidin,0,mg/kg,Control,481,1,2,Male,Crj:CD(SD)IGS,0,,0,False,,True,True,False,no_finding_recorded
59245,/workspace/andre01/honzawa/02-playground/toxpatho-patch-selector/data/TGGATEs/WSI/Liver/4_day/59245.svs,4 day,phalloidin,0,mg/kg,Control,481,1,3,Male,Crj:CD(SD)IGS,0,,0,False,,True,True,False,no_finding_recorded
59248,/workspace/andre01/honzawa/02-playground/toxpatho-patch-selector/data/TGGATEs/WSI/Liver/4_day/59248.svs,4 day,phalloidin,0,mg/kg,Control,481,1,4,Male,Crj:CD(SD)IGS,0,,0,False,,True,True,False,no_finding_recorded
59251,/workspace/andre01/honzawa/02-playground/toxpatho-patch-selector/data/TGGATEs/WSI/Liver/4_day/59251.svs,4 day,phalloidin,0,mg/kg,Control,481,1,5,Male,Crj:CD(SD)IGS,0,,0,False,,True,True,False,no_finding_recorded
59254,/workspace/andre01/honzawa/02-playground/toxpatho-patch-selector/data/TGGATEs/WSI/Liver/8_day/59254.svs,8 day,phalloidin,0,mg/kg,Control,481,2,1,Male,Crj:CD(SD)IGS,0,,0,False,,True,True,False,no_finding_recorded
59257,/workspace/andre01/honzawa/02-playground/toxpatho-patch-selector/data/TGGATEs/WSI/Liver/8_day/59257.svs,8 day,phalloidin,0,mg/kg,Control,481,2,2,Male,Crj:CD(SD)IGS,0,,0,False,,True,True,False,no_finding_recorded
59266,/workspace/andre01/honzawa/02-playground/toxpatho-patch-selector/data/TGGATEs/WSI/Liver/8_day/59266.svs,8 day,phalloidin,0,mg/kg,Control,481,2,5,Male,Crj:CD(SD)IGS,0,,0,False,,True,True,False,no_finding_recorded
59269,/workspace/andre01/honzawa/02-playground/toxpatho-patch-selector/data/TGGATEs/WSI/Liver/4_day/59269.svs,4 day,phalloidin,1,mg/kg,High,481,3,1,Male,Crj:CD(SD)IGS,2,2.0,2,True,slight,True,True,False,recorded_finding
59272,/workspace/andre01/honzawa/02-playground/toxpatho-patch-selector/data/TGGATEs/WSI/Liver/4_day/59272.svs,4 day,phalloidin,1,mg/kg,High,481,3,2,Male,Crj:CD(SD)IGS,3,2.0,3,True,slight,True,True,False,recorded_finding
59275,/workspace/andre01/honzawa/02-playground/toxpatho-patch-selector/data/TGGATEs/WSI/Liver/4_day/59275.svs,4 day,phalloidin,1,mg/kg,High,481,3,3,Male,Crj:CD(SD)IGS,2,2.0,2,True,slight,True,True,False,recorded_finding
59278,/workspace/andre01/honzawa/02-playground/toxpatho-patch-selector/data/TGGATEs/WSI/Liver/4_day/59278.svs,4 day,phalloidin,1,mg/kg,High,481,3,4,Male,Crj:CD(SD)IGS,4,3.0,4,True,moderate,True,True,False,recorded_finding
59281,/workspace/andre01/honzawa/02-playground/toxpatho-patch-selector/data/TGGATEs/WSI/Liver/4_day/59281.svs,4 day,phalloidin,1,mg/kg,High,481,3,5,Male,Crj:CD(SD)IGS,2,3.0,2,True,moderate,True,True,False,recorded_finding
59284,/workspace/andre01/honzawa/02-playground/toxpatho-patch-selector/data/TGGATEs/WSI/Liver/8_day/59284.svs,8 day,phalloidin,1,mg/kg,High,481,4,1,Male,Crj:CD(SD)IGS,3,3.0,3,True,moderate,True,True,False,recorded_finding
59287,/workspace/andre01/honzawa/02-playground/toxpatho-patch-selector/data/TGGATEs/WSI/Liver/8_day/59287.svs,8 day,phalloidin,1,mg/kg,High,481,4,2,Male,Crj:CD(SD)IGS,3,3.0,3,True,moderate,True,True,False,recorded_finding
59290,/workspace/andre01/honzawa/02-playground/toxpatho-patch-selector/data/TGGATEs/WSI/Liver/8_day/59290.svs,8 day,phalloidin,1,mg/kg,High,481,4,3,Male,Crj:CD(SD)IGS,4,3.0,4,True,moderate,True,True,False,recorded_finding
59293,/workspace/andre01/honzawa/02-playground/toxpatho-patch-selector/data/TGGATEs/WSI/Liver/8_day/59293.svs,8 day,phalloidin,1,mg/kg,High,481,4,4,Male,Crj:CD(SD)IGS,3,3.0,3,True,moderate,True,True,False,recorded_finding
59296,/workspace/andre01/honzawa/02-playground/toxpatho-patch-selector/data/TGGATEs/WSI/Liver/8_day/59296.svs,8 day,phalloidin,1,mg/kg,High,481,4,5,Male,Crj:CD(SD)IGS,2,3.0,2,True,moderate,True,True,False,recorded_finding
5997,/workspace/andre01/honzawa/02-playground/toxpatho-patch-selector/data/TGGATEs/WSI/Liver/4_day/5997.svs,4 day,benzbromarone,60,mg/kg,Middle,155,9,1,Male,Crj:CD(SD)IGS,1,1.0,1,True,minimal,True,True,False,recorded_finding
6000,/workspace/andre01/honzawa/02-playground/toxpatho-patch-selector/data/TGGATEs/WSI/Liver/4_day/6000.svs,4 day,benzbromarone,60,mg/kg,Middle,155,9,2,Male,Crj:CD(SD)IGS,1,2.0,1,True,slight,True,True,False,recorded_finding
6004,/workspace/andre01/honzawa/02-playground/toxpatho-patch-selector/data/TGGATEs/WSI/Liver/4_day/6004.svs,4 day,benzbromarone,60,mg/kg,Middle,155,9,3,Male,Crj:CD(SD)IGS,1,1.0,1,True,minimal,True,True,False,recorded_finding
6008,/workspace/andre01/honzawa/02-playground/toxpatho-patch-selector/data/TGGATEs/WSI/Liver/4_day/6008.svs,4 day,benzbromarone,60,mg/kg,Middle,155,9,4,Male,Crj:CD(SD)IGS,1,2.0,1,True,slight,True,True,False,recorded_finding
6011,/workspace/andre01/honzawa/02-playground/toxpatho-patch-selector/data/TGGATEs/WSI/Liver/4_day/6011.svs,4 day,benzbromarone,60,mg/kg,Middle,155,9,5,Male,Crj:CD(SD)IGS,1,1.0,1,True,minimal,True,True,False,recorded_finding
6014,/workspace/andre01/honzawa/02-playground/toxpatho-patch-selector/data/TGGATEs/WSI/Liver/8_day/6014.svs,8 day,benzbromarone,60,mg/kg,Middle,155,10,1,Male,Crj:CD(SD)IGS,1,2.0,1,True,slight,True,True,False,recorded_finding
6017,/workspace/andre01/honzawa/02-playground/toxpatho-patch-selector/data/TGGATEs/WSI/Liver/8_day/6017.svs,8 day,benzbromarone,60,mg/kg,Middle,155,10,2,Male,Crj:CD(SD)IGS,2,2.0,2,True,slight,True,True,False,recorded_finding
6020,/workspace/andre01/honzawa/02-playground/toxpatho-patch-selector/data/TGGATEs/WSI/Liver/8_day/6020.svs,8 day,benzbromarone,60,mg/kg,Middle,155,10,3,Male,Crj:CD(SD)IGS,1,2.0,1,True,slight,True,True,False,recorded_finding
6023,/workspace/andre01/honzawa/02-playground/toxpatho-patch-selector/data/TGGATEs/WSI/Liver/8_day/6023.svs,8 day,benzbromarone,60,mg/kg,Middle,155,10,4,Male,Crj:CD(SD)IGS,2,2.0,2,True,slight,True,True,False,recorded_finding
6026,/workspace/andre01/honzawa/02-playground/toxpatho-patch-selector/data/TGGATEs/WSI/Liver/8_day/6026.svs,8 day,benzbromarone,60,mg/kg,Middle,155,10,5,Male,Crj:CD(SD)IGS,1,2.0,1,True,slight,True,True,False,recorded_finding
6029,/workspace/andre01/honzawa/02-playground/toxpatho-patch-selector/data/TGGATEs/WSI/Liver/15_day/6029.svs,15 day,benzbromarone,60,mg/kg,Middle,155,11,1,Male,Crj:CD(SD)IGS,2,2.0,2,True,slight,True,True,False,recorded_finding
6034,/workspace/andre01/honzawa/02-playground/toxpatho-patch-selector/data/TGGATEs/WSI/Liver/15_day/6034.svs,15 day,benzbromarone,60,mg/kg,Middle,155,11,2,Male,Crj:CD(SD)IGS,2,2.0,2,True,slight,True,True,False,recorded_finding
6037,/workspace/andre01/honzawa/02-playground/toxpatho-patch-selector/data/TGGATEs/WSI/Liver/15_day/6037.svs,15 day,benzbromarone,60,mg/kg,Middle,155,11,3,Male,Crj:CD(SD)IGS,2,2.0,2,True,slight,True,True,False,recorded_finding
6039,/workspace/andre01/honzawa/02-playground/toxpatho-patch-selector/data/TGGATEs/WSI/Liver/15_day/6039.svs,15 day,benzbromarone,60,mg/kg,Middle,155,11,4,Male,Crj:CD(SD)IGS,2,2.0,2,True,slight,True,True,False,recorded_finding
6043,/workspace/andre01/honzawa/02-playground/toxpatho-patch-selector/data/TGGATEs/WSI/Liver/15_day/6043.svs,15 day,benzbromarone,60,mg/kg,Middle,155,11,5,Male,Crj:CD(SD)IGS,2,2.0,2,True,slight,True,True,False,recorded_finding
6045,/workspace/andre01/honzawa/02-playground/toxpatho-patch-selector/data/TGGATEs/WSI/Liver/29_day/6045.svs,29 day,benzbromarone,60,mg/kg,Middle,155,12,1,Male,Crj:CD(SD)IGS,1,1.0,1,True,minimal,True,True,False,recorded_finding
6048,/workspace/andre01/honzawa/02-playground/toxpatho-patch-selector/data/TGGATEs/WSI/Liver/29_day/6048.svs,29 day,benzbromarone,60,mg/kg,Middle,155,12,2,Male,Crj:CD(SD)IGS,1,1.0,1,True,minimal,True,True,False,recorded_finding
6051,/workspace/andre01/honzawa/02-playground/toxpatho-patch-selector/data/TGGATEs/WSI/Liver/29_day/6051.svs,29 day,benzbromarone,60,mg/kg,Middle,155,12,3,Male,Crj:CD(SD)IGS,1,2.0,1,True,slight,True,True,False,recorded_finding
6055,/workspace/andre01/honzawa/02-playground/toxpatho-patch-selector/data/TGGATEs/WSI/Liver/29_day/6055.svs,29 day,benzbromarone,60,mg/kg,Middle,155,12,4,Male,Crj:CD(SD)IGS,2,2.0,2,True,slight,True,True,False,recorded_finding
6059,/workspace/andre01/honzawa/02-playground/toxpatho-patch-selector/data/TGGATEs/WSI/Liver/29_day/6059.svs,29 day,benzbromarone,60,mg/kg,Middle,155,12,5,Male,Crj:CD(SD)IGS,1,2.0,1,True,slight,True,True,False,recorded_finding
6062,/workspace/andre01/honzawa/02-playground/toxpatho-patch-selector/data/TGGATEs/WSI/Liver/4_day/6062.svs,4 day,benzbromarone,200,mg/kg,High,155,13,1,Male,Crj:CD(SD)IGS,1,2.0,1,True,slight,True,True,False,recorded_finding
6066,/workspace/andre01/honzawa/02-playground/toxpatho-patch-selector/data/TGGATEs/WSI/Liver/4_day/6066.svs,4 day,benzbromarone,200,mg/kg,High,155,13,2,Male,Crj:CD(SD)IGS,1,2.0,1,True,slight,True,True,False,recorded_finding
6069,/workspace/andre01/honzawa/02-playground/toxpatho-patch-selector/data/TGGATEs/WSI/Liver/4_day/6069.svs,4 day,benzbromarone,200,mg/kg,High,155,13,4,Male,Crj:CD(SD)IGS,1,2.0,1,True,slight,True,True,False,recorded_finding
6072,/workspace/andre01/honzawa/02-playground/toxpatho-patch-selector/data/TGGATEs/WSI/Liver/4_day/6072.svs,4 day,benzbromarone,200,mg/kg,High,155,13,5,Male,Crj:CD(SD)IGS,2,2.0,2,True,slight,True,True,False,recorded_finding
6074,/workspace/andre01/honzawa/02-playground/toxpatho-patch-selector/data/TGGATEs/WSI/Liver/8_day/6074.svs,8 day,benzbromarone,200,mg/kg,High,155,14,1,Male,Crj:CD(SD)IGS,2,3.0,2,True,moderate,True,True,False,recorded_finding
6077,/workspace/andre01/honzawa/02-playground/toxpatho-patch-selector/data/TGGATEs/WSI/Liver/8_day/6077.svs,8 day,benzbromarone,200,mg/kg,High,155,14,2,Male,Crj:CD(SD)IGS,2,3.0,2,True,moderate,True,True,False,recorded_finding
6080,/workspace/andre01/honzawa/02-playground/toxpatho-patch-selector/data/TGGATEs/WSI/Liver/8_day/6080.svs,8 day,benzbromarone,200,mg/kg,High,155,14,4,Male,Crj:CD(SD)IGS,2,3.0,2,True,moderate,True,True,False,recorded_finding
6082,/workspace/andre01/honzawa/02-playground/toxpatho-patch-selector/data/TGGATEs/WSI/Liver/8_day/6082.svs,8 day,benzbromarone,200,mg/kg,High,155,14,5,Male,Crj:CD(SD)IGS,2,3.0,2,True,moderate,True,True,False,recorded_finding
6085,/workspace/andre01/honzawa/02-playground/toxpatho-patch-selector/data/TGGATEs/WSI/Liver/15_day/6085.svs,15 day,benzbromarone,200,mg/kg,High,155,15,1,Male,Crj:CD(SD)IGS,2,3.0,2,True,moderate,True,True,False,recorded_finding
6088,/workspace/andre01/honzawa/02-playground/toxpatho-patch-selector/data/TGGATEs/WSI/Liver/15_day/6088.svs,15 day,benzbromarone,200,mg/kg,High,155,15,2,Male,Crj:CD(SD)IGS,2,3.0,2,True,moderate,True,True,False,recorded_finding
6091,/workspace/andre01/honzawa/02-playground/toxpatho-patch-selector/data/TGGATEs/WSI/Liver/15_day/6091.svs,15 day,benzbromarone,200,mg/kg,High,155,15,3,Male,Crj:CD(SD)IGS,2,3.0,2,True,moderate,True,True,False,recorded_finding
6095,/workspace/andre01/honzawa/02-playground/toxpatho-patch-selector/data/TGGATEs/WSI/Liver/15_day/6095.svs,15 day,benzbromarone,200,mg/kg,High,155,15,4,Male,Crj:CD(SD)IGS,2,3.0,2,True,moderate,True,True,False,recorded_finding
6098,/workspace/andre01/honzawa/02-playground/toxpatho-patch-selector/data/TGGATEs/WSI/Liver/15_day/6098.svs,15 day,benzbromarone,200,mg/kg,High,155,15,5,Male,Crj:CD(SD)IGS,2,3.0,2,True,moderate,True,True,False,recorded_finding
6101,/workspace/andre01/honzawa/02-playground/toxpatho-patch-selector/data/TGGATEs/WSI/Liver/29_day/6101.svs,29 day,benzbromarone,200,mg/kg,High,155,16,1,Male,Crj:CD(SD)IGS,2,2.0,2,True,slight,True,True,False,recorded_finding
6105,/workspace/andre01/honzawa/02-playground/toxpatho-patch-selector/data/TGGATEs/WSI/Liver/29_day/6105.svs,29 day,benzbromarone,200,mg/kg,High,155,16,2,Male,Crj:CD(SD)IGS,2,3.0,2,True,moderate,True,True,False,recorded_finding
6107,/workspace/andre01/honzawa/02-playground/toxpatho-patch-selector/data/TGGATEs/WSI/Liver/29_day/6107.svs,29 day,benzbromarone,200,mg/kg,High,155,16,3,Male,Crj:CD(SD)IGS,2,3.0,2,True,moderate,True,True,False,recorded_finding
6110,/workspace/andre01/honzawa/02-playground/toxpatho-patch-selector/data/TGGATEs/WSI/Liver/29_day/6110.svs,29 day,benzbromarone,200,mg/kg,High,155,16,4,Male,Crj:CD(SD)IGS,2,2.0,2,True,slight,True,True,False,recorded_finding
6194,/workspace/andre01/honzawa/02-playground/toxpatho-patch-selector/data/TGGATEs/WSI/Liver/4_day/6194.svs,4 day,hexachlorobenzene,0,mg/kg,Control,157,1,1,Male,Crj:CD(SD)IGS,0,,0,False,,True,True,False,no_finding_recorded
6196,/workspace/andre01/honzawa/02-playground/toxpatho-patch-selector/data/TGGATEs/WSI/Liver/4_day/6196.svs,4 day,hexachlorobenzene,0,mg/kg,Control,157,1,2,Male,Crj:CD(SD)IGS,0,,0,False,,True,True,False,no_finding_recorded
6198,/workspace/andre01/honzawa/02-playground/toxpatho-patch-selector/data/TGGATEs/WSI/Liver/4_day/6198.svs,4 day,hexachlorobenzene,0,mg/kg,Control,157,1,3,Male,Crj:CD(SD)IGS,0,,0,False,,True,True,False,no_finding_recorded
6200,/workspace/andre01/honzawa/02-playground/toxpatho-patch-selector/data/TGGATEs/WSI/Liver/4_day/6200.svs,4 day,hexachlorobenzene,0,mg/kg,Control,157,1,4,Male,Crj:CD(SD)IGS,0,,0,False,,True,True,False,no_finding_recorded
6202,/workspace/andre01/honzawa/02-playground/toxpatho-patch-selector/data/TGGATEs/WSI/Liver/4_day/6202.svs,4 day,hexachlorobenzene,0,mg/kg,Control,157,1,5,Male,Crj:CD(SD)IGS,0,,0,False,,True,True,False,no_finding_recorded
6204,/workspace/andre01/honzawa/02-playground/toxpatho-patch-selector/data/TGGATEs/WSI/Liver/8_day/6204.svs,8 day,hexachlorobenzene,0,mg/kg,Control,157,2,1,Male,Crj:CD(SD)IGS,0,,0,False,,True,True,False,no_finding_recorded
6206,/workspace/andre01/honzawa/02-playground/toxpatho-patch-selector/data/TGGATEs/WSI/Liver/8_day/6206.svs,8 day,hexachlorobenzene,0,mg/kg,Control,157,2,2,Male,Crj:CD(SD)IGS,0,,0,False,,True,True,False,no_finding_recorded
6208,/workspace/andre01/honzawa/02-playground/toxpatho-patch-selector/data/TGGATEs/WSI/Liver/8_day/6208.svs,8 day,hexachlorobenzene,0,mg/kg,Control,157,2,3,Male,Crj:CD(SD)IGS,0,,0,False,,True,True,False,no_finding_recorded
6210,/workspace/andre01/honzawa/02-playground/toxpatho-patch-selector/data/TGGATEs/WSI/Liver/8_day/6210.svs,8 day,hexachlorobenzene,0,mg/kg,Control,157,2,4,Male,Crj:CD(SD)IGS,0,,0,False,,True,True,False,no_finding_recorded
6213,/workspace/andre01/honzawa/02-playground/toxpatho-patch-selector/data/TGGATEs/WSI/Liver/8_day/6213.svs,8 day,hexachlorobenzene,0,mg/kg,Control,157,2,5,Male,Crj:CD(SD)IGS,0,,0,False,,True,True,False,no_finding_recorded
6217,/workspace/andre01/honzawa/02-playground/toxpatho-patch-selector/data/TGGATEs/WSI/Liver/15_day/6217.svs,15 day,hexachlorobenzene,0,mg/kg,Control,157,3,1,Male,Crj:CD(SD)IGS,0,,0,False,,True,True,False,no_finding_recorded
6219,/workspace/andre01/honzawa/02-playground/toxpatho-patch-selector/data/TGGATEs/WSI/Liver/15_day/6219.svs,15 day,hexachlorobenzene,0,mg/kg,Control,157,3,2,Male,Crj:CD(SD)IGS,0,,0,False,,True,True,False,no_finding_recorded
6222,/workspace/andre01/honzawa/02-playground/toxpatho-patch-selector/data/TGGATEs/WSI/Liver/15_day/6222.svs,15 day,hexachlorobenzene,0,mg/kg,Control,157,3,3,Male,Crj:CD(SD)IGS,0,,0,False,,True,True,False,no_finding_recorded
6224,/workspace/andre01/honzawa/02-playground/toxpatho-patch-selector/data/TGGATEs/WSI/Liver/15_day/6224.svs,15 day,hexachlorobenzene,0,mg/kg,Control,157,3,4,Male,Crj:CD(SD)IGS,0,,0,False,,True,True,False,no_finding_recorded
6228,/workspace/andre01/honzawa/02-playground/toxpatho-patch-selector/data/TGGATEs/WSI/Liver/15_day/6228.svs,15 day,hexachlorobenzene,0,mg/kg,Control,157,3,5,Male,Crj:CD(SD)IGS,0,,0,False,,True,True,False,no_finding_recorded
6232,/workspace/andre01/honzawa/02-playground/toxpatho-patch-selector/data/TGGATEs/WSI/Liver/29_day/6232.svs,29 day,hexachlorobenzene,0,mg/kg,Control,157,4,1,Male,Crj:CD(SD)IGS,0,,0,False,,True,True,False,no_finding_recorded
6236,/workspace/andre01/honzawa/02-playground/toxpatho-patch-selector/data/TGGATEs/WSI/Liver/29_day/6236.svs,29 day,hexachlorobenzene,0,mg/kg,Control,157,4,2,Male,Crj:CD(SD)IGS,0,,0,False,,True,True,False,no_finding_recorded
6239,/workspace/andre01/honzawa/02-playground/toxpatho-patch-selector/data/TGGATEs/WSI/Liver/29_day/6239.svs,29 day,hexachlorobenzene,0,mg/kg,Control,157,4,3,Male,Crj:CD(SD)IGS,0,,0,False,,True,True,False,no_finding_recorded
6242,/workspace/andre01/honzawa/02-playground/toxpatho-patch-selector/data/TGGATEs/WSI/Liver/29_day/6242.svs,29 day,hexachlorobenzene,0,mg/kg,Control,157,4,4,Male,Crj:CD(SD)IGS,0,,0,False,,True,True,False,no_finding_recorded
6245,/workspace/andre01/honzawa/02-playground/toxpatho-patch-selector/data/TGGATEs/WSI/Liver/29_day/6245.svs,29 day,hexachlorobenzene,0,mg/kg,Control,157,4,5,Male,Crj:CD(SD)IGS,0,,0,False,,True,True,False,no_finding_recorded
6249,/workspace/andre01/honzawa/02-playground/toxpatho-patch-selector/data/TGGATEs/WSI/Liver/4_day/6249.svs,4 day,hexachlorobenzene,30,mg/kg,Low,157,5,1,Male,Crj:CD(SD)IGS,0,,0,False,,True,True,False,no_finding_recorded
6252,/workspace/andre01/honzawa/02-playground/toxpatho-patch-selector/data/TGGATEs/WSI/Liver/4_day/6252.svs,4 day,hexachlorobenzene,30,mg/kg,Low,157,5,2,Male,Crj:CD(SD)IGS,0,,0,False,,True,True,False,no_finding_recorded
6256,/workspace/andre01/honzawa/02-playground/toxpatho-patch-selector/data/TGGATEs/WSI/Liver/4_day/6256.svs,4 day,hexachlorobenzene,30,mg/kg,Low,157,5,3,Male,Crj:CD(SD)IGS,0,,0,False,,True,True,False,no_finding_recorded
6258,/workspace/andre01/honzawa/02-playground/toxpatho-patch-selector/data/TGGATEs/WSI/Liver/4_day/6258.svs,4 day,hexachlorobenzene,30,mg/kg,Low,157,5,4,Male,Crj:CD(SD)IGS,1,1.0,1,True,minimal,True,True,False,recorded_finding
6261,/workspace/andre01/honzawa/02-playground/toxpatho-patch-selector/data/TGGATEs/WSI/Liver/4_day/6261.svs,4 day,hexachlorobenzene,30,mg/kg,Low,157,5,5,Male,Crj:CD(SD)IGS,0,,0,False,,True,True,False,no_finding_recorded
6264,/workspace/andre01/honzawa/02-playground/toxpatho-patch-selector/data/TGGATEs/WSI/Liver/8_day/6264.svs,8 day,hexachlorobenzene,30,mg/kg,Low,157,6,1,Male,Crj:CD(SD)IGS,0,,0,False,,True,True,False,no_finding_recorded
6267,/workspace/andre01/honzawa/02-playground/toxpatho-patch-selector/data/TGGATEs/WSI/Liver/8_day/6267.svs,8 day,hexachlorobenzene,30,mg/kg,Low,157,6,2,Male,Crj:CD(SD)IGS,0,,0,False,,True,True,False,no_finding_recorded
6270,/workspace/andre01/honzawa/02-playground/toxpatho-patch-selector/data/TGGATEs/WSI/Liver/8_day/6270.svs,8 day,hexachlorobenzene,30,mg/kg,Low,157,6,3,Male,Crj:CD(SD)IGS,0,,0,False,,True,True,False,no_finding_recorded
62731,/workspace/andre01/honzawa/02-playground/toxpatho-patch-selector/data/TGGATEs/WSI/Liver/4_day/62731.svs,4 day,rosiglitazone maleate,0,mg/kg,Control,666,1,1,Male,Crj:CD(SD)IGS,0,,0,False,,True,True,False,no_finding_recorded
62733,/workspace/andre01/honzawa/02-playground/toxpatho-patch-selector/data/TGGATEs/WSI/Liver/4_day/62733.svs,4 day,rosiglitazone maleate,0,mg/kg,Control,666,1,2,Male,Crj:CD(SD)IGS,0,,0,False,,True,True,False,no_finding_recorded
62735,/workspace/andre01/honzawa/02-playground/toxpatho-patch-selector/data/TGGATEs/WSI/Liver/4_day/62735.svs,4 day,rosiglitazone maleate,0,mg/kg,Control,666,1,3,Male,Crj:CD(SD)IGS,0,,0,False,,True,True,False,no_finding_recorded
62737,/workspace/andre01/honzawa/02-playground/toxpatho-patch-selector/data/TGGATEs/WSI/Liver/4_day/62737.svs,4 day,rosiglitazone maleate,0,mg/kg,Control,666,1,4,Male,Crj:CD(SD)IGS,0,,0,False,,True,True,False,no_finding_recorded
62739,/workspace/andre01/honzawa/02-playground/toxpatho-patch-selector/data/TGGATEs/WSI/Liver/4_day/62739.svs,4 day,rosiglitazone maleate,0,mg/kg,Control,666,1,5,Male,Crj:CD(SD)IGS,0,,0,False,,True,True,False,no_finding_recorded
6274,/workspace/andre01/honzawa/02-playground/toxpatho-patch-selector/data/TGGATEs/WSI/Liver/8_day/6274.svs,8 day,hexachlorobenzene,30,mg/kg,Low,157,6,4,Male,Crj:CD(SD)IGS,0,,0,False,,True,True,False,no_finding_recorded
62741,/workspace/andre01/honzawa/02-playground/toxpatho-patch-selector/data/TGGATEs/WSI/Liver/8_day/62741.svs,8 day,rosiglitazone maleate,0,mg/kg,Control,666,2,1,Male,Crj:CD(SD)IGS,0,,0,False,,True,True,False,no_finding_recorded
62743,/workspace/andre01/honzawa/02-playground/toxpatho-patch-selector/data/TGGATEs/WSI/Liver/8_day/62743.svs,8 day,rosiglitazone maleate,0,mg/kg,Control,666,2,2,Male,Crj:CD(SD)IGS,0,,0,False,,True,True,False,no_finding_recorded
62745,/workspace/andre01/honzawa/02-playground/toxpatho-patch-selector/data/TGGATEs/WSI/Liver/8_day/62745.svs,8 day,rosiglitazone maleate,0,mg/kg,Control,666,2,3,Male,Crj:CD(SD)IGS,0,,0,False,,True,True,False,no_finding_recorded
62747,/workspace/andre01/honzawa/02-playground/toxpatho-patch-selector/data/TGGATEs/WSI/Liver/8_day/62747.svs,8 day,rosiglitazone maleate,0,mg/kg,Control,666,2,4,Male,Crj:CD(SD)IGS,0,,0,False,,True,True,False,no_finding_recorded
62749,/workspace/andre01/honzawa/02-playground/toxpatho-patch-selector/data/TGGATEs/WSI/Liver/8_day/62749.svs,8 day,rosiglitazone maleate,0,mg/kg,Control,666,2,5,Male,Crj:CD(SD)IGS,0,,0,False,,True,True,False,no_finding_recorded
62751,/workspace/andre01/honzawa/02-playground/toxpatho-patch-selector/data/TGGATEs/WSI/Liver/15_day/62751.svs,15 day,rosiglitazone maleate,0,mg/kg,Control,666,3,1,Male,Crj:CD(SD)IGS,0,,0,False,,True,True,False,no_finding_recorded
62754,/workspace/andre01/honzawa/02-playground/toxpatho-patch-selector/data/TGGATEs/WSI/Liver/15_day/62754.svs,15 day,rosiglitazone maleate,0,mg/kg,Control,666,3,2,Male,Crj:CD(SD)IGS,0,,0,False,,True,True,False,no_finding_recorded
62756,/workspace/andre01/honzawa/02-playground/toxpatho-patch-selector/data/TGGATEs/WSI/Liver/15_day/62756.svs,15 day,rosiglitazone maleate,0,mg/kg,Control,666,3,3,Male,Crj:CD(SD)IGS,0,,0,False,,True,True,False,no_finding_recorded
62758,/workspace/andre01/honzawa/02-playground/toxpatho-patch-selector/data/TGGATEs/WSI/Liver/15_day/62758.svs,15 day,rosiglitazone maleate,0,mg/kg,Control,666,3,4,Male,Crj:CD(SD)IGS,0,,0,False,,True,True,False,no_finding_recorded
62760,/workspace/andre01/honzawa/02-playground/toxpatho-patch-selector/data/TGGATEs/WSI/Liver/15_day/62760.svs,15 day,rosiglitazone maleate,0,mg/kg,Control,666,3,5,Male,Crj:CD(SD)IGS,0,,0,False,,True,True,False,no_finding_recorded
62761,/workspace/andre01/honzawa/02-playground/toxpatho-patch-selector/data/TGGATEs/WSI/Liver/29_day/62761.svs,29 day,rosiglitazone maleate,0,mg/kg,Control,666,4,1,Male,Crj:CD(SD)IGS,0,,0,False,,True,True,False,no_finding_recorded
62764,/workspace/andre01/honzawa/02-playground/toxpatho-patch-selector/data/TGGATEs/WSI/Liver/29_day/62764.svs,29 day,rosiglitazone maleate,0,mg/kg,Control,666,4,2,Male,Crj:CD(SD)IGS,0,,0,False,,True,True,False,no_finding_recorded
62766,/workspace/andre01/honzawa/02-playground/toxpatho-patch-selector/data/TGGATEs/WSI/Liver/29_day/62766.svs,29 day,rosiglitazone maleate,0,mg/kg,Control,666,4,3,Male,Crj:CD(SD)IGS,0,,0,False,,True,True,False,no_finding_recorded
62768,/workspace/andre01/honzawa/02-playground/toxpatho-patch-selector/data/TGGATEs/WSI/Liver/29_day/62768.svs,29 day,rosiglitazone maleate,0,mg/kg,Control,666,4,4,Male,Crj:CD(SD)IGS,0,,0,False,,True,True,False,no_finding_recorded
6277,/workspace/andre01/honzawa/02-playground/toxpatho-patch-selector/data/TGGATEs/WSI/Liver/8_day/6277.svs,8 day,hexachlorobenzene,30,mg/kg,Low,157,6,5,Male,Crj:CD(SD)IGS,0,,0,False,,True,True,False,no_finding_recorded
62770,/workspace/andre01/honzawa/02-playground/toxpatho-patch-selector/data/TGGATEs/WSI/Liver/29_day/62770.svs,29 day,rosiglitazone maleate,0,mg/kg,Control,666,4,5,Male,Crj:CD(SD)IGS,0,,0,False,,True,True,False,no_finding_recorded
62772,/workspace/andre01/honzawa/02-playground/toxpatho-patch-selector/data/TGGATEs/WSI/Liver/4_day/62772.svs,4 day,rosiglitazone maleate,2,mg/kg,Low,666,5,1,Male,Crj:CD(SD)IGS,0,,0,False,,True,True,False,no_finding_recorded
62774,/workspace/andre01/honzawa/02-playground/toxpatho-patch-selector/data/TGGATEs/WSI/Liver/4_day/62774.svs,4 day,rosiglitazone maleate,2,mg/kg,Low,666,5,2,Male,Crj:CD(SD)IGS,0,,0,False,,True,True,False,no_finding_recorded
62775,/workspace/andre01/honzawa/02-playground/toxpatho-patch-selector/data/TGGATEs/WSI/Liver/4_day/62775.svs,4 day,rosiglitazone maleate,2,mg/kg,Low,666,5,3,Male,Crj:CD(SD)IGS,0,,0,False,,True,True,False,no_finding_recorded
62777,/workspace/andre01/honzawa/02-playground/toxpatho-patch-selector/data/TGGATEs/WSI/Liver/4_day/62777.svs,4 day,rosiglitazone maleate,2,mg/kg,Low,666,5,4,Male,Crj:CD(SD)IGS,0,,0,False,,True,True,False,no_finding_recorded
62779,/workspace/andre01/honzawa/02-playground/toxpatho-patch-selector/data/TGGATEs/WSI/Liver/4_day/62779.svs,4 day,rosiglitazone maleate,2,mg/kg,Low,666,5,5,Male,Crj:CD(SD)IGS,0,,0,False,,True,True,False,no_finding_recorded
62781,/workspace/andre01/honzawa/02-playground/toxpatho-patch-selector/data/TGGATEs/WSI/Liver/8_day/62781.svs,8 day,rosiglitazone maleate,2,mg/kg,Low,666,6,1,Male,Crj:CD(SD)IGS,0,,0,False,,True,True,False,no_finding_recorded
62783,/workspace/andre01/honzawa/02-playground/toxpatho-patch-selector/data/TGGATEs/WSI/Liver/8_day/62783.svs,8 day,rosiglitazone maleate,2,mg/kg,Low,666,6,2,Male,Crj:CD(SD)IGS,0,,0,False,,True,True,False,no_finding_recorded
62785,/workspace/andre01/honzawa/02-playground/toxpatho-patch-selector/data/TGGATEs/WSI/Liver/8_day/62785.svs,8 day,rosiglitazone maleate,2,mg/kg,Low,666,6,3,Male,Crj:CD(SD)IGS,0,,0,False,,True,True,False,no_finding_recorded
62787,/workspace/andre01/honzawa/02-playground/toxpatho-patch-selector/data/TGGATEs/WSI/Liver/8_day/62787.svs,8 day,rosiglitazone maleate,2,mg/kg,Low,666,6,4,Male,Crj:CD(SD)IGS,0,,0,False,,True,True,False,no_finding_recorded
62789,/workspace/andre01/honzawa/02-playground/toxpatho-patch-selector/data/TGGATEs/WSI/Liver/8_day/62789.svs,8 day,rosiglitazone maleate,2,mg/kg,Low,666,6,5,Male,Crj:CD(SD)IGS,0,,0,False,,True,True,False,no_finding_recorded
62791,/workspace/andre01/honzawa/02-playground/toxpatho-patch-selector/data/TGGATEs/WSI/Liver/15_day/62791.svs,15 day,rosiglitazone maleate,2,mg/kg,Low,666,7,1,Male,Crj:CD(SD)IGS,0,,0,False,,True,True,False,no_finding_recorded
62793,/workspace/andre01/honzawa/02-playground/toxpatho-patch-selector/data/TGGATEs/WSI/Liver/15_day/62793.svs,15 day,rosiglitazone maleate,2,mg/kg,Low,666,7,2,Male,Crj:CD(SD)IGS,0,,0,False,,True,True,False,no_finding_recorded
62796,/workspace/andre01/honzawa/02-playground/toxpatho-patch-selector/data/TGGATEs/WSI/Liver/15_day/62796.svs,15 day,rosiglitazone maleate,2,mg/kg,Low,666,7,3,Male,Crj:CD(SD)IGS,0,,0,False,,True,True,False,no_finding_recorded
62797,/workspace/andre01/honzawa/02-playground/toxpatho-patch-selector/data/TGGATEs/WSI/Liver/15_day/62797.svs,15 day,rosiglitazone maleate,2,mg/kg,Low,666,7,4,Male,Crj:CD(SD)IGS,0,,0,False,,True,True,False,no_finding_recorded
6280,/workspace/andre01/honzawa/02-playground/toxpatho-patch-selector/data/TGGATEs/WSI/Liver/15_day/6280.svs,15 day,hexachlorobenzene,30,mg/kg,Low,157,7,1,Male,Crj:CD(SD)IGS,2,2.0,2,True,slight,True,True,False,recorded_finding
62800,/workspace/andre01/honzawa/02-playground/toxpatho-patch-selector/data/TGGATEs/WSI/Liver/15_day/62800.svs,15 day,rosiglitazone maleate,2,mg/kg,Low,666,7,5,Male,Crj:CD(SD)IGS,0,,0,False,,True,True,False,no_finding_recorded
62801,/workspace/andre01/honzawa/02-playground/toxpatho-patch-selector/data/TGGATEs/WSI/Liver/29_day/62801.svs,29 day,rosiglitazone maleate,2,mg/kg,Low,666,8,1,Male,Crj:CD(SD)IGS,0,,0,False,,True,True,False,no_finding_recorded
62803,/workspace/andre01/honzawa/02-playground/toxpatho-patch-selector/data/TGGATEs/WSI/Liver/29_day/62803.svs,29 day,rosiglitazone maleate,2,mg/kg,Low,666,8,2,Male,Crj:CD(SD)IGS,0,,0,False,,True,True,False,no_finding_recorded
62805,/workspace/andre01/honzawa/02-playground/toxpatho-patch-selector/data/TGGATEs/WSI/Liver/29_day/62805.svs,29 day,rosiglitazone maleate,2,mg/kg,Low,666,8,3,Male,Crj:CD(SD)IGS,0,,0,False,,True,True,False,no_finding_recorded
62807,/workspace/andre01/honzawa/02-playground/toxpatho-patch-selector/data/TGGATEs/WSI/Liver/29_day/62807.svs,29 day,rosiglitazone maleate,2,mg/kg,Low,666,8,4,Male,Crj:CD(SD)IGS,0,,0,False,,True,True,False,no_finding_recorded
62810,/workspace/andre01/honzawa/02-playground/toxpatho-patch-selector/data/TGGATEs/WSI/Liver/29_day/62810.svs,29 day,rosiglitazone maleate,2,mg/kg,Low,666,8,5,Male,Crj:CD(SD)IGS,0,,0,False,,True,True,False,no_finding_recorded
62812,/workspace/andre01/honzawa/02-playground/toxpatho-patch-selector/data/TGGATEs/WSI/Liver/4_day/62812.svs,4 day,rosiglitazone maleate,20,mg/kg,Middle,666,9,1,Male,Crj:CD(SD)IGS,0,,0,False,,True,True,False,no_finding_recorded
62814,/workspace/andre01/honzawa/02-playground/toxpatho-patch-selector/data/TGGATEs/WSI/Liver/4_day/62814.svs,4 day,rosiglitazone maleate,20,mg/kg,Middle,666,9,2,Male,Crj:CD(SD)IGS,0,,0,False,,True,True,False,no_finding_recorded
62815,/workspace/andre01/honzawa/02-playground/toxpatho-patch-selector/data/TGGATEs/WSI/Liver/4_day/62815.svs,4 day,rosiglitazone maleate,20,mg/kg,Middle,666,9,3,Male,Crj:CD(SD)IGS,0,,0,False,,True,True,False,no_finding_recorded
62817,/workspace/andre01/honzawa/02-playground/toxpatho-patch-selector/data/TGGATEs/WSI/Liver/4_day/62817.svs,4 day,rosiglitazone maleate,20,mg/kg,Middle,666,9,4,Male,Crj:CD(SD)IGS,0,,0,False,,True,True,False,no_finding_recorded
62820,/workspace/andre01/honzawa/02-playground/toxpatho-patch-selector/data/TGGATEs/WSI/Liver/4_day/62820.svs,4 day,rosiglitazone maleate,20,mg/kg,Middle,666,9,5,Male,Crj:CD(SD)IGS,0,,0,False,,True,True,False,no_finding_recorded
62821,/workspace/andre01/honzawa/02-playground/toxpatho-patch-selector/data/TGGATEs/WSI/Liver/8_day/62821.svs,8 day,rosiglitazone maleate,20,mg/kg,Middle,666,10,1,Male,Crj:CD(SD)IGS,0,,0,False,,True,True,False,no_finding_recorded
62823,/workspace/andre01/honzawa/02-playground/toxpatho-patch-selector/data/TGGATEs/WSI/Liver/8_day/62823.svs,8 day,rosiglitazone maleate,20,mg/kg,Middle,666,10,2,Male,Crj:CD(SD)IGS,0,,0,False,,True,True,False,no_finding_recorded
62825,/workspace/andre01/honzawa/02-playground/toxpatho-patch-selector/data/TGGATEs/WSI/Liver/8_day/62825.svs,8 day,rosiglitazone maleate,20,mg/kg,Middle,666,10,3,Male,Crj:CD(SD)IGS,0,,0,False,,True,True,False,no_finding_recorded
62828,/workspace/andre01/honzawa/02-playground/toxpatho-patch-selector/data/TGGATEs/WSI/Liver/8_day/62828.svs,8 day,rosiglitazone maleate,20,mg/kg,Middle,666,10,4,Male,Crj:CD(SD)IGS,0,,0,False,,True,True,False,no_finding_recorded
62829,/workspace/andre01/honzawa/02-playground/toxpatho-patch-selector/data/TGGATEs/WSI/Liver/8_day/62829.svs,8 day,rosiglitazone maleate,20,mg/kg,Middle,666,10,5,Male,Crj:CD(SD)IGS,0,,0,False,,True,True,False,no_finding_recorded
6283,/workspace/andre01/honzawa/02-playground/toxpatho-patch-selector/data/TGGATEs/WSI/Liver/15_day/6283.svs,15 day,hexachlorobenzene,30,mg/kg,Low,157,7,2,Male,Crj:CD(SD)IGS,2,2.0,2,True,slight,True,True,False,recorded_finding
62832,/workspace/andre01/honzawa/02-playground/toxpatho-patch-selector/data/TGGATEs/WSI/Liver/15_day/62832.svs,15 day,rosiglitazone maleate,20,mg/kg,Middle,666,11,1,Male,Crj:CD(SD)IGS,0,,0,False,,True,True,False,no_finding_recorded
62834,/workspace/andre01/honzawa/02-playground/toxpatho-patch-selector/data/TGGATEs/WSI/Liver/15_day/62834.svs,15 day,rosiglitazone maleate,20,mg/kg,Middle,666,11,2,Male,Crj:CD(SD)IGS,0,,0,False,,True,True,False,no_finding_recorded
62836,/workspace/andre01/honzawa/02-playground/toxpatho-patch-selector/data/TGGATEs/WSI/Liver/15_day/62836.svs,15 day,rosiglitazone maleate,20,mg/kg,Middle,666,11,3,Male,Crj:CD(SD)IGS,0,,0,False,,True,True,False,no_finding_recorded
62838,/workspace/andre01/honzawa/02-playground/toxpatho-patch-selector/data/TGGATEs/WSI/Liver/15_day/62838.svs,15 day,rosiglitazone maleate,20,mg/kg,Middle,666,11,4,Male,Crj:CD(SD)IGS,0,,0,False,,True,True,False,no_finding_recorded
62840,/workspace/andre01/honzawa/02-playground/toxpatho-patch-selector/data/TGGATEs/WSI/Liver/15_day/62840.svs,15 day,rosiglitazone maleate,20,mg/kg,Middle,666,11,5,Male,Crj:CD(SD)IGS,0,,0,False,,True,True,False,no_finding_recorded
62842,/workspace/andre01/honzawa/02-playground/toxpatho-patch-selector/data/TGGATEs/WSI/Liver/29_day/62842.svs,29 day,rosiglitazone maleate,20,mg/kg,Middle,666,12,1,Male,Crj:CD(SD)IGS,0,,0,False,,True,True,False,no_finding_recorded
62844,/workspace/andre01/honzawa/02-playground/toxpatho-patch-selector/data/TGGATEs/WSI/Liver/29_day/62844.svs,29 day,rosiglitazone maleate,20,mg/kg,Middle,666,12,2,Male,Crj:CD(SD)IGS,0,,0,False,,True,True,False,no_finding_recorded
62846,/workspace/andre01/honzawa/02-playground/toxpatho-patch-selector/data/TGGATEs/WSI/Liver/29_day/62846.svs,29 day,rosiglitazone maleate,20,mg/kg,Middle,666,12,3,Male,Crj:CD(SD)IGS,0,,0,False,,True,True,False,no_finding_recorded
62848,/workspace/andre01/honzawa/02-playground/toxpatho-patch-selector/data/TGGATEs/WSI/Liver/29_day/62848.svs,29 day,rosiglitazone maleate,20,mg/kg,Middle,666,12,4,Male,Crj:CD(SD)IGS,1,1.0,1,True,minimal,True,True,False,recorded_finding
62850,/workspace/andre01/honzawa/02-playground/toxpatho-patch-selector/data/TGGATEs/WSI/Liver/29_day/62850.svs,29 day,rosiglitazone maleate,20,mg/kg,Middle,666,12,5,Male,Crj:CD(SD)IGS,0,,0,False,,True,True,False,no_finding_recorded
62852,/workspace/andre01/honzawa/02-playground/toxpatho-patch-selector/data/TGGATEs/WSI/Liver/4_day/62852.svs,4 day,rosiglitazone maleate,100,mg/kg,High,666,13,1,Male,Crj:CD(SD)IGS,0,,0,False,,True,True,False,no_finding_recorded
62854,/workspace/andre01/honzawa/02-playground/toxpatho-patch-selector/data/TGGATEs/WSI/Liver/4_day/62854.svs,4 day,rosiglitazone maleate,100,mg/kg,High,666,13,2,Male,Crj:CD(SD)IGS,0,,0,False,,True,True,False,no_finding_recorded
62856,/workspace/andre01/honzawa/02-playground/toxpatho-patch-selector/data/TGGATEs/WSI/Liver/4_day/62856.svs,4 day,rosiglitazone maleate,100,mg/kg,High,666,13,3,Male,Crj:CD(SD)IGS,0,,0,False,,True,True,False,no_finding_recorded
62858,/workspace/andre01/honzawa/02-playground/toxpatho-patch-selector/data/TGGATEs/WSI/Liver/4_day/62858.svs,4 day,rosiglitazone maleate,100,mg/kg,High,666,13,4,Male,Crj:CD(SD)IGS,0,,0,False,,True,True,False,no_finding_recorded
62860,/workspace/andre01/honzawa/02-playground/toxpatho-patch-selector/data/TGGATEs/WSI/Liver/4_day/62860.svs,4 day,rosiglitazone maleate,100,mg/kg,High,666,13,5,Male,Crj:CD(SD)IGS,0,,0,False,,True,True,False,no_finding_recorded
62862,/workspace/andre01/honzawa/02-playground/toxpatho-patch-selector/data/TGGATEs/WSI/Liver/8_day/62862.svs,8 day,rosiglitazone maleate,100,mg/kg,High,666,14,1,Male,Crj:CD(SD)IGS,0,,0,False,,True,True,False,no_finding_recorded
62864,/workspace/andre01/honzawa/02-playground/toxpatho-patch-selector/data/TGGATEs/WSI/Liver/8_day/62864.svs,8 day,rosiglitazone maleate,100,mg/kg,High,666,14,2,Male,Crj:CD(SD)IGS,0,,0,False,,True,True,False,no_finding_recorded
62866,/workspace/andre01/honzawa/02-playground/toxpatho-patch-selector/data/TGGATEs/WSI/Liver/8_day/62866.svs,8 day,rosiglitazone maleate,100,mg/kg,High,666,14,3,Male,Crj:CD(SD)IGS,0,,0,False,,True,True,False,no_finding_recorded
62868,/workspace/andre01/honzawa/02-playground/toxpatho-patch-selector/data/TGGATEs/WSI/Liver/8_day/62868.svs,8 day,rosiglitazone maleate,100,mg/kg,High,666,14,4,Male,Crj:CD(SD)IGS,0,,0,False,,True,True,False,no_finding_recorded
6287,/workspace/andre01/honzawa/02-playground/toxpatho-patch-selector/data/TGGATEs/WSI/Liver/15_day/6287.svs,15 day,hexachlorobenzene,30,mg/kg,Low,157,7,3,Male,Crj:CD(SD)IGS,3,2.0,3,True,slight,True,True,False,recorded_finding
62870,/workspace/andre01/honzawa/02-playground/toxpatho-patch-selector/data/TGGATEs/WSI/Liver/8_day/62870.svs,8 day,rosiglitazone maleate,100,mg/kg,High,666,14,5,Male,Crj:CD(SD)IGS,0,,0,False,,True,True,False,no_finding_recorded
62872,/workspace/andre01/honzawa/02-playground/toxpatho-patch-selector/data/TGGATEs/WSI/Liver/15_day/62872.svs,15 day,rosiglitazone maleate,100,mg/kg,High,666,15,1,Male,Crj:CD(SD)IGS,0,,0,False,,True,True,False,no_finding_recorded
62874,/workspace/andre01/honzawa/02-playground/toxpatho-patch-selector/data/TGGATEs/WSI/Liver/15_day/62874.svs,15 day,rosiglitazone maleate,100,mg/kg,High,666,15,2,Male,Crj:CD(SD)IGS,0,,0,False,,True,True,False,no_finding_recorded
62877,/workspace/andre01/honzawa/02-playground/toxpatho-patch-selector/data/TGGATEs/WSI/Liver/15_day/62877.svs,15 day,rosiglitazone maleate,100,mg/kg,High,666,15,3,Male,Crj:CD(SD)IGS,0,,0,False,,True,True,False,no_finding_recorded
62879,/workspace/andre01/honzawa/02-playground/toxpatho-patch-selector/data/TGGATEs/WSI/Liver/15_day/62879.svs,15 day,rosiglitazone maleate,100,mg/kg,High,666,15,4,Male,Crj:CD(SD)IGS,0,,0,False,,True,True,False,no_finding_recorded
62881,/workspace/andre01/honzawa/02-playground/toxpatho-patch-selector/data/TGGATEs/WSI/Liver/15_day/62881.svs,15 day,rosiglitazone maleate,100,mg/kg,High,666,15,5,Male,Crj:CD(SD)IGS,0,,0,False,,True,True,False,no_finding_recorded
62883,/workspace/andre01/honzawa/02-playground/toxpatho-patch-selector/data/TGGATEs/WSI/Liver/29_day/62883.svs,29 day,rosiglitazone maleate,100,mg/kg,High,666,16,1,Male,Crj:CD(SD)IGS,0,,0,False,,True,True,False,no_finding_recorded
62885,/workspace/andre01/honzawa/02-playground/toxpatho-patch-selector/data/TGGATEs/WSI/Liver/29_day/62885.svs,29 day,rosiglitazone maleate,100,mg/kg,High,666,16,2,Male,Crj:CD(SD)IGS,1,1.0,1,True,minimal,True,True,False,recorded_finding
62887,/workspace/andre01/honzawa/02-playground/toxpatho-patch-selector/data/TGGATEs/WSI/Liver/29_day/62887.svs,29 day,rosiglitazone maleate,100,mg/kg,High,666,16,3,Male,Crj:CD(SD)IGS,1,1.0,1,True,minimal,True,True,False,recorded_finding
62889,/workspace/andre01/honzawa/02-playground/toxpatho-patch-selector/data/TGGATEs/WSI/Liver/29_day/62889.svs,29 day,rosiglitazone maleate,100,mg/kg,High,666,16,4,Male,Crj:CD(SD)IGS,0,,0,False,,True,True,False,no_finding_recorded
62892,/workspace/andre01/honzawa/02-playground/toxpatho-patch-selector/data/TGGATEs/WSI/Liver/29_day/62892.svs,29 day,rosiglitazone maleate,100,mg/kg,High,666,16,5,Male,Crj:CD(SD)IGS,0,,0,False,,True,True,False,no_finding_recorded
6291,/workspace/andre01/honzawa/02-playground/toxpatho-patch-selector/data/TGGATEs/WSI/Liver/15_day/6291.svs,15 day,hexachlorobenzene,30,mg/kg,Low,157,7,4,Male,Crj:CD(SD)IGS,2,2.0,2,True,slight,True,True,False,recorded_finding
6294,/workspace/andre01/honzawa/02-playground/toxpatho-patch-selector/data/TGGATEs/WSI/Liver/15_day/6294.svs,15 day,hexachlorobenzene,30,mg/kg,Low,157,7,5,Male,Crj:CD(SD)IGS,3,2.0,3,True,slight,True,True,False,recorded_finding
6296,/workspace/andre01/honzawa/02-playground/toxpatho-patch-selector/data/TGGATEs/WSI/Liver/29_day/6296.svs,29 day,hexachlorobenzene,30,mg/kg,Low,157,8,1,Male,Crj:CD(SD)IGS,2,3.0,2,True,moderate,True,True,False,recorded_finding
6298,/workspace/andre01/honzawa/02-playground/toxpatho-patch-selector/data/TGGATEs/WSI/Liver/29_day/6298.svs,29 day,hexachlorobenzene,30,mg/kg,Low,157,8,2,Male,Crj:CD(SD)IGS,2,3.0,2,True,moderate,True,True,False,recorded_finding
6299,/workspace/andre01/honzawa/02-playground/toxpatho-patch-selector/data/TGGATEs/WSI/Liver/29_day/6299.svs,29 day,hexachlorobenzene,30,mg/kg,Low,157,8,3,Male,Crj:CD(SD)IGS,2,3.0,2,True,moderate,True,True,False,recorded_finding
6301,/workspace/andre01/honzawa/02-playground/toxpatho-patch-selector/data/TGGATEs/WSI/Liver/29_day/6301.svs,29 day,hexachlorobenzene,30,mg/kg,Low,157,8,4,Male,Crj:CD(SD)IGS,2,3.0,2,True,moderate,True,True,False,recorded_finding
6302,/workspace/andre01/honzawa/02-playground/toxpatho-patch-selector/data/TGGATEs/WSI/Liver/29_day/6302.svs,29 day,hexachlorobenzene,30,mg/kg,Low,157,8,5,Male,Crj:CD(SD)IGS,3,3.0,3,True,moderate,True,True,False,recorded_finding
6358,/workspace/andre01/honzawa/02-playground/toxpatho-patch-selector/data/TGGATEs/WSI/Liver/4_day/6358.svs,4 day,hexachlorobenzene,100,mg/kg,Middle,157,9,1,Male,Crj:CD(SD)IGS,0,,0,False,,True,True,False,no_finding_recorded
6359,/workspace/andre01/honzawa/02-playground/toxpatho-patch-selector/data/TGGATEs/WSI/Liver/4_day/6359.svs,4 day,hexachlorobenzene,100,mg/kg,Middle,157,9,2,Male,Crj:CD(SD)IGS,1,1.0,1,True,minimal,True,True,False,recorded_finding
6361,/workspace/andre01/honzawa/02-playground/toxpatho-patch-selector/data/TGGATEs/WSI/Liver/4_day/6361.svs,4 day,hexachlorobenzene,100,mg/kg,Middle,157,9,3,Male,Crj:CD(SD)IGS,0,,0,False,,True,True,False,no_finding_recorded
6362,/workspace/andre01/honzawa/02-playground/toxpatho-patch-selector/data/TGGATEs/WSI/Liver/4_day/6362.svs,4 day,hexachlorobenzene,100,mg/kg,Middle,157,9,4,Male,Crj:CD(SD)IGS,1,1.0,1,True,minimal,True,True,False,recorded_finding
63627,/workspace/andre01/honzawa/02-playground/toxpatho-patch-selector/data/TGGATEs/WSI/Liver/4_day/63627.svs,4 day,methylene dianiline,0,mg/kg,Control,686,1,1,Male,Crj:CD(SD)IGS,0,,0,False,,True,True,False,no_finding_recorded
6363,/workspace/andre01/honzawa/02-playground/toxpatho-patch-selector/data/TGGATEs/WSI/Liver/4_day/6363.svs,4 day,hexachlorobenzene,100,mg/kg,Middle,157,9,5,Male,Crj:CD(SD)IGS,0,,0,False,,True,True,False,no_finding_recorded
63630,/workspace/andre01/honzawa/02-playground/toxpatho-patch-selector/data/TGGATEs/WSI/Liver/4_day/63630.svs,4 day,methylene dianiline,0,mg/kg,Control,686,1,2,Male,Crj:CD(SD)IGS,0,,0,False,,True,True,False,no_finding_recorded
63634,/workspace/andre01/honzawa/02-playground/toxpatho-patch-selector/data/TGGATEs/WSI/Liver/4_day/63634.svs,4 day,methylene dianiline,0,mg/kg,Control,686,1,3,Male,Crj:CD(SD)IGS,0,,0,False,,True,True,False,no_finding_recorded
63638,/workspace/andre01/honzawa/02-playground/toxpatho-patch-selector/data/TGGATEs/WSI/Liver/4_day/63638.svs,4 day,methylene dianiline,0,mg/kg,Control,686,1,4,Male,Crj:CD(SD)IGS,0,,0,False,,True,True,False,no_finding_recorded
63641,/workspace/andre01/honzawa/02-playground/toxpatho-patch-selector/data/TGGATEs/WSI/Liver/4_day/63641.svs,4 day,methylene dianiline,0,mg/kg,Control,686,1,5,Male,Crj:CD(SD)IGS,0,,0,False,,True,True,False,no_finding_recorded
63645,/workspace/andre01/honzawa/02-playground/toxpatho-patch-selector/data/TGGATEs/WSI/Liver/4_day/63645.svs,4 day,methylene dianiline,10,mg/kg,Low,686,5,1,Male,Crj:CD(SD)IGS,0,,0,False,,True,True,False,no_finding_recorded
63649,/workspace/andre01/honzawa/02-playground/toxpatho-patch-selector/data/TGGATEs/WSI/Liver/4_day/63649.svs,4 day,methylene dianiline,10,mg/kg,Low,686,5,2,Male,Crj:CD(SD)IGS,0,,0,False,,True,True,False,no_finding_recorded
6365,/workspace/andre01/honzawa/02-playground/toxpatho-patch-selector/data/TGGATEs/WSI/Liver/8_day/6365.svs,8 day,hexachlorobenzene,100,mg/kg,Middle,157,10,1,Male,Crj:CD(SD)IGS,1,1.0,1,True,minimal,True,True,False,recorded_finding
63653,/workspace/andre01/honzawa/02-playground/toxpatho-patch-selector/data/TGGATEs/WSI/Liver/4_day/63653.svs,4 day,methylene dianiline,10,mg/kg,Low,686,5,3,Male,Crj:CD(SD)IGS,0,,0,False,,True,True,False,no_finding_recorded
63657,/workspace/andre01/honzawa/02-playground/toxpatho-patch-selector/data/TGGATEs/WSI/Liver/4_day/63657.svs,4 day,methylene dianiline,10,mg/kg,Low,686,5,4,Male,Crj:CD(SD)IGS,0,,0,False,,True,True,False,no_finding_recorded
6366,/workspace/andre01/honzawa/02-playground/toxpatho-patch-selector/data/TGGATEs/WSI/Liver/8_day/6366.svs,8 day,hexachlorobenzene,100,mg/kg,Middle,157,10,2,Male,Crj:CD(SD)IGS,1,1.0,1,True,minimal,True,True,False,recorded_finding
63661,/workspace/andre01/honzawa/02-playground/toxpatho-patch-selector/data/TGGATEs/WSI/Liver/4_day/63661.svs,4 day,methylene dianiline,10,mg/kg,Low,686,5,5,Male,Crj:CD(SD)IGS,0,,0,False,,True,True,False,no_finding_recorded
63665,/workspace/andre01/honzawa/02-playground/toxpatho-patch-selector/data/TGGATEs/WSI/Liver/4_day/63665.svs,4 day,methylene dianiline,30,mg/kg,Middle,686,9,1,Male,Crj:CD(SD)IGS,3,1.0,3,True,minimal,True,True,False,recorded_finding
63669,/workspace/andre01/honzawa/02-playground/toxpatho-patch-selector/data/TGGATEs/WSI/Liver/4_day/63669.svs,4 day,methylene dianiline,30,mg/kg,Middle,686,9,2,Male,Crj:CD(SD)IGS,2,1.0,2,True,minimal,True,True,False,recorded_finding
63672,/workspace/andre01/honzawa/02-playground/toxpatho-patch-selector/data/TGGATEs/WSI/Liver/4_day/63672.svs,4 day,methylene dianiline,30,mg/kg,Middle,686,9,3,Male,Crj:CD(SD)IGS,5,2.0,5,True,slight,True,True,False,recorded_finding
63676,/workspace/andre01/honzawa/02-playground/toxpatho-patch-selector/data/TGGATEs/WSI/Liver/4_day/63676.svs,4 day,methylene dianiline,30,mg/kg,Middle,686,9,4,Male,Crj:CD(SD)IGS,7,2.0,7,True,slight,True,True,False,recorded_finding
6368,/workspace/andre01/honzawa/02-playground/toxpatho-patch-selector/data/TGGATEs/WSI/Liver/8_day/6368.svs,8 day,hexachlorobenzene,100,mg/kg,Middle,157,10,3,Male,Crj:CD(SD)IGS,1,1.0,1,True,minimal,True,True,False,recorded_finding
63680,/workspace/andre01/honzawa/02-playground/toxpatho-patch-selector/data/TGGATEs/WSI/Liver/4_day/63680.svs,4 day,methylene dianiline,30,mg/kg,Middle,686,9,5,Male,Crj:CD(SD)IGS,5,1.0,5,True,minimal,True,True,False,recorded_finding
63684,/workspace/andre01/honzawa/02-playground/toxpatho-patch-selector/data/TGGATEs/WSI/Liver/4_day/63684.svs,4 day,methylene dianiline,100,mg/kg,High,686,13,1,Male,Crj:CD(SD)IGS,7,2.0,7,True,slight,True,True,False,recorded_finding
63687,/workspace/andre01/honzawa/02-playground/toxpatho-patch-selector/data/TGGATEs/WSI/Liver/4_day/63687.svs,4 day,methylene dianiline,100,mg/kg,High,686,13,2,Male,Crj:CD(SD)IGS,8,2.0,8,True,slight,True,True,False,recorded_finding
6369,/workspace/andre01/honzawa/02-playground/toxpatho-patch-selector/data/TGGATEs/WSI/Liver/8_day/6369.svs,8 day,hexachlorobenzene,100,mg/kg,Middle,157,10,4,Male,Crj:CD(SD)IGS,1,1.0,1,True,minimal,True,True,False,recorded_finding
63691,/workspace/andre01/honzawa/02-playground/toxpatho-patch-selector/data/TGGATEs/WSI/Liver/4_day/63691.svs,4 day,methylene dianiline,100,mg/kg,High,686,13,3,Male,Crj:CD(SD)IGS,6,2.0,6,True,slight,True,True,False,recorded_finding
63698,/workspace/andre01/honzawa/02-playground/toxpatho-patch-selector/data/TGGATEs/WSI/Liver/4_day/63698.svs,4 day,methylene dianiline,100,mg/kg,High,686,13,5,Male,Crj:CD(SD)IGS,7,2.0,7,True,slight,True,True,False,recorded_finding
63702,/workspace/andre01/honzawa/02-playground/toxpatho-patch-selector/data/TGGATEs/WSI/Liver/8_day/63702.svs,8 day,methylene dianiline,0,mg/kg,Control,686,2,1,Male,Crj:CD(SD)IGS,0,,0,False,,True,True,False,no_finding_recorded
63706,/workspace/andre01/honzawa/02-playground/toxpatho-patch-selector/data/TGGATEs/WSI/Liver/8_day/63706.svs,8 day,methylene dianiline,0,mg/kg,Control,686,2,2,Male,Crj:CD(SD)IGS,0,,0,False,,True,True,False,no_finding_recorded
6371,/workspace/andre01/honzawa/02-playground/toxpatho-patch-selector/data/TGGATEs/WSI/Liver/8_day/6371.svs,8 day,hexachlorobenzene,100,mg/kg,Middle,157,10,5,Male,Crj:CD(SD)IGS,1,1.0,1,True,minimal,True,True,False,recorded_finding
63710,/workspace/andre01/honzawa/02-playground/toxpatho-patch-selector/data/TGGATEs/WSI/Liver/8_day/63710.svs,8 day,methylene dianiline,0,mg/kg,Control,686,2,3,Male,Crj:CD(SD)IGS,0,,0,False,,True,True,False,no_finding_recorded
63714,/workspace/andre01/honzawa/02-playground/toxpatho-patch-selector/data/TGGATEs/WSI/Liver/8_day/63714.svs,8 day,methylene dianiline,0,mg/kg,Control,686,2,4,Male,Crj:CD(SD)IGS,0,,0,False,,True,True,False,no_finding_recorded
63717,/workspace/andre01/honzawa/02-playground/toxpatho-patch-selector/data/TGGATEs/WSI/Liver/8_day/63717.svs,8 day,methylene dianiline,0,mg/kg,Control,686,2,5,Male,Crj:CD(SD)IGS,0,,0,False,,True,True,False,no_finding_recorded
6372,/workspace/andre01/honzawa/02-playground/toxpatho-patch-selector/data/TGGATEs/WSI/Liver/15_day/6372.svs,15 day,hexachlorobenzene,100,mg/kg,Middle,157,11,1,Male,Crj:CD(SD)IGS,2,2.0,2,True,slight,True,True,False,recorded_finding
63721,/workspace/andre01/honzawa/02-playground/toxpatho-patch-selector/data/TGGATEs/WSI/Liver/8_day/63721.svs,8 day,methylene dianiline,10,mg/kg,Low,686,6,1,Male,Crj:CD(SD)IGS,0,,0,False,,True,True,False,no_finding_recorded
63725,/workspace/andre01/honzawa/02-playground/toxpatho-patch-selector/data/TGGATEs/WSI/Liver/8_day/63725.svs,8 day,methylene dianiline,10,mg/kg,Low,686,6,2,Male,Crj:CD(SD)IGS,0,,0,False,,True,True,False,no_finding_recorded
63729,/workspace/andre01/honzawa/02-playground/toxpatho-patch-selector/data/TGGATEs/WSI/Liver/8_day/63729.svs,8 day,methylene dianiline,10,mg/kg,Low,686,6,3,Male,Crj:CD(SD)IGS,0,,0,False,,True,True,False,no_finding_recorded
63733,/workspace/andre01/honzawa/02-playground/toxpatho-patch-selector/data/TGGATEs/WSI/Liver/8_day/63733.svs,8 day,methylene dianiline,10,mg/kg,Low,686,6,4,Male,Crj:CD(SD)IGS,0,,0,False,,True,True,False,no_finding_recorded
63737,/workspace/andre01/honzawa/02-playground/toxpatho-patch-selector/data/TGGATEs/WSI/Liver/8_day/63737.svs,8 day,methylene dianiline,10,mg/kg,Low,686,6,5,Male,Crj:CD(SD)IGS,0,,0,False,,True,True,False,no_finding_recorded
6374,/workspace/andre01/honzawa/02-playground/toxpatho-patch-selector/data/TGGATEs/WSI/Liver/15_day/6374.svs,15 day,hexachlorobenzene,100,mg/kg,Middle,157,11,2,Male,Crj:CD(SD)IGS,3,2.0,3,True,slight,True,True,False,recorded_finding
63740,/workspace/andre01/honzawa/02-playground/toxpatho-patch-selector/data/TGGATEs/WSI/Liver/8_day/63740.svs,8 day,methylene dianiline,30,mg/kg,Middle,686,10,1,Male,Crj:CD(SD)IGS,0,,0,False,,True,True,False,no_finding_recorded
63744,/workspace/andre01/honzawa/02-playground/toxpatho-patch-selector/data/TGGATEs/WSI/Liver/8_day/63744.svs,8 day,methylene dianiline,30,mg/kg,Middle,686,10,2,Male,Crj:CD(SD)IGS,0,,0,False,,True,True,False,no_finding_recorded
63748,/workspace/andre01/honzawa/02-playground/toxpatho-patch-selector/data/TGGATEs/WSI/Liver/8_day/63748.svs,8 day,methylene dianiline,30,mg/kg,Middle,686,10,3,Male,Crj:CD(SD)IGS,2,1.0,2,True,minimal,True,True,False,recorded_finding
6375,/workspace/andre01/honzawa/02-playground/toxpatho-patch-selector/data/TGGATEs/WSI/Liver/15_day/6375.svs,15 day,hexachlorobenzene,100,mg/kg,Middle,157,11,3,Male,Crj:CD(SD)IGS,3,2.0,3,True,slight,True,True,False,recorded_finding
63752,/workspace/andre01/honzawa/02-playground/toxpatho-patch-selector/data/TGGATEs/WSI/Liver/8_day/63752.svs,8 day,methylene dianiline,30,mg/kg,Middle,686,10,4,Male,Crj:CD(SD)IGS,1,1.0,1,True,minimal,True,True,False,recorded_finding
63756,/workspace/andre01/honzawa/02-playground/toxpatho-patch-selector/data/TGGATEs/WSI/Liver/8_day/63756.svs,8 day,methylene dianiline,30,mg/kg,Middle,686,10,5,Male,Crj:CD(SD)IGS,1,1.0,1,True,minimal,True,True,False,recorded_finding
63760,/workspace/andre01/honzawa/02-playground/toxpatho-patch-selector/data/TGGATEs/WSI/Liver/8_day/63760.svs,8 day,methylene dianiline,100,mg/kg,High,686,14,1,Male,Crj:CD(SD)IGS,7,2.0,7,True,slight,True,True,False,recorded_finding
63763,/workspace/andre01/honzawa/02-playground/toxpatho-patch-selector/data/TGGATEs/WSI/Liver/8_day/63763.svs,8 day,methylene dianiline,100,mg/kg,High,686,14,2,Male,Crj:CD(SD)IGS,6,2.0,6,True,slight,True,True,False,recorded_finding
63768,/workspace/andre01/honzawa/02-playground/toxpatho-patch-selector/data/TGGATEs/WSI/Liver/8_day/63768.svs,8 day,methylene dianiline,100,mg/kg,High,686,14,3,Male,Crj:CD(SD)IGS,5,2.0,5,True,slight,True,True,False,recorded_finding
6377,/workspace/andre01/honzawa/02-playground/toxpatho-patch-selector/data/TGGATEs/WSI/Liver/15_day/6377.svs,15 day,hexachlorobenzene,100,mg/kg,Middle,157,11,4,Male,Crj:CD(SD)IGS,3,2.0,3,True,slight,True,True,False,recorded_finding
63772,/workspace/andre01/honzawa/02-playground/toxpatho-patch-selector/data/TGGATEs/WSI/Liver/8_day/63772.svs,8 day,methylene dianiline,100,mg/kg,High,686,14,4,Male,Crj:CD(SD)IGS,5,3.0,5,True,moderate,True,True,False,recorded_finding
63777,/workspace/andre01/honzawa/02-playground/toxpatho-patch-selector/data/TGGATEs/WSI/Liver/8_day/63777.svs,8 day,methylene dianiline,100,mg/kg,High,686,14,5,Male,Crj:CD(SD)IGS,8,2.0,8,True,slight,True,True,False,recorded_finding
6378,/workspace/andre01/honzawa/02-playground/toxpatho-patch-selector/data/TGGATEs/WSI/Liver/15_day/6378.svs,15 day,hexachlorobenzene,100,mg/kg,Middle,157,11,5,Male,Crj:CD(SD)IGS,3,2.0,3,True,slight,True,True,False,recorded_finding
63781,/workspace/andre01/honzawa/02-playground/toxpatho-patch-selector/data/TGGATEs/WSI/Liver/15_day/63781.svs,15 day,methylene dianiline,0,mg/kg,Control,686,3,1,Male,Crj:CD(SD)IGS,0,,0,False,,True,True,False,no_finding_recorded
63786,/workspace/andre01/honzawa/02-playground/toxpatho-patch-selector/data/TGGATEs/WSI/Liver/15_day/63786.svs,15 day,methylene dianiline,0,mg/kg,Control,686,3,2,Male,Crj:CD(SD)IGS,0,,0,False,,True,True,False,no_finding_recorded
63792,/workspace/andre01/honzawa/02-playground/toxpatho-patch-selector/data/TGGATEs/WSI/Liver/15_day/63792.svs,15 day,methylene dianiline,0,mg/kg,Control,686,3,3,Male,Crj:CD(SD)IGS,0,,0,False,,True,True,False,no_finding_recorded
63796,/workspace/andre01/honzawa/02-playground/toxpatho-patch-selector/data/TGGATEs/WSI/Liver/15_day/63796.svs,15 day,methylene dianiline,0,mg/kg,Control,686,3,4,Male,Crj:CD(SD)IGS,0,,0,False,,True,True,False,no_finding_recorded
6380,/workspace/andre01/honzawa/02-playground/toxpatho-patch-selector/data/TGGATEs/WSI/Liver/29_day/6380.svs,29 day,hexachlorobenzene,100,mg/kg,Middle,157,12,1,Male,Crj:CD(SD)IGS,3,3.0,3,True,moderate,True,True,False,recorded_finding
63801,/workspace/andre01/honzawa/02-playground/toxpatho-patch-selector/data/TGGATEs/WSI/Liver/15_day/63801.svs,15 day,methylene dianiline,0,mg/kg,Control,686,3,5,Male,Crj:CD(SD)IGS,0,,0,False,,True,True,False,no_finding_recorded
63806,/workspace/andre01/honzawa/02-playground/toxpatho-patch-selector/data/TGGATEs/WSI/Liver/15_day/63806.svs,15 day,methylene dianiline,10,mg/kg,Low,686,7,1,Male,Crj:CD(SD)IGS,0,,0,False,,True,True,False,no_finding_recorded
63811,/workspace/andre01/honzawa/02-playground/toxpatho-patch-selector/data/TGGATEs/WSI/Liver/15_day/63811.svs,15 day,methylene dianiline,10,mg/kg,Low,686,7,2,Male,Crj:CD(SD)IGS,0,,0,False,,True,True,False,no_finding_recorded
63816,/workspace/andre01/honzawa/02-playground/toxpatho-patch-selector/data/TGGATEs/WSI/Liver/15_day/63816.svs,15 day,methylene dianiline,10,mg/kg,Low,686,7,3,Male,Crj:CD(SD)IGS,0,,0,False,,True,True,False,no_finding_recorded
6382,/workspace/andre01/honzawa/02-playground/toxpatho-patch-selector/data/TGGATEs/WSI/Liver/29_day/6382.svs,29 day,hexachlorobenzene,100,mg/kg,Middle,157,12,2,Male,Crj:CD(SD)IGS,2,3.0,2,True,moderate,True,True,False,recorded_finding
63821,/workspace/andre01/honzawa/02-playground/toxpatho-patch-selector/data/TGGATEs/WSI/Liver/15_day/63821.svs,15 day,methylene dianiline,10,mg/kg,Low,686,7,4,Male,Crj:CD(SD)IGS,0,,0,False,,True,True,False,no_finding_recorded
63826,/workspace/andre01/honzawa/02-playground/toxpatho-patch-selector/data/TGGATEs/WSI/Liver/15_day/63826.svs,15 day,methylene dianiline,10,mg/kg,Low,686,7,5,Male,Crj:CD(SD)IGS,0,,0,False,,True,True,False,no_finding_recorded
6383,/workspace/andre01/honzawa/02-playground/toxpatho-patch-selector/data/TGGATEs/WSI/Liver/29_day/6383.svs,29 day,hexachlorobenzene,100,mg/kg,Middle,157,12,3,Male,Crj:CD(SD)IGS,3,3.0,3,True,moderate,True,True,False,recorded_finding
63831,/workspace/andre01/honzawa/02-playground/toxpatho-patch-selector/data/TGGATEs/WSI/Liver/15_day/63831.svs,15 day,methylene dianiline,30,mg/kg,Middle,686,11,1,Male,Crj:CD(SD)IGS,2,1.0,2,True,minimal,True,True,False,recorded_finding
63836,/workspace/andre01/honzawa/02-playground/toxpatho-patch-selector/data/TGGATEs/WSI/Liver/15_day/63836.svs,15 day,methylene dianiline,30,mg/kg,Middle,686,11,2,Male,Crj:CD(SD)IGS,0,,0,False,,True,True,False,no_finding_recorded
63841,/workspace/andre01/honzawa/02-playground/toxpatho-patch-selector/data/TGGATEs/WSI/Liver/15_day/63841.svs,15 day,methylene dianiline,30,mg/kg,Middle,686,11,3,Male,Crj:CD(SD)IGS,0,,0,False,,True,True,False,no_finding_recorded
63846,/workspace/andre01/honzawa/02-playground/toxpatho-patch-selector/data/TGGATEs/WSI/Liver/15_day/63846.svs,15 day,methylene dianiline,30,mg/kg,Middle,686,11,4,Male,Crj:CD(SD)IGS,0,,0,False,,True,True,False,no_finding_recorded
6385,/workspace/andre01/honzawa/02-playground/toxpatho-patch-selector/data/TGGATEs/WSI/Liver/29_day/6385.svs,29 day,hexachlorobenzene,100,mg/kg,Middle,157,12,4,Male,Crj:CD(SD)IGS,2,3.0,2,True,moderate,True,True,False,recorded_finding
63850,/workspace/andre01/honzawa/02-playground/toxpatho-patch-selector/data/TGGATEs/WSI/Liver/15_day/63850.svs,15 day,methylene dianiline,30,mg/kg,Middle,686,11,5,Male,Crj:CD(SD)IGS,0,,0,False,,True,True,False,no_finding_recorded
63855,/workspace/andre01/honzawa/02-playground/toxpatho-patch-selector/data/TGGATEs/WSI/Liver/15_day/63855.svs,15 day,methylene dianiline,100,mg/kg,High,686,15,1,Male,Crj:CD(SD)IGS,5,3.0,5,True,moderate,True,True,False,recorded_finding
63860,/workspace/andre01/honzawa/02-playground/toxpatho-patch-selector/data/TGGATEs/WSI/Liver/15_day/63860.svs,15 day,methylene dianiline,100,mg/kg,High,686,15,2,Male,Crj:CD(SD)IGS,6,2.0,6,True,slight,True,True,False,recorded_finding
63865,/workspace/andre01/honzawa/02-playground/toxpatho-patch-selector/data/TGGATEs/WSI/Liver/15_day/63865.svs,15 day,methylene dianiline,100,mg/kg,High,686,15,3,Male,Crj:CD(SD)IGS,7,2.0,7,True,slight,True,True,False,recorded_finding
6387,/workspace/andre01/honzawa/02-playground/toxpatho-patch-selector/data/TGGATEs/WSI/Liver/29_day/6387.svs,29 day,hexachlorobenzene,100,mg/kg,Middle,157,12,5,Male,Crj:CD(SD)IGS,2,3.0,2,True,moderate,True,True,False,recorded_finding
63875,/workspace/andre01/honzawa/02-playground/toxpatho-patch-selector/data/TGGATEs/WSI/Liver/15_day/63875.svs,15 day,methylene dianiline,100,mg/kg,High,686,15,5,Male,Crj:CD(SD)IGS,8,3.0,8,True,moderate,True,True,False,recorded_finding
63879,/workspace/andre01/honzawa/02-playground/toxpatho-patch-selector/data/TGGATEs/WSI/Liver/29_day/63879.svs,29 day,methylene dianiline,0,mg/kg,Control,686,4,1,Male,Crj:CD(SD)IGS,0,,0,False,,True,True,False,no_finding_recorded
6388,/workspace/andre01/honzawa/02-playground/toxpatho-patch-selector/data/TGGATEs/WSI/Liver/4_day/6388.svs,4 day,hexachlorobenzene,300,mg/kg,High,157,13,1,Male,Crj:CD(SD)IGS,1,1.0,1,True,minimal,True,True,False,recorded_finding
63884,/workspace/andre01/honzawa/02-playground/toxpatho-patch-selector/data/TGGATEs/WSI/Liver/29_day/63884.svs,29 day,methylene dianiline,0,mg/kg,Control,686,4,2,Male,Crj:CD(SD)IGS,0,,0,False,,True,True,False,no_finding_recorded
63889,/workspace/andre01/honzawa/02-playground/toxpatho-patch-selector/data/TGGATEs/WSI/Liver/29_day/63889.svs,29 day,methylene dianiline,0,mg/kg,Control,686,4,3,Male,Crj:CD(SD)IGS,0,,0,False,,True,True,False,no_finding_recorded
63894,/workspace/andre01/honzawa/02-playground/toxpatho-patch-selector/data/TGGATEs/WSI/Liver/29_day/63894.svs,29 day,methylene dianiline,0,mg/kg,Control,686,4,4,Male,Crj:CD(SD)IGS,0,,0,False,,True,True,False,no_finding_recorded
63899,/workspace/andre01/honzawa/02-playground/toxpatho-patch-selector/data/TGGATEs/WSI/Liver/29_day/63899.svs,29 day,methylene dianiline,0,mg/kg,Control,686,4,5,Male,Crj:CD(SD)IGS,0,,0,False,,True,True,False,no_finding_recorded
6390,/workspace/andre01/honzawa/02-playground/toxpatho-patch-selector/data/TGGATEs/WSI/Liver/4_day/6390.svs,4 day,hexachlorobenzene,300,mg/kg,High,157,13,2,Male,Crj:CD(SD)IGS,1,1.0,1,True,minimal,True,True,False,recorded_finding
63903,/workspace/andre01/honzawa/02-playground/toxpatho-patch-selector/data/TGGATEs/WSI/Liver/29_day/63903.svs,29 day,methylene dianiline,10,mg/kg,Low,686,8,1,Male,Crj:CD(SD)IGS,0,,0,False,,True,True,False,no_finding_recorded
63907,/workspace/andre01/honzawa/02-playground/toxpatho-patch-selector/data/TGGATEs/WSI/Liver/29_day/63907.svs,29 day,methylene dianiline,10,mg/kg,Low,686,8,2,Male,Crj:CD(SD)IGS,0,,0,False,,True,True,False,no_finding_recorded
6391,/workspace/andre01/honzawa/02-playground/toxpatho-patch-selector/data/TGGATEs/WSI/Liver/4_day/6391.svs,4 day,hexachlorobenzene,300,mg/kg,High,157,13,3,Male,Crj:CD(SD)IGS,1,1.0,1,True,minimal,True,True,False,recorded_finding
63911,/workspace/andre01/honzawa/02-playground/toxpatho-patch-selector/data/TGGATEs/WSI/Liver/29_day/63911.svs,29 day,methylene dianiline,10,mg/kg,Low,686,8,3,Male,Crj:CD(SD)IGS,0,,0,False,,True,True,False,no_finding_recorded
63915,/workspace/andre01/honzawa/02-playground/toxpatho-patch-selector/data/TGGATEs/WSI/Liver/29_day/63915.svs,29 day,methylene dianiline,10,mg/kg,Low,686,8,4,Male,Crj:CD(SD)IGS,0,,0,False,,True,True,False,no_finding_recorded
63919,/workspace/andre01/honzawa/02-playground/toxpatho-patch-selector/data/TGGATEs/WSI/Liver/29_day/63919.svs,29 day,methylene dianiline,10,mg/kg,Low,686,8,5,Male,Crj:CD(SD)IGS,0,,0,False,,True,True,False,no_finding_recorded
6392,/workspace/andre01/honzawa/02-playground/toxpatho-patch-selector/data/TGGATEs/WSI/Liver/4_day/6392.svs,4 day,hexachlorobenzene,300,mg/kg,High,157,13,4,Male,Crj:CD(SD)IGS,1,1.0,1,True,minimal,True,True,False,recorded_finding
63923,/workspace/andre01/honzawa/02-playground/toxpatho-patch-selector/data/TGGATEs/WSI/Liver/29_day/63923.svs,29 day,methylene dianiline,30,mg/kg,Middle,686,12,1,Male,Crj:CD(SD)IGS,0,,0,False,,True,True,False,no_finding_recorded
63926,/workspace/andre01/honzawa/02-playground/toxpatho-patch-selector/data/TGGATEs/WSI/Liver/29_day/63926.svs,29 day,methylene dianiline,30,mg/kg,Middle,686,12,2,Male,Crj:CD(SD)IGS,0,,0,False,,True,True,False,no_finding_recorded
63930,/workspace/andre01/honzawa/02-playground/toxpatho-patch-selector/data/TGGATEs/WSI/Liver/29_day/63930.svs,29 day,methylene dianiline,30,mg/kg,Middle,686,12,3,Male,Crj:CD(SD)IGS,0,,0,False,,True,True,False,no_finding_recorded
63934,/workspace/andre01/honzawa/02-playground/toxpatho-patch-selector/data/TGGATEs/WSI/Liver/29_day/63934.svs,29 day,methylene dianiline,30,mg/kg,Middle,686,12,4,Male,Crj:CD(SD)IGS,0,,0,False,,True,True,False,no_finding_recorded
63937,/workspace/andre01/honzawa/02-playground/toxpatho-patch-selector/data/TGGATEs/WSI/Liver/29_day/63937.svs,29 day,methylene dianiline,30,mg/kg,Middle,686,12,5,Male,Crj:CD(SD)IGS,3,1.0,3,True,minimal,True,True,False,recorded_finding
6394,/workspace/andre01/honzawa/02-playground/toxpatho-patch-selector/data/TGGATEs/WSI/Liver/4_day/6394.svs,4 day,hexachlorobenzene,300,mg/kg,High,157,13,5,Male,Crj:CD(SD)IGS,1,1.0,1,True,minimal,True,True,False,recorded_finding
63941,/workspace/andre01/honzawa/02-playground/toxpatho-patch-selector/data/TGGATEs/WSI/Liver/29_day/63941.svs,29 day,methylene dianiline,100,mg/kg,High,686,16,1,Male,Crj:CD(SD)IGS,5,3.0,5,True,moderate,True,True,False,recorded_finding
63944,/workspace/andre01/honzawa/02-playground/toxpatho-patch-selector/data/TGGATEs/WSI/Liver/29_day/63944.svs,29 day,methylene dianiline,100,mg/kg,High,686,16,2,Male,Crj:CD(SD)IGS,7,3.0,7,True,moderate,True,True,False,recorded_finding
63948,/workspace/andre01/honzawa/02-playground/toxpatho-patch-selector/data/TGGATEs/WSI/Liver/29_day/63948.svs,29 day,methylene dianiline,100,mg/kg,High,686,16,3,Male,Crj:CD(SD)IGS,6,3.0,6,True,moderate,True,True,False,recorded_finding
63952,/workspace/andre01/honzawa/02-playground/toxpatho-patch-selector/data/TGGATEs/WSI/Liver/29_day/63952.svs,29 day,methylene dianiline,100,mg/kg,High,686,16,4,Male,Crj:CD(SD)IGS,5,3.0,5,True,moderate,True,True,False,recorded_finding
63955,/workspace/andre01/honzawa/02-playground/toxpatho-patch-selector/data/TGGATEs/WSI/Liver/29_day/63955.svs,29 day,methylene dianiline,100,mg/kg,High,686,16,5,Male,Crj:CD(SD)IGS,6,3.0,6,True,moderate,True,True,False,recorded_finding
6396,/workspace/andre01/honzawa/02-playground/toxpatho-patch-selector/data/TGGATEs/WSI/Liver/8_day/6396.svs,8 day,hexachlorobenzene,300,mg/kg,High,157,14,1,Male,Crj:CD(SD)IGS,2,2.0,2,True,slight,True,True,False,recorded_finding
6397,/workspace/andre01/honzawa/02-playground/toxpatho-patch-selector/data/TGGATEs/WSI/Liver/8_day/6397.svs,8 day,hexachlorobenzene,300,mg/kg,High,157,14,2,Male,Crj:CD(SD)IGS,2,2.0,2,True,slight,True,True,False,recorded_finding
6399,/workspace/andre01/honzawa/02-playground/toxpatho-patch-selector/data/TGGATEs/WSI/Liver/8_day/6399.svs,8 day,hexachlorobenzene,300,mg/kg,High,157,14,3,Male,Crj:CD(SD)IGS,2,1.0,2,True,minimal,True,True,False,recorded_finding
6400,/workspace/andre01/honzawa/02-playground/toxpatho-patch-selector/data/TGGATEs/WSI/Liver/8_day/6400.svs,8 day,hexachlorobenzene,300,mg/kg,High,157,14,4,Male,Crj:CD(SD)IGS,3,2.0,3,True,slight,True,True,False,recorded_finding
6402,/workspace/andre01/honzawa/02-playground/toxpatho-patch-selector/data/TGGATEs/WSI/Liver/8_day/6402.svs,8 day,hexachlorobenzene,300,mg/kg,High,157,14,5,Male,Crj:CD(SD)IGS,3,1.0,3,True,minimal,True,True,False,recorded_finding
6403,/workspace/andre01/honzawa/02-playground/toxpatho-patch-selector/data/TGGATEs/WSI/Liver/15_day/6403.svs,15 day,hexachlorobenzene,300,mg/kg,High,157,15,1,Male,Crj:CD(SD)IGS,3,3.0,3,True,moderate,True,True,False,recorded_finding
6404,/workspace/andre01/honzawa/02-playground/toxpatho-patch-selector/data/TGGATEs/WSI/Liver/15_day/6404.svs,15 day,hexachlorobenzene,300,mg/kg,High,157,15,2,Male,Crj:CD(SD)IGS,3,3.0,3,True,moderate,True,True,False,recorded_finding
6406,/workspace/andre01/honzawa/02-playground/toxpatho-patch-selector/data/TGGATEs/WSI/Liver/15_day/6406.svs,15 day,hexachlorobenzene,300,mg/kg,High,157,15,3,Male,Crj:CD(SD)IGS,3,3.0,3,True,moderate,True,True,False,recorded_finding
6408,/workspace/andre01/honzawa/02-playground/toxpatho-patch-selector/data/TGGATEs/WSI/Liver/15_day/6408.svs,15 day,hexachlorobenzene,300,mg/kg,High,157,15,4,Male,Crj:CD(SD)IGS,3,3.0,3,True,moderate,True,True,False,recorded_finding
6410,/workspace/andre01/honzawa/02-playground/toxpatho-patch-selector/data/TGGATEs/WSI/Liver/15_day/6410.svs,15 day,hexachlorobenzene,300,mg/kg,High,157,15,5,Male,Crj:CD(SD)IGS,3,3.0,3,True,moderate,True,True,False,recorded_finding
6411,/workspace/andre01/honzawa/02-playground/toxpatho-patch-selector/data/TGGATEs/WSI/Liver/29_day/6411.svs,29 day,hexachlorobenzene,300,mg/kg,High,157,16,1,Male,Crj:CD(SD)IGS,3,3.0,3,True,moderate,True,True,False,recorded_finding
6413,/workspace/andre01/honzawa/02-playground/toxpatho-patch-selector/data/TGGATEs/WSI/Liver/29_day/6413.svs,29 day,hexachlorobenzene,300,mg/kg,High,157,16,2,Male,Crj:CD(SD)IGS,3,3.0,3,True,moderate,True,True,False,recorded_finding
6414,/workspace/andre01/honzawa/02-playground/toxpatho-patch-selector/data/TGGATEs/WSI/Liver/29_day/6414.svs,29 day,hexachlorobenzene,300,mg/kg,High,157,16,3,Male,Crj:CD(SD)IGS,3,3.0,3,True,moderate,True,True,False,recorded_finding
6416,/workspace/andre01/honzawa/02-playground/toxpatho-patch-selector/data/TGGATEs/WSI/Liver/29_day/6416.svs,29 day,hexachlorobenzene,300,mg/kg,High,157,16,4,Male,Crj:CD(SD)IGS,3,3.0,3,True,moderate,True,True,False,recorded_finding
6418,/workspace/andre01/honzawa/02-playground/toxpatho-patch-selector/data/TGGATEs/WSI/Liver/29_day/6418.svs,29 day,hexachlorobenzene,300,mg/kg,High,157,16,5,Male,Crj:CD(SD)IGS,3,3.0,3,True,moderate,True,True,False,recorded_finding
65438,/workspace/andre01/honzawa/02-playground/toxpatho-patch-selector/data/TGGATEs/WSI/Liver/4_day/65438.svs,4 day,acetamide,0,mg/kg,Control,713,1,1,Male,Crj:CD(SD)IGS,0,,0,False,,True,True,False,no_finding_recorded
65442,/workspace/andre01/honzawa/02-playground/toxpatho-patch-selector/data/TGGATEs/WSI/Liver/4_day/65442.svs,4 day,acetamide,0,mg/kg,Control,713,1,2,Male,Crj:CD(SD)IGS,0,,0,False,,True,True,False,no_finding_recorded
65446,/workspace/andre01/honzawa/02-playground/toxpatho-patch-selector/data/TGGATEs/WSI/Liver/4_day/65446.svs,4 day,acetamide,0,mg/kg,Control,713,1,3,Male,Crj:CD(SD)IGS,0,,0,False,,True,True,False,no_finding_recorded
65450,/workspace/andre01/honzawa/02-playground/toxpatho-patch-selector/data/TGGATEs/WSI/Liver/4_day/65450.svs,4 day,acetamide,0,mg/kg,Control,713,1,4,Male,Crj:CD(SD)IGS,0,,0,False,,True,True,False,no_finding_recorded
65454,/workspace/andre01/honzawa/02-playground/toxpatho-patch-selector/data/TGGATEs/WSI/Liver/4_day/65454.svs,4 day,acetamide,0,mg/kg,Control,713,1,5,Male,Crj:CD(SD)IGS,0,,0,False,,True,True,False,no_finding_recorded
65458,/workspace/andre01/honzawa/02-playground/toxpatho-patch-selector/data/TGGATEs/WSI/Liver/8_day/65458.svs,8 day,acetamide,0,mg/kg,Control,713,2,1,Male,Crj:CD(SD)IGS,0,,0,False,,True,True,False,no_finding_recorded
65463,/workspace/andre01/honzawa/02-playground/toxpatho-patch-selector/data/TGGATEs/WSI/Liver/8_day/65463.svs,8 day,acetamide,0,mg/kg,Control,713,2,2,Male,Crj:CD(SD)IGS,0,,0,False,,True,True,False,no_finding_recorded
65468,/workspace/andre01/honzawa/02-playground/toxpatho-patch-selector/data/TGGATEs/WSI/Liver/8_day/65468.svs,8 day,acetamide,0,mg/kg,Control,713,2,3,Male,Crj:CD(SD)IGS,0,,0,False,,True,True,False,no_finding_recorded
65472,/workspace/andre01/honzawa/02-playground/toxpatho-patch-selector/data/TGGATEs/WSI/Liver/8_day/65472.svs,8 day,acetamide,0,mg/kg,Control,713,2,4,Male,Crj:CD(SD)IGS,0,,0,False,,True,True,False,no_finding_recorded
65475,/workspace/andre01/honzawa/02-playground/toxpatho-patch-selector/data/TGGATEs/WSI/Liver/8_day/65475.svs,8 day,acetamide,0,mg/kg,Control,713,2,5,Male,Crj:CD(SD)IGS,0,,0,False,,True,True,False,no_finding_recorded
65479,/workspace/andre01/honzawa/02-playground/toxpatho-patch-selector/data/TGGATEs/WSI/Liver/15_day/65479.svs,15 day,acetamide,0,mg/kg,Control,713,3,1,Male,Crj:CD(SD)IGS,0,,0,False,,True,True,False,no_finding_recorded
65483,/workspace/andre01/honzawa/02-playground/toxpatho-patch-selector/data/TGGATEs/WSI/Liver/15_day/65483.svs,15 day,acetamide,0,mg/kg,Control,713,3,2,Male,Crj:CD(SD)IGS,0,,0,False,,True,True,False,no_finding_recorded
65488,/workspace/andre01/honzawa/02-playground/toxpatho-patch-selector/data/TGGATEs/WSI/Liver/15_day/65488.svs,15 day,acetamide,0,mg/kg,Control,713,3,3,Male,Crj:CD(SD)IGS,0,,0,False,,True,True,False,no_finding_recorded
65493,/workspace/andre01/honzawa/02-playground/toxpatho-patch-selector/data/TGGATEs/WSI/Liver/15_day/65493.svs,15 day,acetamide,0,mg/kg,Control,713,3,4,Male,Crj:CD(SD)IGS,0,,0,False,,True,True,False,no_finding_recorded
65497,/workspace/andre01/honzawa/02-playground/toxpatho-patch-selector/data/TGGATEs/WSI/Liver/15_day/65497.svs,15 day,acetamide,0,mg/kg,Control,713,3,5,Male,Crj:CD(SD)IGS,0,,0,False,,True,True,False,no_finding_recorded
65501,/workspace/andre01/honzawa/02-playground/toxpatho-patch-selector/data/TGGATEs/WSI/Liver/29_day/65501.svs,29 day,acetamide,0,mg/kg,Control,713,4,1,Male,Crj:CD(SD)IGS,0,,0,False,,True,True,False,no_finding_recorded
65506,/workspace/andre01/honzawa/02-playground/toxpatho-patch-selector/data/TGGATEs/WSI/Liver/29_day/65506.svs,29 day,acetamide,0,mg/kg,Control,713,4,2,Male,Crj:CD(SD)IGS,0,,0,False,,True,True,False,no_finding_recorded
65510,/workspace/andre01/honzawa/02-playground/toxpatho-patch-selector/data/TGGATEs/WSI/Liver/29_day/65510.svs,29 day,acetamide,0,mg/kg,Control,713,4,3,Male,Crj:CD(SD)IGS,0,,0,False,,True,True,False,no_finding_recorded
65514,/workspace/andre01/honzawa/02-playground/toxpatho-patch-selector/data/TGGATEs/WSI/Liver/29_day/65514.svs,29 day,acetamide,0,mg/kg,Control,713,4,4,Male,Crj:CD(SD)IGS,0,,0,False,,True,True,False,no_finding_recorded
65518,/workspace/andre01/honzawa/02-playground/toxpatho-patch-selector/data/TGGATEs/WSI/Liver/29_day/65518.svs,29 day,acetamide,0,mg/kg,Control,713,4,5,Male,Crj:CD(SD)IGS,0,,0,False,,True,True,False,no_finding_recorded
65523,/workspace/andre01/honzawa/02-playground/toxpatho-patch-selector/data/TGGATEs/WSI/Liver/4_day/65523.svs,4 day,acetamide,300,mg/kg,Low,713,5,1,Male,Crj:CD(SD)IGS,0,,0,False,,True,True,False,no_finding_recorded
65527,/workspace/andre01/honzawa/02-playground/toxpatho-patch-selector/data/TGGATEs/WSI/Liver/4_day/65527.svs,4 day,acetamide,300,mg/kg,Low,713,5,2,Male,Crj:CD(SD)IGS,0,,0,False,,True,True,False,no_finding_recorded
65531,/workspace/andre01/honzawa/02-playground/toxpatho-patch-selector/data/TGGATEs/WSI/Liver/4_day/65531.svs,4 day,acetamide,300,mg/kg,Low,713,5,3,Male,Crj:CD(SD)IGS,0,,0,False,,True,True,False,no_finding_recorded
65535,/workspace/andre01/honzawa/02-playground/toxpatho-patch-selector/data/TGGATEs/WSI/Liver/4_day/65535.svs,4 day,acetamide,300,mg/kg,Low,713,5,4,Male,Crj:CD(SD)IGS,0,,0,False,,True,True,False,no_finding_recorded
65539,/workspace/andre01/honzawa/02-playground/toxpatho-patch-selector/data/TGGATEs/WSI/Liver/4_day/65539.svs,4 day,acetamide,300,mg/kg,Low,713,5,5,Male,Crj:CD(SD)IGS,0,,0,False,,True,True,False,no_finding_recorded
65543,/workspace/andre01/honzawa/02-playground/toxpatho-patch-selector/data/TGGATEs/WSI/Liver/8_day/65543.svs,8 day,acetamide,300,mg/kg,Low,713,6,1,Male,Crj:CD(SD)IGS,0,,0,False,,True,True,False,no_finding_recorded
65548,/workspace/andre01/honzawa/02-playground/toxpatho-patch-selector/data/TGGATEs/WSI/Liver/8_day/65548.svs,8 day,acetamide,300,mg/kg,Low,713,6,2,Male,Crj:CD(SD)IGS,0,,0,False,,True,True,False,no_finding_recorded
65552,/workspace/andre01/honzawa/02-playground/toxpatho-patch-selector/data/TGGATEs/WSI/Liver/8_day/65552.svs,8 day,acetamide,300,mg/kg,Low,713,6,3,Male,Crj:CD(SD)IGS,0,,0,False,,True,True,False,no_finding_recorded
65556,/workspace/andre01/honzawa/02-playground/toxpatho-patch-selector/data/TGGATEs/WSI/Liver/8_day/65556.svs,8 day,acetamide,300,mg/kg,Low,713,6,4,Male,Crj:CD(SD)IGS,0,,0,False,,True,True,False,no_finding_recorded
65560,/workspace/andre01/honzawa/02-playground/toxpatho-patch-selector/data/TGGATEs/WSI/Liver/8_day/65560.svs,8 day,acetamide,300,mg/kg,Low,713,6,5,Male,Crj:CD(SD)IGS,0,,0,False,,True,True,False,no_finding_recorded
65569,/workspace/andre01/honzawa/02-playground/toxpatho-patch-selector/data/TGGATEs/WSI/Liver/15_day/65569.svs,15 day,acetamide,300,mg/kg,Low,713,7,2,Male,Crj:CD(SD)IGS,0,,0,False,,True,True,False,no_finding_recorded
65574,/workspace/andre01/honzawa/02-playground/toxpatho-patch-selector/data/TGGATEs/WSI/Liver/15_day/65574.svs,15 day,acetamide,300,mg/kg,Low,713,7,3,Male,Crj:CD(SD)IGS,0,,0,False,,True,True,False,no_finding_recorded
65578,/workspace/andre01/honzawa/02-playground/toxpatho-patch-selector/data/TGGATEs/WSI/Liver/15_day/65578.svs,15 day,acetamide,300,mg/kg,Low,713,7,4,Male,Crj:CD(SD)IGS,0,,0,False,,True,True,False,no_finding_recorded
65582,/workspace/andre01/honzawa/02-playground/toxpatho-patch-selector/data/TGGATEs/WSI/Liver/15_day/65582.svs,15 day,acetamide,300,mg/kg,Low,713,7,5,Male,Crj:CD(SD)IGS,0,,0,False,,True,True,False,no_finding_recorded
65586,/workspace/andre01/honzawa/02-playground/toxpatho-patch-selector/data/TGGATEs/WSI/Liver/29_day/65586.svs,29 day,acetamide,300,mg/kg,Low,713,8,1,Male,Crj:CD(SD)IGS,0,,0,False,,True,True,False,no_finding_recorded
65591,/workspace/andre01/honzawa/02-playground/toxpatho-patch-selector/data/TGGATEs/WSI/Liver/29_day/65591.svs,29 day,acetamide,300,mg/kg,Low,713,8,2,Male,Crj:CD(SD)IGS,0,,0,False,,True,True,False,no_finding_recorded
65595,/workspace/andre01/honzawa/02-playground/toxpatho-patch-selector/data/TGGATEs/WSI/Liver/29_day/65595.svs,29 day,acetamide,300,mg/kg,Low,713,8,3,Male,Crj:CD(SD)IGS,0,,0,False,,True,True,False,no_finding_recorded
65599,/workspace/andre01/honzawa/02-playground/toxpatho-patch-selector/data/TGGATEs/WSI/Liver/29_day/65599.svs,29 day,acetamide,300,mg/kg,Low,713,8,4,Male,Crj:CD(SD)IGS,0,,0,False,,True,True,False,no_finding_recorded
65603,/workspace/andre01/honzawa/02-playground/toxpatho-patch-selector/data/TGGATEs/WSI/Liver/29_day/65603.svs,29 day,acetamide,300,mg/kg,Low,713,8,5,Male,Crj:CD(SD)IGS,0,,0,False,,True,True,False,no_finding_recorded
65607,/workspace/andre01/honzawa/02-playground/toxpatho-patch-selector/data/TGGATEs/WSI/Liver/4_day/65607.svs,4 day,acetamide,1000,mg/kg,Middle,713,9,1,Male,Crj:CD(SD)IGS,1,2.0,1,True,slight,True,True,False,recorded_finding
65611,/workspace/andre01/honzawa/02-playground/toxpatho-patch-selector/data/TGGATEs/WSI/Liver/4_day/65611.svs,4 day,acetamide,1000,mg/kg,Middle,713,9,2,Male,Crj:CD(SD)IGS,0,,0,False,,True,True,False,no_finding_recorded
65615,/workspace/andre01/honzawa/02-playground/toxpatho-patch-selector/data/TGGATEs/WSI/Liver/4_day/65615.svs,4 day,acetamide,1000,mg/kg,Middle,713,9,3,Male,Crj:CD(SD)IGS,1,2.0,1,True,slight,True,True,False,recorded_finding
65619,/workspace/andre01/honzawa/02-playground/toxpatho-patch-selector/data/TGGATEs/WSI/Liver/4_day/65619.svs,4 day,acetamide,1000,mg/kg,Middle,713,9,4,Male,Crj:CD(SD)IGS,0,,0,False,,True,True,False,no_finding_recorded
65622,/workspace/andre01/honzawa/02-playground/toxpatho-patch-selector/data/TGGATEs/WSI/Liver/4_day/65622.svs,4 day,acetamide,1000,mg/kg,Middle,713,9,5,Male,Crj:CD(SD)IGS,4,3.0,4,True,moderate,True,True,False,recorded_finding
65626,/workspace/andre01/honzawa/02-playground/toxpatho-patch-selector/data/TGGATEs/WSI/Liver/8_day/65626.svs,8 day,acetamide,1000,mg/kg,Middle,713,10,1,Male,Crj:CD(SD)IGS,2,2.0,2,True,slight,True,True,False,recorded_finding
65630,/workspace/andre01/honzawa/02-playground/toxpatho-patch-selector/data/TGGATEs/WSI/Liver/8_day/65630.svs,8 day,acetamide,1000,mg/kg,Middle,713,10,2,Male,Crj:CD(SD)IGS,2,2.0,2,True,slight,True,True,False,recorded_finding
65634,/workspace/andre01/honzawa/02-playground/toxpatho-patch-selector/data/TGGATEs/WSI/Liver/8_day/65634.svs,8 day,acetamide,1000,mg/kg,Middle,713,10,3,Male,Crj:CD(SD)IGS,0,,0,False,,True,True,False,no_finding_recorded
65638,/workspace/andre01/honzawa/02-playground/toxpatho-patch-selector/data/TGGATEs/WSI/Liver/8_day/65638.svs,8 day,acetamide,1000,mg/kg,Middle,713,10,4,Male,Crj:CD(SD)IGS,3,2.0,3,True,slight,True,True,False,recorded_finding
65642,/workspace/andre01/honzawa/02-playground/toxpatho-patch-selector/data/TGGATEs/WSI/Liver/8_day/65642.svs,8 day,acetamide,1000,mg/kg,Middle,713,10,5,Male,Crj:CD(SD)IGS,3,2.0,3,True,slight,True,True,False,recorded_finding
65646,/workspace/andre01/honzawa/02-playground/toxpatho-patch-selector/data/TGGATEs/WSI/Liver/15_day/65646.svs,15 day,acetamide,1000,mg/kg,Middle,713,11,1,Male,Crj:CD(SD)IGS,3,2.0,3,True,slight,True,True,False,recorded_finding
65650,/workspace/andre01/honzawa/02-playground/toxpatho-patch-selector/data/TGGATEs/WSI/Liver/15_day/65650.svs,15 day,acetamide,1000,mg/kg,Middle,713,11,2,Male,Crj:CD(SD)IGS,3,2.0,3,True,slight,True,True,False,recorded_finding
65654,/workspace/andre01/honzawa/02-playground/toxpatho-patch-selector/data/TGGATEs/WSI/Liver/15_day/65654.svs,15 day,acetamide,1000,mg/kg,Middle,713,11,3,Male,Crj:CD(SD)IGS,2,2.0,2,True,slight,True,True,False,recorded_finding
65662,/workspace/andre01/honzawa/02-playground/toxpatho-patch-selector/data/TGGATEs/WSI/Liver/15_day/65662.svs,15 day,acetamide,1000,mg/kg,Middle,713,11,5,Male,Crj:CD(SD)IGS,2,3.0,2,True,moderate,True,True,False,recorded_finding
65666,/workspace/andre01/honzawa/02-playground/toxpatho-patch-selector/data/TGGATEs/WSI/Liver/29_day/65666.svs,29 day,acetamide,1000,mg/kg,Middle,713,12,1,Male,Crj:CD(SD)IGS,3,2.0,3,True,slight,True,True,False,recorded_finding
65670,/workspace/andre01/honzawa/02-playground/toxpatho-patch-selector/data/TGGATEs/WSI/Liver/29_day/65670.svs,29 day,acetamide,1000,mg/kg,Middle,713,12,2,Male,Crj:CD(SD)IGS,0,,0,False,,True,True,False,no_finding_recorded
65674,/workspace/andre01/honzawa/02-playground/toxpatho-patch-selector/data/TGGATEs/WSI/Liver/29_day/65674.svs,29 day,acetamide,1000,mg/kg,Middle,713,12,3,Male,Crj:CD(SD)IGS,1,2.0,1,True,slight,True,True,False,recorded_finding
65678,/workspace/andre01/honzawa/02-playground/toxpatho-patch-selector/data/TGGATEs/WSI/Liver/29_day/65678.svs,29 day,acetamide,1000,mg/kg,Middle,713,12,4,Male,Crj:CD(SD)IGS,6,3.0,6,True,moderate,True,True,False,recorded_finding
65682,/workspace/andre01/honzawa/02-playground/toxpatho-patch-selector/data/TGGATEs/WSI/Liver/29_day/65682.svs,29 day,acetamide,1000,mg/kg,Middle,713,12,5,Male,Crj:CD(SD)IGS,2,2.0,2,True,slight,True,True,False,recorded_finding
65686,/workspace/andre01/honzawa/02-playground/toxpatho-patch-selector/data/TGGATEs/WSI/Liver/4_day/65686.svs,4 day,acetamide,2000,mg/kg,High,713,13,1,Male,Crj:CD(SD)IGS,5,4.0,5,True,severe,True,True,False,recorded_finding
65690,/workspace/andre01/honzawa/02-playground/toxpatho-patch-selector/data/TGGATEs/WSI/Liver/4_day/65690.svs,4 day,acetamide,2000,mg/kg,High,713,13,2,Male,Crj:CD(SD)IGS,0,,0,False,,True,True,False,no_finding_recorded
65694,/workspace/andre01/honzawa/02-playground/toxpatho-patch-selector/data/TGGATEs/WSI/Liver/4_day/65694.svs,4 day,acetamide,2000,mg/kg,High,713,13,3,Male,Crj:CD(SD)IGS,0,,0,False,,True,True,False,no_finding_recorded
65698,/workspace/andre01/honzawa/02-playground/toxpatho-patch-selector/data/TGGATEs/WSI/Liver/4_day/65698.svs,4 day,acetamide,2000,mg/kg,High,713,13,4,Male,Crj:CD(SD)IGS,4,3.0,4,True,moderate,True,True,False,recorded_finding
65702,/workspace/andre01/honzawa/02-playground/toxpatho-patch-selector/data/TGGATEs/WSI/Liver/4_day/65702.svs,4 day,acetamide,2000,mg/kg,High,713,13,5,Male,Crj:CD(SD)IGS,3,2.0,3,True,slight,True,True,False,recorded_finding
65706,/workspace/andre01/honzawa/02-playground/toxpatho-patch-selector/data/TGGATEs/WSI/Liver/8_day/65706.svs,8 day,acetamide,2000,mg/kg,High,713,14,1,Male,Crj:CD(SD)IGS,5,3.0,5,True,moderate,True,True,False,recorded_finding
65710,/workspace/andre01/honzawa/02-playground/toxpatho-patch-selector/data/TGGATEs/WSI/Liver/8_day/65710.svs,8 day,acetamide,2000,mg/kg,High,713,14,2,Male,Crj:CD(SD)IGS,1,2.0,1,True,slight,True,True,False,recorded_finding
65714,/workspace/andre01/honzawa/02-playground/toxpatho-patch-selector/data/TGGATEs/WSI/Liver/8_day/65714.svs,8 day,acetamide,2000,mg/kg,High,713,14,3,Male,Crj:CD(SD)IGS,2,2.0,2,True,slight,True,True,False,recorded_finding
65717,/workspace/andre01/honzawa/02-playground/toxpatho-patch-selector/data/TGGATEs/WSI/Liver/8_day/65717.svs,8 day,acetamide,2000,mg/kg,High,713,14,4,Male,Crj:CD(SD)IGS,6,3.0,6,True,moderate,True,True,False,recorded_finding
65721,/workspace/andre01/honzawa/02-playground/toxpatho-patch-selector/data/TGGATEs/WSI/Liver/8_day/65721.svs,8 day,acetamide,2000,mg/kg,High,713,14,5,Male,Crj:CD(SD)IGS,5,3.0,5,True,moderate,True,True,False,recorded_finding
65725,/workspace/andre01/honzawa/02-playground/toxpatho-patch-selector/data/TGGATEs/WSI/Liver/15_day/65725.svs,15 day,acetamide,2000,mg/kg,High,713,15,1,Male,Crj:CD(SD)IGS,4,2.0,4,True,slight,True,True,False,recorded_finding
65733,/workspace/andre01/honzawa/02-playground/toxpatho-patch-selector/data/TGGATEs/WSI/Liver/15_day/65733.svs,15 day,acetamide,2000,mg/kg,High,713,15,3,Male,Crj:CD(SD)IGS,4,3.0,4,True,moderate,True,True,False,recorded_finding
65736,/workspace/andre01/honzawa/02-playground/toxpatho-patch-selector/data/TGGATEs/WSI/Liver/15_day/65736.svs,15 day,acetamide,2000,mg/kg,High,713,15,4,Male,Crj:CD(SD)IGS,5,2.0,5,True,slight,True,True,False,recorded_finding
65741,/workspace/andre01/honzawa/02-playground/toxpatho-patch-selector/data/TGGATEs/WSI/Liver/15_day/65741.svs,15 day,acetamide,2000,mg/kg,High,713,15,5,Male,Crj:CD(SD)IGS,2,2.0,2,True,slight,True,True,False,recorded_finding
65745,/workspace/andre01/honzawa/02-playground/toxpatho-patch-selector/data/TGGATEs/WSI/Liver/29_day/65745.svs,29 day,acetamide,2000,mg/kg,High,713,16,1,Male,Crj:CD(SD)IGS,3,2.0,3,True,slight,True,True,False,recorded_finding
65749,/workspace/andre01/honzawa/02-playground/toxpatho-patch-selector/data/TGGATEs/WSI/Liver/29_day/65749.svs,29 day,acetamide,2000,mg/kg,High,713,16,2,Male,Crj:CD(SD)IGS,4,3.0,4,True,moderate,True,True,False,recorded_finding
65753,/workspace/andre01/honzawa/02-playground/toxpatho-patch-selector/data/TGGATEs/WSI/Liver/29_day/65753.svs,29 day,acetamide,2000,mg/kg,High,713,16,3,Male,Crj:CD(SD)IGS,0,,0,False,,True,True,False,no_finding_recorded
65757,/workspace/andre01/honzawa/02-playground/toxpatho-patch-selector/data/TGGATEs/WSI/Liver/29_day/65757.svs,29 day,acetamide,2000,mg/kg,High,713,16,4,Male,Crj:CD(SD)IGS,3,3.0,3,True,moderate,True,True,False,recorded_finding
65761,/workspace/andre01/honzawa/02-playground/toxpatho-patch-selector/data/TGGATEs/WSI/Liver/29_day/65761.svs,29 day,acetamide,2000,mg/kg,High,713,16,5,Male,Crj:CD(SD)IGS,3,2.0,3,True,slight,True,True,False,recorded_finding
66063,/workspace/andre01/honzawa/02-playground/toxpatho-patch-selector/data/TGGATEs/WSI/Liver/4_day/66063.svs,4 day,1% cholesterol + 0.25% sodium cholate,0,%,Control,698,1,1,Male,Crj:CD(SD)IGS,1,2.0,0,True,slight,True,True,False,recorded_finding
66065,/workspace/andre01/honzawa/02-playground/toxpatho-patch-selector/data/TGGATEs/WSI/Liver/4_day/66065.svs,4 day,1% cholesterol + 0.25% sodium cholate,0,%,Control,698,1,2,Male,Crj:CD(SD)IGS,0,,0,False,,True,True,False,no_finding_recorded
66070,/workspace/andre01/honzawa/02-playground/toxpatho-patch-selector/data/TGGATEs/WSI/Liver/4_day/66070.svs,4 day,1% cholesterol + 0.25% sodium cholate,0,%,Control,698,1,3,Male,Crj:CD(SD)IGS,0,,0,False,,True,True,False,no_finding_recorded
66079,/workspace/andre01/honzawa/02-playground/toxpatho-patch-selector/data/TGGATEs/WSI/Liver/4_day/66079.svs,4 day,1% cholesterol + 0.25% sodium cholate,0,%,Control,698,1,5,Male,Crj:CD(SD)IGS,0,,0,False,,True,True,False,no_finding_recorded
66083,/workspace/andre01/honzawa/02-playground/toxpatho-patch-selector/data/TGGATEs/WSI/Liver/8_day/66083.svs,8 day,1% cholesterol + 0.25% sodium cholate,0,%,Control,698,2,1,Male,Crj:CD(SD)IGS,0,,0,False,,True,True,False,no_finding_recorded
66087,/workspace/andre01/honzawa/02-playground/toxpatho-patch-selector/data/TGGATEs/WSI/Liver/8_day/66087.svs,8 day,1% cholesterol + 0.25% sodium cholate,0,%,Control,698,2,2,Male,Crj:CD(SD)IGS,0,,0,False,,True,True,False,no_finding_recorded
66091,/workspace/andre01/honzawa/02-playground/toxpatho-patch-selector/data/TGGATEs/WSI/Liver/8_day/66091.svs,8 day,1% cholesterol + 0.25% sodium cholate,0,%,Control,698,2,3,Male,Crj:CD(SD)IGS,0,,0,False,,True,True,False,no_finding_recorded
66094,/workspace/andre01/honzawa/02-playground/toxpatho-patch-selector/data/TGGATEs/WSI/Liver/8_day/66094.svs,8 day,1% cholesterol + 0.25% sodium cholate,0,%,Control,698,2,4,Male,Crj:CD(SD)IGS,0,,0,False,,True,True,False,no_finding_recorded
66098,/workspace/andre01/honzawa/02-playground/toxpatho-patch-selector/data/TGGATEs/WSI/Liver/8_day/66098.svs,8 day,1% cholesterol + 0.25% sodium cholate,0,%,Control,698,2,5,Male,Crj:CD(SD)IGS,1,2.0,0,True,slight,True,True,False,recorded_finding
66101,/workspace/andre01/honzawa/02-playground/toxpatho-patch-selector/data/TGGATEs/WSI/Liver/15_day/66101.svs,15 day,1% cholesterol + 0.25% sodium cholate,0,%,Control,698,3,1,Male,Crj:CD(SD)IGS,0,,0,False,,True,True,False,no_finding_recorded
66105,/workspace/andre01/honzawa/02-playground/toxpatho-patch-selector/data/TGGATEs/WSI/Liver/15_day/66105.svs,15 day,1% cholesterol + 0.25% sodium cholate,0,%,Control,698,3,2,Male,Crj:CD(SD)IGS,0,,0,False,,True,True,False,no_finding_recorded
66110,/workspace/andre01/honzawa/02-playground/toxpatho-patch-selector/data/TGGATEs/WSI/Liver/15_day/66110.svs,15 day,1% cholesterol + 0.25% sodium cholate,0,%,Control,698,3,3,Male,Crj:CD(SD)IGS,0,,0,False,,True,True,False,no_finding_recorded
66114,/workspace/andre01/honzawa/02-playground/toxpatho-patch-selector/data/TGGATEs/WSI/Liver/15_day/66114.svs,15 day,1% cholesterol + 0.25% sodium cholate,0,%,Control,698,3,4,Male,Crj:CD(SD)IGS,0,,0,False,,True,True,False,no_finding_recorded
66117,/workspace/andre01/honzawa/02-playground/toxpatho-patch-selector/data/TGGATEs/WSI/Liver/15_day/66117.svs,15 day,1% cholesterol + 0.25% sodium cholate,0,%,Control,698,3,5,Male,Crj:CD(SD)IGS,0,,0,False,,True,True,False,no_finding_recorded
66121,/workspace/andre01/honzawa/02-playground/toxpatho-patch-selector/data/TGGATEs/WSI/Liver/29_day/66121.svs,29 day,1% cholesterol + 0.25% sodium cholate,0,%,Control,698,4,1,Male,Crj:CD(SD)IGS,0,,0,False,,True,True,False,no_finding_recorded
66125,/workspace/andre01/honzawa/02-playground/toxpatho-patch-selector/data/TGGATEs/WSI/Liver/29_day/66125.svs,29 day,1% cholesterol + 0.25% sodium cholate,0,%,Control,698,4,2,Male,Crj:CD(SD)IGS,0,,0,False,,True,True,False,no_finding_recorded
66129,/workspace/andre01/honzawa/02-playground/toxpatho-patch-selector/data/TGGATEs/WSI/Liver/29_day/66129.svs,29 day,1% cholesterol + 0.25% sodium cholate,0,%,Control,698,4,3,Male,Crj:CD(SD)IGS,0,,0,False,,True,True,False,no_finding_recorded
66133,/workspace/andre01/honzawa/02-playground/toxpatho-patch-selector/data/TGGATEs/WSI/Liver/29_day/66133.svs,29 day,1% cholesterol + 0.25% sodium cholate,0,%,Control,698,4,4,Male,Crj:CD(SD)IGS,0,,0,False,,True,True,False,no_finding_recorded
66141,/workspace/andre01/honzawa/02-playground/toxpatho-patch-selector/data/TGGATEs/WSI/Liver/4_day/66141.svs,4 day,1% cholesterol + 0.25% sodium cholate,9999,%,High,698,5,1,Male,Crj:CD(SD)IGS,3,2.0,3,True,slight,True,True,False,recorded_finding
66145,/workspace/andre01/honzawa/02-playground/toxpatho-patch-selector/data/TGGATEs/WSI/Liver/4_day/66145.svs,4 day,1% cholesterol + 0.25% sodium cholate,9999,%,High,698,5,2,Male,Crj:CD(SD)IGS,3,2.0,3,True,slight,True,True,False,recorded_finding
66148,/workspace/andre01/honzawa/02-playground/toxpatho-patch-selector/data/TGGATEs/WSI/Liver/4_day/66148.svs,4 day,1% cholesterol + 0.25% sodium cholate,9999,%,High,698,5,3,Male,Crj:CD(SD)IGS,3,3.0,3,True,moderate,True,True,False,recorded_finding
66153,/workspace/andre01/honzawa/02-playground/toxpatho-patch-selector/data/TGGATEs/WSI/Liver/4_day/66153.svs,4 day,1% cholesterol + 0.25% sodium cholate,9999,%,High,698,5,4,Male,Crj:CD(SD)IGS,2,3.0,2,True,moderate,True,True,False,recorded_finding
66156,/workspace/andre01/honzawa/02-playground/toxpatho-patch-selector/data/TGGATEs/WSI/Liver/4_day/66156.svs,4 day,1% cholesterol + 0.25% sodium cholate,9999,%,High,698,5,5,Male,Crj:CD(SD)IGS,2,3.0,2,True,moderate,True,True,False,recorded_finding
66160,/workspace/andre01/honzawa/02-playground/toxpatho-patch-selector/data/TGGATEs/WSI/Liver/8_day/66160.svs,8 day,1% cholesterol + 0.25% sodium cholate,9999,%,High,698,6,1,Male,Crj:CD(SD)IGS,2,2.0,2,True,slight,True,True,False,recorded_finding
66164,/workspace/andre01/honzawa/02-playground/toxpatho-patch-selector/data/TGGATEs/WSI/Liver/8_day/66164.svs,8 day,1% cholesterol + 0.25% sodium cholate,9999,%,High,698,6,2,Male,Crj:CD(SD)IGS,4,2.0,4,True,slight,True,True,False,recorded_finding
66167,/workspace/andre01/honzawa/02-playground/toxpatho-patch-selector/data/TGGATEs/WSI/Liver/8_day/66167.svs,8 day,1% cholesterol + 0.25% sodium cholate,9999,%,High,698,6,3,Male,Crj:CD(SD)IGS,2,2.0,2,True,slight,True,True,False,recorded_finding
66171,/workspace/andre01/honzawa/02-playground/toxpatho-patch-selector/data/TGGATEs/WSI/Liver/8_day/66171.svs,8 day,1% cholesterol + 0.25% sodium cholate,9999,%,High,698,6,4,Male,Crj:CD(SD)IGS,3,2.0,3,True,slight,True,True,False,recorded_finding
66175,/workspace/andre01/honzawa/02-playground/toxpatho-patch-selector/data/TGGATEs/WSI/Liver/8_day/66175.svs,8 day,1% cholesterol + 0.25% sodium cholate,9999,%,High,698,6,5,Male,Crj:CD(SD)IGS,3,2.0,3,True,slight,True,True,False,recorded_finding
66179,/workspace/andre01/honzawa/02-playground/toxpatho-patch-selector/data/TGGATEs/WSI/Liver/15_day/66179.svs,15 day,1% cholesterol + 0.25% sodium cholate,9999,%,High,698,7,1,Male,Crj:CD(SD)IGS,2,3.0,2,True,moderate,True,True,False,recorded_finding
66183,/workspace/andre01/honzawa/02-playground/toxpatho-patch-selector/data/TGGATEs/WSI/Liver/15_day/66183.svs,15 day,1% cholesterol + 0.25% sodium cholate,9999,%,High,698,7,2,Male,Crj:CD(SD)IGS,1,3.0,1,True,moderate,True,True,False,recorded_finding
66187,/workspace/andre01/honzawa/02-playground/toxpatho-patch-selector/data/TGGATEs/WSI/Liver/15_day/66187.svs,15 day,1% cholesterol + 0.25% sodium cholate,9999,%,High,698,7,3,Male,Crj:CD(SD)IGS,1,3.0,1,True,moderate,True,True,False,recorded_finding
66191,/workspace/andre01/honzawa/02-playground/toxpatho-patch-selector/data/TGGATEs/WSI/Liver/15_day/66191.svs,15 day,1% cholesterol + 0.25% sodium cholate,9999,%,High,698,7,4,Male,Crj:CD(SD)IGS,3,3.0,3,True,moderate,True,True,False,recorded_finding
66195,/workspace/andre01/honzawa/02-playground/toxpatho-patch-selector/data/TGGATEs/WSI/Liver/15_day/66195.svs,15 day,1% cholesterol + 0.25% sodium cholate,9999,%,High,698,7,5,Male,Crj:CD(SD)IGS,3,3.0,3,True,moderate,True,True,False,recorded_finding
66203,/workspace/andre01/honzawa/02-playground/toxpatho-patch-selector/data/TGGATEs/WSI/Liver/29_day/66203.svs,29 day,1% cholesterol + 0.25% sodium cholate,9999,%,High,698,8,2,Male,Crj:CD(SD)IGS,1,4.0,1,True,severe,True,True,False,recorded_finding
66207,/workspace/andre01/honzawa/02-playground/toxpatho-patch-selector/data/TGGATEs/WSI/Liver/29_day/66207.svs,29 day,1% cholesterol + 0.25% sodium cholate,9999,%,High,698,8,3,Male,Crj:CD(SD)IGS,2,4.0,2,True,severe,True,True,False,recorded_finding
66211,/workspace/andre01/honzawa/02-playground/toxpatho-patch-selector/data/TGGATEs/WSI/Liver/29_day/66211.svs,29 day,1% cholesterol + 0.25% sodium cholate,9999,%,High,698,8,4,Male,Crj:CD(SD)IGS,1,4.0,1,True,severe,True,True,False,recorded_finding
68078,/workspace/andre01/honzawa/02-playground/toxpatho-patch-selector/data/TGGATEs/WSI/Liver/4_day/68078.svs,4 day,1% cholesterol + 0.25% sodium cholate,0,%,Control,698,1,4,Male,Crj:CD(SD)IGS,0,,0,False,,True,True,False,no_finding_recorded
68083,/workspace/andre01/honzawa/02-playground/toxpatho-patch-selector/data/TGGATEs/WSI/Liver/29_day/68083.svs,29 day,1% cholesterol + 0.25% sodium cholate,0,%,Control,698,4,5,Male,Crj:CD(SD)IGS,0,,0,False,,True,True,False,no_finding_recorded
68802,/workspace/andre01/honzawa/02-playground/toxpatho-patch-selector/data/TGGATEs/WSI/Liver/4_day/68802.svs,4 day,acetaminophen,0,mg/kg,,707,1,1,,,0,,0,False,,False,False,False,unknown
68805,/workspace/andre01/honzawa/02-playground/toxpatho-patch-selector/data/TGGATEs/WSI/Liver/4_day/68805.svs,4 day,acetaminophen,0,mg/kg,,707,1,2,,,0,,0,False,,False,False,False,unknown
68809,/workspace/andre01/honzawa/02-playground/toxpatho-patch-selector/data/TGGATEs/WSI/Liver/4_day/68809.svs,4 day,acetaminophen,0,mg/kg,,707,1,3,,,0,,0,False,,False,False,False,unknown
68813,/workspace/andre01/honzawa/02-playground/toxpatho-patch-selector/data/TGGATEs/WSI/Liver/4_day/68813.svs,4 day,acetaminophen,0,mg/kg,,707,1,4,,,0,,0,False,,False,False,False,unknown
68817,/workspace/andre01/honzawa/02-playground/toxpatho-patch-selector/data/TGGATEs/WSI/Liver/4_day/68817.svs,4 day,acetaminophen,0,mg/kg,,707,1,5,,,0,,0,False,,False,False,False,unknown
68821,/workspace/andre01/honzawa/02-playground/toxpatho-patch-selector/data/TGGATEs/WSI/Liver/8_day/68821.svs,8 day,acetaminophen,0,mg/kg,,707,2,1,,,0,,0,False,,False,False,False,unknown
68825,/workspace/andre01/honzawa/02-playground/toxpatho-patch-selector/data/TGGATEs/WSI/Liver/8_day/68825.svs,8 day,acetaminophen,0,mg/kg,,707,2,2,,,0,,0,False,,False,False,False,unknown
68829,/workspace/andre01/honzawa/02-playground/toxpatho-patch-selector/data/TGGATEs/WSI/Liver/8_day/68829.svs,8 day,acetaminophen,0,mg/kg,,707,2,3,,,0,,0,False,,False,False,False,unknown
68833,/workspace/andre01/honzawa/02-playground/toxpatho-patch-selector/data/TGGATEs/WSI/Liver/8_day/68833.svs,8 day,acetaminophen,0,mg/kg,,707,2,4,,,0,,0,False,,False,False,False,unknown
68837,/workspace/andre01/honzawa/02-playground/toxpatho-patch-selector/data/TGGATEs/WSI/Liver/8_day/68837.svs,8 day,acetaminophen,0,mg/kg,,707,2,5,,,0,,0,False,,False,False,False,unknown
68841,/workspace/andre01/honzawa/02-playground/toxpatho-patch-selector/data/TGGATEs/WSI/Liver/15_day/68841.svs,15 day,acetaminophen,0,mg/kg,,707,3,1,,,0,,0,False,,False,False,False,unknown
68845,/workspace/andre01/honzawa/02-playground/toxpatho-patch-selector/data/TGGATEs/WSI/Liver/15_day/68845.svs,15 day,acetaminophen,0,mg/kg,,707,3,2,,,0,,0,False,,False,False,False,unknown
68849,/workspace/andre01/honzawa/02-playground/toxpatho-patch-selector/data/TGGATEs/WSI/Liver/15_day/68849.svs,15 day,acetaminophen,0,mg/kg,,707,3,3,,,0,,0,False,,False,False,False,unknown
68853,/workspace/andre01/honzawa/02-playground/toxpatho-patch-selector/data/TGGATEs/WSI/Liver/15_day/68853.svs,15 day,acetaminophen,0,mg/kg,,707,3,4,,,0,,0,False,,False,False,False,unknown
68857,/workspace/andre01/honzawa/02-playground/toxpatho-patch-selector/data/TGGATEs/WSI/Liver/15_day/68857.svs,15 day,acetaminophen,0,mg/kg,,707,3,5,,,0,,0,False,,False,False,False,unknown
68861,/workspace/andre01/honzawa/02-playground/toxpatho-patch-selector/data/TGGATEs/WSI/Liver/29_day/68861.svs,29 day,acetaminophen,0,mg/kg,,707,4,1,,,0,,0,False,,False,False,False,unknown
68865,/workspace/andre01/honzawa/02-playground/toxpatho-patch-selector/data/TGGATEs/WSI/Liver/29_day/68865.svs,29 day,acetaminophen,0,mg/kg,,707,4,2,,,0,,0,False,,False,False,False,unknown
68869,/workspace/andre01/honzawa/02-playground/toxpatho-patch-selector/data/TGGATEs/WSI/Liver/29_day/68869.svs,29 day,acetaminophen,0,mg/kg,,707,4,3,,,0,,0,False,,False,False,False,unknown
68873,/workspace/andre01/honzawa/02-playground/toxpatho-patch-selector/data/TGGATEs/WSI/Liver/29_day/68873.svs,29 day,acetaminophen,0,mg/kg,,707,4,4,,,0,,0,False,,False,False,False,unknown
68877,/workspace/andre01/honzawa/02-playground/toxpatho-patch-selector/data/TGGATEs/WSI/Liver/29_day/68877.svs,29 day,acetaminophen,0,mg/kg,,707,4,5,,,0,,0,False,,False,False,False,unknown
68908,/workspace/andre01/honzawa/02-playground/toxpatho-patch-selector/data/TGGATEs/WSI/Liver/4_day/68908.svs,4 day,acetaminophen,100,mg/kg,,707,5,1,,,0,,0,False,,False,False,False,unknown
68912,/workspace/andre01/honzawa/02-playground/toxpatho-patch-selector/data/TGGATEs/WSI/Liver/4_day/68912.svs,4 day,acetaminophen,100,mg/kg,,707,5,2,,,0,,0,False,,False,False,False,unknown
68915,/workspace/andre01/honzawa/02-playground/toxpatho-patch-selector/data/TGGATEs/WSI/Liver/4_day/68915.svs,4 day,acetaminophen,100,mg/kg,,707,5,3,,,0,,0,False,,False,False,False,unknown
68919,/workspace/andre01/honzawa/02-playground/toxpatho-patch-selector/data/TGGATEs/WSI/Liver/4_day/68919.svs,4 day,acetaminophen,100,mg/kg,,707,5,4,,,0,,0,False,,False,False,False,unknown
68923,/workspace/andre01/honzawa/02-playground/toxpatho-patch-selector/data/TGGATEs/WSI/Liver/4_day/68923.svs,4 day,acetaminophen,100,mg/kg,,707,5,5,,,0,,0,False,,False,False,False,unknown
68927,/workspace/andre01/honzawa/02-playground/toxpatho-patch-selector/data/TGGATEs/WSI/Liver/8_day/68927.svs,8 day,acetaminophen,100,mg/kg,,707,6,1,,,0,,0,False,,False,False,False,unknown
68930,/workspace/andre01/honzawa/02-playground/toxpatho-patch-selector/data/TGGATEs/WSI/Liver/8_day/68930.svs,8 day,acetaminophen,100,mg/kg,,707,6,2,,,0,,0,False,,False,False,False,unknown
68934,/workspace/andre01/honzawa/02-playground/toxpatho-patch-selector/data/TGGATEs/WSI/Liver/8_day/68934.svs,8 day,acetaminophen,100,mg/kg,,707,6,3,,,0,,0,False,,False,False,False,unknown
68938,/workspace/andre01/honzawa/02-playground/toxpatho-patch-selector/data/TGGATEs/WSI/Liver/8_day/68938.svs,8 day,acetaminophen,100,mg/kg,,707,6,4,,,0,,0,False,,False,False,False,unknown
68941,/workspace/andre01/honzawa/02-playground/toxpatho-patch-selector/data/TGGATEs/WSI/Liver/8_day/68941.svs,8 day,acetaminophen,100,mg/kg,,707,6,5,,,0,,0,False,,False,False,False,unknown
68945,/workspace/andre01/honzawa/02-playground/toxpatho-patch-selector/data/TGGATEs/WSI/Liver/15_day/68945.svs,15 day,acetaminophen,100,mg/kg,,707,7,1,,,0,,0,False,,False,False,False,unknown
68949,/workspace/andre01/honzawa/02-playground/toxpatho-patch-selector/data/TGGATEs/WSI/Liver/15_day/68949.svs,15 day,acetaminophen,100,mg/kg,,707,7,2,,,0,,0,False,,False,False,False,unknown
68953,/workspace/andre01/honzawa/02-playground/toxpatho-patch-selector/data/TGGATEs/WSI/Liver/15_day/68953.svs,15 day,acetaminophen,100,mg/kg,,707,7,3,,,0,,0,False,,False,False,False,unknown
68956,/workspace/andre01/honzawa/02-playground/toxpatho-patch-selector/data/TGGATEs/WSI/Liver/15_day/68956.svs,15 day,acetaminophen,100,mg/kg,,707,7,4,,,0,,0,False,,False,False,False,unknown
68960,/workspace/andre01/honzawa/02-playground/toxpatho-patch-selector/data/TGGATEs/WSI/Liver/15_day/68960.svs,15 day,acetaminophen,100,mg/kg,,707,7,5,,,0,,0,False,,False,False,False,unknown
68964,/workspace/andre01/honzawa/02-playground/toxpatho-patch-selector/data/TGGATEs/WSI/Liver/29_day/68964.svs,29 day,acetaminophen,100,mg/kg,,707,8,1,,,0,,0,False,,False,False,False,unknown
68968,/workspace/andre01/honzawa/02-playground/toxpatho-patch-selector/data/TGGATEs/WSI/Liver/29_day/68968.svs,29 day,acetaminophen,100,mg/kg,,707,8,2,,,0,,0,False,,False,False,False,unknown
68972,/workspace/andre01/honzawa/02-playground/toxpatho-patch-selector/data/TGGATEs/WSI/Liver/29_day/68972.svs,29 day,acetaminophen,100,mg/kg,,707,8,3,,,0,,0,False,,False,False,False,unknown
68976,/workspace/andre01/honzawa/02-playground/toxpatho-patch-selector/data/TGGATEs/WSI/Liver/29_day/68976.svs,29 day,acetaminophen,100,mg/kg,,707,8,4,,,0,,0,False,,False,False,False,unknown
70090,/workspace/andre01/honzawa/02-playground/toxpatho-patch-selector/data/TGGATEs/WSI/Liver/29_day/70090.svs,29 day,methapyrilene,10,mg/kg,Low,174,8,5,Male,Crj:CD(SD)IGS,0,,0,False,,True,True,False,no_finding_recorded
70092,/workspace/andre01/honzawa/02-playground/toxpatho-patch-selector/data/TGGATEs/WSI/Liver/15_day/70092.svs,15 day,methapyrilene,100,mg/kg,High,174,15,2,Male,Crj:CD(SD)IGS,5,3.0,5,True,moderate,True,True,False,recorded_finding
70095,/workspace/andre01/honzawa/02-playground/toxpatho-patch-selector/data/TGGATEs/WSI/Liver/29_day/70095.svs,29 day,ethionamide,0,mg/kg,Control,585,4,5,Male,Crj:CD(SD)IGS,1,1.0,0,True,minimal,True,True,False,recorded_finding
70104,/workspace/andre01/honzawa/02-playground/toxpatho-patch-selector/data/TGGATEs/WSI/Liver/8_day/70104.svs,8 day,promethazine,60,mg/kg,Middle,494,10,3,Male,Crj:CD(SD)IGS,0,,0,False,,True,True,False,no_finding_recorded
70385,/workspace/andre01/honzawa/02-playground/toxpatho-patch-selector/data/TGGATEs/WSI/Liver/15_day/70385.svs,15 day,acetaminophen,300,mg/kg,Low,42,11,2,Male,Crj:CD(SD)IGS,0,,0,False,,True,True,False,no_finding_recorded
70386,/workspace/andre01/honzawa/02-playground/toxpatho-patch-selector/data/TGGATEs/WSI/Liver/8_day/70386.svs,8 day,acetaminophen,600,mg/kg,Middle,42,14,1,Male,Crj:CD(SD)IGS,0,,0,False,,True,True,False,no_finding_recorded
70387,/workspace/andre01/honzawa/02-playground/toxpatho-patch-selector/data/TGGATEs/WSI/Liver/29_day/70387.svs,29 day,acetaminophen,600,mg/kg,Middle,42,16,5,Male,Crj:CD(SD)IGS,0,,0,False,,True,True,False,no_finding_recorded
70445,/workspace/andre01/honzawa/02-playground/toxpatho-patch-selector/data/TGGATEs/WSI/Liver/15_day/70445.svs,15 day,clofibrate,300,mg/kg,High,99,15,3,Male,Crj:CD(SD)IGS,2,1.0,2,True,minimal,True,True,False,recorded_finding
70454,/workspace/andre01/honzawa/02-playground/toxpatho-patch-selector/data/TGGATEs/WSI/Liver/4_day/70454.svs,4 day,allyl alcohol,10,mg/kg,Middle,103,9,4,Male,Crj:CD(SD)IGS,0,,0,False,,True,True,False,no_finding_recorded
70455,/workspace/andre01/honzawa/02-playground/toxpatho-patch-selector/data/TGGATEs/WSI/Liver/4_day/70455.svs,4 day,aspirin,0,mg/kg,Control,128,1,4,Male,Crj:CD(SD)IGS,0,,0,False,,True,True,False,no_finding_recorded
70456,/workspace/andre01/honzawa/02-playground/toxpatho-patch-selector/data/TGGATEs/WSI/Liver/4_day/70456.svs,4 day,aspirin,45,mg/kg,Low,128,5,1,Male,Crj:CD(SD)IGS,0,,0,False,,True,True,False,no_finding_recorded
70457,/workspace/andre01/honzawa/02-playground/toxpatho-patch-selector/data/TGGATEs/WSI/Liver/4_day/70457.svs,4 day,aspirin,45,mg/kg,Low,128,5,2,Male,Crj:CD(SD)IGS,0,,0,False,,True,True,False,no_finding_recorded
70458,/workspace/andre01/honzawa/02-playground/toxpatho-patch-selector/data/TGGATEs/WSI/Liver/4_day/70458.svs,4 day,aspirin,45,mg/kg,Low,128,5,4,Male,Crj:CD(SD)IGS,0,,0,False,,True,True,False,no_finding_recorded
70459,/workspace/andre01/honzawa/02-playground/toxpatho-patch-selector/data/TGGATEs/WSI/Liver/4_day/70459.svs,4 day,aspirin,150,mg/kg,Middle,128,9,2,Male,Crj:CD(SD)IGS,0,,0,False,,True,True,False,no_finding_recorded
70460,/workspace/andre01/honzawa/02-playground/toxpatho-patch-selector/data/TGGATEs/WSI/Liver/4_day/70460.svs,4 day,aspirin,150,mg/kg,Middle,128,9,4,Male,Crj:CD(SD)IGS,0,,0,False,,True,True,False,no_finding_recorded
70461,/workspace/andre01/honzawa/02-playground/toxpatho-patch-selector/data/TGGATEs/WSI/Liver/4_day/70461.svs,4 day,aspirin,450,mg/kg,High,128,13,1,Male,Crj:CD(SD)IGS,1,2.0,1,True,slight,True,True,False,recorded_finding
70462,/workspace/andre01/honzawa/02-playground/toxpatho-patch-selector/data/TGGATEs/WSI/Liver/15_day/70462.svs,15 day,aspirin,150,mg/kg,Middle,128,11,4,Male,Crj:CD(SD)IGS,0,,0,False,,True,True,False,no_finding_recorded
70463,/workspace/andre01/honzawa/02-playground/toxpatho-patch-selector/data/TGGATEs/WSI/Liver/15_day/70463.svs,15 day,aspirin,450,mg/kg,High,128,15,2,Male,Crj:CD(SD)IGS,1,2.0,1,True,slight,True,True,False,recorded_finding
70464,/workspace/andre01/honzawa/02-playground/toxpatho-patch-selector/data/TGGATEs/WSI/Liver/15_day/70464.svs,15 day,aspirin,450,mg/kg,High,128,15,5,Male,Crj:CD(SD)IGS,2,2.0,1,True,slight,True,True,False,recorded_finding
70513,/workspace/andre01/honzawa/02-playground/toxpatho-patch-selector/data/TGGATEs/WSI/Liver/8_day/70513.svs,8 day,ethinylestradiol,10,mg/kg,High,305,14,3,Male,Crj:CD(SD)IGS,1,1.0,0,True,minimal,True,True,False,recorded_finding
70543,/workspace/andre01/honzawa/02-playground/toxpatho-patch-selector/data/TGGATEs/WSI/Liver/29_day/70543.svs,29 day,monocrotaline,0,mg/kg,Control,280,4,3,Male,Crj:CD(SD)IGS,0,,0,False,,True,True,False,no_finding_recorded
70544,/workspace/andre01/honzawa/02-playground/toxpatho-patch-selector/data/TGGATEs/WSI/Liver/4_day/70544.svs,4 day,monocrotaline,3,mg/kg,Low,280,5,4,Male,Crj:CD(SD)IGS,0,,0,False,,True,True,False,no_finding_recorded
70545,/workspace/andre01/honzawa/02-playground/toxpatho-patch-selector/data/TGGATEs/WSI/Liver/15_day/70545.svs,15 day,monocrotaline,3,mg/kg,Low,280,7,2,Male,Crj:CD(SD)IGS,0,,0,False,,True,True,False,no_finding_recorded
70546,/workspace/andre01/honzawa/02-playground/toxpatho-patch-selector/data/TGGATEs/WSI/Liver/29_day/70546.svs,29 day,monocrotaline,3,mg/kg,Low,280,8,2,Male,Crj:CD(SD)IGS,0,,0,False,,True,True,False,no_finding_recorded
70548,/workspace/andre01/honzawa/02-playground/toxpatho-patch-selector/data/TGGATEs/WSI/Liver/4_day/70548.svs,4 day,monocrotaline,10,mg/kg,Middle,280,9,3,Male,Crj:CD(SD)IGS,0,,0,False,,True,True,False,no_finding_recorded
70549,/workspace/andre01/honzawa/02-playground/toxpatho-patch-selector/data/TGGATEs/WSI/Liver/8_day/70549.svs,8 day,monocrotaline,10,mg/kg,Middle,280,10,1,Male,Crj:CD(SD)IGS,0,,0,False,,True,True,False,no_finding_recorded
70550,/workspace/andre01/honzawa/02-playground/toxpatho-patch-selector/data/TGGATEs/WSI/Liver/15_day/70550.svs,15 day,monocrotaline,10,mg/kg,Middle,280,11,1,Male,Crj:CD(SD)IGS,1,2.0,1,True,slight,True,True,False,recorded_finding
70551,/workspace/andre01/honzawa/02-playground/toxpatho-patch-selector/data/TGGATEs/WSI/Liver/15_day/70551.svs,15 day,monocrotaline,10,mg/kg,Middle,280,11,3,Male,Crj:CD(SD)IGS,0,,0,False,,True,True,False,no_finding_recorded
70552,/workspace/andre01/honzawa/02-playground/toxpatho-patch-selector/data/TGGATEs/WSI/Liver/15_day/70552.svs,15 day,monocrotaline,10,mg/kg,Middle,280,11,5,Male,Crj:CD(SD)IGS,2,2.0,2,True,slight,True,True,False,recorded_finding
70554,/workspace/andre01/honzawa/02-playground/toxpatho-patch-selector/data/TGGATEs/WSI/Liver/29_day/70554.svs,29 day,monocrotaline,10,mg/kg,Middle,280,12,2,Male,Crj:CD(SD)IGS,6,3.0,6,True,moderate,True,True,False,recorded_finding
70556,/workspace/andre01/honzawa/02-playground/toxpatho-patch-selector/data/TGGATEs/WSI/Liver/4_day/70556.svs,4 day,monocrotaline,30,mg/kg,High,280,13,1,Male,Crj:CD(SD)IGS,0,,0,False,,True,True,False,no_finding_recorded
70557,/workspace/andre01/honzawa/02-playground/toxpatho-patch-selector/data/TGGATEs/WSI/Liver/4_day/70557.svs,4 day,monocrotaline,30,mg/kg,High,280,13,4,Male,Crj:CD(SD)IGS,0,,0,False,,True,True,False,no_finding_recorded
70558,/workspace/andre01/honzawa/02-playground/toxpatho-patch-selector/data/TGGATEs/WSI/Liver/8_day/70558.svs,8 day,monocrotaline,30,mg/kg,High,280,14,1,Male,Crj:CD(SD)IGS,6,3.0,6,True,moderate,True,True,False,recorded_finding
70559,/workspace/andre01/honzawa/02-playground/toxpatho-patch-selector/data/TGGATEs/WSI/Liver/8_day/70559.svs,8 day,monocrotaline,30,mg/kg,High,280,14,3,Male,Crj:CD(SD)IGS,5,3.0,5,True,moderate,True,True,False,recorded_finding
70561,/workspace/andre01/honzawa/02-playground/toxpatho-patch-selector/data/TGGATEs/WSI/Liver/15_day/70561.svs,15 day,monocrotaline,30,mg/kg,High,280,15,5,Male,Crj:CD(SD)IGS,8,4.0,8,True,severe,True,True,False,recorded_finding
70562,/workspace/andre01/honzawa/02-playground/toxpatho-patch-selector/data/TGGATEs/WSI/Liver/15_day/70562.svs,15 day,monocrotaline,30,mg/kg,High,280,16,3,Male,Crj:CD(SD)IGS,10,3.0,10,True,moderate,True,True,False,recorded_finding
70564,/workspace/andre01/honzawa/02-playground/toxpatho-patch-selector/data/TGGATEs/WSI/Liver/15_day/70564.svs,15 day,monocrotaline,30,mg/kg,High,280,16,4,Male,Crj:CD(SD)IGS,9,4.0,9,True,severe,True,True,False,recorded_finding
70568,/workspace/andre01/honzawa/02-playground/toxpatho-patch-selector/data/TGGATEs/WSI/Liver/15_day/70568.svs,15 day,vitamin A,0,mg/kg,Control,282,3,4,Male,Crj:CD(SD)IGS,0,,0,False,,True,True,False,no_finding_recorded
70569,/workspace/andre01/honzawa/02-playground/toxpatho-patch-selector/data/TGGATEs/WSI/Liver/4_day/70569.svs,4 day,vitamin A,10,mg/kg,Low,282,5,4,Male,Crj:CD(SD)IGS,0,,0,False,,True,True,False,no_finding_recorded
70571,/workspace/andre01/honzawa/02-playground/toxpatho-patch-selector/data/TGGATEs/WSI/Liver/15_day/70571.svs,15 day,vitamin A,10,mg/kg,Low,282,7,2,Male,Crj:CD(SD)IGS,0,,0,False,,True,True,False,no_finding_recorded
70588,/workspace/andre01/honzawa/02-playground/toxpatho-patch-selector/data/TGGATEs/WSI/Liver/8_day/70588.svs,8 day,naproxen,6,mg/kg,Low,348,6,5,Male,Crj:CD(SD)IGS,0,,0,False,,True,True,False,no_finding_recorded
70589,/workspace/andre01/honzawa/02-playground/toxpatho-patch-selector/data/TGGATEs/WSI/Liver/15_day/70589.svs,15 day,naproxen,6,mg/kg,Low,348,7,3,Male,Crj:CD(SD)IGS,0,,0,False,,True,True,False,no_finding_recorded
70594,/workspace/andre01/honzawa/02-playground/toxpatho-patch-selector/data/TGGATEs/WSI/Liver/4_day/70594.svs,4 day,naproxen,60,mg/kg,High,348,13,4,Male,Crj:CD(SD)IGS,0,,0,False,,True,True,False,no_finding_recorded
70606,/workspace/andre01/honzawa/02-playground/toxpatho-patch-selector/data/TGGATEs/WSI/Liver/8_day/70606.svs,8 day,ethambutol,1000,mg/kg,High,391,14,1,Male,Crj:CD(SD)IGS,6,4.0,6,True,severe,True,True,False,recorded_finding
70607,/workspace/andre01/honzawa/02-playground/toxpatho-patch-selector/data/TGGATEs/WSI/Liver/15_day/70607.svs,15 day,ethambutol,1000,mg/kg,High,391,15,5,Male,Crj:CD(SD)IGS,7,3.0,7,True,moderate,True,True,False,recorded_finding
70608,/workspace/andre01/honzawa/02-playground/toxpatho-patch-selector/data/TGGATEs/WSI/Liver/29_day/70608.svs,29 day,ethambutol,1000,mg/kg,High,391,16,2,Male,Crj:CD(SD)IGS,8,4.0,8,True,severe,True,True,False,recorded_finding
70609,/workspace/andre01/honzawa/02-playground/toxpatho-patch-selector/data/TGGATEs/WSI/Liver/29_day/70609.svs,29 day,ethambutol,1000,mg/kg,High,391,16,3,Male,Crj:CD(SD)IGS,7,3.0,7,True,moderate,True,True,False,recorded_finding
70610,/workspace/andre01/honzawa/02-playground/toxpatho-patch-selector/data/TGGATEs/WSI/Liver/29_day/70610.svs,29 day,ethambutol,1000,mg/kg,High,391,16,4,Male,Crj:CD(SD)IGS,7,4.0,7,True,severe,True,True,False,recorded_finding
70646,/workspace/andre01/honzawa/02-playground/toxpatho-patch-selector/data/TGGATEs/WSI/Liver/4_day/70646.svs,4 day,theophylline,20,mg/kg,Low,428,5,5,Male,Crj:CD(SD)IGS,0,,0,False,,True,True,False,no_finding_recorded
70686,/workspace/andre01/honzawa/02-playground/toxpatho-patch-selector/data/TGGATEs/WSI/Liver/29_day/70686.svs,29 day,promethazine,60,mg/kg,Middle,494,12,4,Male,Crj:CD(SD)IGS,2,3.0,2,True,moderate,True,True,False,recorded_finding
70688,/workspace/andre01/honzawa/02-playground/toxpatho-patch-selector/data/TGGATEs/WSI/Liver/29_day/70688.svs,29 day,promethazine,200,mg/kg,High,494,16,3,Male,Crj:CD(SD)IGS,2,4.0,2,True,severe,True,True,False,recorded_finding
70689,/workspace/andre01/honzawa/02-playground/toxpatho-patch-selector/data/TGGATEs/WSI/Liver/29_day/70689.svs,29 day,promethazine,200,mg/kg,High,494,16,5,Male,Crj:CD(SD)IGS,2,4.0,2,True,severe,True,True,False,recorded_finding
70759,/workspace/andre01/honzawa/02-playground/toxpatho-patch-selector/data/TGGATEs/WSI/Liver/29_day/70759.svs,29 day,phenacetin,300,mg/kg,Middle,594,12,5,Male,Crj:CD(SD)IGS,1,1.0,1,True,minimal,True,True,False,recorded_finding
70760,/workspace/andre01/honzawa/02-playground/toxpatho-patch-selector/data/TGGATEs/WSI/Liver/8_day/70760.svs,8 day,phenacetin,1000,mg/kg,High,594,14,5,Male,Crj:CD(SD)IGS,3,2.0,3,True,slight,True,True,False,recorded_finding
70929,/workspace/andre01/honzawa/02-playground/toxpatho-patch-selector/data/TGGATEs/WSI/Liver/4_day/70929.svs,4 day,methylene dianiline,100,mg/kg,High,686,13,4,Male,Crj:CD(SD)IGS,8,2.0,8,True,slight,True,True,False,recorded_finding
70945,/workspace/andre01/honzawa/02-playground/toxpatho-patch-selector/data/TGGATEs/WSI/Liver/29_day/70945.svs,29 day,1% cholesterol + 0.25% sodium cholate,9999,%,High,698,8,1,Male,Crj:CD(SD)IGS,3,4.0,3,True,severe,True,True,False,recorded_finding
70946,/workspace/andre01/honzawa/02-playground/toxpatho-patch-selector/data/TGGATEs/WSI/Liver/29_day/70946.svs,29 day,1% cholesterol + 0.25% sodium cholate,9999,%,High,698,8,5,Male,Crj:CD(SD)IGS,2,4.0,2,True,severe,True,True,False,recorded_finding
70963,/workspace/andre01/honzawa/02-playground/toxpatho-patch-selector/data/TGGATEs/WSI/Liver/15_day/70963.svs,15 day,acetamide,300,mg/kg,Low,713,7,1,Male,Crj:CD(SD)IGS,0,,0,False,,True,True,False,no_finding_recorded
70964,/workspace/andre01/honzawa/02-playground/toxpatho-patch-selector/data/TGGATEs/WSI/Liver/15_day/70964.svs,15 day,acetamide,1000,mg/kg,Middle,713,11,4,Male,Crj:CD(SD)IGS,3,2.0,3,True,slight,True,True,False,recorded_finding
70965,/workspace/andre01/honzawa/02-playground/toxpatho-patch-selector/data/TGGATEs/WSI/Liver/15_day/70965.svs,15 day,acetamide,2000,mg/kg,High,713,15,2,Male,Crj:CD(SD)IGS,7,3.0,7,True,moderate,True,True,False,recorded_finding
70986,/workspace/andre01/honzawa/02-playground/toxpatho-patch-selector/data/TGGATEs/WSI/Liver/4_day/70986.svs,4 day,phenytoin,0,mg/kg,Control,176,1,1,Male,Crj:CD(SD)IGS,0,,0,False,,True,True,False,no_finding_recorded
70987,/workspace/andre01/honzawa/02-playground/toxpatho-patch-selector/data/TGGATEs/WSI/Liver/29_day/70987.svs,29 day,phenytoin,0,mg/kg,Control,176,4,1,Male,Crj:CD(SD)IGS,0,,0,False,,True,True,False,no_finding_recorded
70989,/workspace/andre01/honzawa/02-playground/toxpatho-patch-selector/data/TGGATEs/WSI/Liver/29_day/70989.svs,29 day,phenytoin,0,mg/kg,Control,176,4,2,Male,Crj:CD(SD)IGS,0,,0,False,,True,True,False,no_finding_recorded
70991,/workspace/andre01/honzawa/02-playground/toxpatho-patch-selector/data/TGGATEs/WSI/Liver/29_day/70991.svs,29 day,phenytoin,0,mg/kg,Control,176,4,3,Male,Crj:CD(SD)IGS,0,,0,False,,True,True,False,no_finding_recorded
70993,/workspace/andre01/honzawa/02-playground/toxpatho-patch-selector/data/TGGATEs/WSI/Liver/29_day/70993.svs,29 day,phenytoin,0,mg/kg,Control,176,4,5,Male,Crj:CD(SD)IGS,0,,0,False,,True,True,False,no_finding_recorded
70995,/workspace/andre01/honzawa/02-playground/toxpatho-patch-selector/data/TGGATEs/WSI/Liver/4_day/70995.svs,4 day,phenytoin,200,mg/kg,Middle,176,9,5,Male,Crj:CD(SD)IGS,0,,0,False,,True,True,False,no_finding_recorded
70997,/workspace/andre01/honzawa/02-playground/toxpatho-patch-selector/data/TGGATEs/WSI/Liver/29_day/70997.svs,29 day,phenytoin,200,mg/kg,Middle,176,12,3,Male,Crj:CD(SD)IGS,1,2.0,1,True,slight,True,True,False,recorded_finding
70998,/workspace/andre01/honzawa/02-playground/toxpatho-patch-selector/data/TGGATEs/WSI/Liver/29_day/70998.svs,29 day,phenytoin,200,mg/kg,Middle,176,12,5,Male,Crj:CD(SD)IGS,0,,0,False,,True,True,False,no_finding_recorded
71003,/workspace/andre01/honzawa/02-playground/toxpatho-patch-selector/data/TGGATEs/WSI/Liver/29_day/71003.svs,29 day,phenytoin,600,mg/kg,High,176,16,2,Male,Crj:CD(SD)IGS,1,2.0,1,True,slight,True,True,False,recorded_finding
71004,/workspace/andre01/honzawa/02-playground/toxpatho-patch-selector/data/TGGATEs/WSI/Liver/29_day/71004.svs,29 day,phenytoin,600,mg/kg,High,176,16,3,Male,Crj:CD(SD)IGS,1,2.0,1,True,slight,True,True,False,recorded_finding
71006,/workspace/andre01/honzawa/02-playground/toxpatho-patch-selector/data/TGGATEs/WSI/Liver/29_day/71006.svs,29 day,phenytoin,600,mg/kg,High,176,16,5,Male,Crj:CD(SD)IGS,1,2.0,1,True,slight,True,True,False,recorded_finding
71007,/workspace/andre01/honzawa/02-playground/toxpatho-patch-selector/data/TGGATEs/WSI/Liver/29_day/71007.svs,29 day,WY-14643,100,mg/kg,High,182,16,4,Male,Crj:CD(SD)IGS,2,4.0,2,True,severe,True,True,False,recorded_finding
71080,/workspace/andre01/honzawa/02-playground/toxpatho-patch-selector/data/TGGATEs/WSI/Liver/8_day/71080.svs,8 day,phalloidin,0,mg/kg,Control,481,2,3,Male,Crj:CD(SD)IGS,0,,0,False,,True,True,False,no_finding_recorded
71081,/workspace/andre01/honzawa/02-playground/toxpatho-patch-selector/data/TGGATEs/WSI/Liver/8_day/71081.svs,8 day,phalloidin,0,mg/kg,Control,481,2,4,Male,Crj:CD(SD)IGS,0,,0,False,,True,True,False,no_finding_recorded
71265,/workspace/andre01/honzawa/02-playground/toxpatho-patch-selector/data/TGGATEs/WSI/Liver/4_day/71265.svs,4 day,phenytoin,600,mg/kg,High,176,13,3,Male,Crj:CD(SD)IGS,0,,0,False,,True,True,False,no_finding_recorded
71285,/workspace/andre01/honzawa/02-playground/toxpatho-patch-selector/data/TGGATEs/WSI/Liver/15_day/71285.svs,15 day,methylene dianiline,100,mg/kg,High,686,15,4,Male,Crj:CD(SD)IGS,7,3.0,7,True,moderate,True,True,False,recorded_finding
71306,/workspace/andre01/honzawa/02-playground/toxpatho-patch-selector/data/TGGATEs/WSI/Liver/15_day/71306.svs,15 day,lomustine,1,mg/kg,Low,311,7,2,Male,Crj:CD(SD)IGS,0,,0,False,,True,True,False,no_finding_recorded
