cluster_id,global_selected,stratified_selected,status,supporting_compounds,best_compound,local_q,presence_difference,rank_effect,treated_carriers,control_carriers,treated_slides,control_slides,carrying_slides,dominant_compound,dominant_compound_fraction,best_finding,slide_precision,global_q,anchor,stratified_global_absence_selected,quality_n,tissue_fraction,sample_slides,sample_compounds,sample_population_patches,tissue_pass,b2_best_compound,b2_local_q,b2_presence_difference,b2_treated_carriers,b2_control_carriers,b2_treated_slides,b2_control_slides,b2_supporting_compounds
467,True,True,both,1,phalloidin,0.0104195854099075,1.0,1.0,10.0,0.0,10.0,10.0,21,phalloidin,0.4761904761904761,Single cell necrosis,0.6666666666666666,0.0008152187947556,False,True,24,0.9758021036783854,8,3,9666,True,phalloidin,0.010419585409907513,1.0,10.0,0.0,10.0,10.0,1.0
902,True,True,both,1,carbon tetrachloride,2.2060967106618706e-07,1.0,1.0,60.0,0.0,60.0,20.0,60,carbon tetrachloride,1.0,"Degeneration, fatty",1.0,0.0005324115137452,False,True,24,0.9740168253580728,20,1,49867,True,carbon tetrachloride,2.2060967106618703e-07,1.0,60.0,0.0,60.0,20.0,1.0
1008,True,True,both,1,carbon tetrachloride,2.2060967106618706e-07,0.9666666666666668,1.0,58.0,0.0,60.0,20.0,63,carbon tetrachloride,0.9206349206349206,"Degeneration, fatty",0.9206349206349206,0.0115669601041344,False,True,24,0.6357065836588541,19,2,20229,False,carbon tetrachloride,2.2060967106618703e-07,0.9666666666666667,58.0,0.0,60.0,20.0,1.0
52,True,True,both,1,carbon tetrachloride,2.2060967106618706e-07,0.95,1.0,60.0,1.0,60.0,20.0,68,carbon tetrachloride,0.8970588235294118,"Degeneration, fatty",0.8823529411764706,9.219127803307567e-05,False,True,24,0.985687255859375,19,1,30607,True,carbon tetrachloride,2.2060967106618703e-07,0.95,60.0,1.0,60.0,20.0,1.0
515,True,True,both,1,carbon tetrachloride,2.2060967106618706e-07,0.95,1.0,57.0,0.0,60.0,20.0,59,carbon tetrachloride,0.9661016949152542,"Degeneration, fatty",0.9661016949152542,0.0003543583578083,False,True,24,0.5400619506835938,21,2,7001,False,carbon tetrachloride,2.2060967106618703e-07,0.95,57.0,0.0,60.0,20.0,1.0
876,True,True,both,1,carbon tetrachloride,2.2060967106618706e-07,0.95,0.9966666666666668,60.0,1.0,60.0,20.0,65,carbon tetrachloride,0.9384615384615383,"Degeneration, fatty",0.9230769230769232,0.0453713870858312,False,True,24,0.9815292358398438,20,1,32855,True,carbon tetrachloride,2.2060967106618703e-07,0.95,60.0,1.0,60.0,20.0,1.0
697,True,True,both,1,carbon tetrachloride,2.2060967106618706e-07,0.9333333333333332,1.0,56.0,0.0,60.0,20.0,57,carbon tetrachloride,0.9824561403508772,"Degeneration, fatty",0.9824561403508772,1.5087569049008111e-05,True,True,24,0.964464823404948,20,1,97625,True,carbon tetrachloride,2.2060967106618703e-07,0.9333333333333333,56.0,0.0,60.0,20.0,1.0
1479,True,True,both,1,carbon tetrachloride,2.2060967106618706e-07,0.9333333333333332,1.0,59.0,1.0,60.0,20.0,63,carbon tetrachloride,0.9523809523809524,"Degeneration, fatty",0.9365079365079364,0.000987653884869,False,True,24,0.9810409545898438,22,2,68916,True,carbon tetrachloride,2.2060967106618703e-07,0.9333333333333332,59.0,1.0,60.0,20.0,1.0
778,True,True,both,1,carbon tetrachloride,2.2060967106618706e-07,0.9166666666666666,0.9916666666666668,55.0,0.0,60.0,20.0,55,carbon tetrachloride,1.0,"Degeneration, fatty",1.0,1.6824175429873724e-06,False,True,24,0.1165364583333333,16,1,4336,False,carbon tetrachloride,2.2060967106618703e-07,0.9166666666666666,55.0,0.0,60.0,20.0,1.0
943,True,True,both,1,carbon tetrachloride,2.2060967106618706e-07,0.9166666666666666,0.9916666666666668,55.0,0.0,60.0,20.0,57,carbon tetrachloride,0.9649122807017544,"Degeneration, fatty",0.9649122807017544,0.0003314620954977,False,True,24,0.8900655110677084,18,1,16224,True,carbon tetrachloride,2.2060967106618703e-07,0.9166666666666666,55.0,0.0,60.0,20.0,1.0
1084,True,True,both,1,carbon tetrachloride,2.455658525043392e-07,0.9166666666666666,0.99,58.0,1.0,60.0,20.0,62,carbon tetrachloride,0.9516129032258064,"Degeneration, fatty",0.935483870967742,5.974576155695385e-05,False,True,24,0.4692662556966145,19,1,9754,False,carbon tetrachloride,2.455658525043392e-07,0.9166666666666666,58.0,1.0,60.0,20.0,2.0
1165,False,True,added,2,phalloidin,0.0181869476914866,0.9,1.0,10.0,1.0,10.0,10.0,92,methapyrilene,0.1956521739130435,Hypertrophy,0.4782608695652174,0.4889762800096112,False,True,24,0.5310490926106771,22,10,5717,False,phalloidin,0.018186947691486623,0.9,10.0,1.0,10.0,10.0,2.0
1846,True,True,both,1,phalloidin,0.0170835729976179,0.9,1.0,10.0,1.0,10.0,10.0,36,phalloidin,0.3055555555555556,Single cell necrosis,0.4722222222222222,0.0201536816269155,False,True,24,0.9975789388020834,9,3,27904,True,phalloidin,0.017083572997617907,0.9,10.0,1.0,10.0,10.0,1.0
1226,False,True,added,1,ethionine,3.238360416077576e-07,0.9,0.9866666666666668,54.0,0.0,60.0,20.0,86,ethionine,0.627906976744186,"Alteration, cytoplasmic",0.3953488372093023,0.0621223116116945,False,True,24,0.9918034871419272,18,4,25760,True,ethionine,3.2383604160775753e-07,0.9,54.0,0.0,60.0,20.0,1.0
406,True,True,both,1,carbon tetrachloride,2.877432911228117e-07,0.9,0.9833333333333332,54.0,0.0,60.0,20.0,54,carbon tetrachloride,1.0,"Degeneration, fatty",1.0,2.0044485437993727e-05,False,True,24,0.7455952962239584,20,1,10485,False,carbon tetrachloride,2.877432911228117e-07,0.9,54.0,0.0,60.0,20.0,1.0
899,True,True,both,3,phenobarbital,1.0237793098540583e-06,0.9,0.9633333333333334,54.0,0.0,60.0,20.0,88,phenobarbital,0.6136363636363636,Hypertrophy,0.5454545454545454,8.415096329382959e-05,False,True,24,0.9949188232421876,21,5,13626,True,phenobarbital,1.0237793098540583e-06,0.9,54.0,0.0,60.0,20.0,3.0
1080,True,True,both,1,phalloidin,0.0265811224703193,0.9,0.95,9.0,0.0,10.0,10.0,35,methapyrilene,0.3714285714285714,Single cell necrosis,0.6285714285714286,1.14046390795679e-05,False,True,24,0.997606913248698,12,4,10320,True,phalloidin,0.026581122470319393,0.9,9.0,0.0,10.0,10.0,1.0
225,False,True,added,1,phenobarbital,2.2060967106618706e-07,0.8833333333333333,0.9966666666666668,53.0,0.0,60.0,20.0,226,hexachlorobenzene,0.2699115044247787,Hypertrophy,0.4646017699115044,0.1999792049917242,False,True,24,0.7836634318033854,23,4,16674,False,phenobarbital,2.2060967106618703e-07,0.8833333333333333,53.0,0.0,60.0,20.0,3.0
544,False,True,added,2,phenobarbital,3.492053254554379e-07,0.8833333333333333,0.985,53.0,0.0,60.0,20.0,224,hexachlorobenzene,0.2678571428571428,Hypertrophy,0.4955357142857143,0.2313367277842239,False,True,24,0.9872894287109376,22,5,35900,True,phenobarbital,3.492053254554379e-07,0.8833333333333333,53.0,0.0,60.0,20.0,4.0
1956,False,True,added,2,ethionine,3.760431882868984e-07,0.8833333333333333,0.9833333333333332,56.0,1.0,60.0,20.0,84,ethionine,0.6785714285714286,"Alteration, cytoplasmic",0.4047619047619047,0.3813599041644165,False,True,24,0.8949940999348959,20,4,19702,True,ethionine,3.7604318828689826e-07,0.8833333333333333,56.0,1.0,60.0,20.0,2.0
1625,True,True,both,1,carbon tetrachloride,6.13004494225238e-07,0.8666666666666667,0.9666666666666668,52.0,0.0,60.0,20.0,53,carbon tetrachloride,0.981132075471698,"Degeneration, fatty",0.981132075471698,2.938163602059526e-05,True,True,24,0.953137715657552,16,1,110741,True,carbon tetrachloride,6.13004494225238e-07,0.8666666666666667,52.0,0.0,60.0,20.0,1.0
195,False,True,added,2,ethionine,4.036962421784454e-07,0.8666666666666666,0.98,55.0,1.0,60.0,20.0,81,ethionine,0.691358024691358,"Alteration, cytoplasmic",0.4074074074074074,0.1088968110033754,False,True,24,0.98663330078125,18,3,28647,True,ethionine,4.036962421784454e-07,0.8666666666666666,55.0,1.0,60.0,20.0,2.0
201,False,True,added,1,acetamidofluorene,4.431602894199222e-07,0.85,0.9783333333333334,54.0,1.0,60.0,20.0,142,acetamidofluorene,0.3873239436619718,Swelling,0.380281690140845,0.1934873866066703,False,True,24,0.9705607096354166,19,3,64154,True,acetamidofluorene,4.431602894199222e-07,0.85,54.0,1.0,60.0,20.0,2.0
1273,True,True,both,3,acetamidofluorene,8.571998770793691e-07,0.85,0.9666666666666668,51.0,0.0,60.0,20.0,118,acetamidofluorene,0.4322033898305085,Swelling,0.4322033898305085,0.000194231619063,False,True,24,0.8344446818033854,18,3,15217,False,acetamidofluorene,8.571998770793691e-07,0.85,51.0,0.0,60.0,20.0,3.0
541,True,True,both,2,WY-14643,1.0237793098540583e-06,0.85,0.9633333333333334,54.0,1.0,60.0,20.0,135,WY-14643,0.4074074074074074,"Degeneration, granular, eosinophilic",0.7555555555555555,0.0194523886665478,False,True,24,0.9907302856445312,21,5,14434,True,WY-14643,1.0237793098540583e-06,0.85,54.0,1.0,60.0,20.0,3.0
1757,False,True,added,1,ethionine,6.95458936116134e-06,0.8333333333333334,0.93,50.0,0.0,60.0,20.0,110,ethionine,0.4545454545454545,"Alteration, cytoplasmic",0.3090909090909091,1.0,False,True,24,0.9050521850585938,19,5,9604,True,ethionine,6.95458936116134e-06,0.8333333333333334,50.0,0.0,60.0,20.0,1.0
1817,False,True,added,3,phenobarbital,4.036962421784454e-07,0.8333333333333333,0.98,53.0,1.0,60.0,20.0,135,phenobarbital,0.4,Hypertrophy,0.4518518518518518,0.0764507087349527,False,True,24,0.997728983561198,17,4,36017,True,phenobarbital,4.036962421784454e-07,0.8333333333333333,53.0,1.0,60.0,20.0,3.0
1021,False,True,added,2,acetamidofluorene,6.95458936116134e-06,0.8333333333333333,0.93,53.0,1.0,60.0,20.0,108,acetamidofluorene,0.5,Swelling,0.4907407407407407,0.0721148951708398,False,True,24,0.992090861002604,19,3,56017,True,acetamidofluorene,6.95458936116134e-06,0.8333333333333333,53.0,1.0,60.0,20.0,2.0
1335,True,True,both,1,phenobarbital,2.2060967106618706e-07,0.8166666666666667,0.9966666666666668,52.0,1.0,60.0,20.0,182,hexachlorobenzene,0.3241758241758242,Hypertrophy,0.5164835164835165,0.0417109837285595,False,True,24,0.9966379801432292,21,3,59024,True,hexachlorobenzene,6.130441777410323e-07,0.85,57.0,2.0,60.0,20.0,3.0
516,True,True,both,1,ethionine,4.036962421784454e-07,0.8166666666666667,0.9783333333333334,49.0,0.0,60.0,20.0,67,ethionine,0.7313432835820896,"Alteration, cytoplasmic",0.5074626865671642,0.0020118686244576,False,True,24,0.9969406127929688,16,2,20933,True,ethionine,4.036962421784454e-07,0.8166666666666667,49.0,0.0,60.0,20.0,1.0
820,True,True,both,1,phalloidin,0.0117633302046143,0.8,1.0,8.0,0.0,10.0,10.0,28,phalloidin,0.2857142857142857,Single cell necrosis,0.3928571428571428,0.0076308170447303,False,True,24,0.995361328125,13,6,4616,True,phalloidin,0.011763330204614392,0.8,8.0,0.0,10.0,10.0,1.0
1851,True,True,both,1,phalloidin,0.0127650200595453,0.8,1.0,8.0,0.0,10.0,10.0,14,phalloidin,0.5714285714285714,Single cell necrosis,0.6428571428571429,0.0012245565984182,False,True,24,0.9976755777994792,4,1,21074,True,phalloidin,0.012765020059545324,0.8,8.0,0.0,10.0,10.0,1.0
1639,True,True,both,1,fenofibrate,3.238360416077576e-07,0.8,0.985,48.0,0.0,60.0,20.0,59,fenofibrate,0.8135593220338984,"Degeneration, granular, eosinophilic",0.6949152542372882,5.908963056211156e-06,False,True,24,0.9933929443359376,14,2,43193,True,fenofibrate,3.2383604160775753e-07,0.8,48.0,0.0,60.0,20.0,1.0
583,True,True,both,4,hexachlorobenzene,4.036962421784454e-07,0.8,0.975,48.0,0.0,60.0,20.0,105,hexachlorobenzene,0.4571428571428571,Hypertrophy,0.6666666666666666,5.720179885804435e-10,False,True,24,0.9910659790039062,19,3,53529,True,hexachlorobenzene,4.036962421784454e-07,0.8,48.0,0.0,60.0,20.0,4.0
1682,True,True,both,1,phalloidin,0.0276557422527662,0.8,0.96,8.0,0.0,10.0,10.0,35,monocrotaline,0.2571428571428571,Single cell necrosis,0.6,0.0010246759889428,False,True,24,0.9678980509440104,7,3,16465,True,phalloidin,0.0276557422527662,0.8,8.0,0.0,10.0,10.0,1.0
1656,True,True,both,2,thioacetamide,9.859631559449608e-07,0.8,0.9583333333333334,48.0,0.0,60.0,20.0,68,thioacetamide,0.7058823529411765,Hypertrophy,0.75,2.1655166325707606e-09,False,True,24,0.9927978515625,14,2,37982,True,thioacetamide,9.859631559449608e-07,0.8,48.0,0.0,60.0,20.0,2.0
1960,True,True,both,3,thioacetamide,4.475489342426517e-06,0.8,0.925,48.0,0.0,60.0,20.0,72,thioacetamide,0.6666666666666666,Hypertrophy,0.6805555555555556,9.787191955908929e-08,False,True,24,0.9941253662109376,18,3,31655,True,thioacetamide,4.475489342426517e-06,0.8,48.0,0.0,60.0,20.0,3.0
1027,True,True,both,2,hexachlorobenzene,2.700033968516452e-05,0.8,0.9033333333333332,48.0,0.0,60.0,20.0,137,hexachlorobenzene,0.3503649635036496,Ground glass appearance,0.5912408759124088,0.0012091308876278,False,True,24,0.9968490600585938,19,3,88872,True,hexachlorobenzene,2.700033968516452e-05,0.8,48.0,0.0,60.0,20.0,2.0
616,True,True,both,1,ethinylestradiol,1.0237793098540583e-06,0.7999999999999999,0.96,51.0,1.0,60.0,20.0,59,ethinylestradiol,0.8813559322033898,"Change, eosinophilic",0.3898305084745763,0.0128779584096267,False,True,24,0.9864476521809896,15,1,47769,True,ethinylestradiol,1.0237793098540583e-06,0.7999999999999999,51.0,1.0,60.0,20.0,1.0
256,True,True,both,2,thioacetamide,2.00962515138544e-06,0.7833333333333333,0.9416666666666668,47.0,0.0,60.0,20.0,70,thioacetamide,0.6714285714285714,Hypertrophy,0.7142857142857143,2.4463393336125337e-08,False,True,24,0.9826278686523438,17,2,27489,True,thioacetamide,2.00962515138544e-06,0.7833333333333333,47.0,0.0,60.0,20.0,2.0
961,False,True,added,1,benzbromarone,1.321672551745936e-06,0.7678571428571429,0.9625,43.0,0.0,56.0,20.0,46,benzbromarone,0.9347826086956522,Hypertrophy,0.8695652173913043,1.0,False,True,24,0.9975611368815104,13,1,19261,True,benzbromarone,1.321672551745936e-06,0.7678571428571429,43.0,0.0,56.0,20.0,1.0
1888,True,True,both,3,acetamidofluorene,2.2060967106618706e-07,0.7666666666666667,1.0,46.0,0.0,60.0,20.0,76,acetamidofluorene,0.6052631578947368,Swelling,0.6052631578947368,4.1768081352990683e-07,False,True,24,0.9692713419596354,17,3,29176,True,acetamidofluorene,2.2060967106618703e-07,0.7666666666666667,46.0,0.0,60.0,20.0,3.0
1097,True,True,both,2,WY-14643,2.2060967106618706e-07,0.7666666666666667,0.9916666666666668,46.0,0.0,60.0,20.0,54,WY-14643,0.8518518518518519,"Degeneration, granular, eosinophilic",0.9814814814814816,2.455668365008769e-09,False,True,24,0.999425252278646,12,2,19552,True,WY-14643,2.2060967106618703e-07,0.7666666666666667,46.0,0.0,60.0,20.0,2.0
550,True,True,both,2,WY-14643,2.877432911228117e-07,0.7666666666666667,0.9833333333333332,46.0,0.0,60.0,20.0,53,WY-14643,0.8679245283018868,"Degeneration, granular, eosinophilic",0.9622641509433962,2.9979648534158396e-09,False,True,24,0.9991912841796876,15,2,22027,True,WY-14643,2.877432911228117e-07,0.7666666666666667,46.0,0.0,60.0,20.0,2.0
1062,True,True,both,2,WY-14643,4.036962421784454e-07,0.7666666666666667,0.975,46.0,0.0,60.0,20.0,92,WY-14643,0.5,"Degeneration, granular, eosinophilic",0.9347826086956522,5.658461610923363e-09,False,True,24,0.987230936686198,18,3,12996,True,WY-14643,4.036962421784454e-07,0.7666666666666667,46.0,0.0,60.0,20.0,2.0
215,True,True,both,1,acetamidofluorene,9.571764617335574e-07,0.7666666666666667,0.9616666666666668,46.0,0.0,60.0,20.0,56,acetamidofluorene,0.8214285714285714,Swelling,0.8214285714285714,9.387406754185978e-05,False,True,24,0.9923502604166666,13,2,24610,True,acetamidofluorene,9.571764617335574e-07,0.7666666666666667,46.0,0.0,60.0,20.0,1.0
676,True,True,both,1,thioacetamide,1.321672551745936e-06,0.7666666666666667,0.95,46.0,0.0,60.0,20.0,52,thioacetamide,0.8846153846153846,Hypertrophy,0.8653846153846154,3.826504813145023e-07,False,True,24,0.9943033854166666,17,1,32693,True,thioacetamide,1.321672551745936e-06,0.7666666666666667,46.0,0.0,60.0,20.0,1.0
1661,False,True,added,1,ethionine,2.982426641525945e-06,0.7666666666666666,0.945,49.0,1.0,60.0,20.0,111,ethionine,0.4504504504504504,Cellular infiltration,0.2792792792792792,0.0593030913646171,False,True,24,0.9967931111653646,18,4,32589,True,ethionine,2.982426641525945e-06,0.7666666666666666,49.0,1.0,60.0,20.0,1.0
669,True,True,both,2,acetamidofluorene,1.917134759809537e-06,0.75,0.945,45.0,0.0,60.0,20.0,84,acetamidofluorene,0.5357142857142857,Swelling,0.5357142857142857,4.35989955644732e-08,False,True,24,0.9887364705403646,16,2,45842,True,acetamidofluorene,1.917134759809537e-06,0.75,45.0,0.0,60.0,20.0,2.0
885,True,True,both,4,thioacetamide,2.250951570008849e-06,0.75,0.9416666666666668,45.0,0.0,60.0,20.0,66,thioacetamide,0.6818181818181818,Hypertrophy,0.7575757575757576,7.997660562394691e-08,False,True,24,0.9951756795247396,15,3,17612,True,thioacetamide,2.250951570008849e-06,0.75,45.0,0.0,60.0,20.0,4.0
1532,True,True,both,1,thioacetamide,6.324803383903813e-06,0.75,0.9166666666666666,45.0,0.0,60.0,20.0,50,thioacetamide,0.9,Hypertrophy,0.86,1.909190990657741e-06,False,True,24,0.9965871175130208,16,1,47006,True,thioacetamide,6.324803383903813e-06,0.75,45.0,0.0,60.0,20.0,1.0
446,True,True,both,1,acetamidofluorene,2.726924049706404e-05,0.75,0.905,45.0,0.0,60.0,20.0,111,acetamidofluorene,0.4054054054054054,Swelling,0.4054054054054054,0.0192112824896506,False,True,24,0.995007832845052,16,3,39455,True,acetamidofluorene,2.726924049706404e-05,0.75,45.0,0.0,60.0,20.0,2.0
187,True,True,both,2,WY-14643,2.2060967106618706e-07,0.7333333333333333,1.0,44.0,0.0,60.0,20.0,53,WY-14643,0.8301886792452831,"Degeneration, granular, eosinophilic",0.8867924528301887,1.3915854392945036e-08,False,True,24,0.9979451497395834,17,3,23017,True,WY-14643,2.2060967106618703e-07,0.7333333333333333,44.0,0.0,60.0,20.0,2.0
1991,True,True,both,4,WY-14643,1.0237793098540583e-06,0.7333333333333333,0.96,44.0,0.0,60.0,20.0,79,WY-14643,0.5569620253164557,"Degeneration, granular, eosinophilic",0.8734177215189873,1.8614434324441922e-07,False,True,24,0.8200174967447916,20,3,11324,False,WY-14643,1.0237793098540583e-06,0.7333333333333333,44.0,0.0,60.0,20.0,4.0
1796,True,True,both,2,thioacetamide,4.466944841831304e-06,0.7333333333333333,0.93,44.0,0.0,60.0,20.0,69,thioacetamide,0.6376811594202898,Hypertrophy,0.782608695652174,7.510491376487464e-06,False,True,24,0.8467203776041666,20,3,16053,False,thioacetamide,4.4669448418313034e-06,0.7333333333333333,44.0,0.0,60.0,20.0,2.0
1481,True,True,both,1,thioacetamide,4.50615868729569e-06,0.7333333333333333,0.925,44.0,0.0,60.0,20.0,48,thioacetamide,0.9166666666666666,Hypertrophy,0.875,1.9477756105149046e-06,False,True,24,0.9916305541992188,19,1,42667,True,thioacetamide,4.50615868729569e-06,0.7333333333333333,44.0,0.0,60.0,20.0,1.0
1768,True,True,both,3,acetamidofluorene,8.073600005617197e-06,0.7333333333333333,0.9233333333333332,44.0,0.0,60.0,20.0,86,acetamidofluorene,0.5116279069767442,Swelling,0.5116279069767442,4.90642788944199e-05,False,True,24,0.9953994750976562,18,3,21211,True,acetamidofluorene,8.073600005617197e-06,0.7333333333333333,44.0,0.0,60.0,20.0,3.0
1562,True,True,both,2,ticlopidine,5.165399727591577e-05,0.7333333333333333,0.895,44.0,0.0,60.0,20.0,96,ticlopidine,0.4583333333333333,Hypertrophy,0.4166666666666667,0.0440360294540318,False,True,24,0.9945500691731772,15,3,26198,True,ticlopidine,5.165399727591577e-05,0.7333333333333333,44.0,0.0,60.0,20.0,2.0
1705,True,True,both,2,WY-14643,2.2060967106618706e-07,0.7166666666666667,0.9916666666666668,43.0,0.0,60.0,20.0,54,WY-14643,0.7962962962962963,"Degeneration, granular, eosinophilic",0.8333333333333334,5.720179885804435e-10,False,True,24,0.9970194498697916,14,3,19103,True,WY-14643,2.2060967106618703e-07,0.7166666666666667,43.0,0.0,60.0,20.0,2.0
1056,True,True,both,2,phenobarbital,7.38277232800137e-07,0.7166666666666667,0.97,43.0,0.0,60.0,20.0,81,phenobarbital,0.5308641975308642,Hypertrophy,0.7160493827160493,0.0003908062206507,False,True,24,0.9943695068359376,17,3,20876,True,phenobarbital,7.38277232800137e-07,0.7166666666666667,43.0,0.0,60.0,20.0,2.0
1404,True,True,both,3,WY-14643,6.130441777410323e-07,0.7166666666666667,0.9666666666666668,43.0,0.0,60.0,20.0,81,WY-14643,0.5308641975308642,"Degeneration, granular, eosinophilic",0.8518518518518519,4.8361633773055226e-11,False,True,24,0.9992345174153646,17,4,15015,True,WY-14643,6.130441777410323e-07,0.7166666666666667,43.0,0.0,60.0,20.0,3.0
1727,False,True,added,1,promethazine,2.250951570008849e-06,0.7166666666666667,0.94,43.0,0.0,60.0,20.0,55,promethazine,0.7818181818181819,Ground glass appearance,0.4909090909090909,0.4006391324549367,False,True,24,0.9987284342447916,16,3,9265,True,promethazine,2.250951570008849e-06,0.7166666666666667,43.0,0.0,60.0,20.0,1.0
812,False,True,added,2,ethionine,8.393101939288883e-06,0.7166666666666667,0.9266666666666666,46.0,1.0,60.0,20.0,88,ethionine,0.5340909090909091,"Alteration, cytoplasmic",0.375,0.0746856347996518,False,True,24,0.9982096354166666,14,4,57127,True,ethionine,8.393101939288883e-06,0.7166666666666667,46.0,1.0,60.0,20.0,2.0
1412,True,True,both,1,WY-14643,4.238642363795013e-06,0.7166666666666667,0.9166666666666666,43.0,0.0,60.0,20.0,52,WY-14643,0.8269230769230769,"Degeneration, granular, eosinophilic",1.0,1.8511195442762042e-07,False,True,24,0.9970703125,11,2,16685,True,WY-14643,4.238642363795013e-06,0.7166666666666667,43.0,0.0,60.0,20.0,1.0
436,True,True,both,2,WY-14643,1.98537710344301e-05,0.7166666666666667,0.9066666666666666,43.0,0.0,60.0,20.0,73,WY-14643,0.589041095890411,"Degeneration, granular, eosinophilic",0.7671232876712328,1.567713059487198e-05,False,True,24,0.9987233479817708,17,3,33149,True,WY-14643,1.98537710344301e-05,0.7166666666666667,43.0,0.0,60.0,20.0,2.0
831,False,True,added,1,ethionamide,0.0003540518191519,0.7115384615384616,0.8653846153846154,37.0,0.0,52.0,20.0,45,ethionamide,0.8222222222222222,"Vacuolization, cytoplasmic",0.6444444444444445,0.1284281860663319,False,True,24,0.995763142903646,16,2,22191,True,ethionamide,0.00035405181915191565,0.7115384615384616,37.0,0.0,52.0,20.0,1.0
1896,True,True,both,2,acetamidofluorene,2.743304485055116e-06,0.7,0.945,42.0,0.0,60.0,20.0,87,acetamidofluorene,0.4827586206896552,"Proliferation, bile duct",0.5057471264367817,0.041890203974706,False,True,24,0.9566218058268228,21,4,22754,True,acetamidofluorene,2.7433044850551157e-06,0.7,42.0,0.0,60.0,20.0,2.0
459,True,True,both,1,phalloidin,0.036827419444194,0.7,0.94,7.0,0.0,10.0,10.0,62,methapyrilene,0.2419354838709677,Single cell necrosis,0.4516129032258064,0.000542395697068,False,True,24,0.8392512003580729,17,3,8725,False,phalloidin,0.036827419444194015,0.7,7.0,0.0,10.0,10.0,1.0
1001,True,True,both,2,WY-14643,2.743304485055116e-06,0.7,0.9316666666666666,42.0,0.0,60.0,20.0,73,WY-14643,0.5753424657534246,"Degeneration, granular, eosinophilic",0.8082191780821918,6.665888610366832e-10,False,True,24,0.9925587972005208,20,3,8702,True,WY-14643,2.7433044850551157e-06,0.7,42.0,0.0,60.0,20.0,2.0
1916,True,True,both,1,thioacetamide,2.5316075442256124e-05,0.7,0.8916666666666667,42.0,0.0,60.0,20.0,51,thioacetamide,0.8235294117647058,Hypertrophy,0.803921568627451,2.903707434729465e-06,False,True,24,0.9952112833658854,9,2,26373,True,thioacetamide,2.5316075442256124e-05,0.7,42.0,0.0,60.0,20.0,1.0
261,True,True,both,1,fenofibrate,1.0237793098540583e-06,0.6833333333333333,0.9566666666666668,41.0,0.0,60.0,20.0,55,fenofibrate,0.7454545454545455,"Degeneration, granular, eosinophilic",0.7090909090909091,2.445522688331112e-07,False,True,24,0.9969813028971354,16,2,54775,True,fenofibrate,1.0237793098540583e-06,0.6833333333333333,41.0,0.0,60.0,20.0,1.0
147,True,True,both,1,carbon tetrachloride,4.176089465910672e-06,0.6833333333333333,0.925,41.0,0.0,60.0,20.0,41,carbon tetrachloride,1.0,"Degeneration, fatty",1.0,5.474536919196967e-05,True,True,24,0.954249064127604,17,1,92348,True,carbon tetrachloride,4.176089465910672e-06,0.6833333333333333,41.0,0.0,60.0,20.0,1.0
313,True,True,both,2,thioacetamide,4.314812267756248e-06,0.6833333333333333,0.925,41.0,0.0,60.0,20.0,47,thioacetamide,0.8723404255319149,Hypertrophy,0.8723404255319149,1.0738771600274438e-07,False,True,24,0.8899968465169271,18,4,6581,True,thioacetamide,4.314812267756248e-06,0.6833333333333333,41.0,0.0,60.0,20.0,2.0
127,True,True,both,3,thioacetamide,1.524772555700322e-05,0.6833333333333333,0.91,41.0,0.0,60.0,20.0,54,thioacetamide,0.7592592592592593,Hypertrophy,0.7592592592592593,4.35989955644732e-08,False,True,24,0.9935480753580728,15,1,21140,True,thioacetamide,1.524772555700322e-05,0.6833333333333333,41.0,0.0,60.0,20.0,3.0
1252,True,True,both,1,WY-14643,1.917134759809537e-06,0.6666666666666666,0.9416666666666668,40.0,0.0,60.0,20.0,49,WY-14643,0.8163265306122449,"Degeneration, granular, eosinophilic",0.979591836734694,1.6414601225193092e-06,False,True,24,0.996861775716146,14,2,22428,True,WY-14643,1.917134759809537e-06,0.6666666666666666,40.0,0.0,60.0,20.0,1.0
1675,True,True,both,2,WY-14643,2.00962515138544e-06,0.6666666666666666,0.9333333333333332,40.0,0.0,60.0,20.0,50,WY-14643,0.8,"Degeneration, granular, eosinophilic",1.0,1.2266147119689791e-08,False,True,24,0.9985453287760416,11,1,20881,True,WY-14643,2.00962515138544e-06,0.6666666666666666,40.0,0.0,60.0,20.0,2.0
1716,True,True,both,2,hexachlorobenzene,5.663804034868432e-06,0.6666666666666666,0.9083333333333332,40.0,0.0,60.0,20.0,86,hexachlorobenzene,0.4651162790697674,Hypertrophy,0.7674418604651163,1.124124056284741e-07,False,True,24,0.9730682373046876,10,2,24735,True,hexachlorobenzene,5.663804034868432e-06,0.6666666666666666,40.0,0.0,60.0,20.0,2.0
12,True,True,both,1,ethinylestradiol,3.104981528879194e-05,0.6666666666666666,0.8916666666666667,43.0,1.0,60.0,20.0,60,ethinylestradiol,0.7333333333333333,"Change, eosinophilic",0.3333333333333333,0.0001655334186947,False,True,24,0.9866892496744792,13,2,28894,True,ethinylestradiol,3.104981528879194e-05,0.6666666666666666,43.0,1.0,60.0,20.0,1.0
1631,False,True,added,1,thioacetamide,0.0001124350643082,0.6666666666666666,0.8833333333333333,40.0,0.0,60.0,20.0,73,thioacetamide,0.547945205479452,Hypertrophy,0.7123287671232876,0.4215098182943896,False,True,24,0.2867279052734375,21,6,10656,False,thioacetamide,0.00011243506430822199,0.6666666666666666,40.0,0.0,60.0,20.0,1.0
280,False,True,added,1,acetamidofluorene,0.0023355647223584,0.6666666666666666,0.8233333333333334,43.0,1.0,60.0,20.0,125,ticlopidine,0.472,Swelling,0.344,1.0,False,True,24,0.9710362752278646,20,3,30009,True,acetamidofluorene,0.0023355647223584556,0.6666666666666666,43.0,1.0,60.0,20.0,2.0
1434,False,True,added,1,benzbromarone,5.366963421782568e-05,0.6607142857142857,0.8875,37.0,0.0,56.0,20.0,47,benzbromarone,0.7872340425531915,Hypertrophy,0.8936170212765957,0.0550890424283883,False,True,24,0.9953435262044272,14,1,46243,True,benzbromarone,5.366963421782568e-05,0.6607142857142857,37.0,0.0,56.0,20.0,1.0
1947,True,True,both,1,WY-14643,1.0237793098540583e-06,0.65,0.9583333333333334,39.0,0.0,60.0,20.0,51,WY-14643,0.7647058823529411,"Degeneration, granular, eosinophilic",0.9803921568627452,2.4463393336125337e-08,False,True,24,0.9505233764648438,11,1,31299,True,WY-14643,1.0237793098540583e-06,0.65,39.0,0.0,60.0,20.0,1.0
525,True,True,both,3,acetamidofluorene,1.321672551745936e-06,0.65,0.95,39.0,0.0,60.0,20.0,52,acetamidofluorene,0.75,Swelling,0.75,1.4813324850211765e-08,False,True,24,0.9960225423177084,14,1,19718,True,acetamidofluorene,1.321672551745936e-06,0.65,39.0,0.0,60.0,20.0,3.0
617,True,True,both,2,fenofibrate,6.652047496847461e-06,0.65,0.9166666666666666,39.0,0.0,60.0,20.0,45,fenofibrate,0.8666666666666667,"Degeneration, granular, eosinophilic",0.9111111111111112,3.532188344734837e-08,False,True,24,0.9988428751627604,16,1,36986,True,fenofibrate,6.652047496847461e-06,0.65,39.0,0.0,60.0,20.0,2.0
1526,True,True,both,3,phenacetin,0.0002401510588667,0.65,0.8566666666666667,39.0,0.0,60.0,20.0,113,phenacetin,0.3451327433628318,Hypertrophy,0.3628318584070796,0.0016993037413228,False,True,24,0.9807027180989584,18,4,27991,True,phenacetin,0.00024015105886670006,0.65,39.0,0.0,60.0,20.0,3.0
1224,True,True,both,2,acetamidofluorene,0.0006967074693543,0.6499999999999999,0.8466666666666667,42.0,1.0,60.0,20.0,97,acetamidofluorene,0.4432989690721649,Swelling,0.4329896907216495,0.0003109576974076,False,True,24,0.9907887776692708,17,2,30646,True,acetamidofluorene,0.0006967074693543632,0.6499999999999999,42.0,1.0,60.0,20.0,3.0
1459,True,True,both,2,WY-14643,1.0237793098540583e-06,0.6333333333333333,0.96,38.0,0.0,60.0,20.0,53,WY-14643,0.7169811320754716,"Degeneration, granular, eosinophilic",0.7924528301886793,2.9979648534158396e-09,False,True,24,0.9985936482747396,14,2,29941,True,WY-14643,1.0237793098540583e-06,0.6333333333333333,38.0,0.0,60.0,20.0,2.0
706,True,True,both,2,fenofibrate,1.0435775493346676e-06,0.6333333333333333,0.9583333333333334,38.0,0.0,60.0,20.0,50,fenofibrate,0.76,"Degeneration, granular, eosinophilic",0.86,1.5760759846295103e-08,False,True,24,0.7869466145833334,19,2,10958,False,fenofibrate,1.0435775493346676e-06,0.6333333333333333,38.0,0.0,60.0,20.0,2.0
802,True,True,both,2,WY-14643,3.2081197855414403e-06,0.6333333333333333,0.935,38.0,0.0,60.0,20.0,59,WY-14643,0.6440677966101694,"Degeneration, granular, eosinophilic",0.9152542372881356,3.462934074077266e-07,False,True,24,0.95648193359375,15,2,15583,True,WY-14643,3.2081197855414403e-06,0.6333333333333333,38.0,0.0,60.0,20.0,2.0
1536,True,True,both,1,WY-14643,4.044164551276895e-06,0.6333333333333333,0.9083333333333332,38.0,0.0,60.0,20.0,44,WY-14643,0.8636363636363636,"Degeneration, granular, eosinophilic",0.9772727272727272,3.391222295184343e-07,False,True,24,0.9775848388671876,13,1,21906,True,WY-14643,4.044164551276895e-06,0.6333333333333333,38.0,0.0,60.0,20.0,1.0
637,True,True,both,2,hexachlorobenzene,1.0333246745079297e-05,0.6333333333333333,0.8966666666666666,38.0,0.0,60.0,20.0,85,hexachlorobenzene,0.4470588235294118,Ground glass appearance,0.7058823529411765,3.9240775454731854e-09,False,True,24,0.9763285319010416,19,3,71333,True,hexachlorobenzene,1.0333246745079295e-05,0.6333333333333333,38.0,0.0,60.0,20.0,2.0
1151,True,True,both,2,WY-14643,2.2930313049145443e-05,0.6333333333333333,0.8666666666666667,38.0,0.0,60.0,20.0,54,WY-14643,0.7037037037037037,"Degeneration, granular, eosinophilic",0.9814814814814816,5.793664824962853e-07,False,True,24,0.9775314331054688,16,2,23217,True,WY-14643,2.2930313049145443e-05,0.6333333333333333,38.0,0.0,60.0,20.0,2.0
361,True,True,both,2,gemfibrozil,0.0001999701376848,0.6333333333333333,0.83,38.0,0.0,60.0,20.0,45,gemfibrozil,0.8444444444444444,"Degeneration, granular, eosinophilic",0.3777777777777777,0.0006254867005804,False,True,24,0.984972635904948,13,2,19957,True,gemfibrozil,0.00019997013768483903,0.6333333333333333,38.0,0.0,60.0,20.0,2.0
1983,True,True,both,2,acetamidofluorene,0.0036240863360978,0.6333333333333333,0.8133333333333334,38.0,0.0,60.0,20.0,90,ticlopidine,0.4555555555555555,Swelling,0.4222222222222222,0.0301861956092838,False,True,24,0.986785888671875,19,3,21800,True,acetamidofluorene,0.003624086336097847,0.6333333333333333,38.0,0.0,60.0,20.0,2.0
1710,True,True,both,1,WY-14643,2.059977407140084e-06,0.6166666666666667,0.9416666666666668,37.0,0.0,60.0,20.0,39,WY-14643,0.9487179487179488,"Degeneration, granular, eosinophilic",1.0,8.229034863445998e-07,False,True,24,0.9980392456054688,11,2,9122,True,WY-14643,2.059977407140084e-06,0.6166666666666667,37.0,0.0,60.0,20.0,1.0
763,True,True,both,2,acetamidofluorene,4.50615868729569e-06,0.6166666666666667,0.925,37.0,0.0,60.0,20.0,59,acetamidofluorene,0.6271186440677966,Swelling,0.6271186440677966,1.9776342847227425e-08,False,True,24,0.9917526245117188,11,1,46075,True,acetamidofluorene,4.50615868729569e-06,0.6166666666666667,37.0,0.0,60.0,20.0,2.0
264,True,True,both,1,promethazine,1.0226236657205532e-05,0.6166666666666667,0.9083333333333332,37.0,0.0,60.0,20.0,40,promethazine,0.925,Ground glass appearance,0.725,0.000130424582983,False,True,24,0.9663899739583334,11,1,12920,True,promethazine,1.0226236657205532e-05,0.6166666666666667,37.0,0.0,60.0,20.0,1.0
1136,True,True,both,3,hexachlorobenzene,1.021734502059097e-05,0.6166666666666667,0.8916666666666667,37.0,0.0,60.0,20.0,74,hexachlorobenzene,0.5,Ground glass appearance,0.7837837837837838,1.31026669967437e-10,False,True,24,0.9865697224934896,14,2,115178,True,hexachlorobenzene,1.021734502059097e-05,0.6166666666666667,37.0,0.0,60.0,20.0,3.0
1707,True,True,both,2,ethionine,3.0534522687908973e-06,0.6166666666666666,0.9433333333333334,40.0,1.0,60.0,20.0,69,ethionine,0.5942028985507246,"Alteration, cytoplasmic",0.4927536231884058,2.516271346140468e-06,False,True,24,0.998181660970052,14,2,48727,True,ethionine,3.0534522687908973e-06,0.6166666666666666,40.0,1.0,60.0,20.0,2.0
399,True,True,both,1,ethionamide,4.170665670827034e-05,0.6153846153846154,0.8961538461538462,32.0,0.0,52.0,20.0,42,ethionamide,0.7619047619047619,"Vacuolization, cytoplasmic",0.7857142857142857,5.686326705831281e-07,False,True,24,0.983141581217448,14,1,30391,True,ethionamide,4.170665670827034e-05,0.6153846153846154,32.0,0.0,52.0,20.0,1.0
240,True,True,both,1,WY-14643,1.3534736524761432e-06,0.6,0.95,36.0,0.0,60.0,20.0,62,WY-14643,0.5806451612903226,"Degeneration, granular, eosinophilic",0.8225806451612904,2.4463393336125337e-08,False,True,24,0.9988072713216146,14,4,23074,True,WY-14643,1.3534736524761432e-06,0.6,36.0,0.0,60.0,20.0,1.0
830,False,True,added,1,1% cholesterol + 0.25% sodium cholate,0.0005515779690019,0.6,0.93,12.0,0.0,20.0,20.0,14,1% cholesterol + 0.25% sodium cholate,0.8571428571428571,"Degeneration, fatty",0.8571428571428571,1.0,False,True,24,0.9711151123046876,8,2,31619,True,1% cholesterol + 0.25% sodium cholate,0.0005515779690019781,0.6,12.0,0.0,20.0,20.0,1.0
510,False,True,added,1,phenobarbital,2.8011092427197992e-05,0.6,0.9066666666666666,39.0,1.0,60.0,20.0,150,rosiglitazone maleate,0.3733333333333333,Hypertrophy,0.2933333333333333,1.0,False,True,24,0.8284683227539062,22,7,9655,False,phenobarbital,2.8011092427197992e-05,0.6,39.0,1.0,60.0,20.0,2.0
271,True,True,both,1,WY-14643,7.29259744750843e-06,0.6,0.8916666666666667,36.0,0.0,60.0,20.0,46,WY-14643,0.782608695652174,"Degeneration, granular, eosinophilic",1.0,4.38248506990973e-07,True,True,24,0.9972966512044272,14,3,66789,True,WY-14643,7.29259744750843e-06,0.6,36.0,0.0,60.0,20.0,1.0
838,True,True,both,2,hexachlorobenzene,1.3043883616060928e-05,0.6,0.8883333333333333,36.0,0.0,60.0,20.0,88,hexachlorobenzene,0.4090909090909091,Hypertrophy,0.6704545454545454,5.793664824962853e-07,False,True,24,0.993616739908854,16,3,33828,True,hexachlorobenzene,1.3043883616060928e-05,0.6,36.0,0.0,60.0,20.0,2.0
161,True,True,both,2,acetamidofluorene,6.485742288187118e-05,0.6,0.8716666666666667,36.0,0.0,60.0,20.0,65,acetamidofluorene,0.5538461538461539,Swelling,0.5538461538461539,5.2662232372798825e-06,False,True,24,0.9921086629231772,15,2,30481,True,acetamidofluorene,6.485742288187118e-05,0.6,36.0,0.0,60.0,20.0,2.0
67,True,True,both,2,acetamidofluorene,0.0066245201568737,0.6,0.7983333333333333,36.0,0.0,60.0,20.0,71,acetamidofluorene,0.5070422535211268,Swelling,0.5070422535211268,0.0045705114553117,False,True,24,0.9871877034505208,16,2,26729,True,acetamidofluorene,0.006624520156873745,0.6,36.0,0.0,60.0,20.0,2.0
1122,True,True,both,1,benzbromarone,3.291406310235812e-06,0.5892857142857143,0.9375,33.0,0.0,56.0,20.0,33,benzbromarone,1.0,Hypertrophy,0.9696969696969696,0.0001007400550662,False,True,24,0.9934590657552084,17,1,47734,True,benzbromarone,3.2914063102358116e-06,0.5892857142857143,33.0,0.0,56.0,20.0,1.0
1201,False,True,added,3,theophylline,0.0008290504156755,0.5863636363636363,0.850909090909091,35.0,1.0,55.0,20.0,191,papaverine,0.2827225130890052,Ground glass appearance,0.1518324607329843,1.0,False,True,24,0.9643122355143228,22,7,12847,True,theophylline,0.0008290504156755607,0.5863636363636363,35.0,1.0,55.0,20.0,3.0
596,True,True,both,1,ethionamide,0.0004143504591498,0.5846153846153845,0.8692307692307693,33.0,1.0,52.0,20.0,44,ethionamide,0.7727272727272727,"Vacuolization, cytoplasmic",0.7045454545454546,0.0146168728488342,False,True,24,0.9966252644856772,19,2,27770,True,ethionamide,0.0004143504591498697,0.5846153846153845,33.0,1.0,52.0,20.0,1.0
391,True,True,both,2,WY-14643,9.571764617335574e-07,0.5833333333333334,0.9583333333333334,35.0,0.0,60.0,20.0,45,WY-14643,0.7777777777777778,"Degeneration, granular, eosinophilic",0.9333333333333332,1.1188619579422896e-08,False,True,24,0.9771525065104166,10,2,22545,True,WY-14643,9.571764617335574e-07,0.5833333333333334,35.0,0.0,60.0,20.0,2.0
1064,True,True,both,1,fenofibrate,1.0237793098540583e-06,0.5833333333333334,0.9583333333333334,35.0,0.0,60.0,20.0,35,fenofibrate,1.0,"Degeneration, granular, eosinophilic",0.9714285714285714,6.216251170317387e-05,False,True,24,0.9986470540364584,15,1,8598,True,fenofibrate,1.0237793098540583e-06,0.5833333333333334,35.0,0.0,60.0,20.0,1.0
25,False,True,added,1,carbon tetrachloride,4.044164551276895e-06,0.5833333333333334,0.94,35.0,0.0,60.0,20.0,59,carbon tetrachloride,0.5932203389830508,"Degeneration, fatty",0.5932203389830508,1.0,False,True,24,0.8831227620442709,22,8,3348,True,carbon tetrachloride,4.044164551276895e-06,0.5833333333333334,35.0,0.0,60.0,20.0,1.0
1175,True,True,both,1,thioacetamide,4.71953851554672e-05,0.5833333333333334,0.875,35.0,0.0,60.0,20.0,36,thioacetamide,0.9722222222222222,"Degeneration, granular, eosinophilic",0.9444444444444444,2.384858942803474e-05,False,True,24,0.9985860188802084,15,1,66773,True,thioacetamide,4.71953851554672e-05,0.5833333333333334,35.0,0.0,60.0,20.0,1.0
1567,True,True,both,2,acetamidofluorene,0.0006178720725115,0.5833333333333334,0.8483333333333334,35.0,0.0,60.0,20.0,69,acetamidofluorene,0.5072463768115942,Swelling,0.5072463768115942,0.0005701402709506,False,True,24,0.9886245727539062,18,5,8289,True,acetamidofluorene,0.0006178720725115949,0.5833333333333334,35.0,0.0,60.0,20.0,2.0
1256,True,True,both,1,ethionine,0.0024081571111374,0.5833333333333334,0.8183333333333334,35.0,0.0,60.0,20.0,60,ethionine,0.5833333333333334,"Alteration, cytoplasmic",0.5166666666666667,0.0005451702160968,False,True,24,0.998046875,12,3,48501,True,ethionine,0.0024081571111374414,0.5833333333333334,35.0,0.0,60.0,20.0,1.0
1087,True,True,both,3,acetamidofluorene,0.0117473973933077,0.5833333333333334,0.785,35.0,0.0,60.0,20.0,78,acetamidofluorene,0.4487179487179487,Swelling,0.4487179487179487,0.0006928023324654,False,True,24,0.99298095703125,21,3,34526,True,acetamidofluorene,0.011747397393307709,0.5833333333333334,35.0,0.0,60.0,20.0,3.0
783,True,True,both,1,WY-14643,1.759897764949952e-06,0.5666666666666667,0.9416666666666668,34.0,0.0,60.0,20.0,52,WY-14643,0.6538461538461539,"Degeneration, granular, eosinophilic",0.8076923076923077,2.640055486431869e-08,False,True,24,0.9739659627278646,13,3,26993,True,WY-14643,1.7598977649499521e-06,0.5666666666666667,34.0,0.0,60.0,20.0,1.0
1676,True,True,both,2,acetamidofluorene,6.85741682156428e-06,0.5666666666666667,0.9166666666666666,34.0,0.0,60.0,20.0,47,acetamidofluorene,0.723404255319149,Swelling,0.723404255319149,2.0662142192288562e-07,False,True,24,0.9972763061523438,14,2,22232,True,acetamidofluorene,6.8574168215642795e-06,0.5666666666666667,34.0,0.0,60.0,20.0,2.0
1879,True,True,both,1,fenofibrate,2.3332885929600107e-05,0.5666666666666667,0.8966666666666666,34.0,0.0,60.0,20.0,35,fenofibrate,0.9714285714285714,"Degeneration, granular, eosinophilic",0.9428571428571428,0.0002066800332436,False,True,24,0.9749552408854166,13,1,7253,True,fenofibrate,2.3332885929600107e-05,0.5666666666666667,34.0,0.0,60.0,20.0,1.0
116,True,True,both,2,acetamidofluorene,5.028977371492101e-05,0.5666666666666667,0.89,34.0,0.0,60.0,20.0,88,acetamidofluorene,0.3863636363636363,Swelling,0.3863636363636363,0.0003109296008598,False,True,24,0.995592753092448,12,3,29850,True,acetamidofluorene,5.028977371492101e-05,0.5666666666666667,34.0,0.0,60.0,20.0,3.0
949,True,True,both,1,ethinylestradiol,2.0272596076961744e-05,0.5666666666666667,0.89,34.0,0.0,60.0,20.0,47,ethinylestradiol,0.723404255319149,"Change, eosinophilic",0.4893617021276595,1.6494274351125746e-05,False,True,24,0.9818216959635416,15,1,25508,True,ethinylestradiol,2.0272596076961744e-05,0.5666666666666667,34.0,0.0,60.0,20.0,1.0
1343,True,True,both,2,ethionine,0.000136009856886,0.5666666666666667,0.875,37.0,1.0,60.0,20.0,72,ethionine,0.5277777777777778,Cellular infiltration,0.4166666666666667,0.0002036786634186,False,True,24,0.9947535196940104,17,6,17196,True,ethionine,0.0001360098568860939,0.5666666666666667,37.0,1.0,60.0,20.0,2.0
1649,True,True,both,1,gemfibrozil,0.0004484493413735,0.5666666666666667,0.8183333333333334,34.0,0.0,60.0,20.0,53,gemfibrozil,0.6415094339622641,"Degeneration, granular, eosinophilic",0.4716981132075472,0.0090179102934031,False,True,24,0.9932479858398438,16,3,15047,True,gemfibrozil,0.0004484493413735826,0.5666666666666667,34.0,0.0,60.0,20.0,1.0
417,True,True,both,1,clofibrate,7.957782308365722e-05,0.559322033898305,0.8745762711864407,33.0,0.0,59.0,20.0,40,clofibrate,0.825,Swelling,0.525,0.0173674759892229,False,True,24,0.9843953450520834,14,3,22957,True,clofibrate,7.957782308365722e-05,0.559322033898305,33.0,0.0,59.0,20.0,1.0
346,True,True,both,1,clofibrate,0.0002217785269035,0.559322033898305,0.8610169491525423,33.0,0.0,59.0,20.0,79,clofibrate,0.4177215189873418,Cellular infiltration,0.4683544303797468,0.016601753575959,False,True,24,0.9952290852864584,13,4,22917,True,clofibrate,0.00022177852690354193,0.559322033898305,33.0,0.0,59.0,20.0,1.0
212,True,True,both,1,clofibrate,0.0005966540793845,0.559322033898305,0.8423728813559322,33.0,0.0,59.0,20.0,40,clofibrate,0.825,Swelling,0.5,0.0020652127236076,False,True,24,0.999280293782552,16,1,22814,True,clofibrate,0.0005966540793845099,0.559322033898305,33.0,0.0,59.0,20.0,1.0
1543,True,True,both,2,clofibrate,0.0006399252162557,0.559322033898305,0.8423728813559322,33.0,0.0,59.0,20.0,42,clofibrate,0.7857142857142857,Swelling,0.3571428571428571,0.0187329650237951,False,True,24,0.9962717692057292,15,2,8220,True,clofibrate,0.000639925216255737,0.559322033898305,33.0,0.0,59.0,20.0,2.0
301,True,True,both,1,benzbromarone,7.73590332088133e-06,0.5535714285714286,0.9214285714285714,31.0,0.0,56.0,20.0,38,benzbromarone,0.8157894736842105,Hypertrophy,0.9736842105263158,0.000296292633268,False,True,24,0.9677836100260416,12,2,16448,True,benzbromarone,7.73590332088133e-06,0.5535714285714286,31.0,0.0,56.0,20.0,1.0
1413,True,True,both,2,WY-14643,1.759897764949952e-06,0.55,0.9416666666666668,33.0,0.0,60.0,20.0,54,WY-14643,0.6111111111111112,"Degeneration, granular, eosinophilic",0.9814814814814816,6.432926889150093e-11,False,True,24,0.9960606892903646,18,3,7751,True,WY-14643,1.7598977649499521e-06,0.55,33.0,0.0,60.0,20.0,2.0
65,True,True,both,1,fenofibrate,3.5127339306192414e-05,0.55,0.8933333333333333,33.0,0.0,60.0,20.0,35,fenofibrate,0.9428571428571428,"Degeneration, granular, eosinophilic",0.8571428571428571,1.632443180065913e-05,False,True,24,0.9977493286132812,9,2,12340,True,fenofibrate,3.5127339306192414e-05,0.55,33.0,0.0,60.0,20.0,1.0
1142,False,True,added,1,promethazine,8.714524916269514e-06,0.5499999999999999,0.9183333333333332,36.0,1.0,60.0,20.0,51,promethazine,0.7254901960784313,Ground glass appearance,0.6274509803921569,0.9984400455797012,False,True,24,0.9539871215820312,18,4,3849,True,promethazine,8.714524916269514e-06,0.5499999999999999,36.0,1.0,60.0,20.0,1.0
1004,False,True,added,1,clofibrate,0.0021404308250549,0.5432203389830508,0.8288135593220339,35.0,1.0,59.0,20.0,109,clofibrate,0.3302752293577982,Cellular infiltration,0.3486238532110092,0.4574156490776079,False,True,24,0.9980239868164062,20,4,14741,True,clofibrate,0.0021404308250549133,0.5432203389830508,35.0,1.0,59.0,20.0,1.0
327,True,True,both,1,clofibrate,0.0021001428392955,0.5423728813559322,0.8169491525423729,32.0,0.0,59.0,20.0,40,clofibrate,0.8,Swelling,0.5,0.0062300203405832,False,True,24,0.999242146809896,13,1,52407,True,clofibrate,0.0021001428392955507,0.5423728813559322,32.0,0.0,59.0,20.0,1.0
740,True,True,both,1,fenofibrate,3.887201901506257e-06,0.5333333333333333,0.9333333333333332,32.0,0.0,60.0,20.0,54,fenofibrate,0.5925925925925926,"Degeneration, granular, eosinophilic",0.5740740740740741,4.38248506990973e-07,False,True,24,0.9964040120442708,16,3,20570,True,fenofibrate,3.887201901506257e-06,0.5333333333333333,32.0,0.0,60.0,20.0,1.0
1076,True,True,both,2,WY-14643,4.646017904439199e-06,0.5333333333333333,0.925,35.0,1.0,60.0,20.0,64,WY-14643,0.5625,"Degeneration, granular, eosinophilic",0.859375,3.4664067016371564e-06,False,True,24,0.9556350708007812,20,2,18427,True,WY-14643,4.646017904439199e-06,0.5333333333333333,35.0,1.0,60.0,20.0,2.0
1419,True,True,both,2,WY-14643,5.109592765320689e-05,0.5333333333333333,0.8666666666666667,32.0,0.0,60.0,20.0,47,WY-14643,0.6808510638297872,"Degeneration, granular, eosinophilic",0.7872340425531915,1.8614434324441922e-07,False,True,24,0.9977620442708334,16,3,16226,True,WY-14643,5.109592765320689e-05,0.5333333333333333,32.0,0.0,60.0,20.0,2.0
1985,True,True,both,1,WY-14643,5.366963421782568e-05,0.5333333333333333,0.8583333333333333,32.0,0.0,60.0,20.0,44,WY-14643,0.7272727272727273,"Degeneration, granular, eosinophilic",0.9545454545454546,2.6097738032131727e-06,False,True,24,0.9987284342447916,11,2,28513,True,WY-14643,5.366963421782568e-05,0.5333333333333333,32.0,0.0,60.0,20.0,1.0
1850,True,True,both,2,acetamidofluorene,0.0003897490019774,0.5333333333333333,0.8433333333333334,32.0,0.0,60.0,20.0,57,acetamidofluorene,0.5614035087719298,Swelling,0.5614035087719298,6.1670784390176e-05,False,True,24,0.9843851725260416,17,2,19380,True,acetamidofluorene,0.00038974900197744165,0.5333333333333333,32.0,0.0,60.0,20.0,2.0
1223,False,True,added,1,promethazine,0.0007821551942322,0.5333333333333333,0.84,35.0,1.0,60.0,20.0,99,promethazine,0.3636363636363636,Ground glass appearance,0.2222222222222222,1.0,False,True,24,0.9955546061197916,16,6,10121,True,promethazine,0.0007821551942322258,0.5333333333333333,35.0,1.0,60.0,20.0,1.0
1504,True,True,both,3,acetamidofluorene,0.0024081571111374,0.5333333333333333,0.8116666666666666,32.0,0.0,60.0,20.0,49,acetamidofluorene,0.6530612244897959,Swelling,0.6530612244897959,9.506804863532394e-05,False,True,24,0.992162068684896,16,3,11207,True,acetamidofluorene,0.0024081571111374414,0.5333333333333333,32.0,0.0,60.0,20.0,3.0
1483,True,True,both,1,gemfibrozil,0.0005749784901492,0.5333333333333333,0.8066666666666666,35.0,1.0,60.0,20.0,50,gemfibrozil,0.72,"Degeneration, granular, eosinophilic",0.4,0.0005497754912977,False,True,24,0.995496114095052,14,2,19693,True,gemfibrozil,0.0005749784901492365,0.5333333333333333,35.0,1.0,60.0,20.0,1.0
125,True,True,both,1,WY-14643,0.011981767129808,0.5333333333333333,0.7833333333333333,32.0,0.0,60.0,20.0,62,WY-14643,0.5161290322580645,"Degeneration, granular, eosinophilic",0.5967741935483871,0.0003411353510936,False,True,24,0.992139180501302,14,3,31196,True,WY-14643,0.011981767129808063,0.5333333333333333,32.0,0.0,60.0,20.0,1.0
5,False,True,added,2,acetamidofluorene,0.0181869476914866,0.5333333333333333,0.78,35.0,1.0,60.0,20.0,82,acetamidofluorene,0.4390243902439024,Swelling,0.4268292682926829,0.3457732278910692,False,True,24,0.9902267456054688,20,4,8777,True,acetamidofluorene,0.018186947691486623,0.5333333333333333,35.0,1.0,60.0,20.0,3.0
238,False,True,added,1,clofibrate,0.0040072772308389,0.5262711864406779,0.8135593220338984,34.0,1.0,59.0,20.0,80,clofibrate,0.4375,Cellular infiltration,0.3,0.441666839113119,False,True,24,0.9946873982747396,13,5,23479,True,clofibrate,0.004007277230838978,0.5262711864406779,34.0,1.0,59.0,20.0,1.0
1068,True,True,both,1,clofibrate,5.139221801201145e-05,0.5254237288135594,0.8864406779661017,31.0,0.0,59.0,20.0,44,clofibrate,0.7045454545454546,"Degeneration, granular, eosinophilic",0.5909090909090909,0.0006856004381993,False,True,24,0.9922561645507812,14,2,10702,True,clofibrate,5.139221801201145e-05,0.5254237288135594,31.0,0.0,59.0,20.0,1.0
1138,True,True,both,1,clofibrate,0.0004484493413735,0.5254237288135594,0.8389830508474576,31.0,0.0,59.0,20.0,51,clofibrate,0.6078431372549019,Swelling,0.3725490196078431,0.0006781088351874,False,True,24,0.9905548095703124,12,2,41522,True,clofibrate,0.0004484493413735826,0.5254237288135594,31.0,0.0,59.0,20.0,1.0
85,True,True,both,1,clofibrate,0.00195420383337,0.5254237288135594,0.8084745762711865,31.0,0.0,59.0,20.0,51,clofibrate,0.6078431372549019,"Degeneration, granular, eosinophilic",0.4509803921568627,0.0245846608767958,False,True,24,0.9984207153320312,11,1,45733,True,clofibrate,0.0019542038333700143,0.5254237288135594,31.0,0.0,59.0,20.0,1.0
209,True,True,both,1,WY-14643,1.240594906104636e-05,0.5166666666666667,0.9,31.0,0.0,60.0,20.0,39,WY-14643,0.7948717948717948,"Degeneration, granular, eosinophilic",0.9743589743589745,1.8511195442762042e-07,True,True,24,0.9992853800455728,12,1,26803,True,WY-14643,1.240594906104636e-05,0.5166666666666667,31.0,0.0,60.0,20.0,1.0
965,True,True,both,2,phenobarbital,0.0001884366472441,0.5166666666666667,0.86,31.0,0.0,60.0,20.0,78,phenobarbital,0.3974358974358974,Hypertrophy,0.6923076923076923,4.933974626987756e-07,False,True,24,0.9961522420247396,16,3,56630,True,phenobarbital,0.00018843664724419462,0.5166666666666667,31.0,0.0,60.0,20.0,2.0
1969,True,True,both,1,fenofibrate,0.0002679618934823,0.5166666666666667,0.8566666666666667,31.0,0.0,60.0,20.0,33,fenofibrate,0.9393939393939394,"Degeneration, granular, eosinophilic",0.9090909090909092,0.0011898653287717,False,True,24,0.995091756184896,11,1,14910,True,fenofibrate,0.00026796189348231205,0.5166666666666667,31.0,0.0,60.0,20.0,1.0
1354,False,True,added,1,iproniazid,0.021578207664087,0.5166666666666666,0.7733333333333333,34.0,1.0,60.0,20.0,197,promethazine,0.2182741116751269,"Hematopoiesis, extramedullary",0.0812182741116751,1.0,False,False,24,0.9811426798502604,18,7,15998,True,,,,,,,,0.0
1043,False,True,added,2,acetamidofluorene,0.0274612391380186,0.5166666666666666,0.7716666666666666,34.0,1.0,60.0,20.0,101,nitrosodiethylamine,0.4257425742574257,Swelling,0.3366336633663366,0.4215098182943896,False,True,24,0.9738922119140624,18,4,15737,True,acetamidofluorene,0.02746123913801864,0.5166666666666666,34.0,1.0,60.0,20.0,2.0
507,True,True,both,1,clofibrate,0.0019355711325675,0.5084745762711864,0.8016949152542373,30.0,0.0,59.0,20.0,43,clofibrate,0.6976744186046512,"Degeneration, granular, eosinophilic",0.5348837209302325,0.0003109296008598,False,True,24,0.979626973470052,13,1,16762,True,clofibrate,0.0019355711325675792,0.5084745762711864,30.0,0.0,59.0,20.0,1.0
1121,False,True,added,1,clofibrate,0.007594684931167,0.5084745762711864,0.7864406779661017,30.0,0.0,59.0,20.0,31,clofibrate,0.967741935483871,Swelling,0.6774193548387096,0.1611178831845021,False,True,24,0.9990005493164062,12,1,12176,True,clofibrate,0.007594684931167034,0.5084745762711864,30.0,0.0,59.0,20.0,1.0
1648,False,True,added,1,phalloidin,0.0152620078223617,0.5,1.0,5.0,0.0,10.0,10.0,29,ethambutol,0.4827586206896552,Single cell necrosis,0.4482758620689655,0.8347388030552377,False,True,24,0.5094019571940104,22,10,1550,False,phalloidin,0.015262007822361767,0.5,5.0,0.0,10.0,10.0,1.0
1810,False,True,added,1,carbon tetrachloride,3.494071485636169e-06,0.5,0.9416666666666668,33.0,1.0,60.0,20.0,73,carbon tetrachloride,0.4657534246575342,Cellular infiltration,0.5342465753424658,0.11609710119981,False,True,24,0.9934590657552084,14,5,12224,True,carbon tetrachloride,3.4940714856361695e-06,0.5,33.0,1.0,60.0,20.0,1.0
572,True,True,both,1,WY-14643,9.237588256569688e-06,0.5,0.9083333333333332,30.0,0.0,60.0,20.0,45,WY-14643,0.6666666666666666,"Degeneration, granular, eosinophilic",0.8666666666666667,3.826504813145023e-07,False,True,24,0.9929377237955728,11,3,29911,True,WY-14643,9.237588256569688e-06,0.5,30.0,0.0,60.0,20.0,1.0
593,True,True,both,2,ticlopidine,0.0001210713637384,0.5,0.88,30.0,0.0,60.0,20.0,63,ticlopidine,0.4761904761904761,Hypertrophy,0.4761904761904761,0.0006766721434755,False,True,24,0.9937515258789062,12,2,14966,True,ticlopidine,0.00012107136373840685,0.5,30.0,0.0,60.0,20.0,2.0
223,True,True,both,3,thioacetamide,0.0004115934636411,0.5,0.8583333333333333,30.0,0.0,60.0,20.0,137,hexachlorobenzene,0.2992700729927007,Hypertrophy,0.6496350364963503,5.793664824962853e-07,False,True,24,0.9919255574544272,19,4,54064,True,thioacetamide,0.00041159346364114563,0.5,30.0,0.0,60.0,20.0,4.0
1435,True,True,both,2,acetamidofluorene,0.0002011388646799,0.5,0.855,30.0,0.0,60.0,20.0,51,acetamidofluorene,0.5882352941176471,"Proliferation, oval cell",0.5882352941176471,8.952887796600926e-05,False,True,24,0.994043986002604,14,3,23657,True,acetamidofluorene,0.00020113886467995132,0.5,30.0,0.0,60.0,20.0,2.0
1576,True,True,both,1,benzbromarone,0.0006183675100523,0.5,0.8339285714285715,28.0,0.0,56.0,20.0,52,benzbromarone,0.5384615384615384,Hypertrophy,0.903846153846154,0.0002770503514819,False,True,24,0.9890670776367188,14,2,19564,True,benzbromarone,0.0006183675100523652,0.5,28.0,0.0,56.0,20.0,1.0
918,False,True,added,1,promethazine,0.0020450109869005,0.5,0.83,33.0,1.0,60.0,20.0,546,phenytoin,0.1153846153846153,Hypertrophy,0.2179487179487179,0.4362763667843652,False,False,24,0.8133799235026041,24,12,19717,False,,,,,,,,0.0
1344,True,True,both,1,fenofibrate,0.0012416706022476,0.5,0.8,30.0,0.0,60.0,20.0,37,fenofibrate,0.8108108108108109,"Degeneration, granular, eosinophilic",0.8108108108108109,1.4515762550436158e-05,False,True,24,0.9806925455729166,13,1,22512,True,fenofibrate,0.0012416706022476988,0.5,30.0,0.0,60.0,20.0,1.0
461,False,True,added,1,bucetin,0.0386912891485423,0.5,0.7633333333333333,33.0,1.0,60.0,20.0,396,methylene dianiline,0.1969696969696969,Increased mitosis,0.0656565656565656,1.0,False,False,24,0.0218658447265625,24,9,15006,False,,,,,,,,0.0
1280,True,True,both,2,acetamidofluorene,4.50615868729569e-06,0.4833333333333333,0.925,29.0,0.0,60.0,20.0,43,acetamidofluorene,0.6744186046511628,"Proliferation, bile duct",0.813953488372093,4.550142300093148e-06,False,True,24,0.993438720703125,13,2,33405,True,acetamidofluorene,4.50615868729569e-06,0.48333333333333334,29.0,0.0,60.0,20.0,2.0
1416,True,True,both,1,promethazine,9.310837479668788e-05,0.4833333333333333,0.86,29.0,0.0,60.0,20.0,39,promethazine,0.7435897435897436,Hypertrophy,0.8205128205128205,0.0101890166378211,False,True,24,0.9995905558268228,11,3,9429,True,promethazine,9.310837479668787e-05,0.48333333333333334,29.0,0.0,60.0,20.0,1.0
570,True,True,both,2,acetamidofluorene,0.0011004491886905,0.4833333333333333,0.8366666666666667,32.0,1.0,60.0,20.0,50,acetamidofluorene,0.66,Swelling,0.64,4.488440415411968e-05,False,True,24,0.953699747721354,16,5,4152,True,acetamidofluorene,0.0011004491886905164,0.48333333333333334,32.0,1.0,60.0,20.0,2.0
897,True,True,both,1,WY-14643,9.9214479487487e-05,0.4833333333333333,0.825,29.0,0.0,60.0,20.0,30,WY-14643,0.9666666666666668,"Degeneration, granular, eosinophilic",1.0,7.689652821585874e-06,False,True,24,0.9668986002604166,12,1,13223,True,WY-14643,9.921447948748699e-05,0.48333333333333334,29.0,0.0,60.0,20.0,1.0
1425,True,True,both,1,fenofibrate,0.0092602964943624,0.4833333333333333,0.7933333333333333,29.0,0.0,60.0,20.0,217,WY-14643,0.3179723502304147,"Degeneration, granular, eosinophilic",0.5207373271889401,0.0187329650237951,True,True,24,0.5998636881510416,22,6,23541,False,fenofibrate,0.00926029649436248,0.48333333333333334,29.0,0.0,60.0,20.0,3.0
1703,False,True,added,1,promethazine,0.0240461780413547,0.4833333333333333,0.7733333333333333,29.0,0.0,60.0,20.0,35,promethazine,0.8285714285714286,Hypertrophy,0.5142857142857142,1.0,False,True,24,0.9846979777018228,20,6,1717,True,promethazine,0.024046178041354737,0.48333333333333334,29.0,0.0,60.0,20.0,1.0
1874,True,True,both,1,clofibrate,0.0009096814406318,0.4745762711864407,0.8220338983050848,28.0,0.0,59.0,20.0,35,clofibrate,0.8,Swelling,0.5428571428571428,0.0060618728518079,False,True,24,0.9908548990885416,12,2,17798,True,clofibrate,0.0009096814406318713,0.4745762711864407,28.0,0.0,59.0,20.0,1.0
1731,True,True,both,1,clofibrate,0.0038383693718802,0.4745762711864407,0.7949152542372881,28.0,0.0,59.0,20.0,39,clofibrate,0.717948717948718,Swelling,0.4871794871794871,0.007504950522155,False,True,24,0.9947357177734376,10,2,36226,True,clofibrate,0.003838369371880234,0.4745762711864407,28.0,0.0,59.0,20.0,1.0
933,True,True,both,1,clofibrate,0.0149652885903674,0.4745762711864407,0.764406779661017,28.0,0.0,59.0,20.0,30,clofibrate,0.9333333333333332,Swelling,0.6666666666666666,0.0139345610989358,False,True,24,0.9991175333658854,10,1,15944,True,clofibrate,0.014965288590367404,0.4745762711864407,28.0,0.0,59.0,20.0,1.0
952,True,True,both,1,fenofibrate,0.000624946090744,0.4666666666666667,0.8533333333333334,31.0,1.0,60.0,20.0,92,WY-14643,0.3478260869565217,"Degeneration, granular, eosinophilic",0.6739130434782609,0.0140202529994353,False,True,24,0.9669291178385416,22,3,9447,True,fenofibrate,0.000624946090744006,0.46666666666666673,31.0,1.0,60.0,20.0,1.0
413,True,True,both,1,ethinylestradiol,0.0026433831931969,0.4666666666666667,0.8133333333333334,31.0,1.0,60.0,20.0,53,ethinylestradiol,0.6037735849056604,"Vacuolization, cytoplasmic",0.3396226415094339,0.0084126782352832,False,True,24,0.9803365071614584,13,2,13872,True,ethinylestradiol,0.002643383193196959,0.46666666666666673,31.0,1.0,60.0,20.0,1.0
1134,True,True,both,2,WY-14643,8.484020097295507e-06,0.4666666666666667,0.9,28.0,0.0,60.0,20.0,37,WY-14643,0.7567567567567568,"Degeneration, granular, eosinophilic",0.945945945945946,3.14288124905388e-08,False,True,24,0.9918772379557292,11,2,34220,True,WY-14643,8.484020097295507e-06,0.4666666666666667,28.0,0.0,60.0,20.0,2.0
1560,True,True,both,1,WY-14643,2.599649251006559e-05,0.4666666666666667,0.8966666666666666,28.0,0.0,60.0,20.0,40,WY-14643,0.7,"Degeneration, granular, eosinophilic",0.825,4.836997525323966e-05,False,True,24,0.9991124471028646,12,3,22990,True,WY-14643,2.599649251006559e-05,0.4666666666666667,28.0,0.0,60.0,20.0,1.0
499,True,True,both,1,fenofibrate,0.0002679618934823,0.4666666666666667,0.8083333333333333,28.0,0.0,60.0,20.0,34,fenofibrate,0.8235294117647058,"Degeneration, granular, eosinophilic",0.9117647058823528,1.6414601225193092e-06,False,True,24,0.9996566772460938,13,1,28875,True,fenofibrate,0.00026796189348231205,0.4666666666666667,28.0,0.0,60.0,20.0,1.0
1135,True,True,both,1,fenofibrate,0.0021759550339767,0.4666666666666667,0.7833333333333333,28.0,0.0,60.0,20.0,32,fenofibrate,0.875,"Degeneration, granular, eosinophilic",0.875,0.0001466200601939,False,True,24,0.9937286376953124,13,1,16316,True,fenofibrate,0.0021759550339767028,0.4666666666666667,28.0,0.0,60.0,20.0,1.0
1030,True,True,both,1,nitrosodiethylamine,0.0236449545865838,0.4598039215686274,0.7784313725490196,26.0,1.0,51.0,20.0,55,nitrosodiethylamine,0.4909090909090909,Necrosis,0.4727272727272727,0.0375328497194912,False,True,24,0.995758056640625,9,3,29873,True,nitrosodiethylamine,0.0236449545865838,0.4598039215686274,26.0,1.0,51.0,20.0,1.0
476,False,True,added,1,theophylline,0.0305990436168062,0.459090909090909,0.7745454545454545,28.0,1.0,55.0,20.0,110,theophylline,0.2636363636363636,Ground glass appearance,0.1454545454545454,1.0,False,True,24,0.8107147216796875,22,6,7639,False,theophylline,0.030599043616806293,0.45909090909090905,28.0,1.0,55.0,20.0,1.0
868,False,True,added,1,clofibrate,0.0217500460602673,0.4584745762711864,0.7745762711864407,30.0,1.0,59.0,20.0,42,clofibrate,0.7380952380952381,Swelling,0.5,1.0,False,True,24,0.9962590535481772,17,3,9040,True,clofibrate,0.02175004606026734,0.45847457627118643,30.0,1.0,59.0,20.0,1.0
1210,True,True,both,1,clofibrate,0.0418068396246114,0.4576271186440678,0.735593220338983,27.0,0.0,59.0,20.0,38,clofibrate,0.7105263157894737,Swelling,0.4736842105263157,0.0258194675927313,False,True,24,0.9970169067382812,11,2,24586,True,clofibrate,0.04180683962461141,0.4576271186440678,27.0,0.0,59.0,20.0,1.0
707,False,True,added,1,theophylline,0.0019355711325675,0.4545454545454545,0.8290909090909091,25.0,0.0,55.0,20.0,995,ticlopidine,0.0653266331658291,Hypertrophy,0.1909547738693467,0.1655646433346831,False,False,24,8.392333984375e-05,24,15,38724,False,,,,,,,,0.0
1605,True,True,both,1,ethionine,0.0001466421815549,0.45,0.8666666666666667,27.0,0.0,60.0,20.0,43,ethionine,0.627906976744186,"Alteration, cytoplasmic",0.5348837209302325,0.001841488033308,False,True,24,0.9940872192382812,12,2,10945,True,ethionine,0.00014664218155495696,0.45,27.0,0.0,60.0,20.0,1.0
268,True,True,both,1,phenobarbital,0.0001293560281118,0.45,0.855,27.0,0.0,60.0,20.0,135,hexachlorobenzene,0.3481481481481481,Ground glass appearance,0.5407407407407407,0.000530282228181,False,True,24,0.9941940307617188,20,3,40751,True,hexachlorobenzene,9.490642935273543e-06,0.5833333333333333,44.0,3.0,60.0,20.0,3.0
846,False,True,added,1,1% cholesterol + 0.25% sodium cholate,0.0017629108916401,0.45,0.85,9.0,0.0,20.0,20.0,9,1% cholesterol + 0.25% sodium cholate,1.0,"Degeneration, fatty",1.0,1.0,True,True,24,0.985936482747396,7,2,9086,True,1% cholesterol + 0.25% sodium cholate,0.0017629108916401232,0.45,9.0,0.0,20.0,20.0,1.0
1776,True,True,both,2,WY-14643,0.0004322279729976,0.45,0.8466666666666667,27.0,0.0,60.0,20.0,69,WY-14643,0.391304347826087,"Degeneration, granular, eosinophilic",0.6521739130434783,0.0001364892837946,False,True,24,0.9975382486979166,16,3,13266,True,WY-14643,0.0004322279729976951,0.45,27.0,0.0,60.0,20.0,2.0
1570,True,True,both,1,fenofibrate,0.000494772759475,0.45,0.8333333333333334,27.0,0.0,60.0,20.0,34,fenofibrate,0.7941176470588235,"Degeneration, granular, eosinophilic",0.7647058823529411,1.063772976739826e-05,False,True,24,0.9680023193359376,13,1,14547,True,fenofibrate,0.0004947727594750629,0.45,27.0,0.0,60.0,20.0,1.0
1202,True,True,both,1,benzbromarone,0.0022608612350554,0.45,0.8232142857142857,28.0,1.0,56.0,20.0,105,phenobarbital,0.3523809523809524,Hypertrophy,0.580952380952381,0.0274619813424159,False,True,24,0.9908065795898438,17,5,12123,True,benzbromarone,0.002260861235055448,0.45,28.0,1.0,56.0,20.0,1.0
703,False,True,added,1,1% cholesterol + 0.25% sodium cholate,0.0363867913918364,0.45,0.775,9.0,0.0,20.0,20.0,9,1% cholesterol + 0.25% sodium cholate,1.0,"Degeneration, fatty",1.0,0.441666839113119,True,True,24,0.9726994832356772,4,1,8253,True,1% cholesterol + 0.25% sodium cholate,0.036386791391836495,0.45,9.0,0.0,20.0,20.0,1.0
1356,False,True,added,1,1% cholesterol + 0.25% sodium cholate,0.005930941039933,0.45,0.775,9.0,0.0,20.0,20.0,9,1% cholesterol + 0.25% sodium cholate,1.0,"Degeneration, fatty",1.0,0.1215260114845173,True,True,24,0.9918263753255208,5,1,15297,True,1% cholesterol + 0.25% sodium cholate,0.005930941039933058,0.45,9.0,0.0,20.0,20.0,1.0
979,False,True,added,1,ethambutol,0.012897140528443,0.45,0.7637931034482759,29.0,1.0,58.0,20.0,33,ethambutol,0.9090909090909092,Ground glass appearance,0.5454545454545454,0.0941328640096064,False,True,24,0.9304835001627604,14,3,15023,True,ethambutol,0.012897140528443039,0.45,29.0,1.0,58.0,20.0,1.0
691,False,True,added,1,diltiazem,0.0219994353515769,0.4415254237288136,0.7745762711864407,29.0,1.0,59.0,20.0,44,diltiazem,0.6818181818181818,Hypertrophy,0.6136363636363636,0.3604231681104203,False,True,24,0.9937159220377604,11,2,20353,True,diltiazem,0.021999435351576998,0.4415254237288136,29.0,1.0,59.0,20.0,1.0
1284,True,True,both,2,WY-14643,4.637176980865667e-05,0.4333333333333333,0.8816666666666667,26.0,0.0,60.0,20.0,39,WY-14643,0.6666666666666666,"Degeneration, granular, eosinophilic",0.7948717948717948,7.883756532050692e-08,False,True,24,0.9859059651692708,12,2,16514,True,WY-14643,4.637176980865667e-05,0.43333333333333335,26.0,0.0,60.0,20.0,2.0
1219,False,True,added,1,ticlopidine,0.0006183675100523,0.4333333333333333,0.8266666666666667,26.0,0.0,60.0,20.0,40,ticlopidine,0.65,Hypertrophy,0.675,0.1934873866066703,False,True,24,0.9951273600260416,13,3,26772,True,ticlopidine,0.0006183675100523652,0.43333333333333335,26.0,0.0,60.0,20.0,1.0
1980,True,True,both,2,gemfibrozil,0.0011029823282547,0.4333333333333333,0.8,26.0,0.0,60.0,20.0,39,gemfibrozil,0.6666666666666666,"Degeneration, granular, eosinophilic",0.6666666666666666,1.0046461121077664e-06,False,True,24,0.9955240885416666,13,2,16100,True,gemfibrozil,0.0011029823282547142,0.43333333333333335,26.0,0.0,60.0,20.0,2.0
775,True,True,both,1,fenofibrate,0.0009554993584573,0.4333333333333333,0.7833333333333333,26.0,0.0,60.0,20.0,31,fenofibrate,0.8387096774193549,"Degeneration, granular, eosinophilic",0.8709677419354839,6.545031783672681e-06,False,True,24,0.999791463216146,15,1,52725,True,fenofibrate,0.0009554993584573472,0.43333333333333335,26.0,0.0,60.0,20.0,1.0
1051,True,True,both,1,fenofibrate,0.0024081571111374,0.4333333333333333,0.775,26.0,0.0,60.0,20.0,29,fenofibrate,0.896551724137931,"Degeneration, granular, eosinophilic",0.896551724137931,5.474536919196967e-05,False,True,24,0.9907633463541666,10,1,16801,True,fenofibrate,0.0024081571111374414,0.43333333333333335,26.0,0.0,60.0,20.0,1.0
1828,False,True,added,1,acetamidofluorene,0.0434287375080015,0.4333333333333333,0.74,26.0,0.0,60.0,20.0,59,acetamidofluorene,0.4406779661016949,Swelling,0.4406779661016949,0.188676764331796,False,True,24,0.9893976847330728,15,3,13979,True,acetamidofluorene,0.04342873750800151,0.43333333333333335,26.0,0.0,60.0,20.0,1.0
751,True,True,both,1,gemfibrozil,0.0388309632679592,0.4333333333333333,0.7233333333333334,26.0,0.0,60.0,20.0,49,gemfibrozil,0.5306122448979592,"Degeneration, granular, eosinophilic",0.3673469387755102,0.00311205688529,False,True,24,0.9679539998372396,13,4,16339,True,gemfibrozil,0.038830963267959206,0.43333333333333335,26.0,0.0,60.0,20.0,1.0
523,False,True,added,1,diltiazem,0.0022753072372838,0.423728813559322,0.8254237288135593,25.0,0.0,59.0,20.0,156,phenacetin,0.4230769230769231,Hypertrophy,0.3205128205128205,0.693057660813617,False,True,24,0.971349080403646,14,4,30870,True,phenacetin,0.00011719354332162117,0.49999999999999994,57.0,9.0,60.0,20.0,3.0
1026,True,True,both,1,ethionamide,0.0097093309826663,0.4230769230769231,0.7788461538461539,22.0,0.0,52.0,20.0,27,ethionamide,0.8148148148148148,"Vacuolization, cytoplasmic",0.8518518518518519,2.733160256612986e-05,False,True,24,0.9980036417643228,10,1,30655,True,ethionamide,0.009709330982666358,0.4230769230769231,22.0,0.0,52.0,20.0,1.0
929,True,True,both,2,ticlopidine,1.507153572037958e-05,0.4166666666666667,0.9083333333333332,25.0,0.0,60.0,20.0,39,ticlopidine,0.6410256410256411,Hypertrophy,0.6666666666666666,7.015670829091398e-05,False,True,24,0.9885813395182292,12,2,11454,True,ticlopidine,1.507153572037958e-05,0.4166666666666667,25.0,0.0,60.0,20.0,2.0
165,True,True,both,3,WY-14643,5.0839767975754746e-05,0.4166666666666667,0.875,25.0,0.0,60.0,20.0,34,WY-14643,0.7352941176470589,"Degeneration, granular, eosinophilic",0.9411764705882352,3.9002596926603365e-09,False,True,24,0.9856135050455728,13,2,13618,True,WY-14643,5.0839767975754746e-05,0.4166666666666667,25.0,0.0,60.0,20.0,3.0
1098,True,True,both,1,fenofibrate,0.0017053655397267,0.4166666666666667,0.8233333333333334,25.0,0.0,60.0,20.0,31,fenofibrate,0.8064516129032258,"Degeneration, granular, eosinophilic",0.8064516129032258,3.207521543133811e-06,False,True,24,0.997388203938802,14,2,16007,True,fenofibrate,0.001705365539726735,0.4166666666666667,25.0,0.0,60.0,20.0,1.0
620,True,True,both,1,promethazine,0.0009096814406318,0.4166666666666667,0.8183333333333334,25.0,0.0,60.0,20.0,27,promethazine,0.925925925925926,Hypertrophy,0.8518518518518519,0.0001668038040612,False,True,24,0.996386210123698,9,1,12396,True,promethazine,0.0009096814406318713,0.4166666666666667,25.0,0.0,60.0,20.0,1.0
211,False,True,added,1,promethazine,0.0038380415448248,0.4166666666666667,0.8116666666666666,25.0,0.0,60.0,20.0,92,promethazine,0.2717391304347826,Hypertrophy,0.2717391304347826,1.0,False,True,24,0.9956563313802084,22,6,8069,True,promethazine,0.0038380415448248007,0.4166666666666667,25.0,0.0,60.0,20.0,1.0
621,True,True,both,2,WY-14643,0.0011613305106099,0.4166666666666667,0.8083333333333333,25.0,0.0,60.0,20.0,33,WY-14643,0.7575757575757576,"Degeneration, granular, eosinophilic",0.8787878787878788,2.335285532451413e-06,False,True,24,0.9993184407552084,9,2,13459,True,WY-14643,0.0011613305106099783,0.4166666666666667,25.0,0.0,60.0,20.0,2.0
1901,True,True,both,2,ticlopidine,0.001276251162838,0.4166666666666667,0.805,25.0,0.0,60.0,20.0,54,ticlopidine,0.4629629629629629,Hypertrophy,0.4814814814814814,1.34706062374607e-05,False,True,24,0.9947128295898438,17,4,43175,True,ticlopidine,0.0012762511628380253,0.4166666666666667,25.0,0.0,60.0,20.0,2.0
815,False,True,added,1,promethazine,0.0008210984087515,0.4166666666666667,0.7833333333333333,25.0,0.0,60.0,20.0,26,promethazine,0.9615384615384616,Ground glass appearance,0.8846153846153846,0.0983641237283555,False,True,24,0.999463399251302,8,1,11291,True,promethazine,0.0008210984087515095,0.4166666666666667,25.0,0.0,60.0,20.0,1.0
214,True,True,both,1,gemfibrozil,0.0228337439973724,0.4166666666666667,0.7683333333333333,25.0,0.0,60.0,20.0,47,gemfibrozil,0.5319148936170213,"Degeneration, granular, eosinophilic",0.574468085106383,0.0321759717903265,False,True,24,0.9831517537434896,19,3,6253,True,gemfibrozil,0.02283374399737249,0.4166666666666667,25.0,0.0,60.0,20.0,1.0
1723,True,True,both,2,fenofibrate,0.0058563559339219,0.4166666666666667,0.7583333333333333,25.0,0.0,60.0,20.0,34,fenofibrate,0.7352941176470589,"Degeneration, granular, eosinophilic",0.9411764705882352,2.563376135539349e-06,False,True,24,0.9982706705729166,11,2,35024,True,fenofibrate,0.005856355933921994,0.4166666666666667,25.0,0.0,60.0,20.0,2.0
41,True,True,both,1,fenofibrate,0.008360745295102,0.4166666666666667,0.7416666666666667,25.0,0.0,60.0,20.0,27,fenofibrate,0.925925925925926,"Degeneration, granular, eosinophilic",1.0,4.689667814447058e-05,False,True,24,0.9752273559570312,14,1,27731,True,fenofibrate,0.008360745295102053,0.4166666666666667,25.0,0.0,60.0,20.0,1.0
13,True,True,both,2,benzbromarone,0.0004143504591498,0.4107142857142857,0.8357142857142857,23.0,0.0,56.0,20.0,28,benzbromarone,0.8214285714285714,Hypertrophy,0.8571428571428571,0.0004432253940923,False,True,24,0.9706013997395834,10,2,47550,True,benzbromarone,0.0004143504591498697,0.4107142857142857,23.0,0.0,56.0,20.0,2.0
1794,True,True,both,2,diltiazem,0.0146639252382527,0.4076271186440678,0.7813559322033898,27.0,1.0,59.0,20.0,49,diltiazem,0.5714285714285714,Hypertrophy,0.7551020408163265,0.0400389256805363,False,True,24,0.9928029378255208,17,3,30987,True,diltiazem,0.014663925238252776,0.4076271186440678,27.0,1.0,59.0,20.0,2.0
1597,True,True,both,2,diltiazem,0.0003822895948541,0.4067796610169492,0.8525423728813559,24.0,0.0,59.0,20.0,60,diltiazem,0.4,Hypertrophy,0.65,0.0049150707012655,False,True,24,0.9900894165039062,11,3,18778,True,diltiazem,0.000382289594854152,0.4067796610169492,24.0,0.0,59.0,20.0,2.0
497,True,True,both,2,clofibrate,0.0123056198125826,0.4067796610169492,0.7627118644067796,24.0,0.0,59.0,20.0,44,clofibrate,0.5454545454545454,"Degeneration, granular, eosinophilic",0.5454545454545454,7.00852403306481e-05,False,True,24,0.9697697957356772,13,3,23580,True,clofibrate,0.012305619812582626,0.4067796610169492,24.0,0.0,59.0,20.0,2.0
942,True,True,both,2,promethazine,2.8011092427197992e-05,0.4,0.8916666666666667,24.0,0.0,60.0,20.0,88,papaverine,0.2840909090909091,Hypertrophy,0.5,3.1157105825461106e-05,False,True,24,0.9953664143880208,18,4,25638,True,promethazine,2.8011092427197992e-05,0.4,24.0,0.0,60.0,20.0,2.0
801,True,True,both,1,WY-14643,0.0001621817518519,0.4,0.85,24.0,0.0,60.0,20.0,30,WY-14643,0.8,"Degeneration, granular, eosinophilic",0.9333333333333332,2.563376135539349e-06,True,True,24,0.9996363321940104,7,1,25719,True,WY-14643,0.00016218175185195617,0.4,24.0,0.0,60.0,20.0,1.0
1225,True,True,both,1,ethionine,0.0007243273876907,0.4,0.8433333333333334,24.0,0.0,60.0,20.0,37,ethionine,0.6486486486486487,"Alteration, cytoplasmic",0.6486486486486487,0.0320431916262082,False,True,24,0.9975560506184896,18,5,6541,True,ethionine,0.0007243273876907698,0.4,24.0,0.0,60.0,20.0,1.0
535,False,True,added,1,1% cholesterol + 0.25% sodium cholate,0.0081724935224823,0.4,0.8,8.0,0.0,20.0,20.0,9,1% cholesterol + 0.25% sodium cholate,0.8888888888888888,"Degeneration, fatty",0.8888888888888888,0.1533450109555098,True,True,24,0.9728546142578124,6,1,7408,True,1% cholesterol + 0.25% sodium cholate,0.008172493522482343,0.4,8.0,0.0,20.0,20.0,1.0
337,True,True,both,1,phenytoin,0.0024137176143645,0.4,0.7933333333333333,24.0,0.0,60.0,20.0,79,papaverine,0.3544303797468354,Hypertrophy,0.4430379746835443,0.0001309372198417,False,True,24,0.9847920735677084,18,4,15987,True,phenytoin,0.00241371761436452,0.4,24.0,0.0,60.0,20.0,2.0
1795,True,True,both,1,fenofibrate,0.0018559406186919,0.4,0.79,24.0,0.0,60.0,20.0,26,fenofibrate,0.9230769230769232,"Degeneration, granular, eosinophilic",1.0,2.6097738032131727e-06,False,True,24,0.9428787231445312,18,2,3276,True,fenofibrate,0.0018559406186919234,0.4,24.0,0.0,60.0,20.0,1.0
774,True,True,both,2,gemfibrozil,0.0066325959177802,0.4,0.7516666666666667,24.0,0.0,60.0,20.0,45,gemfibrozil,0.5333333333333333,"Degeneration, granular, eosinophilic",0.9111111111111112,5.136652869113889e-07,False,True,24,0.9962539672851562,14,2,12767,True,gemfibrozil,0.006632595917780234,0.4,24.0,0.0,60.0,20.0,2.0
141,True,True,both,1,ethambutol,0.0024081571111374,0.396551724137931,0.7810344827586206,23.0,0.0,58.0,20.0,27,ethambutol,0.8518518518518519,Ground glass appearance,0.6666666666666666,7.42756531487901e-05,False,True,24,0.9946441650390624,9,2,6005,True,ethambutol,0.0024081571111374414,0.39655172413793105,23.0,0.0,58.0,20.0,1.0
901,False,True,added,1,ethambutol,0.0077609897867207,0.396551724137931,0.7672413793103449,23.0,0.0,58.0,20.0,26,ethambutol,0.8846153846153846,Ground glass appearance,0.7307692307692307,0.4667686906291553,False,True,24,0.9730326334635416,11,1,13028,True,ethambutol,0.0077609897867207695,0.39655172413793105,23.0,0.0,58.0,20.0,1.0
230,False,True,added,1,clofibrate,0.0203767320609315,0.3898305084745763,0.7728813559322034,23.0,0.0,59.0,20.0,34,clofibrate,0.6764705882352942,"Degeneration, granular, eosinophilic",0.6470588235294118,0.5851874935120431,False,True,24,0.844818115234375,21,5,3946,False,clofibrate,0.020376732060931543,0.3898305084745763,23.0,0.0,59.0,20.0,1.0
81,True,True,both,1,WY-14643,6.485742288187118e-05,0.3833333333333333,0.88,23.0,0.0,60.0,20.0,25,WY-14643,0.92,"Degeneration, granular, eosinophilic",0.96,9.58713290863248e-06,False,True,24,0.999280293782552,8,1,14212,True,WY-14643,6.485742288187118e-05,0.38333333333333336,23.0,0.0,60.0,20.0,1.0
881,True,True,both,1,WY-14643,6.630625003762847e-05,0.3833333333333333,0.86,26.0,1.0,60.0,20.0,46,WY-14643,0.5869565217391305,"Degeneration, granular, eosinophilic",0.717391304347826,1.232763590109017e-05,False,True,24,0.9959920247395834,12,2,28560,True,WY-14643,6.630625003762847e-05,0.38333333333333336,26.0,1.0,60.0,20.0,1.0
554,True,True,both,3,gemfibrozil,0.0006864669288485,0.3833333333333333,0.8166666666666667,23.0,0.0,60.0,20.0,65,gemfibrozil,0.3538461538461538,"Degeneration, granular, eosinophilic",0.5076923076923077,2.563376135539349e-06,False,True,24,0.9969584147135416,13,3,15128,True,gemfibrozil,0.0006864669288485799,0.38333333333333336,23.0,0.0,60.0,20.0,3.0
1398,True,True,both,2,WY-14643,0.0038543003312245,0.3833333333333333,0.79,23.0,0.0,60.0,20.0,43,WY-14643,0.5348837209302325,"Degeneration, granular, eosinophilic",0.9069767441860463,4.20935792228239e-08,False,True,24,0.9979782104492188,10,2,19831,True,WY-14643,0.0038543003312245844,0.38333333333333336,23.0,0.0,60.0,20.0,2.0
913,True,True,both,1,acetamidofluorene,0.0134920339928144,0.3833333333333333,0.7683333333333333,23.0,0.0,60.0,20.0,44,acetamidofluorene,0.5227272727272727,"Proliferation, bile duct",0.5454545454545454,0.0003376906580293,False,True,24,0.9912134806315104,12,4,12494,True,acetamidofluorene,0.013492033992814454,0.38333333333333336,23.0,0.0,60.0,20.0,1.0
1663,False,True,added,1,phenacetin,0.0376217795614067,0.3833333333333333,0.7633333333333333,26.0,1.0,60.0,20.0,48,phenacetin,0.5625,Hypertrophy,0.5416666666666666,0.1962077907242061,False,True,24,0.9941864013671876,20,5,2707,True,phenacetin,0.03762177956140677,0.38333333333333336,26.0,1.0,60.0,20.0,1.0
1894,True,True,both,3,methylene dianiline,0.0434728121527675,0.3833333333333333,0.745,23.0,0.0,60.0,20.0,53,methylene dianiline,0.4339622641509434,Hypertrophy,0.6226415094339622,4.20935792228239e-08,False,True,24,0.95556640625,19,4,9339,True,methylene dianiline,0.043472812152767576,0.38333333333333336,23.0,0.0,60.0,20.0,3.0
1120,True,True,both,1,ethambutol,0.0077609897867207,0.3793103448275862,0.753448275862069,22.0,0.0,58.0,20.0,24,ethambutol,0.9166666666666666,Ground glass appearance,0.7916666666666666,0.0007630526378142,False,True,24,0.990086873372396,4,1,13520,True,ethambutol,0.0077609897867207695,0.3793103448275862,22.0,0.0,58.0,20.0,1.0
1655,False,True,added,1,ethambutol,0.02604238204437,0.3793103448275862,0.7327586206896551,22.0,0.0,58.0,20.0,24,ethambutol,0.9166666666666666,Ground glass appearance,0.625,1.0,False,True,24,0.9848480224609376,12,2,3402,True,ethambutol,0.026042382044370014,0.3793103448275862,22.0,0.0,58.0,20.0,1.0
1330,True,True,both,1,clofibrate,0.008802091669922,0.3728813559322034,0.7457627118644068,22.0,0.0,59.0,20.0,23,clofibrate,0.9565217391304348,Swelling,0.782608695652174,0.0008507870281874,False,True,24,0.9986343383789062,10,1,7554,True,clofibrate,0.008802091669922097,0.3728813559322034,22.0,0.0,59.0,20.0,1.0
887,True,True,both,1,monocrotaline,0.0105998158406203,0.3703703703703703,0.7592592592592593,20.0,0.0,54.0,20.0,57,monocrotaline,0.3508771929824561,Hypertrophy,0.4210526315789473,0.0048257014792227,False,True,24,0.9822184244791666,14,3,24515,True,monocrotaline,0.010599815840620391,0.37037037037037035,20.0,0.0,54.0,20.0,1.0
1188,True,True,both,2,phenacetin,0.0204779940519798,0.3666666666666667,0.76,25.0,1.0,60.0,20.0,74,phenacetin,0.3513513513513513,Hypertrophy,0.4459459459459459,0.0018662583094786,False,True,24,0.9715576171875,13,3,17577,True,phenacetin,0.02047799405197984,0.3666666666666667,25.0,1.0,60.0,20.0,2.0
1277,True,True,both,1,gemfibrozil,0.040209493785682,0.3666666666666667,0.7366666666666667,25.0,1.0,60.0,20.0,63,gemfibrozil,0.4126984126984127,"Degeneration, granular, eosinophilic",0.4126984126984127,0.0010156918863409,False,True,24,0.996434529622396,13,4,24296,True,gemfibrozil,0.040209493785682025,0.3666666666666667,25.0,1.0,60.0,20.0,1.0
1173,True,True,both,1,ethinylestradiol,2.743304485055116e-06,0.3666666666666666,0.9383333333333334,22.0,0.0,60.0,20.0,32,ethinylestradiol,0.6875,"Change, eosinophilic",0.5,2.1959606220504613e-08,False,True,24,0.9702301025390624,9,3,4902,True,ethinylestradiol,2.7433044850551157e-06,0.36666666666666664,22.0,0.0,60.0,20.0,1.0
1945,True,True,both,1,WY-14643,9.915665196002692e-06,0.3666666666666666,0.9083333333333332,22.0,0.0,60.0,20.0,34,WY-14643,0.6470588235294118,"Degeneration, granular, eosinophilic",0.8235294117647058,3.14288124905388e-08,False,True,24,0.998936971028646,10,3,6805,True,WY-14643,9.915665196002692e-06,0.36666666666666664,22.0,0.0,60.0,20.0,1.0
1715,True,True,both,1,acetamidofluorene,3.5252508038634565e-05,0.3666666666666666,0.8816666666666667,22.0,0.0,60.0,20.0,29,acetamidofluorene,0.7586206896551724,"Proliferation, bile duct",0.7931034482758621,0.0048666606861207,False,True,24,0.9782129923502604,13,2,3146,True,acetamidofluorene,3.5252508038634565e-05,0.36666666666666664,22.0,0.0,60.0,20.0,1.0
917,True,True,both,2,acetamidofluorene,0.000776436667161,0.3666666666666666,0.8083333333333333,22.0,0.0,60.0,20.0,40,acetamidofluorene,0.55,"Proliferation, oval cell",0.55,6.343578054929033e-06,False,True,24,0.9954147338867188,13,2,15871,True,acetamidofluorene,0.0007764366671610529,0.36666666666666664,22.0,0.0,60.0,20.0,2.0
871,False,True,added,1,sulfasalazine,0.0060046864010044,0.3666666666666666,0.8016666666666666,22.0,0.0,60.0,20.0,28,sulfasalazine,0.7857142857142857,Swelling,0.6071428571428571,0.1173966960921246,False,True,24,0.9973831176757812,9,1,13327,True,sulfasalazine,0.0060046864010044766,0.36666666666666664,22.0,0.0,60.0,20.0,1.0
747,True,True,both,1,WY-14643,0.0115621569412963,0.3666666666666666,0.77,22.0,0.0,60.0,20.0,26,WY-14643,0.8461538461538461,"Degeneration, granular, eosinophilic",0.8846153846153846,0.0003883797051794,False,True,24,0.9978078206380208,15,2,9825,True,WY-14643,0.011562156941296349,0.36666666666666664,22.0,0.0,60.0,20.0,1.0
1537,True,True,both,1,fenofibrate,0.0335458491823755,0.3666666666666666,0.7,22.0,0.0,60.0,20.0,22,fenofibrate,1.0,"Degeneration, granular, eosinophilic",1.0,0.0015353977907199,False,True,24,0.9992218017578124,11,1,29236,True,fenofibrate,0.03354584918237553,0.36666666666666664,22.0,0.0,60.0,20.0,1.0
970,True,True,both,1,clofibrate,0.0070281392228188,0.3559322033898305,0.7711864406779662,21.0,0.0,59.0,20.0,21,clofibrate,1.0,Swelling,0.6666666666666666,0.0190272613883045,False,True,24,0.9988835652669272,10,1,6864,True,clofibrate,0.007028139222818876,0.3559322033898305,21.0,0.0,59.0,20.0,1.0
1694,False,True,added,1,diltiazem,0.0245352524039825,0.3559322033898305,0.7559322033898305,21.0,0.0,59.0,20.0,50,diltiazem,0.42,Hypertrophy,0.64,0.3457732278910692,False,True,24,0.9955215454101562,12,3,19100,True,diltiazem,0.024535252403982525,0.3559322033898305,21.0,0.0,59.0,20.0,1.0
1558,True,True,both,1,clofibrate,0.012232949960564,0.3559322033898305,0.7372881355932204,21.0,0.0,59.0,20.0,23,clofibrate,0.9130434782608696,"Degeneration, granular, eosinophilic",0.8260869565217391,0.0002066800332436,False,True,24,0.9864044189453124,9,1,16623,True,clofibrate,0.012232949960564095,0.3559322033898305,21.0,0.0,59.0,20.0,1.0
70,False,True,added,1,naphthyl isothiocyanate,0.0236803289250639,0.35,0.76,24.0,1.0,60.0,20.0,108,carbon tetrachloride,0.2407407407407407,Cellular infiltration,0.4074074074074074,1.0,False,True,24,0.9977493286132812,22,7,13884,True,naphthyl isothiocyanate,0.02368032892506397,0.35000000000000003,24.0,1.0,60.0,20.0,1.0
1460,True,True,both,1,WY-14643,8.745524057907277e-05,0.35,0.825,21.0,0.0,60.0,20.0,25,WY-14643,0.84,"Degeneration, granular, eosinophilic",0.96,2.9765411948910434e-06,False,True,24,0.940770467122396,9,1,7752,True,WY-14643,8.745524057907277e-05,0.35,21.0,0.0,60.0,20.0,1.0
375,True,True,both,1,acetamidofluorene,0.000972549724867,0.35,0.8083333333333333,21.0,0.0,60.0,20.0,28,acetamidofluorene,0.75,"Proliferation, bile duct",0.8928571428571429,3.522206986525831e-06,False,True,24,0.996264139811198,11,3,17811,True,acetamidofluorene,0.0009725497248670992,0.35,21.0,0.0,60.0,20.0,1.0
659,True,True,both,1,WY-14643,0.0013230975975946,0.35,0.8083333333333333,21.0,0.0,60.0,20.0,36,WY-14643,0.5833333333333334,"Degeneration, granular, eosinophilic",0.8333333333333334,5.387877872879738e-08,False,True,24,0.9977696736653646,7,1,35977,True,WY-14643,0.0013230975975946874,0.35,21.0,0.0,60.0,20.0,1.0
534,True,True,both,1,acetamidofluorene,0.0023328676289127,0.35,0.7966666666666666,21.0,0.0,60.0,20.0,27,acetamidofluorene,0.7777777777777778,"Proliferation, oval cell",0.7777777777777778,0.0001303150053895,False,True,24,0.9796778361002604,10,2,11823,True,acetamidofluorene,0.0023328676289127897,0.35,21.0,0.0,60.0,20.0,1.0
104,True,True,both,1,methylene dianiline,0.0299825908609995,0.35,0.74,21.0,0.0,60.0,20.0,23,methylene dianiline,0.9130434782608696,"Proliferation, bile duct",0.9130434782608696,0.0004826934888606,False,True,24,0.9977315266927084,9,1,15079,True,methylene dianiline,0.02998259086099954,0.35,21.0,0.0,60.0,20.0,1.0
376,True,True,both,1,fenofibrate,0.0146220874724895,0.35,0.725,21.0,0.0,60.0,20.0,22,fenofibrate,0.9545454545454546,"Degeneration, granular, eosinophilic",1.0,0.0001466200601939,False,True,24,0.9965922037760416,7,1,18727,True,fenofibrate,0.014622087472489538,0.35,21.0,0.0,60.0,20.0,1.0
1805,True,True,both,1,ethambutol,0.0428105288929032,0.346551724137931,0.7224137931034482,23.0,1.0,58.0,20.0,29,ethambutol,0.8275862068965517,Ground glass appearance,0.5172413793103449,0.0306847203834668,False,True,24,0.9667739868164062,9,1,17700,True,ethambutol,0.04281052889290329,0.34655172413793106,23.0,1.0,58.0,20.0,1.0
1200,True,True,both,1,ethambutol,0.0194468807200015,0.3448275862068966,0.7155172413793104,20.0,0.0,58.0,20.0,23,ethambutol,0.8695652173913043,Ground glass appearance,0.6956521739130435,0.0048036357430194,False,True,24,0.9895528157552084,11,3,10157,True,ethambutol,0.019446880720001503,0.3448275862068966,20.0,0.0,58.0,20.0,1.0
338,False,True,added,1,methapyrilene,0.0422477845604836,0.3398305084745763,0.752542372881356,23.0,1.0,59.0,20.0,95,methapyrilene,0.2526315789473684,Hypertrophy,0.3789473684210526,0.0517129415206661,False,True,24,0.997222900390625,17,7,35453,True,methapyrilene,0.042247784560483656,0.3398305084745763,23.0,1.0,59.0,20.0,1.0
996,False,True,added,1,disopyramide,0.0066245201568737,0.3389830508474576,0.7915254237288135,20.0,0.0,59.0,20.0,102,papaverine,0.4215686274509804,Ground glass appearance,0.2156862745098039,1.0,False,True,24,0.9927825927734376,22,8,9565,True,disopyramide,0.006624520156873745,0.3389830508474576,20.0,0.0,59.0,20.0,1.0
1566,True,True,both,1,thioacetamide,2.599649251006559e-05,0.3333333333333333,0.8916666666666667,20.0,0.0,60.0,20.0,20,thioacetamide,1.0,Hypertrophy,1.0,7.974505079704008e-06,False,True,24,0.9922943115234376,9,1,3949,True,thioacetamide,2.599649251006559e-05,0.3333333333333333,20.0,0.0,60.0,20.0,1.0
1469,True,True,both,1,carbon tetrachloride,0.0007215191634793,0.3333333333333333,0.8383333333333334,20.0,0.0,60.0,20.0,31,carbon tetrachloride,0.6451612903225806,Cellular infiltration,0.8709677419354839,0.0010898960558063,False,True,24,0.9859797159830728,14,3,3270,True,carbon tetrachloride,0.0007215191634793554,0.3333333333333333,20.0,0.0,60.0,20.0,1.0
1569,True,True,both,2,WY-14643,0.0004413830257598,0.3333333333333333,0.8166666666666667,20.0,0.0,60.0,20.0,41,WY-14643,0.4878048780487805,"Degeneration, granular, eosinophilic",0.6829268292682927,4.921844126909358e-06,False,True,24,0.97381591796875,16,4,11614,True,WY-14643,0.0004413830257598583,0.3333333333333333,20.0,0.0,60.0,20.0,2.0
1089,True,True,both,1,acetamidofluorene,0.002253910260385,0.3333333333333333,0.7916666666666666,20.0,0.0,60.0,20.0,27,acetamidofluorene,0.7407407407407407,"Proliferation, bile duct",0.925925925925926,9.472869151037202e-06,False,True,24,0.9771881103515624,6,2,37331,True,acetamidofluorene,0.0022539102603850603,0.3333333333333333,20.0,0.0,60.0,20.0,1.0
429,True,True,both,2,ethionamide,0.0009024000407386,0.3269230769230769,0.8269230769230769,17.0,0.0,52.0,20.0,31,ethionamide,0.5483870967741935,"Vacuolization, cytoplasmic",0.8064516129032258,2.428914872058949e-07,False,True,24,0.991053263346354,9,3,26587,True,ethionamide,0.0009024000407386176,0.3269230769230769,17.0,0.0,52.0,20.0,2.0
817,True,True,both,2,fenofibrate,5.290083337921074e-06,0.3166666666666666,0.9083333333333332,19.0,0.0,60.0,20.0,51,fenofibrate,0.3725490196078431,Hypertrophy,0.5686274509803921,4.902608476400792e-05,False,True,24,0.8414382934570312,12,4,4046,False,fenofibrate,5.290083337921074e-06,0.31666666666666665,19.0,0.0,60.0,20.0,2.0
506,True,True,both,2,WY-14643,0.0389565633582213,0.3166666666666666,0.75,22.0,1.0,60.0,20.0,41,WY-14643,0.5609756097560976,"Degeneration, granular, eosinophilic",0.8048780487804879,0.0002198590897192,False,True,24,0.9991658528645834,10,2,17554,True,WY-14643,0.03895656335822133,0.31666666666666665,22.0,1.0,60.0,20.0,2.0
488,True,True,both,1,gemfibrozil,0.0066174188411493,0.3166666666666666,0.7483333333333333,19.0,0.0,60.0,20.0,39,gemfibrozil,0.4871794871794871,"Degeneration, granular, eosinophilic",0.4615384615384615,0.0019144268743121,False,True,24,0.9977213541666666,8,1,12077,True,gemfibrozil,0.006617418841149371,0.31666666666666665,19.0,0.0,60.0,20.0,1.0
32,True,True,both,2,gemfibrozil,0.0095722034235332,0.3166666666666666,0.745,22.0,1.0,60.0,20.0,42,gemfibrozil,0.5476190476190477,"Degeneration, granular, eosinophilic",0.9285714285714286,1.0917325286242475e-06,False,True,24,0.998504638671875,12,2,20301,True,gemfibrozil,0.009572203423533206,0.31666666666666665,22.0,1.0,60.0,20.0,2.0
121,True,True,both,1,ticlopidine,0.0179152836282286,0.3166666666666666,0.7416666666666667,19.0,0.0,60.0,20.0,45,ticlopidine,0.4222222222222222,Hypertrophy,0.4888888888888889,0.0001415695885489,False,True,24,0.9948832194010416,15,4,16669,True,ticlopidine,0.017915283628228622,0.31666666666666665,19.0,0.0,60.0,20.0,1.0
191,True,True,both,1,fenofibrate,0.0110411362267509,0.3166666666666666,0.7333333333333333,19.0,0.0,60.0,20.0,27,fenofibrate,0.7037037037037037,"Degeneration, granular, eosinophilic",0.8888888888888888,5.575160610847297e-06,False,True,24,0.9858245849609376,11,1,7095,True,fenofibrate,0.011041136226750934,0.31666666666666665,19.0,0.0,60.0,20.0,1.0
1156,True,True,both,2,WY-14643,5.032531414125215e-06,0.3,0.925,18.0,0.0,60.0,20.0,21,WY-14643,0.8571428571428571,"Degeneration, granular, eosinophilic",1.0,1.4813324850211765e-08,False,True,24,0.997645060221354,19,2,1922,True,WY-14643,5.032531414125215e-06,0.3,18.0,0.0,60.0,20.0,2.0
1092,False,True,added,2,phalloidin,0.0477168930097641,0.3,0.9,3.0,0.0,10.0,10.0,28,promethazine,0.6785714285714286,Hypertrophy,0.4642857142857143,0.2381270112017067,False,True,24,0.71697998046875,20,4,1518,False,phalloidin,0.04771689300976413,0.3,3.0,0.0,10.0,10.0,2.0
1447,True,True,both,1,phalloidin,0.0477168930097641,0.3,0.9,3.0,0.0,10.0,10.0,5,phalloidin,0.6,Single cell necrosis,0.8,0.0165856734658062,False,True,24,0.9276682535807292,10,4,525,True,phalloidin,0.04771689300976413,0.3,3.0,0.0,10.0,10.0,1.0
1411,True,True,both,2,WY-14643,6.987390284449898e-05,0.3,0.8666666666666667,18.0,0.0,60.0,20.0,28,WY-14643,0.6428571428571429,"Degeneration, granular, eosinophilic",0.8571428571428571,2.8682613491282137e-06,False,True,24,0.997693379720052,10,4,7665,True,WY-14643,6.987390284449898e-05,0.3,18.0,0.0,60.0,20.0,2.0
1420,True,True,both,2,WY-14643,0.0032788543591945,0.3,0.815,18.0,0.0,60.0,20.0,54,gemfibrozil,0.3703703703703703,"Degeneration, granular, eosinophilic",0.8333333333333334,2.774373013039716e-06,False,True,24,0.976549784342448,16,5,8965,True,WY-14643,0.003278854359194514,0.3,18.0,0.0,60.0,20.0,2.0
1298,True,True,both,2,WY-14643,0.0010999954629844,0.3,0.8083333333333333,18.0,0.0,60.0,20.0,35,WY-14643,0.5142857142857142,"Degeneration, granular, eosinophilic",0.9714285714285714,2.6097738032131727e-06,False,True,24,0.9817479451497396,9,2,34270,True,WY-14643,0.0010999954629844538,0.3,18.0,0.0,60.0,20.0,2.0
1480,True,True,both,1,gemfibrozil,0.029344554727406,0.3,0.715,21.0,1.0,60.0,20.0,31,gemfibrozil,0.7096774193548387,Increased mitosis,0.4516129032258064,0.0271851150012153,False,True,24,0.9610671997070312,15,4,6587,True,gemfibrozil,0.02934455472740603,0.3,21.0,1.0,60.0,20.0,1.0
293,True,True,both,1,ethambutol,0.0296987168292399,0.293103448275862,0.7206896551724138,17.0,0.0,58.0,20.0,23,ethambutol,0.7391304347826086,"Alteration, nuclear",0.6521739130434783,0.0002150156233508,False,True,24,0.9863382975260416,10,2,11189,True,ethambutol,0.029698716829239937,0.29310344827586204,17.0,0.0,58.0,20.0,1.0
983,True,True,both,2,papaverine,0.0125610769875732,0.288135593220339,0.7762711864406779,17.0,0.0,59.0,20.0,56,phenytoin,0.3392857142857143,Hypertrophy,0.5178571428571429,0.0007545712172145,False,True,24,0.9964879353841146,16,4,10406,True,papaverine,0.012561076987573281,0.288135593220339,17.0,0.0,59.0,20.0,2.0
492,True,True,both,1,clofibrate,0.0215508687602467,0.288135593220339,0.7423728813559322,17.0,0.0,59.0,20.0,21,clofibrate,0.8095238095238095,Swelling,0.7142857142857143,7.446773389184565e-05,False,True,24,0.9914754231770834,9,2,9129,True,clofibrate,0.021550868760246714,0.288135593220339,17.0,0.0,59.0,20.0,1.0
349,False,True,added,1,acetamidofluorene,0.0082203581412466,0.2833333333333333,0.7883333333333333,17.0,0.0,60.0,20.0,84,ticlopidine,0.5238095238095238,Hypertrophy,0.3571428571428571,0.0983641237283555,False,True,24,0.9939549763997396,14,3,40051,True,acetamidofluorene,0.008220358141246688,0.2833333333333333,17.0,0.0,60.0,20.0,1.0
453,True,True,both,1,amitriptyline,0.0021001428392955,0.2711864406779661,0.8050847457627118,16.0,0.0,59.0,20.0,26,amitriptyline,0.6153846153846154,Hypertrophy,0.7692307692307693,2.733160256612986e-05,False,True,24,0.9928970336914062,9,2,14067,True,amitriptyline,0.0021001428392955507,0.2711864406779661,16.0,0.0,59.0,20.0,1.0
401,True,True,both,1,diltiazem,0.0139935838587594,0.2711864406779661,0.7457627118644068,16.0,0.0,59.0,20.0,38,diltiazem,0.4210526315789473,Hypertrophy,0.8947368421052632,1.8236793571755976e-05,False,True,24,0.9931131998697916,10,3,20308,True,diltiazem,0.013993583858759427,0.2711864406779661,16.0,0.0,59.0,20.0,1.0
178,True,True,both,1,amitriptyline,0.015134671503278,0.2711864406779661,0.7288135593220338,16.0,0.0,59.0,20.0,38,diltiazem,0.4210526315789473,Hypertrophy,0.9210526315789472,0.0018377746973722,False,True,24,0.9825998942057292,10,2,39954,True,amitriptyline,0.015134671503278078,0.2711864406779661,16.0,0.0,59.0,20.0,1.0
875,False,True,added,1,benzbromarone,0.0420357772868849,0.2678571428571428,0.7571428571428571,15.0,0.0,56.0,20.0,134,phenobarbital,0.5,Hypertrophy,0.4776119402985074,0.8660789563304894,False,True,24,0.9880167643229166,22,5,19423,True,phenobarbital,0.0001691652544865343,0.3833333333333333,56.0,11.0,60.0,20.0,2.0
498,True,True,both,2,acetamidofluorene,0.0004143504591498,0.2666666666666666,0.8333333333333334,16.0,0.0,60.0,20.0,24,acetamidofluorene,0.6666666666666666,"Proliferation, bile duct",0.7083333333333334,6.810997996542944e-06,False,True,24,0.9663772583007812,8,1,7396,True,acetamidofluorene,0.0004143504591498697,0.26666666666666666,16.0,0.0,60.0,20.0,2.0
377,True,True,both,2,gemfibrozil,0.0005537661733317,0.2666666666666666,0.8166666666666667,16.0,0.0,60.0,20.0,37,WY-14643,0.4324324324324324,"Degeneration, granular, eosinophilic",0.8648648648648649,5.221850028815948e-09,False,True,24,0.999646504720052,10,3,27550,True,gemfibrozil,0.0005537661733317211,0.26666666666666666,16.0,0.0,60.0,20.0,2.0
1719,False,True,added,1,allyl alcohol,0.0134420590569332,0.2666666666666666,0.775,16.0,0.0,60.0,20.0,135,ethionine,0.4296296296296296,"Alteration, cytoplasmic",0.2518518518518518,0.8297954621140177,False,True,24,0.9893417358398438,22,6,45645,True,ethionine,0.0001691652544865343,0.5666666666666667,52.0,6.0,60.0,20.0,2.0
246,True,True,both,4,phenytoin,0.0236449545865838,0.2666666666666666,0.74,16.0,0.0,60.0,20.0,106,iproniazid,0.160377358490566,Hypertrophy,0.4150943396226415,4.38248506990973e-07,False,True,24,0.974500020345052,17,9,11320,True,phenytoin,0.0236449545865838,0.26666666666666666,16.0,0.0,60.0,20.0,4.0
1646,True,True,both,2,gemfibrozil,0.0143143812420134,0.2666666666666666,0.7,16.0,0.0,60.0,20.0,24,gemfibrozil,0.6666666666666666,"Degeneration, granular, eosinophilic",0.9166666666666666,1.3500491427434785e-05,False,True,24,0.9944178263346354,12,2,10058,True,gemfibrozil,0.01431438124201343,0.26666666666666666,16.0,0.0,60.0,20.0,2.0
912,True,True,both,2,theophylline,0.0068802823050814,0.2545454545454545,0.7927272727272727,14.0,0.0,55.0,20.0,76,papaverine,0.2763157894736842,Ground glass appearance,0.4078947368421052,0.0008507870281874,False,True,24,0.9639561971028646,17,7,10654,True,theophylline,0.0068802823050814485,0.2545454545454545,14.0,0.0,55.0,20.0,2.0
202,True,True,both,1,WY-14643,0.0001054481705423,0.25,0.8583333333333333,15.0,0.0,60.0,20.0,29,WY-14643,0.5172413793103449,Hypertrophy,0.7931034482758621,1.3915854392945036e-08,False,True,24,0.9930470784505208,12,2,6684,True,WY-14643,0.00010544817054234995,0.25,15.0,0.0,60.0,20.0,1.0
1594,True,True,both,1,acetamidofluorene,0.0098680064536977,0.25,0.75,15.0,0.0,60.0,20.0,18,acetamidofluorene,0.8333333333333334,"Proliferation, bile duct",0.9444444444444444,0.0002046450830543,False,True,24,0.9989115397135416,7,1,6632,True,acetamidofluorene,0.009868006453697785,0.25,15.0,0.0,60.0,20.0,1.0
1759,True,True,both,2,ticlopidine,0.0156645259044863,0.25,0.7416666666666667,15.0,0.0,60.0,20.0,27,ticlopidine,0.5555555555555556,Hypertrophy,0.5925925925925926,4.014171652641577e-06,False,True,24,0.959197998046875,10,2,7125,True,ticlopidine,0.015664525904486384,0.25,15.0,0.0,60.0,20.0,2.0
1033,False,True,added,1,ethambutol,0.0382655243498893,0.2413793103448276,0.7517241379310344,14.0,0.0,58.0,20.0,257,promethazine,0.2295719844357976,Ground glass appearance,0.1712062256809338,1.0,False,False,24,0.4879023234049479,24,9,10374,False,,,,,,,,0.0
193,True,True,both,2,ethambutol,0.007399852442724,0.2413793103448276,0.746551724137931,14.0,0.0,58.0,20.0,40,methapyrilene,0.45,Single cell necrosis,0.525,1.14046390795679e-05,False,True,24,0.994054158528646,15,4,12010,True,ethambutol,0.007399852442724048,0.2413793103448276,14.0,0.0,58.0,20.0,2.0
679,True,True,both,2,gemfibrozil,0.0025043582671756,0.2333333333333333,0.7833333333333333,14.0,0.0,60.0,20.0,45,lomustine,0.3333333333333333,"Degeneration, granular, eosinophilic",0.5111111111111111,2.335285532451413e-06,False,True,24,0.9982528686523438,12,4,8126,True,gemfibrozil,0.0025043582671756357,0.23333333333333334,14.0,0.0,60.0,20.0,2.0
1081,True,True,both,1,benzbromarone,0.0173746631139865,0.2321428571428571,0.7607142857142857,13.0,0.0,56.0,20.0,55,hexachlorobenzene,0.3454545454545454,Hypertrophy,0.7454545454545455,0.0017093618721189,False,True,24,0.9736378987630208,16,4,12726,True,benzbromarone,0.017374663113986596,0.23214285714285715,13.0,0.0,56.0,20.0,1.0
1240,False,True,added,1,benzbromarone,0.0469003213179428,0.2178571428571428,0.7535714285714286,15.0,1.0,56.0,20.0,75,thioacetamide,0.3066666666666666,Hypertrophy,0.4266666666666667,1.0,False,True,24,0.98077392578125,16,6,8015,True,benzbromarone,0.04690032131794286,0.21785714285714286,15.0,1.0,56.0,20.0,1.0
1109,True,True,both,3,WY-14643,0.0025219321222818,0.2166666666666666,0.78,13.0,0.0,60.0,20.0,46,WY-14643,0.2826086956521739,"Degeneration, granular, eosinophilic",0.5652173913043478,7.883756532050692e-08,False,True,24,0.9966964721679688,7,3,31564,True,WY-14643,0.002521932122281859,0.21666666666666667,13.0,0.0,60.0,20.0,3.0
1262,True,True,both,1,acetamidofluorene,0.0156850334268456,0.2166666666666666,0.7533333333333333,13.0,0.0,60.0,20.0,23,acetamidofluorene,0.5652173913043478,"Proliferation, oval cell",0.5652173913043478,0.0010514286908324,False,True,24,0.9919153849283854,10,2,8703,True,acetamidofluorene,0.01568503342684569,0.21666666666666667,13.0,0.0,60.0,20.0,1.0
1961,False,True,added,1,amitriptyline,0.0047095016757386,0.2033898305084746,0.7966101694915254,12.0,0.0,59.0,20.0,205,methylene dianiline,0.2634146341463415,Hypertrophy,0.2390243902439024,1.0,False,False,24,0.6440989176432291,21,7,8887,False,,,,,,,,0.0
39,True,True,both,1,phalloidin,0.0305990436168062,0.2,0.96,2.0,0.0,10.0,10.0,48,ethambutol,0.4375,Single cell necrosis,0.5,0.0465431112719143,False,True,24,0.6148452758789062,22,14,3352,False,phalloidin,0.030599043616806293,0.2,2.0,0.0,10.0,10.0,1.0
1470,True,True,both,1,clofibrate,0.003421251231181,0.1864406779661017,0.788135593220339,11.0,0.0,59.0,20.0,32,naphthyl isothiocyanate,0.40625,Cellular infiltration,0.6875,0.0004432253940923,False,True,24,0.9983571370442708,15,4,4194,True,clofibrate,0.0034212512311810263,0.1864406779661017,11.0,0.0,59.0,20.0,1.0
1141,False,True,added,1,diltiazem,0.0459516566303544,0.1864406779661017,0.7237288135593221,11.0,0.0,59.0,20.0,70,phenacetin,0.3571428571428571,Hypertrophy,0.4142857142857143,0.1241948385193557,False,True,24,0.9951375325520834,16,5,16956,True,diltiazem,0.04595165663035442,0.1864406779661017,11.0,0.0,59.0,20.0,1.0
227,True,True,both,1,fenofibrate,0.0012529599902477,0.1833333333333333,0.8166666666666667,11.0,0.0,60.0,20.0,117,ethinylestradiol,0.3162393162393162,"Degeneration, granular, eosinophilic",0.5726495726495726,0.0121487506754204,False,True,24,0.9895655314127604,23,6,7803,True,WY-14643,0.0001687778161452499,0.5166666666666666,34.0,1.0,60.0,20.0,2.0
1455,True,True,both,2,WY-14643,0.0445412868718072,0.1833333333333333,0.7083333333333334,11.0,0.0,60.0,20.0,20,WY-14643,0.55,Increased mitosis,0.6,3.440314115154412e-05,False,True,24,0.9915618896484376,8,2,8280,True,WY-14643,0.044541286871807244,0.18333333333333332,11.0,0.0,60.0,20.0,2.0
1792,True,True,both,2,gemfibrozil,0.0016847015566491,0.1666666666666666,0.775,10.0,0.0,60.0,20.0,31,gemfibrozil,0.3225806451612903,"Degeneration, granular, eosinophilic",0.4193548387096774,2.279482116352115e-07,False,True,24,0.9962183634440104,10,5,7632,True,gemfibrozil,0.0016847015566491472,0.16666666666666666,10.0,0.0,60.0,20.0,2.0
1286,True,True,both,2,thioacetamide,0.0244833870721382,0.1666666666666666,0.725,10.0,0.0,60.0,20.0,30,thioacetamide,0.3333333333333333,Hypertrophy,0.6666666666666666,8.31187743801035e-08,False,True,24,0.9987233479817708,10,3,6571,True,thioacetamide,0.024483387072138253,0.16666666666666666,10.0,0.0,60.0,20.0,2.0
1748,True,True,both,1,fenofibrate,0.0363867913918364,0.1666666666666666,0.7083333333333334,10.0,0.0,60.0,20.0,11,fenofibrate,0.9090909090909092,"Degeneration, granular, eosinophilic",0.9090909090909092,0.0015353977907199,False,True,24,0.9858067830403646,9,2,2273,True,fenofibrate,0.036386791391836495,0.16666666666666666,10.0,0.0,60.0,20.0,1.0
1293,False,True,added,1,theophylline,0.0428105288929032,0.1636363636363636,0.7181818181818181,9.0,0.0,55.0,20.0,90,lornoxicam,0.4222222222222222,,,1.0,False,True,24,0.9868316650390624,13,4,14577,True,theophylline,0.04281052889290329,0.16363636363636364,9.0,0.0,55.0,20.0,1.0
1281,True,True,both,1,acetamidofluorene,0.000917836751091,0.15,0.8266666666666667,9.0,0.0,60.0,20.0,26,nitrosodiethylamine,0.4615384615384615,"Change, acidophilic",0.4230769230769231,0.0013886455582762,False,True,24,0.990748087565104,7,2,5643,True,acetamidofluorene,0.0009178367510910708,0.15,9.0,0.0,60.0,20.0,1.0
1571,True,True,both,1,WY-14643,0.0020168898941458,0.1333333333333333,0.8183333333333334,8.0,0.0,60.0,20.0,37,gemfibrozil,0.5135135135135135,"Degeneration, granular, eosinophilic",0.6756756756756757,9.436744558104304e-05,False,True,24,0.980578104654948,20,6,4527,True,WY-14643,0.0020168898941458455,0.13333333333333333,8.0,0.0,60.0,20.0,1.0
200,False,True,added,1,promethazine,0.0215205646976012,0.1333333333333333,0.7683333333333333,8.0,0.0,60.0,20.0,703,phenytoin,0.1137980085348506,"Hematopoiesis, extramedullary",0.0440967283072546,1.0,False,False,24,0.5047531127929688,23,9,39231,False,,,,,,,,0.0
176,False,True,added,1,gemfibrozil,0.0272622130193892,0.1333333333333333,0.6916666666666667,8.0,0.0,60.0,20.0,463,phenobarbital,0.1706263498920086,Hypertrophy,0.3520518358531317,0.537988065784744,False,False,24,0.1200103759765625,23,9,20150,False,,,,,,,,0.0
615,False,True,added,1,amitriptyline,0.030764067711636,0.1186440677966101,0.7677966101694915,7.0,0.0,59.0,20.0,219,phenacetin,0.3105022831050228,Hypertrophy,0.2237442922374429,1.0,False,False,24,0.8479665120442709,24,6,10301,False,,,,,,,,0.0
561,False,True,added,1,fenofibrate,0.0032055056725354,0.1166666666666666,0.82,7.0,0.0,60.0,20.0,88,methylene dianiline,0.3977272727272727,Hypertrophy,0.3181818181818182,0.0763839578144157,False,True,24,0.7321243286132812,19,6,7312,False,fenofibrate,0.0032055056725354986,0.11666666666666667,7.0,0.0,60.0,20.0,1.0
1670,True,True,both,1,acetamidofluorene,0.0121984264376855,0.1,0.7333333333333333,6.0,0.0,60.0,20.0,20,ticlopidine,0.65,Hypertrophy,0.65,2.0044485437993727e-05,False,True,24,0.9629084269205728,12,3,17033,True,acetamidofluorene,0.012198426437685593,0.1,6.0,0.0,60.0,20.0,1.0
906,True,True,both,1,amitriptyline,0.0344568678822197,0.0847457627118644,0.7033898305084746,5.0,0.0,59.0,20.0,40,diltiazem,0.575,Hypertrophy,0.6,0.0281864925791256,False,True,24,0.9955037434895834,12,3,8680,True,amitriptyline,0.03445686788221977,0.0847457627118644,5.0,0.0,59.0,20.0,1.0
1524,True,True,both,1,ethionine,0.0405633456922296,0.0833333333333333,0.745,5.0,0.0,60.0,20.0,22,gemfibrozil,0.4545454545454545,Increased mitosis,0.3181818181818182,9.535272120128444e-06,False,True,24,0.9823430379231772,20,7,1775,True,ethionine,0.04056334569222963,0.08333333333333333,5.0,0.0,60.0,20.0,1.0
72,False,True,added,1,theophylline,0.0497095684861604,0.0727272727272727,0.7090909090909091,4.0,0.0,55.0,20.0,1039,gemfibrozil,0.0741097208854668,"Degeneration, granular, eosinophilic",0.0856592877767083,0.1063361803873064,False,False,24,1.2715657552083334e-05,23,14,53817,False,,,,,,,,0.0
109,False,True,added,1,allyl alcohol,0.0194087197001344,0.0666666666666666,0.7733333333333333,4.0,0.0,60.0,20.0,74,ethionine,0.4459459459459459,"Alteration, cytoplasmic",0.3108108108108108,0.3413583618997381,False,True,24,0.9964421590169272,16,6,9255,True,ethionine,0.002840509384307011,0.41666666666666674,31.0,2.0,60.0,20.0,2.0
1154,False,True,added,1,naphthyl isothiocyanate,0.0236449545865838,0.0666666666666666,0.7516666666666667,4.0,0.0,60.0,20.0,131,ethinylestradiol,0.5038167938931297,"Change, eosinophilic",0.1145038167938931,1.0,False,True,24,0.9575983683268228,23,7,16430,True,naphthyl isothiocyanate,0.0236449545865838,0.06666666666666667,4.0,0.0,60.0,20.0,1.0
372,False,True,added,1,gemfibrozil,0.0498561110117307,0.0666666666666666,0.7433333333333333,4.0,0.0,60.0,20.0,274,rosiglitazone maleate,0.2846715328467153,"Cellular infiltration, mononuclear cell",0.0510948905109489,1.0,False,False,24,0.9949874877929688,22,5,35347,True,,,,,,,,0.0
1005,True,True,both,1,gemfibrozil,0.0363867913918364,0.0666666666666666,0.715,4.0,0.0,60.0,20.0,39,naphthyl isothiocyanate,0.4102564102564102,Cellular infiltration,0.6410256410256411,4.432258953882518e-06,False,True,24,0.9906641642252604,15,6,6311,True,gemfibrozil,0.036386791391836495,0.06666666666666667,4.0,0.0,60.0,20.0,1.0
1793,False,True,added,1,benzbromarone,0.0484784633834237,0.0535714285714285,0.7160714285714286,3.0,0.0,56.0,20.0,98,phenobarbital,0.5612244897959183,Hypertrophy,0.336734693877551,0.24081273745549,False,True,24,0.9949137369791666,17,7,8649,True,benzbromarone,0.04847846338342372,0.05357142857142857,3.0,0.0,56.0,20.0,1.0
1259,True,True,both,2,carbon tetrachloride,4.248113936202922e-06,0.05,0.9316666666666666,3.0,0.0,60.0,20.0,26,allyl alcohol,0.2692307692307692,Necrosis,0.6538461538461539,7.997660562394691e-08,False,True,24,0.991912841796875,8,3,10377,True,carbon tetrachloride,4.248113936202922e-06,0.05,3.0,0.0,60.0,20.0,2.0
769,False,True,added,1,acetamidofluorene,0.0262803986487028,0.05,0.7733333333333333,3.0,0.0,60.0,20.0,22,carbon tetrachloride,0.2727272727272727,"Degeneration, fatty",0.2727272727272727,0.9894070025482776,False,True,24,0.0337549845377604,22,9,5950,False,acetamidofluorene,0.02628039864870282,0.05,3.0,0.0,60.0,20.0,1.0
465,False,True,added,1,acetaminophen,0.0315262379976763,0.05,0.755,3.0,0.0,60.0,20.0,112,phenobarbital,0.4285714285714285,,,1.0,False,True,24,0.989898681640625,18,6,10883,True,acetaminophen,0.03152623799767635,0.05,3.0,0.0,60.0,20.0,1.0
1754,True,True,both,1,acetamidofluorene,0.0160072049171205,0.05,0.7483333333333333,3.0,0.0,60.0,20.0,15,nitrosodiethylamine,0.4666666666666667,"Proliferation, bile duct",0.6,0.029905271036555,False,True,24,0.5343297322591146,20,5,870,False,acetamidofluorene,0.01600720491712057,0.05,3.0,0.0,60.0,20.0,1.0
849,False,True,added,1,carbon tetrachloride,0.040209493785682,0.0333333333333333,0.7316666666666667,2.0,0.0,60.0,20.0,104,ethinylestradiol,0.6538461538461539,"Change, eosinophilic",0.2115384615384615,0.2834221356350357,False,True,24,0.9824422200520834,18,3,62165,True,ethinylestradiol,1.0156985790163852e-05,0.4666666666666667,58.0,10.0,60.0,20.0,2.0
1652,False,True,added,1,ethinylestradiol,0.0095722034235332,0.0166666666666666,0.7766666666666666,1.0,0.0,60.0,20.0,1,ethinylestradiol,1.0,,,0.2072868710756114,False,True,24,0.4923426310221354,23,6,649,False,ethinylestradiol,0.009572203423533206,0.016666666666666666,1.0,0.0,60.0,20.0,1.0
1394,True,True,both,1,fenofibrate,0.0467721989452855,0.0166666666666666,0.7233333333333334,1.0,0.0,60.0,20.0,23,methylene dianiline,0.8260869565217391,"Proliferation, bile duct",0.8695652173913043,0.000102907121376,False,True,24,0.963549296061198,13,2,5947,True,fenofibrate,0.04677219894528559,0.016666666666666666,1.0,0.0,60.0,20.0,1.0
45,True,False,removed,0,,,,,,,,,60,methapyrilene,0.2666666666666666,Single cell necrosis,0.5,0.003963164112935,False,False,24,0.9989395141601562,9,4,34754,True,,,,,,,,0.0
74,True,False,removed,0,,,,,,,,,37,gemfibrozil,0.5675675675675675,Increased mitosis,0.5675675675675675,0.0215412642595154,False,False,24,0.9848225911458334,10,2,9277,True,,,,,,,,0.0
95,True,False,removed,0,,,,,,,,,161,WY-14643,0.3664596273291925,"Degeneration, granular, eosinophilic",0.453416149068323,0.020187668931219,True,False,24,0.1771367390950521,21,4,7431,False,,,,,,,,0.0
102,True,False,removed,0,,,,,,,,,9,WY-14643,0.8888888888888888,"Degeneration, granular, eosinophilic",1.0,0.0011641871370394,False,False,24,0.9863103230794272,9,2,1041,True,,,,,,,,0.0
107,True,False,removed,0,,,,,,,,,74,ethinylestradiol,0.8513513513513513,"Change, eosinophilic",0.2972972972972973,0.0018662583094786,False,True,24,0.9686711629231772,19,1,24965,True,ethinylestradiol,2.2060967106618703e-07,0.85,60.0,3.0,60.0,20.0,1.0
114,True,False,removed,0,,,,,,,,,40,methapyrilene,0.4,Single cell necrosis,0.6,0.0001756611252334,False,False,24,0.9872868855794272,13,4,101467,True,,,,,,,,0.0
181,True,False,removed,0,,,,,,,,,53,WY-14643,0.4150943396226415,"Degeneration, granular, eosinophilic",0.5849056603773585,0.03350928559197,False,False,24,0.9925460815429688,15,3,26473,True,,,,,,,,0.0
243,True,False,removed,0,,,,,,,,,30,gemfibrozil,0.5666666666666667,"Degeneration, granular, eosinophilic",0.9333333333333332,0.0006781088351874,False,False,24,0.9991124471028646,12,1,34999,True,,,,,,,,0.0
295,True,False,removed,0,,,,,,,,,68,gemfibrozil,0.4558823529411764,"Degeneration, granular, eosinophilic",0.5,0.0355246389306253,False,True,24,0.9947687784830728,17,4,11081,True,gemfibrozil,0.003071096138093252,0.45,30.0,1.0,60.0,20.0,2.0
298,True,False,removed,0,,,,,,,,,58,methylene dianiline,0.3620689655172414,Hypertrophy,0.5172413793103449,0.0009063006536575,False,False,24,0.9686304728190104,12,2,22511,True,,,,,,,,0.0
359,True,False,removed,0,,,,,,,,,27,ethambutol,0.8888888888888888,Ground glass appearance,0.5185185185185185,0.0055439775594323,False,False,24,0.9757486979166666,7,1,24143,True,,,,,,,,0.0
382,True,False,removed,0,,,,,,,,,25,lomustine,0.44,Hypertrophy,0.64,7.883756532050692e-08,False,False,24,0.997217814127604,5,2,12617,True,,,,,,,,0.0
388,True,False,removed,0,,,,,,,,,21,methylene dianiline,0.5714285714285714,Hypertrophy,0.8095238095238095,2.1476515127838443e-08,False,False,24,0.9973653157552084,6,2,9372,True,,,,,,,,0.0
441,True,False,removed,0,,,,,,,,,24,papaverine,0.4583333333333333,Hypertrophy,0.7083333333333334,0.0001303150053895,False,False,24,0.997339884440104,12,5,5356,True,,,,,,,,0.0
528,True,False,removed,0,,,,,,,,,24,phenacetin,0.4166666666666667,Hypertrophy,0.7916666666666666,9.112634404209144e-07,False,False,24,0.995386759440104,9,4,4808,True,,,,,,,,0.0
531,True,False,removed,0,,,,,,,,,55,ticlopidine,0.4,Hypertrophy,0.4,0.0198884624020165,False,False,24,0.9926834106445312,8,2,27218,True,,,,,,,,0.0
539,True,False,removed,0,,,,,,,,,75,carbon tetrachloride,0.8266666666666667,"Degeneration, fatty",0.8,0.0003561270153198,False,True,24,0.9850896199544272,19,1,33540,True,carbon tetrachloride,2.2060967106618703e-07,0.9,60.0,2.0,60.0,20.0,1.0
581,True,False,removed,0,,,,,,,,,74,monocrotaline,0.2027027027027027,"Hematopoiesis, extramedullary",0.2432432432432432,0.0204947440101329,False,False,24,0.9987004597981772,11,3,14855,True,,,,,,,,0.0
585,True,False,removed,0,,,,,,,,,19,ethambutol,0.6842105263157895,"Alteration, nuclear",0.6842105263157895,0.0007545712172145,False,False,24,0.9776051839192708,9,2,27912,True,,,,,,,,0.0
592,True,False,removed,0,,,,,,,,,37,methylene dianiline,0.5945945945945946,Hypertrophy,0.6756756756756757,4.246642463580019e-05,False,False,24,0.9758275349934896,12,3,37927,True,,,,,,,,0.0
599,True,False,removed,0,,,,,,,,,65,methapyrilene,0.2769230769230769,Single cell necrosis,0.3846153846153846,0.0015353977907199,False,False,24,0.988917032877604,12,5,43342,True,,,,,,,,0.0
618,True,False,removed,0,,,,,,,,,36,methapyrilene,0.4444444444444444,Single cell necrosis,0.75,0.0002036786634186,False,False,24,0.9950002034505208,9,3,16584,True,,,,,,,,0.0
646,True,False,removed,0,,,,,,,,,16,lornoxicam,0.75,"Hematopoiesis, extramedullary",0.25,0.0095315089383553,False,False,24,0.9927647908528646,6,1,20923,True,,,,,,,,0.0
693,True,False,removed,0,,,,,,,,,36,methapyrilene,0.3888888888888889,Single cell necrosis,0.7222222222222222,0.0011809004994727,False,False,24,0.981005350748698,9,4,32874,True,,,,,,,,0.0
709,True,False,removed,0,,,,,,,,,29,diltiazem,0.6206896551724138,Hypertrophy,0.8620689655172413,0.0139345610989358,False,False,24,0.9795074462890624,12,2,5855,True,,,,,,,,0.0
723,True,False,removed,0,,,,,,,,,34,naphthyl isothiocyanate,0.3529411764705882,Cellular infiltration,0.6470588235294118,4.253092896059011e-05,False,False,24,0.9964269002278646,13,6,6172,True,,,,,,,,0.0
730,True,False,removed,0,,,,,,,,,25,gemfibrozil,0.6,"Degeneration, granular, eosinophilic",0.76,0.0012420286344909,False,False,24,0.999010721842448,10,3,17847,True,,,,,,,,0.0
755,True,False,removed,0,,,,,,,,,81,gemfibrozil,0.3580246913580246,"Degeneration, granular, eosinophilic",0.5679012345679012,5.552875670372584e-05,False,True,24,0.498792012532552,18,5,8605,False,gemfibrozil,0.010521517012724772,0.15000000000000002,24.0,5.0,60.0,20.0,1.0
835,True,False,removed,0,,,,,,,,,31,ethambutol,0.5483870967741935,Ground glass appearance,0.3870967741935484,0.0465431112719143,False,False,24,0.9743220011393228,13,4,4810,True,,,,,,,,0.0
894,True,False,removed,0,,,,,,,,,32,methapyrilene,0.4375,Hypertrophy,0.625,0.0113835605310394,False,False,24,0.9501419067382812,10,3,24078,True,,,,,,,,0.0
931,True,False,removed,0,,,,,,,,,75,carbon tetrachloride,0.8133333333333334,"Degeneration, fatty",0.7866666666666666,0.0397357720231315,False,True,24,0.9892730712890624,18,4,18078,True,carbon tetrachloride,2.580676463122626e-07,0.8833333333333333,59.0,2.0,60.0,20.0,1.0
940,True,False,removed,0,,,,,,,,,22,methylene dianiline,0.8181818181818182,Hypertrophy,0.7727272727272727,0.0059140480391107,False,False,24,0.9917577107747396,7,1,17615,True,,,,,,,,0.0
944,True,False,removed,0,,,,,,,,,39,amitriptyline,0.3846153846153846,Hypertrophy,0.5641025641025641,0.025862925961517,False,False,24,0.9935836791992188,8,4,24940,True,,,,,,,,0.0
993,True,False,removed,0,,,,,,,,,14,lornoxicam,0.6428571428571429,"Hematopoiesis, extramedullary",0.2142857142857142,0.0417109837285595,False,False,24,0.9319407145182292,21,9,1141,True,,,,,,,,0.0
1022,True,False,removed,0,,,,,,,,,6,methylene dianiline,0.5,Hypertrophy,1.0,0.0469811017524493,False,False,24,0.9843902587890624,2,1,8576,True,,,,,,,,0.0
1028,True,False,removed,0,,,,,,,,,53,gemfibrozil,0.490566037735849,"Degeneration, granular, eosinophilic",0.6415094339622641,0.0363188079736553,False,False,24,0.9982020060221354,11,3,33693,True,,,,,,,,0.0
1047,True,False,removed,0,,,,,,,,,16,methylene dianiline,0.75,Hypertrophy,1.0,1.6870259910771042e-06,False,False,24,0.9984130859375,6,2,6410,True,,,,,,,,0.0
1054,True,False,removed,0,,,,,,,,,37,methylene dianiline,0.4864864864864865,Hypertrophy,0.5675675675675675,0.0047509074444619,False,False,24,0.9874089558919272,8,1,20732,True,,,,,,,,0.0
1055,True,False,removed,0,,,,,,,,,25,sulfasalazine,0.56,Swelling,0.44,0.0076308170447303,False,False,24,0.9990285237630208,8,1,17191,True,,,,,,,,0.0
1073,True,False,removed,0,,,,,,,,,19,lomustine,0.5263157894736842,Single cell necrosis,0.6842105263157895,1.996431868863433e-07,False,False,24,0.9964447021484376,6,1,8568,True,,,,,,,,0.0
1115,True,False,removed,0,,,,,,,,,65,papaverine,0.4,Ground glass appearance,0.4615384615384615,0.0001589681738229,False,False,24,0.9765294392903646,18,6,6731,True,,,,,,,,0.0
1128,True,False,removed,0,,,,,,,,,17,methylene dianiline,0.2941176470588235,Hypertrophy,0.7647058823529411,0.0377357910360553,False,False,24,0.723907470703125,15,4,1341,False,,,,,,,,0.0
1129,True,False,removed,0,,,,,,,,,1,WY-14643,1.0,Granuloma,1.0,0.0400389256805363,False,False,24,0.13287353515625,24,12,1290,False,,,,,,,,0.0
1167,True,False,removed,0,,,,,,,,,8,nitrosodiethylamine,0.375,"Change, acidophilic",0.625,0.0326079432870116,False,False,24,0.9459660847981772,2,2,5041,True,,,,,,,,0.0
1174,True,False,removed,0,,,,,,,,,6,ticlopidine,0.5,Hypertrophy,0.8333333333333334,0.0126770870444811,False,False,24,0.9875691731770834,5,3,2347,True,,,,,,,,0.0
1199,True,False,removed,0,,,,,,,,,41,lomustine,0.5365853658536586,"Degeneration, granular, eosinophilic",0.4146341463414634,0.0121251537709588,False,False,24,0.9986521402994792,10,3,28503,True,,,,,,,,0.0
1234,True,False,removed,0,,,,,,,,,30,amitriptyline,0.4,Hypertrophy,0.7666666666666667,9.295194564134164e-06,False,False,24,0.9914093017578124,8,2,38668,True,,,,,,,,0.0
1238,True,False,removed,0,,,,,,,,,22,methylene dianiline,0.8181818181818182,Hypertrophy,0.9090909090909092,1.2819463269155024e-05,False,False,24,0.998095194498698,6,1,26293,True,,,,,,,,0.0
1276,True,False,removed,0,,,,,,,,,80,ethambutol,0.225,Hypertrophy,0.4375,1.1569430490603164e-05,False,False,24,0.8754119873046875,21,9,6467,True,,,,,,,,0.0
1287,True,False,removed,0,,,,,,,,,28,methylene dianiline,0.7142857142857143,"Proliferation, bile duct",0.8571428571428571,4.411772403403467e-05,False,False,24,0.9881261189778646,7,2,20465,True,,,,,,,,0.0
1295,True,False,removed,0,,,,,,,,,15,ticlopidine,0.8,Hypertrophy,0.8666666666666667,0.0261426519077654,False,False,24,0.9860076904296876,9,2,3888,True,,,,,,,,0.0
1337,True,False,removed,0,,,,,,,,,28,fenofibrate,0.7857142857142857,"Degeneration, granular, eosinophilic",0.75,0.0238448522939865,False,False,24,0.9940338134765624,10,1,16607,True,,,,,,,,0.0
1363,True,False,removed,0,,,,,,,,,13,methylene dianiline,0.8461538461538461,Hypertrophy,1.0,4.680656216007528e-05,False,False,24,0.9950942993164062,8,2,12428,True,,,,,,,,0.0
1375,True,False,removed,0,,,,,,,,,77,ethinylestradiol,0.6363636363636364,"Change, eosinophilic",0.2857142857142857,0.0010514286908324,False,True,24,0.9851023356119792,16,2,43406,True,ethinylestradiol,2.284680008639682e-06,0.55,45.0,4.0,60.0,20.0,1.0
1476,True,False,removed,0,,,,,,,,,49,gemfibrozil,0.4693877551020408,"Degeneration, granular, eosinophilic",0.3061224489795918,0.0018377746973722,False,True,24,0.9854303995768228,13,3,16008,True,ethinylestradiol,0.0054863402683013335,0.18333333333333332,17.0,2.0,60.0,20.0,2.0
1528,True,False,removed,0,,,,,,,,,18,ethambutol,0.3333333333333333,Hypertrophy,0.6111111111111112,0.0202158282983977,False,False,24,0.9976704915364584,6,2,6042,True,,,,,,,,0.0
1542,True,False,removed,0,,,,,,,,,82,ethinylestradiol,0.6951219512195121,"Change, eosinophilic",0.2682926829268293,0.0107470165210843,False,True,24,0.9781570434570312,17,2,44682,True,ethinylestradiol,8.845328943678113e-07,0.55,51.0,6.0,60.0,20.0,1.0
1580,True,False,removed,0,,,,,,,,,25,gemfibrozil,0.6,"Degeneration, granular, eosinophilic",0.72,0.0337791254190078,False,False,24,0.9983291625976562,8,2,9523,True,,,,,,,,0.0
1581,True,False,removed,0,,,,,,,,,77,carbon tetrachloride,0.8051948051948052,"Degeneration, fatty",0.7792207792207793,0.029905271036555,False,True,24,0.9880752563476562,22,2,30195,True,carbon tetrachloride,2.2060967106618703e-07,0.9,60.0,2.0,60.0,20.0,1.0
1626,True,False,removed,0,,,,,,,,,26,amitriptyline,0.4230769230769231,Hypertrophy,0.9230769230769232,2.294501655773337e-05,False,False,24,0.9955012003580728,12,5,18372,True,,,,,,,,0.0
1632,True,False,removed,0,,,,,,,,,66,methapyrilene,0.3484848484848485,Hypertrophy,0.3484848484848485,0.010351014248718,False,False,24,0.988062540690104,13,4,31301,True,,,,,,,,0.0
1680,True,False,removed,0,,,,,,,,,17,lornoxicam,0.6470588235294118,"Hematopoiesis, extramedullary",0.2941176470588235,0.0144855251688269,False,False,24,0.998133341471354,6,2,4140,True,,,,,,,,0.0
1689,True,False,removed,0,,,,,,,,,28,methapyrilene,0.3571428571428571,Single cell necrosis,0.4642857142857143,0.0020118686244576,False,False,24,0.9894968668619792,8,4,7068,True,,,,,,,,0.0
1726,True,False,removed,0,,,,,,,,,48,methapyrilene,0.3125,Single cell necrosis,0.5416666666666666,0.0003210752533911,False,False,24,0.9974288940429688,10,4,23912,True,,,,,,,,0.0
1766,True,False,removed,0,,,,,,,,,26,methylene dianiline,0.5769230769230769,Hypertrophy,0.6538461538461539,3.696201845657888e-07,False,False,24,0.973912556966146,10,4,4918,True,,,,,,,,0.0
1811,True,False,removed,0,,,,,,,,,34,lomustine,0.5294117647058824,Hypertrophy,0.4705882352941176,1.5198671102583128e-07,False,False,24,0.9992650349934896,9,1,33393,True,,,,,,,,0.0
1847,True,False,removed,0,,,,,,,,,10,phalloidin,0.4,Single cell necrosis,0.5,0.0177805225490709,False,False,24,0.972320556640625,7,4,946,True,,,,,,,,0.0
1860,True,False,removed,0,,,,,,,,,53,phenacetin,0.6415094339622641,Hypertrophy,0.5283018867924528,0.004476850814977,False,False,24,0.9685567220052084,14,3,10402,True,,,,,,,,0.0
1865,True,False,removed,0,,,,,,,,,36,naphthyl isothiocyanate,0.5,Cellular infiltration,0.4722222222222222,0.0444203518158479,False,False,24,0.9966227213541666,8,3,6698,True,,,,,,,,0.0
1902,True,False,removed,0,,,,,,,,,13,sulfasalazine,0.3076923076923077,Cellular infiltration,0.5384615384615384,0.0189614815665744,False,False,24,0.9987589518229166,10,5,1130,True,,,,,,,,0.0
1936,True,False,removed,0,,,,,,,,,23,methylene dianiline,0.4347826086956521,"Proliferation, bile duct",0.4347826086956521,0.0023770287539136,False,False,24,0.998814900716146,11,5,3617,True,,,,,,,,0.0
1944,True,False,removed,0,,,,,,,,,7,nitrosodiethylamine,0.8571428571428571,"Change, acidophilic",0.8571428571428571,0.0476822013275686,False,False,24,0.9804636637369792,4,2,4350,True,,,,,,,,0.0
1977,True,False,removed,0,,,,,,,,,17,methylene dianiline,0.8823529411764706,Hypertrophy,0.9411764705882352,8.034557510279416e-07,False,False,24,0.9985504150390624,8,3,4288,True,,,,,,,,0.0
24,False,False,alternative_only,1,ethionine,0.0001426076117562,0.6666666666666667,0.88,52.0,4.0,60.0,20.0,169,ethionine,0.3313609467455621,Cellular infiltration,0.2307692307692307,0.363063225685987,False,True,24,0.9962361653645834,20,5,59594,True,ethionine,0.0001426076117562986,0.6666666666666667,52.0,4.0,60.0,20.0,1.0
48,False,False,alternative_only,3,benzbromarone,0.0002318172492457,0.475,0.8732142857142857,35.0,3.0,56.0,20.0,170,hexachlorobenzene,0.3,Hypertrophy,0.5,0.5264047866651813,False,True,24,0.969983418782552,20,4,29666,True,benzbromarone,0.00023181724924574247,0.475,35.0,3.0,56.0,20.0,3.0
78,False,False,alternative_only,1,carbon tetrachloride,0.0164120211699261,0.3333333333333333,0.785,50.0,10.0,60.0,20.0,142,carbon tetrachloride,0.4225352112676056,Cellular infiltration,0.4577464788732394,0.7361978077305915,False,True,24,0.9946187337239584,19,6,30450,True,carbon tetrachloride,0.016412021169926173,0.33333333333333337,50.0,10.0,60.0,20.0,1.0
87,False,False,alternative_only,1,ethinylestradiol,1.5419053614921828e-06,0.0,0.9566666666666668,60.0,20.0,60.0,20.0,109,ethinylestradiol,0.7339449541284404,"Change, eosinophilic",0.2018348623853211,1.0,False,True,24,0.9007720947265624,21,4,14381,True,ethinylestradiol,1.5419053614921828e-06,0.0,60.0,20.0,60.0,20.0,1.0
154,False,False,alternative_only,1,carbon tetrachloride,0.0002217785269035,0.3833333333333333,0.8716666666666667,29.0,2.0,60.0,20.0,95,carbon tetrachloride,0.3263157894736842,Cellular infiltration,0.4210526315789473,1.0,False,True,24,0.993151346842448,14,4,10133,True,carbon tetrachloride,0.00022177852690354193,0.3833333333333333,29.0,2.0,60.0,20.0,1.0
156,False,False,alternative_only,3,phenobarbital,1.0237793098540583e-06,0.7166666666666666,0.9633333333333334,55.0,4.0,60.0,20.0,229,phenobarbital,0.2576419213973799,Hypertrophy,0.3973799126637554,1.0,False,True,24,0.9971593221028646,23,5,50057,True,phenobarbital,1.0237793098540583e-06,0.7166666666666666,55.0,4.0,60.0,20.0,3.0
173,False,False,alternative_only,1,1% cholesterol + 0.25% sodium cholate,6.164973473534054e-05,0.7,0.99,19.0,5.0,20.0,20.0,34,1% cholesterol + 0.25% sodium cholate,0.7058823529411765,"Degeneration, fatty",0.5588235294117647,1.0,False,True,24,0.9914652506510416,8,1,35556,True,1% cholesterol + 0.25% sodium cholate,6.164973473534054e-05,0.7,19.0,5.0,20.0,20.0,1.0
204,False,False,alternative_only,1,amitriptyline,0.0215019545174908,0.4271186440677966,0.7779661016949152,37.0,4.0,59.0,20.0,76,amitriptyline,0.5394736842105263,Hypertrophy,0.3421052631578947,0.2216541410392797,False,True,24,0.9822845458984376,18,4,17932,True,amitriptyline,0.021501954517490866,0.4271186440677966,37.0,4.0,59.0,20.0,1.0
220,False,False,alternative_only,1,carbon tetrachloride,3.760431882868984e-07,0.85,0.9833333333333332,60.0,3.0,60.0,20.0,99,carbon tetrachloride,0.6363636363636364,Cellular infiltration,0.6666666666666666,1.0,False,True,24,0.9888890584309896,21,5,24170,True,carbon tetrachloride,3.7604318828689826e-07,0.85,60.0,3.0,60.0,20.0,1.0
229,False,False,alternative_only,1,ethinylestradiol,1.321672551745936e-06,0.6666666666666667,0.9516666666666668,46.0,2.0,60.0,20.0,53,ethinylestradiol,0.9056603773584906,"Change, eosinophilic",0.4150943396226415,0.8450611449685073,False,True,24,0.9785563151041666,15,1,24041,True,ethinylestradiol,1.321672551745936e-06,0.6666666666666667,46.0,2.0,60.0,20.0,1.0
262,False,False,alternative_only,3,acetamidofluorene,2.743304485055116e-06,0.7166666666666666,0.9466666666666668,55.0,4.0,60.0,20.0,162,acetamidofluorene,0.3641975308641975,Swelling,0.3395061728395062,1.0,False,True,24,0.9855397542317708,22,3,31823,True,acetamidofluorene,2.7433044850551157e-06,0.7166666666666666,55.0,4.0,60.0,20.0,3.0
292,False,False,alternative_only,1,theophylline,0.025326821528753,0.3727272727272727,0.7781818181818182,26.0,2.0,55.0,20.0,109,theophylline,0.2568807339449541,Ground glass appearance,0.1926605504587156,1.0,False,True,24,0.9797897338867188,21,9,6680,True,theophylline,0.025326821528753013,0.3727272727272727,26.0,2.0,55.0,20.0,1.0
304,False,False,alternative_only,1,carbon tetrachloride,0.0131514071161669,0.3666666666666667,0.79,46.0,8.0,60.0,20.0,185,carbon tetrachloride,0.2918918918918919,Cellular infiltration,0.3027027027027027,1.0,False,True,24,0.9871673583984376,23,8,21913,True,carbon tetrachloride,0.013151407116166991,0.3666666666666667,46.0,8.0,60.0,20.0,1.0
310,False,False,alternative_only,1,phenacetin,0.0215205646976012,0.25,0.7766666666666666,45.0,10.0,60.0,20.0,134,phenacetin,0.4104477611940298,Hypertrophy,0.2686567164179104,0.9213769255080156,False,True,24,0.9967625935872396,20,5,25888,True,phenacetin,0.021520564697601222,0.25,45.0,10.0,60.0,20.0,1.0
324,False,False,alternative_only,1,carbon tetrachloride,4.036962421784454e-07,0.8833333333333333,0.98,59.0,2.0,60.0,20.0,80,carbon tetrachloride,0.7625,"Degeneration, fatty",0.7375,1.0,False,True,24,0.9835027058919272,19,1,21583,True,carbon tetrachloride,4.036962421784454e-07,0.8833333333333333,59.0,2.0,60.0,20.0,1.0
332,False,False,alternative_only,1,promethazine,0.038103691974944,0.35,0.7616666666666667,27.0,2.0,60.0,20.0,109,promethazine,0.2660550458715596,Ground glass appearance,0.1834862385321101,0.5587675251917176,False,True,24,0.997767130533854,16,7,17673,True,promethazine,0.03810369197494405,0.35,27.0,2.0,60.0,20.0,1.0
369,False,False,alternative_only,1,benzbromarone,0.0002215151828618,0.6142857142857143,0.8767857142857143,40.0,2.0,56.0,20.0,58,benzbromarone,0.7241379310344828,Hypertrophy,0.7241379310344828,1.0,False,True,24,0.9989064534505208,13,1,25498,True,benzbromarone,0.00022151518286189773,0.6142857142857143,40.0,2.0,56.0,20.0,1.0
384,False,False,alternative_only,3,phenobarbital,4.044164551276895e-06,0.4999999999999999,0.94,57.0,9.0,60.0,20.0,203,phenobarbital,0.3251231527093596,Hypertrophy,0.3990147783251231,1.0,False,True,24,0.9964497884114584,21,6,42587,True,phenobarbital,4.044164551276895e-06,0.49999999999999994,57.0,9.0,60.0,20.0,3.0
418,False,False,alternative_only,1,ethinylestradiol,2.3332885929600107e-05,0.2333333333333334,0.91,56.0,14.0,60.0,20.0,83,ethinylestradiol,0.8433734939759037,"Change, eosinophilic",0.2289156626506024,1.0,False,True,24,0.9792251586914062,18,3,30516,True,ethinylestradiol,2.3332885929600107e-05,0.2333333333333334,56.0,14.0,60.0,20.0,1.0
456,False,False,alternative_only,1,ticlopidine,0.0023059840418221,0.4,0.8233333333333334,33.0,3.0,60.0,20.0,68,ticlopidine,0.5294117647058824,Hypertrophy,0.4411764705882353,1.0,False,True,24,0.9947484334309896,17,3,17168,True,ticlopidine,0.0023059840418221487,0.4,33.0,3.0,60.0,20.0,1.0
473,False,False,alternative_only,1,acetamide,0.0073575658108406,0.05,0.8033333333333333,60.0,19.0,60.0,20.0,126,acetamide,0.626984126984127,Pyknosis,0.2619047619047619,1.0,False,True,24,0.1759745279947916,23,4,11339,False,acetamide,0.007357565810840669,0.050000000000000044,60.0,19.0,60.0,20.0,1.0
482,False,False,alternative_only,1,ethinylestradiol,0.0012539996563488,0.1333333333333333,0.84,59.0,17.0,60.0,20.0,124,ethinylestradiol,0.6129032258064516,"Change, eosinophilic",0.1693548387096774,0.5432316665129197,False,True,24,0.981859842936198,19,3,50644,True,ethinylestradiol,0.0012539996563488026,0.1333333333333333,59.0,17.0,60.0,20.0,1.0
485,False,False,alternative_only,1,acetamide,0.0001691652544865,0.25,0.8766666666666667,60.0,15.0,60.0,20.0,104,acetamide,0.7211538461538461,Pyknosis,0.3173076923076923,1.0,False,True,24,0.9945170084635416,20,2,20117,True,acetamide,0.0001691652544865343,0.25,60.0,15.0,60.0,20.0,1.0
509,False,False,alternative_only,1,acetamide,0.0263702553388956,0.6,0.7733333333333333,60.0,8.0,60.0,20.0,108,acetamide,0.6296296296296297,Pyknosis,0.3055555555555556,1.0,False,True,24,0.19964599609375,21,4,7436,False,acetamide,0.02637025533889569,0.6,60.0,8.0,60.0,20.0,1.0
549,False,False,alternative_only,1,promethazine,0.0019757296561313,0.4333333333333333,0.83,47.0,7.0,60.0,20.0,98,promethazine,0.5510204081632653,Hypertrophy,0.2551020408163265,1.0,False,True,24,0.9919865926106772,17,6,18026,True,promethazine,0.001975729656131376,0.43333333333333335,47.0,7.0,60.0,20.0,1.0
551,False,False,alternative_only,1,1% cholesterol + 0.25% sodium cholate,0.028502083668099,0.4499999999999999,0.84,19.0,10.0,20.0,20.0,58,1% cholesterol + 0.25% sodium cholate,0.5,"Degeneration, fatty",0.3275862068965517,1.0,False,True,24,0.9873758951822916,12,2,22600,True,1% cholesterol + 0.25% sodium cholate,0.02850208366809903,0.44999999999999996,19.0,10.0,20.0,20.0,1.0
624,False,False,alternative_only,1,1% cholesterol + 0.25% sodium cholate,0.0030257280651467,0.35,0.89,12.0,5.0,20.0,20.0,51,1% cholesterol + 0.25% sodium cholate,0.3333333333333333,"Degeneration, fatty",0.2352941176470588,1.0,False,True,24,0.982264200846354,14,3,12465,True,1% cholesterol + 0.25% sodium cholate,0.0030257280651467744,0.35,12.0,5.0,20.0,20.0,1.0
645,False,False,alternative_only,1,promethazine,0.0003109149843613,0.6000000000000001,0.865,48.0,4.0,60.0,20.0,79,promethazine,0.6582278481012658,Ground glass appearance,0.3417721518987341,1.0,False,True,24,0.9981053670247396,18,6,12463,True,promethazine,0.00031091498436139575,0.6000000000000001,48.0,4.0,60.0,20.0,1.0
658,False,False,alternative_only,1,promethazine,1.6129087170628792e-05,0.7000000000000001,0.915,48.0,2.0,60.0,20.0,110,promethazine,0.4545454545454545,Hypertrophy,0.2727272727272727,0.5643872279270429,False,True,24,0.9903513590494792,18,4,24813,True,promethazine,1.6129087170628792e-05,0.7000000000000001,48.0,2.0,60.0,20.0,1.0
660,False,False,alternative_only,1,promethazine,1.6942206171936435e-06,0.7166666666666666,0.955,55.0,4.0,60.0,20.0,85,promethazine,0.6941176470588235,Hypertrophy,0.3529411764705882,0.9736773787408116,False,True,24,0.9694773356119792,17,3,22185,True,promethazine,1.6942206171936435e-06,0.7166666666666666,55.0,4.0,60.0,20.0,1.0
665,False,False,alternative_only,1,ethinylestradiol,6.95458936116134e-06,0.2333333333333332,0.93,47.0,11.0,60.0,20.0,108,ethinylestradiol,0.5370370370370371,"Change, eosinophilic",0.2222222222222222,0.9567495031969176,False,True,24,0.980420430501302,20,6,26501,True,ethinylestradiol,6.95458936116134e-06,0.23333333333333328,47.0,11.0,60.0,20.0,1.0
678,False,False,alternative_only,1,phalloidin,0.0181869476914866,0.8,1.0,10.0,2.0,10.0,10.0,54,phalloidin,0.2222222222222222,Single cell necrosis,0.2777777777777778,0.2989782021022213,False,True,24,0.9981231689453124,8,4,17959,True,phalloidin,0.018186947691486623,0.8,10.0,2.0,10.0,10.0,1.0
754,False,False,alternative_only,2,acetamidofluorene,0.0352298996903499,0.5833333333333333,0.765,38.0,1.0,60.0,20.0,119,nitrosodiethylamine,0.3529411764705882,Swelling,0.3193277310924369,1.0,False,True,24,0.9876887003580728,13,3,32141,True,acetamidofluorene,0.03522989969034999,0.5833333333333333,38.0,1.0,60.0,20.0,2.0
772,False,False,alternative_only,1,carbon tetrachloride,1.0237793098540583e-06,0.6666666666666667,0.9633333333333334,58.0,6.0,60.0,20.0,109,carbon tetrachloride,0.5871559633027523,Cellular infiltration,0.6330275229357798,0.987980304274024,False,True,24,0.9906997680664062,22,4,31716,True,carbon tetrachloride,1.0237793098540583e-06,0.6666666666666667,58.0,6.0,60.0,20.0,1.0
777,False,False,alternative_only,1,ethinylestradiol,0.0006271312008969,0.2333333333333332,0.8533333333333334,59.0,15.0,60.0,20.0,121,ethinylestradiol,0.6115702479338843,"Change, eosinophilic",0.1818181818181818,1.0,False,True,24,0.6655629475911459,24,4,8407,False,ethinylestradiol,0.0006271312008969712,0.23333333333333328,59.0,15.0,60.0,20.0,1.0
779,False,False,alternative_only,1,sulfasalazine,0.0300390185060095,0.4833333333333333,0.77,38.0,3.0,60.0,20.0,78,sulfasalazine,0.5256410256410257,Swelling,0.3076923076923077,1.0,False,True,24,0.9673258463541666,17,7,14821,True,sulfasalazine,0.030039018506009506,0.4833333333333333,38.0,3.0,60.0,20.0,1.0
823,False,False,alternative_only,1,ethionine,0.0337834149777224,0.35,0.765,24.0,1.0,60.0,20.0,112,aspirin,0.3035714285714285,"Change, eosinophilic",0.2321428571428571,1.0,False,True,24,0.993804931640625,20,6,19493,True,ethionine,0.033783414977722456,0.35000000000000003,24.0,1.0,60.0,20.0,1.0
826,False,False,alternative_only,1,nitrosodiethylamine,0.0005552039031043,0.5735294117647058,0.8607843137254902,42.0,5.0,51.0,20.0,117,nitrosodiethylamine,0.4017094017094017,Swelling,0.2393162393162393,0.9904486421035992,False,True,24,0.9858016967773438,17,3,33584,True,nitrosodiethylamine,0.0005552039031043707,0.5735294117647058,42.0,5.0,51.0,20.0,1.0
850,False,False,alternative_only,1,acetamide,0.0028446351223729,0.2333333333333332,0.8233333333333334,59.0,15.0,60.0,20.0,102,acetamide,0.7254901960784313,Pyknosis,0.3137254901960784,1.0,False,True,24,0.9947509765625,21,2,69356,True,acetamide,0.0028446351223729576,0.23333333333333328,59.0,15.0,60.0,20.0,1.0
921,False,False,alternative_only,1,acetamide,0.0199961021285015,0.3,0.78,60.0,14.0,60.0,20.0,128,acetamide,0.578125,Pyknosis,0.2578125,1.0,False,True,24,0.1740214029947916,21,4,9421,False,acetamide,0.019996102128501596,0.30000000000000004,60.0,14.0,60.0,20.0,1.0
923,False,False,alternative_only,1,acetamide,0.0199961021285015,0.3833333333333333,0.78,44.0,7.0,60.0,20.0,65,acetamide,0.7846153846153846,Pyknosis,0.5076923076923077,1.0,False,True,24,0.9926834106445312,14,2,38297,True,acetamide,0.019996102128501596,0.3833333333333333,44.0,7.0,60.0,20.0,1.0
937,False,False,alternative_only,1,ethinylestradiol,1.5352772472577452e-05,0.25,0.9166666666666666,60.0,15.0,60.0,20.0,87,ethinylestradiol,0.8620689655172413,"Change, eosinophilic",0.2528735632183908,1.0,False,True,24,0.9595158894856772,21,2,15848,True,ethinylestradiol,1.5352772472577452e-05,0.25,60.0,15.0,60.0,20.0,1.0
994,False,False,alternative_only,1,hexachlorobenzene,0.015293817466758,0.35,0.7866666666666666,48.0,9.0,60.0,20.0,217,acetaminophen,0.304147465437788,Hypertrophy,0.3548387096774194,1.0,False,True,24,0.982518513997396,21,4,37480,True,hexachlorobenzene,0.015293817466758022,0.35000000000000003,48.0,9.0,60.0,20.0,1.0
1025,False,False,alternative_only,1,carbon tetrachloride,0.0001691652544865,0.6166666666666667,0.8766666666666667,43.0,2.0,60.0,20.0,146,carbon tetrachloride,0.3082191780821918,Cellular infiltration,0.4315068493150685,1.0,False,True,24,0.9945398966471354,17,5,13738,True,carbon tetrachloride,0.0001691652544865343,0.6166666666666667,43.0,2.0,60.0,20.0,1.0
1046,False,False,alternative_only,1,diltiazem,7.957782308365722e-05,0.5822033898305085,0.8898305084745762,55.0,7.0,59.0,20.0,117,diltiazem,0.5299145299145299,Hypertrophy,0.358974358974359,1.0,False,True,24,0.9902572631835938,21,5,25040,True,diltiazem,7.957782308365722e-05,0.5822033898305085,55.0,7.0,59.0,20.0,1.0
1061,False,False,alternative_only,1,carbon tetrachloride,0.0001691652544865,0.5333333333333333,0.8766666666666667,53.0,7.0,60.0,20.0,175,carbon tetrachloride,0.3428571428571428,Cellular infiltration,0.3942857142857143,1.0,False,True,24,0.9887720743815104,22,7,22332,True,carbon tetrachloride,0.0001691652544865343,0.5333333333333333,53.0,7.0,60.0,20.0,1.0
1100,False,False,alternative_only,1,acetamidofluorene,1.8764464292294548e-06,0.4999999999999999,0.9533333333333334,57.0,9.0,60.0,20.0,215,acetamidofluorene,0.3069767441860465,Swelling,0.2651162790697674,0.5366872636587655,False,True,24,0.9919153849283854,21,4,28017,True,acetamidofluorene,1.8764464292294548e-06,0.49999999999999994,57.0,9.0,60.0,20.0,1.0
1163,False,False,alternative_only,1,benzbromarone,0.0003335254533876,0.5678571428571428,0.8678571428571429,43.0,4.0,56.0,20.0,127,benzbromarone,0.3700787401574803,Hypertrophy,0.3779527559055118,1.0,False,True,24,0.9899342854817708,18,4,29910,True,benzbromarone,0.0003335254533876739,0.5678571428571428,43.0,4.0,56.0,20.0,1.0
1184,False,False,alternative_only,1,acetamide,0.0002472003576793,0.4833333333333333,0.87,41.0,4.0,60.0,20.0,54,acetamide,0.8333333333333334,Pyknosis,0.5740740740740741,1.0,False,True,24,0.9940745035807292,12,1,25306,True,acetamide,0.00024720035767936523,0.48333333333333334,41.0,4.0,60.0,20.0,1.0
1218,False,False,alternative_only,1,acetamidofluorene,0.0025371633084203,0.6666666666666667,0.825,46.0,2.0,60.0,20.0,109,acetamidofluorene,0.4403669724770642,Swelling,0.4220183486238532,0.4221926910629599,False,True,24,0.9813741048177084,22,4,9886,True,acetamidofluorene,0.0025371633084203273,0.6666666666666667,46.0,2.0,60.0,20.0,1.0
1251,False,False,alternative_only,1,disopyramide,0.0293460809745731,0.3576271186440678,0.7610169491525424,27.0,2.0,59.0,20.0,164,papaverine,0.274390243902439,Ground glass appearance,0.1158536585365853,1.0,False,True,24,0.9856618245442708,20,6,12127,True,disopyramide,0.02934608097457318,0.3576271186440678,27.0,2.0,59.0,20.0,1.0
1265,False,False,alternative_only,1,acetamide,0.0024081571111374,0.25,0.8266666666666667,60.0,15.0,60.0,20.0,115,acetamide,0.6521739130434783,Pyknosis,0.2869565217391304,1.0,False,True,24,0.7286453247070312,20,2,17151,False,acetamide,0.0024081571111374414,0.25,60.0,15.0,60.0,20.0,1.0
1274,False,False,alternative_only,1,naphthyl isothiocyanate,0.0359261455111929,0.15,0.7483333333333333,15.0,2.0,60.0,20.0,37,naphthyl isothiocyanate,0.4594594594594595,Cellular infiltration,0.3513513513513513,1.0,False,True,24,0.992823282877604,21,8,2631,True,naphthyl isothiocyanate,0.03592614551119295,0.15,15.0,2.0,60.0,20.0,1.0
1297,False,False,alternative_only,1,ethionamide,0.0013480439354756,0.5538461538461539,0.8557692307692307,34.0,2.0,52.0,20.0,66,ethionamide,0.5454545454545454,"Vacuolization, cytoplasmic",0.4848484848484848,0.2179541883330889,False,True,24,0.995091756184896,15,3,25281,True,ethionamide,0.0013480439354756765,0.5538461538461539,34.0,2.0,52.0,20.0,1.0
1314,False,False,alternative_only,1,ethionamide,0.010651371394214,0.3884615384615384,0.7865384615384615,28.0,3.0,52.0,20.0,70,ethionamide,0.4428571428571428,"Vacuolization, cytoplasmic",0.3142857142857143,1.0,False,True,24,0.9898885091145834,15,5,9945,True,ethionamide,0.010651371394214048,0.3884615384615384,28.0,3.0,52.0,20.0,1.0
1318,False,False,alternative_only,1,carbon tetrachloride,0.0001855906907096,0.5666666666666667,0.875,46.0,4.0,60.0,20.0,140,carbon tetrachloride,0.3571428571428571,Cellular infiltration,0.4214285714285714,1.0,False,True,24,0.9892400105794272,19,6,26843,True,carbon tetrachloride,0.00018559069070960373,0.5666666666666667,46.0,4.0,60.0,20.0,1.0
1384,False,False,alternative_only,1,gemfibrozil,0.0236449545865838,0.0499999999999999,0.7716666666666666,42.0,13.0,60.0,20.0,133,gemfibrozil,0.4135338345864661,"Degeneration, granular, eosinophilic",0.2932330827067669,0.136774100352831,False,True,24,0.9891281127929688,20,7,12872,True,gemfibrozil,0.0236449545865838,0.04999999999999993,42.0,13.0,60.0,20.0,1.0
1388,False,False,alternative_only,1,ethinylestradiol,4.243918950108587e-05,0.3833333333333333,0.9,44.0,7.0,60.0,20.0,148,ethinylestradiol,0.3445945945945945,"Degeneration, granular, eosinophilic",0.3581081081081081,0.0918175486107817,False,True,24,0.6785456339518229,21,4,10692,False,ethinylestradiol,4.243918950108587e-05,0.3833333333333333,44.0,7.0,60.0,20.0,1.0
1401,False,False,alternative_only,1,promethazine,1.240594906104636e-05,0.4999999999999999,0.92,57.0,9.0,60.0,20.0,129,promethazine,0.5116279069767442,Hypertrophy,0.2635658914728682,1.0,False,True,24,0.9765548706054688,21,5,18285,True,promethazine,1.240594906104636e-05,0.49999999999999994,57.0,9.0,60.0,20.0,1.0
1408,False,False,alternative_only,1,carbon tetrachloride,0.0428105288929032,0.45,0.7566666666666667,30.0,1.0,60.0,20.0,132,clofibrate,0.2348484848484848,Cellular infiltration,0.2878787878787879,0.9328825300767476,False,True,24,0.9914143880208334,17,5,23604,True,carbon tetrachloride,0.04281052889290329,0.45,30.0,1.0,60.0,20.0,1.0
1430,False,False,alternative_only,1,ethinylestradiol,0.0001429269125839,0.25,0.88,51.0,12.0,60.0,20.0,92,ethinylestradiol,0.6847826086956522,"Change, eosinophilic",0.1630434782608695,0.9538823481551132,False,True,24,0.962554931640625,17,2,26887,True,ethinylestradiol,0.00014292691258391182,0.25,51.0,12.0,60.0,20.0,1.0
1445,False,False,alternative_only,1,acetamide,0.0085746446126952,0.35,0.8,42.0,7.0,60.0,20.0,60,acetamide,0.8166666666666667,Pyknosis,0.55,1.0,False,True,24,0.9913609822591146,14,1,43390,True,acetamide,0.008574644612695269,0.35,42.0,7.0,60.0,20.0,1.0
1461,False,False,alternative_only,1,phenobarbital,0.0014904125624511,0.3666666666666666,0.8366666666666667,55.0,11.0,60.0,20.0,228,phenobarbital,0.2894736842105263,Hypertrophy,0.3464912280701754,1.0,False,True,24,0.9931844075520834,24,8,25151,True,phenobarbital,0.0014904125624511887,0.3666666666666666,55.0,11.0,60.0,20.0,1.0
1467,False,False,alternative_only,1,disopyramide,0.0181869476914866,0.4423728813559322,0.7728813559322034,32.0,2.0,59.0,20.0,133,papaverine,0.2781954887218045,Ground glass appearance,0.1428571428571428,1.0,False,True,24,0.9906209309895834,17,4,15893,True,disopyramide,0.018186947691486623,0.4423728813559322,32.0,2.0,59.0,20.0,1.0
1475,False,False,alternative_only,1,1% cholesterol + 0.25% sodium cholate,0.0444202513964566,0.25,0.82,9.0,4.0,20.0,20.0,41,acetamide,0.4634146341463415,"Degeneration, fatty",0.2195121951219512,1.0,False,True,24,0.9875437418619792,14,3,24579,True,1% cholesterol + 0.25% sodium cholate,0.0444202513964566,0.25,9.0,4.0,20.0,20.0,1.0
1508,False,False,alternative_only,1,phenobarbital,0.0099909430219974,0.3,0.7966666666666666,54.0,12.0,60.0,20.0,185,phenobarbital,0.3567567567567568,Hypertrophy,0.3513513513513513,1.0,False,True,24,0.9926045735677084,20,6,24015,True,phenobarbital,0.009990943021997429,0.30000000000000004,54.0,12.0,60.0,20.0,1.0
1540,False,False,alternative_only,1,carbon tetrachloride,0.0448828919388182,0.1666666666666666,0.7566666666666667,34.0,8.0,60.0,20.0,153,carbon tetrachloride,0.2745098039215686,Cellular infiltration,0.2352941176470588,1.0,False,True,24,0.9833755493164062,22,7,21512,True,carbon tetrachloride,0.04488289193881825,0.16666666666666663,34.0,8.0,60.0,20.0,1.0
1565,False,False,alternative_only,1,promethazine,0.0014548169770778,0.5833333333333333,0.8366666666666667,44.0,3.0,60.0,20.0,120,promethazine,0.3916666666666666,Hypertrophy,0.2666666666666666,1.0,False,True,24,0.99737548828125,15,5,21819,True,promethazine,0.0014548169770778549,0.5833333333333333,44.0,3.0,60.0,20.0,1.0
1573,False,False,alternative_only,1,gemfibrozil,0.0176256180284182,0.3,0.745,33.0,5.0,60.0,20.0,52,gemfibrozil,0.7307692307692307,"Degeneration, granular, eosinophilic",0.3076923076923077,0.1961458477430047,False,True,24,0.9927927652994792,12,2,28783,True,gemfibrozil,0.017625618028418256,0.30000000000000004,33.0,5.0,60.0,20.0,1.0
1614,False,False,alternative_only,1,acetamide,0.0045298535204238,0.4666666666666667,0.8133333333333334,58.0,10.0,60.0,20.0,89,acetamide,0.7640449438202247,Pyknosis,0.3707865168539326,1.0,False,True,24,0.990880330403646,19,3,16462,True,acetamide,0.0045298535204238745,0.4666666666666667,58.0,10.0,60.0,20.0,1.0
1658,False,False,alternative_only,2,acetamidofluorene,0.0020168898941458,0.45,0.8266666666666667,33.0,2.0,60.0,20.0,96,acetamidofluorene,0.3645833333333333,Swelling,0.34375,0.3357746838070541,False,True,24,0.9948069254557292,17,3,26141,True,acetamidofluorene,0.0020168898941458455,0.45000000000000007,33.0,2.0,60.0,20.0,2.0
1665,False,False,alternative_only,1,ethionamide,0.0001466421815549,0.2923076923076922,0.8923076923076924,49.0,13.0,52.0,20.0,121,ethionamide,0.512396694214876,"Vacuolization, cytoplasmic",0.2396694214876033,1.0,False,True,24,0.9944483439127604,19,4,25941,True,ethionamide,0.00014664218155495696,0.29230769230769227,49.0,13.0,52.0,20.0,1.0
1693,False,False,alternative_only,1,acetamide,0.041221699896325,0.0833333333333333,0.7616666666666667,56.0,17.0,60.0,20.0,107,acetamide,0.6822429906542056,Pyknosis,0.2710280373831775,1.0,False,True,24,0.9816309611002604,22,2,16608,True,acetamide,0.04122169989632505,0.08333333333333337,56.0,17.0,60.0,20.0,1.0
1767,False,False,alternative_only,1,disopyramide,0.0090599428398179,0.5271186440677966,0.7932203389830509,37.0,2.0,59.0,20.0,195,disopyramide,0.2,Ground glass appearance,0.1743589743589743,1.0,False,True,24,0.995325724283854,23,8,21292,True,disopyramide,0.009059942839817967,0.5271186440677966,37.0,2.0,59.0,20.0,1.0
1783,False,False,alternative_only,1,vitamin A,0.0458899438948685,0.3137931034482758,0.753448275862069,24.0,2.0,58.0,20.0,79,vitamin A,0.3291139240506329,"Vacuolization, cytoplasmic",0.1645569620253164,1.0,False,True,24,0.9783757527669272,18,5,6363,True,vitamin A,0.0458899438948685,0.3137931034482758,24.0,2.0,58.0,20.0,1.0
1876,False,False,alternative_only,1,phenobarbital,0.0003440193258809,0.5333333333333333,0.8566666666666667,41.0,3.0,60.0,20.0,104,phenobarbital,0.4230769230769231,Hypertrophy,0.5096153846153846,0.2638174412301036,False,True,24,0.995958964029948,17,3,26726,True,phenobarbital,0.00034401932588095323,0.5333333333333333,41.0,3.0,60.0,20.0,1.0
1933,False,False,alternative_only,3,hexachlorobenzene,0.000888483083426,0.5,0.8466666666666667,39.0,3.0,60.0,20.0,229,thioacetamide,0.2139737991266375,Hypertrophy,0.5021834061135371,0.5587675251917176,False,True,24,0.8690185546875,21,6,10762,True,hexachlorobenzene,0.0008884830834260112,0.5,39.0,3.0,60.0,20.0,3.0
1971,False,False,alternative_only,2,acetaminophen,0.0010441012934827,0.35,0.8416666666666667,30.0,3.0,60.0,20.0,223,phenobarbital,0.2780269058295964,Hypertrophy,0.4035874439461883,0.4093015753643542,False,True,24,0.994725545247396,22,5,74409,True,acetaminophen,0.001044101293482709,0.35,30.0,3.0,60.0,20.0,2.0
1986,False,False,alternative_only,1,acetamide,0.0432558257153724,0.2166666666666666,0.76,58.0,15.0,60.0,20.0,103,acetamide,0.7087378640776699,Pyknosis,0.3009708737864077,1.0,False,True,24,0.9934412638346354,21,2,68826,True,acetamide,0.04325582571537248,0.21666666666666667,58.0,15.0,60.0,20.0,1.0
