cluster_id,finding_type,n_slides_both,n_slides_cluster_only,n_slides_finding_only,odds_ratio,p_value,q_value,precision
12,Hypertrophy,8,52,497,0.866738894907909,0.7006157357662663,1.0,0.13333333333333333
12,Cellular infiltration,7,53,197,2.0783449861124415,0.0690670339815964,0.39447902101027177,0.11666666666666667
12,"Degeneration, granular, eosinophilic",0,60,202,0.0,1.0,1.0,0.0
12,Ground glass appearance,0,60,174,0.0,1.0,1.0,0.0
12,Necrosis,6,54,154,2.2676767676767677,0.06392020214059026,0.3675566318636071,0.1
12,"Proliferation, bile duct",1,59,154,0.3459167950693374,0.9428549432977313,1.0,0.016666666666666666
12,"Vacuolization, cytoplasmic",18,42,117,11.648351648351648,5.39195496642218e-12,9.086017730651843e-11,0.3
12,"Change, eosinophilic",20,40,109,14.623853211009175,1.3000010326618199e-14,2.7142376569459437e-13,0.3333333333333333
12,Increased mitosis,2,58,124,0.8823692992213571,0.6662312447741172,1.0,0.03333333333333333
12,Single cell necrosis,4,56,107,2.129506008010681,0.13518323569001464,0.7137674844432773,0.06666666666666667
12,Swelling,0,60,105,0.0,1.0,1.0,0.0
12,"Change, acidophilic",0,60,87,0.0,1.0,1.0,0.0
12,"Degeneration, fatty",6,54,74,4.83933933933934,0.0027219848601150484,0.01962207532655751,0.1
12,Fibrosis,3,57,60,2.8394736842105264,0.1014972833189802,0.5541836607232036,0.05
12,"Proliferation, oval cell",0,60,61,0.0,1.0,1.0,0.0
12,"Hematopoiesis, extramedullary",0,60,54,0.0,1.0,1.0,0.0
12,"Cellular infiltration, mononuclear cell",0,60,53,0.0,1.0,1.0,0.0
12,Anisonucleosis,0,60,47,0.0,1.0,1.0,0.0
12,"Alteration, nuclear",0,60,46,0.0,1.0,1.0,0.0
12,"Deposit, pigment",0,60,38,0.0,1.0,1.0,0.0
12,"Degeneration, hydropic",5,55,30,9.9,0.000331475828321606,0.0027064830518630095,0.08333333333333333
12,"Alteration, cytoplasmic",0,60,35,0.0,1.0,1.0,0.0
12,Pyknosis,0,60,33,0.0,1.0,1.0,0.0
12,"Proliferation, Kupffer cell",5,55,24,12.397727272727273,0.00013165402036347437,0.0011374907359404187,0.08333333333333333
12,Cellular foci,0,60,25,0.0,1.0,1.0,0.0
12,Microgranuloma,0,60,20,0.0,1.0,1.0,0.0
12,Edema,0,60,18,0.0,1.0,1.0,0.0
12,"Deposit, hemosiderin",0,60,17,0.0,1.0,1.0,0.0
12,"Inclusion body, intracytoplasmic",0,60,11,0.0,1.0,1.0,0.0
12,"Degeneration, acidophilic, eosinophilic",0,60,10,0.0,1.0,1.0,0.0
12,Hemorrhage,0,60,10,0.0,1.0,1.0,0.0
12,Phagocytosis,0,60,10,0.0,1.0,1.0,0.0
12,"Lesion,NOS",0,60,10,0.0,1.0,1.0,0.0
12,"Deposit, glycogen",0,60,9,0.0,1.0,1.0,0.0
12,Granuloma,1,59,7,7.966101694915254,0.1344845454623887,0.7103941307661973,0.016666666666666666
12,"Vacuolization, nuclear",0,60,5,0.0,1.0,1.0,0.0
13,Hypertrophy,24,4,481,35.525987525987524,1.267573472825982e-16,3.0117545714345333e-15,0.8571428571428571
13,Cellular infiltration,0,28,204,0.0,1.0,1.0,0.0
13,"Degeneration, granular, eosinophilic",1,27,201,0.5763773723972729,0.8253390122846033,1.0,0.03571428571428571
13,Ground glass appearance,19,9,155,43.23010752688172,6.600117323635096e-19,1.7779907892241484e-17,0.6785714285714286
13,Necrosis,1,27,159,0.7384113673421849,0.7466650613137588,1.0,0.03571428571428571
13,"Proliferation, bile duct",0,28,155,0.0,1.0,1.0,0.0
13,"Vacuolization, cytoplasmic",1,27,134,0.8830845771144279,0.6846324521356894,1.0,0.03571428571428571
13,"Change, eosinophilic",0,28,129,0.0,1.0,1.0,0.0
13,Increased mitosis,0,28,126,0.0,1.0,1.0,0.0
13,Single cell necrosis,0,28,111,0.0,1.0,1.0,0.0
13,Swelling,0,28,105,0.0,1.0,1.0,0.0
13,"Change, acidophilic",0,28,87,0.0,1.0,1.0,0.0
13,"Degeneration, fatty",0,28,80,0.0,1.0,1.0,0.0
13,Fibrosis,0,28,63,0.0,1.0,1.0,0.0
13,"Proliferation, oval cell",0,28,61,0.0,1.0,1.0,0.0
13,"Hematopoiesis, extramedullary",0,28,54,0.0,1.0,1.0,0.0
13,"Cellular infiltration, mononuclear cell",0,28,53,0.0,1.0,1.0,0.0
13,Anisonucleosis,0,28,47,0.0,1.0,1.0,0.0
13,"Alteration, nuclear",0,28,46,0.0,1.0,1.0,0.0
13,"Deposit, pigment",0,28,38,0.0,1.0,1.0,0.0
13,"Degeneration, hydropic",0,28,35,0.0,1.0,1.0,0.0
13,"Alteration, cytoplasmic",0,28,35,0.0,1.0,1.0,0.0
13,Pyknosis,0,28,33,0.0,1.0,1.0,0.0
13,"Proliferation, Kupffer cell",0,28,29,0.0,1.0,1.0,0.0
13,Cellular foci,0,28,25,0.0,1.0,1.0,0.0
13,Microgranuloma,0,28,20,0.0,1.0,1.0,0.0
13,Edema,0,28,18,0.0,1.0,1.0,0.0
13,"Deposit, hemosiderin",0,28,17,0.0,1.0,1.0,0.0
13,"Inclusion body, intracytoplasmic",0,28,11,0.0,1.0,1.0,0.0
13,"Degeneration, acidophilic, eosinophilic",0,28,10,0.0,1.0,1.0,0.0
13,Hemorrhage,0,28,10,0.0,1.0,1.0,0.0
13,Phagocytosis,0,28,10,0.0,1.0,1.0,0.0
13,"Lesion,NOS",0,28,10,0.0,1.0,1.0,0.0
13,"Deposit, glycogen",0,28,9,0.0,1.0,1.0,0.0
13,Granuloma,0,28,8,0.0,1.0,1.0,0.0
13,"Vacuolization, nuclear",0,28,5,0.0,1.0,1.0,0.0
32,Hypertrophy,8,34,497,1.334122381346905,0.29138156391019243,1.0,0.19047619047619047
32,Cellular infiltration,1,41,203,0.37390364051423763,0.9293386822411905,1.0,0.023809523809523808
32,"Degeneration, granular, eosinophilic",39,3,163,251.38650306748465,6.075136010018041e-46,6.62134089899214e-44,0.9285714285714286
32,Ground glass appearance,0,42,174,0.0,1.0,1.0,0.0
32,Necrosis,10,32,150,6.59375,1.7928183163757136e-05,0.00017190219207863987,0.23809523809523808
32,"Proliferation, bile duct",0,42,155,0.0,1.0,1.0,0.0
32,"Vacuolization, cytoplasmic",0,42,135,0.0,1.0,1.0,0.0
32,"Change, eosinophilic",0,42,129,0.0,1.0,1.0,0.0
32,Increased mitosis,3,39,123,1.99624765478424,0.2076619419211696,1.0,0.07142857142857142
32,Single cell necrosis,0,42,111,0.0,1.0,1.0,0.0
32,Swelling,0,42,105,0.0,1.0,1.0,0.0
32,"Change, acidophilic",0,42,87,0.0,1.0,1.0,0.0
32,"Degeneration, fatty",0,42,80,0.0,1.0,1.0,0.0
32,Fibrosis,0,42,63,0.0,1.0,1.0,0.0
32,"Proliferation, oval cell",0,42,61,0.0,1.0,1.0,0.0
32,"Hematopoiesis, extramedullary",0,42,54,0.0,1.0,1.0,0.0
32,"Cellular infiltration, mononuclear cell",0,42,53,0.0,1.0,1.0,0.0
32,Anisonucleosis,0,42,47,0.0,1.0,1.0,0.0
32,"Alteration, nuclear",0,42,46,0.0,1.0,1.0,0.0
32,"Deposit, pigment",0,42,38,0.0,1.0,1.0,0.0
32,"Degeneration, hydropic",0,42,35,0.0,1.0,1.0,0.0
32,"Alteration, cytoplasmic",0,42,35,0.0,1.0,1.0,0.0
32,Pyknosis,0,42,33,0.0,1.0,1.0,0.0
32,"Proliferation, Kupffer cell",0,42,29,0.0,1.0,1.0,0.0
32,Cellular foci,1,41,24,3.3445121951219514,0.27086046997205315,1.0,0.023809523809523808
32,Microgranuloma,0,42,20,0.0,1.0,1.0,0.0
32,Edema,0,42,18,0.0,1.0,1.0,0.0
32,"Deposit, hemosiderin",0,42,17,0.0,1.0,1.0,0.0
32,"Inclusion body, intracytoplasmic",0,42,11,0.0,1.0,1.0,0.0
32,"Degeneration, acidophilic, eosinophilic",0,42,10,0.0,1.0,1.0,0.0
32,Hemorrhage,0,42,10,0.0,1.0,1.0,0.0
32,Phagocytosis,0,42,10,0.0,1.0,1.0,0.0
32,"Lesion,NOS",0,42,10,0.0,1.0,1.0,0.0
32,"Deposit, glycogen",0,42,9,0.0,1.0,1.0,0.0
32,Granuloma,5,37,3,149.1891891891892,1.3080581287304968e-08,1.6872671627924323e-07,0.11904761904761904
32,"Vacuolization, nuclear",0,42,5,0.0,1.0,1.0,0.0
39,Hypertrophy,22,26,483,4.9507883420926895,3.0543326540799617e-07,3.4590535682049517e-06,0.4583333333333333
39,Cellular infiltration,3,45,201,1.0308457711442787,0.566027035595005,1.0,0.0625
39,"Degeneration, granular, eosinophilic",0,48,202,0.0,1.0,1.0,0.0
39,Ground glass appearance,9,39,165,4.397202797202797,0.0006375921570963115,0.005036299751532035,0.1875
39,Necrosis,5,43,155,2.36609152288072,0.07601563047433424,0.4292137310052713,0.10416666666666667
39,"Proliferation, bile duct",13,35,142,8.283903420523139,1.2465219937573628e-07,1.4691152069283205e-06,0.2708333333333333
39,"Vacuolization, cytoplasmic",1,47,134,0.5041282946967292,0.8625364765878918,1.0,0.020833333333333332
39,"Change, eosinophilic",11,37,118,8.039624370132845,1.1842970691513554e-06,1.2767195264535482e-05,0.22916666666666666
39,Increased mitosis,5,43,121,3.0636171439554105,0.032399457330722116,0.20005486127285796,0.10416666666666667
39,Single cell necrosis,24,24,87,37.03448275862069,3.78964553818694e-24,1.3439101192137566e-22,0.5
39,Swelling,1,47,104,0.6556873977086743,0.7848189603407179,1.0,0.020833333333333332
39,"Change, acidophilic",3,45,84,2.5595238095238093,0.1266764233117303,0.6751529425497333,0.0625
39,"Degeneration, fatty",0,48,80,0.0,1.0,1.0,0.0
39,Fibrosis,3,45,60,3.61,0.05994942502396153,0.34724484119193705,0.0625
39,"Proliferation, oval cell",1,47,60,1.152127659574468,0.5879075832663909,1.0,0.020833333333333332
39,"Hematopoiesis, extramedullary",1,47,53,1.307105580088318,0.5433973159608977,1.0,0.020833333333333332
39,"Cellular infiltration, mononuclear cell",10,38,43,19.987760097919217,1.6489608908284014e-09,2.269948480074323e-08,0.20833333333333334
39,Anisonucleosis,16,32,31,52.87096774193548,2.131635784145813e-19,5.8755993307777864e-18,0.3333333333333333
39,"Alteration, nuclear",15,33,31,48.064516129032256,7.293406002895486e-18,1.8553675227922566e-16,0.3125
39,"Deposit, pigment",9,39,29,26.10079575596817,1.3633306390725252e-09,1.8920990645071965e-08,0.1875
39,"Degeneration, hydropic",0,48,35,0.0,1.0,1.0,0.0
39,"Alteration, cytoplasmic",1,47,34,2.049436795994994,0.3974882105803898,1.0,0.020833333333333332
39,Pyknosis,0,48,33,0.0,1.0,1.0,0.0
39,"Proliferation, Kupffer cell",11,37,18,54.35585585585586,4.326025510235147e-14,8.710708993490432e-13,0.22916666666666666
39,Cellular foci,0,48,25,0.0,1.0,1.0,0.0
39,Microgranuloma,0,48,20,0.0,1.0,1.0,0.0
39,Edema,0,48,18,0.0,1.0,1.0,0.0
39,"Deposit, hemosiderin",3,45,14,15.69047619047619,0.001621169728103298,0.012228251663407732,0.0625
39,"Inclusion body, intracytoplasmic",10,38,1,870.5263157894736,1.4407510583102309e-18,3.829110195240613e-17,0.20833333333333334
39,"Degeneration, acidophilic, eosinophilic",0,48,10,0.0,1.0,1.0,0.0
39,Hemorrhage,3,45,7,31.447619047619046,0.0003069782221119971,0.002516840081912026,0.0625
39,Phagocytosis,0,48,10,0.0,1.0,1.0,0.0
39,"Lesion,NOS",2,46,8,17.940217391304348,0.008374902158331917,0.056211207706770155,0.041666666666666664
39,"Deposit, glycogen",0,48,9,0.0,1.0,1.0,0.0
39,Granuloma,0,48,8,0.0,1.0,1.0,0.0
39,"Vacuolization, nuclear",0,48,5,0.0,1.0,1.0,0.0
41,Hypertrophy,1,26,504,0.21565934065934067,0.9879700445527435,1.0,0.037037037037037035
41,Cellular infiltration,0,27,204,0.0,1.0,1.0,0.0
41,"Degeneration, granular, eosinophilic",27,0,175,inf,1.9922262863336428e-34,1.2456656990338777e-32,1.0
41,Ground glass appearance,0,27,174,0.0,1.0,1.0,0.0
41,Necrosis,1,26,159,0.7670537010159652,0.7338784398027812,1.0,0.037037037037037035
41,"Proliferation, bile duct",0,27,155,0.0,1.0,1.0,0.0
41,"Vacuolization, cytoplasmic",0,27,135,0.0,1.0,1.0,0.0
41,"Change, eosinophilic",0,27,129,0.0,1.0,1.0,0.0
41,Increased mitosis,0,27,126,0.0,1.0,1.0,0.0
41,Single cell necrosis,1,26,110,1.1258741258741258,0.5980587802254621,1.0,0.037037037037037035
41,Swelling,0,27,105,0.0,1.0,1.0,0.0
41,"Change, acidophilic",0,27,87,0.0,1.0,1.0,0.0
41,"Degeneration, fatty",0,27,80,0.0,1.0,1.0,0.0
41,Fibrosis,0,27,63,0.0,1.0,1.0,0.0
41,"Proliferation, oval cell",0,27,61,0.0,1.0,1.0,0.0
41,"Hematopoiesis, extramedullary",0,27,54,0.0,1.0,1.0,0.0
41,"Cellular infiltration, mononuclear cell",0,27,53,0.0,1.0,1.0,0.0
41,Anisonucleosis,0,27,47,0.0,1.0,1.0,0.0
41,"Alteration, nuclear",0,27,46,0.0,1.0,1.0,0.0
41,"Deposit, pigment",0,27,38,0.0,1.0,1.0,0.0
41,"Degeneration, hydropic",0,27,35,0.0,1.0,1.0,0.0
41,"Alteration, cytoplasmic",0,27,35,0.0,1.0,1.0,0.0
41,Pyknosis,0,27,33,0.0,1.0,1.0,0.0
41,"Proliferation, Kupffer cell",0,27,29,0.0,1.0,1.0,0.0
41,Cellular foci,0,27,25,0.0,1.0,1.0,0.0
41,Microgranuloma,0,27,20,0.0,1.0,1.0,0.0
41,Edema,0,27,18,0.0,1.0,1.0,0.0
41,"Deposit, hemosiderin",0,27,17,0.0,1.0,1.0,0.0
41,"Inclusion body, intracytoplasmic",0,27,11,0.0,1.0,1.0,0.0
41,"Degeneration, acidophilic, eosinophilic",0,27,10,0.0,1.0,1.0,0.0
41,Hemorrhage,0,27,10,0.0,1.0,1.0,0.0
41,Phagocytosis,0,27,10,0.0,1.0,1.0,0.0
41,"Lesion,NOS",0,27,10,0.0,1.0,1.0,0.0
41,"Deposit, glycogen",0,27,9,0.0,1.0,1.0,0.0
41,Granuloma,0,27,8,0.0,1.0,1.0,0.0
41,"Vacuolization, nuclear",0,27,5,0.0,1.0,1.0,0.0
45,Hypertrophy,26,34,479,4.49883335380081,1.0251465549138819e-07,1.2203147367111139e-06,0.43333333333333335
45,Cellular infiltration,13,47,191,4.497939177899076,4.2701166534985946e-05,0.0003917296204136162,0.21666666666666667
45,"Degeneration, granular, eosinophilic",0,60,202,0.0,1.0,1.0,0.0
45,Ground glass appearance,3,57,171,0.9621421975992613,0.6094720887579848,1.0,0.05
45,Necrosis,8,52,152,3.1831983805668016,0.006884736407841931,0.0468177839296864,0.13333333333333333
45,"Proliferation, bile duct",20,40,135,11.71111111111111,4.935101111117831e-13,9.075696780198115e-12,0.3333333333333333
45,"Vacuolization, cytoplasmic",1,59,134,0.40007589172780167,0.9166817714832586,1.0,0.016666666666666666
45,"Change, eosinophilic",9,51,120,4.672058823529412,0.0003871197464769724,0.0031456789248607607,0.15
45,Increased mitosis,9,51,117,4.796380090497737,0.00032438756923815936,0.002650429382771206,0.15
45,Single cell necrosis,30,30,81,39.7037037037037,3.326003659932342e-30,1.6814009991487754e-28,0.5
45,Swelling,0,60,105,0.0,1.0,1.0,0.0
45,"Change, acidophilic",12,48,75,10.74,2.1616709925557505e-08,2.7204079863943134e-07,0.2
45,"Degeneration, fatty",0,60,80,0.0,1.0,1.0,0.0
45,Fibrosis,11,49,52,14.009026687598116,6.927207344745823e-09,9.133765067212028e-08,0.18333333333333332
45,"Proliferation, oval cell",0,60,61,0.0,1.0,1.0,0.0
45,"Hematopoiesis, extramedullary",5,55,49,6.025974025974026,0.0024902981765329547,0.01813902043973728,0.08333333333333333
45,"Cellular infiltration, mononuclear cell",15,45,38,28.587719298245613,3.564873755644235e-15,7.742358357779435e-14,0.25
45,Anisonucleosis,20,40,27,60.55555555555556,2.336678225759081e-24,8.437610128272913e-23,0.3333333333333333
45,"Alteration, nuclear",12,48,34,23.99264705882353,8.240003690669522e-12,1.3710258241618197e-10,0.2
45,"Deposit, pigment",7,53,31,13.914790018259282,3.338895856768055e-06,3.446227869539921e-05,0.11666666666666667
45,"Degeneration, hydropic",0,60,35,0.0,1.0,1.0,0.0
45,"Alteration, cytoplasmic",0,60,35,0.0,1.0,1.0,0.0
45,Pyknosis,0,60,33,0.0,1.0,1.0,0.0
45,"Proliferation, Kupffer cell",9,51,20,28.91470588235294,7.607256242336807e-10,1.0810311502268095e-08,0.15
45,Cellular foci,0,60,25,0.0,1.0,1.0,0.0
45,Microgranuloma,0,60,20,0.0,1.0,1.0,0.0
45,Edema,0,60,18,0.0,1.0,1.0,0.0
45,"Deposit, hemosiderin",5,55,12,24.886363636363637,8.088888336590156e-06,8.061744415997573e-05,0.08333333333333333
45,"Inclusion body, intracytoplasmic",8,52,3,168.92307692307693,1.0207412029336195e-12,1.8317833067751356e-11,0.13333333333333333
45,"Degeneration, acidophilic, eosinophilic",0,60,10,0.0,1.0,1.0,0.0
45,Hemorrhage,10,50,0,inf,1.5255052465582475e-18,4.045313019891067e-17,0.16666666666666666
45,Phagocytosis,0,60,10,0.0,1.0,1.0,0.0
45,"Lesion,NOS",6,54,4,91.47222222222223,5.025147418823962e-09,6.69268512731263e-08,0.1
45,"Deposit, glycogen",0,60,9,0.0,1.0,1.0,0.0
45,Granuloma,0,60,8,0.0,1.0,1.0,0.0
45,"Vacuolization, nuclear",0,60,5,0.0,1.0,1.0,0.0
52,Hypertrophy,3,65,502,0.2562365920931658,0.9988052481839854,1.0,0.04411764705882353
52,Cellular infiltration,53,15,151,73.42781456953642,6.885640161163391e-54,9.855590977665192e-52,0.7794117647058824
52,"Degeneration, granular, eosinophilic",2,66,200,0.468030303030303,0.9233726563892455,1.0,0.029411764705882353
52,Ground glass appearance,0,68,174,0.0,1.0,1.0,0.0
52,Necrosis,2,66,158,0.6004986574606828,0.843776282409355,1.0,0.029411764705882353
52,"Proliferation, bile duct",1,67,154,0.30383795309168443,0.9611407598174753,1.0,0.014705882352941176
52,"Vacuolization, cytoplasmic",1,67,134,0.35141456894631323,0.9403891023402366,1.0,0.014705882352941176
52,"Change, eosinophilic",1,67,128,0.3685867537313433,0.9322595933075533,1.0,0.014705882352941176
52,Increased mitosis,0,68,126,0.0,1.0,1.0,0.0
52,Single cell necrosis,1,67,110,0.43134328358208956,0.9007362649333456,1.0,0.014705882352941176
52,Swelling,0,68,105,0.0,1.0,1.0,0.0
52,"Change, acidophilic",0,68,87,0.0,1.0,1.0,0.0
52,"Degeneration, fatty",60,8,20,1225.875,9.768335548571222e-102,1.65782609024323e-98,0.8823529411764706
52,Fibrosis,22,46,41,37.88759278897137,3.955570300007786e-23,1.3200049203396769e-21,0.3235294117647059
52,"Proliferation, oval cell",0,68,61,0.0,1.0,1.0,0.0
52,"Hematopoiesis, extramedullary",0,68,54,0.0,1.0,1.0,0.0
52,"Cellular infiltration, mononuclear cell",0,68,53,0.0,1.0,1.0,0.0
52,Anisonucleosis,0,68,47,0.0,1.0,1.0,0.0
52,"Alteration, nuclear",0,68,46,0.0,1.0,1.0,0.0
52,"Deposit, pigment",0,68,38,0.0,1.0,1.0,0.0
52,"Degeneration, hydropic",35,33,0,inf,1.3326477528219493e-64,4.059450077826861e-62,0.5147058823529411
52,"Alteration, cytoplasmic",0,68,35,0.0,1.0,1.0,0.0
52,Pyknosis,0,68,33,0.0,1.0,1.0,0.0
52,"Proliferation, Kupffer cell",1,67,28,1.738272921108742,0.44897506839418705,1.0,0.014705882352941176
52,Cellular foci,0,68,25,0.0,1.0,1.0,0.0
52,Microgranuloma,0,68,20,0.0,1.0,1.0,0.0
52,Edema,0,68,18,0.0,1.0,1.0,0.0
52,"Deposit, hemosiderin",0,68,17,0.0,1.0,1.0,0.0
52,"Inclusion body, intracytoplasmic",0,68,11,0.0,1.0,1.0,0.0
52,"Degeneration, acidophilic, eosinophilic",0,68,10,0.0,1.0,1.0,0.0
52,Hemorrhage,0,68,10,0.0,1.0,1.0,0.0
52,Phagocytosis,0,68,10,0.0,1.0,1.0,0.0
52,"Lesion,NOS",0,68,10,0.0,1.0,1.0,0.0
52,"Deposit, glycogen",0,68,9,0.0,1.0,1.0,0.0
52,Granuloma,0,68,8,0.0,1.0,1.0,0.0
52,"Vacuolization, nuclear",0,68,5,0.0,1.0,1.0,0.0
65,Hypertrophy,1,34,504,0.16444911297852474,0.9967774184814374,1.0,0.02857142857142857
65,Cellular infiltration,1,34,203,0.45189800057954216,0.8898394192318171,1.0,0.02857142857142857
65,"Degeneration, granular, eosinophilic",30,5,172,109.88372093023256,7.143586826669022e-33,3.984310399099905e-31,0.8571428571428571
65,Ground glass appearance,0,35,174,0.0,1.0,1.0,0.0
65,Necrosis,1,34,159,0.5850906400295968,0.8206027868576415,1.0,0.02857142857142857
65,"Proliferation, bile duct",1,34,154,0.6050420168067226,0.810461684425938,1.0,0.02857142857142857
65,"Vacuolization, cytoplasmic",0,35,135,0.0,1.0,1.0,0.0
65,"Change, eosinophilic",0,35,129,0.0,1.0,1.0,0.0
65,Increased mitosis,8,27,118,8.045197740112995,3.161408869491615e-05,0.00029456892054557167,0.22857142857142856
65,Single cell necrosis,1,34,110,0.8588235294117647,0.6936270789090357,1.0,0.02857142857142857
65,Swelling,0,35,105,0.0,1.0,1.0,0.0
65,"Change, acidophilic",0,35,87,0.0,1.0,1.0,0.0
65,"Degeneration, fatty",0,35,80,0.0,1.0,1.0,0.0
65,Fibrosis,0,35,63,0.0,1.0,1.0,0.0
65,"Proliferation, oval cell",0,35,61,0.0,1.0,1.0,0.0
65,"Hematopoiesis, extramedullary",0,35,54,0.0,1.0,1.0,0.0
65,"Cellular infiltration, mononuclear cell",0,35,53,0.0,1.0,1.0,0.0
65,Anisonucleosis,0,35,47,0.0,1.0,1.0,0.0
65,"Alteration, nuclear",0,35,46,0.0,1.0,1.0,0.0
65,"Deposit, pigment",0,35,38,0.0,1.0,1.0,0.0
65,"Degeneration, hydropic",0,35,35,0.0,1.0,1.0,0.0
65,"Alteration, cytoplasmic",0,35,35,0.0,1.0,1.0,0.0
65,Pyknosis,0,35,33,0.0,1.0,1.0,0.0
65,"Proliferation, Kupffer cell",0,35,29,0.0,1.0,1.0,0.0
65,Cellular foci,0,35,25,0.0,1.0,1.0,0.0
65,Microgranuloma,0,35,20,0.0,1.0,1.0,0.0
65,Edema,0,35,18,0.0,1.0,1.0,0.0
65,"Deposit, hemosiderin",0,35,17,0.0,1.0,1.0,0.0
65,"Inclusion body, intracytoplasmic",0,35,11,0.0,1.0,1.0,0.0
65,"Degeneration, acidophilic, eosinophilic",0,35,10,0.0,1.0,1.0,0.0
65,Hemorrhage,0,35,10,0.0,1.0,1.0,0.0
65,Phagocytosis,0,35,10,0.0,1.0,1.0,0.0
65,"Lesion,NOS",0,35,10,0.0,1.0,1.0,0.0
65,"Deposit, glycogen",0,35,9,0.0,1.0,1.0,0.0
65,Granuloma,0,35,8,0.0,1.0,1.0,0.0
65,"Vacuolization, nuclear",0,35,5,0.0,1.0,1.0,0.0
67,Hypertrophy,22,49,483,2.605568935648794,0.00045672017716937637,0.003661377159317219,0.30985915492957744
67,Cellular infiltration,14,57,190,4.002216066481995,6.572131546116192e-05,0.0005892597944744177,0.19718309859154928
67,"Degeneration, granular, eosinophilic",0,71,202,0.0,1.0,1.0,0.0
67,Ground glass appearance,0,71,174,0.0,1.0,1.0,0.0
67,Necrosis,10,61,150,3.427322404371585,0.001697990994202902,0.012759097413744766,0.14084507042253522
67,"Proliferation, bile duct",31,40,124,19.7625,5.235690158738611e-24,1.8348082326199026e-22,0.43661971830985913
67,"Vacuolization, cytoplasmic",2,69,133,0.687152664269369,0.7875860261143696,1.0,0.028169014084507043
67,"Change, eosinophilic",0,71,129,0.0,1.0,1.0,0.0
67,Increased mitosis,0,71,126,0.0,1.0,1.0,0.0
67,Single cell necrosis,0,71,111,0.0,1.0,1.0,0.0
67,Swelling,36,35,69,47.95527950310559,9.57633670908829e-38,7.200435449618284e-36,0.5070422535211268
67,"Change, acidophilic",8,63,79,5.154912597950573,0.00041282243501042983,0.0033317462825570012,0.11267605633802817
67,"Degeneration, fatty",0,71,80,0.0,1.0,1.0,0.0
67,Fibrosis,0,71,63,0.0,1.0,1.0,0.0
67,"Proliferation, oval cell",29,42,32,70.21279761904762,5.617442958142302e-35,3.666770458391788e-33,0.4084507042253521
67,"Hematopoiesis, extramedullary",0,71,54,0.0,1.0,1.0,0.0
67,"Cellular infiltration, mononuclear cell",0,71,53,0.0,1.0,1.0,0.0
67,Anisonucleosis,0,71,47,0.0,1.0,1.0,0.0
67,"Alteration, nuclear",0,71,46,0.0,1.0,1.0,0.0
67,"Deposit, pigment",0,71,38,0.0,1.0,1.0,0.0
67,"Degeneration, hydropic",0,71,35,0.0,1.0,1.0,0.0
67,"Alteration, cytoplasmic",0,71,35,0.0,1.0,1.0,0.0
67,Pyknosis,0,71,33,0.0,1.0,1.0,0.0
67,"Proliferation, Kupffer cell",0,71,29,0.0,1.0,1.0,0.0
67,Cellular foci,4,67,21,9.282160625444208,0.001661388665746467,0.01249196034751141,0.056338028169014086
67,Microgranuloma,0,71,20,0.0,1.0,1.0,0.0
67,Edema,0,71,18,0.0,1.0,1.0,0.0
67,"Deposit, hemosiderin",0,71,17,0.0,1.0,1.0,0.0
67,"Inclusion body, intracytoplasmic",0,71,11,0.0,1.0,1.0,0.0
67,"Degeneration, acidophilic, eosinophilic",0,71,10,0.0,1.0,1.0,0.0
67,Hemorrhage,0,71,10,0.0,1.0,1.0,0.0
67,Phagocytosis,0,71,10,0.0,1.0,1.0,0.0
67,"Lesion,NOS",0,71,10,0.0,1.0,1.0,0.0
67,"Deposit, glycogen",0,71,9,0.0,1.0,1.0,0.0
67,Granuloma,0,71,8,0.0,1.0,1.0,0.0
67,"Vacuolization, nuclear",0,71,5,0.0,1.0,1.0,0.0
74,Hypertrophy,1,36,504,0.15520282186948853,0.9976828459599115,1.0,0.02702702702702703
74,Cellular infiltration,3,34,201,1.3691834942932397,0.3925603992788223,1.0,0.08108108108108109
74,"Degeneration, granular, eosinophilic",16,21,186,12.837685611879161,6.911976871249278e-11,1.0818746407172784e-09,0.43243243243243246
74,Ground glass appearance,0,37,174,0.0,1.0,1.0,0.0
74,Necrosis,3,34,157,1.777632071937055,0.25756899358549074,1.0,0.08108108108108109
74,"Proliferation, bile duct",0,37,155,0.0,1.0,1.0,0.0
74,"Vacuolization, cytoplasmic",1,36,134,0.6604477611940298,0.782825815108487,1.0,0.02702702702702703
74,"Change, eosinophilic",0,37,129,0.0,1.0,1.0,0.0
74,Increased mitosis,21,16,105,40.1875,1.662850311549352e-21,5.11778800549386e-20,0.5675675675675675
74,Single cell necrosis,1,36,110,0.8106060606060606,0.7137620508382427,1.0,0.02702702702702703
74,Swelling,0,37,105,0.0,1.0,1.0,0.0
74,"Change, acidophilic",0,37,87,0.0,1.0,1.0,0.0
74,"Degeneration, fatty",0,37,80,0.0,1.0,1.0,0.0
74,Fibrosis,0,37,63,0.0,1.0,1.0,0.0
74,"Proliferation, oval cell",0,37,61,0.0,1.0,1.0,0.0
74,"Hematopoiesis, extramedullary",0,37,54,0.0,1.0,1.0,0.0
74,"Cellular infiltration, mononuclear cell",0,37,53,0.0,1.0,1.0,0.0
74,Anisonucleosis,0,37,47,0.0,1.0,1.0,0.0
74,"Alteration, nuclear",0,37,46,0.0,1.0,1.0,0.0
74,"Deposit, pigment",0,37,38,0.0,1.0,1.0,0.0
74,"Degeneration, hydropic",0,37,35,0.0,1.0,1.0,0.0
74,"Alteration, cytoplasmic",0,37,35,0.0,1.0,1.0,0.0
74,Pyknosis,0,37,33,0.0,1.0,1.0,0.0
74,"Proliferation, Kupffer cell",2,35,27,6.969312169312169,0.039823129115792937,0.24015166187594927,0.05405405405405406
74,Cellular foci,0,37,25,0.0,1.0,1.0,0.0
74,Microgranuloma,0,37,20,0.0,1.0,1.0,0.0
74,Edema,0,37,18,0.0,1.0,1.0,0.0
74,"Deposit, hemosiderin",0,37,17,0.0,1.0,1.0,0.0
74,"Inclusion body, intracytoplasmic",0,37,11,0.0,1.0,1.0,0.0
74,"Degeneration, acidophilic, eosinophilic",0,37,10,0.0,1.0,1.0,0.0
74,Hemorrhage,0,37,10,0.0,1.0,1.0,0.0
74,Phagocytosis,0,37,10,0.0,1.0,1.0,0.0
74,"Lesion,NOS",0,37,10,0.0,1.0,1.0,0.0
74,"Deposit, glycogen",0,37,9,0.0,1.0,1.0,0.0
74,Granuloma,2,35,6,31.561904761904763,0.003174921392037647,0.022680737304514278,0.05405405405405406
74,"Vacuolization, nuclear",0,37,5,0.0,1.0,1.0,0.0
81,Hypertrophy,14,11,491,7.364191816330309,2.302093933317135e-06,2.4117174539512844e-05,0.56
81,Cellular infiltration,0,25,204,0.0,1.0,1.0,0.0
81,"Degeneration, granular, eosinophilic",24,1,178,425.2584269662921,3.1523230002860734e-29,1.4920158264302212e-27,0.96
81,Ground glass appearance,0,25,174,0.0,1.0,1.0,0.0
81,Necrosis,5,20,155,5.124193548387097,0.005648266620184448,0.03894451970272272,0.2
81,"Proliferation, bile duct",0,25,155,0.0,1.0,1.0,0.0
81,"Vacuolization, cytoplasmic",0,25,135,0.0,1.0,1.0,0.0
81,"Change, eosinophilic",0,25,129,0.0,1.0,1.0,0.0
81,Increased mitosis,5,20,121,6.634297520661157,0.0019964985775584167,0.014796258952834679,0.2
81,Single cell necrosis,1,24,110,1.2204545454545455,0.5698741191225809,1.0,0.04
81,Swelling,0,25,105,0.0,1.0,1.0,0.0
81,"Change, acidophilic",0,25,87,0.0,1.0,1.0,0.0
81,"Degeneration, fatty",0,25,80,0.0,1.0,1.0,0.0
81,Fibrosis,0,25,63,0.0,1.0,1.0,0.0
81,"Proliferation, oval cell",0,25,61,0.0,1.0,1.0,0.0
81,"Hematopoiesis, extramedullary",0,25,54,0.0,1.0,1.0,0.0
81,"Cellular infiltration, mononuclear cell",0,25,53,0.0,1.0,1.0,0.0
81,Anisonucleosis,0,25,47,0.0,1.0,1.0,0.0
81,"Alteration, nuclear",0,25,46,0.0,1.0,1.0,0.0
81,"Deposit, pigment",0,25,38,0.0,1.0,1.0,0.0
81,"Degeneration, hydropic",0,25,35,0.0,1.0,1.0,0.0
81,"Alteration, cytoplasmic",0,25,35,0.0,1.0,1.0,0.0
81,Pyknosis,0,25,33,0.0,1.0,1.0,0.0
81,"Proliferation, Kupffer cell",0,25,29,0.0,1.0,1.0,0.0
81,Cellular foci,0,25,25,0.0,1.0,1.0,0.0
81,Microgranuloma,0,25,20,0.0,1.0,1.0,0.0
81,Edema,0,25,18,0.0,1.0,1.0,0.0
81,"Deposit, hemosiderin",0,25,17,0.0,1.0,1.0,0.0
81,"Inclusion body, intracytoplasmic",0,25,11,0.0,1.0,1.0,0.0
81,"Degeneration, acidophilic, eosinophilic",0,25,10,0.0,1.0,1.0,0.0
81,Hemorrhage,0,25,10,0.0,1.0,1.0,0.0
81,Phagocytosis,0,25,10,0.0,1.0,1.0,0.0
81,"Lesion,NOS",0,25,10,0.0,1.0,1.0,0.0
81,"Deposit, glycogen",0,25,9,0.0,1.0,1.0,0.0
81,Granuloma,1,24,7,19.791666666666668,0.05810608182395185,0.3378855859366363,0.04
81,"Vacuolization, nuclear",0,25,5,0.0,1.0,1.0,0.0
85,Hypertrophy,0,51,505,0.0,1.0,1.0,0.0
85,Cellular infiltration,16,35,188,7.581762917933131,2.0885044285252882e-08,2.6395141075404706e-07,0.3137254901960784
85,"Degeneration, granular, eosinophilic",23,28,179,14.34976057462091,1.1057060791445652e-15,2.4831357694210652e-14,0.45098039215686275
85,Ground glass appearance,0,51,174,0.0,1.0,1.0,0.0
85,Necrosis,10,41,150,5.131707317073171,0.00010725973802446103,0.0009397092092408533,0.19607843137254902
85,"Proliferation, bile duct",11,40,144,6.038541666666666,1.3701246546069762e-05,0.00013309142188659752,0.21568627450980393
85,"Vacuolization, cytoplasmic",0,51,135,0.0,1.0,1.0,0.0
85,"Change, eosinophilic",2,49,127,1.0216937168568214,0.5901792965318842,1.0,0.0392156862745098
85,Increased mitosis,1,50,125,0.50896,0.8599872882861901,1.0,0.0196078431372549
85,Single cell necrosis,1,50,110,0.5810909090909091,0.8223532841368972,1.0,0.0196078431372549
85,Swelling,20,31,85,24.447817836812145,4.441238266931863e-18,1.1445099915650876e-16,0.39215686274509803
85,"Change, acidophilic",8,43,79,7.59964674712982,3.772043746565454e-05,0.00034873058139453376,0.1568627450980392
85,"Degeneration, fatty",1,50,79,0.8169620253164557,0.7104577207024417,1.0,0.0196078431372549
85,Fibrosis,9,42,54,12.904761904761905,2.6354724967150117e-07,2.9989859445377717e-06,0.17647058823529413
85,"Proliferation, oval cell",0,51,61,0.0,1.0,1.0,0.0
85,"Hematopoiesis, extramedullary",0,51,54,0.0,1.0,1.0,0.0
85,"Cellular infiltration, mononuclear cell",0,51,53,0.0,1.0,1.0,0.0
85,Anisonucleosis,0,51,47,0.0,1.0,1.0,0.0
85,"Alteration, nuclear",0,51,46,0.0,1.0,1.0,0.0
85,"Deposit, pigment",0,51,38,0.0,1.0,1.0,0.0
85,"Degeneration, hydropic",1,50,34,1.9247058823529413,0.416411047948778,1.0,0.0196078431372549
85,"Alteration, cytoplasmic",0,51,35,0.0,1.0,1.0,0.0
85,Pyknosis,0,51,33,0.0,1.0,1.0,0.0
85,"Proliferation, Kupffer cell",0,51,29,0.0,1.0,1.0,0.0
85,Cellular foci,0,51,25,0.0,1.0,1.0,0.0
85,Microgranuloma,0,51,20,0.0,1.0,1.0,0.0
85,Edema,0,51,18,0.0,1.0,1.0,0.0
85,"Deposit, hemosiderin",0,51,17,0.0,1.0,1.0,0.0
85,"Inclusion body, intracytoplasmic",0,51,11,0.0,1.0,1.0,0.0
85,"Degeneration, acidophilic, eosinophilic",1,50,9,7.326666666666667,0.14212284821072776,0.7447814012983882,0.0196078431372549
85,Hemorrhage,0,51,10,0.0,1.0,1.0,0.0
85,Phagocytosis,0,51,10,0.0,1.0,1.0,0.0
85,"Lesion,NOS",0,51,10,0.0,1.0,1.0,0.0
85,"Deposit, glycogen",0,51,9,0.0,1.0,1.0,0.0
85,Granuloma,0,51,8,0.0,1.0,1.0,0.0
85,"Vacuolization, nuclear",0,51,5,0.0,1.0,1.0,0.0
95,Hypertrophy,50,111,455,2.7135927135927136,1.0268953947700504e-07,1.2211729018887086e-06,0.3105590062111801
95,Cellular infiltration,13,148,191,1.3819513230507996,0.1768679554990677,0.9010254336744958,0.08074534161490683
95,"Degeneration, granular, eosinophilic",73,88,129,19.722603946441154,1.5416302411001756e-50,1.9907138330728352e-48,0.453416149068323
95,Ground glass appearance,0,161,174,0.0,1.0,1.0,0.0
95,Necrosis,30,131,130,5.401056958308867,2.7545137012985894e-11,4.440111637914144e-10,0.18633540372670807
95,"Proliferation, bile duct",12,149,143,1.7194349274886187,0.06580221891523365,0.37728299262209253,0.07453416149068323
95,"Vacuolization, cytoplasmic",11,150,124,1.8167741935483872,0.05683425689627353,0.33097596663123996,0.06832298136645963
95,"Change, eosinophilic",22,139,107,4.569219390842466,1.0064124985626165e-07,1.2004197272011933e-06,0.13664596273291926
95,Increased mitosis,20,141,106,4.134885588117222,1.3446531239180631e-06,1.4417399920709919e-05,0.12422360248447205
95,Single cell necrosis,9,152,102,1.7960526315789473,0.08263491275408864,0.46284901627466907,0.055900621118012424
95,Swelling,1,160,104,0.1858173076923077,0.9947220986813436,1.0,0.006211180124223602
95,"Change, acidophilic",0,161,87,0.0,1.0,1.0,0.0
95,"Degeneration, fatty",0,161,80,0.0,1.0,1.0,0.0
95,Fibrosis,0,161,63,0.0,1.0,1.0,0.0
95,"Proliferation, oval cell",1,160,60,0.32666666666666666,0.9514816528158955,1.0,0.006211180124223602
95,"Hematopoiesis, extramedullary",0,161,54,0.0,1.0,1.0,0.0
95,"Cellular infiltration, mononuclear cell",0,161,53,0.0,1.0,1.0,0.0
95,Anisonucleosis,0,161,47,0.0,1.0,1.0,0.0
95,"Alteration, nuclear",0,161,46,0.0,1.0,1.0,0.0
95,"Deposit, pigment",4,157,34,2.3694267515923566,0.1064178953135871,0.5780725177528189,0.024844720496894408
95,"Degeneration, hydropic",0,161,35,0.0,1.0,1.0,0.0
95,"Alteration, cytoplasmic",0,161,35,0.0,1.0,1.0,0.0
95,Pyknosis,0,161,33,0.0,1.0,1.0,0.0
95,"Proliferation, Kupffer cell",4,157,25,3.231592356687898,0.04750265168993719,0.28076194133156906,0.024844720496894408
95,Cellular foci,1,160,24,0.8260416666666667,0.7086461186362895,1.0,0.006211180124223602
95,Microgranuloma,0,161,20,0.0,1.0,1.0,0.0
95,Edema,9,152,9,20.967105263157894,3.6101984018939514e-08,4.4583323299896195e-07,0.055900621118012424
95,"Deposit, hemosiderin",0,161,17,0.0,1.0,1.0,0.0
95,"Inclusion body, intracytoplasmic",0,161,11,0.0,1.0,1.0,0.0
95,"Degeneration, acidophilic, eosinophilic",0,161,10,0.0,1.0,1.0,0.0
95,Hemorrhage,0,161,10,0.0,1.0,1.0,0.0
95,Phagocytosis,0,161,10,0.0,1.0,1.0,0.0
95,"Lesion,NOS",0,161,10,0.0,1.0,1.0,0.0
95,"Deposit, glycogen",0,161,9,0.0,1.0,1.0,0.0
95,Granuloma,4,157,4,20.331210191082803,0.00030682214185056726,0.002516840081912026,0.024844720496894408
95,"Vacuolization, nuclear",0,161,5,0.0,1.0,1.0,0.0
102,Hypertrophy,8,1,497,45.89134808853119,1.95411965254769e-06,2.071553205962154e-05,0.8888888888888888
102,Cellular infiltration,0,9,204,0.0,1.0,1.0,0.0
102,"Degeneration, granular, eosinophilic",9,0,193,inf,8.7247603370352e-12,1.4456088257179663e-10,1.0
102,Ground glass appearance,0,9,174,0.0,1.0,1.0,0.0
102,Necrosis,3,6,157,10.162420382165605,0.00721751430891063,0.04885701993724119,0.3333333333333333
102,"Proliferation, bile duct",0,9,155,0.0,1.0,1.0,0.0
102,"Vacuolization, cytoplasmic",0,9,135,0.0,1.0,1.0,0.0
102,"Change, eosinophilic",0,9,129,0.0,1.0,1.0,0.0
102,Increased mitosis,1,8,125,3.223,0.2915835855465232,1.0,0.1111111111111111
102,Single cell necrosis,0,9,111,0.0,1.0,1.0,0.0
102,Swelling,0,9,105,0.0,1.0,1.0,0.0
102,"Change, acidophilic",0,9,87,0.0,1.0,1.0,0.0
102,"Degeneration, fatty",0,9,80,0.0,1.0,1.0,0.0
102,Fibrosis,0,9,63,0.0,1.0,1.0,0.0
102,"Proliferation, oval cell",0,9,61,0.0,1.0,1.0,0.0
102,"Hematopoiesis, extramedullary",0,9,54,0.0,1.0,1.0,0.0
102,"Cellular infiltration, mononuclear cell",0,9,53,0.0,1.0,1.0,0.0
102,Anisonucleosis,0,9,47,0.0,1.0,1.0,0.0
102,"Alteration, nuclear",0,9,46,0.0,1.0,1.0,0.0
102,"Deposit, pigment",0,9,38,0.0,1.0,1.0,0.0
102,"Degeneration, hydropic",0,9,35,0.0,1.0,1.0,0.0
102,"Alteration, cytoplasmic",0,9,35,0.0,1.0,1.0,0.0
102,Pyknosis,0,9,33,0.0,1.0,1.0,0.0
102,"Proliferation, Kupffer cell",0,9,29,0.0,1.0,1.0,0.0
102,Cellular foci,0,9,25,0.0,1.0,1.0,0.0
102,Microgranuloma,0,9,20,0.0,1.0,1.0,0.0
102,Edema,0,9,18,0.0,1.0,1.0,0.0
102,"Deposit, hemosiderin",0,9,17,0.0,1.0,1.0,0.0
102,"Inclusion body, intracytoplasmic",0,9,11,0.0,1.0,1.0,0.0
102,"Degeneration, acidophilic, eosinophilic",0,9,10,0.0,1.0,1.0,0.0
102,Hemorrhage,0,9,10,0.0,1.0,1.0,0.0
102,Phagocytosis,0,9,10,0.0,1.0,1.0,0.0
102,"Lesion,NOS",0,9,10,0.0,1.0,1.0,0.0
102,"Deposit, glycogen",0,9,9,0.0,1.0,1.0,0.0
102,Granuloma,0,9,8,0.0,1.0,1.0,0.0
102,"Vacuolization, nuclear",0,9,5,0.0,1.0,1.0,0.0
104,Hypertrophy,21,2,484,61.828512396694215,6.948914833505595e-16,1.57544099660394e-14,0.9130434782608695
104,Cellular infiltration,21,2,183,180.79508196721312,2.388006459400807e-24,8.581247726735529e-23,0.9130434782608695
104,"Degeneration, granular, eosinophilic",1,22,201,0.7085029398462235,0.7612193039802768,1.0,0.043478260869565216
104,Ground glass appearance,0,23,174,0.0,1.0,1.0,0.0
104,Necrosis,15,8,145,41.23706896551724,2.7431272408356113e-15,6.012611000207945e-14,0.6521739130434783
104,"Proliferation, bile duct",21,2,134,250.7462686567164,5.397171056287734e-27,2.2899425767392246e-25,0.9130434782608695
104,"Vacuolization, cytoplasmic",1,22,134,1.0854816824966078,0.6121812515875296,1.0,0.043478260869565216
104,"Change, eosinophilic",11,12,118,24.983050847457626,1.612318346126293e-10,2.4556848656385077e-09,0.4782608695652174
104,Increased mitosis,7,16,119,11.819852941176471,1.3196707172835082e-05,0.00012850564033875473,0.30434782608695654
104,Single cell necrosis,10,13,101,24.623000761614623,8.310018485814228e-10,1.176674846382277e-08,0.43478260869565216
104,Swelling,0,23,105,0.0,1.0,1.0,0.0
104,"Change, acidophilic",0,23,87,0.0,1.0,1.0,0.0
104,"Degeneration, fatty",0,23,80,0.0,1.0,1.0,0.0
104,Fibrosis,0,23,63,0.0,1.0,1.0,0.0
104,"Proliferation, oval cell",0,23,61,0.0,1.0,1.0,0.0
104,"Hematopoiesis, extramedullary",0,23,54,0.0,1.0,1.0,0.0
104,"Cellular infiltration, mononuclear cell",0,23,53,0.0,1.0,1.0,0.0
104,Anisonucleosis,0,23,47,0.0,1.0,1.0,0.0
104,"Alteration, nuclear",0,23,46,0.0,1.0,1.0,0.0
104,"Deposit, pigment",5,18,33,27.786195286195287,4.110907070320043e-06,4.184882261816805e-05,0.21739130434782608
104,"Degeneration, hydropic",0,23,35,0.0,1.0,1.0,0.0
104,"Alteration, cytoplasmic",0,23,35,0.0,1.0,1.0,0.0
104,Pyknosis,0,23,33,0.0,1.0,1.0,0.0
104,"Proliferation, Kupffer cell",0,23,29,0.0,1.0,1.0,0.0
104,Cellular foci,0,23,25,0.0,1.0,1.0,0.0
104,Microgranuloma,0,23,20,0.0,1.0,1.0,0.0
104,Edema,17,6,1,9443.5,7.693914847795674e-40,6.43688087266286e-38,0.7391304347826086
104,"Deposit, hemosiderin",0,23,17,0.0,1.0,1.0,0.0
104,"Inclusion body, intracytoplasmic",0,23,11,0.0,1.0,1.0,0.0
104,"Degeneration, acidophilic, eosinophilic",0,23,10,0.0,1.0,1.0,0.0
104,Hemorrhage,0,23,10,0.0,1.0,1.0,0.0
104,Phagocytosis,0,23,10,0.0,1.0,1.0,0.0
104,"Lesion,NOS",0,23,10,0.0,1.0,1.0,0.0
104,"Deposit, glycogen",0,23,9,0.0,1.0,1.0,0.0
104,Granuloma,0,23,8,0.0,1.0,1.0,0.0
104,"Vacuolization, nuclear",0,23,5,0.0,1.0,1.0,0.0
107,Hypertrophy,9,65,496,0.7780086848635236,0.8041583535480241,1.0,0.12162162162162163
107,Cellular infiltration,2,72,202,0.4236798679867987,0.9459037024300927,1.0,0.02702702702702703
107,"Degeneration, granular, eosinophilic",4,70,198,0.8903318903318903,0.6601457628746132,1.0,0.05405405405405406
107,Ground glass appearance,0,74,174,0.0,1.0,1.0,0.0
107,Necrosis,11,63,149,3.672525833599659,0.0006275306991849374,0.0049667319828894455,0.14864864864864866
107,"Proliferation, bile duct",0,74,155,0.0,1.0,1.0,0.0
107,"Vacuolization, cytoplasmic",16,58,119,7.334685598377282,1.7742621121973605e-08,2.259189056045514e-07,0.21621621621621623
107,"Change, eosinophilic",22,52,107,12.557872034507549,8.340667528495445e-15,1.772578358470946e-13,0.2972972972972973
107,Increased mitosis,8,66,118,3.25115562403698,0.005922417550408892,0.040693071427910725,0.10810810810810811
107,Single cell necrosis,2,72,109,0.808868501529052,0.7101317030392329,1.0,0.02702702702702703
107,Swelling,0,74,105,0.0,1.0,1.0,0.0
107,"Change, acidophilic",0,74,87,0.0,1.0,1.0,0.0
107,"Degeneration, fatty",1,73,79,0.555574822264609,0.835487534665331,1.0,0.013513513513513514
107,Fibrosis,1,73,62,0.7116659301811754,0.7576943307925099,1.0,0.013513513513513514
107,"Proliferation, oval cell",0,74,61,0.0,1.0,1.0,0.0
107,"Hematopoiesis, extramedullary",0,74,54,0.0,1.0,1.0,0.0
107,"Cellular infiltration, mononuclear cell",0,74,53,0.0,1.0,1.0,0.0
107,Anisonucleosis,0,74,47,0.0,1.0,1.0,0.0
107,"Alteration, nuclear",0,74,46,0.0,1.0,1.0,0.0
107,"Deposit, pigment",0,74,38,0.0,1.0,1.0,0.0
107,"Degeneration, hydropic",1,73,34,1.3090249798549556,0.5435041950394205,1.0,0.013513513513513514
107,"Alteration, cytoplasmic",0,74,35,0.0,1.0,1.0,0.0
107,Pyknosis,0,74,33,0.0,1.0,1.0,0.0
107,"Proliferation, Kupffer cell",6,68,23,12.506393861892583,2.97168053299491e-05,0.00027798082466125616,0.08108108108108109
107,Cellular foci,0,74,25,0.0,1.0,1.0,0.0
107,Microgranuloma,0,74,20,0.0,1.0,1.0,0.0
107,Edema,0,74,18,0.0,1.0,1.0,0.0
107,"Deposit, hemosiderin",0,74,17,0.0,1.0,1.0,0.0
107,"Inclusion body, intracytoplasmic",0,74,11,0.0,1.0,1.0,0.0
107,"Degeneration, acidophilic, eosinophilic",0,74,10,0.0,1.0,1.0,0.0
107,Hemorrhage,0,74,10,0.0,1.0,1.0,0.0
107,Phagocytosis,0,74,10,0.0,1.0,1.0,0.0
107,"Lesion,NOS",0,74,10,0.0,1.0,1.0,0.0
107,"Deposit, glycogen",0,74,9,0.0,1.0,1.0,0.0
107,Granuloma,1,73,7,6.410958904109589,0.16348340795357566,0.8421769970240421,0.013513513513513514
107,"Vacuolization, nuclear",0,74,5,0.0,1.0,1.0,0.0
114,Hypertrophy,23,17,482,7.957651940444228,5.468686142293609e-10,7.865374257923496e-09,0.575
114,Cellular infiltration,5,35,199,2.2383345297918162,0.09215888214279007,0.5094683666153309,0.125
114,"Degeneration, granular, eosinophilic",0,40,202,0.0,1.0,1.0,0.0
114,Ground glass appearance,0,40,174,0.0,1.0,1.0,0.0
114,Necrosis,5,35,155,2.914285714285714,0.03945931959604319,0.23844187019379096,0.125
114,"Proliferation, bile duct",16,24,139,15.24220623501199,4.774394038290217e-12,8.091269782437628e-11,0.4
114,"Vacuolization, cytoplasmic",2,38,133,1.25999208547685,0.48297911034556823,1.0,0.05
114,"Change, eosinophilic",8,32,121,6.603305785123967,0.0001042650765946512,0.0009148220900623753,0.2
114,Increased mitosis,7,33,119,5.7005347593582885,0.0005889329542549923,0.004670576432943464,0.175
114,Single cell necrosis,24,16,87,55.689655172413794,9.057807655599229e-27,3.7756756122287312e-25,0.6
114,Swelling,0,40,105,0.0,1.0,1.0,0.0
114,"Change, acidophilic",5,35,82,5.63588850174216,0.0033535882655028183,0.02388526894135101,0.125
114,"Degeneration, fatty",0,40,80,0.0,1.0,1.0,0.0
114,Fibrosis,5,35,58,8.027093596059114,0.0007865900035790955,0.00614377990961187,0.125
114,"Proliferation, oval cell",0,40,61,0.0,1.0,1.0,0.0
114,"Hematopoiesis, extramedullary",3,37,51,5.192368839427663,0.025558699757554672,0.15913907396213287,0.075
114,"Cellular infiltration, mononuclear cell",14,26,39,45.25838264299803,1.6272135966560643e-16,3.850856081329491e-15,0.35
114,Anisonucleosis,20,20,27,121.85185185185185,8.980867596773612e-29,4.135376242235291e-27,0.5
114,"Alteration, nuclear",8,32,38,21.57236842105263,3.6545353963264917e-08,4.508398806683149e-07,0.2
114,"Deposit, pigment",7,33,31,22.484848484848484,1.8981082294929872e-07,2.185962298527417e-06,0.175
114,"Degeneration, hydropic",0,40,35,0.0,1.0,1.0,0.0
114,"Alteration, cytoplasmic",1,39,34,2.475867269984917,0.3440664236010306,1.0,0.025
114,Pyknosis,0,40,33,0.0,1.0,1.0,0.0
114,"Proliferation, Kupffer cell",8,32,21,39.23809523809524,6.954154916493161e-10,9.91781037310189e-09,0.2
114,Cellular foci,0,40,25,0.0,1.0,1.0,0.0
114,Microgranuloma,0,40,20,0.0,1.0,1.0,0.0
114,Edema,0,40,18,0.0,1.0,1.0,0.0
114,"Deposit, hemosiderin",2,38,15,11.585964912280701,0.01681782855127942,0.10764860085624973,0.05
114,"Inclusion body, intracytoplasmic",8,32,3,276.1666666666667,3.117859919182472e-14,6.34249586299448e-13,0.2
114,"Degeneration, acidophilic, eosinophilic",0,40,10,0.0,1.0,1.0,0.0
114,Hemorrhage,5,35,5,94.62857142857143,4.48098123105976e-08,5.49371073529308e-07,0.125
114,Phagocytosis,0,40,10,0.0,1.0,1.0,0.0
114,"Lesion,NOS",0,40,10,0.0,1.0,1.0,0.0
114,"Deposit, glycogen",0,40,9,0.0,1.0,1.0,0.0
114,Granuloma,0,40,8,0.0,1.0,1.0,0.0
114,"Vacuolization, nuclear",0,40,5,0.0,1.0,1.0,0.0
116,Hypertrophy,14,74,491,1.0704023779380194,0.45521630807237445,1.0,0.1590909090909091
116,Cellular infiltration,8,80,196,1.5678571428571428,0.16316680916262916,0.841465901035959,0.09090909090909091
116,"Degeneration, granular, eosinophilic",0,88,202,0.0,1.0,1.0,0.0
116,Ground glass appearance,0,88,174,0.0,1.0,1.0,0.0
116,Necrosis,27,61,133,10.436583261432268,6.66358535031584e-16,1.516540114209812e-14,0.3068181818181818
116,"Proliferation, bile duct",29,59,126,12.260828625235405,2.101666958368437e-18,5.5116563941317954e-17,0.32954545454545453
116,"Vacuolization, cytoplasmic",2,86,133,0.5483476132190942,0.8768337972903059,1.0,0.022727272727272728
116,"Change, eosinophilic",0,88,129,0.0,1.0,1.0,0.0
116,Increased mitosis,0,88,126,0.0,1.0,1.0,0.0
116,Single cell necrosis,0,88,111,0.0,1.0,1.0,0.0
116,Swelling,34,54,71,28.359937402190923,1.714265581121509e-30,8.740547254816964e-29,0.38636363636363635
116,"Change, acidophilic",25,63,62,20.526113671274963,9.963959273034187e-21,2.8941769233165316e-19,0.2840909090909091
116,"Degeneration, fatty",0,88,80,0.0,1.0,1.0,0.0
116,Fibrosis,0,88,63,0.0,1.0,1.0,0.0
116,"Proliferation, oval cell",27,61,34,42.11427193828351,2.1961654462810873e-28,9.958185306037906e-27,0.3068181818181818
116,"Hematopoiesis, extramedullary",2,86,52,1.4387298747763864,0.41651636181855195,1.0,0.022727272727272728
116,"Cellular infiltration, mononuclear cell",0,88,53,0.0,1.0,1.0,0.0
116,Anisonucleosis,1,87,46,0.8053473263368316,0.7155617779542032,1.0,0.011363636363636364
116,"Alteration, nuclear",0,88,46,0.0,1.0,1.0,0.0
116,"Deposit, pigment",0,88,38,0.0,1.0,1.0,0.0
116,"Degeneration, hydropic",0,88,35,0.0,1.0,1.0,0.0
116,"Alteration, cytoplasmic",0,88,35,0.0,1.0,1.0,0.0
116,Pyknosis,0,88,33,0.0,1.0,1.0,0.0
116,"Proliferation, Kupffer cell",0,88,29,0.0,1.0,1.0,0.0
116,Cellular foci,9,79,16,23.162183544303797,5.608126358052214e-09,7.42748507621631e-08,0.10227272727272728
116,Microgranuloma,0,88,20,0.0,1.0,1.0,0.0
116,Edema,0,88,18,0.0,1.0,1.0,0.0
116,"Deposit, hemosiderin",0,88,17,0.0,1.0,1.0,0.0
116,"Inclusion body, intracytoplasmic",0,88,11,0.0,1.0,1.0,0.0
116,"Degeneration, acidophilic, eosinophilic",0,88,10,0.0,1.0,1.0,0.0
116,Hemorrhage,0,88,10,0.0,1.0,1.0,0.0
116,Phagocytosis,0,88,10,0.0,1.0,1.0,0.0
116,"Lesion,NOS",0,88,10,0.0,1.0,1.0,0.0
116,"Deposit, glycogen",0,88,9,0.0,1.0,1.0,0.0
116,Granuloma,0,88,8,0.0,1.0,1.0,0.0
116,"Vacuolization, nuclear",0,88,5,0.0,1.0,1.0,0.0
121,Hypertrophy,22,23,483,5.60248447204969,7.175539440231218e-08,8.689644092757071e-07,0.4888888888888889
121,Cellular infiltration,2,43,202,0.7160948653004835,0.7691652417044285,1.0,0.044444444444444446
121,"Degeneration, granular, eosinophilic",0,45,202,0.0,1.0,1.0,0.0
121,Ground glass appearance,0,45,174,0.0,1.0,1.0,0.0
121,Necrosis,6,39,154,3.154845154845155,0.01858396818206796,0.11837937909006294,0.13333333333333333
121,"Proliferation, bile duct",13,32,142,9.069102112676056,5.3230635535570325e-08,6.492607291196873e-07,0.28888888888888886
121,"Vacuolization, cytoplasmic",3,42,132,1.7207792207792207,0.2704347964786782,1.0,0.06666666666666667
121,"Change, eosinophilic",2,43,127,1.1664530305804797,0.521621397799481,1.0,0.044444444444444446
121,Increased mitosis,0,45,126,0.0,1.0,1.0,0.0
121,Single cell necrosis,0,45,111,0.0,1.0,1.0,0.0
121,Swelling,12,33,93,12.586510263929618,5.667080052300582e-09,7.497206127096984e-08,0.26666666666666666
121,"Change, acidophilic",5,40,82,4.923780487804878,0.005626099854714641,0.03881420805691634,0.1111111111111111
121,"Degeneration, fatty",0,45,80,0.0,1.0,1.0,0.0
121,Fibrosis,0,45,63,0.0,1.0,1.0,0.0
121,"Proliferation, oval cell",12,33,49,24.2152133580705,7.613690667335327e-12,1.2685924982881302e-10,0.26666666666666666
121,"Hematopoiesis, extramedullary",0,45,54,0.0,1.0,1.0,0.0
121,"Cellular infiltration, mononuclear cell",0,45,53,0.0,1.0,1.0,0.0
121,Anisonucleosis,1,44,46,1.6136363636363635,0.472023721070805,1.0,0.022222222222222223
121,"Alteration, nuclear",0,45,46,0.0,1.0,1.0,0.0
121,"Deposit, pigment",0,45,38,0.0,1.0,1.0,0.0
121,"Degeneration, hydropic",0,45,35,0.0,1.0,1.0,0.0
121,"Alteration, cytoplasmic",0,45,35,0.0,1.0,1.0,0.0
121,Pyknosis,0,45,33,0.0,1.0,1.0,0.0
121,"Proliferation, Kupffer cell",0,45,29,0.0,1.0,1.0,0.0
121,Cellular foci,2,43,23,6.651162790697675,0.04336366957932398,0.25913311347810086,0.044444444444444446
121,Microgranuloma,0,45,20,0.0,1.0,1.0,0.0
121,Edema,0,45,18,0.0,1.0,1.0,0.0
121,"Deposit, hemosiderin",0,45,17,0.0,1.0,1.0,0.0
121,"Inclusion body, intracytoplasmic",0,45,11,0.0,1.0,1.0,0.0
121,"Degeneration, acidophilic, eosinophilic",0,45,10,0.0,1.0,1.0,0.0
121,Hemorrhage,0,45,10,0.0,1.0,1.0,0.0
121,Phagocytosis,0,45,10,0.0,1.0,1.0,0.0
121,"Lesion,NOS",0,45,10,0.0,1.0,1.0,0.0
121,"Deposit, glycogen",0,45,9,0.0,1.0,1.0,0.0
121,Granuloma,0,45,8,0.0,1.0,1.0,0.0
121,"Vacuolization, nuclear",0,45,5,0.0,1.0,1.0,0.0
125,Hypertrophy,13,49,492,1.511489961838394,0.1292157979268625,0.6862242643590194,0.20967741935483872
125,Cellular infiltration,3,59,201,0.7826966860612193,0.7375564443414333,1.0,0.04838709677419355
125,"Degeneration, granular, eosinophilic",37,25,165,28.075151515151514,1.0608800827283884e-30,5.50360497066081e-29,0.5967741935483871
125,Ground glass appearance,0,62,174,0.0,1.0,1.0,0.0
125,Necrosis,8,54,152,3.0633528265107213,0.008392710325782697,0.05626715500581176,0.12903225806451613
125,"Proliferation, bile duct",0,62,155,0.0,1.0,1.0,0.0
125,"Vacuolization, cytoplasmic",1,61,134,0.38671397112796674,0.9233662215982269,1.0,0.016129032258064516
125,"Change, eosinophilic",2,60,127,0.831496062992126,0.6964668269461372,1.0,0.03225806451612903
125,Increased mitosis,25,37,101,21.367407010971366,9.59460981137626e-21,2.7937246215477933e-19,0.4032258064516129
125,Single cell necrosis,3,59,108,1.5004708097928436,0.33710754931715736,1.0,0.04838709677419355
125,Swelling,0,62,105,0.0,1.0,1.0,0.0
125,"Change, acidophilic",0,62,87,0.0,1.0,1.0,0.0
125,"Degeneration, fatty",0,62,80,0.0,1.0,1.0,0.0
125,Fibrosis,0,62,63,0.0,1.0,1.0,0.0
125,"Proliferation, oval cell",0,62,61,0.0,1.0,1.0,0.0
125,"Hematopoiesis, extramedullary",0,62,54,0.0,1.0,1.0,0.0
125,"Cellular infiltration, mononuclear cell",0,62,53,0.0,1.0,1.0,0.0
125,Anisonucleosis,0,62,47,0.0,1.0,1.0,0.0
125,"Alteration, nuclear",0,62,46,0.0,1.0,1.0,0.0
125,"Deposit, pigment",0,62,38,0.0,1.0,1.0,0.0
125,"Degeneration, hydropic",0,62,35,0.0,1.0,1.0,0.0
125,"Alteration, cytoplasmic",0,62,35,0.0,1.0,1.0,0.0
125,Pyknosis,0,62,33,0.0,1.0,1.0,0.0
125,"Proliferation, Kupffer cell",2,60,27,4.034567901234568,0.09914566984287691,0.5435397128441982,0.03225806451612903
125,Cellular foci,0,62,25,0.0,1.0,1.0,0.0
125,Microgranuloma,0,62,20,0.0,1.0,1.0,0.0
125,Edema,0,62,18,0.0,1.0,1.0,0.0
125,"Deposit, hemosiderin",0,62,17,0.0,1.0,1.0,0.0
125,"Inclusion body, intracytoplasmic",0,62,11,0.0,1.0,1.0,0.0
125,"Degeneration, acidophilic, eosinophilic",0,62,10,0.0,1.0,1.0,0.0
125,Hemorrhage,0,62,10,0.0,1.0,1.0,0.0
125,Phagocytosis,0,62,10,0.0,1.0,1.0,0.0
125,"Lesion,NOS",0,62,10,0.0,1.0,1.0,0.0
125,"Deposit, glycogen",0,62,9,0.0,1.0,1.0,0.0
125,Granuloma,3,59,5,33.45762711864407,0.00031462542476638923,0.0025724363704230585,0.04838709677419355
125,"Vacuolization, nuclear",0,62,5,0.0,1.0,1.0,0.0
127,Hypertrophy,41,13,464,19.296916445623342,7.360867915276614e-24,2.534698864738729e-22,0.7592592592592593
127,Cellular infiltration,16,38,188,6.976483762597985,5.213843996351929e-08,6.36592668824881e-07,0.2962962962962963
127,"Degeneration, granular, eosinophilic",31,23,171,24.68649885583524,4.915948649995802e-25,1.819360434951717e-23,0.5740740740740741
127,Ground glass appearance,6,48,168,2.3325892857142856,0.058388196633746656,0.3393599686932046,0.1111111111111111
127,Necrosis,3,51,157,1.1787186212064444,0.4795945110783892,1.0,0.05555555555555555
127,"Proliferation, bile duct",3,51,152,1.2194272445820433,0.4584076669594103,1.0,0.05555555555555555
127,"Vacuolization, cytoplasmic",8,46,127,4.349195480999658,0.001209121318824465,0.009237531361822923,0.14814814814814814
127,"Change, eosinophilic",7,47,122,3.8833275200558073,0.004124266880302655,0.028889322251176616,0.12962962962962962
127,Increased mitosis,7,47,119,3.9849812265331663,0.0036159131143375053,0.02555446032024364,0.12962962962962962
127,Single cell necrosis,20,34,91,20.762766645119587,5.468568601679839e-17,1.3258488773052344e-15,0.37037037037037035
127,Swelling,0,54,105,0.0,1.0,1.0,0.0
127,"Change, acidophilic",0,54,87,0.0,1.0,1.0,0.0
127,"Degeneration, fatty",0,54,80,0.0,1.0,1.0,0.0
127,Fibrosis,3,51,60,3.179411764705882,0.07951283639291228,0.4468365640245023,0.05555555555555555
127,"Proliferation, oval cell",8,46,53,10.66447908121411,4.020436275160869e-06,4.1068600987885746e-05,0.14814814814814814
127,"Hematopoiesis, extramedullary",0,54,54,0.0,1.0,1.0,0.0
127,"Cellular infiltration, mononuclear cell",0,54,53,0.0,1.0,1.0,0.0
127,Anisonucleosis,0,54,47,0.0,1.0,1.0,0.0
127,"Alteration, nuclear",21,33,25,83.44,1.396746518608871e-27,6.10049582392404e-26,0.3888888888888889
127,"Deposit, pigment",0,54,38,0.0,1.0,1.0,0.0
127,"Degeneration, hydropic",0,54,35,0.0,1.0,1.0,0.0
127,"Alteration, cytoplasmic",0,54,35,0.0,1.0,1.0,0.0
127,Pyknosis,0,54,33,0.0,1.0,1.0,0.0
127,"Proliferation, Kupffer cell",0,54,29,0.0,1.0,1.0,0.0
127,Cellular foci,5,49,20,16.75,3.713107850496399e-05,0.00034381700127745303,0.09259259259259259
127,Microgranuloma,0,54,20,0.0,1.0,1.0,0.0
127,Edema,0,54,18,0.0,1.0,1.0,0.0
127,"Deposit, hemosiderin",0,54,17,0.0,1.0,1.0,0.0
127,"Inclusion body, intracytoplasmic",0,54,11,0.0,1.0,1.0,0.0
127,"Degeneration, acidophilic, eosinophilic",0,54,10,0.0,1.0,1.0,0.0
127,Hemorrhage,0,54,10,0.0,1.0,1.0,0.0
127,Phagocytosis,0,54,10,0.0,1.0,1.0,0.0
127,"Lesion,NOS",0,54,10,0.0,1.0,1.0,0.0
127,"Deposit, glycogen",0,54,9,0.0,1.0,1.0,0.0
127,Granuloma,0,54,8,0.0,1.0,1.0,0.0
127,"Vacuolization, nuclear",3,51,2,97.08823529411765,3.8481080448626784e-05,0.0003549341892311228,0.05555555555555555
141,Hypertrophy,16,11,489,8.45064138315672,1.4355936745272675e-07,1.6753293569139429e-06,0.5925925925925926
141,Cellular infiltration,0,27,204,0.0,1.0,1.0,0.0
141,"Degeneration, granular, eosinophilic",0,27,202,0.0,1.0,1.0,0.0
141,Ground glass appearance,18,9,156,40.69230769230769,9.572868951896668e-18,2.4145580286312613e-16,0.6666666666666666
141,Necrosis,0,27,160,0.0,1.0,1.0,0.0
141,"Proliferation, bile duct",0,27,155,0.0,1.0,1.0,0.0
141,"Vacuolization, cytoplasmic",0,27,135,0.0,1.0,1.0,0.0
141,"Change, eosinophilic",6,21,123,7.449477351916376,0.00043614069779681654,0.003508024028318335,0.2222222222222222
141,Increased mitosis,1,26,125,0.9861538461538462,0.6454877250029013,1.0,0.037037037037037035
141,Single cell necrosis,9,18,102,15.823529411764707,9.727379107840985e-08,1.1625881670135907e-06,0.3333333333333333
141,Swelling,0,27,105,0.0,1.0,1.0,0.0
141,"Change, acidophilic",0,27,87,0.0,1.0,1.0,0.0
141,"Degeneration, fatty",0,27,80,0.0,1.0,1.0,0.0
141,Fibrosis,0,27,63,0.0,1.0,1.0,0.0
141,"Proliferation, oval cell",0,27,61,0.0,1.0,1.0,0.0
141,"Hematopoiesis, extramedullary",0,27,54,0.0,1.0,1.0,0.0
141,"Cellular infiltration, mononuclear cell",1,26,52,2.4245562130177514,0.3503752952069607,1.0,0.037037037037037035
141,Anisonucleosis,3,24,44,9.335227272727273,0.005945555336810773,0.04082843780422658,0.1111111111111111
141,"Alteration, nuclear",13,14,33,92.77272727272727,1.6628655973101898e-18,4.3899651768989004e-17,0.48148148148148145
141,"Deposit, pigment",3,24,35,11.767857142857142,0.0032458863935899028,0.02315353924444871,0.1111111111111111
141,"Degeneration, hydropic",0,27,35,0.0,1.0,1.0,0.0
141,"Alteration, cytoplasmic",0,27,35,0.0,1.0,1.0,0.0
141,Pyknosis,0,27,33,0.0,1.0,1.0,0.0
141,"Proliferation, Kupffer cell",7,20,22,52.627272727272725,1.3035302052751543e-09,1.8112209168033725e-08,0.25925925925925924
141,Cellular foci,0,27,25,0.0,1.0,1.0,0.0
141,Microgranuloma,0,27,20,0.0,1.0,1.0,0.0
141,Edema,0,27,18,0.0,1.0,1.0,0.0
141,"Deposit, hemosiderin",0,27,17,0.0,1.0,1.0,0.0
141,"Inclusion body, intracytoplasmic",5,22,6,125.9090909090909,1.0188287873469614e-08,1.327158551938805e-07,0.18518518518518517
141,"Degeneration, acidophilic, eosinophilic",0,27,10,0.0,1.0,1.0,0.0
141,Hemorrhage,0,27,10,0.0,1.0,1.0,0.0
141,Phagocytosis,0,27,10,0.0,1.0,1.0,0.0
141,"Lesion,NOS",0,27,10,0.0,1.0,1.0,0.0
141,"Deposit, glycogen",0,27,9,0.0,1.0,1.0,0.0
141,Granuloma,0,27,8,0.0,1.0,1.0,0.0
141,"Vacuolization, nuclear",0,27,5,0.0,1.0,1.0,0.0
147,Hypertrophy,0,41,505,0.0,1.0,1.0,0.0
147,Cellular infiltration,41,0,163,inf,2.3071986922907003e-52,3.1147182345924455e-50,1.0
147,"Degeneration, granular, eosinophilic",0,41,202,0.0,1.0,1.0,0.0
147,Ground glass appearance,0,41,174,0.0,1.0,1.0,0.0
147,Necrosis,0,41,160,0.0,1.0,1.0,0.0
147,"Proliferation, bile duct",0,41,155,0.0,1.0,1.0,0.0
147,"Vacuolization, cytoplasmic",0,41,135,0.0,1.0,1.0,0.0
147,"Change, eosinophilic",0,41,129,0.0,1.0,1.0,0.0
147,Increased mitosis,0,41,126,0.0,1.0,1.0,0.0
147,Single cell necrosis,0,41,111,0.0,1.0,1.0,0.0
147,Swelling,0,41,105,0.0,1.0,1.0,0.0
147,"Change, acidophilic",0,41,87,0.0,1.0,1.0,0.0
147,"Degeneration, fatty",41,0,39,inf,1.2236299713610966e-72,6.320314808595577e-70,1.0
147,Fibrosis,22,19,41,92.49037227214377,3.330824914541697e-29,1.5640395250891449e-27,0.5365853658536586
147,"Proliferation, oval cell",0,41,61,0.0,1.0,1.0,0.0
147,"Hematopoiesis, extramedullary",0,41,54,0.0,1.0,1.0,0.0
147,"Cellular infiltration, mononuclear cell",0,41,53,0.0,1.0,1.0,0.0
147,Anisonucleosis,0,41,47,0.0,1.0,1.0,0.0
147,"Alteration, nuclear",0,41,46,0.0,1.0,1.0,0.0
147,"Deposit, pigment",0,41,38,0.0,1.0,1.0,0.0
147,"Degeneration, hydropic",35,6,0,inf,2.1679016792617406e-77,1.287733597481474e-74,0.8536585365853658
147,"Alteration, cytoplasmic",0,41,35,0.0,1.0,1.0,0.0
147,Pyknosis,0,41,33,0.0,1.0,1.0,0.0
147,"Proliferation, Kupffer cell",0,41,29,0.0,1.0,1.0,0.0
147,Cellular foci,0,41,25,0.0,1.0,1.0,0.0
147,Microgranuloma,0,41,20,0.0,1.0,1.0,0.0
147,Edema,0,41,18,0.0,1.0,1.0,0.0
147,"Deposit, hemosiderin",0,41,17,0.0,1.0,1.0,0.0
147,"Inclusion body, intracytoplasmic",0,41,11,0.0,1.0,1.0,0.0
147,"Degeneration, acidophilic, eosinophilic",0,41,10,0.0,1.0,1.0,0.0
147,Hemorrhage,0,41,10,0.0,1.0,1.0,0.0
147,Phagocytosis,0,41,10,0.0,1.0,1.0,0.0
147,"Lesion,NOS",0,41,10,0.0,1.0,1.0,0.0
147,"Deposit, glycogen",0,41,9,0.0,1.0,1.0,0.0
147,Granuloma,0,41,8,0.0,1.0,1.0,0.0
147,"Vacuolization, nuclear",0,41,5,0.0,1.0,1.0,0.0
161,Hypertrophy,23,42,482,3.192550879272871,3.386520634089715e-05,0.0003145571941593887,0.35384615384615387
161,Cellular infiltration,13,52,191,4.05890052356021,0.00010344187210927145,0.0009082700965692128,0.2
161,"Degeneration, granular, eosinophilic",0,65,202,0.0,1.0,1.0,0.0
161,Ground glass appearance,0,65,174,0.0,1.0,1.0,0.0
161,Necrosis,4,61,156,1.3182009247583018,0.37531942061711027,1.0,0.06153846153846154
161,"Proliferation, bile duct",33,32,122,26.795594262295083,2.8128593651477835e-28,1.2657867143165026e-26,0.5076923076923077
161,"Vacuolization, cytoplasmic",4,61,131,1.5822800650732074,0.26431919572619544,1.0,0.06153846153846154
161,"Change, eosinophilic",2,63,127,0.791151106111736,0.7212250416257163,1.0,0.03076923076923077
161,Increased mitosis,0,65,126,0.0,1.0,1.0,0.0
161,Single cell necrosis,0,65,111,0.0,1.0,1.0,0.0
161,Swelling,36,29,69,57.985007496251875,1.2281475894530673e-39,1.0203072281610099e-37,0.5538461538461539
161,"Change, acidophilic",2,63,85,1.1977591036414565,0.5067893972339904,1.0,0.03076923076923077
161,"Degeneration, fatty",0,65,80,0.0,1.0,1.0,0.0
161,Fibrosis,0,65,63,0.0,1.0,1.0,0.0
161,"Proliferation, oval cell",32,33,29,109.10762800417973,2.679661847275866e-42,2.5467506196509833e-40,0.49230769230769234
161,"Hematopoiesis, extramedullary",0,65,54,0.0,1.0,1.0,0.0
161,"Cellular infiltration, mononuclear cell",0,65,53,0.0,1.0,1.0,0.0
161,Anisonucleosis,1,64,46,1.1025815217391304,0.6036202186790588,1.0,0.015384615384615385
161,"Alteration, nuclear",0,65,46,0.0,1.0,1.0,0.0
161,"Deposit, pigment",0,65,38,0.0,1.0,1.0,0.0
161,"Degeneration, hydropic",0,65,35,0.0,1.0,1.0,0.0
161,"Alteration, cytoplasmic",0,65,35,0.0,1.0,1.0,0.0
161,Pyknosis,0,65,33,0.0,1.0,1.0,0.0
161,"Proliferation, Kupffer cell",0,65,29,0.0,1.0,1.0,0.0
161,Cellular foci,7,58,18,21.952107279693486,2.6837561550730296e-07,3.051006997346181e-06,0.1076923076923077
161,Microgranuloma,1,64,19,2.6916118421052633,0.32441116115701424,1.0,0.015384615384615385
161,Edema,0,65,18,0.0,1.0,1.0,0.0
161,"Deposit, hemosiderin",0,65,17,0.0,1.0,1.0,0.0
161,"Inclusion body, intracytoplasmic",0,65,11,0.0,1.0,1.0,0.0
161,"Degeneration, acidophilic, eosinophilic",0,65,10,0.0,1.0,1.0,0.0
161,Hemorrhage,0,65,10,0.0,1.0,1.0,0.0
161,Phagocytosis,0,65,10,0.0,1.0,1.0,0.0
161,"Lesion,NOS",0,65,10,0.0,1.0,1.0,0.0
161,"Deposit, glycogen",0,65,9,0.0,1.0,1.0,0.0
161,Granuloma,0,65,8,0.0,1.0,1.0,0.0
161,"Vacuolization, nuclear",0,65,5,0.0,1.0,1.0,0.0
165,Hypertrophy,19,15,486,7.394101508916323,3.4882073482502314e-08,4.3166565934596614e-07,0.5588235294117647
165,Cellular infiltration,0,34,204,0.0,1.0,1.0,0.0
165,"Degeneration, granular, eosinophilic",32,2,170,296.7529411764706,3.8315110860721156e-38,2.975055666832466e-36,0.9411764705882353
165,Ground glass appearance,0,34,174,0.0,1.0,1.0,0.0
165,Necrosis,10,24,150,8.813888888888888,2.226034658664153e-06,2.342364193527913e-05,0.29411764705882354
165,"Proliferation, bile duct",0,34,155,0.0,1.0,1.0,0.0
165,"Vacuolization, cytoplasmic",1,33,134,0.7211668928086838,0.7540420313931302,1.0,0.029411764705882353
165,"Change, eosinophilic",1,33,128,0.7563920454545454,0.7378957336704349,1.0,0.029411764705882353
165,Increased mitosis,3,31,123,2.5177025963808024,0.13332964651947832,0.705234283460108,0.08823529411764706
165,Single cell necrosis,3,31,108,2.880824372759857,0.10049093531514229,0.5493936086258124,0.08823529411764706
165,Swelling,1,33,104,0.9379370629370629,0.6623915142970183,1.0,0.029411764705882353
165,"Change, acidophilic",0,34,87,0.0,1.0,1.0,0.0
165,"Degeneration, fatty",0,34,80,0.0,1.0,1.0,0.0
165,Fibrosis,0,34,63,0.0,1.0,1.0,0.0
165,"Proliferation, oval cell",0,34,61,0.0,1.0,1.0,0.0
165,"Hematopoiesis, extramedullary",0,34,54,0.0,1.0,1.0,0.0
165,"Cellular infiltration, mononuclear cell",0,34,53,0.0,1.0,1.0,0.0
165,Anisonucleosis,0,34,47,0.0,1.0,1.0,0.0
165,"Alteration, nuclear",0,34,46,0.0,1.0,1.0,0.0
165,"Deposit, pigment",0,34,38,0.0,1.0,1.0,0.0
165,"Degeneration, hydropic",0,34,35,0.0,1.0,1.0,0.0
165,"Alteration, cytoplasmic",0,34,35,0.0,1.0,1.0,0.0
165,Pyknosis,0,34,33,0.0,1.0,1.0,0.0
165,"Proliferation, Kupffer cell",1,33,28,3.566017316017316,0.25655214680559985,1.0,0.029411764705882353
165,Cellular foci,0,34,25,0.0,1.0,1.0,0.0
165,Microgranuloma,0,34,20,0.0,1.0,1.0,0.0
165,Edema,0,34,18,0.0,1.0,1.0,0.0
165,"Deposit, hemosiderin",0,34,17,0.0,1.0,1.0,0.0
165,"Inclusion body, intracytoplasmic",0,34,11,0.0,1.0,1.0,0.0
165,"Degeneration, acidophilic, eosinophilic",0,34,10,0.0,1.0,1.0,0.0
165,Hemorrhage,0,34,10,0.0,1.0,1.0,0.0
165,Phagocytosis,0,34,10,0.0,1.0,1.0,0.0
165,"Lesion,NOS",0,34,10,0.0,1.0,1.0,0.0
165,"Deposit, glycogen",0,34,9,0.0,1.0,1.0,0.0
165,Granuloma,0,34,8,0.0,1.0,1.0,0.0
165,"Vacuolization, nuclear",0,34,5,0.0,1.0,1.0,0.0
178,Hypertrophy,35,3,470,70.71985815602837,3.116609015625981e-26,1.2593644593753964e-24,0.9210526315789473
178,Cellular infiltration,5,33,199,2.375513933302878,0.0773929892958831,0.43636863447322793,0.13157894736842105
178,"Degeneration, granular, eosinophilic",0,38,202,0.0,1.0,1.0,0.0
178,Ground glass appearance,0,38,174,0.0,1.0,1.0,0.0
178,Necrosis,3,35,157,1.7262966333030028,0.2706806490237019,1.0,0.07894736842105263
178,"Proliferation, bile duct",5,33,150,3.201010101010101,0.028801709902279943,0.17848946981694613,0.13157894736842105
178,"Vacuolization, cytoplasmic",24,14,111,49.544401544401545,2.4214806679428167e-25,9.16152558444607e-24,0.631578947368421
178,"Change, eosinophilic",3,35,126,2.172108843537415,0.1777270215028426,0.9042385505155334,0.07894736842105263
178,Increased mitosis,0,38,126,0.0,1.0,1.0,0.0
178,Single cell necrosis,4,34,107,3.531610775151182,0.035214934091876315,0.2152023750059108,0.10526315789473684
178,Swelling,0,38,105,0.0,1.0,1.0,0.0
178,"Change, acidophilic",0,38,87,0.0,1.0,1.0,0.0
178,"Degeneration, fatty",0,38,80,0.0,1.0,1.0,0.0
178,Fibrosis,0,38,63,0.0,1.0,1.0,0.0
178,"Proliferation, oval cell",0,38,61,0.0,1.0,1.0,0.0
178,"Hematopoiesis, extramedullary",0,38,54,0.0,1.0,1.0,0.0
178,"Cellular infiltration, mononuclear cell",0,38,53,0.0,1.0,1.0,0.0
178,Anisonucleosis,0,38,47,0.0,1.0,1.0,0.0
178,"Alteration, nuclear",0,38,46,0.0,1.0,1.0,0.0
178,"Deposit, pigment",1,37,37,2.397370343316289,0.3527448929467611,1.0,0.02631578947368421
178,"Degeneration, hydropic",0,38,35,0.0,1.0,1.0,0.0
178,"Alteration, cytoplasmic",0,38,35,0.0,1.0,1.0,0.0
178,Pyknosis,0,38,33,0.0,1.0,1.0,0.0
178,"Proliferation, Kupffer cell",0,38,29,0.0,1.0,1.0,0.0
178,Cellular foci,0,38,25,0.0,1.0,1.0,0.0
178,Microgranuloma,1,37,19,4.694167852062589,0.20414179660306256,1.0,0.02631578947368421
178,Edema,3,35,15,18.88,0.0009714768923673981,0.007513766589404094,0.07894736842105263
178,"Deposit, hemosiderin",0,38,17,0.0,1.0,1.0,0.0
178,"Inclusion body, intracytoplasmic",0,38,11,0.0,1.0,1.0,0.0
178,"Degeneration, acidophilic, eosinophilic",0,38,10,0.0,1.0,1.0,0.0
178,Hemorrhage,0,38,10,0.0,1.0,1.0,0.0
178,Phagocytosis,0,38,10,0.0,1.0,1.0,0.0
178,"Lesion,NOS",0,38,10,0.0,1.0,1.0,0.0
178,"Deposit, glycogen",0,38,9,0.0,1.0,1.0,0.0
178,Granuloma,0,38,8,0.0,1.0,1.0,0.0
178,"Vacuolization, nuclear",0,38,5,0.0,1.0,1.0,0.0
181,Hypertrophy,5,48,500,0.5841666666666666,0.9183100739658918,1.0,0.09433962264150944
181,Cellular infiltration,3,50,201,0.9262686567164179,0.6343066656768672,1.0,0.05660377358490566
181,"Degeneration, granular, eosinophilic",31,22,171,25.816852737905368,2.204190236081016e-25,8.392878206616177e-24,0.5849056603773585
181,Ground glass appearance,0,53,174,0.0,1.0,1.0,0.0
181,Necrosis,5,48,155,2.116263440860215,0.10575869651940509,0.5750175353091682,0.09433962264150944
181,"Proliferation, bile duct",0,53,155,0.0,1.0,1.0,0.0
181,"Vacuolization, cytoplasmic",1,52,134,0.45493685419058555,0.8883953286822459,1.0,0.018867924528301886
181,"Change, eosinophilic",0,53,129,0.0,1.0,1.0,0.0
181,Increased mitosis,28,25,98,36.64,2.3188270234178323e-27,1.0053892349709433e-25,0.5283018867924528
181,Single cell necrosis,3,50,108,1.7755555555555556,0.25492744850326554,1.0,0.05660377358490566
181,Swelling,0,53,105,0.0,1.0,1.0,0.0
181,"Change, acidophilic",0,53,87,0.0,1.0,1.0,0.0
181,"Degeneration, fatty",0,53,80,0.0,1.0,1.0,0.0
181,Fibrosis,0,53,63,0.0,1.0,1.0,0.0
181,"Proliferation, oval cell",0,53,61,0.0,1.0,1.0,0.0
181,"Hematopoiesis, extramedullary",0,53,54,0.0,1.0,1.0,0.0
181,"Cellular infiltration, mononuclear cell",0,53,53,0.0,1.0,1.0,0.0
181,Anisonucleosis,0,53,47,0.0,1.0,1.0,0.0
181,"Alteration, nuclear",0,53,46,0.0,1.0,1.0,0.0
181,"Deposit, pigment",0,53,38,0.0,1.0,1.0,0.0
181,"Degeneration, hydropic",0,53,35,0.0,1.0,1.0,0.0
181,"Alteration, cytoplasmic",0,53,35,0.0,1.0,1.0,0.0
181,Pyknosis,0,53,33,0.0,1.0,1.0,0.0
181,"Proliferation, Kupffer cell",3,50,26,7.564615384615385,0.010163673384067812,0.06741733098979655,0.05660377358490566
181,Cellular foci,0,53,25,0.0,1.0,1.0,0.0
181,Microgranuloma,0,53,20,0.0,1.0,1.0,0.0
181,Edema,0,53,18,0.0,1.0,1.0,0.0
181,"Deposit, hemosiderin",0,53,17,0.0,1.0,1.0,0.0
181,"Inclusion body, intracytoplasmic",0,53,11,0.0,1.0,1.0,0.0
181,"Degeneration, acidophilic, eosinophilic",0,53,10,0.0,1.0,1.0,0.0
181,Hemorrhage,0,53,10,0.0,1.0,1.0,0.0
181,Phagocytosis,0,53,10,0.0,1.0,1.0,0.0
181,"Lesion,NOS",0,53,10,0.0,1.0,1.0,0.0
181,"Deposit, glycogen",0,53,9,0.0,1.0,1.0,0.0
181,Granuloma,2,51,6,21.555555555555557,0.006444554671496524,0.04405138636212814,0.03773584905660377
181,"Vacuolization, nuclear",0,53,5,0.0,1.0,1.0,0.0
187,Hypertrophy,24,29,481,4.857122374363754,1.1598542283306124e-07,1.373785466856199e-06,0.4528301886792453
187,Cellular infiltration,3,50,201,0.9262686567164179,0.6343066656768672,1.0,0.05660377358490566
187,"Degeneration, granular, eosinophilic",47,6,155,159.14301075268818,3.0513795232862182e-53,4.166711349039112e-51,0.8867924528301887
187,Ground glass appearance,0,53,174,0.0,1.0,1.0,0.0
187,Necrosis,10,43,150,4.889922480620155,0.00015068819500476343,0.0012916131000408294,0.18867924528301888
187,"Proliferation, bile duct",0,53,155,0.0,1.0,1.0,0.0
187,"Vacuolization, cytoplasmic",1,52,134,0.45493685419058555,0.8883953286822459,1.0,0.018867924528301886
187,"Change, eosinophilic",2,51,127,0.9810097267253358,0.6113679617987554,1.0,0.03773584905660377
187,Increased mitosis,18,35,108,15.219047619047618,1.3850266157344178e-13,2.6326585911879813e-12,0.33962264150943394
187,Single cell necrosis,4,49,107,2.4390616059507915,0.096322621605513,0.5292843407370464,0.07547169811320754
187,Swelling,0,53,105,0.0,1.0,1.0,0.0
187,"Change, acidophilic",0,53,87,0.0,1.0,1.0,0.0
187,"Degeneration, fatty",0,53,80,0.0,1.0,1.0,0.0
187,Fibrosis,0,53,63,0.0,1.0,1.0,0.0
187,"Proliferation, oval cell",0,53,61,0.0,1.0,1.0,0.0
187,"Hematopoiesis, extramedullary",0,53,54,0.0,1.0,1.0,0.0
187,"Cellular infiltration, mononuclear cell",0,53,53,0.0,1.0,1.0,0.0
187,Anisonucleosis,0,53,47,0.0,1.0,1.0,0.0
187,"Alteration, nuclear",0,53,46,0.0,1.0,1.0,0.0
187,"Deposit, pigment",0,53,38,0.0,1.0,1.0,0.0
187,"Degeneration, hydropic",0,53,35,0.0,1.0,1.0,0.0
187,"Alteration, cytoplasmic",0,53,35,0.0,1.0,1.0,0.0
187,Pyknosis,0,53,33,0.0,1.0,1.0,0.0
187,"Proliferation, Kupffer cell",1,52,28,2.25,0.3708925354023436,1.0,0.018867924528301886
187,Cellular foci,0,53,25,0.0,1.0,1.0,0.0
187,Microgranuloma,0,53,20,0.0,1.0,1.0,0.0
187,Edema,0,53,18,0.0,1.0,1.0,0.0
187,"Deposit, hemosiderin",0,53,17,0.0,1.0,1.0,0.0
187,"Inclusion body, intracytoplasmic",0,53,11,0.0,1.0,1.0,0.0
187,"Degeneration, acidophilic, eosinophilic",0,53,10,0.0,1.0,1.0,0.0
187,Hemorrhage,0,53,10,0.0,1.0,1.0,0.0
187,Phagocytosis,0,53,10,0.0,1.0,1.0,0.0
187,"Lesion,NOS",0,53,10,0.0,1.0,1.0,0.0
187,"Deposit, glycogen",0,53,9,0.0,1.0,1.0,0.0
187,Granuloma,3,50,5,39.588,0.0001968710195906803,0.0016552213112082676,0.05660377358490566
187,"Vacuolization, nuclear",0,53,5,0.0,1.0,1.0,0.0
191,Hypertrophy,8,19,497,2.4000847188393517,0.03972095948087971,0.2397789627199446,0.2962962962962963
191,Cellular infiltration,2,25,202,1.2388118811881188,0.49529055205105044,1.0,0.07407407407407407
191,"Degeneration, granular, eosinophilic",24,3,178,141.6629213483146,3.319620758942124e-27,1.4237218273008097e-25,0.8888888888888888
191,Ground glass appearance,0,27,174,0.0,1.0,1.0,0.0
191,Necrosis,2,25,158,1.6060759493670886,0.3713287267621045,1.0,0.07407407407407407
191,"Proliferation, bile duct",2,25,153,1.6611764705882353,0.35651871615790565,1.0,0.07407407407407407
191,"Vacuolization, cytoplasmic",1,26,134,0.9173363949483353,0.6713070627893101,1.0,0.037037037037037035
191,"Change, eosinophilic",2,25,127,2.0176377952755904,0.2782702465432313,1.0,0.07407407407407407
191,Increased mitosis,0,27,126,0.0,1.0,1.0,0.0
191,Single cell necrosis,2,25,109,2.3640366972477063,0.2239538623172981,1.0,0.07407407407407407
191,Swelling,0,27,105,0.0,1.0,1.0,0.0
191,"Change, acidophilic",0,27,87,0.0,1.0,1.0,0.0
191,"Degeneration, fatty",0,27,80,0.0,1.0,1.0,0.0
191,Fibrosis,0,27,63,0.0,1.0,1.0,0.0
191,"Proliferation, oval cell",0,27,61,0.0,1.0,1.0,0.0
191,"Hematopoiesis, extramedullary",0,27,54,0.0,1.0,1.0,0.0
191,"Cellular infiltration, mononuclear cell",0,27,53,0.0,1.0,1.0,0.0
191,Anisonucleosis,0,27,47,0.0,1.0,1.0,0.0
191,"Alteration, nuclear",0,27,46,0.0,1.0,1.0,0.0
191,"Deposit, pigment",1,26,37,3.423076923076923,0.2655082243359805,1.0,0.037037037037037035
191,"Degeneration, hydropic",0,27,35,0.0,1.0,1.0,0.0
191,"Alteration, cytoplasmic",0,27,35,0.0,1.0,1.0,0.0
191,Pyknosis,0,27,33,0.0,1.0,1.0,0.0
191,"Proliferation, Kupffer cell",0,27,29,0.0,1.0,1.0,0.0
191,Cellular foci,0,27,25,0.0,1.0,1.0,0.0
191,Microgranuloma,0,27,20,0.0,1.0,1.0,0.0
191,Edema,2,25,16,16.57,0.008805536367766972,0.058901898676279076,0.07407407407407407
191,"Deposit, hemosiderin",0,27,17,0.0,1.0,1.0,0.0
191,"Inclusion body, intracytoplasmic",0,27,11,0.0,1.0,1.0,0.0
191,"Degeneration, acidophilic, eosinophilic",0,27,10,0.0,1.0,1.0,0.0
191,Hemorrhage,0,27,10,0.0,1.0,1.0,0.0
191,Phagocytosis,0,27,10,0.0,1.0,1.0,0.0
191,"Lesion,NOS",0,27,10,0.0,1.0,1.0,0.0
191,"Deposit, glycogen",0,27,9,0.0,1.0,1.0,0.0
191,Granuloma,1,26,7,18.25824175824176,0.06262422941955803,0.3608030288575894,0.037037037037037035
191,"Vacuolization, nuclear",0,27,5,0.0,1.0,1.0,0.0
193,Hypertrophy,21,19,484,6.4694432361896475,2.866470318906046e-08,3.562099099226342e-07,0.525
193,Cellular infiltration,2,38,202,0.8116206357477853,0.7095426043755313,1.0,0.05
193,"Degeneration, granular, eosinophilic",0,40,202,0.0,1.0,1.0,0.0
193,Ground glass appearance,10,30,164,6.408536585365853,2.361562802435667e-05,0.0002231930476764974,0.25
193,Necrosis,0,40,160,0.0,1.0,1.0,0.0
193,"Proliferation, bile duct",10,30,145,7.291954022988506,8.439451314545721e-06,8.390015198058843e-05,0.25
193,"Vacuolization, cytoplasmic",1,39,134,0.6090700344431688,0.8082631373913486,1.0,0.025
193,"Change, eosinophilic",4,36,125,2.8373333333333335,0.0654840237449729,0.37563988512326324,0.1
193,Increased mitosis,9,31,117,7.94044665012407,1.1339338388053807e-05,0.00011123975231220415,0.225
193,Single cell necrosis,21,19,90,39.62982456140351,9.099589686396488e-22,2.84071993597949e-20,0.525
193,Swelling,0,40,105,0.0,1.0,1.0,0.0
193,"Change, acidophilic",1,39,86,0.9633273703041145,0.6523436202123563,1.0,0.025
193,"Degeneration, fatty",0,40,80,0.0,1.0,1.0,0.0
193,Fibrosis,0,40,63,0.0,1.0,1.0,0.0
193,"Proliferation, oval cell",0,40,61,0.0,1.0,1.0,0.0
193,"Hematopoiesis, extramedullary",1,39,53,1.579100145137881,0.47925344659178193,1.0,0.025
193,"Cellular infiltration, mononuclear cell",13,27,40,39.44537037037037,6.934988286338956e-15,1.481792461181777e-13,0.325
193,Anisonucleosis,6,34,41,14.100430416068866,1.454994005628952e-05,0.00014110472479079145,0.15
193,"Alteration, nuclear",11,29,35,35.56847290640394,1.5496900898505964e-12,2.7355599208655404e-11,0.275
193,"Deposit, pigment",3,37,35,7.603088803088803,0.009908705011731488,0.06587320399517071,0.075
193,"Degeneration, hydropic",0,40,35,0.0,1.0,1.0,0.0
193,"Alteration, cytoplasmic",0,40,35,0.0,1.0,1.0,0.0
193,Pyknosis,0,40,33,0.0,1.0,1.0,0.0
193,"Proliferation, Kupffer cell",5,35,24,19.601190476190474,1.7885921934055108e-05,0.0001717742543060426,0.125
193,Cellular foci,0,40,25,0.0,1.0,1.0,0.0
193,Microgranuloma,0,40,20,0.0,1.0,1.0,0.0
193,Edema,0,40,18,0.0,1.0,1.0,0.0
193,"Deposit, hemosiderin",1,39,16,5.290064102564102,0.1847565064174261,0.9347986781256483,0.025
193,"Inclusion body, intracytoplasmic",3,37,8,33.53716216216216,0.00024215506771181283,0.0020145673700394514,0.075
193,"Degeneration, acidophilic, eosinophilic",0,40,10,0.0,1.0,1.0,0.0
193,Hemorrhage,0,40,10,0.0,1.0,1.0,0.0
193,Phagocytosis,0,40,10,0.0,1.0,1.0,0.0
193,"Lesion,NOS",4,36,6,61.31481481481482,3.450073416924855e-06,3.5486469431227084e-05,0.1
193,"Deposit, glycogen",0,40,9,0.0,1.0,1.0,0.0
193,Granuloma,0,40,8,0.0,1.0,1.0,0.0
193,"Vacuolization, nuclear",0,40,5,0.0,1.0,1.0,0.0
202,Hypertrophy,23,6,482,22.634163208852005,1.509528612387908e-14,3.1406654842676616e-13,0.7931034482758621
202,Cellular infiltration,4,25,200,2.5024,0.09566506697123166,0.5261578683417741,0.13793103448275862
202,"Degeneration, granular, eosinophilic",22,7,180,54.96507936507936,4.938451267766268e-22,1.5645013616283536e-20,0.7586206896551724
202,Ground glass appearance,3,26,171,2.1302294197031038,0.1878857499899283,0.9482556278644221,0.10344827586206896
202,Necrosis,7,22,153,6.602792632204397,0.0003144903028195727,0.0025724363704230585,0.2413793103448276
202,"Proliferation, bile duct",6,23,149,5.565800992121389,0.0017256352942377638,0.01294226470678323,0.20689655172413793
202,"Vacuolization, cytoplasmic",0,29,135,0.0,1.0,1.0,0.0
202,"Change, eosinophilic",3,26,126,2.932234432234432,0.09808623773646029,0.5384771276844492,0.10344827586206896
202,Increased mitosis,0,29,126,0.0,1.0,1.0,0.0
202,Single cell necrosis,6,23,105,8.007453416149069,0.0002912671165045728,0.0023962973296913605,0.20689655172413793
202,Swelling,0,29,105,0.0,1.0,1.0,0.0
202,"Change, acidophilic",0,29,87,0.0,1.0,1.0,0.0
202,"Degeneration, fatty",0,29,80,0.0,1.0,1.0,0.0
202,Fibrosis,1,28,62,1.881336405529954,0.4240496895998894,1.0,0.034482758620689655
202,"Proliferation, oval cell",0,29,61,0.0,1.0,1.0,0.0
202,"Hematopoiesis, extramedullary",0,29,54,0.0,1.0,1.0,0.0
202,"Cellular infiltration, mononuclear cell",2,27,51,4.7596223674655045,0.07573436290948724,0.42850624233556556,0.06896551724137931
202,Anisonucleosis,0,29,47,0.0,1.0,1.0,0.0
202,"Alteration, nuclear",0,29,46,0.0,1.0,1.0,0.0
202,"Deposit, pigment",2,27,36,6.773662551440329,0.04181374131778612,0.25075580356148364,0.06896551724137931
202,"Degeneration, hydropic",0,29,35,0.0,1.0,1.0,0.0
202,"Alteration, cytoplasmic",0,29,35,0.0,1.0,1.0,0.0
202,Pyknosis,0,29,33,0.0,1.0,1.0,0.0
202,"Proliferation, Kupffer cell",3,26,26,14.653846153846153,0.0018218503676662142,0.013612315954638129,0.10344827586206896
202,Cellular foci,1,28,24,4.916666666666667,0.19562317213149172,0.984330065617163,0.034482758620689655
202,Microgranuloma,0,29,20,0.0,1.0,1.0,0.0
202,Edema,4,25,14,37.87428571428571,1.2653516948423488e-05,0.00012341853969398279,0.13793103448275862
202,"Deposit, hemosiderin",0,29,17,0.0,1.0,1.0,0.0
202,"Inclusion body, intracytoplasmic",0,29,11,0.0,1.0,1.0,0.0
202,"Degeneration, acidophilic, eosinophilic",0,29,10,0.0,1.0,1.0,0.0
202,Hemorrhage,0,29,10,0.0,1.0,1.0,0.0
202,Phagocytosis,0,29,10,0.0,1.0,1.0,0.0
202,"Lesion,NOS",0,29,10,0.0,1.0,1.0,0.0
202,"Deposit, glycogen",0,29,9,0.0,1.0,1.0,0.0
202,Granuloma,3,26,5,76.68461538461538,3.154889809619818e-05,0.0002944233380854945,0.10344827586206896
202,"Vacuolization, nuclear",0,29,5,0.0,1.0,1.0,0.0
209,Hypertrophy,28,11,477,15.160663236134933,1.5704299435542633e-15,3.5003203995168195e-14,0.717948717948718
209,Cellular infiltration,1,38,203,0.40381125226860254,0.9145167962850819,1.0,0.02564102564102564
209,"Degeneration, granular, eosinophilic",38,1,164,730.8048780487804,4.606586488425193e-47,5.212023569761075e-45,0.9743589743589743
209,Ground glass appearance,0,39,174,0.0,1.0,1.0,0.0
209,Necrosis,8,31,152,5.375212224108659,0.00038809543507189445,0.003147539640608401,0.20512820512820512
209,"Proliferation, bile duct",1,38,154,0.5406698564593302,0.8434502638523249,1.0,0.02564102564102564
209,"Vacuolization, cytoplasmic",0,39,135,0.0,1.0,1.0,0.0
209,"Change, eosinophilic",1,38,128,0.6558388157894737,0.7849972032320208,1.0,0.02564102564102564
209,Increased mitosis,3,36,123,2.1646341463414633,0.17867481641676086,0.90789427674556,0.07692307692307693
209,Single cell necrosis,3,36,108,2.4768518518518516,0.13669861158247065,0.7204878019519749,0.07692307692307693
209,Swelling,0,39,105,0.0,1.0,1.0,0.0
209,"Change, acidophilic",0,39,87,0.0,1.0,1.0,0.0
209,"Degeneration, fatty",0,39,80,0.0,1.0,1.0,0.0
209,Fibrosis,0,39,63,0.0,1.0,1.0,0.0
209,"Proliferation, oval cell",0,39,61,0.0,1.0,1.0,0.0
209,"Hematopoiesis, extramedullary",0,39,54,0.0,1.0,1.0,0.0
209,"Cellular infiltration, mononuclear cell",0,39,53,0.0,1.0,1.0,0.0
209,Anisonucleosis,0,39,47,0.0,1.0,1.0,0.0
209,"Alteration, nuclear",0,39,46,0.0,1.0,1.0,0.0
209,"Deposit, pigment",1,38,37,2.3335704125177807,0.36015546663402315,1.0,0.02564102564102564
209,"Degeneration, hydropic",0,39,35,0.0,1.0,1.0,0.0
209,"Alteration, cytoplasmic",0,39,35,0.0,1.0,1.0,0.0
209,Pyknosis,0,39,33,0.0,1.0,1.0,0.0
209,"Proliferation, Kupffer cell",0,39,29,0.0,1.0,1.0,0.0
209,Cellular foci,1,38,24,3.611842105263158,0.25412237458760045,1.0,0.02564102564102564
209,Microgranuloma,0,39,20,0.0,1.0,1.0,0.0
209,Edema,1,38,17,5.109907120743034,0.1901263737404251,0.9587017487420417,0.02564102564102564
209,"Deposit, hemosiderin",0,39,17,0.0,1.0,1.0,0.0
209,"Inclusion body, intracytoplasmic",0,39,11,0.0,1.0,1.0,0.0
209,"Degeneration, acidophilic, eosinophilic",0,39,10,0.0,1.0,1.0,0.0
209,Hemorrhage,0,39,10,0.0,1.0,1.0,0.0
209,Phagocytosis,0,39,10,0.0,1.0,1.0,0.0
209,"Lesion,NOS",0,39,10,0.0,1.0,1.0,0.0
209,"Deposit, glycogen",0,39,9,0.0,1.0,1.0,0.0
209,Granuloma,4,35,4,94.68571428571428,1.0540379477674325e-06,1.145651493090311e-05,0.10256410256410256
209,"Vacuolization, nuclear",0,39,5,0.0,1.0,1.0,0.0
212,Hypertrophy,0,40,505,0.0,1.0,1.0,0.0
212,Cellular infiltration,7,33,197,3.359483156437471,0.009234493358549613,0.06159785575495194,0.175
212,"Degeneration, granular, eosinophilic",19,21,183,15.494665625813166,1.2051214153547608e-13,2.294365771540795e-12,0.475
212,Ground glass appearance,0,40,174,0.0,1.0,1.0,0.0
212,Necrosis,3,37,157,1.631950421759339,0.29710654220181165,1.0,0.075
212,"Proliferation, bile duct",4,36,151,2.329654157468727,0.11058556539237409,0.5974336138523894,0.1
212,"Vacuolization, cytoplasmic",0,40,135,0.0,1.0,1.0,0.0
212,"Change, eosinophilic",3,37,126,2.0534105534105533,0.1973736342879221,0.9927175170789647,0.075
212,Increased mitosis,0,40,126,0.0,1.0,1.0,0.0
212,Single cell necrosis,0,40,111,0.0,1.0,1.0,0.0
212,Swelling,20,20,85,38.023529411764706,1.0360965496919839e-20,2.9948484210074863e-19,0.5
212,"Change, acidophilic",2,38,85,2.001238390092879,0.27789478032965687,1.0,0.05
212,"Degeneration, fatty",0,40,80,0.0,1.0,1.0,0.0
212,Fibrosis,2,38,61,2.809318377911993,0.17216120553744685,0.8812042747888273,0.05
212,"Proliferation, oval cell",0,40,61,0.0,1.0,1.0,0.0
212,"Hematopoiesis, extramedullary",0,40,54,0.0,1.0,1.0,0.0
212,"Cellular infiltration, mononuclear cell",0,40,53,0.0,1.0,1.0,0.0
212,Anisonucleosis,0,40,47,0.0,1.0,1.0,0.0
212,"Alteration, nuclear",0,40,46,0.0,1.0,1.0,0.0
212,"Deposit, pigment",0,40,38,0.0,1.0,1.0,0.0
212,"Degeneration, hydropic",0,40,35,0.0,1.0,1.0,0.0
212,"Alteration, cytoplasmic",0,40,35,0.0,1.0,1.0,0.0
212,Pyknosis,0,40,33,0.0,1.0,1.0,0.0
212,"Proliferation, Kupffer cell",0,40,29,0.0,1.0,1.0,0.0
212,Cellular foci,0,40,25,0.0,1.0,1.0,0.0
212,Microgranuloma,0,40,20,0.0,1.0,1.0,0.0
212,Edema,0,40,18,0.0,1.0,1.0,0.0
212,"Deposit, hemosiderin",0,40,17,0.0,1.0,1.0,0.0
212,"Inclusion body, intracytoplasmic",0,40,11,0.0,1.0,1.0,0.0
212,"Degeneration, acidophilic, eosinophilic",0,40,10,0.0,1.0,1.0,0.0
212,Hemorrhage,0,40,10,0.0,1.0,1.0,0.0
212,Phagocytosis,0,40,10,0.0,1.0,1.0,0.0
212,"Lesion,NOS",0,40,10,0.0,1.0,1.0,0.0
212,"Deposit, glycogen",0,40,9,0.0,1.0,1.0,0.0
212,Granuloma,0,40,8,0.0,1.0,1.0,0.0
212,"Vacuolization, nuclear",0,40,5,0.0,1.0,1.0,0.0
214,Hypertrophy,7,40,498,0.988152610441767,0.5747586473509019,1.0,0.14893617021276595
214,Cellular infiltration,2,45,202,0.6838283828382838,0.7898789374712688,1.0,0.0425531914893617
214,"Degeneration, granular, eosinophilic",27,20,175,24.184285714285714,6.858376209856839e-22,2.1498023581292677e-20,0.574468085106383
214,Ground glass appearance,0,47,174,0.0,1.0,1.0,0.0
214,Necrosis,5,42,155,2.423195084485407,0.07069228416024924,0.4029867254432634,0.10638297872340426
214,"Proliferation, bile duct",0,47,155,0.0,1.0,1.0,0.0
214,"Vacuolization, cytoplasmic",1,46,134,0.5152498377676833,0.8566915708680067,1.0,0.02127659574468085
214,"Change, eosinophilic",1,46,128,0.540421195652174,0.843497698285542,1.0,0.02127659574468085
214,Increased mitosis,18,29,108,18.402298850574713,1.1816561796676304e-14,2.480225338242306e-13,0.3829787234042553
214,Single cell necrosis,1,46,110,0.6324110671936759,0.7963710445570844,1.0,0.02127659574468085
214,Swelling,0,47,105,0.0,1.0,1.0,0.0
214,"Change, acidophilic",0,47,87,0.0,1.0,1.0,0.0
214,"Degeneration, fatty",0,47,80,0.0,1.0,1.0,0.0
214,Fibrosis,0,47,63,0.0,1.0,1.0,0.0
214,"Proliferation, oval cell",0,47,61,0.0,1.0,1.0,0.0
214,"Hematopoiesis, extramedullary",0,47,54,0.0,1.0,1.0,0.0
214,"Cellular infiltration, mononuclear cell",0,47,53,0.0,1.0,1.0,0.0
214,Anisonucleosis,0,47,47,0.0,1.0,1.0,0.0
214,"Alteration, nuclear",0,47,46,0.0,1.0,1.0,0.0
214,"Deposit, pigment",0,47,38,0.0,1.0,1.0,0.0
214,"Degeneration, hydropic",0,47,35,0.0,1.0,1.0,0.0
214,"Alteration, cytoplasmic",0,47,35,0.0,1.0,1.0,0.0
214,Pyknosis,0,47,33,0.0,1.0,1.0,0.0
214,"Proliferation, Kupffer cell",1,46,28,2.548136645962733,0.33675675786521975,1.0,0.02127659574468085
214,Cellular foci,0,47,25,0.0,1.0,1.0,0.0
214,Microgranuloma,0,47,20,0.0,1.0,1.0,0.0
214,Edema,0,47,18,0.0,1.0,1.0,0.0
214,"Deposit, hemosiderin",0,47,17,0.0,1.0,1.0,0.0
214,"Inclusion body, intracytoplasmic",0,47,11,0.0,1.0,1.0,0.0
214,"Degeneration, acidophilic, eosinophilic",0,47,10,0.0,1.0,1.0,0.0
214,Hemorrhage,0,47,10,0.0,1.0,1.0,0.0
214,Phagocytosis,0,47,10,0.0,1.0,1.0,0.0
214,"Lesion,NOS",0,47,10,0.0,1.0,1.0,0.0
214,"Deposit, glycogen",0,47,9,0.0,1.0,1.0,0.0
214,Granuloma,2,45,6,24.474074074074075,0.00509200272623993,0.035231795217082335,0.0425531914893617
214,"Vacuolization, nuclear",0,47,5,0.0,1.0,1.0,0.0
215,Hypertrophy,1,55,504,0.1009018759018759,0.9999001399661188,1.0,0.017857142857142856
215,Cellular infiltration,13,43,191,4.922683550468769,1.9411009346158024e-05,0.00018512757350254872,0.23214285714285715
215,"Degeneration, granular, eosinophilic",0,56,202,0.0,1.0,1.0,0.0
215,Ground glass appearance,0,56,174,0.0,1.0,1.0,0.0
215,Necrosis,12,44,148,5.810196560196561,8.18633655412464e-06,8.145199184505921e-05,0.21428571428571427
215,"Proliferation, bile duct",46,10,109,134.70825688073396,7.423301105704347e-55,1.116314140959084e-52,0.8214285714285714
215,"Vacuolization, cytoplasmic",0,56,135,0.0,1.0,1.0,0.0
215,"Change, eosinophilic",1,55,128,0.45071022727272725,0.8906169772461788,1.0,0.017857142857142856
215,Increased mitosis,0,56,126,0.0,1.0,1.0,0.0
215,Single cell necrosis,1,55,110,0.5274380165289256,0.85025526261458,1.0,0.017857142857142856
215,Swelling,46,10,59,252.76610169491525,2.0311049201426936e-64,5.885250353974439e-62,0.8214285714285714
215,"Change, acidophilic",9,47,78,7.912438625204583,9.713944835599111e-06,9.568960584321511e-05,0.16071428571428573
215,"Degeneration, fatty",0,56,80,0.0,1.0,1.0,0.0
215,Fibrosis,0,56,63,0.0,1.0,1.0,0.0
215,"Proliferation, oval cell",40,16,21,390.4761904761905,4.33381963905347e-64,1.1973436584175634e-61,0.7142857142857143
215,"Hematopoiesis, extramedullary",0,56,54,0.0,1.0,1.0,0.0
215,"Cellular infiltration, mononuclear cell",0,56,53,0.0,1.0,1.0,0.0
215,Anisonucleosis,3,53,44,4.189965694682676,0.04251566076781027,0.2544514105398418,0.05357142857142857
215,"Alteration, nuclear",0,56,46,0.0,1.0,1.0,0.0
215,"Deposit, pigment",0,56,38,0.0,1.0,1.0,0.0
215,"Degeneration, hydropic",0,56,35,0.0,1.0,1.0,0.0
215,"Alteration, cytoplasmic",0,56,35,0.0,1.0,1.0,0.0
215,Pyknosis,0,56,33,0.0,1.0,1.0,0.0
215,"Proliferation, Kupffer cell",0,56,29,0.0,1.0,1.0,0.0
215,Cellular foci,11,45,14,57.39206349206349,3.709208769921224e-14,7.519692864618454e-13,0.19642857142857142
215,Microgranuloma,0,56,20,0.0,1.0,1.0,0.0
215,Edema,1,55,17,3.5122994652406416,0.26182671349907904,1.0,0.017857142857142856
215,"Deposit, hemosiderin",0,56,17,0.0,1.0,1.0,0.0
215,"Inclusion body, intracytoplasmic",0,56,11,0.0,1.0,1.0,0.0
215,"Degeneration, acidophilic, eosinophilic",0,56,10,0.0,1.0,1.0,0.0
215,Hemorrhage,0,56,10,0.0,1.0,1.0,0.0
215,Phagocytosis,0,56,10,0.0,1.0,1.0,0.0
215,"Lesion,NOS",0,56,10,0.0,1.0,1.0,0.0
215,"Deposit, glycogen",0,56,9,0.0,1.0,1.0,0.0
215,Granuloma,0,56,8,0.0,1.0,1.0,0.0
215,"Vacuolization, nuclear",0,56,5,0.0,1.0,1.0,0.0
223,Hypertrophy,89,48,416,12.497796474358974,1.8808587591271057e-42,1.8019840369701626e-40,0.6496350364963503
223,Cellular infiltration,15,122,189,1.9717668488160291,0.017616144656522427,0.11257654573398947,0.10948905109489052
223,"Degeneration, granular, eosinophilic",19,118,183,2.6721774567009353,0.0004330060063615784,0.0034875331224241022,0.1386861313868613
223,Ground glass appearance,71,66,103,32.554721977052075,8.300435581684331e-60,1.565224995403331e-57,0.5182481751824818
223,Necrosis,2,135,158,0.28710736052508207,0.9912076143311471,1.0,0.014598540145985401
223,"Proliferation, bile duct",0,137,155,0.0,1.0,1.0,0.0
223,"Vacuolization, cytoplasmic",19,118,116,4.308591466978375,1.3583178327976226e-06,1.4537671940212394e-05,0.1386861313868613
223,"Change, eosinophilic",7,130,122,1.3673392181588904,0.27263149759521765,1.0,0.051094890510948905
223,Increased mitosis,13,124,113,2.8826006280331145,0.0015934398521261443,0.012049691561590447,0.0948905109489051
223,Single cell necrosis,12,125,99,3.0264242424242425,0.0016124161234158042,0.01216995142705194,0.08759124087591241
223,Swelling,3,134,102,0.6843722563652327,0.8112691675165098,1.0,0.021897810218978103
223,"Change, acidophilic",0,137,87,0.0,1.0,1.0,0.0
223,"Degeneration, fatty",0,137,80,0.0,1.0,1.0,0.0
223,Fibrosis,0,137,63,0.0,1.0,1.0,0.0
223,"Proliferation, oval cell",3,134,58,1.2205352547606794,0.4571662121159768,1.0,0.021897810218978103
223,"Hematopoiesis, extramedullary",0,137,54,0.0,1.0,1.0,0.0
223,"Cellular infiltration, mononuclear cell",0,137,53,0.0,1.0,1.0,0.0
223,Anisonucleosis,0,137,47,0.0,1.0,1.0,0.0
223,"Alteration, nuclear",12,125,34,8.995764705882353,1.562147532484963e-07,1.812335223234508e-06,0.08759124087591241
223,"Deposit, pigment",0,137,38,0.0,1.0,1.0,0.0
223,"Degeneration, hydropic",0,137,35,0.0,1.0,1.0,0.0
223,"Alteration, cytoplasmic",0,137,35,0.0,1.0,1.0,0.0
223,Pyknosis,0,137,33,0.0,1.0,1.0,0.0
223,"Proliferation, Kupffer cell",0,137,29,0.0,1.0,1.0,0.0
223,Cellular foci,1,136,24,0.9791666666666666,0.6484770074350847,1.0,0.0072992700729927005
223,Microgranuloma,0,137,20,0.0,1.0,1.0,0.0
223,Edema,0,137,18,0.0,1.0,1.0,0.0
223,"Deposit, hemosiderin",0,137,17,0.0,1.0,1.0,0.0
223,"Inclusion body, intracytoplasmic",0,137,11,0.0,1.0,1.0,0.0
223,"Degeneration, acidophilic, eosinophilic",0,137,10,0.0,1.0,1.0,0.0
223,Hemorrhage,0,137,10,0.0,1.0,1.0,0.0
223,Phagocytosis,0,137,10,0.0,1.0,1.0,0.0
223,"Lesion,NOS",0,137,10,0.0,1.0,1.0,0.0
223,"Deposit, glycogen",0,137,9,0.0,1.0,1.0,0.0
223,Granuloma,0,137,8,0.0,1.0,1.0,0.0
223,"Vacuolization, nuclear",2,135,3,15.88641975308642,0.015246643528953607,0.09822674898262954,0.014598540145985401
227,Hypertrophy,27,90,478,1.7334728033472804,0.01254819699900357,0.08222425832772333,0.23076923076923078
227,Cellular infiltration,2,115,202,0.26155832974601806,0.9949465140186371,1.0,0.017094017094017096
227,"Degeneration, granular, eosinophilic",67,50,135,30.82,5.9681625804578746e-55,9.08997069946661e-53,0.5726495726495726
227,Ground glass appearance,0,117,174,0.0,1.0,1.0,0.0
227,Necrosis,17,100,143,3.681748251748252,2.7372898573446928e-05,0.0002564590181802441,0.1452991452991453
227,"Proliferation, bile duct",1,116,154,0.17274966412897447,0.9964152664781566,1.0,0.008547008547008548
227,"Vacuolization, cytoplasmic",12,105,123,2.8961672473867597,0.0022406320074084838,0.016431301387662214,0.10256410256410256
227,"Change, eosinophilic",14,103,115,3.6935415787252004,0.00011853201169351115,0.0010296531934456403,0.11965811965811966
227,Increased mitosis,7,110,119,1.6689839572192513,0.14782638693926722,0.7709295332917009,0.05982905982905983
227,Single cell necrosis,4,113,107,1.036473409974361,0.5464437571076928,1.0,0.03418803418803419
227,Swelling,1,116,104,0.259946949602122,0.9772869332670275,1.0,0.008547008547008548
227,"Change, acidophilic",0,117,87,0.0,1.0,1.0,0.0
227,"Degeneration, fatty",0,117,80,0.0,1.0,1.0,0.0
227,Fibrosis,0,117,63,0.0,1.0,1.0,0.0
227,"Proliferation, oval cell",0,117,61,0.0,1.0,1.0,0.0
227,"Hematopoiesis, extramedullary",0,117,54,0.0,1.0,1.0,0.0
227,"Cellular infiltration, mononuclear cell",0,117,53,0.0,1.0,1.0,0.0
227,Anisonucleosis,0,117,47,0.0,1.0,1.0,0.0
227,"Alteration, nuclear",0,117,46,0.0,1.0,1.0,0.0
227,"Deposit, pigment",1,116,37,0.7462721342031687,0.7422194712886969,1.0,0.008547008547008548
227,"Degeneration, hydropic",0,117,35,0.0,1.0,1.0,0.0
227,"Alteration, cytoplasmic",0,117,35,0.0,1.0,1.0,0.0
227,Pyknosis,0,117,33,0.0,1.0,1.0,0.0
227,"Proliferation, Kupffer cell",6,111,23,7.560517038777908,0.0003881435667921976,0.003147539640608401,0.05128205128205128
227,Cellular foci,1,116,24,1.1551724137931034,0.5893864879361395,1.0,0.008547008547008548
227,Microgranuloma,0,117,20,0.0,1.0,1.0,0.0
227,Edema,0,117,18,0.0,1.0,1.0,0.0
227,"Deposit, hemosiderin",0,117,17,0.0,1.0,1.0,0.0
227,"Inclusion body, intracytoplasmic",0,117,11,0.0,1.0,1.0,0.0
227,"Degeneration, acidophilic, eosinophilic",0,117,10,0.0,1.0,1.0,0.0
227,Hemorrhage,0,117,10,0.0,1.0,1.0,0.0
227,Phagocytosis,0,117,10,0.0,1.0,1.0,0.0
227,"Lesion,NOS",0,117,10,0.0,1.0,1.0,0.0
227,"Deposit, glycogen",0,117,9,0.0,1.0,1.0,0.0
227,Granuloma,5,112,3,48.169642857142854,2.433769727994887e-06,2.5474171249849567e-05,0.042735042735042736
227,"Vacuolization, nuclear",0,117,5,0.0,1.0,1.0,0.0
240,Hypertrophy,33,29,472,6.805888369374634,1.5763848896358137e-12,2.774437405759032e-11,0.532258064516129
240,Cellular infiltration,6,56,198,1.675865800865801,0.17213175552147203,0.8812042747888273,0.0967741935483871
240,"Degeneration, granular, eosinophilic",51,11,151,96.53461770018062,2.5041837678594587e-54,3.718712895271296e-52,0.8225806451612904
240,Ground glass appearance,0,62,174,0.0,1.0,1.0,0.0
240,Necrosis,17,45,143,8.326961926961927,1.673780278392617e-09,2.3014478827898483e-08,0.27419354838709675
240,"Proliferation, bile duct",6,56,149,2.2622243528283796,0.06428004275604521,0.36944698013634114,0.0967741935483871
240,"Vacuolization, cytoplasmic",1,61,134,0.38671397112796674,0.9233662215982269,1.0,0.016129032258064516
240,"Change, eosinophilic",4,58,125,1.7489655172413794,0.21375129363959045,1.0,0.06451612903225806
240,Increased mitosis,6,56,120,2.8348214285714284,0.02734537082184222,0.17008534312224377,0.0967741935483871
240,Single cell necrosis,7,55,104,3.90506993006993,0.003913725560308814,0.027528158470378157,0.11290322580645161
240,Swelling,0,62,105,0.0,1.0,1.0,0.0
240,"Change, acidophilic",0,62,87,0.0,1.0,1.0,0.0
240,"Degeneration, fatty",0,62,80,0.0,1.0,1.0,0.0
240,Fibrosis,0,62,63,0.0,1.0,1.0,0.0
240,"Proliferation, oval cell",0,62,61,0.0,1.0,1.0,0.0
240,"Hematopoiesis, extramedullary",0,62,54,0.0,1.0,1.0,0.0
240,"Cellular infiltration, mononuclear cell",0,62,53,0.0,1.0,1.0,0.0
240,Anisonucleosis,0,62,47,0.0,1.0,1.0,0.0
240,"Alteration, nuclear",0,62,46,0.0,1.0,1.0,0.0
240,"Deposit, pigment",1,61,37,1.4435090828533452,0.5095094050682982,1.0,0.016129032258064516
240,"Degeneration, hydropic",0,62,35,0.0,1.0,1.0,0.0
240,"Alteration, cytoplasmic",0,62,35,0.0,1.0,1.0,0.0
240,Pyknosis,0,62,33,0.0,1.0,1.0,0.0
240,"Proliferation, Kupffer cell",0,62,29,0.0,1.0,1.0,0.0
240,Cellular foci,1,61,24,2.234289617486339,0.37357648270397226,1.0,0.016129032258064516
240,Microgranuloma,0,62,20,0.0,1.0,1.0,0.0
240,Edema,4,58,14,16.16256157635468,0.00026600085278545154,0.0021980256321314875,0.06451612903225806
240,"Deposit, hemosiderin",0,62,17,0.0,1.0,1.0,0.0
240,"Inclusion body, intracytoplasmic",0,62,11,0.0,1.0,1.0,0.0
240,"Degeneration, acidophilic, eosinophilic",0,62,10,0.0,1.0,1.0,0.0
240,Hemorrhage,0,62,10,0.0,1.0,1.0,0.0
240,Phagocytosis,0,62,10,0.0,1.0,1.0,0.0
240,"Lesion,NOS",0,62,10,0.0,1.0,1.0,0.0
240,"Deposit, glycogen",0,62,9,0.0,1.0,1.0,0.0
240,Granuloma,6,56,2,176.41071428571428,8.450604674269042e-10,1.192318094184278e-08,0.0967741935483871
240,"Vacuolization, nuclear",0,62,5,0.0,1.0,1.0,0.0
243,Hypertrophy,6,24,499,1.4168336673346693,0.2912660034261783,1.0,0.2
243,Cellular infiltration,0,30,204,0.0,1.0,1.0,0.0
243,"Degeneration, granular, eosinophilic",28,2,174,253.68965517241378,4.1061792899343084e-33,2.3229242840199802e-31,0.9333333333333333
243,Ground glass appearance,0,30,174,0.0,1.0,1.0,0.0
243,Necrosis,4,26,156,3.1272189349112427,0.05184385485508415,0.3043008871928852,0.13333333333333333
243,"Proliferation, bile duct",0,30,155,0.0,1.0,1.0,0.0
243,"Vacuolization, cytoplasmic",1,29,134,0.8216675244467319,0.709695532776468,1.0,0.03333333333333333
243,"Change, eosinophilic",0,30,129,0.0,1.0,1.0,0.0
243,Increased mitosis,2,28,124,1.8450460829493087,0.3114757806214408,1.0,0.06666666666666667
243,Single cell necrosis,0,30,111,0.0,1.0,1.0,0.0
243,Swelling,0,30,105,0.0,1.0,1.0,0.0
243,"Change, acidophilic",0,30,87,0.0,1.0,1.0,0.0
243,"Degeneration, fatty",0,30,80,0.0,1.0,1.0,0.0
243,Fibrosis,0,30,63,0.0,1.0,1.0,0.0
243,"Proliferation, oval cell",0,30,61,0.0,1.0,1.0,0.0
243,"Hematopoiesis, extramedullary",0,30,54,0.0,1.0,1.0,0.0
243,"Cellular infiltration, mononuclear cell",0,30,53,0.0,1.0,1.0,0.0
243,Anisonucleosis,0,30,47,0.0,1.0,1.0,0.0
243,"Alteration, nuclear",0,30,46,0.0,1.0,1.0,0.0
243,"Deposit, pigment",0,30,38,0.0,1.0,1.0,0.0
243,"Degeneration, hydropic",0,30,35,0.0,1.0,1.0,0.0
243,"Alteration, cytoplasmic",0,30,35,0.0,1.0,1.0,0.0
243,Pyknosis,0,30,33,0.0,1.0,1.0,0.0
243,"Proliferation, Kupffer cell",0,30,29,0.0,1.0,1.0,0.0
243,Cellular foci,1,29,24,4.745689655172414,0.20166566633122518,1.0,0.03333333333333333
243,Microgranuloma,0,30,20,0.0,1.0,1.0,0.0
243,Edema,0,30,18,0.0,1.0,1.0,0.0
243,"Deposit, hemosiderin",0,30,17,0.0,1.0,1.0,0.0
243,"Inclusion body, intracytoplasmic",0,30,11,0.0,1.0,1.0,0.0
243,"Degeneration, acidophilic, eosinophilic",0,30,10,0.0,1.0,1.0,0.0
243,Hemorrhage,0,30,10,0.0,1.0,1.0,0.0
243,Phagocytosis,0,30,10,0.0,1.0,1.0,0.0
243,"Lesion,NOS",0,30,10,0.0,1.0,1.0,0.0
243,"Deposit, glycogen",0,30,9,0.0,1.0,1.0,0.0
243,Granuloma,5,25,3,221.6,2.2111409368162082e-09,2.995251348845673e-08,0.16666666666666666
243,"Vacuolization, nuclear",0,30,5,0.0,1.0,1.0,0.0
246,Hypertrophy,44,62,461,4.295010845986985,1.82108416221697e-11,2.971769209771649e-10,0.41509433962264153
246,Cellular infiltration,6,100,198,0.9251515151515152,0.6324385960973555,1.0,0.05660377358490566
246,"Degeneration, granular, eosinophilic",0,106,202,0.0,1.0,1.0,0.0
246,Ground glass appearance,37,69,137,12.188511583624246,1.5175137134951816e-22,4.872449436843988e-21,0.3490566037735849
246,Necrosis,2,104,158,0.376460564751704,0.9663510454168012,1.0,0.018867924528301886
246,"Proliferation, bile duct",1,105,154,0.19152752009894866,0.9938595284316544,1.0,0.009433962264150943
246,"Vacuolization, cytoplasmic",0,106,135,0.0,1.0,1.0,0.0
246,"Change, eosinophilic",11,95,118,3.074308652988403,0.002168802149740583,0.0159636738159344,0.10377358490566038
246,Increased mitosis,2,104,124,0.48495657568238215,0.914452749262629,1.0,0.018867924528301886
246,Single cell necrosis,6,100,105,1.7977142857142858,0.1364076074346413,0.7192731364063644,0.05660377358490566
246,Swelling,0,106,105,0.0,1.0,1.0,0.0
246,"Change, acidophilic",5,101,82,1.9131852209611204,0.1385043901061371,0.7287122030384893,0.04716981132075472
246,"Degeneration, fatty",0,106,80,0.0,1.0,1.0,0.0
246,Fibrosis,5,101,58,2.7253328781153976,0.04714655092258497,0.2793521321497803,0.04716981132075472
246,"Proliferation, oval cell",0,106,61,0.0,1.0,1.0,0.0
246,"Hematopoiesis, extramedullary",15,91,39,13.575655114116653,3.55159487321019e-11,5.67872773805344e-10,0.14150943396226415
246,"Cellular infiltration, mononuclear cell",1,105,52,0.5858974358974359,0.8198628220407155,1.0,0.009433962264150943
246,Anisonucleosis,1,105,46,0.6635610766045549,0.7809811681204725,1.0,0.009433962264150943
246,"Alteration, nuclear",8,98,38,6.902255639097745,7.298573381445338e-05,0.0006514429133852037,0.07547169811320754
246,"Deposit, pigment",15,91,23,23.134257047300526,9.624262877799296e-14,1.8561078407184356e-12,0.14150943396226415
246,"Degeneration, hydropic",0,106,35,0.0,1.0,1.0,0.0
246,"Alteration, cytoplasmic",0,106,35,0.0,1.0,1.0,0.0
246,Pyknosis,0,106,33,0.0,1.0,1.0,0.0
246,"Proliferation, Kupffer cell",3,103,26,3.61277072442121,0.06171977422037528,0.35611020774067914,0.02830188679245283
246,Cellular foci,0,106,25,0.0,1.0,1.0,0.0
246,Microgranuloma,0,106,20,0.0,1.0,1.0,0.0
246,Edema,0,106,18,0.0,1.0,1.0,0.0
246,"Deposit, hemosiderin",1,105,16,1.9255952380952381,0.4211845773837788,1.0,0.009433962264150943
246,"Inclusion body, intracytoplasmic",1,105,10,3.0866666666666664,0.29775376455839847,1.0,0.009433962264150943
246,"Degeneration, acidophilic, eosinophilic",0,106,10,0.0,1.0,1.0,0.0
246,Hemorrhage,4,102,6,21.209150326797385,0.000170406797166267,0.0014493083894775473,0.03773584905660377
246,Phagocytosis,10,96,0,inf,6.44516451196256e-16,1.4696459578141115e-14,0.09433962264150944
246,"Lesion,NOS",1,105,9,3.430687830687831,0.2747861308167108,1.0,0.009433962264150943
246,"Deposit, glycogen",0,106,9,0.0,1.0,1.0,0.0
246,Granuloma,0,106,8,0.0,1.0,1.0,0.0
246,"Vacuolization, nuclear",0,106,5,0.0,1.0,1.0,0.0
256,Hypertrophy,50,20,455,15.56043956043956,7.659391485777808e-27,3.238205368364426e-25,0.7142857142857143
256,Cellular infiltration,20,50,184,6.745652173913044,2.058998396286262e-09,2.8019359619565627e-08,0.2857142857142857
256,"Degeneration, granular, eosinophilic",36,34,166,19.907158043940466,9.928880882160593e-27,4.124304366435939e-25,0.5142857142857142
256,Ground glass appearance,12,58,162,3.9910600255427844,0.00019566272024381447,0.0016485624939691602,0.17142857142857143
256,Necrosis,4,66,156,1.2163947163947164,0.4301429085829641,1.0,0.05714285714285714
256,"Proliferation, bile duct",4,66,151,1.2586795103351396,0.4062432933284919,1.0,0.05714285714285714
256,"Vacuolization, cytoplasmic",11,59,124,4.755740841990159,8.38018462626342e-05,0.0007451840820359986,0.15714285714285714
256,"Change, eosinophilic",8,62,121,3.3761663556384964,0.004855644850451773,0.03367487496985819,0.11428571428571428
256,Increased mitosis,6,64,120,2.47421875,0.0458309840122801,0.2722360450329438,0.08571428571428572
256,Single cell necrosis,18,52,93,11.88833746898263,3.1188269164050665e-12,5.385416245187818e-11,0.2571428571428571
256,Swelling,0,70,105,0.0,1.0,1.0,0.0
256,"Change, acidophilic",0,70,87,0.0,1.0,1.0,0.0
256,"Degeneration, fatty",0,70,80,0.0,1.0,1.0,0.0
256,Fibrosis,4,66,59,3.315870570107858,0.041066853470616574,0.24702492112958224,0.05714285714285714
256,"Proliferation, oval cell",11,59,50,12.070169491525423,2.6551831966309193e-08,3.306454546747937e-07,0.15714285714285714
256,"Hematopoiesis, extramedullary",0,70,54,0.0,1.0,1.0,0.0
256,"Cellular infiltration, mononuclear cell",0,70,53,0.0,1.0,1.0,0.0
256,Anisonucleosis,0,70,47,0.0,1.0,1.0,0.0
256,"Alteration, nuclear",26,44,20,96.525,4.5558130769119826e-34,2.7334878461471896e-32,0.37142857142857144
256,"Deposit, pigment",0,70,38,0.0,1.0,1.0,0.0
256,"Degeneration, hydropic",0,70,35,0.0,1.0,1.0,0.0
256,"Alteration, cytoplasmic",0,70,35,0.0,1.0,1.0,0.0
256,Pyknosis,0,70,33,0.0,1.0,1.0,0.0
256,"Proliferation, Kupffer cell",0,70,29,0.0,1.0,1.0,0.0
256,Cellular foci,7,63,18,20.179012345679013,4.512349495524436e-07,5.07639318246499e-06,0.1
256,Microgranuloma,0,70,20,0.0,1.0,1.0,0.0
256,Edema,0,70,18,0.0,1.0,1.0,0.0
256,"Deposit, hemosiderin",0,70,17,0.0,1.0,1.0,0.0
256,"Inclusion body, intracytoplasmic",0,70,11,0.0,1.0,1.0,0.0
256,"Degeneration, acidophilic, eosinophilic",0,70,10,0.0,1.0,1.0,0.0
256,Hemorrhage,0,70,10,0.0,1.0,1.0,0.0
256,Phagocytosis,0,70,10,0.0,1.0,1.0,0.0
256,"Lesion,NOS",0,70,10,0.0,1.0,1.0,0.0
256,"Deposit, glycogen",0,70,9,0.0,1.0,1.0,0.0
256,Granuloma,0,70,8,0.0,1.0,1.0,0.0
256,"Vacuolization, nuclear",2,68,3,32.19607843137255,0.004116002793418939,0.028848444357414155,0.02857142857142857
261,Hypertrophy,13,42,492,1.7678087495160666,0.05993747269644417,0.34724484119193705,0.23636363636363636
261,Cellular infiltration,7,48,197,2.298540609137056,0.04671290496831207,0.2770590669114066,0.12727272727272726
261,"Degeneration, granular, eosinophilic",39,16,163,46.94056748466258,8.304344501922997e-37,6.052491575634676e-35,0.7090909090909091
261,Ground glass appearance,0,55,174,0.0,1.0,1.0,0.0
261,Necrosis,6,49,154,2.5030479724357275,0.04486944588862473,0.2667912998783092,0.10909090909090909
261,"Proliferation, bile duct",7,48,148,3.1078265765765765,0.012254591442398193,0.0804779139500777,0.12727272727272726
261,"Vacuolization, cytoplasmic",5,50,130,2.44,0.06814556561414986,0.3897781990833415,0.09090909090909091
261,"Change, eosinophilic",6,49,123,3.1647585863613736,0.017733282092227142,0.11320332684344893,0.10909090909090909
261,Increased mitosis,4,51,122,2.0443587270973964,0.14977556715712156,0.7797255643411938,0.07272727272727272
261,Single cell necrosis,4,51,107,2.34194612424409,0.10681859851533011,0.5794543152338456,0.07272727272727272
261,Swelling,0,55,105,0.0,1.0,1.0,0.0
261,"Change, acidophilic",0,55,87,0.0,1.0,1.0,0.0
261,"Degeneration, fatty",0,55,80,0.0,1.0,1.0,0.0
261,Fibrosis,0,55,63,0.0,1.0,1.0,0.0
261,"Proliferation, oval cell",0,55,61,0.0,1.0,1.0,0.0
261,"Hematopoiesis, extramedullary",0,55,54,0.0,1.0,1.0,0.0
261,"Cellular infiltration, mononuclear cell",0,55,53,0.0,1.0,1.0,0.0
261,Anisonucleosis,0,55,47,0.0,1.0,1.0,0.0
261,"Alteration, nuclear",0,55,46,0.0,1.0,1.0,0.0
261,"Deposit, pigment",1,54,37,1.6341341341341342,0.46807388261600574,1.0,0.01818181818181818
261,"Degeneration, hydropic",0,55,35,0.0,1.0,1.0,0.0
261,"Alteration, cytoplasmic",0,55,35,0.0,1.0,1.0,0.0
261,Pyknosis,0,55,33,0.0,1.0,1.0,0.0
261,"Proliferation, Kupffer cell",0,55,29,0.0,1.0,1.0,0.0
261,Cellular foci,0,55,25,0.0,1.0,1.0,0.0
261,Microgranuloma,0,55,20,0.0,1.0,1.0,0.0
261,Edema,6,49,12,33.57142857142857,2.3374991267904922e-07,2.670143233295293e-06,0.10909090909090909
261,"Deposit, hemosiderin",0,55,17,0.0,1.0,1.0,0.0
261,"Inclusion body, intracytoplasmic",0,55,11,0.0,1.0,1.0,0.0
261,"Degeneration, acidophilic, eosinophilic",0,55,10,0.0,1.0,1.0,0.0
261,Hemorrhage,0,55,10,0.0,1.0,1.0,0.0
261,Phagocytosis,0,55,10,0.0,1.0,1.0,0.0
261,"Lesion,NOS",0,55,10,0.0,1.0,1.0,0.0
261,"Deposit, glycogen",0,55,9,0.0,1.0,1.0,0.0
261,Granuloma,0,55,8,0.0,1.0,1.0,0.0
261,"Vacuolization, nuclear",0,55,5,0.0,1.0,1.0,0.0
264,Hypertrophy,29,11,476,15.735103132161957,3.106698668035184e-16,7.250998069991746e-15,0.725
264,Cellular infiltration,0,40,204,0.0,1.0,1.0,0.0
264,"Degeneration, granular, eosinophilic",0,40,202,0.0,1.0,1.0,0.0
264,Ground glass appearance,29,11,145,57.67272727272727,7.251613430602459e-30,3.574654255417312e-28,0.725
264,Necrosis,1,39,159,0.5092726979519432,0.8598604668769079,1.0,0.025
264,"Proliferation, bile duct",0,40,155,0.0,1.0,1.0,0.0
264,"Vacuolization, cytoplasmic",0,40,135,0.0,1.0,1.0,0.0
264,"Change, eosinophilic",0,40,129,0.0,1.0,1.0,0.0
264,Increased mitosis,0,40,126,0.0,1.0,1.0,0.0
264,Single cell necrosis,1,39,110,0.7475524475524475,0.7415309596100997,1.0,0.025
264,Swelling,0,40,105,0.0,1.0,1.0,0.0
264,"Change, acidophilic",0,40,87,0.0,1.0,1.0,0.0
264,"Degeneration, fatty",0,40,80,0.0,1.0,1.0,0.0
264,Fibrosis,0,40,63,0.0,1.0,1.0,0.0
264,"Proliferation, oval cell",0,40,61,0.0,1.0,1.0,0.0
264,"Hematopoiesis, extramedullary",1,39,53,1.579100145137881,0.47925344659178193,1.0,0.025
264,"Cellular infiltration, mononuclear cell",0,40,53,0.0,1.0,1.0,0.0
264,Anisonucleosis,0,40,47,0.0,1.0,1.0,0.0
264,"Alteration, nuclear",1,39,45,1.8643874643874643,0.4260150865321141,1.0,0.025
264,"Deposit, pigment",1,39,37,2.273042273042273,0.3674834028208547,1.0,0.025
264,"Degeneration, hydropic",0,40,35,0.0,1.0,1.0,0.0
264,"Alteration, cytoplasmic",0,40,35,0.0,1.0,1.0,0.0
264,Pyknosis,0,40,33,0.0,1.0,1.0,0.0
264,"Proliferation, Kupffer cell",0,40,29,0.0,1.0,1.0,0.0
264,Cellular foci,0,40,25,0.0,1.0,1.0,0.0
264,Microgranuloma,0,40,20,0.0,1.0,1.0,0.0
264,Edema,0,40,18,0.0,1.0,1.0,0.0
264,"Deposit, hemosiderin",0,40,17,0.0,1.0,1.0,0.0
264,"Inclusion body, intracytoplasmic",0,40,11,0.0,1.0,1.0,0.0
264,"Degeneration, acidophilic, eosinophilic",0,40,10,0.0,1.0,1.0,0.0
264,Hemorrhage,0,40,10,0.0,1.0,1.0,0.0
264,Phagocytosis,1,39,9,9.424501424501425,0.11310753434955019,0.6093956952710459,0.025
264,"Lesion,NOS",0,40,10,0.0,1.0,1.0,0.0
264,"Deposit, glycogen",0,40,9,0.0,1.0,1.0,0.0
264,Granuloma,0,40,8,0.0,1.0,1.0,0.0
264,"Vacuolization, nuclear",0,40,5,0.0,1.0,1.0,0.0
268,Hypertrophy,68,67,437,6.468117080501384,4.5105502275699176e-23,1.4926277633295436e-21,0.5037037037037037
268,Cellular infiltration,5,130,199,0.5842674913026672,0.9223415685120785,1.0,0.037037037037037035
268,"Degeneration, granular, eosinophilic",1,134,201,0.11216306527066161,0.999807499304945,1.0,0.007407407407407408
268,Ground glass appearance,73,62,101,36.38342382625359,1.6825212018369388e-63,4.345293886483224e-61,0.5407407407407407
268,Necrosis,1,134,159,0.14376232047310616,0.9988070891604691,1.0,0.007407407407407408
268,"Proliferation, bile duct",0,135,155,0.0,1.0,1.0,0.0
268,"Vacuolization, cytoplasmic",17,118,118,3.7897155989658144,1.9416578837051826e-05,0.00018512757350254872,0.1259259259259259
268,"Change, eosinophilic",2,133,127,0.36646734947605236,0.9700813324028328,1.0,0.014814814814814815
268,Increased mitosis,11,124,115,2.396704067321178,0.01144896280789584,0.07547928865582829,0.08148148148148149
268,Single cell necrosis,0,135,111,0.0,1.0,1.0,0.0
268,Swelling,3,132,102,0.6951871657754011,0.8032009210756754,1.0,0.022222222222222223
268,"Change, acidophilic",0,135,87,0.0,1.0,1.0,0.0
268,"Degeneration, fatty",0,135,80,0.0,1.0,1.0,0.0
268,Fibrosis,0,135,63,0.0,1.0,1.0,0.0
268,"Proliferation, oval cell",0,135,61,0.0,1.0,1.0,0.0
268,"Hematopoiesis, extramedullary",0,135,54,0.0,1.0,1.0,0.0
268,"Cellular infiltration, mononuclear cell",0,135,53,0.0,1.0,1.0,0.0
268,Anisonucleosis,0,135,47,0.0,1.0,1.0,0.0
268,"Alteration, nuclear",1,134,45,0.5268656716417911,0.8506000601838699,1.0,0.007407407407407408
268,"Deposit, pigment",0,135,38,0.0,1.0,1.0,0.0
268,"Degeneration, hydropic",0,135,35,0.0,1.0,1.0,0.0
268,"Alteration, cytoplasmic",0,135,35,0.0,1.0,1.0,0.0
268,Pyknosis,0,135,33,0.0,1.0,1.0,0.0
268,"Proliferation, Kupffer cell",0,135,29,0.0,1.0,1.0,0.0
268,Cellular foci,0,135,25,0.0,1.0,1.0,0.0
268,Microgranuloma,0,135,20,0.0,1.0,1.0,0.0
268,Edema,0,135,18,0.0,1.0,1.0,0.0
268,"Deposit, hemosiderin",0,135,17,0.0,1.0,1.0,0.0
268,"Inclusion body, intracytoplasmic",0,135,11,0.0,1.0,1.0,0.0
268,"Degeneration, acidophilic, eosinophilic",0,135,10,0.0,1.0,1.0,0.0
268,Hemorrhage,0,135,10,0.0,1.0,1.0,0.0
268,Phagocytosis,0,135,10,0.0,1.0,1.0,0.0
268,"Lesion,NOS",0,135,10,0.0,1.0,1.0,0.0
268,"Deposit, glycogen",0,135,9,0.0,1.0,1.0,0.0
268,Granuloma,0,135,8,0.0,1.0,1.0,0.0
268,"Vacuolization, nuclear",0,135,5,0.0,1.0,1.0,0.0
271,Hypertrophy,31,15,474,12.369479606188467,7.761808445005305e-16,1.7530472305449245e-14,0.6739130434782609
271,Cellular infiltration,0,46,204,0.0,1.0,1.0,0.0
271,"Degeneration, granular, eosinophilic",46,0,156,inf,3.739373191675269e-59,6.730871745015484e-57,1.0
271,Ground glass appearance,0,46,174,0.0,1.0,1.0,0.0
271,Necrosis,10,36,150,5.853703703703704,4.2083851554097415e-05,0.0003863648813467367,0.21739130434782608
271,"Proliferation, bile duct",0,46,155,0.0,1.0,1.0,0.0
271,"Vacuolization, cytoplasmic",0,46,135,0.0,1.0,1.0,0.0
271,"Change, eosinophilic",0,46,129,0.0,1.0,1.0,0.0
271,Increased mitosis,3,43,123,1.8082813386273398,0.24777703355347042,1.0,0.06521739130434782
271,Single cell necrosis,2,44,109,1.335279399499583,0.45322673368540056,1.0,0.043478260869565216
271,Swelling,0,46,105,0.0,1.0,1.0,0.0
271,"Change, acidophilic",0,46,87,0.0,1.0,1.0,0.0
271,"Degeneration, fatty",0,46,80,0.0,1.0,1.0,0.0
271,Fibrosis,0,46,63,0.0,1.0,1.0,0.0
271,"Proliferation, oval cell",0,46,61,0.0,1.0,1.0,0.0
271,"Hematopoiesis, extramedullary",0,46,54,0.0,1.0,1.0,0.0
271,"Cellular infiltration, mononuclear cell",0,46,53,0.0,1.0,1.0,0.0
271,Anisonucleosis,0,46,47,0.0,1.0,1.0,0.0
271,"Alteration, nuclear",0,46,46,0.0,1.0,1.0,0.0
271,"Deposit, pigment",0,46,38,0.0,1.0,1.0,0.0
271,"Degeneration, hydropic",0,46,35,0.0,1.0,1.0,0.0
271,"Alteration, cytoplasmic",0,46,35,0.0,1.0,1.0,0.0
271,Pyknosis,0,46,33,0.0,1.0,1.0,0.0
271,"Proliferation, Kupffer cell",0,46,29,0.0,1.0,1.0,0.0
271,Cellular foci,1,45,24,3.0435185185185185,0.29261779971771706,1.0,0.021739130434782608
271,Microgranuloma,0,46,20,0.0,1.0,1.0,0.0
271,Edema,0,46,18,0.0,1.0,1.0,0.0
271,"Deposit, hemosiderin",0,46,17,0.0,1.0,1.0,0.0
271,"Inclusion body, intracytoplasmic",0,46,11,0.0,1.0,1.0,0.0
271,"Degeneration, acidophilic, eosinophilic",0,46,10,0.0,1.0,1.0,0.0
271,Hemorrhage,0,46,10,0.0,1.0,1.0,0.0
271,Phagocytosis,0,46,10,0.0,1.0,1.0,0.0
271,"Lesion,NOS",0,46,10,0.0,1.0,1.0,0.0
271,"Deposit, glycogen",0,46,9,0.0,1.0,1.0,0.0
271,Granuloma,5,41,3,134.47154471544715,2.1014475760966993e-08,2.6530496497373847e-07,0.10869565217391304
271,"Vacuolization, nuclear",0,46,5,0.0,1.0,1.0,0.0
293,Hypertrophy,8,15,497,3.0443997317236753,0.01513329762136321,0.09754941711437598,0.34782608695652173
293,Cellular infiltration,0,23,204,0.0,1.0,1.0,0.0
293,"Degeneration, granular, eosinophilic",0,23,202,0.0,1.0,1.0,0.0
293,Ground glass appearance,7,16,167,8.296781437125748,0.00010777772227321965,0.0009435514669166172,0.30434782608695654
293,Necrosis,0,23,160,0.0,1.0,1.0,0.0
293,"Proliferation, bile duct",3,20,152,3.1401315789473685,0.08698013876442216,0.4837659403189772,0.13043478260869565
293,"Vacuolization, cytoplasmic",0,23,135,0.0,1.0,1.0,0.0
293,"Change, eosinophilic",10,13,119,20.782159017453136,3.713776361368478e-09,4.979645956327034e-08,0.43478260869565216
293,Increased mitosis,2,21,124,2.4654377880184333,0.21287239555799353,1.0,0.08695652173913043
293,Single cell necrosis,13,10,98,42.926530612244896,2.4163734585761636e-14,4.957947614487879e-13,0.5652173913043478
293,Swelling,0,23,105,0.0,1.0,1.0,0.0
293,"Change, acidophilic",0,23,87,0.0,1.0,1.0,0.0
293,"Degeneration, fatty",0,23,80,0.0,1.0,1.0,0.0
293,Fibrosis,0,23,63,0.0,1.0,1.0,0.0
293,"Proliferation, oval cell",0,23,61,0.0,1.0,1.0,0.0
293,"Hematopoiesis, extramedullary",1,22,53,2.813893653516295,0.3121736348585625,1.0,0.043478260869565216
293,"Cellular infiltration, mononuclear cell",1,22,52,2.8688811188811187,0.307351932207464,1.0,0.043478260869565216
293,Anisonucleosis,7,16,40,36.028125,1.3756025153456632e-08,1.7724683169529803e-07,0.30434782608695654
293,"Alteration, nuclear",15,8,31,199.77822580645162,4.073648279339891e-24,1.4360516782954868e-22,0.6521739130434783
293,"Deposit, pigment",5,18,33,27.786195286195287,4.110907070320043e-06,4.184882261816805e-05,0.21739130434782608
293,"Degeneration, hydropic",0,23,35,0.0,1.0,1.0,0.0
293,"Alteration, cytoplasmic",0,23,35,0.0,1.0,1.0,0.0
293,Pyknosis,0,23,33,0.0,1.0,1.0,0.0
293,"Proliferation, Kupffer cell",10,13,19,134.21052631578948,4.3346777269458066e-16,9.999217746818676e-15,0.43478260869565216
293,Cellular foci,0,23,25,0.0,1.0,1.0,0.0
293,Microgranuloma,0,23,20,0.0,1.0,1.0,0.0
293,Edema,0,23,18,0.0,1.0,1.0,0.0
293,"Deposit, hemosiderin",0,23,17,0.0,1.0,1.0,0.0
293,"Inclusion body, intracytoplasmic",8,15,3,592.1777777777778,2.0150899663001415e-16,4.731080790443811e-15,0.34782608695652173
293,"Degeneration, acidophilic, eosinophilic",0,23,10,0.0,1.0,1.0,0.0
293,Hemorrhage,0,23,10,0.0,1.0,1.0,0.0
293,Phagocytosis,0,23,10,0.0,1.0,1.0,0.0
293,"Lesion,NOS",2,21,8,39.595238095238095,0.0019546848964070982,0.014513535355822704,0.08695652173913043
293,"Deposit, glycogen",0,23,9,0.0,1.0,1.0,0.0
293,Granuloma,0,23,8,0.0,1.0,1.0,0.0
293,"Vacuolization, nuclear",0,23,5,0.0,1.0,1.0,0.0
295,Hypertrophy,12,56,493,1.2152999130686757,0.3205456967846318,1.0,0.17647058823529413
295,Cellular infiltration,0,68,204,0.0,1.0,1.0,0.0
295,"Degeneration, granular, eosinophilic",34,34,168,18.577380952380953,1.0019433725760489e-24,3.651253762639098e-23,0.5
295,Ground glass appearance,0,68,174,0.0,1.0,1.0,0.0
295,Necrosis,11,57,149,4.06687860591075,0.0002951472009525354,0.002426538925478284,0.16176470588235295
295,"Proliferation, bile duct",0,68,155,0.0,1.0,1.0,0.0
295,"Vacuolization, cytoplasmic",11,57,124,4.92572156196944,6.361799869754938e-05,0.0005716957825468129,0.16176470588235295
295,"Change, eosinophilic",11,57,118,5.185994647636039,4.163333077934843e-05,0.00038252433848310854,0.16176470588235295
295,Increased mitosis,1,67,125,0.3777910447761194,0.9277945844569665,1.0,0.014705882352941176
295,Single cell necrosis,2,66,109,0.8840700583819849,0.6650512469141234,1.0,0.029411764705882353
295,Swelling,0,68,105,0.0,1.0,1.0,0.0
295,"Change, acidophilic",0,68,87,0.0,1.0,1.0,0.0
295,"Degeneration, fatty",0,68,80,0.0,1.0,1.0,0.0
295,Fibrosis,0,68,63,0.0,1.0,1.0,0.0
295,"Proliferation, oval cell",0,68,61,0.0,1.0,1.0,0.0
295,"Hematopoiesis, extramedullary",0,68,54,0.0,1.0,1.0,0.0
295,"Cellular infiltration, mononuclear cell",1,67,52,0.9291044776119403,0.6648500521974042,1.0,0.014705882352941176
295,Anisonucleosis,0,68,47,0.0,1.0,1.0,0.0
295,"Alteration, nuclear",0,68,46,0.0,1.0,1.0,0.0
295,"Deposit, pigment",0,68,38,0.0,1.0,1.0,0.0
295,"Degeneration, hydropic",0,68,35,0.0,1.0,1.0,0.0
295,"Alteration, cytoplasmic",0,68,35,0.0,1.0,1.0,0.0
295,Pyknosis,0,68,33,0.0,1.0,1.0,0.0
295,"Proliferation, Kupffer cell",6,62,23,13.741935483870968,1.819606661078721e-05,0.00017433005752915485,0.08823529411764706
295,Cellular foci,1,67,24,2.0304726368159205,0.40157886427353273,1.0,0.014705882352941176
295,Microgranuloma,0,68,20,0.0,1.0,1.0,0.0
295,Edema,0,68,18,0.0,1.0,1.0,0.0
295,"Deposit, hemosiderin",0,68,17,0.0,1.0,1.0,0.0
295,"Inclusion body, intracytoplasmic",0,68,11,0.0,1.0,1.0,0.0
295,"Degeneration, acidophilic, eosinophilic",0,68,10,0.0,1.0,1.0,0.0
295,Hemorrhage,0,68,10,0.0,1.0,1.0,0.0
295,Phagocytosis,0,68,10,0.0,1.0,1.0,0.0
295,"Lesion,NOS",0,68,10,0.0,1.0,1.0,0.0
295,"Deposit, glycogen",0,68,9,0.0,1.0,1.0,0.0
295,Granuloma,5,63,3,86.93121693121694,1.5717486615913342e-07,1.821695034117566e-06,0.07352941176470588
295,"Vacuolization, nuclear",0,68,5,0.0,1.0,1.0,0.0
298,Hypertrophy,30,28,475,6.369924812030075,4.4409747047724645e-11,7.034503932359583e-10,0.5172413793103449
298,Cellular infiltration,21,37,183,9.664155959237926,4.7736357945523955e-12,8.091269782437628e-11,0.3620689655172414
298,"Degeneration, granular, eosinophilic",17,41,185,6.979301252471984,2.0126151205246803e-08,2.5517468123621347e-07,0.29310344827586204
298,Ground glass appearance,0,58,174,0.0,1.0,1.0,0.0
298,Necrosis,17,41,143,9.15094661436125,5.278297484743737e-10,7.619219212485491e-09,0.29310344827586204
298,"Proliferation, bile duct",21,37,134,13.405607099636951,1.8052882282594047e-14,3.736380514237235e-13,0.3620689655172414
298,"Vacuolization, cytoplasmic",7,51,128,3.4002757352941178,0.007878595650949546,0.053180520643909435,0.1206896551724138
298,"Change, eosinophilic",19,39,110,14.123776223776224,9.132563531955576e-14,1.7698997513806238e-12,0.3275862068965517
298,Increased mitosis,13,45,113,8.145132743362831,1.1856542920064506e-07,1.402945516836318e-06,0.22413793103448276
298,Single cell necrosis,9,49,102,5.756902761104442,9.346161809616898e-05,0.0008243807697069696,0.15517241379310345
298,Swelling,0,58,105,0.0,1.0,1.0,0.0
298,"Change, acidophilic",0,58,87,0.0,1.0,1.0,0.0
298,"Degeneration, fatty",0,58,80,0.0,1.0,1.0,0.0
298,Fibrosis,0,58,63,0.0,1.0,1.0,0.0
298,"Proliferation, oval cell",0,58,61,0.0,1.0,1.0,0.0
298,"Hematopoiesis, extramedullary",0,58,54,0.0,1.0,1.0,0.0
298,"Cellular infiltration, mononuclear cell",0,58,53,0.0,1.0,1.0,0.0
298,Anisonucleosis,0,58,47,0.0,1.0,1.0,0.0
298,"Alteration, nuclear",0,58,46,0.0,1.0,1.0,0.0
298,"Deposit, pigment",5,53,33,9.336763865065752,0.0004195444634154037,0.0033836987273421558,0.08620689655172414
298,"Degeneration, hydropic",0,58,35,0.0,1.0,1.0,0.0
298,"Alteration, cytoplasmic",0,58,35,0.0,1.0,1.0,0.0
298,Pyknosis,0,58,33,0.0,1.0,1.0,0.0
298,"Proliferation, Kupffer cell",1,57,28,2.049498746867168,0.3980373898664905,1.0,0.017241379310344827
298,Cellular foci,0,58,25,0.0,1.0,1.0,0.0
298,Microgranuloma,0,58,20,0.0,1.0,1.0,0.0
298,Edema,18,40,0,inf,1.0285619244209038e-33,6.079261523442953e-32,0.3103448275862069
298,"Deposit, hemosiderin",0,58,17,0.0,1.0,1.0,0.0
298,"Inclusion body, intracytoplasmic",0,58,11,0.0,1.0,1.0,0.0
298,"Degeneration, acidophilic, eosinophilic",0,58,10,0.0,1.0,1.0,0.0
298,Hemorrhage,0,58,10,0.0,1.0,1.0,0.0
298,Phagocytosis,0,58,10,0.0,1.0,1.0,0.0
298,"Lesion,NOS",0,58,10,0.0,1.0,1.0,0.0
298,"Deposit, glycogen",0,58,9,0.0,1.0,1.0,0.0
298,Granuloma,0,58,8,0.0,1.0,1.0,0.0
298,"Vacuolization, nuclear",0,58,5,0.0,1.0,1.0,0.0
301,Hypertrophy,37,1,468,225.39957264957266,3.7726718974454435e-30,1.8991246670191472e-28,0.9736842105263158
301,Cellular infiltration,0,38,204,0.0,1.0,1.0,0.0
301,"Degeneration, granular, eosinophilic",2,36,200,0.8663888888888889,0.67695494629019,1.0,0.05263157894736842
301,Ground glass appearance,24,14,150,36.21714285714286,1.5151575902977564e-22,4.872449436843988e-21,0.631578947368421
301,Necrosis,2,36,158,1.111462728551336,0.5476574547258309,1.0,0.05263157894736842
301,"Proliferation, bile duct",0,38,155,0.0,1.0,1.0,0.0
301,"Vacuolization, cytoplasmic",0,38,135,0.0,1.0,1.0,0.0
301,"Change, eosinophilic",0,38,129,0.0,1.0,1.0,0.0
301,Increased mitosis,0,38,126,0.0,1.0,1.0,0.0
301,Single cell necrosis,0,38,111,0.0,1.0,1.0,0.0
301,Swelling,0,38,105,0.0,1.0,1.0,0.0
301,"Change, acidophilic",0,38,87,0.0,1.0,1.0,0.0
301,"Degeneration, fatty",0,38,80,0.0,1.0,1.0,0.0
301,Fibrosis,0,38,63,0.0,1.0,1.0,0.0
301,"Proliferation, oval cell",0,38,61,0.0,1.0,1.0,0.0
301,"Hematopoiesis, extramedullary",0,38,54,0.0,1.0,1.0,0.0
301,"Cellular infiltration, mononuclear cell",0,38,53,0.0,1.0,1.0,0.0
301,Anisonucleosis,0,38,47,0.0,1.0,1.0,0.0
301,"Alteration, nuclear",0,38,46,0.0,1.0,1.0,0.0
301,"Deposit, pigment",0,38,38,0.0,1.0,1.0,0.0
301,"Degeneration, hydropic",0,38,35,0.0,1.0,1.0,0.0
301,"Alteration, cytoplasmic",0,38,35,0.0,1.0,1.0,0.0
301,Pyknosis,0,38,33,0.0,1.0,1.0,0.0
301,"Proliferation, Kupffer cell",0,38,29,0.0,1.0,1.0,0.0
301,Cellular foci,0,38,25,0.0,1.0,1.0,0.0
301,Microgranuloma,0,38,20,0.0,1.0,1.0,0.0
301,Edema,0,38,18,0.0,1.0,1.0,0.0
301,"Deposit, hemosiderin",0,38,17,0.0,1.0,1.0,0.0
301,"Inclusion body, intracytoplasmic",0,38,11,0.0,1.0,1.0,0.0
301,"Degeneration, acidophilic, eosinophilic",0,38,10,0.0,1.0,1.0,0.0
301,Hemorrhage,0,38,10,0.0,1.0,1.0,0.0
301,Phagocytosis,0,38,10,0.0,1.0,1.0,0.0
301,"Lesion,NOS",0,38,10,0.0,1.0,1.0,0.0
301,"Deposit, glycogen",0,38,9,0.0,1.0,1.0,0.0
301,Granuloma,0,38,8,0.0,1.0,1.0,0.0
301,"Vacuolization, nuclear",0,38,5,0.0,1.0,1.0,0.0
313,Hypertrophy,41,6,464,41.91307471264368,1.9980130269762976e-28,9.094404122788665e-27,0.8723404255319149
313,Cellular infiltration,17,30,187,9.463636363636363,5.909726060577557e-10,8.479172173872147e-09,0.3617021276595745
313,"Degeneration, granular, eosinophilic",36,11,166,61.984665936473164,5.02397571009086e-36,3.5108724374046713e-34,0.7659574468085106
313,Ground glass appearance,1,46,173,0.39419452123649157,0.9194824082081174,1.0,0.02127659574468085
313,Necrosis,3,44,157,1.369281991893457,0.3899229369093943,1.0,0.06382978723404255
313,"Proliferation, bile duct",5,42,150,2.507936507936508,0.06337069294538472,0.36474991869727247,0.10638297872340426
313,"Vacuolization, cytoplasmic",1,46,134,0.5152498377676833,0.8566915708680067,1.0,0.02127659574468085
313,"Change, eosinophilic",7,40,122,4.572950819672132,0.0018310611899000381,0.013663949080409831,0.14893617021276595
313,Increased mitosis,2,45,124,1.1419354838709677,0.5323894709641976,1.0,0.0425531914893617
313,Single cell necrosis,17,30,94,19.387234042553192,2.356375330702717e-14,4.843207427119079e-13,0.3617021276595745
313,Swelling,0,47,105,0.0,1.0,1.0,0.0
313,"Change, acidophilic",0,47,87,0.0,1.0,1.0,0.0
313,"Degeneration, fatty",0,47,80,0.0,1.0,1.0,0.0
313,Fibrosis,5,42,58,6.674876847290641,0.0016576792850612832,0.012471963208694137,0.10638297872340426
313,"Proliferation, oval cell",12,35,49,22.817492711370264,1.3458650869646205e-11,2.2175973971067533e-10,0.2553191489361702
313,"Hematopoiesis, extramedullary",0,47,54,0.0,1.0,1.0,0.0
313,"Cellular infiltration, mononuclear cell",0,47,53,0.0,1.0,1.0,0.0
313,Anisonucleosis,0,47,47,0.0,1.0,1.0,0.0
313,"Alteration, nuclear",26,21,20,203.66666666666666,5.855078284674824e-40,4.93321489517283e-38,0.5531914893617021
313,"Deposit, pigment",0,47,38,0.0,1.0,1.0,0.0
313,"Degeneration, hydropic",0,47,35,0.0,1.0,1.0,0.0
313,"Alteration, cytoplasmic",0,47,35,0.0,1.0,1.0,0.0
313,Pyknosis,0,47,33,0.0,1.0,1.0,0.0
313,"Proliferation, Kupffer cell",0,47,29,0.0,1.0,1.0,0.0
313,Cellular foci,8,39,17,39.73453996983409,7.182023451579512e-10,1.023050822599096e-08,0.1702127659574468
313,Microgranuloma,0,47,20,0.0,1.0,1.0,0.0
313,Edema,0,47,18,0.0,1.0,1.0,0.0
313,"Deposit, hemosiderin",0,47,17,0.0,1.0,1.0,0.0
313,"Inclusion body, intracytoplasmic",0,47,11,0.0,1.0,1.0,0.0
313,"Degeneration, acidophilic, eosinophilic",0,47,10,0.0,1.0,1.0,0.0
313,Hemorrhage,0,47,10,0.0,1.0,1.0,0.0
313,Phagocytosis,0,47,10,0.0,1.0,1.0,0.0
313,"Lesion,NOS",0,47,10,0.0,1.0,1.0,0.0
313,"Deposit, glycogen",0,47,9,0.0,1.0,1.0,0.0
313,Granuloma,0,47,8,0.0,1.0,1.0,0.0
313,"Vacuolization, nuclear",0,47,5,0.0,1.0,1.0,0.0
327,Hypertrophy,0,40,505,0.0,1.0,1.0,0.0
327,Cellular infiltration,10,30,194,5.365979381443299,9.347145595919934e-05,0.0008243807697069696,0.25
327,"Degeneration, granular, eosinophilic",19,21,183,15.494665625813166,1.2051214153547608e-13,2.294365771540795e-12,0.475
327,Ground glass appearance,0,40,174,0.0,1.0,1.0,0.0
327,Necrosis,6,34,154,3.624522536287242,0.010648534757153017,0.07043685574330615,0.15
327,"Proliferation, bile duct",7,33,148,4.541973791973792,0.002009999964527815,0.014887032156228455,0.175
327,"Vacuolization, cytoplasmic",0,40,135,0.0,1.0,1.0,0.0
327,"Change, eosinophilic",1,39,128,0.6388221153846154,0.7933562631425299,1.0,0.025
327,Increased mitosis,0,40,126,0.0,1.0,1.0,0.0
327,Single cell necrosis,0,40,111,0.0,1.0,1.0,0.0
327,Swelling,20,20,85,38.023529411764706,1.0360965496919839e-20,2.9948484210074863e-19,0.5
327,"Change, acidophilic",3,37,84,3.120656370656371,0.08360310196230337,0.4673905182645478,0.075
327,"Degeneration, fatty",0,40,80,0.0,1.0,1.0,0.0
327,Fibrosis,5,35,58,8.027093596059114,0.0007865900035790955,0.00614377990961187,0.125
327,"Proliferation, oval cell",0,40,61,0.0,1.0,1.0,0.0
327,"Hematopoiesis, extramedullary",0,40,54,0.0,1.0,1.0,0.0
327,"Cellular infiltration, mononuclear cell",0,40,53,0.0,1.0,1.0,0.0
327,Anisonucleosis,0,40,47,0.0,1.0,1.0,0.0
327,"Alteration, nuclear",0,40,46,0.0,1.0,1.0,0.0
327,"Deposit, pigment",1,39,37,2.273042273042273,0.3674834028208547,1.0,0.025
327,"Degeneration, hydropic",0,40,35,0.0,1.0,1.0,0.0
327,"Alteration, cytoplasmic",1,39,34,2.475867269984917,0.3440664236010306,1.0,0.025
327,Pyknosis,0,40,33,0.0,1.0,1.0,0.0
327,"Proliferation, Kupffer cell",0,40,29,0.0,1.0,1.0,0.0
327,Cellular foci,0,40,25,0.0,1.0,1.0,0.0
327,Microgranuloma,0,40,20,0.0,1.0,1.0,0.0
327,Edema,0,40,18,0.0,1.0,1.0,0.0
327,"Deposit, hemosiderin",0,40,17,0.0,1.0,1.0,0.0
327,"Inclusion body, intracytoplasmic",0,40,11,0.0,1.0,1.0,0.0
327,"Degeneration, acidophilic, eosinophilic",2,38,8,21.769736842105264,0.005865398237041161,0.04032461287965798,0.05
327,Hemorrhage,0,40,10,0.0,1.0,1.0,0.0
327,Phagocytosis,0,40,10,0.0,1.0,1.0,0.0
327,"Lesion,NOS",0,40,10,0.0,1.0,1.0,0.0
327,"Deposit, glycogen",0,40,9,0.0,1.0,1.0,0.0
327,Granuloma,0,40,8,0.0,1.0,1.0,0.0
327,"Vacuolization, nuclear",0,40,5,0.0,1.0,1.0,0.0
337,Hypertrophy,35,44,470,4.752417794970986,2.7261780857688616e-10,4.043320306983031e-09,0.4430379746835443
337,Cellular infiltration,1,78,203,0.19420234937476316,0.9933499295450047,1.0,0.012658227848101266
337,"Degeneration, granular, eosinophilic",0,79,202,0.0,1.0,1.0,0.0
337,Ground glass appearance,29,50,145,12.532,1.9244725729252657e-18,5.058127027954017e-17,0.3670886075949367
337,Necrosis,0,79,160,0.0,1.0,1.0,0.0
337,"Proliferation, bile duct",2,77,153,0.5305152363975894,0.8876804831176534,1.0,0.02531645569620253
337,"Vacuolization, cytoplasmic",0,79,135,0.0,1.0,1.0,0.0
337,"Change, eosinophilic",4,75,125,1.34528,0.36088910500207555,1.0,0.05063291139240506
337,Increased mitosis,1,78,125,0.3233846153846154,0.953046459998241,1.0,0.012658227848101266
337,Single cell necrosis,4,75,107,1.5805607476635515,0.2640637053826883,1.0,0.05063291139240506
337,Swelling,0,79,105,0.0,1.0,1.0,0.0
337,"Change, acidophilic",1,78,86,0.47584973166368516,0.8774421022822457,1.0,0.012658227848101266
337,"Degeneration, fatty",0,79,80,0.0,1.0,1.0,0.0
337,Fibrosis,1,78,62,0.6650124069478908,0.7800810697419873,1.0,0.012658227848101266
337,"Proliferation, oval cell",0,79,61,0.0,1.0,1.0,0.0
337,"Hematopoiesis, extramedullary",1,78,53,0.7801161103047896,0.7264727063801888,1.0,0.012658227848101266
337,"Cellular infiltration, mononuclear cell",3,76,50,2.548421052631579,0.1274974303784542,0.6789195306571206,0.0379746835443038
337,Anisonucleosis,1,78,46,0.9007803790412486,0.6760295657515154,1.0,0.012658227848101266
337,"Alteration, nuclear",2,77,44,1.9090909090909092,0.29505611203153986,1.0,0.02531645569620253
337,"Deposit, pigment",2,77,36,2.339105339105339,0.22465512829361875,1.0,0.02531645569620253
337,"Degeneration, hydropic",0,79,35,0.0,1.0,1.0,0.0
337,"Alteration, cytoplasmic",0,79,35,0.0,1.0,1.0,0.0
337,Pyknosis,0,79,33,0.0,1.0,1.0,0.0
337,"Proliferation, Kupffer cell",1,78,28,1.4880952380952381,0.5001985649981461,1.0,0.012658227848101266
337,Cellular foci,0,79,25,0.0,1.0,1.0,0.0
337,Microgranuloma,0,79,20,0.0,1.0,1.0,0.0
337,Edema,0,79,18,0.0,1.0,1.0,0.0
337,"Deposit, hemosiderin",0,79,17,0.0,1.0,1.0,0.0
337,"Inclusion body, intracytoplasmic",0,79,11,0.0,1.0,1.0,0.0
337,"Degeneration, acidophilic, eosinophilic",0,79,10,0.0,1.0,1.0,0.0
337,Hemorrhage,1,78,9,4.656695156695156,0.21216456678362672,1.0,0.012658227848101266
337,Phagocytosis,1,78,9,4.656695156695156,0.21216456678362672,1.0,0.012658227848101266
337,"Lesion,NOS",0,79,10,0.0,1.0,1.0,0.0
337,"Deposit, glycogen",0,79,9,0.0,1.0,1.0,0.0
337,Granuloma,0,79,8,0.0,1.0,1.0,0.0
337,"Vacuolization, nuclear",0,79,5,0.0,1.0,1.0,0.0
346,Hypertrophy,0,79,505,0.0,1.0,1.0,0.0
346,Cellular infiltration,37,42,167,16.41103507271172,2.0700150090900454e-25,7.907324214787698e-24,0.46835443037974683
346,"Degeneration, granular, eosinophilic",15,64,187,3.874080882352941,5.0803358296328006e-05,0.00046284041147268156,0.189873417721519
346,Ground glass appearance,0,79,174,0.0,1.0,1.0,0.0
346,Necrosis,16,63,144,5.527336860670194,5.320303634882985e-07,5.9571354554580446e-06,0.20253164556962025
346,"Proliferation, bile duct",19,60,136,7.31593137254902,1.143596214010527e-09,1.5983438849935367e-08,0.24050632911392406
346,"Vacuolization, cytoplasmic",0,79,135,0.0,1.0,1.0,0.0
346,"Change, eosinophilic",3,76,126,0.9874686716791979,0.591949432848292,1.0,0.0379746835443038
346,Increased mitosis,1,78,125,0.3233846153846154,0.953046459998241,1.0,0.012658227848101266
346,Single cell necrosis,0,79,111,0.0,1.0,1.0,0.0
346,Swelling,16,63,89,9.100053504547887,1.1260869203793145e-09,1.575725867385896e-08,0.20253164556962025
346,"Change, acidophilic",11,68,76,6.815402476780186,4.002082199761453e-06,4.0916296500142905e-05,0.13924050632911392
346,"Degeneration, fatty",10,69,70,6.641821946169772,1.2706204346478803e-05,0.0001238307691847155,0.12658227848101267
346,Fibrosis,21,58,42,27.896551724137932,4.97827889400475e-20,1.4115024644576715e-18,0.26582278481012656
346,"Proliferation, oval cell",0,79,61,0.0,1.0,1.0,0.0
346,"Hematopoiesis, extramedullary",0,79,54,0.0,1.0,1.0,0.0
346,"Cellular infiltration, mononuclear cell",0,79,53,0.0,1.0,1.0,0.0
346,Anisonucleosis,0,79,47,0.0,1.0,1.0,0.0
346,"Alteration, nuclear",0,79,46,0.0,1.0,1.0,0.0
346,"Deposit, pigment",2,77,36,2.339105339105339,0.22465512829361875,1.0,0.02531645569620253
346,"Degeneration, hydropic",7,72,28,11.284722222222221,1.2096514774723008e-05,0.00011817976605568203,0.08860759493670886
346,"Alteration, cytoplasmic",1,78,34,1.2232277526395174,0.5673385394406139,1.0,0.012658227848101266
346,Pyknosis,0,79,33,0.0,1.0,1.0,0.0
346,"Proliferation, Kupffer cell",0,79,29,0.0,1.0,1.0,0.0
346,Cellular foci,0,79,25,0.0,1.0,1.0,0.0
346,Microgranuloma,0,79,20,0.0,1.0,1.0,0.0
346,Edema,0,79,18,0.0,1.0,1.0,0.0
346,"Deposit, hemosiderin",0,79,17,0.0,1.0,1.0,0.0
346,"Inclusion body, intracytoplasmic",0,79,11,0.0,1.0,1.0,0.0
346,"Degeneration, acidophilic, eosinophilic",7,72,3,106.13425925925925,3.4685497059618904e-10,5.106117782754307e-09,0.08860759493670886
346,Hemorrhage,0,79,10,0.0,1.0,1.0,0.0
346,Phagocytosis,0,79,10,0.0,1.0,1.0,0.0
346,"Lesion,NOS",0,79,10,0.0,1.0,1.0,0.0
346,"Deposit, glycogen",0,79,9,0.0,1.0,1.0,0.0
346,Granuloma,0,79,8,0.0,1.0,1.0,0.0
346,"Vacuolization, nuclear",0,79,5,0.0,1.0,1.0,0.0
359,Hypertrophy,11,16,494,3.9468623481781377,0.001053606496963788,0.008106765015498575,0.4074074074074074
359,Cellular infiltration,0,27,204,0.0,1.0,1.0,0.0
359,"Degeneration, granular, eosinophilic",0,27,202,0.0,1.0,1.0,0.0
359,Ground glass appearance,14,13,160,21.33653846153846,6.715778740980748e-12,1.1237105837021308e-10,0.5185185185185185
359,Necrosis,0,27,160,0.0,1.0,1.0,0.0
359,"Proliferation, bile duct",0,27,155,0.0,1.0,1.0,0.0
359,"Vacuolization, cytoplasmic",0,27,135,0.0,1.0,1.0,0.0
359,"Change, eosinophilic",8,19,121,11.166594171378861,4.591962974904939e-06,4.6665971036672946e-05,0.2962962962962963
359,Increased mitosis,0,27,126,0.0,1.0,1.0,0.0
359,Single cell necrosis,10,17,101,18.806057076295865,5.482249705581466e-09,7.268875725703997e-08,0.37037037037037035
359,Swelling,0,27,105,0.0,1.0,1.0,0.0
359,"Change, acidophilic",0,27,87,0.0,1.0,1.0,0.0
359,"Degeneration, fatty",0,27,80,0.0,1.0,1.0,0.0
359,Fibrosis,0,27,63,0.0,1.0,1.0,0.0
359,"Proliferation, oval cell",0,27,61,0.0,1.0,1.0,0.0
359,"Hematopoiesis, extramedullary",0,27,54,0.0,1.0,1.0,0.0
359,"Cellular infiltration, mononuclear cell",0,27,53,0.0,1.0,1.0,0.0
359,Anisonucleosis,4,23,43,13.294236602628919,0.00046771467826375233,0.0037442387990386642,0.14814814814814814
359,"Alteration, nuclear",12,15,34,77.55294117647058,1.4001595648113454e-16,3.320138848295166e-15,0.4444444444444444
359,"Deposit, pigment",3,24,35,11.767857142857142,0.0032458863935899028,0.02315353924444871,0.1111111111111111
359,"Degeneration, hydropic",0,27,35,0.0,1.0,1.0,0.0
359,"Alteration, cytoplasmic",0,27,35,0.0,1.0,1.0,0.0
359,Pyknosis,0,27,33,0.0,1.0,1.0,0.0
359,"Proliferation, Kupffer cell",8,19,21,66.34586466165413,2.1595976817393775e-11,3.5097155210757597e-10,0.2962962962962963
359,Cellular foci,0,27,25,0.0,1.0,1.0,0.0
359,Microgranuloma,0,27,20,0.0,1.0,1.0,0.0
359,Edema,0,27,18,0.0,1.0,1.0,0.0
359,"Deposit, hemosiderin",0,27,17,0.0,1.0,1.0,0.0
359,"Inclusion body, intracytoplasmic",7,20,4,291.025,3.0292154460512696e-13,5.676195504588184e-12,0.25925925925925924
359,"Degeneration, acidophilic, eosinophilic",0,27,10,0.0,1.0,1.0,0.0
359,Hemorrhage,0,27,10,0.0,1.0,1.0,0.0
359,Phagocytosis,0,27,10,0.0,1.0,1.0,0.0
359,"Lesion,NOS",0,27,10,0.0,1.0,1.0,0.0
359,"Deposit, glycogen",0,27,9,0.0,1.0,1.0,0.0
359,Granuloma,0,27,8,0.0,1.0,1.0,0.0
359,"Vacuolization, nuclear",0,27,5,0.0,1.0,1.0,0.0
361,Hypertrophy,0,45,505,0.0,1.0,1.0,0.0
361,Cellular infiltration,0,45,204,0.0,1.0,1.0,0.0
361,"Degeneration, granular, eosinophilic",17,28,185,10.262355212355212,2.2647854395788008e-10,3.4100951865901335e-09,0.37777777777777777
361,Ground glass appearance,0,45,174,0.0,1.0,1.0,0.0
361,Necrosis,5,40,155,2.545967741935484,0.06068833995949663,0.3504995035093923,0.1111111111111111
361,"Proliferation, bile duct",0,45,155,0.0,1.0,1.0,0.0
361,"Vacuolization, cytoplasmic",0,45,135,0.0,1.0,1.0,0.0
361,"Change, eosinophilic",0,45,129,0.0,1.0,1.0,0.0
361,Increased mitosis,14,31,112,12.903225806451612,3.3264989520455037e-10,4.909168639788892e-09,0.3111111111111111
361,Single cell necrosis,1,44,110,0.6615702479338843,0.7820015579590763,1.0,0.022222222222222223
361,Swelling,1,44,104,0.701048951048951,0.7629767262146309,1.0,0.022222222222222223
361,"Change, acidophilic",0,45,87,0.0,1.0,1.0,0.0
361,"Degeneration, fatty",0,45,80,0.0,1.0,1.0,0.0
361,Fibrosis,0,45,63,0.0,1.0,1.0,0.0
361,"Proliferation, oval cell",0,45,61,0.0,1.0,1.0,0.0
361,"Hematopoiesis, extramedullary",0,45,54,0.0,1.0,1.0,0.0
361,"Cellular infiltration, mononuclear cell",0,45,53,0.0,1.0,1.0,0.0
361,Anisonucleosis,0,45,47,0.0,1.0,1.0,0.0
361,"Alteration, nuclear",0,45,46,0.0,1.0,1.0,0.0
361,"Deposit, pigment",0,45,38,0.0,1.0,1.0,0.0
361,"Degeneration, hydropic",0,45,35,0.0,1.0,1.0,0.0
361,"Alteration, cytoplasmic",1,44,34,2.1911764705882355,0.3779698822684677,1.0,0.022222222222222223
361,Pyknosis,0,45,33,0.0,1.0,1.0,0.0
361,"Proliferation, Kupffer cell",1,44,28,2.6655844155844157,0.324985840391581,1.0,0.022222222222222223
361,Cellular foci,0,45,25,0.0,1.0,1.0,0.0
361,Microgranuloma,0,45,20,0.0,1.0,1.0,0.0
361,Edema,0,45,18,0.0,1.0,1.0,0.0
361,"Deposit, hemosiderin",0,45,17,0.0,1.0,1.0,0.0
361,"Inclusion body, intracytoplasmic",0,45,11,0.0,1.0,1.0,0.0
361,"Degeneration, acidophilic, eosinophilic",0,45,10,0.0,1.0,1.0,0.0
361,Hemorrhage,0,45,10,0.0,1.0,1.0,0.0
361,Phagocytosis,0,45,10,0.0,1.0,1.0,0.0
361,"Lesion,NOS",0,45,10,0.0,1.0,1.0,0.0
361,"Deposit, glycogen",0,45,9,0.0,1.0,1.0,0.0
361,Granuloma,1,44,7,10.730519480519481,0.10244183044332121,0.5582609842507597,0.022222222222222223
361,"Vacuolization, nuclear",0,45,5,0.0,1.0,1.0,0.0
375,Hypertrophy,1,27,504,0.20759847148736038,0.9897944071656157,1.0,0.03571428571428571
375,Cellular infiltration,3,25,201,1.8674626865671642,0.24015664426532207,1.0,0.10714285714285714
375,"Degeneration, granular, eosinophilic",0,28,202,0.0,1.0,1.0,0.0
375,Ground glass appearance,0,28,174,0.0,1.0,1.0,0.0
375,Necrosis,4,24,156,3.389957264957265,0.04166425205537405,0.2501118314390317,0.14285714285714285
375,"Proliferation, bile duct",25,3,130,205.06410256410257,1.6795807448855457e-31,9.069736022381947e-30,0.8928571428571429
375,"Vacuolization, cytoplasmic",0,28,135,0.0,1.0,1.0,0.0
375,"Change, eosinophilic",0,28,129,0.0,1.0,1.0,0.0
375,Increased mitosis,0,28,126,0.0,1.0,1.0,0.0
375,Single cell necrosis,1,27,110,1.0838383838383838,0.6114568208846135,1.0,0.03571428571428571
375,Swelling,21,7,84,115.89285714285714,3.1275067954376182e-27,1.3461877076014095e-25,0.75
375,"Change, acidophilic",4,24,83,6.518072289156627,0.005357380430675789,0.0370033020444351,0.14285714285714285
375,"Degeneration, fatty",0,28,80,0.0,1.0,1.0,0.0
375,Fibrosis,0,28,63,0.0,1.0,1.0,0.0
375,"Proliferation, oval cell",20,8,41,200.4878048780488,1.3748036632481316e-30,7.039942896287846e-29,0.7142857142857143
375,"Hematopoiesis, extramedullary",0,28,54,0.0,1.0,1.0,0.0
375,"Cellular infiltration, mononuclear cell",0,28,53,0.0,1.0,1.0,0.0
375,Anisonucleosis,3,25,44,8.959090909090909,0.00659421063064809,0.044996681385467724,0.10714285714285714
375,"Alteration, nuclear",0,28,46,0.0,1.0,1.0,0.0
375,"Deposit, pigment",1,27,37,3.295295295295295,0.2738898121663807,1.0,0.03571428571428571
375,"Degeneration, hydropic",0,28,35,0.0,1.0,1.0,0.0
375,"Alteration, cytoplasmic",0,28,35,0.0,1.0,1.0,0.0
375,Pyknosis,0,28,33,0.0,1.0,1.0,0.0
375,"Proliferation, Kupffer cell",0,28,29,0.0,1.0,1.0,0.0
375,Cellular foci,13,15,12,239.5611111111111,1.716413792138871e-22,5.481450497475749e-21,0.4642857142857143
375,Microgranuloma,0,28,20,0.0,1.0,1.0,0.0
375,Edema,0,28,18,0.0,1.0,1.0,0.0
375,"Deposit, hemosiderin",0,28,17,0.0,1.0,1.0,0.0
375,"Inclusion body, intracytoplasmic",0,28,11,0.0,1.0,1.0,0.0
375,"Degeneration, acidophilic, eosinophilic",0,28,10,0.0,1.0,1.0,0.0
375,Hemorrhage,0,28,10,0.0,1.0,1.0,0.0
375,Phagocytosis,0,28,10,0.0,1.0,1.0,0.0
375,"Lesion,NOS",0,28,10,0.0,1.0,1.0,0.0
375,"Deposit, glycogen",0,28,9,0.0,1.0,1.0,0.0
375,Granuloma,0,28,8,0.0,1.0,1.0,0.0
375,"Vacuolization, nuclear",0,28,5,0.0,1.0,1.0,0.0
376,Hypertrophy,1,21,504,0.26747921390778534,0.9726445642163548,1.0,0.045454545454545456
376,Cellular infiltration,0,22,204,0.0,1.0,1.0,0.0
376,"Degeneration, granular, eosinophilic",22,0,180,inf,4.586522901137262e-28,2.0484169949440102e-26,1.0
376,Ground glass appearance,0,22,174,0.0,1.0,1.0,0.0
376,Necrosis,0,22,160,0.0,1.0,1.0,0.0
376,"Proliferation, bile duct",0,22,155,0.0,1.0,1.0,0.0
376,"Vacuolization, cytoplasmic",0,22,135,0.0,1.0,1.0,0.0
376,"Change, eosinophilic",0,22,129,0.0,1.0,1.0,0.0
376,Increased mitosis,0,22,126,0.0,1.0,1.0,0.0
376,Single cell necrosis,0,22,111,0.0,1.0,1.0,0.0
376,Swelling,0,22,105,0.0,1.0,1.0,0.0
376,"Change, acidophilic",0,22,87,0.0,1.0,1.0,0.0
376,"Degeneration, fatty",0,22,80,0.0,1.0,1.0,0.0
376,Fibrosis,0,22,63,0.0,1.0,1.0,0.0
376,"Proliferation, oval cell",0,22,61,0.0,1.0,1.0,0.0
376,"Hematopoiesis, extramedullary",0,22,54,0.0,1.0,1.0,0.0
376,"Cellular infiltration, mononuclear cell",0,22,53,0.0,1.0,1.0,0.0
376,Anisonucleosis,0,22,47,0.0,1.0,1.0,0.0
376,"Alteration, nuclear",0,22,46,0.0,1.0,1.0,0.0
376,"Deposit, pigment",0,22,38,0.0,1.0,1.0,0.0
376,"Degeneration, hydropic",0,22,35,0.0,1.0,1.0,0.0
376,"Alteration, cytoplasmic",0,22,35,0.0,1.0,1.0,0.0
376,Pyknosis,0,22,33,0.0,1.0,1.0,0.0
376,"Proliferation, Kupffer cell",0,22,29,0.0,1.0,1.0,0.0
376,Cellular foci,0,22,25,0.0,1.0,1.0,0.0
376,Microgranuloma,0,22,20,0.0,1.0,1.0,0.0
376,Edema,0,22,18,0.0,1.0,1.0,0.0
376,"Deposit, hemosiderin",0,22,17,0.0,1.0,1.0,0.0
376,"Inclusion body, intracytoplasmic",0,22,11,0.0,1.0,1.0,0.0
376,"Degeneration, acidophilic, eosinophilic",0,22,10,0.0,1.0,1.0,0.0
376,Hemorrhage,0,22,10,0.0,1.0,1.0,0.0
376,Phagocytosis,0,22,10,0.0,1.0,1.0,0.0
376,"Lesion,NOS",0,22,10,0.0,1.0,1.0,0.0
376,"Deposit, glycogen",0,22,9,0.0,1.0,1.0,0.0
376,Granuloma,1,21,7,22.639455782312925,0.05129313182179249,0.3015152924507149,0.045454545454545456
376,"Vacuolization, nuclear",0,22,5,0.0,1.0,1.0,0.0
377,Hypertrophy,11,26,494,2.4202740579258797,0.016718682247912196,0.10707166852032177,0.2972972972972973
377,Cellular infiltration,0,37,204,0.0,1.0,1.0,0.0
377,"Degeneration, granular, eosinophilic",32,5,170,118.58823529411765,2.555584358111046e-35,1.725019441724956e-33,0.8648648648648649
377,Ground glass appearance,0,37,174,0.0,1.0,1.0,0.0
377,Necrosis,9,28,151,6.7457426679280985,3.9894342349364e-05,0.0003673990597755383,0.24324324324324326
377,"Proliferation, bile duct",0,37,155,0.0,1.0,1.0,0.0
377,"Vacuolization, cytoplasmic",2,35,133,1.369280343716434,0.44234086421925073,1.0,0.05405405405405406
377,"Change, eosinophilic",1,36,128,0.6927083333333334,0.7672595025969292,1.0,0.02702702702702703
377,Increased mitosis,2,35,124,1.4728110599078341,0.40752686693463275,1.0,0.05405405405405406
377,Single cell necrosis,1,36,110,0.8106060606060606,0.7137620508382427,1.0,0.02702702702702703
377,Swelling,1,36,104,0.8589743589743589,0.6934031774234493,1.0,0.02702702702702703
377,"Change, acidophilic",0,37,87,0.0,1.0,1.0,0.0
377,"Degeneration, fatty",0,37,80,0.0,1.0,1.0,0.0
377,Fibrosis,0,37,63,0.0,1.0,1.0,0.0
377,"Proliferation, oval cell",0,37,61,0.0,1.0,1.0,0.0
377,"Hematopoiesis, extramedullary",0,37,54,0.0,1.0,1.0,0.0
377,"Cellular infiltration, mononuclear cell",1,36,52,1.7457264957264957,0.44679065199767753,1.0,0.02702702702702703
377,Anisonucleosis,0,37,47,0.0,1.0,1.0,0.0
377,"Alteration, nuclear",0,37,46,0.0,1.0,1.0,0.0
377,"Deposit, pigment",0,37,38,0.0,1.0,1.0,0.0
377,"Degeneration, hydropic",0,37,35,0.0,1.0,1.0,0.0
377,"Alteration, cytoplasmic",0,37,35,0.0,1.0,1.0,0.0
377,Pyknosis,0,37,33,0.0,1.0,1.0,0.0
377,"Proliferation, Kupffer cell",2,35,27,6.969312169312169,0.039823129115792937,0.24015166187594927,0.05405405405405406
377,Cellular foci,0,37,25,0.0,1.0,1.0,0.0
377,Microgranuloma,0,37,20,0.0,1.0,1.0,0.0
377,Edema,0,37,18,0.0,1.0,1.0,0.0
377,"Deposit, hemosiderin",0,37,17,0.0,1.0,1.0,0.0
377,"Inclusion body, intracytoplasmic",0,37,11,0.0,1.0,1.0,0.0
377,"Degeneration, acidophilic, eosinophilic",0,37,10,0.0,1.0,1.0,0.0
377,Hemorrhage,0,37,10,0.0,1.0,1.0,0.0
377,Phagocytosis,0,37,10,0.0,1.0,1.0,0.0
377,"Lesion,NOS",0,37,10,0.0,1.0,1.0,0.0
377,"Deposit, glycogen",0,37,9,0.0,1.0,1.0,0.0
377,Granuloma,1,36,7,13.146825396825397,0.08493170256908307,0.4741487906582269,0.02702702702702703
377,"Vacuolization, nuclear",0,37,5,0.0,1.0,1.0,0.0
382,Hypertrophy,16,9,489,10.335832765280617,3.022776768245387e-08,3.7445868620182686e-07,0.64
382,Cellular infiltration,5,20,199,3.935929648241206,0.01543931291305999,0.09936025861709247,0.2
382,"Degeneration, granular, eosinophilic",13,12,189,18.015432098765434,2.547619327765434e-10,3.811803225926116e-09,0.52
382,Ground glass appearance,0,25,174,0.0,1.0,1.0,0.0
382,Necrosis,10,15,150,14.142222222222221,8.062489405522169e-08,9.704394542816957e-07,0.4
382,"Proliferation, bile duct",11,14,144,17.39484126984127,3.6474773716426247e-09,4.896274709052472e-08,0.44
382,"Vacuolization, cytoplasmic",6,19,129,7.840881272949816,0.000356357099434209,0.0029036504398342955,0.24
382,"Change, eosinophilic",4,21,125,4.886857142857143,0.014059645498400362,0.09137231319529338,0.16
382,Increased mitosis,2,23,124,2.249649368863955,0.24094612396251058,1.0,0.08
382,Single cell necrosis,14,11,97,42.44611059044049,2.6877453518464875e-15,5.902109940838497e-14,0.56
382,Swelling,0,25,105,0.0,1.0,1.0,0.0
382,"Change, acidophilic",0,25,87,0.0,1.0,1.0,0.0
382,"Degeneration, fatty",0,25,80,0.0,1.0,1.0,0.0
382,Fibrosis,4,21,59,10.566585956416464,0.0010603543785541016,0.008148130670907326,0.16
382,"Proliferation, oval cell",0,25,61,0.0,1.0,1.0,0.0
382,"Hematopoiesis, extramedullary",0,25,54,0.0,1.0,1.0,0.0
382,"Cellular infiltration, mononuclear cell",7,18,46,27.780193236714975,6.291279315759079e-08,7.642167512394464e-07,0.28
382,Anisonucleosis,0,25,47,0.0,1.0,1.0,0.0
382,"Alteration, nuclear",0,25,46,0.0,1.0,1.0,0.0
382,"Deposit, pigment",5,20,33,24.992424242424242,6.384812104775234e-06,6.406382415940016e-05,0.2
382,"Degeneration, hydropic",0,25,35,0.0,1.0,1.0,0.0
382,"Alteration, cytoplasmic",0,25,35,0.0,1.0,1.0,0.0
382,Pyknosis,0,25,33,0.0,1.0,1.0,0.0
382,"Proliferation, Kupffer cell",10,15,19,116.24561403508773,1.2256899498033417e-15,2.7473955855969245e-14,0.4
382,Cellular foci,0,25,25,0.0,1.0,1.0,0.0
382,Microgranuloma,0,25,20,0.0,1.0,1.0,0.0
382,Edema,4,21,14,45.142857142857146,6.830402554279464e-06,6.841920939699833e-05,0.16
382,"Deposit, hemosiderin",0,25,17,0.0,1.0,1.0,0.0
382,"Inclusion body, intracytoplasmic",0,25,11,0.0,1.0,1.0,0.0
382,"Degeneration, acidophilic, eosinophilic",0,25,10,0.0,1.0,1.0,0.0
382,Hemorrhage,0,25,10,0.0,1.0,1.0,0.0
382,Phagocytosis,0,25,10,0.0,1.0,1.0,0.0
382,"Lesion,NOS",0,25,10,0.0,1.0,1.0,0.0
382,"Deposit, glycogen",0,25,9,0.0,1.0,1.0,0.0
382,Granuloma,0,25,8,0.0,1.0,1.0,0.0
382,"Vacuolization, nuclear",2,23,3,96.4927536231884,0.0005253053811674558,0.0041883408914559555,0.08
388,Hypertrophy,17,4,488,24.80327868852459,2.712401913150952e-11,4.3781704793795256e-10,0.8095238095238095
388,Cellular infiltration,12,9,192,21.833333333333332,3.3495432582111764e-10,4.937043909125158e-09,0.5714285714285714
388,"Degeneration, granular, eosinophilic",4,17,198,3.729055258467023,0.033952015818241074,0.20860753475062085,0.19047619047619047
388,Ground glass appearance,0,21,174,0.0,1.0,1.0,0.0
388,Necrosis,7,14,153,10.401960784313726,3.238460532836553e-05,0.0003015118427123687,0.3333333333333333
388,"Proliferation, bile duct",13,8,142,36.55105633802817,3.9004560509904646e-13,7.251552094799174e-12,0.6190476190476191
388,"Vacuolization, cytoplasmic",1,20,134,1.1947761194029851,0.5787741375168065,1.0,0.047619047619047616
388,"Change, eosinophilic",7,14,122,13.172131147540984,7.802403550815854e-06,7.802403550815854e-05,0.3333333333333333
388,Increased mitosis,1,20,125,1.2844,0.5532813634078143,1.0,0.047619047619047616
388,Single cell necrosis,10,11,101,29.117911791179118,2.7086072105339397e-10,4.022281707642901e-09,0.47619047619047616
388,Swelling,0,21,105,0.0,1.0,1.0,0.0
388,"Change, acidophilic",0,21,87,0.0,1.0,1.0,0.0
388,"Degeneration, fatty",0,21,80,0.0,1.0,1.0,0.0
388,Fibrosis,0,21,63,0.0,1.0,1.0,0.0
388,"Proliferation, oval cell",0,21,61,0.0,1.0,1.0,0.0
388,"Hematopoiesis, extramedullary",0,21,54,0.0,1.0,1.0,0.0
388,"Cellular infiltration, mononuclear cell",3,18,50,10.953333333333333,0.004043325554120644,0.028406095554673712,0.14285714285714285
388,Anisonucleosis,0,21,47,0.0,1.0,1.0,0.0
388,"Alteration, nuclear",0,21,46,0.0,1.0,1.0,0.0
388,"Deposit, pigment",5,16,33,31.27840909090909,2.5273514114718704e-06,2.6430400324195264e-05,0.23809523809523808
388,"Degeneration, hydropic",0,21,35,0.0,1.0,1.0,0.0
388,"Alteration, cytoplasmic",0,21,35,0.0,1.0,1.0,0.0
388,Pyknosis,0,21,33,0.0,1.0,1.0,0.0
388,"Proliferation, Kupffer cell",2,19,27,12.900584795321638,0.013670858866592788,0.08913820161093432,0.09523809523809523
388,Cellular foci,0,21,25,0.0,1.0,1.0,0.0
388,Microgranuloma,0,21,20,0.0,1.0,1.0,0.0
388,Edema,9,12,9,277.25,9.40329490063982e-17,2.2522407947500218e-15,0.42857142857142855
388,"Deposit, hemosiderin",0,21,17,0.0,1.0,1.0,0.0
388,"Inclusion body, intracytoplasmic",0,21,11,0.0,1.0,1.0,0.0
388,"Degeneration, acidophilic, eosinophilic",0,21,10,0.0,1.0,1.0,0.0
388,Hemorrhage,0,21,10,0.0,1.0,1.0,0.0
388,Phagocytosis,0,21,10,0.0,1.0,1.0,0.0
388,"Lesion,NOS",0,21,10,0.0,1.0,1.0,0.0
388,"Deposit, glycogen",0,21,9,0.0,1.0,1.0,0.0
388,Granuloma,0,21,8,0.0,1.0,1.0,0.0
388,"Vacuolization, nuclear",0,21,5,0.0,1.0,1.0,0.0
391,Hypertrophy,27,18,478,8.893305439330543,3.940216012291373e-12,6.715891854522455e-11,0.6
391,Cellular infiltration,1,44,203,0.3480743394536498,0.9416010038619146,1.0,0.022222222222222223
391,"Degeneration, granular, eosinophilic",42,3,160,275.8,8.768414545050726e-50,1.0965133136337117e-47,0.9333333333333333
391,Ground glass appearance,0,45,174,0.0,1.0,1.0,0.0
391,Necrosis,13,32,147,8.746811224489797,7.808780308449525e-08,9.408550716468595e-07,0.28888888888888886
391,"Proliferation, bile duct",0,45,155,0.0,1.0,1.0,0.0
391,"Vacuolization, cytoplasmic",2,43,133,1.111732820423151,0.5465261949025754,1.0,0.044444444444444446
391,"Change, eosinophilic",2,43,127,1.1664530305804797,0.521621397799481,1.0,0.044444444444444446
391,Increased mitosis,4,41,122,2.5509796081567373,0.08646058408950635,0.4815526202453519,0.08888888888888889
391,Single cell necrosis,3,42,108,2.119047619047619,0.18499555271857737,0.9356096919100465,0.06666666666666667
391,Swelling,0,45,105,0.0,1.0,1.0,0.0
391,"Change, acidophilic",0,45,87,0.0,1.0,1.0,0.0
391,"Degeneration, fatty",0,45,80,0.0,1.0,1.0,0.0
391,Fibrosis,0,45,63,0.0,1.0,1.0,0.0
391,"Proliferation, oval cell",0,45,61,0.0,1.0,1.0,0.0
391,"Hematopoiesis, extramedullary",0,45,54,0.0,1.0,1.0,0.0
391,"Cellular infiltration, mononuclear cell",0,45,53,0.0,1.0,1.0,0.0
391,Anisonucleosis,0,45,47,0.0,1.0,1.0,0.0
391,"Alteration, nuclear",0,45,46,0.0,1.0,1.0,0.0
391,"Deposit, pigment",0,45,38,0.0,1.0,1.0,0.0
391,"Degeneration, hydropic",0,45,35,0.0,1.0,1.0,0.0
391,"Alteration, cytoplasmic",0,45,35,0.0,1.0,1.0,0.0
391,Pyknosis,0,45,33,0.0,1.0,1.0,0.0
391,"Proliferation, Kupffer cell",1,44,28,2.6655844155844157,0.324985840391581,1.0,0.022222222222222223
391,Cellular foci,0,45,25,0.0,1.0,1.0,0.0
391,Microgranuloma,0,45,20,0.0,1.0,1.0,0.0
391,Edema,0,45,18,0.0,1.0,1.0,0.0
391,"Deposit, hemosiderin",0,45,17,0.0,1.0,1.0,0.0
391,"Inclusion body, intracytoplasmic",0,45,11,0.0,1.0,1.0,0.0
391,"Degeneration, acidophilic, eosinophilic",0,45,10,0.0,1.0,1.0,0.0
391,Hemorrhage,0,45,10,0.0,1.0,1.0,0.0
391,Phagocytosis,0,45,10,0.0,1.0,1.0,0.0
391,"Lesion,NOS",0,45,10,0.0,1.0,1.0,0.0
391,"Deposit, glycogen",0,45,9,0.0,1.0,1.0,0.0
391,Granuloma,1,44,7,10.730519480519481,0.10244183044332121,0.5582609842507597,0.022222222222222223
391,"Vacuolization, nuclear",0,45,5,0.0,1.0,1.0,0.0
399,Hypertrophy,9,33,496,1.5500366568914956,0.16966854583719396,0.8703205200975234,0.21428571428571427
399,Cellular infiltration,2,40,202,0.7705445544554456,0.7347929976147514,1.0,0.047619047619047616
399,"Degeneration, granular, eosinophilic",3,39,199,1.2044839582528024,0.4680974701360622,1.0,0.07142857142857142
399,Ground glass appearance,1,41,173,0.4429719441703088,0.8945512586021863,1.0,0.023809523809523808
399,Necrosis,4,38,156,2.1315789473684212,0.13751409856028304,0.723822548026656,0.09523809523809523
399,"Proliferation, bile duct",3,39,152,1.6007085020242915,0.30624520071980593,1.0,0.07142857142857142
399,"Vacuolization, cytoplasmic",33,9,102,115.5,4.897317032150762e-40,4.2159511841993514e-38,0.7857142857142857
399,"Change, eosinophilic",5,37,124,3.477550130775937,0.021077519869486527,0.13262761443299786,0.11904761904761904
399,Increased mitosis,13,29,113,12.702471772963076,1.5998350676431704e-09,2.207437933054688e-08,0.30952380952380953
399,Single cell necrosis,15,27,96,18.62847222222222,1.1157661913947862e-12,1.9873017022144018e-11,0.35714285714285715
399,Swelling,0,42,105,0.0,1.0,1.0,0.0
399,"Change, acidophilic",0,42,87,0.0,1.0,1.0,0.0
399,"Degeneration, fatty",0,42,80,0.0,1.0,1.0,0.0
399,Fibrosis,4,38,59,5.809099018733274,0.007392835117133771,0.05001530819564305,0.09523809523809523
399,"Proliferation, oval cell",0,42,61,0.0,1.0,1.0,0.0
399,"Hematopoiesis, extramedullary",0,42,54,0.0,1.0,1.0,0.0
399,"Cellular infiltration, mononuclear cell",2,40,51,3.2,0.14138260990944854,0.7413973524590698,0.047619047619047616
399,Anisonucleosis,0,42,47,0.0,1.0,1.0,0.0
399,"Alteration, nuclear",0,42,46,0.0,1.0,1.0,0.0
399,"Deposit, pigment",3,39,35,7.208791208791209,0.011335950056794762,0.07481727037484542,0.07142857142857142
399,"Degeneration, hydropic",0,42,35,0.0,1.0,1.0,0.0
399,"Alteration, cytoplasmic",0,42,35,0.0,1.0,1.0,0.0
399,Pyknosis,0,42,33,0.0,1.0,1.0,0.0
399,"Proliferation, Kupffer cell",5,37,24,18.530405405405407,2.2846920813065555e-05,0.00021627204721850105,0.11904761904761904
399,Cellular foci,0,42,25,0.0,1.0,1.0,0.0
399,Microgranuloma,4,38,16,21.70394736842105,8.875662160240639e-05,0.0007868870631616327,0.09523809523809523
399,Edema,1,41,17,4.7317073170731705,0.20323951383755126,1.0,0.023809523809523808
399,"Deposit, hemosiderin",0,42,17,0.0,1.0,1.0,0.0
399,"Inclusion body, intracytoplasmic",0,42,11,0.0,1.0,1.0,0.0
399,"Degeneration, acidophilic, eosinophilic",0,42,10,0.0,1.0,1.0,0.0
399,Hemorrhage,0,42,10,0.0,1.0,1.0,0.0
399,Phagocytosis,0,42,10,0.0,1.0,1.0,0.0
399,"Lesion,NOS",0,42,10,0.0,1.0,1.0,0.0
399,"Deposit, glycogen",0,42,9,0.0,1.0,1.0,0.0
399,Granuloma,0,42,8,0.0,1.0,1.0,0.0
399,"Vacuolization, nuclear",5,37,0,inf,2.401479659268424e-10,3.6067734958418303e-09,0.11904761904761904
401,Hypertrophy,34,4,471,51.397027600849256,1.6581438165752526e-24,6.005716018571341e-23,0.8947368421052632
401,Cellular infiltration,5,33,199,2.375513933302878,0.0773929892958831,0.43636863447322793,0.13157894736842105
401,"Degeneration, granular, eosinophilic",2,36,200,0.8663888888888889,0.67695494629019,1.0,0.05263157894736842
401,Ground glass appearance,0,38,174,0.0,1.0,1.0,0.0
401,Necrosis,4,34,156,2.385369532428356,0.10459968013969279,0.5694978002106097,0.10526315789473684
401,"Proliferation, bile duct",6,32,149,3.9890939597315436,0.007114637015361656,0.04821556631060837,0.15789473684210525
401,"Vacuolization, cytoplasmic",21,17,114,34.72910216718266,1.66136665180336e-20,4.767399957348772e-19,0.5526315789473685
401,"Change, eosinophilic",4,34,125,3.0061176470588236,0.05604902640378129,0.3267234708915219,0.10526315789473684
401,Increased mitosis,0,38,126,0.0,1.0,1.0,0.0
401,Single cell necrosis,4,34,107,3.531610775151182,0.035214934091876315,0.2152023750059108,0.10526315789473684
401,Swelling,1,37,104,0.8354989604989606,0.7030997636796353,1.0,0.02631578947368421
401,"Change, acidophilic",0,38,87,0.0,1.0,1.0,0.0
401,"Degeneration, fatty",0,38,80,0.0,1.0,1.0,0.0
401,Fibrosis,0,38,63,0.0,1.0,1.0,0.0
401,"Proliferation, oval cell",1,37,60,1.468018018018018,0.5037885202900892,1.0,0.02631578947368421
401,"Hematopoiesis, extramedullary",1,37,53,1.6654767975522693,0.46188301203083215,1.0,0.02631578947368421
401,"Cellular infiltration, mononuclear cell",0,38,53,0.0,1.0,1.0,0.0
401,Anisonucleosis,0,38,47,0.0,1.0,1.0,0.0
401,"Alteration, nuclear",0,38,46,0.0,1.0,1.0,0.0
401,"Deposit, pigment",1,37,37,2.397370343316289,0.3527448929467611,1.0,0.02631578947368421
401,"Degeneration, hydropic",0,38,35,0.0,1.0,1.0,0.0
401,"Alteration, cytoplasmic",0,38,35,0.0,1.0,1.0,0.0
401,Pyknosis,0,38,33,0.0,1.0,1.0,0.0
401,"Proliferation, Kupffer cell",0,38,29,0.0,1.0,1.0,0.0
401,Cellular foci,1,37,24,3.7105855855855854,0.24846149400614634,1.0,0.02631578947368421
401,Microgranuloma,1,37,19,4.694167852062589,0.20414179660306256,1.0,0.02631578947368421
401,Edema,4,34,14,27.77310924369748,3.8155364539750054e-05,0.00035239363327178115,0.10526315789473684
401,"Deposit, hemosiderin",1,37,16,5.579391891891892,0.17633922865036158,0.8991030198996977,0.02631578947368421
401,"Inclusion body, intracytoplasmic",0,38,11,0.0,1.0,1.0,0.0
401,"Degeneration, acidophilic, eosinophilic",0,38,10,0.0,1.0,1.0,0.0
401,Hemorrhage,0,38,10,0.0,1.0,1.0,0.0
401,Phagocytosis,0,38,10,0.0,1.0,1.0,0.0
401,"Lesion,NOS",0,38,10,0.0,1.0,1.0,0.0
401,"Deposit, glycogen",0,38,9,0.0,1.0,1.0,0.0
401,Granuloma,0,38,8,0.0,1.0,1.0,0.0
401,"Vacuolization, nuclear",0,38,5,0.0,1.0,1.0,0.0
406,Hypertrophy,0,54,505,0.0,1.0,1.0,0.0
406,Cellular infiltration,51,3,153,350.0,3.136183392672285e-61,6.536466439464343e-59,0.9444444444444444
406,"Degeneration, granular, eosinophilic",0,54,202,0.0,1.0,1.0,0.0
406,Ground glass appearance,0,54,174,0.0,1.0,1.0,0.0
406,Necrosis,0,54,160,0.0,1.0,1.0,0.0
406,"Proliferation, bile duct",0,54,155,0.0,1.0,1.0,0.0
406,"Vacuolization, cytoplasmic",0,54,135,0.0,1.0,1.0,0.0
406,"Change, eosinophilic",0,54,129,0.0,1.0,1.0,0.0
406,Increased mitosis,0,54,126,0.0,1.0,1.0,0.0
406,Single cell necrosis,0,54,111,0.0,1.0,1.0,0.0
406,Swelling,0,54,105,0.0,1.0,1.0,0.0
406,"Change, acidophilic",0,54,87,0.0,1.0,1.0,0.0
406,"Degeneration, fatty",54,0,26,inf,1.081075049187342e-98,1.0702642986954686e-95,1.0
406,Fibrosis,22,32,41,54.698170731707314,9.101903861967345e-26,3.556928219742502e-24,0.4074074074074074
406,"Proliferation, oval cell",0,54,61,0.0,1.0,1.0,0.0
406,"Hematopoiesis, extramedullary",0,54,54,0.0,1.0,1.0,0.0
406,"Cellular infiltration, mononuclear cell",0,54,53,0.0,1.0,1.0,0.0
406,Anisonucleosis,0,54,47,0.0,1.0,1.0,0.0
406,"Alteration, nuclear",0,54,46,0.0,1.0,1.0,0.0
406,"Deposit, pigment",0,54,38,0.0,1.0,1.0,0.0
406,"Degeneration, hydropic",35,19,0,inf,8.854551204606198e-70,4.2076827324288654e-67,0.6481481481481481
406,"Alteration, cytoplasmic",0,54,35,0.0,1.0,1.0,0.0
406,Pyknosis,0,54,33,0.0,1.0,1.0,0.0
406,"Proliferation, Kupffer cell",0,54,29,0.0,1.0,1.0,0.0
406,Cellular foci,0,54,25,0.0,1.0,1.0,0.0
406,Microgranuloma,0,54,20,0.0,1.0,1.0,0.0
406,Edema,0,54,18,0.0,1.0,1.0,0.0
406,"Deposit, hemosiderin",0,54,17,0.0,1.0,1.0,0.0
406,"Inclusion body, intracytoplasmic",0,54,11,0.0,1.0,1.0,0.0
406,"Degeneration, acidophilic, eosinophilic",0,54,10,0.0,1.0,1.0,0.0
406,Hemorrhage,0,54,10,0.0,1.0,1.0,0.0
406,Phagocytosis,0,54,10,0.0,1.0,1.0,0.0
406,"Lesion,NOS",0,54,10,0.0,1.0,1.0,0.0
406,"Deposit, glycogen",0,54,9,0.0,1.0,1.0,0.0
406,Granuloma,0,54,8,0.0,1.0,1.0,0.0
406,"Vacuolization, nuclear",0,54,5,0.0,1.0,1.0,0.0
413,Hypertrophy,17,36,488,2.724954462659381,0.001306571407877613,0.009943669651240258,0.32075471698113206
413,Cellular infiltration,0,53,204,0.0,1.0,1.0,0.0
413,"Degeneration, granular, eosinophilic",6,47,196,2.024316109422492,0.09608586200407152,0.5282276911653723,0.11320754716981132
413,Ground glass appearance,6,47,168,2.382978723404255,0.05412713530486302,0.31645195247134483,0.11320754716981132
413,Necrosis,6,47,154,2.611218568665377,0.038388260295210086,0.2324426770168684,0.11320754716981132
413,"Proliferation, bile duct",1,52,154,0.39335664335664333,0.9199822442464224,1.0,0.018867924528301886
413,"Vacuolization, cytoplasmic",18,35,117,14.008791208791209,4.778567713566953e-13,8.815121807014815e-12,0.33962264150943394
413,"Change, eosinophilic",17,36,112,13.458333333333334,3.0360604083011e-12,5.250130662389675e-11,0.32075471698113206
413,Increased mitosis,4,49,122,2.129140180662429,0.13591806465314624,0.7170100391116241,0.07547169811320754
413,Single cell necrosis,2,51,109,1.149487317862925,0.5284843976480134,1.0,0.03773584905660377
413,Swelling,0,53,105,0.0,1.0,1.0,0.0
413,"Change, acidophilic",0,53,87,0.0,1.0,1.0,0.0
413,"Degeneration, fatty",0,53,80,0.0,1.0,1.0,0.0
413,Fibrosis,0,53,63,0.0,1.0,1.0,0.0
413,"Proliferation, oval cell",0,53,61,0.0,1.0,1.0,0.0
413,"Hematopoiesis, extramedullary",0,53,54,0.0,1.0,1.0,0.0
413,"Cellular infiltration, mononuclear cell",2,51,51,2.501345636293733,0.20346546235986515,1.0,0.03773584905660377
413,Anisonucleosis,0,53,47,0.0,1.0,1.0,0.0
413,"Alteration, nuclear",0,53,46,0.0,1.0,1.0,0.0
413,"Deposit, pigment",0,53,38,0.0,1.0,1.0,0.0
413,"Degeneration, hydropic",0,53,35,0.0,1.0,1.0,0.0
413,"Alteration, cytoplasmic",0,53,35,0.0,1.0,1.0,0.0
413,Pyknosis,0,53,33,0.0,1.0,1.0,0.0
413,"Proliferation, Kupffer cell",7,46,22,22.701581027667984,1.94616899693831e-07,2.236023953929122e-06,0.1320754716981132
413,Cellular foci,0,53,25,0.0,1.0,1.0,0.0
413,Microgranuloma,0,53,20,0.0,1.0,1.0,0.0
413,Edema,0,53,18,0.0,1.0,1.0,0.0
413,"Deposit, hemosiderin",0,53,17,0.0,1.0,1.0,0.0
413,"Inclusion body, intracytoplasmic",0,53,11,0.0,1.0,1.0,0.0
413,"Degeneration, acidophilic, eosinophilic",0,53,10,0.0,1.0,1.0,0.0
413,Hemorrhage,0,53,10,0.0,1.0,1.0,0.0
413,Phagocytosis,0,53,10,0.0,1.0,1.0,0.0
413,"Lesion,NOS",0,53,10,0.0,1.0,1.0,0.0
413,"Deposit, glycogen",0,53,9,0.0,1.0,1.0,0.0
413,Granuloma,1,52,7,9.057692307692308,0.11965807491317498,0.6414882355453605,0.018867924528301886
413,"Vacuolization, nuclear",0,53,5,0.0,1.0,1.0,0.0
417,Hypertrophy,0,40,505,0.0,1.0,1.0,0.0
417,Cellular infiltration,8,32,196,3.9808673469387754,0.0023015641470989037,0.016826204349252295,0.2
417,"Degeneration, granular, eosinophilic",19,21,183,15.494665625813166,1.2051214153547608e-13,2.294365771540795e-12,0.475
417,Ground glass appearance,0,40,174,0.0,1.0,1.0,0.0
417,Necrosis,3,37,157,1.631950421759339,0.29710654220181165,1.0,0.075
417,"Proliferation, bile duct",5,35,150,3.0161904761904763,0.035086604621747355,0.21463896133180155,0.125
417,"Vacuolization, cytoplasmic",0,40,135,0.0,1.0,1.0,0.0
417,"Change, eosinophilic",0,40,129,0.0,1.0,1.0,0.0
417,Increased mitosis,0,40,126,0.0,1.0,1.0,0.0
417,Single cell necrosis,0,40,111,0.0,1.0,1.0,0.0
417,Swelling,21,19,84,42.53947368421053,2.5874386765773675e-22,8.218922855010461e-21,0.525
417,"Change, acidophilic",4,36,83,4.329317269076305,0.0188993055784956,0.12006617661632499,0.1
417,"Degeneration, fatty",0,40,80,0.0,1.0,1.0,0.0
417,Fibrosis,5,35,58,8.027093596059114,0.0007865900035790955,0.00614377990961187,0.125
417,"Proliferation, oval cell",0,40,61,0.0,1.0,1.0,0.0
417,"Hematopoiesis, extramedullary",0,40,54,0.0,1.0,1.0,0.0
417,"Cellular infiltration, mononuclear cell",0,40,53,0.0,1.0,1.0,0.0
417,Anisonucleosis,0,40,47,0.0,1.0,1.0,0.0
417,"Alteration, nuclear",0,40,46,0.0,1.0,1.0,0.0
417,"Deposit, pigment",0,40,38,0.0,1.0,1.0,0.0
417,"Degeneration, hydropic",0,40,35,0.0,1.0,1.0,0.0
417,"Alteration, cytoplasmic",0,40,35,0.0,1.0,1.0,0.0
417,Pyknosis,0,40,33,0.0,1.0,1.0,0.0
417,"Proliferation, Kupffer cell",0,40,29,0.0,1.0,1.0,0.0
417,Cellular foci,0,40,25,0.0,1.0,1.0,0.0
417,Microgranuloma,0,40,20,0.0,1.0,1.0,0.0
417,Edema,0,40,18,0.0,1.0,1.0,0.0
417,"Deposit, hemosiderin",0,40,17,0.0,1.0,1.0,0.0
417,"Inclusion body, intracytoplasmic",0,40,11,0.0,1.0,1.0,0.0
417,"Degeneration, acidophilic, eosinophilic",1,39,9,9.424501424501425,0.11310753434955019,0.6093956952710459,0.025
417,Hemorrhage,0,40,10,0.0,1.0,1.0,0.0
417,Phagocytosis,0,40,10,0.0,1.0,1.0,0.0
417,"Lesion,NOS",0,40,10,0.0,1.0,1.0,0.0
417,"Deposit, glycogen",0,40,9,0.0,1.0,1.0,0.0
417,Granuloma,0,40,8,0.0,1.0,1.0,0.0
417,"Vacuolization, nuclear",0,40,5,0.0,1.0,1.0,0.0
429,Hypertrophy,10,21,495,2.7234247234247233,0.012240529712303222,0.0804300293042933,0.3225806451612903
429,Cellular infiltration,1,30,203,0.512807881773399,0.8580828661443998,1.0,0.03225806451612903
429,"Degeneration, granular, eosinophilic",2,29,200,1.0779310344827586,0.565199864325343,1.0,0.06451612903225806
429,Ground glass appearance,3,28,171,1.9768170426065164,0.21503036710463416,1.0,0.0967741935483871
429,Necrosis,2,29,158,1.3828022697512004,0.43923248416462474,1.0,0.06451612903225806
429,"Proliferation, bile duct",1,30,154,0.6865800865800866,0.7705757338101076,1.0,0.03225806451612903
429,"Vacuolization, cytoplasmic",25,6,110,121.81818181818181,7.979359869843257e-31,4.175982169768189e-29,0.8064516129032258
429,"Change, eosinophilic",7,24,122,7.659836065573771,0.00012786039880931062,0.001107936934977834,0.22580645161290322
429,Increased mitosis,10,21,116,13.177339901477833,8.827234549777367e-08,1.0592681459732842e-06,0.3225806451612903
429,Single cell necrosis,13,18,98,23.789115646258505,3.4920713409352565e-12,6.003734809017489e-11,0.41935483870967744
429,Swelling,0,31,105,0.0,1.0,1.0,0.0
429,"Change, acidophilic",0,31,87,0.0,1.0,1.0,0.0
429,"Degeneration, fatty",0,31,80,0.0,1.0,1.0,0.0
429,Fibrosis,0,31,63,0.0,1.0,1.0,0.0
429,"Proliferation, oval cell",0,31,61,0.0,1.0,1.0,0.0
429,"Hematopoiesis, extramedullary",0,31,54,0.0,1.0,1.0,0.0
429,"Cellular infiltration, mononuclear cell",1,30,52,2.098717948717949,0.39077362165138874,1.0,0.03225806451612903
429,Anisonucleosis,0,31,47,0.0,1.0,1.0,0.0
429,"Alteration, nuclear",0,31,46,0.0,1.0,1.0,0.0
429,"Deposit, pigment",0,31,38,0.0,1.0,1.0,0.0
429,"Degeneration, hydropic",0,31,35,0.0,1.0,1.0,0.0
429,"Alteration, cytoplasmic",0,31,35,0.0,1.0,1.0,0.0
429,Pyknosis,0,31,33,0.0,1.0,1.0,0.0
429,"Proliferation, Kupffer cell",5,26,24,26.458333333333332,4.874709155081965e-06,4.937045589290174e-05,0.16129032258064516
429,Cellular foci,0,31,25,0.0,1.0,1.0,0.0
429,Microgranuloma,0,31,20,0.0,1.0,1.0,0.0
429,Edema,1,30,17,6.488235294117647,0.15415432582994681,0.8000670121711526,0.03225806451612903
429,"Deposit, hemosiderin",0,31,17,0.0,1.0,1.0,0.0
429,"Inclusion body, intracytoplasmic",0,31,11,0.0,1.0,1.0,0.0
429,"Degeneration, acidophilic, eosinophilic",0,31,10,0.0,1.0,1.0,0.0
429,Hemorrhage,0,31,10,0.0,1.0,1.0,0.0
429,Phagocytosis,0,31,10,0.0,1.0,1.0,0.0
429,"Lesion,NOS",0,31,10,0.0,1.0,1.0,0.0
429,"Deposit, glycogen",0,31,9,0.0,1.0,1.0,0.0
429,Granuloma,0,31,8,0.0,1.0,1.0,0.0
429,"Vacuolization, nuclear",5,26,0,inf,4.796675205673155e-11,7.577726255770888e-10,0.16129032258064516
436,Hypertrophy,23,50,482,2.6741078838174275,0.00025868850692838135,0.0021431098063522808,0.3150684931506849
436,Cellular infiltration,4,69,200,0.8939130434782608,0.6572564739927165,1.0,0.0547945205479452
436,"Degeneration, granular, eosinophilic",56,17,146,70.80096696212732,1.262078361006063e-56,1.9991321238336038e-54,0.7671232876712328
436,Ground glass appearance,0,73,174,0.0,1.0,1.0,0.0
436,Necrosis,12,61,148,4.168365086397873,0.0001327853895537946,0.00114643199701968,0.1643835616438356
436,"Proliferation, bile duct",1,72,154,0.2822871572871573,0.9694785943706326,1.0,0.0136986301369863
436,"Vacuolization, cytoplasmic",2,71,133,0.6673726569945991,0.8004471335148922,1.0,0.0273972602739726
436,"Change, eosinophilic",3,70,126,1.0741496598639455,0.5375883538278171,1.0,0.0410958904109589
436,Increased mitosis,21,52,105,12.226923076923077,4.6334476799559353e-14,9.298202438830492e-13,0.2876712328767123
436,Single cell necrosis,4,69,107,1.7212515237708248,0.22059111091552847,1.0,0.0547945205479452
436,Swelling,0,73,105,0.0,1.0,1.0,0.0
436,"Change, acidophilic",0,73,87,0.0,1.0,1.0,0.0
436,"Degeneration, fatty",0,73,80,0.0,1.0,1.0,0.0
436,Fibrosis,0,73,63,0.0,1.0,1.0,0.0
436,"Proliferation, oval cell",0,73,61,0.0,1.0,1.0,0.0
436,"Hematopoiesis, extramedullary",0,73,54,0.0,1.0,1.0,0.0
436,"Cellular infiltration, mononuclear cell",0,73,53,0.0,1.0,1.0,0.0
436,Anisonucleosis,0,73,47,0.0,1.0,1.0,0.0
436,"Alteration, nuclear",0,73,46,0.0,1.0,1.0,0.0
436,"Deposit, pigment",0,73,38,0.0,1.0,1.0,0.0
436,"Degeneration, hydropic",0,73,35,0.0,1.0,1.0,0.0
436,"Alteration, cytoplasmic",0,73,35,0.0,1.0,1.0,0.0
436,Pyknosis,0,73,33,0.0,1.0,1.0,0.0
436,"Proliferation, Kupffer cell",1,72,28,1.6150793650793651,0.4728573867728691,1.0,0.0136986301369863
436,Cellular foci,0,73,25,0.0,1.0,1.0,0.0
436,Microgranuloma,0,73,20,0.0,1.0,1.0,0.0
436,Edema,0,73,18,0.0,1.0,1.0,0.0
436,"Deposit, hemosiderin",0,73,17,0.0,1.0,1.0,0.0
436,"Inclusion body, intracytoplasmic",0,73,11,0.0,1.0,1.0,0.0
436,"Degeneration, acidophilic, eosinophilic",0,73,10,0.0,1.0,1.0,0.0
436,Hemorrhage,0,73,10,0.0,1.0,1.0,0.0
436,Phagocytosis,0,73,10,0.0,1.0,1.0,0.0
436,"Lesion,NOS",0,73,10,0.0,1.0,1.0,0.0
436,"Deposit, glycogen",0,73,9,0.0,1.0,1.0,0.0
436,Granuloma,4,69,4,47.53623188405797,1.3497821058696568e-05,0.000131330150841372,0.0547945205479452
436,"Vacuolization, nuclear",0,73,5,0.0,1.0,1.0,0.0
441,Hypertrophy,17,7,488,14.158372365339579,1.0052497963840653e-09,1.4116273736457087e-08,0.7083333333333334
441,Cellular infiltration,0,24,204,0.0,1.0,1.0,0.0
441,"Degeneration, granular, eosinophilic",0,24,202,0.0,1.0,1.0,0.0
441,Ground glass appearance,12,12,162,19.574074074074073,4.06377313627915e-10,5.930912144839841e-09,0.5
441,Necrosis,0,24,160,0.0,1.0,1.0,0.0
441,"Proliferation, bile duct",1,23,154,0.8975155279503105,0.6797103290526979,1.0,0.041666666666666664
441,"Vacuolization, cytoplasmic",0,24,135,0.0,1.0,1.0,0.0
441,"Change, eosinophilic",3,21,126,3.6360544217687076,0.06229058641804814,0.3592292071099087,0.125
441,Increased mitosis,2,22,124,2.352639296187683,0.2268766509395577,1.0,0.08333333333333333
441,Single cell necrosis,2,22,109,2.688907422852377,0.18728348894038443,0.9460744356182695,0.08333333333333333
441,Swelling,0,24,105,0.0,1.0,1.0,0.0
441,"Change, acidophilic",0,24,87,0.0,1.0,1.0,0.0
441,"Degeneration, fatty",0,24,80,0.0,1.0,1.0,0.0
441,Fibrosis,0,24,63,0.0,1.0,1.0,0.0
441,"Proliferation, oval cell",0,24,61,0.0,1.0,1.0,0.0
441,"Hematopoiesis, extramedullary",0,24,54,0.0,1.0,1.0,0.0
441,"Cellular infiltration, mononuclear cell",1,23,52,2.7433110367892977,0.31836283430494605,1.0,0.041666666666666664
441,Anisonucleosis,1,23,46,3.106805293005671,0.2879175857623532,1.0,0.041666666666666664
441,"Alteration, nuclear",0,24,46,0.0,1.0,1.0,0.0
441,"Deposit, pigment",0,24,38,0.0,1.0,1.0,0.0
441,"Degeneration, hydropic",0,24,35,0.0,1.0,1.0,0.0
441,"Alteration, cytoplasmic",0,24,35,0.0,1.0,1.0,0.0
441,Pyknosis,0,24,33,0.0,1.0,1.0,0.0
441,"Proliferation, Kupffer cell",0,24,29,0.0,1.0,1.0,0.0
441,Cellular foci,0,24,25,0.0,1.0,1.0,0.0
441,Microgranuloma,0,24,20,0.0,1.0,1.0,0.0
441,Edema,0,24,18,0.0,1.0,1.0,0.0
441,"Deposit, hemosiderin",0,24,17,0.0,1.0,1.0,0.0
441,"Inclusion body, intracytoplasmic",1,23,10,14.447826086956521,0.07599918668110528,0.4292137310052713,0.041666666666666664
441,"Degeneration, acidophilic, eosinophilic",0,24,10,0.0,1.0,1.0,0.0
441,Hemorrhage,0,24,10,0.0,1.0,1.0,0.0
441,Phagocytosis,0,24,10,0.0,1.0,1.0,0.0
441,"Lesion,NOS",0,24,10,0.0,1.0,1.0,0.0
441,"Deposit, glycogen",0,24,9,0.0,1.0,1.0,0.0
441,Granuloma,0,24,8,0.0,1.0,1.0,0.0
441,"Vacuolization, nuclear",0,24,5,0.0,1.0,1.0,0.0
446,Hypertrophy,31,80,474,2.266139240506329,0.00028008507812857816,0.0023058979405180236,0.27927927927927926
446,Cellular infiltration,13,98,191,2.1217544609466823,0.015772982388489797,0.10134290469186522,0.11711711711711711
446,"Degeneration, granular, eosinophilic",0,111,202,0.0,1.0,1.0,0.0
446,Ground glass appearance,0,111,174,0.0,1.0,1.0,0.0
446,Necrosis,21,90,139,5.215587529976019,2.745172071793876e-08,3.4149365667969894e-07,0.1891891891891892
446,"Proliferation, bile duct",39,72,116,14.61566091954023,6.141236578451288e-26,2.4078511733333762e-24,0.35135135135135137
446,"Vacuolization, cytoplasmic",1,110,134,0.21112618724559024,0.9902841068497917,1.0,0.009009009009009009
446,"Change, eosinophilic",0,111,129,0.0,1.0,1.0,0.0
446,Increased mitosis,0,111,126,0.0,1.0,1.0,0.0
446,Single cell necrosis,0,111,111,0.0,1.0,1.0,0.0
446,Swelling,45,66,60,36.20454545454545,3.0887976948591185e-42,2.912294969438598e-40,0.40540540540540543
446,"Change, acidophilic",21,90,66,11.242424242424242,1.5228560241383224e-13,2.8854114141568213e-12,0.1891891891891892
446,"Degeneration, fatty",0,111,80,0.0,1.0,1.0,0.0
446,Fibrosis,0,111,63,0.0,1.0,1.0,0.0
446,"Proliferation, oval cell",36,75,25,61.8432,5.0286630736303075e-40,4.297878943505615e-38,0.32432432432432434
446,"Hematopoiesis, extramedullary",0,111,54,0.0,1.0,1.0,0.0
446,"Cellular infiltration, mononuclear cell",0,111,53,0.0,1.0,1.0,0.0
446,Anisonucleosis,2,109,45,1.30519877675841,0.464392213136555,1.0,0.018018018018018018
446,"Alteration, nuclear",0,111,46,0.0,1.0,1.0,0.0
446,"Deposit, pigment",0,111,38,0.0,1.0,1.0,0.0
446,"Degeneration, hydropic",0,111,35,0.0,1.0,1.0,0.0
446,"Alteration, cytoplasmic",0,111,35,0.0,1.0,1.0,0.0
446,Pyknosis,0,111,33,0.0,1.0,1.0,0.0
446,"Proliferation, Kupffer cell",0,111,29,0.0,1.0,1.0,0.0
446,Cellular foci,10,101,15,21.326732673267326,2.245757225912953e-09,3.0386783421236764e-08,0.09009009009009009
446,Microgranuloma,0,111,20,0.0,1.0,1.0,0.0
446,Edema,0,111,18,0.0,1.0,1.0,0.0
446,"Deposit, hemosiderin",0,111,17,0.0,1.0,1.0,0.0
446,"Inclusion body, intracytoplasmic",0,111,11,0.0,1.0,1.0,0.0
446,"Degeneration, acidophilic, eosinophilic",0,111,10,0.0,1.0,1.0,0.0
446,Hemorrhage,0,111,10,0.0,1.0,1.0,0.0
446,Phagocytosis,0,111,10,0.0,1.0,1.0,0.0
446,"Lesion,NOS",0,111,10,0.0,1.0,1.0,0.0
446,"Deposit, glycogen",0,111,9,0.0,1.0,1.0,0.0
446,Granuloma,0,111,8,0.0,1.0,1.0,0.0
446,"Vacuolization, nuclear",0,111,5,0.0,1.0,1.0,0.0
453,Hypertrophy,20,6,485,19.560137457044675,2.3983734147541786e-12,4.171694900040943e-11,0.7692307692307693
453,Cellular infiltration,1,25,203,0.6163546798029557,0.8053054810517719,1.0,0.038461538461538464
453,"Degeneration, granular, eosinophilic",1,25,201,0.6228855721393035,0.8020559415133943,1.0,0.038461538461538464
453,Ground glass appearance,0,26,174,0.0,1.0,1.0,0.0
453,Necrosis,1,25,159,0.7979874213836478,0.7204506726531266,1.0,0.038461538461538464
453,"Proliferation, bile duct",1,25,154,0.8251948051948051,0.7088118249588349,1.0,0.038461538461538464
453,"Vacuolization, cytoplasmic",17,9,118,51.432203389830505,1.5763850887937075e-18,4.1709253574319033e-17,0.6538461538461539
453,"Change, eosinophilic",0,26,129,0.0,1.0,1.0,0.0
453,Increased mitosis,0,26,126,0.0,1.0,1.0,0.0
453,Single cell necrosis,1,25,110,1.1712727272727272,0.5842030425251598,1.0,0.038461538461538464
453,Swelling,0,26,105,0.0,1.0,1.0,0.0
453,"Change, acidophilic",0,26,87,0.0,1.0,1.0,0.0
453,"Degeneration, fatty",0,26,80,0.0,1.0,1.0,0.0
453,Fibrosis,0,26,63,0.0,1.0,1.0,0.0
453,"Proliferation, oval cell",0,26,61,0.0,1.0,1.0,0.0
453,"Hematopoiesis, extramedullary",0,26,54,0.0,1.0,1.0,0.0
453,"Cellular infiltration, mononuclear cell",0,26,53,0.0,1.0,1.0,0.0
453,Anisonucleosis,0,26,47,0.0,1.0,1.0,0.0
453,"Alteration, nuclear",0,26,46,0.0,1.0,1.0,0.0
453,"Deposit, pigment",0,26,38,0.0,1.0,1.0,0.0
453,"Degeneration, hydropic",0,26,35,0.0,1.0,1.0,0.0
453,"Alteration, cytoplasmic",0,26,35,0.0,1.0,1.0,0.0
453,Pyknosis,0,26,33,0.0,1.0,1.0,0.0
453,"Proliferation, Kupffer cell",0,26,29,0.0,1.0,1.0,0.0
453,Cellular foci,0,26,25,0.0,1.0,1.0,0.0
453,Microgranuloma,0,26,20,0.0,1.0,1.0,0.0
453,Edema,0,26,18,0.0,1.0,1.0,0.0
453,"Deposit, hemosiderin",0,26,17,0.0,1.0,1.0,0.0
453,"Inclusion body, intracytoplasmic",0,26,11,0.0,1.0,1.0,0.0
453,"Degeneration, acidophilic, eosinophilic",0,26,10,0.0,1.0,1.0,0.0
453,Hemorrhage,0,26,10,0.0,1.0,1.0,0.0
453,Phagocytosis,0,26,10,0.0,1.0,1.0,0.0
453,"Lesion,NOS",0,26,10,0.0,1.0,1.0,0.0
453,"Deposit, glycogen",0,26,9,0.0,1.0,1.0,0.0
453,Granuloma,0,26,8,0.0,1.0,1.0,0.0
453,"Vacuolization, nuclear",0,26,5,0.0,1.0,1.0,0.0
459,Hypertrophy,28,34,477,4.865211493402392,1.0604909424504462e-08,1.376899715443858e-07,0.45161290322580644
459,Cellular infiltration,11,51,193,3.466626028649802,0.0010394220695837432,0.008007998824030395,0.1774193548387097
459,"Degeneration, granular, eosinophilic",0,62,202,0.0,1.0,1.0,0.0
459,Ground glass appearance,0,62,174,0.0,1.0,1.0,0.0
459,Necrosis,8,54,152,3.0633528265107213,0.008392710325782697,0.05626715500581176,0.12903225806451613
459,"Proliferation, bile duct",20,42,135,11.146384479717813,1.0013631397626634e-12,1.8024536515727942e-11,0.3225806451612903
459,"Vacuolization, cytoplasmic",3,59,132,1.218412942989214,0.4581686541205043,1.0,0.04838709677419355
459,"Change, eosinophilic",7,55,122,3.310134128166915,0.008880975430083149,0.05937309404017322,0.11290322580645161
459,Increased mitosis,8,54,118,3.9887005649717513,0.0019364703473619832,0.014396287688773692,0.12903225806451613
459,Single cell necrosis,28,34,83,31.86959603118356,1.4280623365946874e-26,5.890757138453085e-25,0.45161290322580644
459,Swelling,0,62,105,0.0,1.0,1.0,0.0
459,"Change, acidophilic",10,52,77,8.036963036963037,2.893014392171414e-06,3.004284176485699e-05,0.16129032258064516
459,"Degeneration, fatty",0,62,80,0.0,1.0,1.0,0.0
459,Fibrosis,10,52,53,11.763425253991292,1.304412276566e-07,1.5358194098715638e-06,0.16129032258064516
459,"Proliferation, oval cell",0,62,61,0.0,1.0,1.0,0.0
459,"Hematopoiesis, extramedullary",11,51,43,16.31190150478796,1.7627804098468038e-09,2.409877015993099e-08,0.1774193548387097
459,"Cellular infiltration, mononuclear cell",13,49,40,21.589285714285715,3.737376262584702e-12,6.406930735859489e-11,0.20967741935483872
459,Anisonucleosis,20,42,27,57.63668430335097,5.052358970562862e-24,1.7757995434996094e-22,0.3225806451612903
459,"Alteration, nuclear",7,55,39,10.625641025641025,1.5799196116167403e-05,0.00015259711370737295,0.11290322580645161
459,"Deposit, pigment",11,51,27,26.106027596223676,2.779228362652208e-11,4.4738798032937985e-10,0.1774193548387097
459,"Degeneration, hydropic",0,62,35,0.0,1.0,1.0,0.0
459,"Alteration, cytoplasmic",1,61,34,1.5723240115718418,0.4809798352621172,1.0,0.016129032258064516
459,Pyknosis,0,62,33,0.0,1.0,1.0,0.0
459,"Proliferation, Kupffer cell",7,55,22,18.934710743801652,5.892820298460451e-07,6.5672331281154e-06,0.11290322580645161
459,Cellular foci,0,62,25,0.0,1.0,1.0,0.0
459,Microgranuloma,0,62,20,0.0,1.0,1.0,0.0
459,Edema,0,62,18,0.0,1.0,1.0,0.0
459,"Deposit, hemosiderin",5,57,12,23.998538011695906,9.526381152022218e-06,9.394214186490455e-05,0.08064516129032258
459,"Inclusion body, intracytoplasmic",7,55,4,104.71363636363637,1.6167793953944983e-10,2.4593264042620536e-09,0.11290322580645161
459,"Degeneration, acidophilic, eosinophilic",0,62,10,0.0,1.0,1.0,0.0
459,Hemorrhage,10,52,0,inf,2.175513138191287e-18,5.680240897079669e-17,0.16129032258064516
459,Phagocytosis,4,58,6,37.804597701149426,2.0400224426515554e-05,0.00019403896412090055,0.06451612903225806
459,"Lesion,NOS",7,55,3,139.66060606060606,5.964895956161754e-11,9.361025622087403e-10,0.11290322580645161
459,"Deposit, glycogen",0,62,9,0.0,1.0,1.0,0.0
459,Granuloma,0,62,8,0.0,1.0,1.0,0.0
459,"Vacuolization, nuclear",0,62,5,0.0,1.0,1.0,0.0
467,Hypertrophy,6,15,499,2.2741482965931863,0.08302384686496297,0.46480834154371353,0.2857142857142857
467,Cellular infiltration,3,18,201,2.599502487562189,0.13153049253917465,0.6966483510322758,0.14285714285714285
467,"Degeneration, granular, eosinophilic",0,21,202,0.0,1.0,1.0,0.0
467,Ground glass appearance,1,20,173,0.9141618497109827,0.6740883592001413,1.0,0.047619047619047616
467,Necrosis,3,18,157,3.3747346072186835,0.07529376551759152,0.4265569548636086,0.14285714285714285
467,"Proliferation, bile duct",9,12,146,16.386986301369863,1.3838267597801591e-07,1.6228886383206604e-06,0.42857142857142855
467,"Vacuolization, cytoplasmic",0,21,135,0.0,1.0,1.0,0.0
467,"Change, eosinophilic",3,18,126,4.246031746031746,0.04446195457282135,0.26489870628140305,0.14285714285714285
467,Increased mitosis,4,17,122,6.198649951783993,0.006892965788550538,0.04682014497883385,0.19047619047619047
467,Single cell necrosis,14,7,97,66.78350515463917,7.826524480068887e-17,1.8821682352878217e-15,0.6666666666666666
467,Swelling,0,21,105,0.0,1.0,1.0,0.0
467,"Change, acidophilic",3,18,84,6.4523809523809526,0.015957220867937955,0.10241587461431816,0.14285714285714285
467,"Degeneration, fatty",0,21,80,0.0,1.0,1.0,0.0
467,Fibrosis,3,18,60,9.1,0.006583807880515308,0.04495151587386314,0.14285714285714285
467,"Proliferation, oval cell",0,21,61,0.0,1.0,1.0,0.0
467,"Hematopoiesis, extramedullary",2,19,52,6.647773279352227,0.043879987609882966,0.2616939020107478,0.09523809523809523
467,"Cellular infiltration, mononuclear cell",2,19,51,6.780185758513932,0.042412727803705294,0.2539633096310579,0.09523809523809523
467,Anisonucleosis,3,18,44,12.469696969696969,0.0028671252595778335,0.02063079835480597,0.14285714285714285
467,"Alteration, nuclear",4,17,42,18.45378151260504,0.0001558394034820554,0.0013328812911208192,0.19047619047619047
467,"Deposit, pigment",3,18,35,15.719047619047618,0.0015466996411297566,0.0117186171789678,0.14285714285714285
467,"Degeneration, hydropic",0,21,35,0.0,1.0,1.0,0.0
467,"Alteration, cytoplasmic",0,21,35,0.0,1.0,1.0,0.0
467,Pyknosis,0,21,33,0.0,1.0,1.0,0.0
467,"Proliferation, Kupffer cell",3,18,26,21.21794871794872,0.0006946792080287072,0.005465423173100028,0.14285714285714285
467,Cellular foci,0,21,25,0.0,1.0,1.0,0.0
467,Microgranuloma,0,21,20,0.0,1.0,1.0,0.0
467,Edema,0,21,18,0.0,1.0,1.0,0.0
467,"Deposit, hemosiderin",2,19,15,23.305263157894736,0.004790902222062392,0.03324527943814323,0.09523809523809523
467,"Inclusion body, intracytoplasmic",2,19,9,38.91228070175438,0.0019818407658302615,0.014696796690426658,0.09523809523809523
467,"Degeneration, acidophilic, eosinophilic",0,21,10,0.0,1.0,1.0,0.0
467,Hemorrhage,3,18,7,79.26190476190476,2.4629660173904514e-05,0.00023222251021109971,0.14285714285714285
467,Phagocytosis,0,21,10,0.0,1.0,1.0,0.0
467,"Lesion,NOS",10,11,0,inf,7.136773639981123e-24,2.4646764779934805e-22,0.47619047619047616
467,"Deposit, glycogen",0,21,9,0.0,1.0,1.0,0.0
467,Granuloma,0,21,8,0.0,1.0,1.0,0.0
467,"Vacuolization, nuclear",0,21,5,0.0,1.0,1.0,0.0
488,Hypertrophy,5,34,500,0.8288235294117647,0.7195173622690219,1.0,0.1282051282051282
488,Cellular infiltration,7,32,197,3.4655774111675126,0.008021230746545736,0.05408185089044458,0.1794871794871795
488,"Degeneration, granular, eosinophilic",18,21,184,14.599378881987578,1.0361306778901952e-12,1.8538000682734218e-11,0.46153846153846156
488,Ground glass appearance,0,39,174,0.0,1.0,1.0,0.0
488,Necrosis,7,32,153,4.525122549019608,0.0020720335547376916,0.015298793430878668,0.1794871794871795
488,"Proliferation, bile duct",7,32,148,4.685388513513513,0.0017239063339191771,0.012937465095994834,0.1794871794871795
488,"Vacuolization, cytoplasmic",5,34,130,3.6063348416289593,0.01871486393688496,0.11908547593475809,0.1282051282051282
488,"Change, eosinophilic",4,35,125,2.9193142857142855,0.06066831757054289,0.3504995035093923,0.10256410256410256
488,Increased mitosis,2,37,124,1.3923278116826503,0.4338486865578019,1.0,0.05128205128205128
488,Single cell necrosis,1,38,110,0.7674641148325358,0.7325848843112914,1.0,0.02564102564102564
488,Swelling,4,35,101,3.6401697312588404,0.03209658051275796,0.198287767286305,0.10256410256410256
488,"Change, acidophilic",2,37,85,2.0559618441971383,0.26818019641128915,1.0,0.05128205128205128
488,"Degeneration, fatty",0,39,80,0.0,1.0,1.0,0.0
488,Fibrosis,3,36,60,4.525,0.03564146470743037,0.21758509800836215,0.07692307692307693
488,"Proliferation, oval cell",0,39,61,0.0,1.0,1.0,0.0
488,"Hematopoiesis, extramedullary",0,39,54,0.0,1.0,1.0,0.0
488,"Cellular infiltration, mononuclear cell",0,39,53,0.0,1.0,1.0,0.0
488,Anisonucleosis,0,39,47,0.0,1.0,1.0,0.0
488,"Alteration, nuclear",0,39,46,0.0,1.0,1.0,0.0
488,"Deposit, pigment",0,39,38,0.0,1.0,1.0,0.0
488,"Degeneration, hydropic",0,39,35,0.0,1.0,1.0,0.0
488,"Alteration, cytoplasmic",0,39,35,0.0,1.0,1.0,0.0
488,Pyknosis,0,39,33,0.0,1.0,1.0,0.0
488,"Proliferation, Kupffer cell",2,37,27,6.588588588588588,0.04384152259365514,0.2615958254207047,0.05128205128205128
488,Cellular foci,0,39,25,0.0,1.0,1.0,0.0
488,Microgranuloma,0,39,20,0.0,1.0,1.0,0.0
488,Edema,0,39,18,0.0,1.0,1.0,0.0
488,"Deposit, hemosiderin",0,39,17,0.0,1.0,1.0,0.0
488,"Inclusion body, intracytoplasmic",0,39,11,0.0,1.0,1.0,0.0
488,"Degeneration, acidophilic, eosinophilic",0,39,10,0.0,1.0,1.0,0.0
488,Hemorrhage,0,39,10,0.0,1.0,1.0,0.0
488,Phagocytosis,0,39,10,0.0,1.0,1.0,0.0
488,"Lesion,NOS",0,39,10,0.0,1.0,1.0,0.0
488,"Deposit, glycogen",0,39,9,0.0,1.0,1.0,0.0
488,Granuloma,0,39,8,0.0,1.0,1.0,0.0
488,"Vacuolization, nuclear",0,39,5,0.0,1.0,1.0,0.0
492,Hypertrophy,0,21,505,0.0,1.0,1.0,0.0
492,Cellular infiltration,4,17,200,3.6894117647058824,0.0350382666167425,0.2144536874842354,0.19047619047619047
492,"Degeneration, granular, eosinophilic",14,7,188,33.48936170212766,4.215172254250805e-13,7.800038377024854e-12,0.6666666666666666
492,Ground glass appearance,0,21,174,0.0,1.0,1.0,0.0
492,Necrosis,2,19,158,2.117255163224517,0.26444846304275077,1.0,0.09523809523809523
492,"Proliferation, bile duct",3,18,152,3.491228070175439,0.06979018711349189,0.3982264279098384,0.14285714285714285
492,"Vacuolization, cytoplasmic",0,21,135,0.0,1.0,1.0,0.0
492,"Change, eosinophilic",0,21,129,0.0,1.0,1.0,0.0
492,Increased mitosis,0,21,126,0.0,1.0,1.0,0.0
492,Single cell necrosis,0,21,111,0.0,1.0,1.0,0.0
492,Swelling,15,6,90,90.16666666666667,4.510575980981799e-19,1.226216079040361e-17,0.7142857142857143
492,"Change, acidophilic",1,20,86,1.8895348837209303,0.4248265449361216,1.0,0.047619047619047616
492,"Degeneration, fatty",0,21,80,0.0,1.0,1.0,0.0
492,Fibrosis,1,20,62,2.640322580645161,0.3290416226344439,1.0,0.047619047619047616
492,"Proliferation, oval cell",0,21,61,0.0,1.0,1.0,0.0
492,"Hematopoiesis, extramedullary",0,21,54,0.0,1.0,1.0,0.0
492,"Cellular infiltration, mononuclear cell",0,21,53,0.0,1.0,1.0,0.0
492,Anisonucleosis,0,21,47,0.0,1.0,1.0,0.0
492,"Alteration, nuclear",0,21,46,0.0,1.0,1.0,0.0
492,"Deposit, pigment",0,21,38,0.0,1.0,1.0,0.0
492,"Degeneration, hydropic",0,21,35,0.0,1.0,1.0,0.0
492,"Alteration, cytoplasmic",0,21,35,0.0,1.0,1.0,0.0
492,Pyknosis,0,21,33,0.0,1.0,1.0,0.0
492,"Proliferation, Kupffer cell",0,21,29,0.0,1.0,1.0,0.0
492,Cellular foci,0,21,25,0.0,1.0,1.0,0.0
492,Microgranuloma,0,21,20,0.0,1.0,1.0,0.0
492,Edema,0,21,18,0.0,1.0,1.0,0.0
492,"Deposit, hemosiderin",0,21,17,0.0,1.0,1.0,0.0
492,"Inclusion body, intracytoplasmic",0,21,11,0.0,1.0,1.0,0.0
492,"Degeneration, acidophilic, eosinophilic",0,21,10,0.0,1.0,1.0,0.0
492,Hemorrhage,0,21,10,0.0,1.0,1.0,0.0
492,Phagocytosis,0,21,10,0.0,1.0,1.0,0.0
492,"Lesion,NOS",0,21,10,0.0,1.0,1.0,0.0
492,"Deposit, glycogen",0,21,9,0.0,1.0,1.0,0.0
492,Granuloma,0,21,8,0.0,1.0,1.0,0.0
492,"Vacuolization, nuclear",0,21,5,0.0,1.0,1.0,0.0
497,Hypertrophy,0,44,505,0.0,1.0,1.0,0.0
497,Cellular infiltration,16,28,188,9.498480243161094,1.7768853553400076e-09,2.4263675886711826e-08,0.36363636363636365
497,"Degeneration, granular, eosinophilic",24,20,178,21.134831460674157,8.152454371209238e-19,2.1862563866809426e-17,0.5454545454545454
497,Ground glass appearance,0,44,174,0.0,1.0,1.0,0.0
497,Necrosis,9,35,151,5.384673604541154,0.00017042793098485972,0.0014493083894775473,0.20454545454545456
497,"Proliferation, bile duct",10,34,145,6.425963488843814,2.1047656229912326e-05,0.00020003692480908674,0.22727272727272727
497,"Vacuolization, cytoplasmic",0,44,135,0.0,1.0,1.0,0.0
497,"Change, eosinophilic",0,44,129,0.0,1.0,1.0,0.0
497,Increased mitosis,2,42,124,1.2246543778801844,0.49679207866376385,1.0,0.045454545454545456
497,Single cell necrosis,1,43,110,0.6771670190274841,0.7744444601868895,1.0,0.022727272727272728
497,Swelling,19,25,86,28.517674418604653,3.61291759915274e-18,9.351080844865916e-17,0.4318181818181818
497,"Change, acidophilic",7,37,80,7.645608108108108,0.00010835163889345591,0.0009478773711739736,0.1590909090909091
497,"Degeneration, fatty",2,42,78,1.974969474969475,0.28235220046778653,1.0,0.045454545454545456
497,Fibrosis,9,35,54,15.519047619047619,6.806229117760525e-08,8.259244322675692e-07,0.20454545454545456
497,"Proliferation, oval cell",0,44,61,0.0,1.0,1.0,0.0
497,"Hematopoiesis, extramedullary",0,44,54,0.0,1.0,1.0,0.0
497,"Cellular infiltration, mononuclear cell",0,44,53,0.0,1.0,1.0,0.0
497,Anisonucleosis,0,44,47,0.0,1.0,1.0,0.0
497,"Alteration, nuclear",0,44,46,0.0,1.0,1.0,0.0
497,"Deposit, pigment",0,44,38,0.0,1.0,1.0,0.0
497,"Degeneration, hydropic",1,43,34,2.2428180574555405,0.3713283160327743,1.0,0.022727272727272728
497,"Alteration, cytoplasmic",0,44,35,0.0,1.0,1.0,0.0
497,Pyknosis,0,44,33,0.0,1.0,1.0,0.0
497,"Proliferation, Kupffer cell",0,44,29,0.0,1.0,1.0,0.0
497,Cellular foci,0,44,25,0.0,1.0,1.0,0.0
497,Microgranuloma,0,44,20,0.0,1.0,1.0,0.0
497,Edema,0,44,18,0.0,1.0,1.0,0.0
497,"Deposit, hemosiderin",0,44,17,0.0,1.0,1.0,0.0
497,"Inclusion body, intracytoplasmic",0,44,11,0.0,1.0,1.0,0.0
497,"Degeneration, acidophilic, eosinophilic",1,43,9,8.537467700258398,0.12375917838406991,0.6613437048562921,0.022727272727272728
497,Hemorrhage,0,44,10,0.0,1.0,1.0,0.0
497,Phagocytosis,0,44,10,0.0,1.0,1.0,0.0
497,"Lesion,NOS",0,44,10,0.0,1.0,1.0,0.0
497,"Deposit, glycogen",0,44,9,0.0,1.0,1.0,0.0
497,Granuloma,0,44,8,0.0,1.0,1.0,0.0
497,"Vacuolization, nuclear",0,44,5,0.0,1.0,1.0,0.0
498,Hypertrophy,6,18,499,1.8931195724782899,0.14010102905065985,0.7361345533488894,0.25
498,Cellular infiltration,3,21,201,2.2260127931769724,0.17588080658833144,0.8971507008455892,0.125
498,"Degeneration, granular, eosinophilic",0,24,202,0.0,1.0,1.0,0.0
498,Ground glass appearance,0,24,174,0.0,1.0,1.0,0.0
498,Necrosis,2,22,158,1.826812428078251,0.3183611322704634,1.0,0.08333333333333333
498,"Proliferation, bile duct",17,7,138,56.22670807453416,2.1621407878184236e-18,5.657760475612968e-17,0.7083333333333334
498,"Vacuolization, cytoplasmic",0,24,135,0.0,1.0,1.0,0.0
498,"Change, eosinophilic",0,24,129,0.0,1.0,1.0,0.0
498,Increased mitosis,0,24,126,0.0,1.0,1.0,0.0
498,Single cell necrosis,0,24,111,0.0,1.0,1.0,0.0
498,Swelling,16,8,89,72.89887640449439,1.566409201276452e-19,4.378574426156294e-18,0.6666666666666666
498,"Change, acidophilic",2,22,85,3.47379679144385,0.1270054859188639,0.6766032164646203,0.08333333333333333
498,"Degeneration, fatty",0,24,80,0.0,1.0,1.0,0.0
498,Fibrosis,0,24,63,0.0,1.0,1.0,0.0
498,"Proliferation, oval cell",16,8,45,146.13333333333333,1.122594933709533e-23,3.84335095460209e-22,0.6666666666666666
498,"Hematopoiesis, extramedullary",0,24,54,0.0,1.0,1.0,0.0
498,"Cellular infiltration, mononuclear cell",0,24,53,0.0,1.0,1.0,0.0
498,Anisonucleosis,1,23,46,3.106805293005671,0.2879175857623532,1.0,0.041666666666666664
498,"Alteration, nuclear",0,24,46,0.0,1.0,1.0,0.0
498,"Deposit, pigment",0,24,38,0.0,1.0,1.0,0.0
498,"Degeneration, hydropic",0,24,35,0.0,1.0,1.0,0.0
498,"Alteration, cytoplasmic",0,24,35,0.0,1.0,1.0,0.0
498,Pyknosis,0,24,33,0.0,1.0,1.0,0.0
498,"Proliferation, Kupffer cell",0,24,29,0.0,1.0,1.0,0.0
498,Cellular foci,6,18,19,58.14035087719298,1.1032677037908701e-08,1.4308755808990763e-07,0.25
498,Microgranuloma,0,24,20,0.0,1.0,1.0,0.0
498,Edema,0,24,18,0.0,1.0,1.0,0.0
498,"Deposit, hemosiderin",0,24,17,0.0,1.0,1.0,0.0
498,"Inclusion body, intracytoplasmic",0,24,11,0.0,1.0,1.0,0.0
498,"Degeneration, acidophilic, eosinophilic",0,24,10,0.0,1.0,1.0,0.0
498,Hemorrhage,0,24,10,0.0,1.0,1.0,0.0
498,Phagocytosis,0,24,10,0.0,1.0,1.0,0.0
498,"Lesion,NOS",0,24,10,0.0,1.0,1.0,0.0
498,"Deposit, glycogen",0,24,9,0.0,1.0,1.0,0.0
498,Granuloma,0,24,8,0.0,1.0,1.0,0.0
498,"Vacuolization, nuclear",0,24,5,0.0,1.0,1.0,0.0
499,Hypertrophy,5,29,500,0.973448275862069,0.596015424623054,1.0,0.14705882352941177
499,Cellular infiltration,2,32,202,0.9656559405940595,0.6217213294571003,1.0,0.058823529411764705
499,"Degeneration, granular, eosinophilic",31,3,171,190.47173489278754,7.5494932917076e-36,5.214417459621296e-34,0.9117647058823529
499,Ground glass appearance,0,34,174,0.0,1.0,1.0,0.0
499,Necrosis,1,33,159,0.6030112445206784,0.8115279989655211,1.0,0.029411764705882353
499,"Proliferation, bile duct",2,32,153,1.2949346405228759,0.4705670913771111,1.0,0.058823529411764705
499,"Vacuolization, cytoplasmic",0,34,135,0.0,1.0,1.0,0.0
499,"Change, eosinophilic",2,32,127,1.5728346456692914,0.3780868722865621,1.0,0.058823529411764705
499,Increased mitosis,0,34,126,0.0,1.0,1.0,0.0
499,Single cell necrosis,3,31,108,2.880824372759857,0.10049093531514229,0.5493936086258124,0.08823529411764706
499,Swelling,0,34,105,0.0,1.0,1.0,0.0
499,"Change, acidophilic",0,34,87,0.0,1.0,1.0,0.0
499,"Degeneration, fatty",0,34,80,0.0,1.0,1.0,0.0
499,Fibrosis,0,34,63,0.0,1.0,1.0,0.0
499,"Proliferation, oval cell",0,34,61,0.0,1.0,1.0,0.0
499,"Hematopoiesis, extramedullary",0,34,54,0.0,1.0,1.0,0.0
499,"Cellular infiltration, mononuclear cell",0,34,53,0.0,1.0,1.0,0.0
499,Anisonucleosis,0,34,47,0.0,1.0,1.0,0.0
499,"Alteration, nuclear",0,34,46,0.0,1.0,1.0,0.0
499,"Deposit, pigment",1,33,37,2.6912366912366914,0.3222579487534139,1.0,0.029411764705882353
499,"Degeneration, hydropic",0,34,35,0.0,1.0,1.0,0.0
499,"Alteration, cytoplasmic",0,34,35,0.0,1.0,1.0,0.0
499,Pyknosis,0,34,33,0.0,1.0,1.0,0.0
499,"Proliferation, Kupffer cell",0,34,29,0.0,1.0,1.0,0.0
499,Cellular foci,0,34,25,0.0,1.0,1.0,0.0
499,Microgranuloma,0,34,20,0.0,1.0,1.0,0.0
499,Edema,2,32,16,12.91796875,0.013765137461394633,0.089605387967873,0.058823529411764705
499,"Deposit, hemosiderin",0,34,17,0.0,1.0,1.0,0.0
499,"Inclusion body, intracytoplasmic",0,34,11,0.0,1.0,1.0,0.0
499,"Degeneration, acidophilic, eosinophilic",0,34,10,0.0,1.0,1.0,0.0
499,Hemorrhage,0,34,10,0.0,1.0,1.0,0.0
499,Phagocytosis,0,34,10,0.0,1.0,1.0,0.0
499,"Lesion,NOS",0,34,10,0.0,1.0,1.0,0.0
499,"Deposit, glycogen",0,34,9,0.0,1.0,1.0,0.0
499,Granuloma,1,33,7,14.354978354978355,0.07828876395730154,0.4403742972598212,0.029411764705882353
499,"Vacuolization, nuclear",0,34,5,0.0,1.0,1.0,0.0
506,Hypertrophy,9,32,496,1.5990423387096775,0.15229741980974823,0.7911208339920459,0.21951219512195122
506,Cellular infiltration,2,39,202,0.7905559786747905,0.7224086513774219,1.0,0.04878048780487805
506,"Degeneration, granular, eosinophilic",33,8,169,76.81286982248521,2.4630917580736625e-34,1.516141455228762e-32,0.8048780487804879
506,Ground glass appearance,0,41,174,0.0,1.0,1.0,0.0
506,Necrosis,6,35,154,3.519851576994434,0.011994833114110495,0.07885922379393065,0.14634146341463414
506,"Proliferation, bile duct",0,41,155,0.0,1.0,1.0,0.0
506,"Vacuolization, cytoplasmic",2,39,133,1.227299016772701,0.49611991819125284,1.0,0.04878048780487805
506,"Change, eosinophilic",1,40,128,0.62265625,0.8013927545668933,1.0,0.024390243902439025
506,Increased mitosis,9,32,117,7.689903846153846,1.4072832736814683e-05,0.00013658925891614252,0.21951219512195122
506,Single cell necrosis,1,40,110,0.7286363636363636,0.7501803607205246,1.0,0.024390243902439025
506,Swelling,0,41,105,0.0,1.0,1.0,0.0
506,"Change, acidophilic",0,41,87,0.0,1.0,1.0,0.0
506,"Degeneration, fatty",0,41,80,0.0,1.0,1.0,0.0
506,Fibrosis,0,41,63,0.0,1.0,1.0,0.0
506,"Proliferation, oval cell",0,41,61,0.0,1.0,1.0,0.0
506,"Hematopoiesis, extramedullary",0,41,54,0.0,1.0,1.0,0.0
506,"Cellular infiltration, mononuclear cell",0,41,53,0.0,1.0,1.0,0.0
506,Anisonucleosis,0,41,47,0.0,1.0,1.0,0.0
506,"Alteration, nuclear",0,41,46,0.0,1.0,1.0,0.0
506,"Deposit, pigment",0,41,38,0.0,1.0,1.0,0.0
506,"Degeneration, hydropic",0,41,35,0.0,1.0,1.0,0.0
506,"Alteration, cytoplasmic",0,41,35,0.0,1.0,1.0,0.0
506,Pyknosis,0,41,33,0.0,1.0,1.0,0.0
506,"Proliferation, Kupffer cell",1,40,28,2.9357142857142855,0.30083594570456956,1.0,0.024390243902439025
506,Cellular foci,0,41,25,0.0,1.0,1.0,0.0
506,Microgranuloma,0,41,20,0.0,1.0,1.0,0.0
506,Edema,0,41,18,0.0,1.0,1.0,0.0
506,"Deposit, hemosiderin",0,41,17,0.0,1.0,1.0,0.0
506,"Inclusion body, intracytoplasmic",0,41,11,0.0,1.0,1.0,0.0
506,"Degeneration, acidophilic, eosinophilic",0,41,10,0.0,1.0,1.0,0.0
506,Hemorrhage,0,41,10,0.0,1.0,1.0,0.0
506,Phagocytosis,0,41,10,0.0,1.0,1.0,0.0
506,"Lesion,NOS",0,41,10,0.0,1.0,1.0,0.0
506,"Deposit, glycogen",0,41,9,0.0,1.0,1.0,0.0
506,Granuloma,3,38,5,52.27894736842105,9.080559433335497e-05,0.0008026565927680483,0.07317073170731707
506,"Vacuolization, nuclear",0,41,5,0.0,1.0,1.0,0.0
507,Hypertrophy,0,43,505,0.0,1.0,1.0,0.0
507,Cellular infiltration,8,35,196,3.636151603498542,0.003707963413612246,0.026158316718357173,0.18604651162790697
507,"Degeneration, granular, eosinophilic",23,20,179,20.141061452513966,8.251228897824515e-18,2.0900767442677022e-16,0.5348837209302325
507,Ground glass appearance,0,43,174,0.0,1.0,1.0,0.0
507,Necrosis,4,39,156,2.076265614727153,0.14633109669454872,0.7648101314259739,0.09302325581395349
507,"Proliferation, bile duct",5,38,150,2.7754385964912283,0.0459969083744075,0.2730850931973819,0.11627906976744186
507,"Vacuolization, cytoplasmic",0,43,135,0.0,1.0,1.0,0.0
507,"Change, eosinophilic",4,39,125,2.616615384615385,0.08108637099788794,0.45503357933628186,0.09302325581395349
507,Increased mitosis,1,42,125,0.6074285714285714,0.8090207224795827,1.0,0.023255813953488372
507,Single cell necrosis,0,43,111,0.0,1.0,1.0,0.0
507,Swelling,20,23,85,33.033248081841435,6.704710338776934e-20,1.891970518400712e-18,0.46511627906976744
507,"Change, acidophilic",4,39,83,3.9925857275254866,0.02407133102034636,0.15066776212945984,0.09302325581395349
507,"Degeneration, fatty",0,43,80,0.0,1.0,1.0,0.0
507,Fibrosis,4,39,59,5.658409387222947,0.008038051627997918,0.05416452259819357,0.09302325581395349
507,"Proliferation, oval cell",0,43,61,0.0,1.0,1.0,0.0
507,"Hematopoiesis, extramedullary",0,43,54,0.0,1.0,1.0,0.0
507,"Cellular infiltration, mononuclear cell",0,43,53,0.0,1.0,1.0,0.0
507,Anisonucleosis,0,43,47,0.0,1.0,1.0,0.0
507,"Alteration, nuclear",0,43,46,0.0,1.0,1.0,0.0
507,"Deposit, pigment",0,43,38,0.0,1.0,1.0,0.0
507,"Degeneration, hydropic",0,43,35,0.0,1.0,1.0,0.0
507,"Alteration, cytoplasmic",0,43,35,0.0,1.0,1.0,0.0
507,Pyknosis,0,43,33,0.0,1.0,1.0,0.0
507,"Proliferation, Kupffer cell",0,43,29,0.0,1.0,1.0,0.0
507,Cellular foci,0,43,25,0.0,1.0,1.0,0.0
507,Microgranuloma,0,43,20,0.0,1.0,1.0,0.0
507,Edema,0,43,18,0.0,1.0,1.0,0.0
507,"Deposit, hemosiderin",0,43,17,0.0,1.0,1.0,0.0
507,"Inclusion body, intracytoplasmic",0,43,11,0.0,1.0,1.0,0.0
507,"Degeneration, acidophilic, eosinophilic",0,43,10,0.0,1.0,1.0,0.0
507,Hemorrhage,0,43,10,0.0,1.0,1.0,0.0
507,Phagocytosis,0,43,10,0.0,1.0,1.0,0.0
507,"Lesion,NOS",0,43,10,0.0,1.0,1.0,0.0
507,"Deposit, glycogen",0,43,9,0.0,1.0,1.0,0.0
507,Granuloma,0,43,8,0.0,1.0,1.0,0.0
507,"Vacuolization, nuclear",0,43,5,0.0,1.0,1.0,0.0
515,Hypertrophy,0,59,505,0.0,1.0,1.0,0.0
515,Cellular infiltration,52,7,152,153.75187969924812,1.660589898226343e-58,2.859102607381008e-56,0.8813559322033898
515,"Degeneration, granular, eosinophilic",0,59,202,0.0,1.0,1.0,0.0
515,Ground glass appearance,0,59,174,0.0,1.0,1.0,0.0
515,Necrosis,1,58,159,0.3403816959444806,0.945364525321458,1.0,0.01694915254237288
515,"Proliferation, bile duct",1,58,154,0.35199283475145543,0.9400367810995603,1.0,0.01694915254237288
515,"Vacuolization, cytoplasmic",0,59,135,0.0,1.0,1.0,0.0
515,"Change, eosinophilic",0,59,129,0.0,1.0,1.0,0.0
515,Increased mitosis,0,59,126,0.0,1.0,1.0,0.0
515,Single cell necrosis,0,59,111,0.0,1.0,1.0,0.0
515,Swelling,0,59,105,0.0,1.0,1.0,0.0
515,"Change, acidophilic",0,59,87,0.0,1.0,1.0,0.0
515,"Degeneration, fatty",57,2,23,4058.1521739130435,7.905484725521892e-102,1.5652859756533346e-98,0.9661016949152542
515,Fibrosis,21,38,42,42.8421052631579,4.4305374038985255e-23,1.4702453731372763e-21,0.3559322033898305
515,"Proliferation, oval cell",0,59,61,0.0,1.0,1.0,0.0
515,"Hematopoiesis, extramedullary",0,59,54,0.0,1.0,1.0,0.0
515,"Cellular infiltration, mononuclear cell",0,59,53,0.0,1.0,1.0,0.0
515,Anisonucleosis,0,59,47,0.0,1.0,1.0,0.0
515,"Alteration, nuclear",0,59,46,0.0,1.0,1.0,0.0
515,"Deposit, pigment",0,59,38,0.0,1.0,1.0,0.0
515,"Degeneration, hydropic",34,25,1,4483.92,4.8165250033388013e-64,1.3004617509014764e-61,0.576271186440678
515,"Alteration, cytoplasmic",0,59,35,0.0,1.0,1.0,0.0
515,Pyknosis,0,59,33,0.0,1.0,1.0,0.0
515,"Proliferation, Kupffer cell",0,59,29,0.0,1.0,1.0,0.0
515,Cellular foci,0,59,25,0.0,1.0,1.0,0.0
515,Microgranuloma,0,59,20,0.0,1.0,1.0,0.0
515,Edema,0,59,18,0.0,1.0,1.0,0.0
515,"Deposit, hemosiderin",0,59,17,0.0,1.0,1.0,0.0
515,"Inclusion body, intracytoplasmic",0,59,11,0.0,1.0,1.0,0.0
515,"Degeneration, acidophilic, eosinophilic",0,59,10,0.0,1.0,1.0,0.0
515,Hemorrhage,0,59,10,0.0,1.0,1.0,0.0
515,Phagocytosis,0,59,10,0.0,1.0,1.0,0.0
515,"Lesion,NOS",0,59,10,0.0,1.0,1.0,0.0
515,"Deposit, glycogen",0,59,9,0.0,1.0,1.0,0.0
515,Granuloma,0,59,8,0.0,1.0,1.0,0.0
515,"Vacuolization, nuclear",0,59,5,0.0,1.0,1.0,0.0
516,Hypertrophy,0,67,505,0.0,1.0,1.0,0.0
516,Cellular infiltration,17,50,187,5.641818181818182,2.442819145710424e-07,2.785095148852192e-06,0.2537313432835821
516,"Degeneration, granular, eosinophilic",0,67,202,0.0,1.0,1.0,0.0
516,Ground glass appearance,0,67,174,0.0,1.0,1.0,0.0
516,Necrosis,6,61,154,2.0029806259314458,0.09750091620781483,0.535511273485363,0.08955223880597014
516,"Proliferation, bile duct",4,63,151,1.319878061599916,0.37427722630075744,1.0,0.05970149253731343
516,"Vacuolization, cytoplasmic",0,67,135,0.0,1.0,1.0,0.0
516,"Change, eosinophilic",16,51,113,8.820406038521604,1.9044321036978585e-09,2.5945703431113027e-08,0.23880597014925373
516,Increased mitosis,0,67,126,0.0,1.0,1.0,0.0
516,Single cell necrosis,0,67,111,0.0,1.0,1.0,0.0
516,Swelling,9,58,96,5.162715517241379,0.00019124779596268603,0.0016148001535442147,0.13432835820895522
516,"Change, acidophilic",2,65,85,1.1601809954751132,0.5231459001099009,1.0,0.029850746268656716
516,"Degeneration, fatty",0,67,80,0.0,1.0,1.0,0.0
516,Fibrosis,3,64,60,2.5234375,0.1298458703948991,0.6888621514926875,0.04477611940298507
516,"Proliferation, oval cell",0,67,61,0.0,1.0,1.0,0.0
516,"Hematopoiesis, extramedullary",0,67,54,0.0,1.0,1.0,0.0
516,"Cellular infiltration, mononuclear cell",0,67,53,0.0,1.0,1.0,0.0
516,Anisonucleosis,0,67,47,0.0,1.0,1.0,0.0
516,"Alteration, nuclear",0,67,46,0.0,1.0,1.0,0.0
516,"Deposit, pigment",1,66,37,1.332104832104832,0.5371641503301134,1.0,0.014925373134328358
516,"Degeneration, hydropic",0,67,35,0.0,1.0,1.0,0.0
516,"Alteration, cytoplasmic",34,33,1,3388.6666666666665,2.257328913430744e-61,4.788762052063793e-59,0.5074626865671642
516,Pyknosis,0,67,33,0.0,1.0,1.0,0.0
516,"Proliferation, Kupffer cell",0,67,29,0.0,1.0,1.0,0.0
516,Cellular foci,0,67,25,0.0,1.0,1.0,0.0
516,Microgranuloma,0,67,20,0.0,1.0,1.0,0.0
516,Edema,0,67,18,0.0,1.0,1.0,0.0
516,"Deposit, hemosiderin",0,67,17,0.0,1.0,1.0,0.0
516,"Inclusion body, intracytoplasmic",0,67,11,0.0,1.0,1.0,0.0
516,"Degeneration, acidophilic, eosinophilic",3,64,7,21.984375,0.0008251325192162602,0.006436358718508976,0.04477611940298507
516,Hemorrhage,0,67,10,0.0,1.0,1.0,0.0
516,Phagocytosis,0,67,10,0.0,1.0,1.0,0.0
516,"Lesion,NOS",0,67,10,0.0,1.0,1.0,0.0
516,"Deposit, glycogen",0,67,9,0.0,1.0,1.0,0.0
516,Granuloma,0,67,8,0.0,1.0,1.0,0.0
516,"Vacuolization, nuclear",0,67,5,0.0,1.0,1.0,0.0
525,Hypertrophy,10,42,495,1.3516113516113517,0.247927170057249,1.0,0.19230769230769232
525,Cellular infiltration,9,43,195,3.3381037567084078,0.0035341298499545616,0.025036054035456286,0.17307692307692307
525,"Degeneration, granular, eosinophilic",0,52,202,0.0,1.0,1.0,0.0
525,Ground glass appearance,0,52,174,0.0,1.0,1.0,0.0
525,Necrosis,5,47,155,2.1619766643788605,0.0994029949888207,0.5446990684811762,0.09615384615384616
525,"Proliferation, bile duct",34,18,121,49.70431588613407,2.044222199321043e-34,1.271484802509633e-32,0.6538461538461539
525,"Vacuolization, cytoplasmic",0,52,135,0.0,1.0,1.0,0.0
525,"Change, eosinophilic",0,52,129,0.0,1.0,1.0,0.0
525,Increased mitosis,0,52,126,0.0,1.0,1.0,0.0
525,Single cell necrosis,0,52,111,0.0,1.0,1.0,0.0
525,Swelling,39,13,66,147.22727272727272,3.751993192947596e-51,4.952631014690826e-49,0.75
525,"Change, acidophilic",3,49,84,2.347667638483965,0.15067832829424269,0.7833954223788197,0.057692307692307696
525,"Degeneration, fatty",0,52,80,0.0,1.0,1.0,0.0
525,Fibrosis,0,52,63,0.0,1.0,1.0,0.0
525,"Proliferation, oval cell",33,19,28,203.27255639097746,5.6033841629483006e-49,6.792673862839369e-47,0.6346153846153846
525,"Hematopoiesis, extramedullary",0,52,54,0.0,1.0,1.0,0.0
525,"Cellular infiltration, mononuclear cell",0,52,53,0.0,1.0,1.0,0.0
525,Anisonucleosis,0,52,47,0.0,1.0,1.0,0.0
525,"Alteration, nuclear",0,52,46,0.0,1.0,1.0,0.0
525,"Deposit, pigment",0,52,38,0.0,1.0,1.0,0.0
525,"Degeneration, hydropic",0,52,35,0.0,1.0,1.0,0.0
525,"Alteration, cytoplasmic",0,52,35,0.0,1.0,1.0,0.0
525,Pyknosis,0,52,33,0.0,1.0,1.0,0.0
525,"Proliferation, Kupffer cell",0,52,29,0.0,1.0,1.0,0.0
525,Cellular foci,10,42,15,52.22222222222222,8.807076365347709e-13,1.5900922069959085e-11,0.19230769230769232
525,Microgranuloma,0,52,20,0.0,1.0,1.0,0.0
525,Edema,0,52,18,0.0,1.0,1.0,0.0
525,"Deposit, hemosiderin",0,52,17,0.0,1.0,1.0,0.0
525,"Inclusion body, intracytoplasmic",0,52,11,0.0,1.0,1.0,0.0
525,"Degeneration, acidophilic, eosinophilic",0,52,10,0.0,1.0,1.0,0.0
525,Hemorrhage,0,52,10,0.0,1.0,1.0,0.0
525,Phagocytosis,0,52,10,0.0,1.0,1.0,0.0
525,"Lesion,NOS",0,52,10,0.0,1.0,1.0,0.0
525,"Deposit, glycogen",0,52,9,0.0,1.0,1.0,0.0
525,Granuloma,0,52,8,0.0,1.0,1.0,0.0
525,"Vacuolization, nuclear",0,52,5,0.0,1.0,1.0,0.0
528,Hypertrophy,19,5,486,22.260493827160495,3.531772243192442e-12,6.063215931954655e-11,0.7916666666666666
528,Cellular infiltration,0,24,204,0.0,1.0,1.0,0.0
528,"Degeneration, granular, eosinophilic",0,24,202,0.0,1.0,1.0,0.0
528,Ground glass appearance,0,24,174,0.0,1.0,1.0,0.0
528,Necrosis,0,24,160,0.0,1.0,1.0,0.0
528,"Proliferation, bile duct",0,24,155,0.0,1.0,1.0,0.0
528,"Vacuolization, cytoplasmic",6,18,129,8.279069767441861,0.00027998713954861896,0.0023058979405180236,0.25
528,"Change, eosinophilic",2,22,127,2.2949176807444522,0.2348965915202521,1.0,0.08333333333333333
528,Increased mitosis,0,24,126,0.0,1.0,1.0,0.0
528,Single cell necrosis,1,23,110,1.2739130434782608,0.555056002183601,1.0,0.041666666666666664
528,Swelling,0,24,105,0.0,1.0,1.0,0.0
528,"Change, acidophilic",0,24,87,0.0,1.0,1.0,0.0
528,"Degeneration, fatty",0,24,80,0.0,1.0,1.0,0.0
528,Fibrosis,0,24,63,0.0,1.0,1.0,0.0
528,"Proliferation, oval cell",0,24,61,0.0,1.0,1.0,0.0
528,"Hematopoiesis, extramedullary",5,19,49,17.636949516648766,3.0070420359161676e-05,0.0002810673437189935,0.20833333333333334
528,"Cellular infiltration, mononuclear cell",0,24,53,0.0,1.0,1.0,0.0
528,Anisonucleosis,0,24,47,0.0,1.0,1.0,0.0
528,"Alteration, nuclear",0,24,46,0.0,1.0,1.0,0.0
528,"Deposit, pigment",1,23,37,3.873090481786134,0.23979428210090614,1.0,0.041666666666666664
528,"Degeneration, hydropic",0,24,35,0.0,1.0,1.0,0.0
528,"Alteration, cytoplasmic",0,24,35,0.0,1.0,1.0,0.0
528,Pyknosis,0,24,33,0.0,1.0,1.0,0.0
528,"Proliferation, Kupffer cell",0,24,29,0.0,1.0,1.0,0.0
528,Cellular foci,0,24,25,0.0,1.0,1.0,0.0
528,Microgranuloma,1,23,19,7.583524027459954,0.13403216381036842,0.7083194422007014,0.041666666666666664
528,Edema,0,24,18,0.0,1.0,1.0,0.0
528,"Deposit, hemosiderin",8,16,9,184.66666666666666,4.337472726402525e-14,8.718980708910659e-13,0.3333333333333333
528,"Inclusion body, intracytoplasmic",1,23,10,14.447826086956521,0.07599918668110528,0.4292137310052713,0.041666666666666664
528,"Degeneration, acidophilic, eosinophilic",0,24,10,0.0,1.0,1.0,0.0
528,Hemorrhage,0,24,10,0.0,1.0,1.0,0.0
528,Phagocytosis,0,24,10,0.0,1.0,1.0,0.0
528,"Lesion,NOS",0,24,10,0.0,1.0,1.0,0.0
528,"Deposit, glycogen",0,24,9,0.0,1.0,1.0,0.0
528,Granuloma,0,24,8,0.0,1.0,1.0,0.0
528,"Vacuolization, nuclear",0,24,5,0.0,1.0,1.0,0.0
531,Hypertrophy,22,33,483,3.8909592822636303,5.123285150364305e-06,5.179968305219399e-05,0.4
531,Cellular infiltration,7,48,197,2.298540609137056,0.04671290496831207,0.2770590669114066,0.12727272727272726
531,"Degeneration, granular, eosinophilic",0,55,202,0.0,1.0,1.0,0.0
531,Ground glass appearance,0,55,174,0.0,1.0,1.0,0.0
531,Necrosis,7,48,153,3.0014978213507626,0.014430176456419058,0.0935245479008502,0.12727272727272726
531,"Proliferation, bile duct",17,38,138,10.257055682684973,1.2361691249214378e-10,1.9022913476770312e-09,0.3090909090909091
531,"Vacuolization, cytoplasmic",2,53,133,0.8991346290253937,0.6566990763331886,1.0,0.03636363636363636
531,"Change, eosinophilic",0,55,129,0.0,1.0,1.0,0.0
531,Increased mitosis,0,55,126,0.0,1.0,1.0,0.0
531,Single cell necrosis,0,55,111,0.0,1.0,1.0,0.0
531,Swelling,19,36,86,19.73643410852713,5.468578946779247e-16,1.2590449203049893e-14,0.34545454545454546
531,"Change, acidophilic",6,49,81,4.869236583522298,0.0026662158597991004,0.01929028283460007,0.10909090909090909
531,"Degeneration, fatty",0,55,80,0.0,1.0,1.0,0.0
531,Fibrosis,0,55,63,0.0,1.0,1.0,0.0
531,"Proliferation, oval cell",15,40,46,26.543478260869566,8.672838681937652e-15,1.8333331590999877e-13,0.2727272727272727
531,"Hematopoiesis, extramedullary",0,55,54,0.0,1.0,1.0,0.0
531,"Cellular infiltration, mononuclear cell",0,55,53,0.0,1.0,1.0,0.0
531,Anisonucleosis,1,54,46,1.3107890499194848,0.5424296445142516,1.0,0.01818181818181818
531,"Alteration, nuclear",0,55,46,0.0,1.0,1.0,0.0
531,"Deposit, pigment",0,55,38,0.0,1.0,1.0,0.0
531,"Degeneration, hydropic",0,55,35,0.0,1.0,1.0,0.0
531,"Alteration, cytoplasmic",0,55,35,0.0,1.0,1.0,0.0
531,Pyknosis,0,55,33,0.0,1.0,1.0,0.0
531,"Proliferation, Kupffer cell",0,55,29,0.0,1.0,1.0,0.0
531,Cellular foci,6,49,19,21.157894736842106,2.0415527818804448e-06,2.1577977801369824e-05,0.10909090909090909
531,Microgranuloma,0,55,20,0.0,1.0,1.0,0.0
531,Edema,0,55,18,0.0,1.0,1.0,0.0
531,"Deposit, hemosiderin",0,55,17,0.0,1.0,1.0,0.0
531,"Inclusion body, intracytoplasmic",0,55,11,0.0,1.0,1.0,0.0
531,"Degeneration, acidophilic, eosinophilic",0,55,10,0.0,1.0,1.0,0.0
531,Hemorrhage,0,55,10,0.0,1.0,1.0,0.0
531,Phagocytosis,0,55,10,0.0,1.0,1.0,0.0
531,"Lesion,NOS",0,55,10,0.0,1.0,1.0,0.0
531,"Deposit, glycogen",0,55,9,0.0,1.0,1.0,0.0
531,Granuloma,0,55,8,0.0,1.0,1.0,0.0
531,"Vacuolization, nuclear",0,55,5,0.0,1.0,1.0,0.0
534,Hypertrophy,5,22,500,1.2863636363636364,0.3837278085538738,1.0,0.18518518518518517
534,Cellular infiltration,6,21,198,4.51948051948052,0.004716651157720103,0.03282590260908894,0.2222222222222222
534,"Degeneration, granular, eosinophilic",0,27,202,0.0,1.0,1.0,0.0
534,Ground glass appearance,0,27,174,0.0,1.0,1.0,0.0
534,Necrosis,1,26,159,0.7670537010159652,0.7338784398027812,1.0,0.037037037037037035
534,"Proliferation, bile duct",21,6,134,83.4776119402985,5.399894050783247e-24,1.8867865095089695e-22,0.7777777777777778
534,"Vacuolization, cytoplasmic",0,27,135,0.0,1.0,1.0,0.0
534,"Change, eosinophilic",0,27,129,0.0,1.0,1.0,0.0
534,Increased mitosis,0,27,126,0.0,1.0,1.0,0.0
534,Single cell necrosis,0,27,111,0.0,1.0,1.0,0.0
534,Swelling,21,6,84,135.25,8.011600358660989e-28,3.525104157810835e-26,0.7777777777777778
534,"Change, acidophilic",1,26,86,1.450805008944544,0.5092181396204984,1.0,0.037037037037037035
534,"Degeneration, fatty",0,27,80,0.0,1.0,1.0,0.0
534,Fibrosis,0,27,63,0.0,1.0,1.0,0.0
534,"Proliferation, oval cell",21,6,40,287.875,1.649662639997105e-33,9.51358842872117e-32,0.7777777777777778
534,"Hematopoiesis, extramedullary",0,27,54,0.0,1.0,1.0,0.0
534,"Cellular infiltration, mononuclear cell",0,27,53,0.0,1.0,1.0,0.0
534,Anisonucleosis,0,27,47,0.0,1.0,1.0,0.0
534,"Alteration, nuclear",0,27,46,0.0,1.0,1.0,0.0
534,"Deposit, pigment",0,27,38,0.0,1.0,1.0,0.0
534,"Degeneration, hydropic",0,27,35,0.0,1.0,1.0,0.0
534,"Alteration, cytoplasmic",0,27,35,0.0,1.0,1.0,0.0
534,Pyknosis,0,27,33,0.0,1.0,1.0,0.0
534,"Proliferation, Kupffer cell",0,27,29,0.0,1.0,1.0,0.0
534,Cellular foci,5,22,20,37.61363636363637,1.0849578973947415e-06,1.1771050064885415e-05,0.18518518518518517
534,Microgranuloma,0,27,20,0.0,1.0,1.0,0.0
534,Edema,0,27,18,0.0,1.0,1.0,0.0
534,"Deposit, hemosiderin",0,27,17,0.0,1.0,1.0,0.0
534,"Inclusion body, intracytoplasmic",0,27,11,0.0,1.0,1.0,0.0
534,"Degeneration, acidophilic, eosinophilic",0,27,10,0.0,1.0,1.0,0.0
534,Hemorrhage,0,27,10,0.0,1.0,1.0,0.0
534,Phagocytosis,0,27,10,0.0,1.0,1.0,0.0
534,"Lesion,NOS",0,27,10,0.0,1.0,1.0,0.0
534,"Deposit, glycogen",0,27,9,0.0,1.0,1.0,0.0
534,Granuloma,0,27,8,0.0,1.0,1.0,0.0
534,"Vacuolization, nuclear",0,27,5,0.0,1.0,1.0,0.0
539,Hypertrophy,0,75,505,0.0,1.0,1.0,0.0
539,Cellular infiltration,58,17,146,73.28283642224012,8.046967704092219e-59,1.4058525930090524e-56,0.7733333333333333
539,"Degeneration, granular, eosinophilic",2,73,200,0.42219178082191783,0.9466200465243153,1.0,0.02666666666666667
539,Ground glass appearance,0,75,174,0.0,1.0,1.0,0.0
539,Necrosis,2,73,158,0.5417027917461419,0.880829439639463,1.0,0.02666666666666667
539,"Proliferation, bile duct",6,69,149,1.8284213597899037,0.13040993423982328,0.6910214178274311,0.08
539,"Vacuolization, cytoplasmic",0,75,135,0.0,1.0,1.0,0.0
539,"Change, eosinophilic",0,75,129,0.0,1.0,1.0,0.0
539,Increased mitosis,0,75,126,0.0,1.0,1.0,0.0
539,Single cell necrosis,0,75,111,0.0,1.0,1.0,0.0
539,Swelling,2,73,103,0.845591169038436,0.6877536862117765,1.0,0.02666666666666667
539,"Change, acidophilic",3,72,84,1.5863095238095237,0.30760440176636733,1.0,0.04
539,"Degeneration, fatty",60,15,20,652.4,2.8889640448888288e-96,2.451492346662806e-93,0.8
539,Fibrosis,25,50,38,42.68421052631579,8.885314504507544e-27,3.7168146589278035e-25,0.3333333333333333
539,"Proliferation, oval cell",0,75,61,0.0,1.0,1.0,0.0
539,"Hematopoiesis, extramedullary",0,75,54,0.0,1.0,1.0,0.0
539,"Cellular infiltration, mononuclear cell",0,75,53,0.0,1.0,1.0,0.0
539,Anisonucleosis,0,75,47,0.0,1.0,1.0,0.0
539,"Alteration, nuclear",0,75,46,0.0,1.0,1.0,0.0
539,"Deposit, pigment",0,75,38,0.0,1.0,1.0,0.0
539,"Degeneration, hydropic",35,40,0,inf,1.418762853948724e-62,3.3048828833158513e-60,0.4666666666666667
539,"Alteration, cytoplasmic",0,75,35,0.0,1.0,1.0,0.0
539,Pyknosis,0,75,33,0.0,1.0,1.0,0.0
539,"Proliferation, Kupffer cell",0,75,29,0.0,1.0,1.0,0.0
539,Cellular foci,0,75,25,0.0,1.0,1.0,0.0
539,Microgranuloma,0,75,20,0.0,1.0,1.0,0.0
539,Edema,0,75,18,0.0,1.0,1.0,0.0
539,"Deposit, hemosiderin",0,75,17,0.0,1.0,1.0,0.0
539,"Inclusion body, intracytoplasmic",0,75,11,0.0,1.0,1.0,0.0
539,"Degeneration, acidophilic, eosinophilic",0,75,10,0.0,1.0,1.0,0.0
539,Hemorrhage,0,75,10,0.0,1.0,1.0,0.0
539,Phagocytosis,0,75,10,0.0,1.0,1.0,0.0
539,"Lesion,NOS",0,75,10,0.0,1.0,1.0,0.0
539,"Deposit, glycogen",0,75,9,0.0,1.0,1.0,0.0
539,Granuloma,0,75,8,0.0,1.0,1.0,0.0
539,"Vacuolization, nuclear",0,75,5,0.0,1.0,1.0,0.0
541,Hypertrophy,42,93,463,2.691144708423326,1.0955273005122803e-06,1.1864051349212297e-05,0.3111111111111111
541,Cellular infiltration,6,129,198,0.7103594080338267,0.8406182989537468,1.0,0.044444444444444446
541,"Degeneration, granular, eosinophilic",102,33,100,96.49818181818182,4.215421630693951e-107,2.5039604486322067e-103,0.7555555555555555
541,Ground glass appearance,0,135,174,0.0,1.0,1.0,0.0
541,Necrosis,17,118,143,3.1019912291098732,0.00017420970165975746,0.0014804086235464368,0.1259259259259259
541,"Proliferation, bile duct",3,132,152,0.4590311004784689,0.9544949256581003,1.0,0.022222222222222223
541,"Vacuolization, cytoplasmic",4,131,131,0.7204708350329235,0.8016822797350714,1.0,0.02962962962962963
541,"Change, eosinophilic",2,133,127,0.36646734947605236,0.9700813324028328,1.0,0.014814814814814815
541,Increased mitosis,23,112,103,6.218533287101248,3.599291975992536e-10,5.2724523643392515e-09,0.17037037037037037
541,Single cell necrosis,3,132,108,0.6553030303030303,0.8327384794259768,1.0,0.022222222222222223
541,Swelling,0,135,105,0.0,1.0,1.0,0.0
541,"Change, acidophilic",0,135,87,0.0,1.0,1.0,0.0
541,"Degeneration, fatty",0,135,80,0.0,1.0,1.0,0.0
541,Fibrosis,0,135,63,0.0,1.0,1.0,0.0
541,"Proliferation, oval cell",0,135,61,0.0,1.0,1.0,0.0
541,"Hematopoiesis, extramedullary",0,135,54,0.0,1.0,1.0,0.0
541,"Cellular infiltration, mononuclear cell",0,135,53,0.0,1.0,1.0,0.0
541,Anisonucleosis,0,135,47,0.0,1.0,1.0,0.0
541,"Alteration, nuclear",0,135,46,0.0,1.0,1.0,0.0
541,"Deposit, pigment",0,135,38,0.0,1.0,1.0,0.0
541,"Degeneration, hydropic",0,135,35,0.0,1.0,1.0,0.0
541,"Alteration, cytoplasmic",0,135,35,0.0,1.0,1.0,0.0
541,Pyknosis,0,135,33,0.0,1.0,1.0,0.0
541,"Proliferation, Kupffer cell",0,135,29,0.0,1.0,1.0,0.0
541,Cellular foci,1,134,24,0.9944029850746269,0.6429569442190377,1.0,0.007407407407407408
541,Microgranuloma,0,135,20,0.0,1.0,1.0,0.0
541,Edema,3,132,15,4.859090909090909,0.03333595494702168,0.20519748433710752,0.022222222222222223
541,"Deposit, hemosiderin",0,135,17,0.0,1.0,1.0,0.0
541,"Inclusion body, intracytoplasmic",0,135,11,0.0,1.0,1.0,0.0
541,"Degeneration, acidophilic, eosinophilic",0,135,10,0.0,1.0,1.0,0.0
541,Hemorrhage,0,135,10,0.0,1.0,1.0,0.0
541,Phagocytosis,0,135,10,0.0,1.0,1.0,0.0
541,"Lesion,NOS",0,135,10,0.0,1.0,1.0,0.0
541,"Deposit, glycogen",0,135,9,0.0,1.0,1.0,0.0
541,Granuloma,8,127,0,inf,5.583323509357423e-12,9.368627583498048e-11,0.05925925925925926
541,"Vacuolization, nuclear",0,135,5,0.0,1.0,1.0,0.0
550,Hypertrophy,27,26,478,6.139523656260058,6.777302658774833e-10,9.677206200269832e-09,0.5094339622641509
550,Cellular infiltration,3,50,201,0.9262686567164179,0.6343066656768672,1.0,0.05660377358490566
550,"Degeneration, granular, eosinophilic",51,2,151,532.4602649006622,1.0262728621659046e-62,2.438424320506189e-60,0.9622641509433962
550,Ground glass appearance,0,53,174,0.0,1.0,1.0,0.0
550,Necrosis,8,45,152,3.6865497076023392,0.0031651623880868357,0.022624626456360777,0.1509433962264151
550,"Proliferation, bile duct",1,52,154,0.39335664335664333,0.9199822442464224,1.0,0.018867924528301886
550,"Vacuolization, cytoplasmic",0,53,135,0.0,1.0,1.0,0.0
550,"Change, eosinophilic",0,53,129,0.0,1.0,1.0,0.0
550,Increased mitosis,13,40,113,9.177654867256637,3.710134038390583e-08,4.5722398730373577e-07,0.24528301886792453
550,Single cell necrosis,2,51,109,1.149487317862925,0.5284843976480134,1.0,0.03773584905660377
550,Swelling,0,53,105,0.0,1.0,1.0,0.0
550,"Change, acidophilic",0,53,87,0.0,1.0,1.0,0.0
550,"Degeneration, fatty",0,53,80,0.0,1.0,1.0,0.0
550,Fibrosis,0,53,63,0.0,1.0,1.0,0.0
550,"Proliferation, oval cell",0,53,61,0.0,1.0,1.0,0.0
550,"Hematopoiesis, extramedullary",0,53,54,0.0,1.0,1.0,0.0
550,"Cellular infiltration, mononuclear cell",1,52,52,1.202662721893491,0.5726232772800328,1.0,0.018867924528301886
550,Anisonucleosis,0,53,47,0.0,1.0,1.0,0.0
550,"Alteration, nuclear",0,53,46,0.0,1.0,1.0,0.0
550,"Deposit, pigment",0,53,38,0.0,1.0,1.0,0.0
550,"Degeneration, hydropic",0,53,35,0.0,1.0,1.0,0.0
550,"Alteration, cytoplasmic",0,53,35,0.0,1.0,1.0,0.0
550,Pyknosis,0,53,33,0.0,1.0,1.0,0.0
550,"Proliferation, Kupffer cell",0,53,29,0.0,1.0,1.0,0.0
550,Cellular foci,1,52,24,2.628205128205128,0.3292019491509819,1.0,0.018867924528301886
550,Microgranuloma,0,53,20,0.0,1.0,1.0,0.0
550,Edema,0,53,18,0.0,1.0,1.0,0.0
550,"Deposit, hemosiderin",0,53,17,0.0,1.0,1.0,0.0
550,"Inclusion body, intracytoplasmic",0,53,11,0.0,1.0,1.0,0.0
550,"Degeneration, acidophilic, eosinophilic",0,53,10,0.0,1.0,1.0,0.0
550,Hemorrhage,0,53,10,0.0,1.0,1.0,0.0
550,Phagocytosis,0,53,10,0.0,1.0,1.0,0.0
550,"Lesion,NOS",0,53,10,0.0,1.0,1.0,0.0
550,"Deposit, glycogen",0,53,9,0.0,1.0,1.0,0.0
550,Granuloma,3,50,5,39.588,0.0001968710195906803,0.0016552213112082676,0.05660377358490566
550,"Vacuolization, nuclear",0,53,5,0.0,1.0,1.0,0.0
554,Hypertrophy,20,45,485,2.5722794959908364,0.0009093892300942281,0.007051921705952631,0.3076923076923077
554,Cellular infiltration,2,63,202,0.4856199905704856,0.9136523842002371,1.0,0.03076923076923077
554,"Degeneration, granular, eosinophilic",33,32,169,19.05676775147929,2.745732850115818e-24,9.825092246799975e-23,0.5076923076923077
554,Ground glass appearance,1,64,173,0.2817015895953757,0.9696164878120286,1.0,0.015384615384615385
554,Necrosis,12,53,148,4.80979092299847,4.058721062205361e-05,0.00037349036575522605,0.18461538461538463
554,"Proliferation, bile duct",2,63,153,0.6513123768025729,0.8108970563901036,1.0,0.03076923076923077
554,"Vacuolization, cytoplasmic",10,55,125,4.606545454545454,0.00021399407406237446,0.0017903166196204287,0.15384615384615385
554,"Change, eosinophilic",10,55,119,4.847975553857907,0.00014645479992174458,0.0012589602192983544,0.15384615384615385
554,Increased mitosis,6,59,120,2.688135593220339,0.03356068297786603,0.20647380309531252,0.09230769230769231
554,Single cell necrosis,4,61,107,1.9518921403401257,0.1662701367364443,0.8543638513966083,0.06153846153846154
554,Swelling,5,60,100,2.66,0.05100759885893758,0.2999852843783062,0.07692307692307693
554,"Change, acidophilic",1,64,86,0.5824854651162791,0.8215513833125127,1.0,0.015384615384615385
554,"Degeneration, fatty",0,65,80,0.0,1.0,1.0,0.0
554,Fibrosis,1,64,62,0.8140120967741935,0.7116085158641952,1.0,0.015384615384615385
554,"Proliferation, oval cell",0,65,61,0.0,1.0,1.0,0.0
554,"Hematopoiesis, extramedullary",0,65,54,0.0,1.0,1.0,0.0
554,"Cellular infiltration, mononuclear cell",1,64,52,0.9735576923076923,0.6481218734602107,1.0,0.015384615384615385
554,Anisonucleosis,0,65,47,0.0,1.0,1.0,0.0
554,"Alteration, nuclear",0,65,46,0.0,1.0,1.0,0.0
554,"Deposit, pigment",0,65,38,0.0,1.0,1.0,0.0
554,"Degeneration, hydropic",0,65,35,0.0,1.0,1.0,0.0
554,"Alteration, cytoplasmic",0,65,35,0.0,1.0,1.0,0.0
554,Pyknosis,0,65,33,0.0,1.0,1.0,0.0
554,"Proliferation, Kupffer cell",5,60,24,11.347222222222221,0.00019321666458033362,0.0016291085700598745,0.07692307692307693
554,Cellular foci,0,65,25,0.0,1.0,1.0,0.0
554,Microgranuloma,0,65,20,0.0,1.0,1.0,0.0
554,Edema,0,65,18,0.0,1.0,1.0,0.0
554,"Deposit, hemosiderin",0,65,17,0.0,1.0,1.0,0.0
554,"Inclusion body, intracytoplasmic",0,65,11,0.0,1.0,1.0,0.0
554,"Degeneration, acidophilic, eosinophilic",0,65,10,0.0,1.0,1.0,0.0
554,Hemorrhage,0,65,10,0.0,1.0,1.0,0.0
554,Phagocytosis,0,65,10,0.0,1.0,1.0,0.0
554,"Lesion,NOS",0,65,10,0.0,1.0,1.0,0.0
554,"Deposit, glycogen",0,65,9,0.0,1.0,1.0,0.0
554,Granuloma,2,63,6,17.386243386243386,0.009588808918730757,0.06378222281888096,0.03076923076923077
554,"Vacuolization, nuclear",0,65,5,0.0,1.0,1.0,0.0
570,Hypertrophy,14,36,491,2.2303688617334236,0.012862265806546348,0.08400424287068203,0.28
570,Cellular infiltration,13,37,191,5.731993773878591,5.050579313888278e-06,5.110807687307729e-05,0.26
570,"Degeneration, granular, eosinophilic",0,50,202,0.0,1.0,1.0,0.0
570,Ground glass appearance,0,50,174,0.0,1.0,1.0,0.0
570,Necrosis,3,47,157,1.2806613362244206,0.42897390804510743,1.0,0.06
570,"Proliferation, bile duct",27,23,128,29.15523097826087,3.928672748048477e-24,1.38906643591714e-22,0.54
570,"Vacuolization, cytoplasmic",1,49,134,0.4832470301553457,0.8735257251975641,1.0,0.02
570,"Change, eosinophilic",0,50,129,0.0,1.0,1.0,0.0
570,Increased mitosis,0,50,126,0.0,1.0,1.0,0.0
570,Single cell necrosis,1,49,110,0.5931354359925789,0.8161834513894616,1.0,0.02
570,Swelling,32,18,73,78.7579908675799,5.076175238890497e-38,3.890642699227039e-36,0.64
570,"Change, acidophilic",0,50,87,0.0,1.0,1.0,0.0
570,"Degeneration, fatty",0,50,80,0.0,1.0,1.0,0.0
570,Fibrosis,0,50,63,0.0,1.0,1.0,0.0
570,"Proliferation, oval cell",27,23,34,113.00639386189258,1.0342938326900703e-36,7.446915595368506e-35,0.54
570,"Hematopoiesis, extramedullary",0,50,54,0.0,1.0,1.0,0.0
570,"Cellular infiltration, mononuclear cell",0,50,53,0.0,1.0,1.0,0.0
570,Anisonucleosis,0,50,47,0.0,1.0,1.0,0.0
570,"Alteration, nuclear",0,50,46,0.0,1.0,1.0,0.0
570,"Deposit, pigment",0,50,38,0.0,1.0,1.0,0.0
570,"Degeneration, hydropic",0,50,35,0.0,1.0,1.0,0.0
570,"Alteration, cytoplasmic",0,50,35,0.0,1.0,1.0,0.0
570,Pyknosis,0,50,33,0.0,1.0,1.0,0.0
570,"Proliferation, Kupffer cell",0,50,29,0.0,1.0,1.0,0.0
570,Cellular foci,3,47,22,9.530947775628627,0.005678586068173789,0.03913085991293771,0.06
570,Microgranuloma,0,50,20,0.0,1.0,1.0,0.0
570,Edema,0,50,18,0.0,1.0,1.0,0.0
570,"Deposit, hemosiderin",0,50,17,0.0,1.0,1.0,0.0
570,"Inclusion body, intracytoplasmic",1,49,10,6.728571428571429,0.15237533882069806,0.7911796438767015,0.02
570,"Degeneration, acidophilic, eosinophilic",0,50,10,0.0,1.0,1.0,0.0
570,Hemorrhage,0,50,10,0.0,1.0,1.0,0.0
570,Phagocytosis,0,50,10,0.0,1.0,1.0,0.0
570,"Lesion,NOS",0,50,10,0.0,1.0,1.0,0.0
570,"Deposit, glycogen",0,50,9,0.0,1.0,1.0,0.0
570,Granuloma,0,50,8,0.0,1.0,1.0,0.0
570,"Vacuolization, nuclear",0,50,5,0.0,1.0,1.0,0.0
572,Hypertrophy,19,26,486,4.249287749287749,8.97058966375761e-06,8.903141621172965e-05,0.4222222222222222
572,Cellular infiltration,3,42,201,1.105543710021322,0.521545269422971,1.0,0.06666666666666667
572,"Degeneration, granular, eosinophilic",39,6,163,125.57361963190183,3.71954900893261e-43,3.6519208451338356e-41,0.8666666666666667
572,Ground glass appearance,0,45,174,0.0,1.0,1.0,0.0
572,Necrosis,8,37,152,4.4950213371266,0.0010650327870388532,0.00816823080053039,0.17777777777777778
572,"Proliferation, bile duct",1,44,154,0.46605667060212513,0.8825392201936193,1.0,0.022222222222222223
572,"Vacuolization, cytoplasmic",0,45,135,0.0,1.0,1.0,0.0
572,"Change, eosinophilic",0,45,129,0.0,1.0,1.0,0.0
572,Increased mitosis,16,29,110,16.060188087774296,1.541043957962288e-12,2.7243455685404733e-11,0.35555555555555557
572,Single cell necrosis,2,43,109,1.3667591209729038,0.4419321582106646,1.0,0.044444444444444446
572,Swelling,0,45,105,0.0,1.0,1.0,0.0
572,"Change, acidophilic",0,45,87,0.0,1.0,1.0,0.0
572,"Degeneration, fatty",0,45,80,0.0,1.0,1.0,0.0
572,Fibrosis,0,45,63,0.0,1.0,1.0,0.0
572,"Proliferation, oval cell",0,45,61,0.0,1.0,1.0,0.0
572,"Hematopoiesis, extramedullary",0,45,54,0.0,1.0,1.0,0.0
572,"Cellular infiltration, mononuclear cell",0,45,53,0.0,1.0,1.0,0.0
572,Anisonucleosis,0,45,47,0.0,1.0,1.0,0.0
572,"Alteration, nuclear",0,45,46,0.0,1.0,1.0,0.0
572,"Deposit, pigment",0,45,38,0.0,1.0,1.0,0.0
572,"Degeneration, hydropic",0,45,35,0.0,1.0,1.0,0.0
572,"Alteration, cytoplasmic",0,45,35,0.0,1.0,1.0,0.0
572,Pyknosis,0,45,33,0.0,1.0,1.0,0.0
572,"Proliferation, Kupffer cell",0,45,29,0.0,1.0,1.0,0.0
572,Cellular foci,0,45,25,0.0,1.0,1.0,0.0
572,Microgranuloma,0,45,20,0.0,1.0,1.0,0.0
572,Edema,1,44,17,4.4050802139037435,0.21615194629874251,1.0,0.022222222222222223
572,"Deposit, hemosiderin",0,45,17,0.0,1.0,1.0,0.0
572,"Inclusion body, intracytoplasmic",0,45,11,0.0,1.0,1.0,0.0
572,"Degeneration, acidophilic, eosinophilic",0,45,10,0.0,1.0,1.0,0.0
572,Hemorrhage,0,45,10,0.0,1.0,1.0,0.0
572,Phagocytosis,0,45,10,0.0,1.0,1.0,0.0
572,"Lesion,NOS",0,45,10,0.0,1.0,1.0,0.0
572,"Deposit, glycogen",0,45,9,0.0,1.0,1.0,0.0
572,Granuloma,3,42,5,47.24285714285714,0.00012033219095298354,0.0010442267556767307,0.06666666666666667
572,"Vacuolization, nuclear",0,45,5,0.0,1.0,1.0,0.0
581,Hypertrophy,18,56,487,1.845409210912291,0.02287203926129593,0.14361513024534653,0.24324324324324326
581,Cellular infiltration,8,66,196,1.9090909090909092,0.07758794423758529,0.43726033090252053,0.10810810810810811
581,"Degeneration, granular, eosinophilic",0,74,202,0.0,1.0,1.0,0.0
581,Ground glass appearance,6,68,168,1.6360294117647058,0.1829501899171975,0.9272390171571273,0.08108108108108109
581,Necrosis,5,69,155,1.4623655913978495,0.27626101365425926,1.0,0.06756756756756757
581,"Proliferation, bile duct",5,69,150,1.5135265700483091,0.2549496714529862,1.0,0.06756756756756757
581,"Vacuolization, cytoplasmic",3,71,132,1.0086427656850192,0.5783165316290674,1.0,0.04054054054054054
581,"Change, eosinophilic",3,71,126,1.0586854460093897,0.5469278603085589,1.0,0.04054054054054054
581,Increased mitosis,5,69,121,1.8936399568810636,0.14299900345075459,0.7483824497775173,0.06756756756756757
581,Single cell necrosis,7,67,104,3.1935993111366248,0.010346783237768716,0.06851715990228113,0.0945945945945946
581,Swelling,0,74,105,0.0,1.0,1.0,0.0
581,"Change, acidophilic",7,67,80,4.183022388059701,0.0027111611914903523,0.019567797663976542,0.0945945945945946
581,"Degeneration, fatty",0,74,80,0.0,1.0,1.0,0.0
581,Fibrosis,6,68,57,4.993808049535604,0.0023487383408980957,0.017160523671506382,0.08108108108108109
581,"Proliferation, oval cell",0,74,61,0.0,1.0,1.0,0.0
581,"Hematopoiesis, extramedullary",18,56,36,28.991071428571427,9.023168578784422e-18,2.280749845020403e-16,0.24324324324324326
581,"Cellular infiltration, mononuclear cell",4,70,49,3.7714285714285714,0.028234063423607382,0.17533751880421103,0.05405405405405406
581,Anisonucleosis,5,69,42,5.591787439613527,0.0033867063988917813,0.02407784082515521,0.06756756756756757
581,"Alteration, nuclear",2,72,44,2.0448232323232323,0.2694079094424764,1.0,0.02702702702702703
581,"Deposit, pigment",10,64,28,18.1640625,4.202090851717569e-09,5.621716139459991e-08,0.13513513513513514
581,"Degeneration, hydropic",0,74,35,0.0,1.0,1.0,0.0
581,"Alteration, cytoplasmic",0,74,35,0.0,1.0,1.0,0.0
581,Pyknosis,0,74,33,0.0,1.0,1.0,0.0
581,"Proliferation, Kupffer cell",1,73,28,1.5924657534246576,0.4775124220297473,1.0,0.013513513513513514
581,Cellular foci,0,74,25,0.0,1.0,1.0,0.0
581,Microgranuloma,0,74,20,0.0,1.0,1.0,0.0
581,Edema,0,74,18,0.0,1.0,1.0,0.0
581,"Deposit, hemosiderin",2,72,15,6.051851851851852,0.05266462804585647,0.3083567181787949,0.02702702702702703
581,"Inclusion body, intracytoplasmic",1,73,10,4.483561643835617,0.21773439579493037,1.0,0.013513513513513514
581,"Degeneration, acidophilic, eosinophilic",0,74,10,0.0,1.0,1.0,0.0
581,Hemorrhage,5,69,5,47.507246376811594,1.0510605511057704e-06,1.1434614786755085e-05,0.06756756756756757
581,Phagocytosis,8,66,2,198.84848484848484,1.6502595652068676e-12,2.8958764600675904e-11,0.10810810810810811
581,"Lesion,NOS",2,72,8,11.371527777777779,0.0192402481140176,0.12216683463096155,0.02702702702702703
581,"Deposit, glycogen",0,74,9,0.0,1.0,1.0,0.0
581,Granuloma,0,74,8,0.0,1.0,1.0,0.0
581,"Vacuolization, nuclear",0,74,5,0.0,1.0,1.0,0.0
583,Hypertrophy,70,35,435,12.951724137931034,2.2639140621439823e-34,1.400796825951589e-32,0.6666666666666666
583,Cellular infiltration,1,104,203,0.14442023493747633,0.9987571431426805,1.0,0.009523809523809525
583,"Degeneration, granular, eosinophilic",0,105,202,0.0,1.0,1.0,0.0
583,Ground glass appearance,67,38,107,51.823659616330545,9.582466327081259e-65,2.9957815780454044e-62,0.638095238095238
583,Necrosis,0,105,160,0.0,1.0,1.0,0.0
583,"Proliferation, bile duct",0,105,155,0.0,1.0,1.0,0.0
583,"Vacuolization, cytoplasmic",19,86,116,5.972734562951082,1.6930349457915225e-08,2.165043612056328e-07,0.18095238095238095
583,"Change, eosinophilic",0,105,129,0.0,1.0,1.0,0.0
583,Increased mitosis,16,89,110,5.135035750766088,1.1089695993074158e-06,1.1998687467916303e-05,0.1523809523809524
583,Single cell necrosis,0,105,111,0.0,1.0,1.0,0.0
583,Swelling,2,103,103,0.5936469035724385,0.8482798866628483,1.0,0.01904761904761905
583,"Change, acidophilic",0,105,87,0.0,1.0,1.0,0.0
583,"Degeneration, fatty",0,105,80,0.0,1.0,1.0,0.0
583,Fibrosis,0,105,63,0.0,1.0,1.0,0.0
583,"Proliferation, oval cell",0,105,61,0.0,1.0,1.0,0.0
583,"Hematopoiesis, extramedullary",0,105,54,0.0,1.0,1.0,0.0
583,"Cellular infiltration, mononuclear cell",0,105,53,0.0,1.0,1.0,0.0
583,Anisonucleosis,0,105,47,0.0,1.0,1.0,0.0
583,"Alteration, nuclear",0,105,46,0.0,1.0,1.0,0.0
583,"Deposit, pigment",0,105,38,0.0,1.0,1.0,0.0
583,"Degeneration, hydropic",0,105,35,0.0,1.0,1.0,0.0
583,"Alteration, cytoplasmic",0,105,35,0.0,1.0,1.0,0.0
583,Pyknosis,0,105,33,0.0,1.0,1.0,0.0
583,"Proliferation, Kupffer cell",0,105,29,0.0,1.0,1.0,0.0
583,Cellular foci,0,105,25,0.0,1.0,1.0,0.0
583,Microgranuloma,0,105,20,0.0,1.0,1.0,0.0
583,Edema,0,105,18,0.0,1.0,1.0,0.0
583,"Deposit, hemosiderin",0,105,17,0.0,1.0,1.0,0.0
583,"Inclusion body, intracytoplasmic",0,105,11,0.0,1.0,1.0,0.0
583,"Degeneration, acidophilic, eosinophilic",0,105,10,0.0,1.0,1.0,0.0
583,Hemorrhage,0,105,10,0.0,1.0,1.0,0.0
583,Phagocytosis,0,105,10,0.0,1.0,1.0,0.0
583,"Lesion,NOS",0,105,10,0.0,1.0,1.0,0.0
583,"Deposit, glycogen",0,105,9,0.0,1.0,1.0,0.0
583,Granuloma,0,105,8,0.0,1.0,1.0,0.0
583,"Vacuolization, nuclear",0,105,5,0.0,1.0,1.0,0.0
585,Hypertrophy,7,12,498,3.326639892904953,0.01629545002435397,0.1044174467579963,0.3684210526315789
585,Cellular infiltration,0,19,204,0.0,1.0,1.0,0.0
585,"Degeneration, granular, eosinophilic",0,19,202,0.0,1.0,1.0,0.0
585,Ground glass appearance,5,14,169,6.696956889264581,0.0022670207651562485,0.016604319784251684,0.2631578947368421
585,Necrosis,0,19,160,0.0,1.0,1.0,0.0
585,"Proliferation, bile duct",2,17,153,2.4490580545943867,0.2178836238666861,1.0,0.10526315789473684
585,"Vacuolization, cytoplasmic",0,19,135,0.0,1.0,1.0,0.0
585,"Change, eosinophilic",8,11,121,19.335837716003006,2.0285421655213574e-07,2.326166112586267e-06,0.42105263157894735
585,Increased mitosis,1,18,125,1.428,0.517540604947994,1.0,0.05263157894736842
585,Single cell necrosis,12,7,99,56.086580086580085,3.903542930377248e-14,7.886750002190766e-13,0.631578947368421
585,Swelling,0,19,105,0.0,1.0,1.0,0.0
585,"Change, acidophilic",0,19,87,0.0,1.0,1.0,0.0
585,"Degeneration, fatty",0,19,80,0.0,1.0,1.0,0.0
585,Fibrosis,0,19,63,0.0,1.0,1.0,0.0
585,"Proliferation, oval cell",0,19,61,0.0,1.0,1.0,0.0
585,"Hematopoiesis, extramedullary",0,19,54,0.0,1.0,1.0,0.0
585,"Cellular infiltration, mononuclear cell",2,17,51,7.582468281430219,0.035233102370158795,0.2152027023945946,0.10526315789473684
585,Anisonucleosis,5,14,42,28.027210884353742,4.347436018207128e-06,4.4218784157791674e-05,0.2631578947368421
585,"Alteration, nuclear",13,6,33,216.9949494949495,2.421584948535189e-21,7.338884997091339e-20,0.6842105263157895
585,"Deposit, pigment",4,15,34,25.91372549019608,4.7938609066245295e-05,0.0004374121933233442,0.21052631578947367
585,"Degeneration, hydropic",0,19,35,0.0,1.0,1.0,0.0
585,"Alteration, cytoplasmic",0,19,35,0.0,1.0,1.0,0.0
585,Pyknosis,0,19,33,0.0,1.0,1.0,0.0
585,"Proliferation, Kupffer cell",9,10,20,149.31,5.9380912116391425e-15,1.2756695044172334e-13,0.47368421052631576
585,Cellular foci,0,19,25,0.0,1.0,1.0,0.0
585,Microgranuloma,0,19,20,0.0,1.0,1.0,0.0
585,Edema,0,19,18,0.0,1.0,1.0,0.0
585,"Deposit, hemosiderin",0,19,17,0.0,1.0,1.0,0.0
585,"Inclusion body, intracytoplasmic",7,12,4,486.2083333333333,1.733307146794242e-14,3.5936629849765436e-13,0.3684210526315789
585,"Degeneration, acidophilic, eosinophilic",0,19,10,0.0,1.0,1.0,0.0
585,Hemorrhage,0,19,10,0.0,1.0,1.0,0.0
585,Phagocytosis,0,19,10,0.0,1.0,1.0,0.0
585,"Lesion,NOS",0,19,10,0.0,1.0,1.0,0.0
585,"Deposit, glycogen",0,19,9,0.0,1.0,1.0,0.0
585,Granuloma,0,19,8,0.0,1.0,1.0,0.0
585,"Vacuolization, nuclear",0,19,5,0.0,1.0,1.0,0.0
592,Hypertrophy,25,12,480,12.32638888888889,5.019595083786831e-13,9.202590986942524e-12,0.6756756756756757
592,Cellular infiltration,22,15,182,25.287912087912087,2.4133929552527454e-18,6.273765494180002e-17,0.5945945945945946
592,"Degeneration, granular, eosinophilic",9,28,193,5.2078090303478906,0.00024587031901450863,0.002041187554082713,0.24324324324324326
592,Ground glass appearance,0,37,174,0.0,1.0,1.0,0.0
592,Necrosis,18,19,142,21.202372127501853,5.0465712300904335e-15,1.0880810565058866e-13,0.4864864864864865
592,"Proliferation, bile duct",22,15,133,35.14486215538847,4.837401935039707e-21,1.4475651130547033e-19,0.5945945945945946
592,"Vacuolization, cytoplasmic",5,32,130,3.8341346153846154,0.015103872317596165,0.09741259670632055,0.13513513513513514
592,"Change, eosinophilic",13,24,116,14.961206896551724,3.539699291767124e-10,5.197976215845912e-09,0.35135135135135137
592,Increased mitosis,13,24,113,15.372787610619469,2.6204962612945585e-10,3.91099190756022e-09,0.35135135135135137
592,Single cell necrosis,9,28,102,10.140756302521009,1.9556508632801844e-06,2.071553205962154e-05,0.24324324324324326
592,Swelling,0,37,105,0.0,1.0,1.0,0.0
592,"Change, acidophilic",0,37,87,0.0,1.0,1.0,0.0
592,"Degeneration, fatty",0,37,80,0.0,1.0,1.0,0.0
592,Fibrosis,0,37,63,0.0,1.0,1.0,0.0
592,"Proliferation, oval cell",0,37,61,0.0,1.0,1.0,0.0
592,"Hematopoiesis, extramedullary",0,37,54,0.0,1.0,1.0,0.0
592,"Cellular infiltration, mononuclear cell",0,37,53,0.0,1.0,1.0,0.0
592,Anisonucleosis,0,37,47,0.0,1.0,1.0,0.0
592,"Alteration, nuclear",0,37,46,0.0,1.0,1.0,0.0
592,"Deposit, pigment",4,33,34,11.714795008912656,0.0007057057151314502,0.005533850756278302,0.10810810810810811
592,"Degeneration, hydropic",0,37,35,0.0,1.0,1.0,0.0
592,"Alteration, cytoplasmic",0,37,35,0.0,1.0,1.0,0.0
592,Pyknosis,0,37,33,0.0,1.0,1.0,0.0
592,"Proliferation, Kupffer cell",0,37,29,0.0,1.0,1.0,0.0
592,Cellular foci,0,37,25,0.0,1.0,1.0,0.0
592,Microgranuloma,0,37,20,0.0,1.0,1.0,0.0
592,Edema,17,20,1,2821.15,1.207458161227334e-34,7.712152126548778e-33,0.4594594594594595
592,"Deposit, hemosiderin",0,37,17,0.0,1.0,1.0,0.0
592,"Inclusion body, intracytoplasmic",0,37,11,0.0,1.0,1.0,0.0
592,"Degeneration, acidophilic, eosinophilic",0,37,10,0.0,1.0,1.0,0.0
592,Hemorrhage,0,37,10,0.0,1.0,1.0,0.0
592,Phagocytosis,0,37,10,0.0,1.0,1.0,0.0
592,"Lesion,NOS",0,37,10,0.0,1.0,1.0,0.0
592,"Deposit, glycogen",0,37,9,0.0,1.0,1.0,0.0
592,Granuloma,0,37,8,0.0,1.0,1.0,0.0
592,"Vacuolization, nuclear",0,37,5,0.0,1.0,1.0,0.0
593,Hypertrophy,30,33,475,5.395215311004785,6.239318417680078e-10,8.930494313498714e-09,0.47619047619047616
593,Cellular infiltration,9,54,195,2.6487179487179486,0.012735193919790486,0.08326587989384203,0.14285714285714285
593,"Degeneration, granular, eosinophilic",0,63,202,0.0,1.0,1.0,0.0
593,Ground glass appearance,2,61,172,0.5951200914982844,0.8471784000497771,1.0,0.031746031746031744
593,Necrosis,1,62,159,0.3180158247108947,0.955224179039322,1.0,0.015873015873015872
593,"Proliferation, bile duct",24,39,131,14.858485026423958,5.080702472626406e-17,1.2343301712638384e-15,0.38095238095238093
593,"Vacuolization, cytoplasmic",1,62,134,0.3803562831006259,0.9265059970410916,1.0,0.015873015873015872
593,"Change, eosinophilic",2,61,127,0.8176068155414999,0.7049134552825709,1.0,0.031746031746031744
593,Increased mitosis,0,63,126,0.0,1.0,1.0,0.0
593,Single cell necrosis,1,62,110,0.46686217008797654,0.8821657846921144,1.0,0.015873015873015872
593,Swelling,25,38,80,26.43092105263158,1.1753108832023347e-22,3.825395422587325e-21,0.3968253968253968
593,"Change, acidophilic",0,63,87,0.0,1.0,1.0,0.0
593,"Degeneration, fatty",0,63,80,0.0,1.0,1.0,0.0
593,Fibrosis,0,63,63,0.0,1.0,1.0,0.0
593,"Proliferation, oval cell",24,39,37,54.17047817047817,9.823210319114832e-28,4.306263416645174e-26,0.38095238095238093
593,"Hematopoiesis, extramedullary",0,63,54,0.0,1.0,1.0,0.0
593,"Cellular infiltration, mononuclear cell",0,63,53,0.0,1.0,1.0,0.0
593,Anisonucleosis,0,63,47,0.0,1.0,1.0,0.0
593,"Alteration, nuclear",0,63,46,0.0,1.0,1.0,0.0
593,"Deposit, pigment",0,63,38,0.0,1.0,1.0,0.0
593,"Degeneration, hydropic",0,63,35,0.0,1.0,1.0,0.0
593,"Alteration, cytoplasmic",0,63,35,0.0,1.0,1.0,0.0
593,Pyknosis,0,63,33,0.0,1.0,1.0,0.0
593,"Proliferation, Kupffer cell",0,63,29,0.0,1.0,1.0,0.0
593,Cellular foci,3,60,22,7.4363636363636365,0.010794743565925882,0.07136424794835808,0.047619047619047616
593,Microgranuloma,0,63,20,0.0,1.0,1.0,0.0
593,Edema,0,63,18,0.0,1.0,1.0,0.0
593,"Deposit, hemosiderin",0,63,17,0.0,1.0,1.0,0.0
593,"Inclusion body, intracytoplasmic",1,62,10,5.296774193548387,0.18836939222881732,0.9502455964663905,0.015873015873015872
593,"Degeneration, acidophilic, eosinophilic",0,63,10,0.0,1.0,1.0,0.0
593,Hemorrhage,0,63,10,0.0,1.0,1.0,0.0
593,Phagocytosis,0,63,10,0.0,1.0,1.0,0.0
593,"Lesion,NOS",0,63,10,0.0,1.0,1.0,0.0
593,"Deposit, glycogen",0,63,9,0.0,1.0,1.0,0.0
593,Granuloma,0,63,8,0.0,1.0,1.0,0.0
593,"Vacuolization, nuclear",0,63,5,0.0,1.0,1.0,0.0
596,Hypertrophy,4,40,501,0.5612774451097804,0.9155364877403622,1.0,0.09090909090909091
596,Cellular infiltration,0,44,204,0.0,1.0,1.0,0.0
596,"Degeneration, granular, eosinophilic",1,43,201,0.36006016429480503,0.9359960543053235,1.0,0.022727272727272728
596,Ground glass appearance,1,43,173,0.42209974458932653,0.9053320553569186,1.0,0.022727272727272728
596,Necrosis,2,42,158,0.9508740204942736,0.6283619220240058,1.0,0.045454545454545456
596,"Proliferation, bile duct",1,43,154,0.4770462096043491,0.8767740457572707,1.0,0.022727272727272728
596,"Vacuolization, cytoplasmic",31,13,104,73.57914201183432,5.178894538137975e-35,3.437165760507215e-33,0.7045454545454546
596,"Change, eosinophilic",2,42,127,1.1946006749156355,0.5094818283274423,1.0,0.045454545454545456
596,Increased mitosis,14,30,112,13.3375,2.36584791005014e-10,3.557756097645021e-09,0.3181818181818182
596,Single cell necrosis,10,34,101,9.353523587652884,1.0045933535694063e-06,1.0939110027868513e-05,0.22727272727272727
596,Swelling,0,44,105,0.0,1.0,1.0,0.0
596,"Change, acidophilic",0,44,87,0.0,1.0,1.0,0.0
596,"Degeneration, fatty",0,44,80,0.0,1.0,1.0,0.0
596,Fibrosis,2,42,61,2.53864168618267,0.19940336443328696,1.0,0.045454545454545456
596,"Proliferation, oval cell",0,44,61,0.0,1.0,1.0,0.0
596,"Hematopoiesis, extramedullary",0,44,54,0.0,1.0,1.0,0.0
596,"Cellular infiltration, mononuclear cell",1,43,52,1.4584078711985689,0.5057778087133425,1.0,0.022727272727272728
596,Anisonucleosis,0,44,47,0.0,1.0,1.0,0.0
596,"Alteration, nuclear",0,44,46,0.0,1.0,1.0,0.0
596,"Deposit, pigment",0,44,38,0.0,1.0,1.0,0.0
596,"Degeneration, hydropic",0,44,35,0.0,1.0,1.0,0.0
596,"Alteration, cytoplasmic",0,44,35,0.0,1.0,1.0,0.0
596,Pyknosis,0,44,33,0.0,1.0,1.0,0.0
596,"Proliferation, Kupffer cell",1,43,28,2.728405315614618,0.31902499671659845,1.0,0.022727272727272728
596,Cellular foci,0,44,25,0.0,1.0,1.0,0.0
596,Microgranuloma,5,39,15,28.188034188034187,4.107125804140742e-06,4.184882261816805e-05,0.11363636363636363
596,Edema,0,44,18,0.0,1.0,1.0,0.0
596,"Deposit, hemosiderin",0,44,17,0.0,1.0,1.0,0.0
596,"Inclusion body, intracytoplasmic",0,44,11,0.0,1.0,1.0,0.0
596,"Degeneration, acidophilic, eosinophilic",0,44,10,0.0,1.0,1.0,0.0
596,Hemorrhage,0,44,10,0.0,1.0,1.0,0.0
596,Phagocytosis,0,44,10,0.0,1.0,1.0,0.0
596,"Lesion,NOS",0,44,10,0.0,1.0,1.0,0.0
596,"Deposit, glycogen",0,44,9,0.0,1.0,1.0,0.0
596,Granuloma,0,44,8,0.0,1.0,1.0,0.0
596,"Vacuolization, nuclear",5,39,0,inf,3.0658566230336426e-10,4.53014635343777e-09,0.11363636363636363
599,Hypertrophy,25,40,480,3.6614583333333335,2.7147266499537566e-06,2.826188011217058e-05,0.38461538461538464
599,Cellular infiltration,8,57,196,2.2169709989258863,0.04118290890672604,0.24752547122981208,0.12307692307692308
599,"Degeneration, granular, eosinophilic",0,65,202,0.0,1.0,1.0,0.0
599,Ground glass appearance,0,65,174,0.0,1.0,1.0,0.0
599,Necrosis,6,59,154,2.0721989874532247,0.08709149366133023,0.48415860771951486,0.09230769230769231
599,"Proliferation, bile duct",18,47,137,8.819692498835224,2.617071649104046e-10,3.910793860547933e-09,0.27692307692307694
599,"Vacuolization, cytoplasmic",2,63,133,0.7540279269602578,0.7445912077155407,1.0,0.03076923076923077
599,"Change, eosinophilic",4,61,125,1.661377049180328,0.2386334566775439,1.0,0.06153846153846154
599,Increased mitosis,9,56,117,4.361263736263736,0.0005984510658943084,0.004742894371463899,0.13846153846153847
599,Single cell necrosis,25,40,86,23.299418604651162,1.3408069682707074e-21,4.158952162677808e-20,0.38461538461538464
599,Swelling,0,65,105,0.0,1.0,1.0,0.0
599,"Change, acidophilic",8,57,79,5.70819453697535,0.00022234025507996053,0.0018536156002455656,0.12307692307692308
599,"Degeneration, fatty",0,65,80,0.0,1.0,1.0,0.0
599,Fibrosis,8,57,55,8.260287081339714,2.127456542524299e-05,0.00020203184432604853,0.12307692307692308
599,"Proliferation, oval cell",0,65,61,0.0,1.0,1.0,0.0
599,"Hematopoiesis, extramedullary",16,49,38,27.961331901181524,6.704101238537182e-16,1.5228436465357883e-14,0.24615384615384617
599,"Cellular infiltration, mononuclear cell",15,50,38,25.689473684210526,1.3164389392330171e-14,2.7437358944014463e-13,0.23076923076923078
599,Anisonucleosis,15,50,32,30.5625,1.724202410417123e-15,3.8286961935991446e-14,0.23076923076923078
599,"Alteration, nuclear",4,61,42,5.07416081186573,0.011357473396832097,0.0749177034727181,0.06153846153846154
599,"Deposit, pigment",3,62,35,4.502764976958526,0.03610712070958469,0.21975030431857895,0.046153846153846156
599,"Degeneration, hydropic",0,65,35,0.0,1.0,1.0,0.0
599,"Alteration, cytoplasmic",0,65,35,0.0,1.0,1.0,0.0
599,Pyknosis,0,65,33,0.0,1.0,1.0,0.0
599,"Proliferation, Kupffer cell",4,61,25,8.569180327868853,0.002113705759609869,0.01556777707635787,0.06153846153846154
599,Cellular foci,0,65,25,0.0,1.0,1.0,0.0
599,Microgranuloma,0,65,20,0.0,1.0,1.0,0.0
599,Edema,0,65,18,0.0,1.0,1.0,0.0
599,"Deposit, hemosiderin",3,62,14,11.329493087557603,0.003881411046725644,0.027349444386180696,0.046153846153846156
599,"Inclusion body, intracytoplasmic",4,61,7,30.772833723653395,3.8175976937776294e-05,0.00035239363327178115,0.06153846153846154
599,"Degeneration, acidophilic, eosinophilic",0,65,10,0.0,1.0,1.0,0.0
599,Hemorrhage,8,57,2,230.87719298245614,5.553564026340272e-13,1.0150206251218836e-11,0.12307692307692308
599,Phagocytosis,2,63,8,13.031746031746032,0.015030574442695318,0.09709800129375767,0.03076923076923077
599,"Lesion,NOS",5,60,5,54.78333333333333,5.450930032196833e-07,6.0976505444913725e-06,0.07692307692307693
599,"Deposit, glycogen",0,65,9,0.0,1.0,1.0,0.0
599,Granuloma,0,65,8,0.0,1.0,1.0,0.0
599,"Vacuolization, nuclear",0,65,5,0.0,1.0,1.0,0.0
616,Hypertrophy,11,48,494,1.3007759784075574,0.2665451620741925,1.0,0.1864406779661017
616,Cellular infiltration,3,56,201,0.8254264392324094,0.7059576227599009,1.0,0.05084745762711865
616,"Degeneration, granular, eosinophilic",0,59,202,0.0,1.0,1.0,0.0
616,Ground glass appearance,0,59,174,0.0,1.0,1.0,0.0
616,Necrosis,9,50,151,3.7513907284768213,0.001632496587468641,0.012305875291324528,0.15254237288135594
616,"Proliferation, bile duct",3,56,152,1.1087875939849625,0.5179447209184442,1.0,0.05084745762711865
616,"Vacuolization, cytoplasmic",16,43,119,9.940199335548172,4.845379856505983e-10,7.0113413757967204e-09,0.2711864406779661
616,"Change, eosinophilic",23,36,106,19.238993710691823,1.7644165915809333e-18,4.647731509530263e-17,0.3898305084745763
616,Increased mitosis,0,59,126,0.0,1.0,1.0,0.0
616,Single cell necrosis,3,56,108,1.5823412698412698,0.30956280187245233,1.0,0.05084745762711865
616,Swelling,0,59,105,0.0,1.0,1.0,0.0
616,"Change, acidophilic",0,59,87,0.0,1.0,1.0,0.0
616,"Degeneration, fatty",0,59,80,0.0,1.0,1.0,0.0
616,Fibrosis,0,59,63,0.0,1.0,1.0,0.0
616,"Proliferation, oval cell",0,59,61,0.0,1.0,1.0,0.0
616,"Hematopoiesis, extramedullary",0,59,54,0.0,1.0,1.0,0.0
616,"Cellular infiltration, mononuclear cell",0,59,53,0.0,1.0,1.0,0.0
616,Anisonucleosis,0,59,47,0.0,1.0,1.0,0.0
616,"Alteration, nuclear",0,59,46,0.0,1.0,1.0,0.0
616,"Deposit, pigment",0,59,38,0.0,1.0,1.0,0.0
616,"Degeneration, hydropic",0,59,35,0.0,1.0,1.0,0.0
616,"Alteration, cytoplasmic",0,59,35,0.0,1.0,1.0,0.0
616,Pyknosis,0,59,33,0.0,1.0,1.0,0.0
616,"Proliferation, Kupffer cell",6,53,23,16.11977030352748,7.90229131564652e-06,7.889010153771484e-05,0.1016949152542373
616,Cellular foci,0,59,25,0.0,1.0,1.0,0.0
616,Microgranuloma,0,59,20,0.0,1.0,1.0,0.0
616,Edema,1,58,17,3.3275862068965516,0.27384014671859563,1.0,0.01694915254237288
616,"Deposit, hemosiderin",0,59,17,0.0,1.0,1.0,0.0
616,"Inclusion body, intracytoplasmic",0,59,11,0.0,1.0,1.0,0.0
616,"Degeneration, acidophilic, eosinophilic",0,59,10,0.0,1.0,1.0,0.0
616,Hemorrhage,0,59,10,0.0,1.0,1.0,0.0
616,Phagocytosis,0,59,10,0.0,1.0,1.0,0.0
616,"Lesion,NOS",0,59,10,0.0,1.0,1.0,0.0
616,"Deposit, glycogen",0,59,9,0.0,1.0,1.0,0.0
616,Granuloma,0,59,8,0.0,1.0,1.0,0.0
616,"Vacuolization, nuclear",0,59,5,0.0,1.0,1.0,0.0
617,Hypertrophy,5,40,500,0.703,0.8289918993050411,1.0,0.1111111111111111
617,Cellular infiltration,3,42,201,1.105543710021322,0.521545269422971,1.0,0.06666666666666667
617,"Degeneration, granular, eosinophilic",41,4,161,200.60714285714286,1.804875981631164e-47,2.081740452599828e-45,0.9111111111111111
617,Ground glass appearance,0,45,174,0.0,1.0,1.0,0.0
617,Necrosis,4,41,156,1.973733583489681,0.16459977030763798,0.8465131044392811,0.08888888888888889
617,"Proliferation, bile duct",3,42,152,1.4849624060150375,0.3448668977609332,1.0,0.06666666666666667
617,"Vacuolization, cytoplasmic",0,45,135,0.0,1.0,1.0,0.0
617,"Change, eosinophilic",2,43,127,1.1664530305804797,0.521621397799481,1.0,0.044444444444444446
617,Increased mitosis,7,38,119,4.942724458204334,0.0012262587940345304,0.009362438607410168,0.15555555555555556
617,Single cell necrosis,2,43,109,1.3667591209729038,0.4419321582106646,1.0,0.044444444444444446
617,Swelling,0,45,105,0.0,1.0,1.0,0.0
617,"Change, acidophilic",0,45,87,0.0,1.0,1.0,0.0
617,"Degeneration, fatty",0,45,80,0.0,1.0,1.0,0.0
617,Fibrosis,0,45,63,0.0,1.0,1.0,0.0
617,"Proliferation, oval cell",0,45,61,0.0,1.0,1.0,0.0
617,"Hematopoiesis, extramedullary",0,45,54,0.0,1.0,1.0,0.0
617,"Cellular infiltration, mononuclear cell",0,45,53,0.0,1.0,1.0,0.0
617,Anisonucleosis,0,45,47,0.0,1.0,1.0,0.0
617,"Alteration, nuclear",0,45,46,0.0,1.0,1.0,0.0
617,"Deposit, pigment",0,45,38,0.0,1.0,1.0,0.0
617,"Degeneration, hydropic",0,45,35,0.0,1.0,1.0,0.0
617,"Alteration, cytoplasmic",0,45,35,0.0,1.0,1.0,0.0
617,Pyknosis,0,45,33,0.0,1.0,1.0,0.0
617,"Proliferation, Kupffer cell",0,45,29,0.0,1.0,1.0,0.0
617,Cellular foci,0,45,25,0.0,1.0,1.0,0.0
617,Microgranuloma,0,45,20,0.0,1.0,1.0,0.0
617,Edema,3,42,15,15.7,0.0015961036313322894,0.012062157213885242,0.06666666666666667
617,"Deposit, hemosiderin",0,45,17,0.0,1.0,1.0,0.0
617,"Inclusion body, intracytoplasmic",0,45,11,0.0,1.0,1.0,0.0
617,"Degeneration, acidophilic, eosinophilic",0,45,10,0.0,1.0,1.0,0.0
617,Hemorrhage,0,45,10,0.0,1.0,1.0,0.0
617,Phagocytosis,0,45,10,0.0,1.0,1.0,0.0
617,"Lesion,NOS",0,45,10,0.0,1.0,1.0,0.0
617,"Deposit, glycogen",0,45,9,0.0,1.0,1.0,0.0
617,Granuloma,0,45,8,0.0,1.0,1.0,0.0
617,"Vacuolization, nuclear",0,45,5,0.0,1.0,1.0,0.0
618,Hypertrophy,20,16,485,7.309278350515464,1.719155076263927e-08,2.1960819683887585e-07,0.5555555555555556
618,Cellular infiltration,3,33,201,1.4111261872455902,0.3756886364167033,1.0,0.08333333333333333
618,"Degeneration, granular, eosinophilic",0,36,202,0.0,1.0,1.0,0.0
618,Ground glass appearance,0,36,174,0.0,1.0,1.0,0.0
618,Necrosis,3,33,157,1.8320787492762014,0.24455043985254674,1.0,0.08333333333333333
618,"Proliferation, bile duct",17,19,138,20.637299771167047,3.328156291238389e-14,6.758717391437959e-13,0.4722222222222222
618,"Vacuolization, cytoplasmic",1,35,134,0.6795309168443496,0.7736235191385076,1.0,0.027777777777777776
618,"Change, eosinophilic",9,27,120,8.891666666666667,5.3973163359108065e-06,5.438517223971194e-05,0.25
618,Increased mitosis,7,29,119,6.494929006085193,0.0002988460406569687,0.0024552496286340164,0.19444444444444445
618,Single cell necrosis,27,9,84,115.60714285714286,2.806320286951194e-34,1.7185095365453704e-32,0.75
618,Swelling,0,36,105,0.0,1.0,1.0,0.0
618,"Change, acidophilic",3,33,84,3.5032467532467533,0.06498005240042658,0.3729289963850569,0.08333333333333333
618,"Degeneration, fatty",0,36,80,0.0,1.0,1.0,0.0
618,Fibrosis,3,33,60,4.9409090909090905,0.028967672212914655,0.17942437220512308,0.08333333333333333
618,"Proliferation, oval cell",0,36,61,0.0,1.0,1.0,0.0
618,"Hematopoiesis, extramedullary",1,35,53,1.7617250673854448,0.44394423586086174,1.0,0.027777777777777776
618,"Cellular infiltration, mononuclear cell",15,21,38,61.71052631578947,4.835621264178549e-19,1.3115794661744556e-17,0.4166666666666667
618,Anisonucleosis,19,17,28,131.44327731092437,6.804410014562043e-28,3.0162832452610844e-26,0.5277777777777778
618,"Alteration, nuclear",9,27,37,29.585585585585587,5.361055526591966e-10,7.719919958292432e-09,0.25
618,"Deposit, pigment",7,29,31,25.617352614015573,8.780884350007998e-08,1.0547715478068252e-06,0.19444444444444445
618,"Degeneration, hydropic",0,36,35,0.0,1.0,1.0,0.0
618,"Alteration, cytoplasmic",1,35,34,2.76218487394958,0.3156575320251294,1.0,0.027777777777777776
618,Pyknosis,0,36,33,0.0,1.0,1.0,0.0
618,"Proliferation, Kupffer cell",9,27,20,55.016666666666666,5.5196437053550164e-12,9.274875137145345e-11,0.25
618,Cellular foci,0,36,25,0.0,1.0,1.0,0.0
618,Microgranuloma,0,36,20,0.0,1.0,1.0,0.0
618,Edema,0,36,18,0.0,1.0,1.0,0.0
618,"Deposit, hemosiderin",1,35,16,5.901785714285714,0.16784020544413586,0.8613138836614834,0.027777777777777776
618,"Inclusion body, intracytoplasmic",8,28,3,316.0,1.2307562316605178e-14,2.5741873295998155e-13,0.2222222222222222
618,"Degeneration, acidophilic, eosinophilic",0,36,10,0.0,1.0,1.0,0.0
618,Hemorrhage,3,33,7,43.03896103896104,0.00012914153766258388,0.0011165949544625156,0.08333333333333333
618,Phagocytosis,0,36,10,0.0,1.0,1.0,0.0
618,"Lesion,NOS",3,33,7,43.03896103896104,0.00012914153766258388,0.0011165949544625156,0.08333333333333333
618,"Deposit, glycogen",0,36,9,0.0,1.0,1.0,0.0
618,Granuloma,0,36,8,0.0,1.0,1.0,0.0
618,"Vacuolization, nuclear",0,36,5,0.0,1.0,1.0,0.0
620,Hypertrophy,23,4,482,33.975103734439834,7.515251736735518e-16,1.7005941072841517e-14,0.8518518518518519
620,Cellular infiltration,0,27,204,0.0,1.0,1.0,0.0
620,"Degeneration, granular, eosinophilic",0,27,202,0.0,1.0,1.0,0.0
620,Ground glass appearance,22,5,152,91.99473684210527,9.107727681320148e-25,3.3395001498173874e-23,0.8148148148148148
620,Necrosis,0,27,160,0.0,1.0,1.0,0.0
620,"Proliferation, bile duct",1,26,154,0.7932067932067932,0.7223615599127169,1.0,0.037037037037037035
620,"Vacuolization, cytoplasmic",0,27,135,0.0,1.0,1.0,0.0
620,"Change, eosinophilic",0,27,129,0.0,1.0,1.0,0.0
620,Increased mitosis,1,26,125,0.9861538461538462,0.6454877250029013,1.0,0.037037037037037035
620,Single cell necrosis,1,26,110,1.1258741258741258,0.5980587802254621,1.0,0.037037037037037035
620,Swelling,0,27,105,0.0,1.0,1.0,0.0
620,"Change, acidophilic",0,27,87,0.0,1.0,1.0,0.0
620,"Degeneration, fatty",0,27,80,0.0,1.0,1.0,0.0
620,Fibrosis,0,27,63,0.0,1.0,1.0,0.0
620,"Proliferation, oval cell",0,27,61,0.0,1.0,1.0,0.0
620,"Hematopoiesis, extramedullary",1,26,53,2.378084179970972,0.35568397166864724,1.0,0.037037037037037035
620,"Cellular infiltration, mononuclear cell",1,26,52,2.4245562130177514,0.3503752952069607,1.0,0.037037037037037035
620,Anisonucleosis,1,26,46,2.745819397993311,0.3176276781491885,1.0,0.037037037037037035
620,"Alteration, nuclear",0,27,46,0.0,1.0,1.0,0.0
620,"Deposit, pigment",1,26,37,3.423076923076923,0.2655082243359805,1.0,0.037037037037037035
620,"Degeneration, hydropic",0,27,35,0.0,1.0,1.0,0.0
620,"Alteration, cytoplasmic",0,27,35,0.0,1.0,1.0,0.0
620,Pyknosis,0,27,33,0.0,1.0,1.0,0.0
620,"Proliferation, Kupffer cell",0,27,29,0.0,1.0,1.0,0.0
620,Cellular foci,0,27,25,0.0,1.0,1.0,0.0
620,Microgranuloma,0,27,20,0.0,1.0,1.0,0.0
620,Edema,0,27,18,0.0,1.0,1.0,0.0
620,"Deposit, hemosiderin",0,27,17,0.0,1.0,1.0,0.0
620,"Inclusion body, intracytoplasmic",0,27,11,0.0,1.0,1.0,0.0
620,"Degeneration, acidophilic, eosinophilic",0,27,10,0.0,1.0,1.0,0.0
620,Hemorrhage,0,27,10,0.0,1.0,1.0,0.0
620,Phagocytosis,1,26,9,14.192307692307692,0.07767999086440808,0.43738614642332524,0.037037037037037035
620,"Lesion,NOS",0,27,10,0.0,1.0,1.0,0.0
620,"Deposit, glycogen",0,27,9,0.0,1.0,1.0,0.0
620,Granuloma,0,27,8,0.0,1.0,1.0,0.0
620,"Vacuolization, nuclear",0,27,5,0.0,1.0,1.0,0.0
621,Hypertrophy,7,26,498,1.5278035217794255,0.21864078659697192,1.0,0.21212121212121213
621,Cellular infiltration,3,30,201,1.5537313432835822,0.32465410184516635,1.0,0.09090909090909091
621,"Degeneration, granular, eosinophilic",29,4,173,132.05057803468208,1.8218311812251267e-32,1.0113717024745097e-30,0.8787878787878788
621,Ground glass appearance,0,33,174,0.0,1.0,1.0,0.0
621,Necrosis,4,29,156,2.8010610079575597,0.06942527472764766,0.3963345813380366,0.12121212121212122
621,"Proliferation, bile duct",1,32,154,0.643262987012987,0.7914640374140915,1.0,0.030303030303030304
621,"Vacuolization, cytoplasmic",0,33,135,0.0,1.0,1.0,0.0
621,"Change, eosinophilic",0,33,129,0.0,1.0,1.0,0.0
621,Increased mitosis,12,21,114,16.090225563909776,8.415666996408609e-10,1.1888005222037369e-08,0.36363636363636365
621,Single cell necrosis,0,33,111,0.0,1.0,1.0,0.0
621,Swelling,0,33,105,0.0,1.0,1.0,0.0
621,"Change, acidophilic",0,33,87,0.0,1.0,1.0,0.0
621,"Degeneration, fatty",0,33,80,0.0,1.0,1.0,0.0
621,Fibrosis,0,33,63,0.0,1.0,1.0,0.0
621,"Proliferation, oval cell",0,33,61,0.0,1.0,1.0,0.0
621,"Hematopoiesis, extramedullary",0,33,54,0.0,1.0,1.0,0.0
621,"Cellular infiltration, mononuclear cell",1,32,52,1.9663461538461537,0.4100379106797541,1.0,0.030303030303030304
621,Anisonucleosis,0,33,47,0.0,1.0,1.0,0.0
621,"Alteration, nuclear",0,33,46,0.0,1.0,1.0,0.0
621,"Deposit, pigment",0,33,38,0.0,1.0,1.0,0.0
621,"Degeneration, hydropic",0,33,35,0.0,1.0,1.0,0.0
621,"Alteration, cytoplasmic",0,33,35,0.0,1.0,1.0,0.0
621,Pyknosis,0,33,33,0.0,1.0,1.0,0.0
621,"Proliferation, Kupffer cell",0,33,29,0.0,1.0,1.0,0.0
621,Cellular foci,0,33,25,0.0,1.0,1.0,0.0
621,Microgranuloma,0,33,20,0.0,1.0,1.0,0.0
621,Edema,0,33,18,0.0,1.0,1.0,0.0
621,"Deposit, hemosiderin",0,33,17,0.0,1.0,1.0,0.0
621,"Inclusion body, intracytoplasmic",0,33,11,0.0,1.0,1.0,0.0
621,"Degeneration, acidophilic, eosinophilic",0,33,10,0.0,1.0,1.0,0.0
621,Hemorrhage,0,33,10,0.0,1.0,1.0,0.0
621,Phagocytosis,0,33,10,0.0,1.0,1.0,0.0
621,"Lesion,NOS",0,33,10,0.0,1.0,1.0,0.0
621,"Deposit, glycogen",0,33,9,0.0,1.0,1.0,0.0
621,Granuloma,2,31,6,35.67741935483871,0.002529123086916526,0.01838799404685944,0.06060606060606061
621,"Vacuolization, nuclear",0,33,5,0.0,1.0,1.0,0.0
637,Hypertrophy,56,29,449,12.141002995161662,3.923085794750568e-27,1.6704752416357256e-25,0.6588235294117647
637,Cellular infiltration,2,83,202,0.3662173446260289,0.9699331084939,1.0,0.023529411764705882
637,"Degeneration, granular, eosinophilic",3,82,199,0.5649589410466969,0.8951591836071742,1.0,0.03529411764705882
637,Ground glass appearance,60,25,114,66.48421052631579,1.0906768324199255e-61,2.355861958027039e-59,0.7058823529411765
637,Necrosis,0,85,160,0.0,1.0,1.0,0.0
637,"Proliferation, bile duct",0,85,155,0.0,1.0,1.0,0.0
637,"Vacuolization, cytoplasmic",17,68,118,6.682203389830509,2.147731584683574e-08,2.70573183733201e-07,0.2
637,"Change, eosinophilic",1,84,128,0.2924107142857143,0.9657463586963208,1.0,0.011764705882352941
637,Increased mitosis,9,76,117,3.1933198380566803,0.004090558618385853,0.028687034466602087,0.10588235294117647
637,Single cell necrosis,0,85,111,0.0,1.0,1.0,0.0
637,Swelling,3,82,102,1.137015781922525,0.500802616795604,1.0,0.03529411764705882
637,"Change, acidophilic",0,85,87,0.0,1.0,1.0,0.0
637,"Degeneration, fatty",0,85,80,0.0,1.0,1.0,0.0
637,Fibrosis,0,85,63,0.0,1.0,1.0,0.0
637,"Proliferation, oval cell",0,85,61,0.0,1.0,1.0,0.0
637,"Hematopoiesis, extramedullary",0,85,54,0.0,1.0,1.0,0.0
637,"Cellular infiltration, mononuclear cell",0,85,53,0.0,1.0,1.0,0.0
637,Anisonucleosis,0,85,47,0.0,1.0,1.0,0.0
637,"Alteration, nuclear",3,82,43,2.7473057288712424,0.10940107945295241,0.5923814147224589,0.03529411764705882
637,"Deposit, pigment",0,85,38,0.0,1.0,1.0,0.0
637,"Degeneration, hydropic",0,85,35,0.0,1.0,1.0,0.0
637,"Alteration, cytoplasmic",0,85,35,0.0,1.0,1.0,0.0
637,Pyknosis,0,85,33,0.0,1.0,1.0,0.0
637,"Proliferation, Kupffer cell",0,85,29,0.0,1.0,1.0,0.0
637,Cellular foci,0,85,25,0.0,1.0,1.0,0.0
637,Microgranuloma,0,85,20,0.0,1.0,1.0,0.0
637,Edema,0,85,18,0.0,1.0,1.0,0.0
637,"Deposit, hemosiderin",0,85,17,0.0,1.0,1.0,0.0
637,"Inclusion body, intracytoplasmic",0,85,11,0.0,1.0,1.0,0.0
637,"Degeneration, acidophilic, eosinophilic",0,85,10,0.0,1.0,1.0,0.0
637,Hemorrhage,0,85,10,0.0,1.0,1.0,0.0
637,Phagocytosis,0,85,10,0.0,1.0,1.0,0.0
637,"Lesion,NOS",0,85,10,0.0,1.0,1.0,0.0
637,"Deposit, glycogen",0,85,9,0.0,1.0,1.0,0.0
637,Granuloma,0,85,8,0.0,1.0,1.0,0.0
637,"Vacuolization, nuclear",0,85,5,0.0,1.0,1.0,0.0
646,Hypertrophy,0,16,505,0.0,1.0,1.0,0.0
646,Cellular infiltration,0,16,204,0.0,1.0,1.0,0.0
646,"Degeneration, granular, eosinophilic",1,15,201,1.0414593698175787,0.6303665765267229,1.0,0.0625
646,Ground glass appearance,0,16,174,0.0,1.0,1.0,0.0
646,Necrosis,1,15,159,1.3341719077568135,0.5430367095936035,1.0,0.0625
646,"Proliferation, bile duct",1,15,154,1.3796536796536796,0.5314392444063918,1.0,0.0625
646,"Vacuolization, cytoplasmic",0,16,135,0.0,1.0,1.0,0.0
646,"Change, eosinophilic",0,16,129,0.0,1.0,1.0,0.0
646,Increased mitosis,1,15,125,1.7152,0.4585447684756847,1.0,0.0625
646,Single cell necrosis,0,16,111,0.0,1.0,1.0,0.0
646,Swelling,2,14,103,4.490984743411928,0.08748120578361167,0.4856433293034143,0.125
646,"Change, acidophilic",1,15,86,2.5232558139534884,0.3436609322487144,1.0,0.0625
646,"Degeneration, fatty",0,16,80,0.0,1.0,1.0,0.0
646,Fibrosis,0,16,63,0.0,1.0,1.0,0.0
646,"Proliferation, oval cell",1,15,60,3.6455555555555557,0.25477815221916533,1.0,0.0625
646,"Hematopoiesis, extramedullary",4,12,50,21.94,9.436928857259207e-05,0.000831681860713942,0.25
646,"Cellular infiltration, mononuclear cell",0,16,53,0.0,1.0,1.0,0.0
646,Anisonucleosis,0,16,47,0.0,1.0,1.0,0.0
646,"Alteration, nuclear",0,16,46,0.0,1.0,1.0,0.0
646,"Deposit, pigment",0,16,38,0.0,1.0,1.0,0.0
646,"Degeneration, hydropic",0,16,35,0.0,1.0,1.0,0.0
646,"Alteration, cytoplasmic",0,16,35,0.0,1.0,1.0,0.0
646,Pyknosis,0,16,33,0.0,1.0,1.0,0.0
646,"Proliferation, Kupffer cell",0,16,29,0.0,1.0,1.0,0.0
646,Cellular foci,0,16,25,0.0,1.0,1.0,0.0
646,Microgranuloma,0,16,20,0.0,1.0,1.0,0.0
646,Edema,0,16,18,0.0,1.0,1.0,0.0
646,"Deposit, hemosiderin",0,16,17,0.0,1.0,1.0,0.0
646,"Inclusion body, intracytoplasmic",0,16,11,0.0,1.0,1.0,0.0
646,"Degeneration, acidophilic, eosinophilic",0,16,10,0.0,1.0,1.0,0.0
646,Hemorrhage,0,16,10,0.0,1.0,1.0,0.0
646,Phagocytosis,0,16,10,0.0,1.0,1.0,0.0
646,"Lesion,NOS",0,16,10,0.0,1.0,1.0,0.0
646,"Deposit, glycogen",0,16,9,0.0,1.0,1.0,0.0
646,Granuloma,0,16,8,0.0,1.0,1.0,0.0
646,"Vacuolization, nuclear",0,16,5,0.0,1.0,1.0,0.0
659,Hypertrophy,22,14,483,9.233362910381544,2.5283673288254663e-10,3.787768457307256e-09,0.6111111111111112
659,Cellular infiltration,1,35,203,0.43884588318085854,0.8966042471898873,1.0,0.027777777777777776
659,"Degeneration, granular, eosinophilic",30,6,172,91.54069767441861,4.0714608685142935e-32,2.2187594090802666e-30,0.8333333333333334
659,Ground glass appearance,0,36,174,0.0,1.0,1.0,0.0
659,Necrosis,8,28,152,5.956766917293233,0.0002157311370426621,0.001802310765166544,0.2222222222222222
659,"Proliferation, bile duct",1,35,154,0.587569573283859,0.8193052843398391,1.0,0.027777777777777776
659,"Vacuolization, cytoplasmic",3,33,132,2.196280991735537,0.17448413649238909,0.890408737770439,0.08333333333333333
659,"Change, eosinophilic",4,32,125,3.196,0.04740631345837548,0.2803320079071681,0.1111111111111111
659,Increased mitosis,2,34,124,1.5166034155597723,0.3941489592037785,1.0,0.05555555555555555
659,Single cell necrosis,2,34,109,1.733405288720993,0.3353312335031372,1.0,0.05555555555555555
659,Swelling,5,31,100,5.195161290322581,0.004737959885370326,0.03293561348051461,0.1388888888888889
659,"Change, acidophilic",0,36,87,0.0,1.0,1.0,0.0
659,"Degeneration, fatty",0,36,80,0.0,1.0,1.0,0.0
659,Fibrosis,1,35,62,1.5018433179723503,0.4962313416117429,1.0,0.027777777777777776
659,"Proliferation, oval cell",0,36,61,0.0,1.0,1.0,0.0
659,"Hematopoiesis, extramedullary",0,36,54,0.0,1.0,1.0,0.0
659,"Cellular infiltration, mononuclear cell",0,36,53,0.0,1.0,1.0,0.0
659,Anisonucleosis,0,36,47,0.0,1.0,1.0,0.0
659,"Alteration, nuclear",0,36,46,0.0,1.0,1.0,0.0
659,"Deposit, pigment",0,36,38,0.0,1.0,1.0,0.0
659,"Degeneration, hydropic",0,36,35,0.0,1.0,1.0,0.0
659,"Alteration, cytoplasmic",0,36,35,0.0,1.0,1.0,0.0
659,Pyknosis,0,36,33,0.0,1.0,1.0,0.0
659,"Proliferation, Kupffer cell",1,35,28,3.360204081632653,0.26947367967778885,1.0,0.027777777777777776
659,Cellular foci,0,36,25,0.0,1.0,1.0,0.0
659,Microgranuloma,0,36,20,0.0,1.0,1.0,0.0
659,Edema,0,36,18,0.0,1.0,1.0,0.0
659,"Deposit, hemosiderin",0,36,17,0.0,1.0,1.0,0.0
659,"Inclusion body, intracytoplasmic",0,36,11,0.0,1.0,1.0,0.0
659,"Degeneration, acidophilic, eosinophilic",1,35,9,10.514285714285714,0.10233949774555422,0.5582609842507597,0.027777777777777776
659,Hemorrhage,0,36,10,0.0,1.0,1.0,0.0
659,Phagocytosis,0,36,10,0.0,1.0,1.0,0.0
659,"Lesion,NOS",0,36,10,0.0,1.0,1.0,0.0
659,"Deposit, glycogen",0,36,9,0.0,1.0,1.0,0.0
659,Granuloma,0,36,8,0.0,1.0,1.0,0.0
659,"Vacuolization, nuclear",0,36,5,0.0,1.0,1.0,0.0
669,Hypertrophy,32,52,473,3.642868759147829,1.3624859913190608e-07,1.6010221144283325e-06,0.38095238095238093
669,Cellular infiltration,12,72,192,2.6744791666666665,0.004249886755708677,0.029716689027556843,0.14285714285714285
669,"Degeneration, granular, eosinophilic",0,84,202,0.0,1.0,1.0,0.0
669,Ground glass appearance,0,84,174,0.0,1.0,1.0,0.0
669,Necrosis,9,75,151,2.481059602649007,0.017281778005282883,0.11049920489922532,0.10714285714285714
669,"Proliferation, bile duct",40,44,115,24.964426877470355,6.309980250191354e-33,3.5527282166954164e-31,0.47619047619047616
669,"Vacuolization, cytoplasmic",0,84,135,0.0,1.0,1.0,0.0
669,"Change, eosinophilic",1,83,128,0.29602786144578314,0.9643409134901584,1.0,0.011904761904761904
669,Increased mitosis,0,84,126,0.0,1.0,1.0,0.0
669,Single cell necrosis,0,84,111,0.0,1.0,1.0,0.0
669,Swelling,45,39,60,61.78846153846154,2.5298557291351815e-49,3.09842124351814e-47,0.5357142857142857
669,"Change, acidophilic",6,78,81,3.0313390313390314,0.020574972262131036,0.12974027095229124,0.07142857142857142
669,"Degeneration, fatty",0,84,80,0.0,1.0,1.0,0.0
669,Fibrosis,0,84,63,0.0,1.0,1.0,0.0
669,"Proliferation, oval cell",38,46,23,116.7296786389414,2.1047525909458983e-49,2.6046313312955493e-47,0.4523809523809524
669,"Hematopoiesis, extramedullary",0,84,54,0.0,1.0,1.0,0.0
669,"Cellular infiltration, mononuclear cell",0,84,53,0.0,1.0,1.0,0.0
669,Anisonucleosis,1,83,46,0.8452069146149817,0.6986118784275925,1.0,0.011904761904761904
669,"Alteration, nuclear",0,84,46,0.0,1.0,1.0,0.0
669,"Deposit, pigment",0,84,38,0.0,1.0,1.0,0.0
669,"Degeneration, hydropic",0,84,35,0.0,1.0,1.0,0.0
669,"Alteration, cytoplasmic",0,84,35,0.0,1.0,1.0,0.0
669,Pyknosis,0,84,33,0.0,1.0,1.0,0.0
669,"Proliferation, Kupffer cell",0,84,29,0.0,1.0,1.0,0.0
669,Cellular foci,10,74,15,29.35135135135135,1.3463785204410758e-10,2.06653447323514e-09,0.11904761904761904
669,Microgranuloma,0,84,20,0.0,1.0,1.0,0.0
669,Edema,0,84,18,0.0,1.0,1.0,0.0
669,"Deposit, hemosiderin",0,84,17,0.0,1.0,1.0,0.0
669,"Inclusion body, intracytoplasmic",0,84,11,0.0,1.0,1.0,0.0
669,"Degeneration, acidophilic, eosinophilic",0,84,10,0.0,1.0,1.0,0.0
669,Hemorrhage,0,84,10,0.0,1.0,1.0,0.0
669,Phagocytosis,0,84,10,0.0,1.0,1.0,0.0
669,"Lesion,NOS",0,84,10,0.0,1.0,1.0,0.0
669,"Deposit, glycogen",0,84,9,0.0,1.0,1.0,0.0
669,Granuloma,0,84,8,0.0,1.0,1.0,0.0
669,"Vacuolization, nuclear",0,84,5,0.0,1.0,1.0,0.0
676,Hypertrophy,45,7,460,39.75931677018634,8.194704121793106e-31,4.269872147671145e-29,0.8653846153846154
676,Cellular infiltration,17,35,187,8.098701298701299,3.602866235517723e-09,4.84186095904418e-08,0.3269230769230769
676,"Degeneration, granular, eosinophilic",37,15,165,46.94141414141414,5.309948732549623e-35,3.485203919485609e-33,0.7115384615384616
676,Ground glass appearance,2,50,172,0.7286046511627907,0.7610077898235279,1.0,0.038461538461538464
676,Necrosis,3,49,157,1.227609515143637,0.4545231072704333,1.0,0.057692307692307696
676,"Proliferation, bile duct",7,45,148,3.3181681681681683,0.009067949889068552,0.06055494360996874,0.1346153846153846
676,"Vacuolization, cytoplasmic",1,51,134,0.4640035118525022,0.8836424483579882,1.0,0.019230769230769232
676,"Change, eosinophilic",7,45,122,4.058469945355191,0.0033205605668233835,0.02366422287574193,0.1346153846153846
676,Increased mitosis,2,50,124,1.0261290322580645,0.5878391680584394,1.0,0.038461538461538464
676,Single cell necrosis,18,34,93,18.28462998102467,9.324199313680312e-15,1.9675219866167337e-13,0.34615384615384615
676,Swelling,0,52,105,0.0,1.0,1.0,0.0
676,"Change, acidophilic",0,52,87,0.0,1.0,1.0,0.0
676,"Degeneration, fatty",0,52,80,0.0,1.0,1.0,0.0
676,Fibrosis,5,47,58,5.955612619222304,0.0026135651268907392,0.01894396199357046,0.09615384615384616
676,"Proliferation, oval cell",12,40,49,19.93469387755102,4.963567466176852e-11,7.830966998430411e-10,0.23076923076923078
676,"Hematopoiesis, extramedullary",0,52,54,0.0,1.0,1.0,0.0
676,"Cellular infiltration, mononuclear cell",0,52,53,0.0,1.0,1.0,0.0
676,Anisonucleosis,0,52,47,0.0,1.0,1.0,0.0
676,"Alteration, nuclear",26,26,20,164.25,2.246801298450183e-38,1.791409357422025e-36,0.5
676,"Deposit, pigment",1,51,37,1.731849496555379,0.4492900918229893,1.0,0.019230769230769232
676,"Degeneration, hydropic",0,52,35,0.0,1.0,1.0,0.0
676,"Alteration, cytoplasmic",0,52,35,0.0,1.0,1.0,0.0
676,Pyknosis,0,52,33,0.0,1.0,1.0,0.0
676,"Proliferation, Kupffer cell",0,52,29,0.0,1.0,1.0,0.0
676,Cellular foci,8,44,17,35.16577540106952,1.679993288830279e-09,2.30465592047387e-08,0.15384615384615385
676,Microgranuloma,0,52,20,0.0,1.0,1.0,0.0
676,Edema,1,51,17,3.792387543252595,0.24551660829982158,1.0,0.019230769230769232
676,"Deposit, hemosiderin",0,52,17,0.0,1.0,1.0,0.0
676,"Inclusion body, intracytoplasmic",0,52,11,0.0,1.0,1.0,0.0
676,"Degeneration, acidophilic, eosinophilic",0,52,10,0.0,1.0,1.0,0.0
676,Hemorrhage,0,52,10,0.0,1.0,1.0,0.0
676,Phagocytosis,0,52,10,0.0,1.0,1.0,0.0
676,"Lesion,NOS",0,52,10,0.0,1.0,1.0,0.0
676,"Deposit, glycogen",0,52,9,0.0,1.0,1.0,0.0
676,Granuloma,0,52,8,0.0,1.0,1.0,0.0
676,"Vacuolization, nuclear",0,52,5,0.0,1.0,1.0,0.0
679,Hypertrophy,12,33,493,2.0792919048497143,0.02985240192701394,0.18471173692339873,0.26666666666666666
679,Cellular infiltration,3,42,201,1.105543710021322,0.521545269422971,1.0,0.06666666666666667
679,"Degeneration, granular, eosinophilic",23,22,179,18.298374809547994,3.1803693551512385e-17,7.790265554473548e-16,0.5111111111111111
679,Ground glass appearance,0,45,174,0.0,1.0,1.0,0.0
679,Necrosis,12,33,148,7.773955773955774,6.669340415318055e-07,7.384134588441611e-06,0.26666666666666666
679,"Proliferation, bile duct",7,38,148,3.938122332859175,0.0040305041282738315,0.028332774582185277,0.15555555555555556
679,"Vacuolization, cytoplasmic",5,40,130,3.0596153846153844,0.03280989991494552,0.20206408034709836,0.1111111111111111
679,"Change, eosinophilic",4,41,125,2.4874146341463415,0.09242131799592551,0.5102069041782505,0.08888888888888889
679,Increased mitosis,2,43,124,1.1957989497374344,0.508846477059001,1.0,0.044444444444444446
679,Single cell necrosis,6,39,105,4.698901098901099,0.0032469525573444067,0.02315353924444871,0.13333333333333333
679,Swelling,1,44,104,0.701048951048951,0.7629767262146309,1.0,0.022222222222222223
679,"Change, acidophilic",0,45,87,0.0,1.0,1.0,0.0
679,"Degeneration, fatty",0,45,80,0.0,1.0,1.0,0.0
679,Fibrosis,2,43,61,2.4788410217308425,0.20629884243142835,1.0,0.044444444444444446
679,"Proliferation, oval cell",0,45,61,0.0,1.0,1.0,0.0
679,"Hematopoiesis, extramedullary",0,45,54,0.0,1.0,1.0,0.0
679,"Cellular infiltration, mononuclear cell",7,38,46,13.078947368421053,4.661728243056224e-06,4.733447139103243e-05,0.15555555555555556
679,Anisonucleosis,0,45,47,0.0,1.0,1.0,0.0
679,"Alteration, nuclear",0,45,46,0.0,1.0,1.0,0.0
679,"Deposit, pigment",1,44,37,2.0116707616707616,0.40291458274456776,1.0,0.022222222222222223
679,"Degeneration, hydropic",0,45,35,0.0,1.0,1.0,0.0
679,"Alteration, cytoplasmic",0,45,35,0.0,1.0,1.0,0.0
679,Pyknosis,0,45,33,0.0,1.0,1.0,0.0
679,"Proliferation, Kupffer cell",11,34,18,59.205882352941174,1.9726951169928428e-14,4.075759650413039e-13,0.24444444444444444
679,Cellular foci,0,45,25,0.0,1.0,1.0,0.0
679,Microgranuloma,0,45,20,0.0,1.0,1.0,0.0
679,Edema,0,45,18,0.0,1.0,1.0,0.0
679,"Deposit, hemosiderin",0,45,17,0.0,1.0,1.0,0.0
679,"Inclusion body, intracytoplasmic",0,45,11,0.0,1.0,1.0,0.0
679,"Degeneration, acidophilic, eosinophilic",0,45,10,0.0,1.0,1.0,0.0
679,Hemorrhage,0,45,10,0.0,1.0,1.0,0.0
679,Phagocytosis,0,45,10,0.0,1.0,1.0,0.0
679,"Lesion,NOS",0,45,10,0.0,1.0,1.0,0.0
679,"Deposit, glycogen",0,45,9,0.0,1.0,1.0,0.0
679,Granuloma,1,44,7,10.730519480519481,0.10244183044332121,0.5582609842507597,0.022222222222222223
679,"Vacuolization, nuclear",0,45,5,0.0,1.0,1.0,0.0
693,Hypertrophy,19,17,486,6.519607843137255,1.2007756290795158e-07,1.4194243257178754e-06,0.5277777777777778
693,Cellular infiltration,6,30,198,3.1545454545454548,0.01967926680806736,0.12442240004249082,0.16666666666666666
693,"Degeneration, granular, eosinophilic",0,36,202,0.0,1.0,1.0,0.0
693,Ground glass appearance,0,36,174,0.0,1.0,1.0,0.0
693,Necrosis,6,30,154,4.112987012987013,0.006322439583332258,0.04329140187319149,0.16666666666666666
693,"Proliferation, bile duct",19,17,136,26.17430795847751,6.144325751300415e-17,1.4866515259765565e-15,0.5277777777777778
693,"Vacuolization, cytoplasmic",1,35,134,0.6795309168443496,0.7736235191385076,1.0,0.027777777777777776
693,"Change, eosinophilic",8,28,121,7.556080283353011,4.671401028637191e-05,0.0004268941863093064,0.2222222222222222
693,Increased mitosis,8,28,118,7.75544794188862,3.937954197610785e-05,0.0003629394559163392,0.2222222222222222
693,Single cell necrosis,26,10,85,98.9835294117647,2.8895575665779835e-32,1.581932898200297e-30,0.7222222222222222
693,Swelling,0,36,105,0.0,1.0,1.0,0.0
693,"Change, acidophilic",6,30,81,8.0,0.00026571347419860204,0.0021980256321314875,0.16666666666666666
693,"Degeneration, fatty",0,36,80,0.0,1.0,1.0,0.0
693,Fibrosis,6,30,57,11.452631578947368,4.306021565444878e-05,0.00039441431146865956,0.16666666666666666
693,"Proliferation, oval cell",0,36,61,0.0,1.0,1.0,0.0
693,"Hematopoiesis, extramedullary",1,35,53,1.7617250673854448,0.44394423586086174,1.0,0.027777777777777776
693,"Cellular infiltration, mononuclear cell",14,22,39,53.55244755244755,2.781697611452961e-17,6.870388279430598e-16,0.3888888888888889
693,Anisonucleosis,20,16,27,152.5,4.911511934903113e-30,2.461973071166624e-28,0.5555555555555556
693,"Alteration, nuclear",8,28,38,24.68421052631579,1.497734881592651e-08,1.9256591334762656e-07,0.2222222222222222
693,"Deposit, pigment",6,30,32,20.55625,2.12280136854217e-06,2.2396874119254864e-05,0.16666666666666666
693,"Degeneration, hydropic",0,36,35,0.0,1.0,1.0,0.0
693,"Alteration, cytoplasmic",1,35,34,2.76218487394958,0.3156575320251294,1.0,0.027777777777777776
693,Pyknosis,0,36,33,0.0,1.0,1.0,0.0
693,"Proliferation, Kupffer cell",8,28,21,44.89795918367347,2.7985436544038483e-10,4.145473642683007e-09,0.2222222222222222
693,Cellular foci,0,36,25,0.0,1.0,1.0,0.0
693,Microgranuloma,0,36,20,0.0,1.0,1.0,0.0
693,Edema,0,36,18,0.0,1.0,1.0,0.0
693,"Deposit, hemosiderin",4,32,13,31.807692307692307,2.4024818132188897e-05,0.0002268798405488109,0.1111111111111111
693,"Inclusion body, intracytoplasmic",8,28,3,316.0,1.2307562316605178e-14,2.5741873295998155e-13,0.2222222222222222
693,"Degeneration, acidophilic, eosinophilic",0,36,10,0.0,1.0,1.0,0.0
693,Hemorrhage,6,30,4,165.85,2.0042139401514227e-10,3.0292699248090207e-09,0.16666666666666666
693,Phagocytosis,0,36,10,0.0,1.0,1.0,0.0
693,"Lesion,NOS",5,31,5,106.96774193548387,2.5801821371382245e-08,3.219807120714507e-07,0.1388888888888889
693,"Deposit, glycogen",0,36,9,0.0,1.0,1.0,0.0
693,Granuloma,0,36,8,0.0,1.0,1.0,0.0
693,"Vacuolization, nuclear",0,36,5,0.0,1.0,1.0,0.0
697,Hypertrophy,1,56,504,0.09906462585034014,0.9999154169479758,1.0,0.017543859649122806
697,Cellular infiltration,52,5,152,215.38947368421051,2.2356315475690744e-60,4.4265504641867676e-58,0.9122807017543859
697,"Degeneration, granular, eosinophilic",0,57,202,0.0,1.0,1.0,0.0
697,Ground glass appearance,0,57,174,0.0,1.0,1.0,0.0
697,Necrosis,0,57,160,0.0,1.0,1.0,0.0
697,"Proliferation, bile duct",0,57,155,0.0,1.0,1.0,0.0
697,"Vacuolization, cytoplasmic",1,56,134,0.421908315565032,0.9055553083139434,1.0,0.017543859649122806
697,"Change, eosinophilic",1,56,128,0.44252232142857145,0.8948915637155043,1.0,0.017543859649122806
697,Increased mitosis,0,57,126,0.0,1.0,1.0,0.0
697,Single cell necrosis,1,56,110,0.5178571428571429,0.8552906051925204,1.0,0.017543859649122806
697,Swelling,0,57,105,0.0,1.0,1.0,0.0
697,"Change, acidophilic",0,57,87,0.0,1.0,1.0,0.0
697,"Degeneration, fatty",56,1,24,7644.0,3.6462389715818656e-101,4.8130354424880623e-98,0.9824561403508771
697,Fibrosis,22,35,41,49.96376306620209,3.925985937076645e-25,1.462091314497509e-23,0.38596491228070173
697,"Proliferation, oval cell",0,57,61,0.0,1.0,1.0,0.0
697,"Hematopoiesis, extramedullary",0,57,54,0.0,1.0,1.0,0.0
697,"Cellular infiltration, mononuclear cell",0,57,53,0.0,1.0,1.0,0.0
697,Anisonucleosis,0,57,47,0.0,1.0,1.0,0.0
697,"Alteration, nuclear",0,57,46,0.0,1.0,1.0,0.0
697,"Deposit, pigment",0,57,38,0.0,1.0,1.0,0.0
697,"Degeneration, hydropic",35,22,0,inf,1.6823647288751772e-68,7.138033206798966e-66,0.6140350877192983
697,"Alteration, cytoplasmic",0,57,35,0.0,1.0,1.0,0.0
697,Pyknosis,0,57,33,0.0,1.0,1.0,0.0
697,"Proliferation, Kupffer cell",1,56,28,2.086734693877551,0.39270051560972746,1.0,0.017543859649122806
697,Cellular foci,0,57,25,0.0,1.0,1.0,0.0
697,Microgranuloma,0,57,20,0.0,1.0,1.0,0.0
697,Edema,0,57,18,0.0,1.0,1.0,0.0
697,"Deposit, hemosiderin",0,57,17,0.0,1.0,1.0,0.0
697,"Inclusion body, intracytoplasmic",0,57,11,0.0,1.0,1.0,0.0
697,"Degeneration, acidophilic, eosinophilic",0,57,10,0.0,1.0,1.0,0.0
697,Hemorrhage,0,57,10,0.0,1.0,1.0,0.0
697,Phagocytosis,0,57,10,0.0,1.0,1.0,0.0
697,"Lesion,NOS",0,57,10,0.0,1.0,1.0,0.0
697,"Deposit, glycogen",0,57,9,0.0,1.0,1.0,0.0
697,Granuloma,0,57,8,0.0,1.0,1.0,0.0
697,"Vacuolization, nuclear",0,57,5,0.0,1.0,1.0,0.0
706,Hypertrophy,11,39,494,1.606093636458009,0.12006608229264928,0.6433852312298933,0.22
706,Cellular infiltration,0,50,204,0.0,1.0,1.0,0.0
706,"Degeneration, granular, eosinophilic",43,7,159,121.62084456424078,2.4597670300451904e-47,2.809810799705467e-45,0.86
706,Ground glass appearance,0,50,174,0.0,1.0,1.0,0.0
706,Necrosis,1,49,159,0.4040559620074445,0.914581374381127,1.0,0.02
706,"Proliferation, bile duct",0,50,155,0.0,1.0,1.0,0.0
706,"Vacuolization, cytoplasmic",6,44,129,3.3594080338266386,0.014019705354658352,0.09121254086163265,0.12
706,"Change, eosinophilic",0,50,129,0.0,1.0,1.0,0.0
706,Increased mitosis,5,45,121,2.925619834710744,0.03779426923319415,0.22943071971913462,0.1
706,Single cell necrosis,1,49,110,0.5931354359925789,0.8161834513894616,1.0,0.02
706,Swelling,0,50,105,0.0,1.0,1.0,0.0
706,"Change, acidophilic",0,50,87,0.0,1.0,1.0,0.0
706,"Degeneration, fatty",0,50,80,0.0,1.0,1.0,0.0
706,Fibrosis,0,50,63,0.0,1.0,1.0,0.0
706,"Proliferation, oval cell",0,50,61,0.0,1.0,1.0,0.0
706,"Hematopoiesis, extramedullary",0,50,54,0.0,1.0,1.0,0.0
706,"Cellular infiltration, mononuclear cell",0,50,53,0.0,1.0,1.0,0.0
706,Anisonucleosis,0,50,47,0.0,1.0,1.0,0.0
706,"Alteration, nuclear",0,50,46,0.0,1.0,1.0,0.0
706,"Deposit, pigment",0,50,38,0.0,1.0,1.0,0.0
706,"Degeneration, hydropic",0,50,35,0.0,1.0,1.0,0.0
706,"Alteration, cytoplasmic",0,50,35,0.0,1.0,1.0,0.0
706,Pyknosis,0,50,33,0.0,1.0,1.0,0.0
706,"Proliferation, Kupffer cell",0,50,29,0.0,1.0,1.0,0.0
706,Cellular foci,0,50,25,0.0,1.0,1.0,0.0
706,Microgranuloma,0,50,20,0.0,1.0,1.0,0.0
706,Edema,0,50,18,0.0,1.0,1.0,0.0
706,"Deposit, hemosiderin",0,50,17,0.0,1.0,1.0,0.0
706,"Inclusion body, intracytoplasmic",0,50,11,0.0,1.0,1.0,0.0
706,"Degeneration, acidophilic, eosinophilic",0,50,10,0.0,1.0,1.0,0.0
706,Hemorrhage,0,50,10,0.0,1.0,1.0,0.0
706,Phagocytosis,0,50,10,0.0,1.0,1.0,0.0
706,"Lesion,NOS",0,50,10,0.0,1.0,1.0,0.0
706,"Deposit, glycogen",0,50,9,0.0,1.0,1.0,0.0
706,Granuloma,1,49,7,9.620991253644315,0.11323615256725715,0.6094087939674606,0.02
706,"Vacuolization, nuclear",0,50,5,0.0,1.0,1.0,0.0
709,Hypertrophy,25,4,480,37.083333333333336,2.122181878339545e-17,5.263365493668851e-16,0.8620689655172413
709,Cellular infiltration,4,25,200,2.5024,0.09566506697123166,0.5261578683417741,0.13793103448275862
709,"Degeneration, granular, eosinophilic",0,29,202,0.0,1.0,1.0,0.0
709,Ground glass appearance,0,29,174,0.0,1.0,1.0,0.0
709,Necrosis,3,26,157,2.3304752572268495,0.15778909545794553,0.8167906117823063,0.10344827586206896
709,"Proliferation, bile duct",4,25,151,3.3663576158940396,0.042226402429449854,0.2529751189419386,0.13793103448275862
709,"Vacuolization, cytoplasmic",13,16,122,21.35143442622951,1.5849232065972046e-11,2.604272156898311e-10,0.4482758620689655
709,"Change, eosinophilic",2,27,127,1.8670166229221348,0.3071420326167544,1.0,0.06896551724137931
709,Increased mitosis,1,28,125,0.9151428571428571,0.6718120019920015,1.0,0.034482758620689655
709,Single cell necrosis,2,27,109,2.1875637104994903,0.24870758667295229,1.0,0.06896551724137931
709,Swelling,0,29,105,0.0,1.0,1.0,0.0
709,"Change, acidophilic",0,29,87,0.0,1.0,1.0,0.0
709,"Degeneration, fatty",0,29,80,0.0,1.0,1.0,0.0
709,Fibrosis,0,29,63,0.0,1.0,1.0,0.0
709,"Proliferation, oval cell",0,29,61,0.0,1.0,1.0,0.0
709,"Hematopoiesis, extramedullary",0,29,54,0.0,1.0,1.0,0.0
709,"Cellular infiltration, mononuclear cell",0,29,53,0.0,1.0,1.0,0.0
709,Anisonucleosis,0,29,47,0.0,1.0,1.0,0.0
709,"Alteration, nuclear",0,29,46,0.0,1.0,1.0,0.0
709,"Deposit, pigment",0,29,38,0.0,1.0,1.0,0.0
709,"Degeneration, hydropic",0,29,35,0.0,1.0,1.0,0.0
709,"Alteration, cytoplasmic",0,29,35,0.0,1.0,1.0,0.0
709,Pyknosis,0,29,33,0.0,1.0,1.0,0.0
709,"Proliferation, Kupffer cell",0,29,29,0.0,1.0,1.0,0.0
709,Cellular foci,0,29,25,0.0,1.0,1.0,0.0
709,Microgranuloma,0,29,20,0.0,1.0,1.0,0.0
709,Edema,2,27,16,15.333333333333334,0.010120959622062768,0.06720905551151798,0.06896551724137931
709,"Deposit, hemosiderin",0,29,17,0.0,1.0,1.0,0.0
709,"Inclusion body, intracytoplasmic",0,29,11,0.0,1.0,1.0,0.0
709,"Degeneration, acidophilic, eosinophilic",0,29,10,0.0,1.0,1.0,0.0
709,Hemorrhage,0,29,10,0.0,1.0,1.0,0.0
709,Phagocytosis,0,29,10,0.0,1.0,1.0,0.0
709,"Lesion,NOS",0,29,10,0.0,1.0,1.0,0.0
709,"Deposit, glycogen",0,29,9,0.0,1.0,1.0,0.0
709,Granuloma,0,29,8,0.0,1.0,1.0,0.0
709,"Vacuolization, nuclear",0,29,5,0.0,1.0,1.0,0.0
723,Hypertrophy,0,34,505,0.0,1.0,1.0,0.0
723,Cellular infiltration,22,12,182,31.64010989010989,1.660488345146715e-19,4.6306576385781624e-18,0.6470588235294118
723,"Degeneration, granular, eosinophilic",3,31,199,1.5192089479656345,0.33602206687992003,1.0,0.08823529411764706
723,Ground glass appearance,0,34,174,0.0,1.0,1.0,0.0
723,Necrosis,15,19,145,17.303085299455535,6.5716701329309335e-12,1.1011486767167771e-10,0.4411764705882353
723,"Proliferation, bile duct",16,18,139,20.36131095123901,2.1290184135168027e-13,4.0211031403147245e-12,0.47058823529411764
723,"Vacuolization, cytoplasmic",0,34,135,0.0,1.0,1.0,0.0
723,"Change, eosinophilic",3,31,126,2.455453149001536,0.1403158099452794,0.7369371450706981,0.08823529411764706
723,Increased mitosis,2,32,124,1.612399193548387,0.36700454676153366,1.0,0.058823529411764705
723,Single cell necrosis,1,33,110,0.8851239669421488,0.6830394717355937,1.0,0.029411764705882353
723,Swelling,1,33,104,0.9379370629370629,0.6623915142970183,1.0,0.029411764705882353
723,"Change, acidophilic",8,26,79,12.634858812074002,1.5415862022646778e-06,1.6454666741153975e-05,0.23529411764705882
723,"Degeneration, fatty",0,34,80,0.0,1.0,1.0,0.0
723,Fibrosis,13,21,50,40.52285714285714,6.709040502959047e-15,1.436097318471234e-13,0.38235294117647056
723,"Proliferation, oval cell",0,34,61,0.0,1.0,1.0,0.0
723,"Hematopoiesis, extramedullary",0,34,54,0.0,1.0,1.0,0.0
723,"Cellular infiltration, mononuclear cell",0,34,53,0.0,1.0,1.0,0.0
723,Anisonucleosis,0,34,47,0.0,1.0,1.0,0.0
723,"Alteration, nuclear",0,34,46,0.0,1.0,1.0,0.0
723,"Deposit, pigment",2,32,36,5.706597222222222,0.0557811592797108,0.3254814205515542,0.058823529411764705
723,"Degeneration, hydropic",0,34,35,0.0,1.0,1.0,0.0
723,"Alteration, cytoplasmic",10,24,25,54.96666666666667,4.1342934607768065e-13,7.674282236566947e-12,0.29411764705882354
723,Pyknosis,0,34,33,0.0,1.0,1.0,0.0
723,"Proliferation, Kupffer cell",0,34,29,0.0,1.0,1.0,0.0
723,Cellular foci,0,34,25,0.0,1.0,1.0,0.0
723,Microgranuloma,0,34,20,0.0,1.0,1.0,0.0
723,Edema,0,34,18,0.0,1.0,1.0,0.0
723,"Deposit, hemosiderin",0,34,17,0.0,1.0,1.0,0.0
723,"Inclusion body, intracytoplasmic",0,34,11,0.0,1.0,1.0,0.0
723,"Degeneration, acidophilic, eosinophilic",7,27,3,286.91358024691357,6.671138921670585e-13,1.2174059967656921e-11,0.20588235294117646
723,Hemorrhage,0,34,10,0.0,1.0,1.0,0.0
723,Phagocytosis,0,34,10,0.0,1.0,1.0,0.0
723,"Lesion,NOS",0,34,10,0.0,1.0,1.0,0.0
723,"Deposit, glycogen",0,34,9,0.0,1.0,1.0,0.0
723,Granuloma,0,34,8,0.0,1.0,1.0,0.0
723,"Vacuolization, nuclear",0,34,5,0.0,1.0,1.0,0.0
730,Hypertrophy,4,21,501,1.0763235433894116,0.5318189309262266,1.0,0.16
730,Cellular infiltration,0,25,204,0.0,1.0,1.0,0.0
730,"Degeneration, granular, eosinophilic",19,6,183,54.49089253187614,3.6319663764776094e-19,9.929549901491104e-18,0.76
730,Ground glass appearance,1,24,173,0.7608381502890174,0.7369731079585631,1.0,0.04
730,Necrosis,6,19,154,6.516746411483253,0.0008877937599583762,0.006902480280304653,0.24
730,"Proliferation, bile duct",0,25,155,0.0,1.0,1.0,0.0
730,"Vacuolization, cytoplasmic",2,23,133,2.091533180778032,0.2661525936059208,1.0,0.08
730,"Change, eosinophilic",0,25,129,0.0,1.0,1.0,0.0
730,Increased mitosis,0,25,126,0.0,1.0,1.0,0.0
730,Single cell necrosis,0,25,111,0.0,1.0,1.0,0.0
730,Swelling,0,25,105,0.0,1.0,1.0,0.0
730,"Change, acidophilic",0,25,87,0.0,1.0,1.0,0.0
730,"Degeneration, fatty",0,25,80,0.0,1.0,1.0,0.0
730,Fibrosis,0,25,63,0.0,1.0,1.0,0.0
730,"Proliferation, oval cell",0,25,61,0.0,1.0,1.0,0.0
730,"Hematopoiesis, extramedullary",0,25,54,0.0,1.0,1.0,0.0
730,"Cellular infiltration, mononuclear cell",0,25,53,0.0,1.0,1.0,0.0
730,Anisonucleosis,0,25,47,0.0,1.0,1.0,0.0
730,"Alteration, nuclear",0,25,46,0.0,1.0,1.0,0.0
730,"Deposit, pigment",0,25,38,0.0,1.0,1.0,0.0
730,"Degeneration, hydropic",0,25,35,0.0,1.0,1.0,0.0
730,"Alteration, cytoplasmic",0,25,35,0.0,1.0,1.0,0.0
730,Pyknosis,0,25,33,0.0,1.0,1.0,0.0
730,"Proliferation, Kupffer cell",0,25,29,0.0,1.0,1.0,0.0
730,Cellular foci,1,24,24,5.743055555555555,0.1710112085336045,0.876072944104882,0.04
730,Microgranuloma,0,25,20,0.0,1.0,1.0,0.0
730,Edema,0,25,18,0.0,1.0,1.0,0.0
730,"Deposit, hemosiderin",0,25,17,0.0,1.0,1.0,0.0
730,"Inclusion body, intracytoplasmic",0,25,11,0.0,1.0,1.0,0.0
730,"Degeneration, acidophilic, eosinophilic",0,25,10,0.0,1.0,1.0,0.0
730,Hemorrhage,0,25,10,0.0,1.0,1.0,0.0
730,Phagocytosis,0,25,10,0.0,1.0,1.0,0.0
730,"Lesion,NOS",0,25,10,0.0,1.0,1.0,0.0
730,"Deposit, glycogen",0,25,9,0.0,1.0,1.0,0.0
730,Granuloma,5,20,3,277.4166666666667,8.274687995111208e-10,1.1730703267532358e-08,0.2
730,"Vacuolization, nuclear",0,25,5,0.0,1.0,1.0,0.0
740,Hypertrophy,19,35,486,3.146560846560847,0.00017870146666051144,0.0015110131131152143,0.35185185185185186
740,Cellular infiltration,14,40,190,5.734473684210526,2.23599549712838e-06,2.348684925365619e-05,0.25925925925925924
740,"Degeneration, granular, eosinophilic",31,23,171,24.68649885583524,4.915948649995802e-25,1.819360434951717e-23,0.5740740740740741
740,Ground glass appearance,0,54,174,0.0,1.0,1.0,0.0
740,Necrosis,13,41,147,6.807366849178696,8.141843515159963e-07,8.956027866675959e-06,0.24074074074074073
740,"Proliferation, bile duct",14,40,141,7.848936170212766,7.291587225533808e-08,8.803257747900572e-07,0.25925925925925924
740,"Vacuolization, cytoplasmic",6,48,129,3.0755813953488373,0.019996605955170308,0.12622724694337048,0.1111111111111111
740,"Change, eosinophilic",9,45,120,5.305,0.00016934578506347704,0.0014432051123056723,0.16666666666666666
740,Increased mitosis,17,37,109,13.463426729481775,2.889716978550857e-12,5.0043495197061484e-11,0.3148148148148148
740,Single cell necrosis,4,50,107,2.3895327102803736,0.10150704088667431,0.5541836607232036,0.07407407407407407
740,Swelling,0,54,105,0.0,1.0,1.0,0.0
740,"Change, acidophilic",0,54,87,0.0,1.0,1.0,0.0
740,"Degeneration, fatty",0,54,80,0.0,1.0,1.0,0.0
740,Fibrosis,0,54,63,0.0,1.0,1.0,0.0
740,"Proliferation, oval cell",0,54,61,0.0,1.0,1.0,0.0
740,"Hematopoiesis, extramedullary",0,54,54,0.0,1.0,1.0,0.0
740,"Cellular infiltration, mononuclear cell",0,54,53,0.0,1.0,1.0,0.0
740,Anisonucleosis,0,54,47,0.0,1.0,1.0,0.0
740,"Alteration, nuclear",0,54,46,0.0,1.0,1.0,0.0
740,"Deposit, pigment",0,54,38,0.0,1.0,1.0,0.0
740,"Degeneration, hydropic",0,54,35,0.0,1.0,1.0,0.0
740,"Alteration, cytoplasmic",0,54,35,0.0,1.0,1.0,0.0
740,Pyknosis,0,54,33,0.0,1.0,1.0,0.0
740,"Proliferation, Kupffer cell",0,54,29,0.0,1.0,1.0,0.0
740,Cellular foci,0,54,25,0.0,1.0,1.0,0.0
740,Microgranuloma,0,54,20,0.0,1.0,1.0,0.0
740,Edema,11,43,7,120.45182724252491,1.864395285145207e-16,4.403382900104385e-15,0.2037037037037037
740,"Deposit, hemosiderin",0,54,17,0.0,1.0,1.0,0.0
740,"Inclusion body, intracytoplasmic",0,54,11,0.0,1.0,1.0,0.0
740,"Degeneration, acidophilic, eosinophilic",0,54,10,0.0,1.0,1.0,0.0
740,Hemorrhage,0,54,10,0.0,1.0,1.0,0.0
740,Phagocytosis,0,54,10,0.0,1.0,1.0,0.0
740,"Lesion,NOS",0,54,10,0.0,1.0,1.0,0.0
740,"Deposit, glycogen",0,54,9,0.0,1.0,1.0,0.0
740,Granuloma,0,54,8,0.0,1.0,1.0,0.0
740,"Vacuolization, nuclear",0,54,5,0.0,1.0,1.0,0.0
747,Hypertrophy,6,20,499,1.7026052104208418,0.18597385500029548,0.9401571903844724,0.23076923076923078
747,Cellular infiltration,3,23,201,2.0311486048020764,0.20744502871687864,1.0,0.11538461538461539
747,"Degeneration, granular, eosinophilic",23,3,179,135.0018621973929,5.492848227733252e-26,2.175167898182368e-24,0.8846153846153846
747,Ground glass appearance,0,26,174,0.0,1.0,1.0,0.0
747,Necrosis,3,23,157,2.6369426751592355,0.12418430477516396,0.662762596913274,0.11538461538461539
747,"Proliferation, bile duct",0,26,155,0.0,1.0,1.0,0.0
747,"Vacuolization, cytoplasmic",0,26,135,0.0,1.0,1.0,0.0
747,"Change, eosinophilic",0,26,129,0.0,1.0,1.0,0.0
747,Increased mitosis,13,13,113,28.47787610619469,1.0871480145498928e-12,1.9421531447898838e-11,0.5
747,Single cell necrosis,0,26,111,0.0,1.0,1.0,0.0
747,Swelling,0,26,105,0.0,1.0,1.0,0.0
747,"Change, acidophilic",0,26,87,0.0,1.0,1.0,0.0
747,"Degeneration, fatty",0,26,80,0.0,1.0,1.0,0.0
747,Fibrosis,0,26,63,0.0,1.0,1.0,0.0
747,"Proliferation, oval cell",0,26,61,0.0,1.0,1.0,0.0
747,"Hematopoiesis, extramedullary",0,26,54,0.0,1.0,1.0,0.0
747,"Cellular infiltration, mononuclear cell",0,26,53,0.0,1.0,1.0,0.0
747,Anisonucleosis,0,26,47,0.0,1.0,1.0,0.0
747,"Alteration, nuclear",0,26,46,0.0,1.0,1.0,0.0
747,"Deposit, pigment",0,26,38,0.0,1.0,1.0,0.0
747,"Degeneration, hydropic",0,26,35,0.0,1.0,1.0,0.0
747,"Alteration, cytoplasmic",0,26,35,0.0,1.0,1.0,0.0
747,Pyknosis,0,26,33,0.0,1.0,1.0,0.0
747,"Proliferation, Kupffer cell",0,26,29,0.0,1.0,1.0,0.0
747,Cellular foci,0,26,25,0.0,1.0,1.0,0.0
747,Microgranuloma,0,26,20,0.0,1.0,1.0,0.0
747,Edema,0,26,18,0.0,1.0,1.0,0.0
747,"Deposit, hemosiderin",0,26,17,0.0,1.0,1.0,0.0
747,"Inclusion body, intracytoplasmic",0,26,11,0.0,1.0,1.0,0.0
747,"Degeneration, acidophilic, eosinophilic",0,26,10,0.0,1.0,1.0,0.0
747,Hemorrhage,0,26,10,0.0,1.0,1.0,0.0
747,Phagocytosis,0,26,10,0.0,1.0,1.0,0.0
747,"Lesion,NOS",0,26,10,0.0,1.0,1.0,0.0
747,"Deposit, glycogen",0,26,9,0.0,1.0,1.0,0.0
747,Granuloma,2,24,6,46.18055555555556,0.0015698322335527955,0.011886301424223844,0.07692307692307693
747,"Vacuolization, nuclear",0,26,5,0.0,1.0,1.0,0.0
751,Hypertrophy,0,49,505,0.0,1.0,1.0,0.0
751,Cellular infiltration,8,41,196,3.098058735689398,0.008427426262973594,0.05646803384327484,0.16326530612244897
751,"Degeneration, granular, eosinophilic",18,31,184,9.858345021037868,1.1211611965133942e-10,1.727547991514802e-09,0.3673469387755102
751,Ground glass appearance,0,49,174,0.0,1.0,1.0,0.0
751,Necrosis,8,41,152,4.051347881899872,0.001894067193271475,0.01409869564916361,0.16326530612244897
751,"Proliferation, bile duct",7,42,148,3.5585585585585586,0.006536516905516634,0.044654296053788164,0.14285714285714285
751,"Vacuolization, cytoplasmic",0,49,135,0.0,1.0,1.0,0.0
751,"Change, eosinophilic",1,48,128,0.517578125,0.8554604303399648,1.0,0.02040816326530612
751,Increased mitosis,4,45,122,2.321311475409836,0.1099229191244867,0.5946649723127969,0.08163265306122448
751,Single cell necrosis,1,48,110,0.6056818181818182,0.8098013316222518,1.0,0.02040816326530612
751,Swelling,7,42,98,5.459183673469388,0.0006974555941464358,0.005483634982435246,0.14285714285714285
751,"Change, acidophilic",4,45,83,3.4538152610441766,0.03678093112324537,0.22352784369968862,0.08163265306122448
751,"Degeneration, fatty",0,49,80,0.0,1.0,1.0,0.0
751,Fibrosis,4,45,59,4.894915254237288,0.012692769283253484,0.08303419553141597,0.08163265306122448
751,"Proliferation, oval cell",0,49,61,0.0,1.0,1.0,0.0
751,"Hematopoiesis, extramedullary",0,49,54,0.0,1.0,1.0,0.0
751,"Cellular infiltration, mononuclear cell",0,49,53,0.0,1.0,1.0,0.0
751,Anisonucleosis,0,49,47,0.0,1.0,1.0,0.0
751,"Alteration, nuclear",0,49,46,0.0,1.0,1.0,0.0
751,"Deposit, pigment",0,49,38,0.0,1.0,1.0,0.0
751,"Degeneration, hydropic",0,49,35,0.0,1.0,1.0,0.0
751,"Alteration, cytoplasmic",0,49,35,0.0,1.0,1.0,0.0
751,Pyknosis,0,49,33,0.0,1.0,1.0,0.0
751,"Proliferation, Kupffer cell",0,49,29,0.0,1.0,1.0,0.0
751,Cellular foci,0,49,25,0.0,1.0,1.0,0.0
751,Microgranuloma,0,49,20,0.0,1.0,1.0,0.0
751,Edema,0,49,18,0.0,1.0,1.0,0.0
751,"Deposit, hemosiderin",0,49,17,0.0,1.0,1.0,0.0
751,"Inclusion body, intracytoplasmic",0,49,11,0.0,1.0,1.0,0.0
751,"Degeneration, acidophilic, eosinophilic",0,49,10,0.0,1.0,1.0,0.0
751,Hemorrhage,0,49,10,0.0,1.0,1.0,0.0
751,Phagocytosis,0,49,10,0.0,1.0,1.0,0.0
751,"Lesion,NOS",0,49,10,0.0,1.0,1.0,0.0
751,"Deposit, glycogen",0,49,9,0.0,1.0,1.0,0.0
751,Granuloma,0,49,8,0.0,1.0,1.0,0.0
751,"Vacuolization, nuclear",0,49,5,0.0,1.0,1.0,0.0
755,Hypertrophy,37,44,468,5.045454545454546,2.683781949853533e-11,4.3378679679265264e-10,0.4567901234567901
755,Cellular infiltration,15,66,189,3.712121212121212,7.724525201496334e-05,0.000688427302278893,0.18518518518518517
755,"Degeneration, granular, eosinophilic",46,35,156,26.285714285714285,7.247150150870231e-37,5.314576777304836e-35,0.5679012345679012
755,Ground glass appearance,0,81,174,0.0,1.0,1.0,0.0
755,Necrosis,19,62,141,6.813658201784489,3.1315667556778645e-09,4.22281646509115e-08,0.2345679012345679
755,"Proliferation, bile duct",15,66,140,5.090909090909091,2.7167564888972058e-06,2.826188011217058e-05,0.18518518518518517
755,"Vacuolization, cytoplasmic",3,78,132,0.916083916083916,0.6403064089984221,1.0,0.037037037037037035
755,"Change, eosinophilic",11,70,118,4.2055690072639225,0.0002148022940092492,0.0017958136895354544,0.13580246913580246
755,Increased mitosis,4,77,122,1.3429848839684906,0.3619211878806235,1.0,0.04938271604938271
755,Single cell necrosis,11,70,100,4.990857142857143,5.437706565094483e-05,0.0004938834403159209,0.13580246913580246
755,Swelling,1,80,104,0.38125,0.9261454602290812,1.0,0.012345679012345678
755,"Change, acidophilic",0,81,87,0.0,1.0,1.0,0.0
755,"Degeneration, fatty",0,81,80,0.0,1.0,1.0,0.0
755,Fibrosis,0,81,63,0.0,1.0,1.0,0.0
755,"Proliferation, oval cell",1,80,60,0.67,0.7776588509948977,1.0,0.012345679012345678
755,"Hematopoiesis, extramedullary",0,81,54,0.0,1.0,1.0,0.0
755,"Cellular infiltration, mononuclear cell",0,81,53,0.0,1.0,1.0,0.0
755,Anisonucleosis,0,81,47,0.0,1.0,1.0,0.0
755,"Alteration, nuclear",0,81,46,0.0,1.0,1.0,0.0
755,"Deposit, pigment",5,76,33,6.465311004784689,0.001941040308038623,0.01442123756066219,0.06172839506172839
755,"Degeneration, hydropic",0,81,35,0.0,1.0,1.0,0.0
755,"Alteration, cytoplasmic",0,81,35,0.0,1.0,1.0,0.0
755,Pyknosis,0,81,33,0.0,1.0,1.0,0.0
755,"Proliferation, Kupffer cell",1,80,28,1.45,0.5090041289477323,1.0,0.012345679012345678
755,Cellular foci,1,80,24,1.69375,0.45818698673010744,1.0,0.012345679012345678
755,Microgranuloma,0,81,20,0.0,1.0,1.0,0.0
755,Edema,10,71,8,57.53521126760563,1.423110699113905e-12,2.5271382818345577e-11,0.12345679012345678
755,"Deposit, hemosiderin",0,81,17,0.0,1.0,1.0,0.0
755,"Inclusion body, intracytoplasmic",0,81,11,0.0,1.0,1.0,0.0
755,"Degeneration, acidophilic, eosinophilic",0,81,10,0.0,1.0,1.0,0.0
755,Hemorrhage,0,81,10,0.0,1.0,1.0,0.0
755,Phagocytosis,0,81,10,0.0,1.0,1.0,0.0
755,"Lesion,NOS",0,81,10,0.0,1.0,1.0,0.0
755,"Deposit, glycogen",0,81,9,0.0,1.0,1.0,0.0
755,Granuloma,6,75,2,130.96,4.417422188174673e-09,5.889896250899564e-08,0.07407407407407407
755,"Vacuolization, nuclear",0,81,5,0.0,1.0,1.0,0.0
763,Hypertrophy,5,54,500,0.5181481481481481,0.9552847914856357,1.0,0.0847457627118644
763,Cellular infiltration,6,53,198,1.7724413950829045,0.14588390213192798,0.762808431922229,0.1016949152542373
763,"Degeneration, granular, eosinophilic",0,59,202,0.0,1.0,1.0,0.0
763,Ground glass appearance,0,59,174,0.0,1.0,1.0,0.0
763,Necrosis,18,41,142,9.757471659223635,7.44982020652852e-11,1.1614680321989348e-09,0.3050847457627119
763,"Proliferation, bile duct",36,23,119,41.81366459627329,7.674620904897162e-35,4.982212915310289e-33,0.6101694915254238
763,"Vacuolization, cytoplasmic",0,59,135,0.0,1.0,1.0,0.0
763,"Change, eosinophilic",0,59,129,0.0,1.0,1.0,0.0
763,Increased mitosis,0,59,126,0.0,1.0,1.0,0.0
763,Single cell necrosis,0,59,111,0.0,1.0,1.0,0.0
763,Swelling,37,22,68,79.88636363636364,1.059936786910654e-43,1.0949607850868321e-41,0.6271186440677966
763,"Change, acidophilic",17,42,70,18.66530612244898,2.5050443270780823e-14,5.131021828566831e-13,0.288135593220339
763,"Degeneration, fatty",0,59,80,0.0,1.0,1.0,0.0
763,Fibrosis,0,59,63,0.0,1.0,1.0,0.0
763,"Proliferation, oval cell",32,27,29,133.59897828863348,3.7826483305626046e-44,3.976801961688827e-42,0.5423728813559322
763,"Hematopoiesis, extramedullary",0,59,54,0.0,1.0,1.0,0.0
763,"Cellular infiltration, mononuclear cell",0,59,53,0.0,1.0,1.0,0.0
763,Anisonucleosis,3,56,44,3.9618506493506493,0.04844112385581665,0.2857400950382829,0.05084745762711865
763,"Alteration, nuclear",0,59,46,0.0,1.0,1.0,0.0
763,"Deposit, pigment",0,59,38,0.0,1.0,1.0,0.0
763,"Degeneration, hydropic",0,59,35,0.0,1.0,1.0,0.0
763,"Alteration, cytoplasmic",0,59,35,0.0,1.0,1.0,0.0
763,Pyknosis,0,59,33,0.0,1.0,1.0,0.0
763,"Proliferation, Kupffer cell",0,59,29,0.0,1.0,1.0,0.0
763,Cellular foci,16,43,9,135.97932816537468,1.674113920711972e-23,5.650134482402905e-22,0.2711864406779661
763,Microgranuloma,0,59,20,0.0,1.0,1.0,0.0
763,Edema,0,59,18,0.0,1.0,1.0,0.0
763,"Deposit, hemosiderin",0,59,17,0.0,1.0,1.0,0.0
763,"Inclusion body, intracytoplasmic",0,59,11,0.0,1.0,1.0,0.0
763,"Degeneration, acidophilic, eosinophilic",0,59,10,0.0,1.0,1.0,0.0
763,Hemorrhage,0,59,10,0.0,1.0,1.0,0.0
763,Phagocytosis,0,59,10,0.0,1.0,1.0,0.0
763,"Lesion,NOS",0,59,10,0.0,1.0,1.0,0.0
763,"Deposit, glycogen",0,59,9,0.0,1.0,1.0,0.0
763,Granuloma,0,59,8,0.0,1.0,1.0,0.0
763,"Vacuolization, nuclear",0,59,5,0.0,1.0,1.0,0.0
774,Hypertrophy,9,36,496,1.4193548387096775,0.22679101403539978,1.0,0.2
774,Cellular infiltration,0,45,204,0.0,1.0,1.0,0.0
774,"Degeneration, granular, eosinophilic",41,4,161,200.60714285714286,1.804875981631164e-47,2.081740452599828e-45,0.9111111111111111
774,Ground glass appearance,0,45,174,0.0,1.0,1.0,0.0
774,Necrosis,9,36,151,5.233443708609271,0.00020445303232758652,0.001715326288172124,0.2
774,"Proliferation, bile duct",0,45,155,0.0,1.0,1.0,0.0
774,"Vacuolization, cytoplasmic",1,44,134,0.5390094979647219,0.8442516208149125,1.0,0.022222222222222223
774,"Change, eosinophilic",0,45,129,0.0,1.0,1.0,0.0
774,Increased mitosis,3,42,123,1.8519163763066202,0.23762251316617888,1.0,0.06666666666666667
774,Single cell necrosis,0,45,111,0.0,1.0,1.0,0.0
774,Swelling,0,45,105,0.0,1.0,1.0,0.0
774,"Change, acidophilic",0,45,87,0.0,1.0,1.0,0.0
774,"Degeneration, fatty",0,45,80,0.0,1.0,1.0,0.0
774,Fibrosis,0,45,63,0.0,1.0,1.0,0.0
774,"Proliferation, oval cell",0,45,61,0.0,1.0,1.0,0.0
774,"Hematopoiesis, extramedullary",0,45,54,0.0,1.0,1.0,0.0
774,"Cellular infiltration, mononuclear cell",0,45,53,0.0,1.0,1.0,0.0
774,Anisonucleosis,0,45,47,0.0,1.0,1.0,0.0
774,"Alteration, nuclear",0,45,46,0.0,1.0,1.0,0.0
774,"Deposit, pigment",0,45,38,0.0,1.0,1.0,0.0
774,"Degeneration, hydropic",0,45,35,0.0,1.0,1.0,0.0
774,"Alteration, cytoplasmic",0,45,35,0.0,1.0,1.0,0.0
774,Pyknosis,0,45,33,0.0,1.0,1.0,0.0
774,"Proliferation, Kupffer cell",0,45,29,0.0,1.0,1.0,0.0
774,Cellular foci,1,44,24,3.1136363636363638,0.28723764912232425,1.0,0.022222222222222223
774,Microgranuloma,0,45,20,0.0,1.0,1.0,0.0
774,Edema,0,45,18,0.0,1.0,1.0,0.0
774,"Deposit, hemosiderin",0,45,17,0.0,1.0,1.0,0.0
774,"Inclusion body, intracytoplasmic",0,45,11,0.0,1.0,1.0,0.0
774,"Degeneration, acidophilic, eosinophilic",0,45,10,0.0,1.0,1.0,0.0
774,Hemorrhage,0,45,10,0.0,1.0,1.0,0.0
774,Phagocytosis,0,45,10,0.0,1.0,1.0,0.0
774,"Lesion,NOS",0,45,10,0.0,1.0,1.0,0.0
774,"Deposit, glycogen",0,45,9,0.0,1.0,1.0,0.0
774,Granuloma,5,40,3,137.875,1.874440583674606e-08,2.3816421533747931e-07,0.1111111111111111
774,"Vacuolization, nuclear",0,45,5,0.0,1.0,1.0,0.0
775,Hypertrophy,5,26,500,1.0869230769230769,0.5091476920213079,1.0,0.16129032258064516
775,Cellular infiltration,3,28,201,1.665778251599147,0.29059255169497084,1.0,0.0967741935483871
775,"Degeneration, granular, eosinophilic",27,4,175,121.53857142857143,5.0908942302157984e-30,2.5411690527295664e-28,0.8709677419354839
775,Ground glass appearance,0,31,174,0.0,1.0,1.0,0.0
775,Necrosis,2,29,158,1.3828022697512004,0.43923248416462474,1.0,0.06451612903225806
775,"Proliferation, bile duct",3,28,152,2.237312030075188,0.17002771520442372,0.8717864724335579,0.0967741935483871
775,"Vacuolization, cytoplasmic",1,30,134,0.7940298507462686,0.7214752451525355,1.0,0.03225806451612903
775,"Change, eosinophilic",2,29,127,1.7371707846863969,0.3357955611920179,1.0,0.06451612903225806
775,Increased mitosis,0,31,126,0.0,1.0,1.0,0.0
775,Single cell necrosis,3,28,108,3.1924603174603177,0.08095659498633337,0.45452001343933857,0.0967741935483871
775,Swelling,0,31,105,0.0,1.0,1.0,0.0
775,"Change, acidophilic",0,31,87,0.0,1.0,1.0,0.0
775,"Degeneration, fatty",0,31,80,0.0,1.0,1.0,0.0
775,Fibrosis,0,31,63,0.0,1.0,1.0,0.0
775,"Proliferation, oval cell",0,31,61,0.0,1.0,1.0,0.0
775,"Hematopoiesis, extramedullary",0,31,54,0.0,1.0,1.0,0.0
775,"Cellular infiltration, mononuclear cell",0,31,53,0.0,1.0,1.0,0.0
775,Anisonucleosis,0,31,47,0.0,1.0,1.0,0.0
775,"Alteration, nuclear",0,31,46,0.0,1.0,1.0,0.0
775,"Deposit, pigment",1,30,37,2.963063063063063,0.2984796555045387,1.0,0.03225806451612903
775,"Degeneration, hydropic",0,31,35,0.0,1.0,1.0,0.0
775,"Alteration, cytoplasmic",0,31,35,0.0,1.0,1.0,0.0
775,Pyknosis,0,31,33,0.0,1.0,1.0,0.0
775,"Proliferation, Kupffer cell",0,31,29,0.0,1.0,1.0,0.0
775,Cellular foci,0,31,25,0.0,1.0,1.0,0.0
775,Microgranuloma,0,31,20,0.0,1.0,1.0,0.0
775,Edema,2,29,16,14.267241379310345,0.011518518580962367,0.07589572975143258,0.06451612903225806
775,"Deposit, hemosiderin",0,31,17,0.0,1.0,1.0,0.0
775,"Inclusion body, intracytoplasmic",0,31,11,0.0,1.0,1.0,0.0
775,"Degeneration, acidophilic, eosinophilic",0,31,10,0.0,1.0,1.0,0.0
775,Hemorrhage,0,31,10,0.0,1.0,1.0,0.0
775,Phagocytosis,0,31,10,0.0,1.0,1.0,0.0
775,"Lesion,NOS",0,31,10,0.0,1.0,1.0,0.0
775,"Deposit, glycogen",0,31,9,0.0,1.0,1.0,0.0
775,Granuloma,0,31,8,0.0,1.0,1.0,0.0
775,"Vacuolization, nuclear",0,31,5,0.0,1.0,1.0,0.0
778,Hypertrophy,0,55,505,0.0,1.0,1.0,0.0
778,Cellular infiltration,52,3,152,359.2105263157895,1.536430333753052e-62,3.5101523778819723e-60,0.9454545454545454
778,"Degeneration, granular, eosinophilic",0,55,202,0.0,1.0,1.0,0.0
778,Ground glass appearance,0,55,174,0.0,1.0,1.0,0.0
778,Necrosis,0,55,160,0.0,1.0,1.0,0.0
778,"Proliferation, bile duct",0,55,155,0.0,1.0,1.0,0.0
778,"Vacuolization, cytoplasmic",0,55,135,0.0,1.0,1.0,0.0
778,"Change, eosinophilic",0,55,129,0.0,1.0,1.0,0.0
778,Increased mitosis,0,55,126,0.0,1.0,1.0,0.0
778,Single cell necrosis,0,55,111,0.0,1.0,1.0,0.0
778,Swelling,0,55,105,0.0,1.0,1.0,0.0
778,"Change, acidophilic",0,55,87,0.0,1.0,1.0,0.0
778,"Degeneration, fatty",55,0,25,inf,8.509824789243386e-101,1.0109671849621143e-97,1.0
778,Fibrosis,22,33,41,53.02439024390244,1.498993172363336e-25,5.74452867344401e-24,0.4
778,"Proliferation, oval cell",0,55,61,0.0,1.0,1.0,0.0
778,"Hematopoiesis, extramedullary",0,55,54,0.0,1.0,1.0,0.0
778,"Cellular infiltration, mononuclear cell",0,55,53,0.0,1.0,1.0,0.0
778,Anisonucleosis,0,55,47,0.0,1.0,1.0,0.0
778,"Alteration, nuclear",0,55,46,0.0,1.0,1.0,0.0
778,"Deposit, pigment",0,55,38,0.0,1.0,1.0,0.0
778,"Degeneration, hydropic",35,20,0,inf,2.4350015812667043e-69,1.1126084148249402e-66,0.6363636363636364
778,"Alteration, cytoplasmic",0,55,35,0.0,1.0,1.0,0.0
778,Pyknosis,0,55,33,0.0,1.0,1.0,0.0
778,"Proliferation, Kupffer cell",0,55,29,0.0,1.0,1.0,0.0
778,Cellular foci,0,55,25,0.0,1.0,1.0,0.0
778,Microgranuloma,0,55,20,0.0,1.0,1.0,0.0
778,Edema,0,55,18,0.0,1.0,1.0,0.0
778,"Deposit, hemosiderin",0,55,17,0.0,1.0,1.0,0.0
778,"Inclusion body, intracytoplasmic",0,55,11,0.0,1.0,1.0,0.0
778,"Degeneration, acidophilic, eosinophilic",0,55,10,0.0,1.0,1.0,0.0
778,Hemorrhage,0,55,10,0.0,1.0,1.0,0.0
778,Phagocytosis,0,55,10,0.0,1.0,1.0,0.0
778,"Lesion,NOS",0,55,10,0.0,1.0,1.0,0.0
778,"Deposit, glycogen",0,55,9,0.0,1.0,1.0,0.0
778,Granuloma,0,55,8,0.0,1.0,1.0,0.0
778,"Vacuolization, nuclear",0,55,5,0.0,1.0,1.0,0.0
783,Hypertrophy,30,22,475,8.124401913875598,1.0111372931602573e-12,1.8172936524574672e-11,0.5769230769230769
783,Cellular infiltration,2,50,202,0.6144554455445544,0.8346687957120495,1.0,0.038461538461538464
783,"Degeneration, granular, eosinophilic",42,10,160,82.55625,6.967838325408086e-44,7.261220991741058e-42,0.8076923076923077
783,Ground glass appearance,1,51,173,0.35498129887793267,0.9385448602403357,1.0,0.019230769230769232
783,Necrosis,16,36,144,9.756172839506172,7.87127912360724e-10,1.1172138110926404e-08,0.3076923076923077
783,"Proliferation, bile duct",2,50,153,0.8240522875816993,0.7012944953242508,1.0,0.038461538461538464
783,"Vacuolization, cytoplasmic",1,51,134,0.4640035118525022,0.8836424483579882,1.0,0.019230769230769232
783,"Change, eosinophilic",4,48,125,2.12,0.13748683773849665,0.723822548026656,0.07692307692307693
783,Increased mitosis,7,45,119,4.1647058823529415,0.002906789522458867,0.020903546929062555,0.1346153846153846
783,Single cell necrosis,3,49,108,1.812358276643991,0.24594981679207206,1.0,0.057692307692307696
783,Swelling,0,52,105,0.0,1.0,1.0,0.0
783,"Change, acidophilic",0,52,87,0.0,1.0,1.0,0.0
783,"Degeneration, fatty",0,52,80,0.0,1.0,1.0,0.0
783,Fibrosis,0,52,63,0.0,1.0,1.0,0.0
783,"Proliferation, oval cell",0,52,61,0.0,1.0,1.0,0.0
783,"Hematopoiesis, extramedullary",0,52,54,0.0,1.0,1.0,0.0
783,"Cellular infiltration, mononuclear cell",0,52,53,0.0,1.0,1.0,0.0
783,Anisonucleosis,0,52,47,0.0,1.0,1.0,0.0
783,"Alteration, nuclear",0,52,46,0.0,1.0,1.0,0.0
783,"Deposit, pigment",0,52,38,0.0,1.0,1.0,0.0
783,"Degeneration, hydropic",0,52,35,0.0,1.0,1.0,0.0
783,"Alteration, cytoplasmic",0,52,35,0.0,1.0,1.0,0.0
783,Pyknosis,0,52,33,0.0,1.0,1.0,0.0
783,"Proliferation, Kupffer cell",0,52,29,0.0,1.0,1.0,0.0
783,Cellular foci,0,52,25,0.0,1.0,1.0,0.0
783,Microgranuloma,0,52,20,0.0,1.0,1.0,0.0
783,Edema,2,50,16,8.2225,0.030736664677143137,0.19008411054891225,0.038461538461538464
783,"Deposit, hemosiderin",0,52,17,0.0,1.0,1.0,0.0
783,"Inclusion body, intracytoplasmic",0,52,11,0.0,1.0,1.0,0.0
783,"Degeneration, acidophilic, eosinophilic",0,52,10,0.0,1.0,1.0,0.0
783,Hemorrhage,0,52,10,0.0,1.0,1.0,0.0
783,Phagocytosis,0,52,10,0.0,1.0,1.0,0.0
783,"Lesion,NOS",0,52,10,0.0,1.0,1.0,0.0
783,"Deposit, glycogen",0,52,9,0.0,1.0,1.0,0.0
783,Granuloma,4,48,4,68.77083333333333,3.4261484879733805e-06,3.527092204256825e-05,0.07692307692307693
783,"Vacuolization, nuclear",0,52,5,0.0,1.0,1.0,0.0
801,Hypertrophy,23,7,482,19.393894487255483,5.5731054601765716e-14,1.1053170762420312e-12,0.7666666666666667
801,Cellular infiltration,1,29,203,0.5306607779853916,0.8488125826648794,1.0,0.03333333333333333
801,"Degeneration, granular, eosinophilic",28,2,174,253.68965517241378,4.1061792899343084e-33,2.3229242840199802e-31,0.9333333333333333
801,Ground glass appearance,0,30,174,0.0,1.0,1.0,0.0
801,Necrosis,7,23,153,6.313725490196078,0.0003939771110711176,0.003188316130466538,0.23333333333333334
801,"Proliferation, bile duct",1,29,154,0.7104791759964174,0.7593649011305887,1.0,0.03333333333333333
801,"Vacuolization, cytoplasmic",1,29,134,0.8216675244467319,0.709695532776468,1.0,0.03333333333333333
801,"Change, eosinophilic",1,29,128,0.8617995689655172,0.6929542631771355,1.0,0.03333333333333333
801,Increased mitosis,1,29,125,0.8833103448275862,0.6842373889358143,1.0,0.03333333333333333
801,Single cell necrosis,2,28,109,2.108781127129751,0.2611257062764809,1.0,0.06666666666666667
801,Swelling,0,30,105,0.0,1.0,1.0,0.0
801,"Change, acidophilic",0,30,87,0.0,1.0,1.0,0.0
801,"Degeneration, fatty",0,30,80,0.0,1.0,1.0,0.0
801,Fibrosis,0,30,63,0.0,1.0,1.0,0.0
801,"Proliferation, oval cell",0,30,61,0.0,1.0,1.0,0.0
801,"Hematopoiesis, extramedullary",0,30,54,0.0,1.0,1.0,0.0
801,"Cellular infiltration, mononuclear cell",0,30,53,0.0,1.0,1.0,0.0
801,Anisonucleosis,0,30,47,0.0,1.0,1.0,0.0
801,"Alteration, nuclear",0,30,46,0.0,1.0,1.0,0.0
801,"Deposit, pigment",1,29,37,3.0661696178937556,0.2903745253461845,1.0,0.03333333333333333
801,"Degeneration, hydropic",0,30,35,0.0,1.0,1.0,0.0
801,"Alteration, cytoplasmic",0,30,35,0.0,1.0,1.0,0.0
801,Pyknosis,0,30,33,0.0,1.0,1.0,0.0
801,"Proliferation, Kupffer cell",0,30,29,0.0,1.0,1.0,0.0
801,Cellular foci,0,30,25,0.0,1.0,1.0,0.0
801,Microgranuloma,0,30,20,0.0,1.0,1.0,0.0
801,Edema,1,29,17,6.713995943204869,0.149553170757399,0.7789091050407277,0.03333333333333333
801,"Deposit, hemosiderin",0,30,17,0.0,1.0,1.0,0.0
801,"Inclusion body, intracytoplasmic",0,30,11,0.0,1.0,1.0,0.0
801,"Degeneration, acidophilic, eosinophilic",0,30,10,0.0,1.0,1.0,0.0
801,Hemorrhage,0,30,10,0.0,1.0,1.0,0.0
801,Phagocytosis,0,30,10,0.0,1.0,1.0,0.0
801,"Lesion,NOS",0,30,10,0.0,1.0,1.0,0.0
801,"Deposit, glycogen",0,30,9,0.0,1.0,1.0,0.0
801,Granuloma,3,27,5,73.82222222222222,3.5014970960763086e-05,0.0003247290046946647,0.1
801,"Vacuolization, nuclear",0,30,5,0.0,1.0,1.0,0.0
802,Hypertrophy,19,40,486,2.7483539094650205,0.0006508944186630019,0.005131138482890818,0.3220338983050847
802,Cellular infiltration,3,56,201,0.8254264392324094,0.7059576227599009,1.0,0.05084745762711865
802,"Degeneration, granular, eosinophilic",54,5,148,229.86486486486487,3.050285574792541e-63,7.710083537986252e-61,0.9152542372881356
802,Ground glass appearance,0,59,174,0.0,1.0,1.0,0.0
802,Necrosis,10,49,150,4.282993197278912,0.00037892775272393005,0.0030833299331234853,0.1694915254237288
802,"Proliferation, bile duct",0,59,155,0.0,1.0,1.0,0.0
802,"Vacuolization, cytoplasmic",0,59,135,0.0,1.0,1.0,0.0
802,"Change, eosinophilic",0,59,129,0.0,1.0,1.0,0.0
802,Increased mitosis,13,46,113,7.965563678337822,1.4728096721925172e-07,1.7153900887889317e-06,0.22033898305084745
802,Single cell necrosis,2,57,109,1.0265572187349106,0.5872565774734559,1.0,0.03389830508474576
802,Swelling,0,59,105,0.0,1.0,1.0,0.0
802,"Change, acidophilic",0,59,87,0.0,1.0,1.0,0.0
802,"Degeneration, fatty",0,59,80,0.0,1.0,1.0,0.0
802,Fibrosis,0,59,63,0.0,1.0,1.0,0.0
802,"Proliferation, oval cell",0,59,61,0.0,1.0,1.0,0.0
802,"Hematopoiesis, extramedullary",0,59,54,0.0,1.0,1.0,0.0
802,"Cellular infiltration, mononuclear cell",0,59,53,0.0,1.0,1.0,0.0
802,Anisonucleosis,0,59,47,0.0,1.0,1.0,0.0
802,"Alteration, nuclear",0,59,46,0.0,1.0,1.0,0.0
802,"Deposit, pigment",0,59,38,0.0,1.0,1.0,0.0
802,"Degeneration, hydropic",0,59,35,0.0,1.0,1.0,0.0
802,"Alteration, cytoplasmic",0,59,35,0.0,1.0,1.0,0.0
802,Pyknosis,0,59,33,0.0,1.0,1.0,0.0
802,"Proliferation, Kupffer cell",0,59,29,0.0,1.0,1.0,0.0
802,Cellular foci,1,58,24,2.3520114942528734,0.3591077634976024,1.0,0.01694915254237288
802,Microgranuloma,0,59,20,0.0,1.0,1.0,0.0
802,Edema,0,59,18,0.0,1.0,1.0,0.0
802,"Deposit, hemosiderin",0,59,17,0.0,1.0,1.0,0.0
802,"Inclusion body, intracytoplasmic",0,59,11,0.0,1.0,1.0,0.0
802,"Degeneration, acidophilic, eosinophilic",0,59,10,0.0,1.0,1.0,0.0
802,Hemorrhage,0,59,10,0.0,1.0,1.0,0.0
802,Phagocytosis,0,59,10,0.0,1.0,1.0,0.0
802,"Lesion,NOS",0,59,10,0.0,1.0,1.0,0.0
802,"Deposit, glycogen",0,59,9,0.0,1.0,1.0,0.0
802,Granuloma,7,52,1,443.8269230769231,2.841746119093506e-12,4.92845896274903e-11,0.11864406779661017
802,"Vacuolization, nuclear",0,59,5,0.0,1.0,1.0,0.0
817,Hypertrophy,29,22,476,7.837089381207028,4.070590125523022e-12,6.918256179000501e-11,0.5686274509803921
817,Cellular infiltration,2,49,202,0.6271974136189129,0.8264608971552403,1.0,0.0392156862745098
817,"Degeneration, granular, eosinophilic",19,32,183,10.132684426229508,2.464596882195477e-11,3.99446261398121e-10,0.37254901960784315
817,Ground glass appearance,0,51,174,0.0,1.0,1.0,0.0
817,Necrosis,1,50,159,0.39584905660377356,0.9187141170781393,1.0,0.0196078431372549
817,"Proliferation, bile duct",2,49,153,0.8411364545818327,0.6910040241661675,1.0,0.0392156862745098
817,"Vacuolization, cytoplasmic",23,28,112,23.425382653061224,9.228477511313295e-20,2.5918277265816062e-18,0.45098039215686275
817,"Change, eosinophilic",0,51,129,0.0,1.0,1.0,0.0
817,Increased mitosis,0,51,126,0.0,1.0,1.0,0.0
817,Single cell necrosis,2,49,109,1.1971540909941958,0.5076918140176782,1.0,0.0392156862745098
817,Swelling,0,51,105,0.0,1.0,1.0,0.0
817,"Change, acidophilic",0,51,87,0.0,1.0,1.0,0.0
817,"Degeneration, fatty",0,51,80,0.0,1.0,1.0,0.0
817,Fibrosis,0,51,63,0.0,1.0,1.0,0.0
817,"Proliferation, oval cell",0,51,61,0.0,1.0,1.0,0.0
817,"Hematopoiesis, extramedullary",0,51,54,0.0,1.0,1.0,0.0
817,"Cellular infiltration, mononuclear cell",0,51,53,0.0,1.0,1.0,0.0
817,Anisonucleosis,0,51,47,0.0,1.0,1.0,0.0
817,"Alteration, nuclear",0,51,46,0.0,1.0,1.0,0.0
817,"Deposit, pigment",0,51,38,0.0,1.0,1.0,0.0
817,"Degeneration, hydropic",0,51,35,0.0,1.0,1.0,0.0
817,"Alteration, cytoplasmic",0,51,35,0.0,1.0,1.0,0.0
817,Pyknosis,0,51,33,0.0,1.0,1.0,0.0
817,"Proliferation, Kupffer cell",0,51,29,0.0,1.0,1.0,0.0
817,Cellular foci,0,51,25,0.0,1.0,1.0,0.0
817,Microgranuloma,0,51,20,0.0,1.0,1.0,0.0
817,Edema,0,51,18,0.0,1.0,1.0,0.0
817,"Deposit, hemosiderin",0,51,17,0.0,1.0,1.0,0.0
817,"Inclusion body, intracytoplasmic",0,51,11,0.0,1.0,1.0,0.0
817,"Degeneration, acidophilic, eosinophilic",0,51,10,0.0,1.0,1.0,0.0
817,Hemorrhage,0,51,10,0.0,1.0,1.0,0.0
817,Phagocytosis,0,51,10,0.0,1.0,1.0,0.0
817,"Lesion,NOS",0,51,10,0.0,1.0,1.0,0.0
817,"Deposit, glycogen",0,51,9,0.0,1.0,1.0,0.0
817,Granuloma,0,51,8,0.0,1.0,1.0,0.0
817,"Vacuolization, nuclear",0,51,5,0.0,1.0,1.0,0.0
820,Hypertrophy,6,22,499,1.5467298232829294,0.2368095533742701,1.0,0.21428571428571427
820,Cellular infiltration,1,27,203,0.5703338806787083,0.8284259060524378,1.0,0.03571428571428571
820,"Degeneration, granular, eosinophilic",0,28,202,0.0,1.0,1.0,0.0
820,Ground glass appearance,0,28,174,0.0,1.0,1.0,0.0
820,Necrosis,1,27,159,0.7384113673421849,0.7466650613137588,1.0,0.03571428571428571
820,"Proliferation, bile duct",10,18,145,12.199233716475096,2.1136998181769567e-07,2.419147768780563e-06,0.35714285714285715
820,"Vacuolization, cytoplasmic",1,27,134,0.8830845771144279,0.6846324521356894,1.0,0.03571428571428571
820,"Change, eosinophilic",0,28,129,0.0,1.0,1.0,0.0
820,Increased mitosis,5,23,121,5.763564498742364,0.003374378970365618,0.02400456417242128,0.17857142857142858
820,Single cell necrosis,11,17,100,20.893529411764707,4.2131066772822264e-10,6.13378766251383e-09,0.39285714285714285
820,Swelling,0,28,105,0.0,1.0,1.0,0.0
820,"Change, acidophilic",1,27,86,1.396640826873385,0.5220403684051885,1.0,0.03571428571428571
820,"Degeneration, fatty",0,28,80,0.0,1.0,1.0,0.0
820,Fibrosis,1,27,62,1.9516129032258065,0.4129398091482031,1.0,0.03571428571428571
820,"Proliferation, oval cell",0,28,61,0.0,1.0,1.0,0.0
820,"Hematopoiesis, extramedullary",10,18,44,41.47727272727273,5.116155099834319e-12,8.645792686490997e-11,0.35714285714285715
820,"Cellular infiltration, mononuclear cell",4,24,49,11.156462585034014,0.0008566552907396663,0.006664744501628838,0.14285714285714285
820,Anisonucleosis,4,24,43,12.736434108527131,0.0005400945548331425,0.004300484793175425,0.14285714285714285
820,"Alteration, nuclear",0,28,46,0.0,1.0,1.0,0.0
820,"Deposit, pigment",3,25,35,11.293714285714286,0.0036071484220138584,0.025507692412812283,0.10714285714285714
820,"Degeneration, hydropic",0,28,35,0.0,1.0,1.0,0.0
820,"Alteration, cytoplasmic",0,28,35,0.0,1.0,1.0,0.0
820,Pyknosis,0,28,33,0.0,1.0,1.0,0.0
820,"Proliferation, Kupffer cell",0,28,29,0.0,1.0,1.0,0.0
820,Cellular foci,0,28,25,0.0,1.0,1.0,0.0
820,Microgranuloma,0,28,20,0.0,1.0,1.0,0.0
820,Edema,0,28,18,0.0,1.0,1.0,0.0
820,"Deposit, hemosiderin",1,27,16,7.668981481481482,0.13301168698848487,0.7038658536406237,0.03571428571428571
820,"Inclusion body, intracytoplasmic",0,28,11,0.0,1.0,1.0,0.0
820,"Degeneration, acidophilic, eosinophilic",0,28,10,0.0,1.0,1.0,0.0
820,Hemorrhage,1,27,9,13.662551440329219,0.08044972062157199,0.45188779242755334,0.03571428571428571
820,Phagocytosis,3,25,7,56.94857142857143,6.000327949670031e-05,0.0005404389389088701,0.10714285714285714
820,"Lesion,NOS",8,20,2,665.4,3.488345491366586e-16,8.094051647936532e-15,0.2857142857142857
820,"Deposit, glycogen",0,28,9,0.0,1.0,1.0,0.0
820,Granuloma,0,28,8,0.0,1.0,1.0,0.0
820,"Vacuolization, nuclear",0,28,5,0.0,1.0,1.0,0.0
835,Hypertrophy,9,22,496,2.3341275659824046,0.03396018284576605,0.20860753475062085,0.2903225806451613
835,Cellular infiltration,0,31,204,0.0,1.0,1.0,0.0
835,"Degeneration, granular, eosinophilic",0,31,202,0.0,1.0,1.0,0.0
835,Ground glass appearance,12,19,162,12.335282651072125,1.539870311243312e-08,1.9755571595648538e-07,0.3870967741935484
835,Necrosis,1,30,159,0.6639412997903564,0.7814752402300195,1.0,0.03225806451612903
835,"Proliferation, bile duct",0,31,155,0.0,1.0,1.0,0.0
835,"Vacuolization, cytoplasmic",0,31,135,0.0,1.0,1.0,0.0
835,"Change, eosinophilic",2,29,127,1.7371707846863969,0.3357955611920179,1.0,0.06451612903225806
835,Increased mitosis,0,31,126,0.0,1.0,1.0,0.0
835,Single cell necrosis,5,26,106,5.8417997097242385,0.0030853012674178473,0.02210698374965261,0.16129032258064516
835,Swelling,0,31,105,0.0,1.0,1.0,0.0
835,"Change, acidophilic",0,31,87,0.0,1.0,1.0,0.0
835,"Degeneration, fatty",0,31,80,0.0,1.0,1.0,0.0
835,Fibrosis,0,31,63,0.0,1.0,1.0,0.0
835,"Proliferation, oval cell",0,31,61,0.0,1.0,1.0,0.0
835,"Hematopoiesis, extramedullary",0,31,54,0.0,1.0,1.0,0.0
835,"Cellular infiltration, mononuclear cell",0,31,53,0.0,1.0,1.0,0.0
835,Anisonucleosis,1,30,46,2.3768115942028984,0.3553606840361152,1.0,0.03225806451612903
835,"Alteration, nuclear",6,25,40,19.716,2.6945580959267143e-06,2.8080131736499444e-05,0.1935483870967742
835,"Deposit, pigment",1,30,37,2.963063063063063,0.2984796555045387,1.0,0.03225806451612903
835,"Degeneration, hydropic",0,31,35,0.0,1.0,1.0,0.0
835,"Alteration, cytoplasmic",0,31,35,0.0,1.0,1.0,0.0
835,Pyknosis,0,31,33,0.0,1.0,1.0,0.0
835,"Proliferation, Kupffer cell",3,28,26,13.598901098901099,0.002215292590143771,0.016275619029627705,0.0967741935483871
835,Cellular foci,0,31,25,0.0,1.0,1.0,0.0
835,Microgranuloma,0,31,20,0.0,1.0,1.0,0.0
835,Edema,0,31,18,0.0,1.0,1.0,0.0
835,"Deposit, hemosiderin",0,31,17,0.0,1.0,1.0,0.0
835,"Inclusion body, intracytoplasmic",2,29,9,25.417624521072796,0.004310515340414642,0.030122895437721144,0.06451612903225806
835,"Degeneration, acidophilic, eosinophilic",0,31,10,0.0,1.0,1.0,0.0
835,Hemorrhage,0,31,10,0.0,1.0,1.0,0.0
835,Phagocytosis,0,31,10,0.0,1.0,1.0,0.0
835,"Lesion,NOS",0,31,10,0.0,1.0,1.0,0.0
835,"Deposit, glycogen",0,31,9,0.0,1.0,1.0,0.0
835,Granuloma,0,31,8,0.0,1.0,1.0,0.0
835,"Vacuolization, nuclear",0,31,5,0.0,1.0,1.0,0.0
838,Hypertrophy,59,29,446,12.877454770372662,3.385621364536226e-29,1.5835110949090696e-27,0.6704545454545454
838,Cellular infiltration,0,88,204,0.0,1.0,1.0,0.0
838,"Degeneration, granular, eosinophilic",2,86,200,0.35686046511627906,0.9732043548105057,1.0,0.022727272727272728
838,Ground glass appearance,56,32,118,46.730932203389834,2.4068824307475336e-53,3.324856195032639e-51,0.6363636363636364
838,Necrosis,1,87,159,0.22482469457095353,0.987164911944005,1.0,0.011363636363636364
838,"Proliferation, bile duct",1,87,154,0.23249738766980146,0.9852446058595774,1.0,0.011363636363636364
838,"Vacuolization, cytoplasmic",17,71,118,6.39376939603724,3.720134330037562e-08,4.5798130405022005e-07,0.19318181818181818
838,"Change, eosinophilic",0,88,129,0.0,1.0,1.0,0.0
838,Increased mitosis,11,77,115,3.9180124223602486,0.00036710386734095153,0.002989166514057919,0.125
838,Single cell necrosis,0,88,111,0.0,1.0,1.0,0.0
838,Swelling,1,87,104,0.34980106100795755,0.9412170562282416,1.0,0.011363636363636364
838,"Change, acidophilic",0,88,87,0.0,1.0,1.0,0.0
838,"Degeneration, fatty",0,88,80,0.0,1.0,1.0,0.0
838,Fibrosis,1,87,62,0.5945494994438265,0.8153636353747327,1.0,0.011363636363636364
838,"Proliferation, oval cell",0,88,61,0.0,1.0,1.0,0.0
838,"Hematopoiesis, extramedullary",0,88,54,0.0,1.0,1.0,0.0
838,"Cellular infiltration, mononuclear cell",1,87,52,0.7110963748894783,0.7580534713163276,1.0,0.011363636363636364
838,Anisonucleosis,0,88,47,0.0,1.0,1.0,0.0
838,"Alteration, nuclear",1,87,45,0.8234993614303959,0.7077955466355466,1.0,0.011363636363636364
838,"Deposit, pigment",0,88,38,0.0,1.0,1.0,0.0
838,"Degeneration, hydropic",0,88,35,0.0,1.0,1.0,0.0
838,"Alteration, cytoplasmic",0,88,35,0.0,1.0,1.0,0.0
838,Pyknosis,0,88,33,0.0,1.0,1.0,0.0
838,"Proliferation, Kupffer cell",1,87,28,1.3304597701149425,0.5386593624769024,1.0,0.011363636363636364
838,Cellular foci,0,88,25,0.0,1.0,1.0,0.0
838,Microgranuloma,0,88,20,0.0,1.0,1.0,0.0
838,Edema,0,88,18,0.0,1.0,1.0,0.0
838,"Deposit, hemosiderin",0,88,17,0.0,1.0,1.0,0.0
838,"Inclusion body, intracytoplasmic",0,88,11,0.0,1.0,1.0,0.0
838,"Degeneration, acidophilic, eosinophilic",0,88,10,0.0,1.0,1.0,0.0
838,Hemorrhage,0,88,10,0.0,1.0,1.0,0.0
838,Phagocytosis,0,88,10,0.0,1.0,1.0,0.0
838,"Lesion,NOS",0,88,10,0.0,1.0,1.0,0.0
838,"Deposit, glycogen",0,88,9,0.0,1.0,1.0,0.0
838,Granuloma,0,88,8,0.0,1.0,1.0,0.0
838,"Vacuolization, nuclear",0,88,5,0.0,1.0,1.0,0.0
876,Hypertrophy,0,65,505,0.0,1.0,1.0,0.0
876,Cellular infiltration,53,12,151,91.87251655629139,7.177886088202701e-56,1.1074452821798452e-53,0.8153846153846154
876,"Degeneration, granular, eosinophilic",0,65,202,0.0,1.0,1.0,0.0
876,Ground glass appearance,0,65,174,0.0,1.0,1.0,0.0
876,Necrosis,1,64,159,0.3078812893081761,0.9594689720189183,1.0,0.015384615384615385
876,"Proliferation, bile duct",1,64,154,0.3183847402597403,0.9550893031826342,1.0,0.015384615384615385
876,"Vacuolization, cytoplasmic",0,65,135,0.0,1.0,1.0,0.0
876,"Change, eosinophilic",0,65,129,0.0,1.0,1.0,0.0
876,Increased mitosis,0,65,126,0.0,1.0,1.0,0.0
876,Single cell necrosis,0,65,111,0.0,1.0,1.0,0.0
876,Swelling,0,65,105,0.0,1.0,1.0,0.0
876,"Change, acidophilic",0,65,87,0.0,1.0,1.0,0.0
876,"Degeneration, fatty",60,5,20,1963.2,1.1113307085686357e-104,3.300652204448848e-101,0.9230769230769231
876,Fibrosis,22,43,41,40.568349404424275,1.2419339582848503e-23,4.239705581731041e-22,0.3384615384615385
876,"Proliferation, oval cell",0,65,61,0.0,1.0,1.0,0.0
876,"Hematopoiesis, extramedullary",0,65,54,0.0,1.0,1.0,0.0
876,"Cellular infiltration, mononuclear cell",0,65,53,0.0,1.0,1.0,0.0
876,Anisonucleosis,0,65,47,0.0,1.0,1.0,0.0
876,"Alteration, nuclear",0,65,46,0.0,1.0,1.0,0.0
876,"Deposit, pigment",0,65,38,0.0,1.0,1.0,0.0
876,"Degeneration, hydropic",35,30,0,inf,1.4508193270405765e-65,4.6583063797951485e-63,0.5384615384615384
876,"Alteration, cytoplasmic",0,65,35,0.0,1.0,1.0,0.0
876,Pyknosis,0,65,33,0.0,1.0,1.0,0.0
876,"Proliferation, Kupffer cell",0,65,29,0.0,1.0,1.0,0.0
876,Cellular foci,0,65,25,0.0,1.0,1.0,0.0
876,Microgranuloma,0,65,20,0.0,1.0,1.0,0.0
876,Edema,0,65,18,0.0,1.0,1.0,0.0
876,"Deposit, hemosiderin",0,65,17,0.0,1.0,1.0,0.0
876,"Inclusion body, intracytoplasmic",0,65,11,0.0,1.0,1.0,0.0
876,"Degeneration, acidophilic, eosinophilic",0,65,10,0.0,1.0,1.0,0.0
876,Hemorrhage,0,65,10,0.0,1.0,1.0,0.0
876,Phagocytosis,0,65,10,0.0,1.0,1.0,0.0
876,"Lesion,NOS",0,65,10,0.0,1.0,1.0,0.0
876,"Deposit, glycogen",0,65,9,0.0,1.0,1.0,0.0
876,Granuloma,0,65,8,0.0,1.0,1.0,0.0
876,"Vacuolization, nuclear",0,65,5,0.0,1.0,1.0,0.0
881,Hypertrophy,7,39,498,1.0138502728864174,0.5505521217863564,1.0,0.15217391304347827
881,Cellular infiltration,3,43,201,1.0794862894828186,0.5366476952686392,1.0,0.06521739130434782
881,"Degeneration, granular, eosinophilic",33,13,169,47.19435593991807,2.035605094054478e-31,1.0939430607766607e-29,0.717391304347826
881,Ground glass appearance,0,46,174,0.0,1.0,1.0,0.0
881,Necrosis,3,43,157,1.4015701377573693,0.37675611795307484,1.0,0.06521739130434782
881,"Proliferation, bile duct",0,46,155,0.0,1.0,1.0,0.0
881,"Vacuolization, cytoplasmic",0,46,135,0.0,1.0,1.0,0.0
881,"Change, eosinophilic",0,46,129,0.0,1.0,1.0,0.0
881,Increased mitosis,15,31,111,13.949433304272015,3.4311062286735324e-11,5.493469271784577e-10,0.32608695652173914
881,Single cell necrosis,1,45,110,0.6466666666666666,0.7893076651651582,1.0,0.021739130434782608
881,Swelling,0,46,105,0.0,1.0,1.0,0.0
881,"Change, acidophilic",0,46,87,0.0,1.0,1.0,0.0
881,"Degeneration, fatty",0,46,80,0.0,1.0,1.0,0.0
881,Fibrosis,0,46,63,0.0,1.0,1.0,0.0
881,"Proliferation, oval cell",0,46,61,0.0,1.0,1.0,0.0
881,"Hematopoiesis, extramedullary",0,46,54,0.0,1.0,1.0,0.0
881,"Cellular infiltration, mononuclear cell",0,46,53,0.0,1.0,1.0,0.0
881,Anisonucleosis,0,46,47,0.0,1.0,1.0,0.0
881,"Alteration, nuclear",0,46,46,0.0,1.0,1.0,0.0
881,"Deposit, pigment",0,46,38,0.0,1.0,1.0,0.0
881,"Degeneration, hydropic",0,46,35,0.0,1.0,1.0,0.0
881,"Alteration, cytoplasmic",0,46,35,0.0,1.0,1.0,0.0
881,Pyknosis,0,46,33,0.0,1.0,1.0,0.0
881,"Proliferation, Kupffer cell",1,45,28,2.6055555555555556,0.33089629046061625,1.0,0.021739130434782608
881,Cellular foci,0,46,25,0.0,1.0,1.0,0.0
881,Microgranuloma,0,46,20,0.0,1.0,1.0,0.0
881,Edema,0,46,18,0.0,1.0,1.0,0.0
881,"Deposit, hemosiderin",0,46,17,0.0,1.0,1.0,0.0
881,"Inclusion body, intracytoplasmic",0,46,11,0.0,1.0,1.0,0.0
881,"Degeneration, acidophilic, eosinophilic",0,46,10,0.0,1.0,1.0,0.0
881,Hemorrhage,0,46,10,0.0,1.0,1.0,0.0
881,Phagocytosis,0,46,10,0.0,1.0,1.0,0.0
881,"Lesion,NOS",0,46,10,0.0,1.0,1.0,0.0
881,"Deposit, glycogen",0,46,9,0.0,1.0,1.0,0.0
881,Granuloma,3,43,5,46.13023255813953,0.00012858254213568478,0.0011133823619328973,0.06521739130434782
881,"Vacuolization, nuclear",0,46,5,0.0,1.0,1.0,0.0
885,Hypertrophy,50,16,455,19.478021978021978,7.244146197802212e-29,3.3486559077778315e-27,0.7575757575757576
885,Cellular infiltration,20,46,184,7.341682419659735,6.426740982620419e-10,9.18768746973894e-09,0.30303030303030304
885,"Degeneration, granular, eosinophilic",36,30,166,22.59036144578313,6.140425670221976e-28,2.732144455514497e-26,0.5454545454545454
885,Ground glass appearance,8,58,166,2.596593269630245,0.01937957937259154,0.12292012970976374,0.12121212121212122
885,Necrosis,6,60,154,2.037012987012987,0.0922159121423472,0.5095465284888766,0.09090909090909091
885,"Proliferation, bile duct",6,60,149,2.108724832214765,0.08192084696505143,0.45928252097442707,0.09090909090909091
885,"Vacuolization, cytoplasmic",8,58,127,3.436329079554711,0.0044472000179336035,0.031023333066970762,0.12121212121212122
885,"Change, eosinophilic",10,56,119,4.759903961584634,0.00016704480501969466,0.0014266659120301744,0.15151515151515152
885,Increased mitosis,6,60,120,2.6425,0.03582057759017213,0.21845779554627767,0.09090909090909091
885,Single cell necrosis,18,48,93,12.89516129032258,1.02596255863709e-12,1.8383763494130662e-11,0.2727272727272727
885,Swelling,0,66,105,0.0,1.0,1.0,0.0
885,"Change, acidophilic",0,66,87,0.0,1.0,1.0,0.0
885,"Degeneration, fatty",0,66,80,0.0,1.0,1.0,0.0
885,Fibrosis,4,62,59,3.5341716785128487,0.034110732342793895,0.20931585755805346,0.06060606060606061
885,"Proliferation, oval cell",11,55,50,12.964,1.3934867320799057e-08,1.7935668880941798e-07,0.16666666666666666
885,"Hematopoiesis, extramedullary",0,66,54,0.0,1.0,1.0,0.0
885,"Cellular infiltration, mononuclear cell",1,65,52,0.9582840236686391,0.6537869830308691,1.0,0.015151515151515152
885,Anisonucleosis,0,66,47,0.0,1.0,1.0,0.0
885,"Alteration, nuclear",25,41,21,94.94773519163763,6.828105246654344e-33,3.826315581615736e-31,0.3787878787878788
885,"Deposit, pigment",0,66,38,0.0,1.0,1.0,0.0
885,"Degeneration, hydropic",0,66,35,0.0,1.0,1.0,0.0
885,"Alteration, cytoplasmic",0,66,35,0.0,1.0,1.0,0.0
885,Pyknosis,0,66,33,0.0,1.0,1.0,0.0
885,"Proliferation, Kupffer cell",0,66,29,0.0,1.0,1.0,0.0
885,Cellular foci,7,59,18,21.573446327683616,2.9878981956186604e-07,3.387044901140237e-06,0.10606060606060606
885,Microgranuloma,0,66,20,0.0,1.0,1.0,0.0
885,Edema,1,65,17,2.96289592760181,0.3011573760636214,1.0,0.015151515151515152
885,"Deposit, hemosiderin",0,66,17,0.0,1.0,1.0,0.0
885,"Inclusion body, intracytoplasmic",0,66,11,0.0,1.0,1.0,0.0
885,"Degeneration, acidophilic, eosinophilic",0,66,10,0.0,1.0,1.0,0.0
885,Hemorrhage,0,66,10,0.0,1.0,1.0,0.0
885,Phagocytosis,0,66,10,0.0,1.0,1.0,0.0
885,"Lesion,NOS",0,66,10,0.0,1.0,1.0,0.0
885,"Deposit, glycogen",0,66,9,0.0,1.0,1.0,0.0
885,Granuloma,0,66,8,0.0,1.0,1.0,0.0
885,"Vacuolization, nuclear",1,65,4,12.642307692307693,0.09456612845195402,0.5208370913348233,0.015151515151515152
887,Hypertrophy,24,33,481,4.262332262332262,6.169516227480154e-07,6.849892783407872e-06,0.42105263157894735
887,Cellular infiltration,6,51,198,1.8431372549019607,0.12949377419012348,0.6873932249234437,0.10526315789473684
887,"Degeneration, granular, eosinophilic",0,57,202,0.0,1.0,1.0,0.0
887,Ground glass appearance,6,51,168,2.19327731092437,0.0723479355765837,0.41124089696163363,0.10526315789473684
887,Necrosis,1,56,159,0.3527628032345013,0.9396537882583724,1.0,0.017543859649122806
887,"Proliferation, bile duct",7,50,148,2.981621621621622,0.014785066290921627,0.09577240323672243,0.12280701754385964
887,"Vacuolization, cytoplasmic",7,50,128,3.469375,0.007162491371377784,0.04851219925425774,0.12280701754385964
887,"Change, eosinophilic",3,54,126,1.3994708994708995,0.37602843605266656,1.0,0.05263157894736842
887,Increased mitosis,6,51,120,3.1176470588235294,0.018780221342138494,0.1194200092873814,0.10526315789473684
887,Single cell necrosis,13,44,98,9.653525046382189,2.0174097596968006e-08,2.5550989280594875e-07,0.22807017543859648
887,Swelling,0,57,105,0.0,1.0,1.0,0.0
887,"Change, acidophilic",4,53,83,2.9252102750625144,0.058758547358558864,0.34101198955529033,0.07017543859649122
887,"Degeneration, fatty",0,57,80,0.0,1.0,1.0,0.0
887,Fibrosis,2,55,61,1.930849478390462,0.29025155168677813,1.0,0.03508771929824561
887,"Proliferation, oval cell",0,57,61,0.0,1.0,1.0,0.0
887,"Hematopoiesis, extramedullary",1,56,53,1.0940026954177897,0.6063158127964763,1.0,0.017543859649122806
887,"Cellular infiltration, mononuclear cell",10,47,43,16.11578426521524,9.786915765914435e-09,1.2776764758138843e-07,0.17543859649122806
887,Anisonucleosis,5,52,42,7.458791208791209,0.0010514137892479907,0.008095136627521794,0.08771929824561403
887,"Alteration, nuclear",3,54,43,4.208010335917312,0.042104660639962016,0.25237304157555435,0.05263157894736842
887,"Deposit, pigment",1,56,37,1.57480694980695,0.48024826808330473,1.0,0.017543859649122806
887,"Degeneration, hydropic",0,57,35,0.0,1.0,1.0,0.0
887,"Alteration, cytoplasmic",0,57,35,0.0,1.0,1.0,0.0
887,Pyknosis,0,57,33,0.0,1.0,1.0,0.0
887,"Proliferation, Kupffer cell",2,55,27,4.4080808080808085,0.08589548880742909,0.47885425013245314,0.03508771929824561
887,Cellular foci,0,57,25,0.0,1.0,1.0,0.0
887,Microgranuloma,0,57,20,0.0,1.0,1.0,0.0
887,Edema,0,57,18,0.0,1.0,1.0,0.0
887,"Deposit, hemosiderin",1,56,16,3.6651785714285716,0.2531054901808312,1.0,0.017543859649122806
887,"Inclusion body, intracytoplasmic",2,55,9,13.296969696969697,0.014122175435614615,0.09172850966380625,0.03508771929824561
887,"Degeneration, acidophilic, eosinophilic",0,57,10,0.0,1.0,1.0,0.0
887,Hemorrhage,1,56,9,6.529761904761905,0.15758665335282157,0.8160982745560245,0.017543859649122806
887,Phagocytosis,0,57,10,0.0,1.0,1.0,0.0
887,"Lesion,NOS",1,56,9,6.529761904761905,0.15758665335282157,0.8160982745560245,0.017543859649122806
887,"Deposit, glycogen",0,57,9,0.0,1.0,1.0,0.0
887,Granuloma,0,57,8,0.0,1.0,1.0,0.0
887,"Vacuolization, nuclear",0,57,5,0.0,1.0,1.0,0.0
894,Hypertrophy,20,12,485,9.759450171821307,9.629595604609611e-10,1.3538413702102034e-08,0.625
894,Cellular infiltration,4,28,200,2.232142857142857,0.12614142694744693,0.6726032998813597,0.125
894,"Degeneration, granular, eosinophilic",0,32,202,0.0,1.0,1.0,0.0
894,Ground glass appearance,1,31,173,0.5877307477158307,0.8193661784551579,1.0,0.03125
894,Necrosis,4,28,156,2.902014652014652,0.0632606159401226,0.364292834400706,0.125
894,"Proliferation, bile duct",13,19,142,15.33691623424759,4.275929286512787e-10,6.217630345626917e-09,0.40625
894,"Vacuolization, cytoplasmic",1,31,134,0.768175252768416,0.7327803689963142,1.0,0.03125
894,"Change, eosinophilic",4,28,125,3.657142857142857,0.032526815240318564,0.2005285755345016,0.125
894,Increased mitosis,5,27,121,4.903581267217631,0.006132217872825615,0.04203736199028754,0.15625
894,Single cell necrosis,18,14,93,44.68202764976959,1.7632207841407641e-19,4.894173578409411e-18,0.5625
894,Swelling,0,32,105,0.0,1.0,1.0,0.0
894,"Change, acidophilic",4,28,83,5.580034423407917,0.008697315099291827,0.058210762467372903,0.125
894,"Degeneration, fatty",0,32,80,0.0,1.0,1.0,0.0
894,Fibrosis,4,28,59,7.907990314769976,0.002731953480981872,0.01968199354400524,0.125
894,"Proliferation, oval cell",0,32,61,0.0,1.0,1.0,0.0
894,"Hematopoiesis, extramedullary",3,29,51,6.640973630831643,0.01403988846474204,0.09129385602689406,0.09375
894,"Cellular infiltration, mononuclear cell",12,20,41,48.05853658536585,1.1436832089563114e-14,2.4047710659116777e-13,0.375
894,Anisonucleosis,14,18,33,77.58922558922559,5.288948912270581e-19,1.4312690906098974e-17,0.4375
894,"Alteration, nuclear",4,28,42,11.166666666666666,0.00083853177734269,0.0065323000097253486,0.125
894,"Deposit, pigment",3,29,35,9.724137931034482,0.005293752172677024,0.036606388714437166,0.09375
894,"Degeneration, hydropic",0,32,35,0.0,1.0,1.0,0.0
894,"Alteration, cytoplasmic",0,32,35,0.0,1.0,1.0,0.0
894,Pyknosis,0,32,33,0.0,1.0,1.0,0.0
894,"Proliferation, Kupffer cell",4,28,25,18.857142857142858,0.00013675381837092795,0.0011781257159148833,0.125
894,Cellular foci,0,32,25,0.0,1.0,1.0,0.0
894,Microgranuloma,0,32,20,0.0,1.0,1.0,0.0
894,Edema,0,32,18,0.0,1.0,1.0,0.0
894,"Deposit, hemosiderin",1,31,16,6.671370967741935,0.15059394115214156,0.7832994837510691,0.03125
894,"Inclusion body, intracytoplasmic",4,28,7,67.71428571428571,2.143583911938435e-06,2.257604332786224e-05,0.125
894,"Degeneration, acidophilic, eosinophilic",0,32,10,0.0,1.0,1.0,0.0
894,Hemorrhage,4,28,6,79.02380952380952,1.37327125633865e-06,1.4684484721244973e-05,0.125
894,Phagocytosis,1,31,9,11.885304659498209,0.09145393941354521,0.506042291678117,0.03125
894,"Lesion,NOS",0,32,10,0.0,1.0,1.0,0.0
894,"Deposit, glycogen",0,32,9,0.0,1.0,1.0,0.0
894,Granuloma,0,32,8,0.0,1.0,1.0,0.0
894,"Vacuolization, nuclear",0,32,5,0.0,1.0,1.0,0.0
897,Hypertrophy,27,3,478,53.64225941422594,8.72631284056046e-20,2.4566018138828975e-18,0.9
897,Cellular infiltration,0,30,204,0.0,1.0,1.0,0.0
897,"Degeneration, granular, eosinophilic",30,0,172,inf,2.8446623180036923e-38,2.2529725558589245e-36,1.0
897,Ground glass appearance,0,30,174,0.0,1.0,1.0,0.0
897,Necrosis,7,23,153,6.313725490196078,0.0003939771110711176,0.003188316130466538,0.23333333333333334
897,"Proliferation, bile duct",0,30,155,0.0,1.0,1.0,0.0
897,"Vacuolization, cytoplasmic",0,30,135,0.0,1.0,1.0,0.0
897,"Change, eosinophilic",0,30,129,0.0,1.0,1.0,0.0
897,Increased mitosis,2,28,124,1.8450460829493087,0.3114757806214408,1.0,0.06666666666666667
897,Single cell necrosis,1,29,110,1.0084639498432602,0.6369392694503496,1.0,0.03333333333333333
897,Swelling,0,30,105,0.0,1.0,1.0,0.0
897,"Change, acidophilic",0,30,87,0.0,1.0,1.0,0.0
897,"Degeneration, fatty",0,30,80,0.0,1.0,1.0,0.0
897,Fibrosis,0,30,63,0.0,1.0,1.0,0.0
897,"Proliferation, oval cell",0,30,61,0.0,1.0,1.0,0.0
897,"Hematopoiesis, extramedullary",0,30,54,0.0,1.0,1.0,0.0
897,"Cellular infiltration, mononuclear cell",0,30,53,0.0,1.0,1.0,0.0
897,Anisonucleosis,0,30,47,0.0,1.0,1.0,0.0
897,"Alteration, nuclear",0,30,46,0.0,1.0,1.0,0.0
897,"Deposit, pigment",0,30,38,0.0,1.0,1.0,0.0
897,"Degeneration, hydropic",0,30,35,0.0,1.0,1.0,0.0
897,"Alteration, cytoplasmic",0,30,35,0.0,1.0,1.0,0.0
897,Pyknosis,0,30,33,0.0,1.0,1.0,0.0
897,"Proliferation, Kupffer cell",0,30,29,0.0,1.0,1.0,0.0
897,Cellular foci,0,30,25,0.0,1.0,1.0,0.0
897,Microgranuloma,0,30,20,0.0,1.0,1.0,0.0
897,Edema,0,30,18,0.0,1.0,1.0,0.0
897,"Deposit, hemosiderin",0,30,17,0.0,1.0,1.0,0.0
897,"Inclusion body, intracytoplasmic",0,30,11,0.0,1.0,1.0,0.0
897,"Degeneration, acidophilic, eosinophilic",0,30,10,0.0,1.0,1.0,0.0
897,Hemorrhage,0,30,10,0.0,1.0,1.0,0.0
897,Phagocytosis,0,30,10,0.0,1.0,1.0,0.0
897,"Lesion,NOS",0,30,10,0.0,1.0,1.0,0.0
897,"Deposit, glycogen",0,30,9,0.0,1.0,1.0,0.0
897,Granuloma,2,28,6,39.535714285714285,0.0020911389095473053,0.01541112298103101,0.06666666666666667
897,"Vacuolization, nuclear",0,30,5,0.0,1.0,1.0,0.0
899,Hypertrophy,48,40,457,7.383807439824945,2.413145978477987e-18,6.273765494180002e-17,0.5454545454545454
899,Cellular infiltration,1,87,203,0.17360285374554102,0.996272965754703,1.0,0.011363636363636364
899,"Degeneration, granular, eosinophilic",1,87,201,0.1754446160004575,0.9960559854422679,1.0,0.011363636363636364
899,Ground glass appearance,34,54,140,14.072222222222223,2.0760554572703646e-22,6.612208802244486e-21,0.38636363636363635
899,Necrosis,1,87,159,0.22482469457095353,0.987164911944005,1.0,0.011363636363636364
899,"Proliferation, bile duct",1,87,154,0.23249738766980146,0.9852446058595774,1.0,0.011363636363636364
899,"Vacuolization, cytoplasmic",6,82,129,1.7810550198525241,0.14079523583691017,0.7391283260019853,0.06818181818181818
899,"Change, eosinophilic",0,88,129,0.0,1.0,1.0,0.0
899,Increased mitosis,15,73,111,5.845982969270641,5.57984650866941e-07,6.224279485727003e-06,0.17045454545454544
899,Single cell necrosis,0,88,111,0.0,1.0,1.0,0.0
899,Swelling,3,85,102,1.095847750865052,0.5243812504892882,1.0,0.03409090909090909
899,"Change, acidophilic",0,88,87,0.0,1.0,1.0,0.0
899,"Degeneration, fatty",0,88,80,0.0,1.0,1.0,0.0
899,Fibrosis,0,88,63,0.0,1.0,1.0,0.0
899,"Proliferation, oval cell",1,87,60,0.6147509578544061,0.8050934011763657,1.0,0.011363636363636364
899,"Hematopoiesis, extramedullary",0,88,54,0.0,1.0,1.0,0.0
899,"Cellular infiltration, mononuclear cell",0,88,53,0.0,1.0,1.0,0.0
899,Anisonucleosis,0,88,47,0.0,1.0,1.0,0.0
899,"Alteration, nuclear",0,88,46,0.0,1.0,1.0,0.0
899,"Deposit, pigment",0,88,38,0.0,1.0,1.0,0.0
899,"Degeneration, hydropic",0,88,35,0.0,1.0,1.0,0.0
899,"Alteration, cytoplasmic",0,88,35,0.0,1.0,1.0,0.0
899,Pyknosis,0,88,33,0.0,1.0,1.0,0.0
899,"Proliferation, Kupffer cell",0,88,29,0.0,1.0,1.0,0.0
899,Cellular foci,0,88,25,0.0,1.0,1.0,0.0
899,Microgranuloma,0,88,20,0.0,1.0,1.0,0.0
899,Edema,0,88,18,0.0,1.0,1.0,0.0
899,"Deposit, hemosiderin",1,87,16,2.3369252873563218,0.3640753795643316,1.0,0.011363636363636364
899,"Inclusion body, intracytoplasmic",0,88,11,0.0,1.0,1.0,0.0
899,"Degeneration, acidophilic, eosinophilic",0,88,10,0.0,1.0,1.0,0.0
899,Hemorrhage,0,88,10,0.0,1.0,1.0,0.0
899,Phagocytosis,0,88,10,0.0,1.0,1.0,0.0
899,"Lesion,NOS",0,88,10,0.0,1.0,1.0,0.0
899,"Deposit, glycogen",0,88,9,0.0,1.0,1.0,0.0
899,Granuloma,0,88,8,0.0,1.0,1.0,0.0
899,"Vacuolization, nuclear",0,88,5,0.0,1.0,1.0,0.0
902,Hypertrophy,0,60,505,0.0,1.0,1.0,0.0
902,Cellular infiltration,52,8,152,134.49013157894737,1.1891338427120726e-57,2.018130007345632e-55,0.8666666666666667
902,"Degeneration, granular, eosinophilic",0,60,202,0.0,1.0,1.0,0.0
902,Ground glass appearance,0,60,174,0.0,1.0,1.0,0.0
902,Necrosis,0,60,160,0.0,1.0,1.0,0.0
902,"Proliferation, bile duct",0,60,155,0.0,1.0,1.0,0.0
902,"Vacuolization, cytoplasmic",0,60,135,0.0,1.0,1.0,0.0
902,"Change, eosinophilic",0,60,129,0.0,1.0,1.0,0.0
902,Increased mitosis,0,60,126,0.0,1.0,1.0,0.0
902,Single cell necrosis,0,60,111,0.0,1.0,1.0,0.0
902,Swelling,0,60,105,0.0,1.0,1.0,0.0
902,"Change, acidophilic",0,60,87,0.0,1.0,1.0,0.0
902,"Degeneration, fatty",60,0,20,inf,1.386347745042134e-111,1.646981121110055e-107,1.0
902,Fibrosis,22,38,41,45.97689345314506,1.5364962842550082e-24,5.582133289587001e-23,0.36666666666666664
902,"Proliferation, oval cell",0,60,61,0.0,1.0,1.0,0.0
902,"Hematopoiesis, extramedullary",0,60,54,0.0,1.0,1.0,0.0
902,"Cellular infiltration, mononuclear cell",0,60,53,0.0,1.0,1.0,0.0
902,Anisonucleosis,0,60,47,0.0,1.0,1.0,0.0
902,"Alteration, nuclear",0,60,46,0.0,1.0,1.0,0.0
902,"Deposit, pigment",0,60,38,0.0,1.0,1.0,0.0
902,"Degeneration, hydropic",35,25,0,inf,2.503066131396025e-67,1.0253939876201646e-64,0.5833333333333334
902,"Alteration, cytoplasmic",0,60,35,0.0,1.0,1.0,0.0
902,Pyknosis,0,60,33,0.0,1.0,1.0,0.0
902,"Proliferation, Kupffer cell",0,60,29,0.0,1.0,1.0,0.0
902,Cellular foci,0,60,25,0.0,1.0,1.0,0.0
902,Microgranuloma,0,60,20,0.0,1.0,1.0,0.0
902,Edema,0,60,18,0.0,1.0,1.0,0.0
902,"Deposit, hemosiderin",0,60,17,0.0,1.0,1.0,0.0
902,"Inclusion body, intracytoplasmic",0,60,11,0.0,1.0,1.0,0.0
902,"Degeneration, acidophilic, eosinophilic",0,60,10,0.0,1.0,1.0,0.0
902,Hemorrhage,0,60,10,0.0,1.0,1.0,0.0
902,Phagocytosis,0,60,10,0.0,1.0,1.0,0.0
902,"Lesion,NOS",0,60,10,0.0,1.0,1.0,0.0
902,"Deposit, glycogen",0,60,9,0.0,1.0,1.0,0.0
902,Granuloma,0,60,8,0.0,1.0,1.0,0.0
902,"Vacuolization, nuclear",0,60,5,0.0,1.0,1.0,0.0
906,Hypertrophy,24,16,481,8.844074844074845,6.498034640322715e-11,1.0184254818869902e-09,0.6
906,Cellular infiltration,1,39,203,0.39333080712391055,0.9197725447955832,1.0,0.025
906,"Degeneration, granular, eosinophilic",3,37,199,1.2704060844764362,0.4359269463417408,1.0,0.075
906,Ground glass appearance,0,40,174,0.0,1.0,1.0,0.0
906,Necrosis,0,40,160,0.0,1.0,1.0,0.0
906,"Proliferation, bile duct",1,39,154,0.5266400266400266,0.8507634673191391,1.0,0.025
906,"Vacuolization, cytoplasmic",12,28,123,11.128919860627178,2.3411523049537347e-08,2.9342873941002454e-07,0.3
906,"Change, eosinophilic",0,40,129,0.0,1.0,1.0,0.0
906,Increased mitosis,0,40,126,0.0,1.0,1.0,0.0
906,Single cell necrosis,1,39,110,0.7475524475524475,0.7415309596100997,1.0,0.025
906,Swelling,0,40,105,0.0,1.0,1.0,0.0
906,"Change, acidophilic",0,40,87,0.0,1.0,1.0,0.0
906,"Degeneration, fatty",0,40,80,0.0,1.0,1.0,0.0
906,Fibrosis,0,40,63,0.0,1.0,1.0,0.0
906,"Proliferation, oval cell",0,40,61,0.0,1.0,1.0,0.0
906,"Hematopoiesis, extramedullary",0,40,54,0.0,1.0,1.0,0.0
906,"Cellular infiltration, mononuclear cell",0,40,53,0.0,1.0,1.0,0.0
906,Anisonucleosis,0,40,47,0.0,1.0,1.0,0.0
906,"Alteration, nuclear",0,40,46,0.0,1.0,1.0,0.0
906,"Deposit, pigment",0,40,38,0.0,1.0,1.0,0.0
906,"Degeneration, hydropic",0,40,35,0.0,1.0,1.0,0.0
906,"Alteration, cytoplasmic",0,40,35,0.0,1.0,1.0,0.0
906,Pyknosis,0,40,33,0.0,1.0,1.0,0.0
906,"Proliferation, Kupffer cell",0,40,29,0.0,1.0,1.0,0.0
906,Cellular foci,0,40,25,0.0,1.0,1.0,0.0
906,Microgranuloma,1,39,19,4.4507422402159245,0.21370587645361233,1.0,0.025
906,Edema,0,40,18,0.0,1.0,1.0,0.0
906,"Deposit, hemosiderin",0,40,17,0.0,1.0,1.0,0.0
906,"Inclusion body, intracytoplasmic",0,40,11,0.0,1.0,1.0,0.0
906,"Degeneration, acidophilic, eosinophilic",0,40,10,0.0,1.0,1.0,0.0
906,Hemorrhage,0,40,10,0.0,1.0,1.0,0.0
906,Phagocytosis,0,40,10,0.0,1.0,1.0,0.0
906,"Lesion,NOS",0,40,10,0.0,1.0,1.0,0.0
906,"Deposit, glycogen",0,40,9,0.0,1.0,1.0,0.0
906,Granuloma,0,40,8,0.0,1.0,1.0,0.0
906,"Vacuolization, nuclear",0,40,5,0.0,1.0,1.0,0.0
912,Hypertrophy,29,47,476,3.636018237082067,5.160722206864177e-07,5.794837411866391e-06,0.3815789473684211
912,Cellular infiltration,0,76,204,0.0,1.0,1.0,0.0
912,"Degeneration, granular, eosinophilic",0,76,202,0.0,1.0,1.0,0.0
912,Ground glass appearance,31,45,143,15.117016317016317,2.6565035259600124e-21,8.009964946295672e-20,0.40789473684210525
912,Necrosis,0,76,160,0.0,1.0,1.0,0.0
912,"Proliferation, bile duct",0,76,155,0.0,1.0,1.0,0.0
912,"Vacuolization, cytoplasmic",0,76,135,0.0,1.0,1.0,0.0
912,"Change, eosinophilic",7,69,122,2.626870990734141,0.025361529627943972,0.15816009027820177,0.09210526315789473
912,Increased mitosis,1,75,125,0.33664,0.9471913812469149,1.0,0.013157894736842105
912,Single cell necrosis,5,71,106,2.1093542386393835,0.10483031673343084,0.5704920580820697,0.06578947368421052
912,Swelling,0,76,105,0.0,1.0,1.0,0.0
912,"Change, acidophilic",0,76,87,0.0,1.0,1.0,0.0
912,"Degeneration, fatty",0,76,80,0.0,1.0,1.0,0.0
912,Fibrosis,0,76,63,0.0,1.0,1.0,0.0
912,"Proliferation, oval cell",0,76,61,0.0,1.0,1.0,0.0
912,"Hematopoiesis, extramedullary",0,76,54,0.0,1.0,1.0,0.0
912,"Cellular infiltration, mononuclear cell",0,76,53,0.0,1.0,1.0,0.0
912,Anisonucleosis,0,76,47,0.0,1.0,1.0,0.0
912,"Alteration, nuclear",4,72,42,4.284391534391534,0.0192962496128653,0.1224569686970298,0.05263157894736842
912,"Deposit, pigment",2,74,36,2.436186186186186,0.21207584250040754,1.0,0.02631578947368421
912,"Degeneration, hydropic",0,76,35,0.0,1.0,1.0,0.0
912,"Alteration, cytoplasmic",0,76,35,0.0,1.0,1.0,0.0
912,Pyknosis,0,76,33,0.0,1.0,1.0,0.0
912,"Proliferation, Kupffer cell",2,74,27,3.2572572572572573,0.13893088413388938,0.7306325380746373,0.02631578947368421
912,Cellular foci,0,76,25,0.0,1.0,1.0,0.0
912,Microgranuloma,0,76,20,0.0,1.0,1.0,0.0
912,Edema,0,76,18,0.0,1.0,1.0,0.0
912,"Deposit, hemosiderin",0,76,17,0.0,1.0,1.0,0.0
912,"Inclusion body, intracytoplasmic",2,74,9,9.825825825825826,0.024375330290813246,0.15240995992361123,0.02631578947368421
912,"Degeneration, acidophilic, eosinophilic",0,76,10,0.0,1.0,1.0,0.0
912,Hemorrhage,0,76,10,0.0,1.0,1.0,0.0
912,Phagocytosis,0,76,10,0.0,1.0,1.0,0.0
912,"Lesion,NOS",0,76,10,0.0,1.0,1.0,0.0
912,"Deposit, glycogen",0,76,9,0.0,1.0,1.0,0.0
912,Granuloma,0,76,8,0.0,1.0,1.0,0.0
912,"Vacuolization, nuclear",0,76,5,0.0,1.0,1.0,0.0
913,Hypertrophy,18,26,487,4.017374822302954,2.6150304758121485e-05,0.00024597436304551323,0.4090909090909091
913,Cellular infiltration,10,34,194,4.728623408126137,0.00022074268785556405,0.0018415892778961382,0.22727272727272727
913,"Degeneration, granular, eosinophilic",0,44,202,0.0,1.0,1.0,0.0
913,Ground glass appearance,0,44,174,0.0,1.0,1.0,0.0
913,Necrosis,2,42,158,0.9508740204942736,0.6283619220240058,1.0,0.045454545454545456
913,"Proliferation, bile duct",24,20,131,29.148091603053434,1.19183537413797e-21,3.706545613811278e-20,0.5454545454545454
913,"Vacuolization, cytoplasmic",7,37,128,4.707559121621622,0.0016035418674735333,0.012110665852247664,0.1590909090909091
913,"Change, eosinophilic",0,44,129,0.0,1.0,1.0,0.0
913,Increased mitosis,0,44,126,0.0,1.0,1.0,0.0
913,Single cell necrosis,0,44,111,0.0,1.0,1.0,0.0
913,Swelling,23,21,82,43.15505226480836,2.390903196590455e-24,8.581247726735529e-23,0.5227272727272727
913,"Change, acidophilic",1,43,86,0.8726338561384532,0.6874228464185306,1.0,0.022727272727272728
913,"Degeneration, fatty",0,44,80,0.0,1.0,1.0,0.0
913,Fibrosis,0,44,63,0.0,1.0,1.0,0.0
913,"Proliferation, oval cell",23,21,38,94.39223057644111,1.3373060081538507e-30,6.877573756219804e-29,0.5227272727272727
913,"Hematopoiesis, extramedullary",0,44,54,0.0,1.0,1.0,0.0
913,"Cellular infiltration, mononuclear cell",0,44,53,0.0,1.0,1.0,0.0
913,Anisonucleosis,1,43,46,1.6516683518705764,0.46442577706906896,1.0,0.022727272727272728
913,"Alteration, nuclear",0,44,46,0.0,1.0,1.0,0.0
913,"Deposit, pigment",0,44,38,0.0,1.0,1.0,0.0
913,"Degeneration, hydropic",0,44,35,0.0,1.0,1.0,0.0
913,"Alteration, cytoplasmic",0,44,35,0.0,1.0,1.0,0.0
913,Pyknosis,0,44,33,0.0,1.0,1.0,0.0
913,"Proliferation, Kupffer cell",0,44,29,0.0,1.0,1.0,0.0
913,Cellular foci,2,42,23,6.811594202898551,0.04162365456363255,0.24999444702525517,0.045454545454545456
913,Microgranuloma,1,43,19,4.031823745410037,0.2325074585877162,1.0,0.022727272727272728
913,Edema,0,44,18,0.0,1.0,1.0,0.0
913,"Deposit, hemosiderin",0,44,17,0.0,1.0,1.0,0.0
913,"Inclusion body, intracytoplasmic",0,44,11,0.0,1.0,1.0,0.0
913,"Degeneration, acidophilic, eosinophilic",0,44,10,0.0,1.0,1.0,0.0
913,Hemorrhage,0,44,10,0.0,1.0,1.0,0.0
913,Phagocytosis,0,44,10,0.0,1.0,1.0,0.0
913,"Lesion,NOS",0,44,10,0.0,1.0,1.0,0.0
913,"Deposit, glycogen",0,44,9,0.0,1.0,1.0,0.0
913,Granuloma,0,44,8,0.0,1.0,1.0,0.0
913,"Vacuolization, nuclear",0,44,5,0.0,1.0,1.0,0.0
917,Hypertrophy,18,22,487,4.754526787380997,5.200312005127711e-06,5.2489130519046056e-05,0.45
917,Cellular infiltration,7,33,197,3.359483156437471,0.009234493358549613,0.06159785575495194,0.175
917,"Degeneration, granular, eosinophilic",0,40,202,0.0,1.0,1.0,0.0
917,Ground glass appearance,0,40,174,0.0,1.0,1.0,0.0
917,Necrosis,1,39,159,0.5092726979519432,0.8598604668769079,1.0,0.025
917,"Proliferation, bile duct",22,18,133,29.259816207184628,5.2099354063269477e-20,1.473667443503908e-18,0.55
917,"Vacuolization, cytoplasmic",4,36,131,2.7022900763358777,0.07482996984140158,0.4242674032518193,0.1
917,"Change, eosinophilic",0,40,129,0.0,1.0,1.0,0.0
917,Increased mitosis,0,40,126,0.0,1.0,1.0,0.0
917,Single cell necrosis,0,40,111,0.0,1.0,1.0,0.0
917,Swelling,22,18,83,47.622489959839356,5.790297043011212e-24,2.0055022994452826e-22,0.55
917,"Change, acidophilic",0,40,87,0.0,1.0,1.0,0.0
917,"Degeneration, fatty",0,40,80,0.0,1.0,1.0,0.0
917,Fibrosis,0,40,63,0.0,1.0,1.0,0.0
917,"Proliferation, oval cell",22,18,39,102.72934472934473,6.627365068690535e-30,3.294271841675463e-28,0.55
917,"Hematopoiesis, extramedullary",0,40,54,0.0,1.0,1.0,0.0
917,"Cellular infiltration, mononuclear cell",0,40,53,0.0,1.0,1.0,0.0
917,Anisonucleosis,0,40,47,0.0,1.0,1.0,0.0
917,"Alteration, nuclear",0,40,46,0.0,1.0,1.0,0.0
917,"Deposit, pigment",0,40,38,0.0,1.0,1.0,0.0
917,"Degeneration, hydropic",0,40,35,0.0,1.0,1.0,0.0
917,"Alteration, cytoplasmic",0,40,35,0.0,1.0,1.0,0.0
917,Pyknosis,0,40,33,0.0,1.0,1.0,0.0
917,"Proliferation, Kupffer cell",0,40,29,0.0,1.0,1.0,0.0
917,Cellular foci,3,37,22,12.143734643734645,0.0030065309281938246,0.021581623822926065,0.075
917,Microgranuloma,1,39,19,4.4507422402159245,0.21370587645361233,1.0,0.025
917,Edema,0,40,18,0.0,1.0,1.0,0.0
917,"Deposit, hemosiderin",0,40,17,0.0,1.0,1.0,0.0
917,"Inclusion body, intracytoplasmic",0,40,11,0.0,1.0,1.0,0.0
917,"Degeneration, acidophilic, eosinophilic",0,40,10,0.0,1.0,1.0,0.0
917,Hemorrhage,0,40,10,0.0,1.0,1.0,0.0
917,Phagocytosis,0,40,10,0.0,1.0,1.0,0.0
917,"Lesion,NOS",0,40,10,0.0,1.0,1.0,0.0
917,"Deposit, glycogen",0,40,9,0.0,1.0,1.0,0.0
917,Granuloma,0,40,8,0.0,1.0,1.0,0.0
917,"Vacuolization, nuclear",0,40,5,0.0,1.0,1.0,0.0
929,Hypertrophy,26,13,479,11.853862212943632,2.732302733522804e-13,5.1441769372822365e-12,0.6666666666666666
929,Cellular infiltration,2,37,202,0.8338239229328338,0.6961847356892911,1.0,0.05128205128205128
929,"Degeneration, granular, eosinophilic",0,39,202,0.0,1.0,1.0,0.0
929,Ground glass appearance,0,39,174,0.0,1.0,1.0,0.0
929,Necrosis,5,34,155,3.0009487666034156,0.035857971491181945,0.21845779554627767,0.1282051282051282
929,"Proliferation, bile duct",6,33,149,3.8669920683343504,0.008094769866533015,0.05451579706032439,0.15384615384615385
929,"Vacuolization, cytoplasmic",1,38,134,0.6252945797329144,0.800131036715204,1.0,0.02564102564102564
929,"Change, eosinophilic",1,38,128,0.6558388157894737,0.7849972032320208,1.0,0.02564102564102564
929,Increased mitosis,0,39,126,0.0,1.0,1.0,0.0
929,Single cell necrosis,1,38,110,0.7674641148325358,0.7325848843112914,1.0,0.02564102564102564
929,Swelling,6,33,99,5.911845730027548,0.0011430596647698298,0.00875535062376891,0.15384615384615385
929,"Change, acidophilic",5,34,82,5.803443328550933,0.0029946191516602937,0.021509114583872,0.1282051282051282
929,"Degeneration, fatty",0,39,80,0.0,1.0,1.0,0.0
929,Fibrosis,0,39,63,0.0,1.0,1.0,0.0
929,"Proliferation, oval cell",5,34,56,8.566176470588236,0.0006011240008094647,0.00476090208641096,0.1282051282051282
929,"Hematopoiesis, extramedullary",0,39,54,0.0,1.0,1.0,0.0
929,"Cellular infiltration, mononuclear cell",0,39,53,0.0,1.0,1.0,0.0
929,Anisonucleosis,1,38,46,1.8718535469107551,0.42480158777213983,1.0,0.02564102564102564
929,"Alteration, nuclear",0,39,46,0.0,1.0,1.0,0.0
929,"Deposit, pigment",0,39,38,0.0,1.0,1.0,0.0
929,"Degeneration, hydropic",0,39,35,0.0,1.0,1.0,0.0
929,"Alteration, cytoplasmic",0,39,35,0.0,1.0,1.0,0.0
929,Pyknosis,0,39,33,0.0,1.0,1.0,0.0
929,"Proliferation, Kupffer cell",0,39,29,0.0,1.0,1.0,0.0
929,Cellular foci,1,38,24,3.611842105263158,0.25412237458760045,1.0,0.02564102564102564
929,Microgranuloma,0,39,20,0.0,1.0,1.0,0.0
929,Edema,0,39,18,0.0,1.0,1.0,0.0
929,"Deposit, hemosiderin",0,39,17,0.0,1.0,1.0,0.0
929,"Inclusion body, intracytoplasmic",1,38,10,8.705263157894738,0.12079199252220124,0.6469832602181022,0.02564102564102564
929,"Degeneration, acidophilic, eosinophilic",0,39,10,0.0,1.0,1.0,0.0
929,Hemorrhage,0,39,10,0.0,1.0,1.0,0.0
929,Phagocytosis,0,39,10,0.0,1.0,1.0,0.0
929,"Lesion,NOS",0,39,10,0.0,1.0,1.0,0.0
929,"Deposit, glycogen",0,39,9,0.0,1.0,1.0,0.0
929,Granuloma,0,39,8,0.0,1.0,1.0,0.0
929,"Vacuolization, nuclear",0,39,5,0.0,1.0,1.0,0.0
931,Hypertrophy,0,75,505,0.0,1.0,1.0,0.0
931,Cellular infiltration,57,18,147,67.53401360544218,5.5379173455789e-57,8.89060244128072e-55,0.76
931,"Degeneration, granular, eosinophilic",0,75,202,0.0,1.0,1.0,0.0
931,Ground glass appearance,0,75,174,0.0,1.0,1.0,0.0
931,Necrosis,2,73,158,0.5417027917461419,0.880829439639463,1.0,0.02666666666666667
931,"Proliferation, bile duct",6,69,149,1.8284213597899037,0.13040993423982328,0.6910214178274311,0.08
931,"Vacuolization, cytoplasmic",0,75,135,0.0,1.0,1.0,0.0
931,"Change, eosinophilic",0,75,129,0.0,1.0,1.0,0.0
931,Increased mitosis,0,75,126,0.0,1.0,1.0,0.0
931,Single cell necrosis,0,75,111,0.0,1.0,1.0,0.0
931,Swelling,0,75,105,0.0,1.0,1.0,0.0
931,"Change, acidophilic",4,71,83,2.171389784490073,0.12825201900277114,0.6826317140470076,0.05333333333333334
931,"Degeneration, fatty",59,16,21,572.6160714285714,1.6831746407773604e-93,1.2497571707771901e-90,0.7866666666666666
931,Fibrosis,25,50,38,42.68421052631579,8.885314504507544e-27,3.7168146589278035e-25,0.3333333333333333
931,"Proliferation, oval cell",0,75,61,0.0,1.0,1.0,0.0
931,"Hematopoiesis, extramedullary",0,75,54,0.0,1.0,1.0,0.0
931,"Cellular infiltration, mononuclear cell",0,75,53,0.0,1.0,1.0,0.0
931,Anisonucleosis,0,75,47,0.0,1.0,1.0,0.0
931,"Alteration, nuclear",0,75,46,0.0,1.0,1.0,0.0
931,"Deposit, pigment",0,75,38,0.0,1.0,1.0,0.0
931,"Degeneration, hydropic",34,41,1,2720.829268292683,3.9763770319537024e-59,7.050650617852236e-57,0.4533333333333333
931,"Alteration, cytoplasmic",0,75,35,0.0,1.0,1.0,0.0
931,Pyknosis,0,75,33,0.0,1.0,1.0,0.0
931,"Proliferation, Kupffer cell",0,75,29,0.0,1.0,1.0,0.0
931,Cellular foci,0,75,25,0.0,1.0,1.0,0.0
931,Microgranuloma,0,75,20,0.0,1.0,1.0,0.0
931,Edema,0,75,18,0.0,1.0,1.0,0.0
931,"Deposit, hemosiderin",0,75,17,0.0,1.0,1.0,0.0
931,"Inclusion body, intracytoplasmic",0,75,11,0.0,1.0,1.0,0.0
931,"Degeneration, acidophilic, eosinophilic",0,75,10,0.0,1.0,1.0,0.0
931,Hemorrhage,0,75,10,0.0,1.0,1.0,0.0
931,Phagocytosis,0,75,10,0.0,1.0,1.0,0.0
931,"Lesion,NOS",0,75,10,0.0,1.0,1.0,0.0
931,"Deposit, glycogen",0,75,9,0.0,1.0,1.0,0.0
931,Granuloma,0,75,8,0.0,1.0,1.0,0.0
931,"Vacuolization, nuclear",0,75,5,0.0,1.0,1.0,0.0
933,Hypertrophy,0,30,505,0.0,1.0,1.0,0.0
933,Cellular infiltration,3,27,201,1.7280265339966832,0.2736542980409757,1.0,0.1
933,"Degeneration, granular, eosinophilic",19,11,183,29.67511177347243,8.571345546298413e-17,2.057122931111619e-15,0.6333333333333333
933,Ground glass appearance,0,30,174,0.0,1.0,1.0,0.0
933,Necrosis,1,29,159,0.6870527000650618,0.7704351513246841,1.0,0.03333333333333333
933,"Proliferation, bile duct",0,30,155,0.0,1.0,1.0,0.0
933,"Vacuolization, cytoplasmic",0,30,135,0.0,1.0,1.0,0.0
933,"Change, eosinophilic",2,28,127,1.7997750281214848,0.3215047472332511,1.0,0.06666666666666667
933,Increased mitosis,0,30,126,0.0,1.0,1.0,0.0
933,Single cell necrosis,0,30,111,0.0,1.0,1.0,0.0
933,Swelling,20,10,85,76.28235294117647,2.8892813407940167e-24,1.030770640499487e-22,0.6666666666666666
933,"Change, acidophilic",0,30,87,0.0,1.0,1.0,0.0
933,"Degeneration, fatty",0,30,80,0.0,1.0,1.0,0.0
933,Fibrosis,0,30,63,0.0,1.0,1.0,0.0
933,"Proliferation, oval cell",0,30,61,0.0,1.0,1.0,0.0
933,"Hematopoiesis, extramedullary",0,30,54,0.0,1.0,1.0,0.0
933,"Cellular infiltration, mononuclear cell",0,30,53,0.0,1.0,1.0,0.0
933,Anisonucleosis,0,30,47,0.0,1.0,1.0,0.0
933,"Alteration, nuclear",0,30,46,0.0,1.0,1.0,0.0
933,"Deposit, pigment",0,30,38,0.0,1.0,1.0,0.0
933,"Degeneration, hydropic",0,30,35,0.0,1.0,1.0,0.0
933,"Alteration, cytoplasmic",0,30,35,0.0,1.0,1.0,0.0
933,Pyknosis,0,30,33,0.0,1.0,1.0,0.0
933,"Proliferation, Kupffer cell",0,30,29,0.0,1.0,1.0,0.0
933,Cellular foci,0,30,25,0.0,1.0,1.0,0.0
933,Microgranuloma,0,30,20,0.0,1.0,1.0,0.0
933,Edema,0,30,18,0.0,1.0,1.0,0.0
933,"Deposit, hemosiderin",0,30,17,0.0,1.0,1.0,0.0
933,"Inclusion body, intracytoplasmic",0,30,11,0.0,1.0,1.0,0.0
933,"Degeneration, acidophilic, eosinophilic",0,30,10,0.0,1.0,1.0,0.0
933,Hemorrhage,0,30,10,0.0,1.0,1.0,0.0
933,Phagocytosis,0,30,10,0.0,1.0,1.0,0.0
933,"Lesion,NOS",0,30,10,0.0,1.0,1.0,0.0
933,"Deposit, glycogen",0,30,9,0.0,1.0,1.0,0.0
933,Granuloma,0,30,8,0.0,1.0,1.0,0.0
933,"Vacuolization, nuclear",0,30,5,0.0,1.0,1.0,0.0
940,Hypertrophy,17,5,488,19.83565573770492,1.028920377749296e-10,1.589541493844166e-09,0.7727272727272727
940,Cellular infiltration,16,6,188,44.638297872340424,1.0548879705206196e-15,2.3734979336713943e-14,0.7272727272727273
940,"Degeneration, granular, eosinophilic",1,21,201,0.7424780857616678,0.7458239319419797,1.0,0.045454545454545456
940,Ground glass appearance,0,22,174,0.0,1.0,1.0,0.0
940,Necrosis,14,8,146,38.22431506849315,4.093484561568274e-14,8.256468012127521e-13,0.6363636363636364
940,"Proliferation, bile duct",16,6,139,61.31414868105516,1.1649162872672843e-17,2.925836256392249e-16,0.7272727272727273
940,"Vacuolization, cytoplasmic",1,21,134,1.1375266524520256,0.5958201481388781,1.0,0.045454545454545456
940,"Change, eosinophilic",11,11,118,27.26271186440678,8.69323215408781e-11,1.3464875878821798e-09,0.5
940,Increased mitosis,6,16,120,10.046875,0.00011294530711242498,0.0009844389203929633,0.2727272727272727
940,Single cell necrosis,6,16,105,11.535714285714286,5.528448030775559e-05,0.0005002129672933255,0.2727272727272727
940,Swelling,0,22,105,0.0,1.0,1.0,0.0
940,"Change, acidophilic",0,22,87,0.0,1.0,1.0,0.0
940,"Degeneration, fatty",0,22,80,0.0,1.0,1.0,0.0
940,Fibrosis,0,22,63,0.0,1.0,1.0,0.0
940,"Proliferation, oval cell",0,22,61,0.0,1.0,1.0,0.0
940,"Hematopoiesis, extramedullary",0,22,54,0.0,1.0,1.0,0.0
940,"Cellular infiltration, mononuclear cell",0,22,53,0.0,1.0,1.0,0.0
940,Anisonucleosis,0,22,47,0.0,1.0,1.0,0.0
940,"Alteration, nuclear",0,22,46,0.0,1.0,1.0,0.0
940,"Deposit, pigment",1,21,37,4.244530244530244,0.2221669086221498,1.0,0.045454545454545456
940,"Degeneration, hydropic",0,22,35,0.0,1.0,1.0,0.0
940,"Alteration, cytoplasmic",0,22,35,0.0,1.0,1.0,0.0
940,Pyknosis,0,22,33,0.0,1.0,1.0,0.0
940,"Proliferation, Kupffer cell",0,22,29,0.0,1.0,1.0,0.0
940,Cellular foci,0,22,25,0.0,1.0,1.0,0.0
940,Microgranuloma,0,22,20,0.0,1.0,1.0,0.0
940,Edema,13,9,5,962.0,3.901058453854481e-27,1.6670710227263033e-25,0.5909090909090909
940,"Deposit, hemosiderin",0,22,17,0.0,1.0,1.0,0.0
940,"Inclusion body, intracytoplasmic",0,22,11,0.0,1.0,1.0,0.0
940,"Degeneration, acidophilic, eosinophilic",0,22,10,0.0,1.0,1.0,0.0
940,Hemorrhage,0,22,10,0.0,1.0,1.0,0.0
940,Phagocytosis,0,22,10,0.0,1.0,1.0,0.0
940,"Lesion,NOS",0,22,10,0.0,1.0,1.0,0.0
940,"Deposit, glycogen",0,22,9,0.0,1.0,1.0,0.0
940,Granuloma,0,22,8,0.0,1.0,1.0,0.0
940,"Vacuolization, nuclear",0,22,5,0.0,1.0,1.0,0.0
942,Hypertrophy,44,44,461,6.091106290672451,4.998723497554949e-15,1.079724275471869e-13,0.5
942,Cellular infiltration,1,87,203,0.17360285374554102,0.996272965754703,1.0,0.011363636363636364
942,"Degeneration, granular, eosinophilic",0,88,202,0.0,1.0,1.0,0.0
942,Ground glass appearance,43,45,131,22.889567430025444,1.0375002486274767e-33,6.101734135492289e-32,0.48863636363636365
942,Necrosis,0,88,160,0.0,1.0,1.0,0.0
942,"Proliferation, bile duct",0,88,155,0.0,1.0,1.0,0.0
942,"Vacuolization, cytoplasmic",0,88,135,0.0,1.0,1.0,0.0
942,"Change, eosinophilic",7,81,122,2.229204614450516,0.050543597956210065,0.29755101274518114,0.07954545454545454
942,Increased mitosis,1,87,125,0.2891034482758621,0.9670183271787085,1.0,0.011363636363636364
942,Single cell necrosis,2,86,109,0.6742052485598464,0.7959863138405124,1.0,0.022727272727272728
942,Swelling,0,88,105,0.0,1.0,1.0,0.0
942,"Change, acidophilic",0,88,87,0.0,1.0,1.0,0.0
942,"Degeneration, fatty",0,88,80,0.0,1.0,1.0,0.0
942,Fibrosis,0,88,63,0.0,1.0,1.0,0.0
942,"Proliferation, oval cell",0,88,61,0.0,1.0,1.0,0.0
942,"Hematopoiesis, extramedullary",1,87,53,0.697462589459987,0.7644975677219459,1.0,0.011363636363636364
942,"Cellular infiltration, mononuclear cell",0,88,53,0.0,1.0,1.0,0.0
942,Anisonucleosis,0,88,47,0.0,1.0,1.0,0.0
942,"Alteration, nuclear",4,84,42,3.6587301587301586,0.03114643584525956,0.19251803217569383,0.045454545454545456
942,"Deposit, pigment",1,87,37,1.0040385212799006,0.6376325941882395,1.0,0.011363636363636364
942,"Degeneration, hydropic",0,88,35,0.0,1.0,1.0,0.0
942,"Alteration, cytoplasmic",0,88,35,0.0,1.0,1.0,0.0
942,Pyknosis,0,88,33,0.0,1.0,1.0,0.0
942,"Proliferation, Kupffer cell",0,88,29,0.0,1.0,1.0,0.0
942,Cellular foci,0,88,25,0.0,1.0,1.0,0.0
942,Microgranuloma,0,88,20,0.0,1.0,1.0,0.0
942,Edema,0,88,18,0.0,1.0,1.0,0.0
942,"Deposit, hemosiderin",1,87,16,2.3369252873563218,0.3640753795643316,1.0,0.011363636363636364
942,"Inclusion body, intracytoplasmic",0,88,11,0.0,1.0,1.0,0.0
942,"Degeneration, acidophilic, eosinophilic",0,88,10,0.0,1.0,1.0,0.0
942,Hemorrhage,0,88,10,0.0,1.0,1.0,0.0
942,Phagocytosis,1,87,9,4.163473818646232,0.23355891488049915,1.0,0.011363636363636364
942,"Lesion,NOS",0,88,10,0.0,1.0,1.0,0.0
942,"Deposit, glycogen",0,88,9,0.0,1.0,1.0,0.0
942,Granuloma,0,88,8,0.0,1.0,1.0,0.0
942,"Vacuolization, nuclear",0,88,5,0.0,1.0,1.0,0.0
943,Hypertrophy,1,56,504,0.09906462585034014,0.9999154169479758,1.0,0.017543859649122806
943,Cellular infiltration,53,4,151,276.31953642384104,1.0170176809913252e-62,2.438424320506189e-60,0.9298245614035088
943,"Degeneration, granular, eosinophilic",0,57,202,0.0,1.0,1.0,0.0
943,Ground glass appearance,0,57,174,0.0,1.0,1.0,0.0
943,Necrosis,1,56,159,0.3527628032345013,0.9396537882583724,1.0,0.017543859649122806
943,"Proliferation, bile duct",1,56,154,0.3647959183673469,0.9339796220015395,1.0,0.017543859649122806
943,"Vacuolization, cytoplasmic",1,56,134,0.421908315565032,0.9055553083139434,1.0,0.017543859649122806
943,"Change, eosinophilic",1,56,128,0.44252232142857145,0.8948915637155043,1.0,0.017543859649122806
943,Increased mitosis,0,57,126,0.0,1.0,1.0,0.0
943,Single cell necrosis,1,56,110,0.5178571428571429,0.8552906051925204,1.0,0.017543859649122806
943,Swelling,0,57,105,0.0,1.0,1.0,0.0
943,"Change, acidophilic",0,57,87,0.0,1.0,1.0,0.0
943,"Degeneration, fatty",55,2,25,3602.5,1.3380415830397135e-97,1.2227641543470613e-94,0.9649122807017544
943,Fibrosis,22,35,41,49.96376306620209,3.925985937076645e-25,1.462091314497509e-23,0.38596491228070173
943,"Proliferation, oval cell",0,57,61,0.0,1.0,1.0,0.0
943,"Hematopoiesis, extramedullary",0,57,54,0.0,1.0,1.0,0.0
943,"Cellular infiltration, mononuclear cell",0,57,53,0.0,1.0,1.0,0.0
943,Anisonucleosis,0,57,47,0.0,1.0,1.0,0.0
943,"Alteration, nuclear",0,57,46,0.0,1.0,1.0,0.0
943,"Deposit, pigment",0,57,38,0.0,1.0,1.0,0.0
943,"Degeneration, hydropic",35,22,0,inf,1.6823647288751772e-68,7.138033206798966e-66,0.6140350877192983
943,"Alteration, cytoplasmic",0,57,35,0.0,1.0,1.0,0.0
943,Pyknosis,0,57,33,0.0,1.0,1.0,0.0
943,"Proliferation, Kupffer cell",1,56,28,2.086734693877551,0.39270051560972746,1.0,0.017543859649122806
943,Cellular foci,0,57,25,0.0,1.0,1.0,0.0
943,Microgranuloma,0,57,20,0.0,1.0,1.0,0.0
943,Edema,0,57,18,0.0,1.0,1.0,0.0
943,"Deposit, hemosiderin",0,57,17,0.0,1.0,1.0,0.0
943,"Inclusion body, intracytoplasmic",0,57,11,0.0,1.0,1.0,0.0
943,"Degeneration, acidophilic, eosinophilic",0,57,10,0.0,1.0,1.0,0.0
943,Hemorrhage,0,57,10,0.0,1.0,1.0,0.0
943,Phagocytosis,0,57,10,0.0,1.0,1.0,0.0
943,"Lesion,NOS",0,57,10,0.0,1.0,1.0,0.0
943,"Deposit, glycogen",0,57,9,0.0,1.0,1.0,0.0
943,Granuloma,0,57,8,0.0,1.0,1.0,0.0
943,"Vacuolization, nuclear",0,57,5,0.0,1.0,1.0,0.0
944,Hypertrophy,22,17,483,7.595907928388747,2.173241518142563e-09,2.94727274378238e-08,0.5641025641025641
944,Cellular infiltration,9,30,195,4.804615384615385,0.00040575242637211367,0.003276912865602114,0.23076923076923078
944,"Degeneration, granular, eosinophilic",3,36,199,1.3061139028475712,0.4195741255112528,1.0,0.07692307692307693
944,Ground glass appearance,0,39,174,0.0,1.0,1.0,0.0
944,Necrosis,9,30,151,6.292052980132451,6.258370758122256e-05,0.000563253368231003,0.23076923076923078
944,"Proliferation, bile duct",9,30,146,6.517808219178082,4.865803850977908e-05,0.0004436358384467962,0.23076923076923078
944,"Vacuolization, cytoplasmic",9,30,126,7.6,1.5984370038813703e-05,0.00015426020801064726,0.23076923076923078
944,"Change, eosinophilic",7,32,122,5.730532786885246,0.0005784810884046454,0.0045907517236120155,0.1794871794871795
944,Increased mitosis,7,32,119,5.880514705882353,0.0005013008946316423,0.004002321658752628,0.1794871794871795
944,Single cell necrosis,4,35,107,3.4296395193591453,0.038270833300217855,0.2319681120441776,0.10256410256410256
944,Swelling,0,39,105,0.0,1.0,1.0,0.0
944,"Change, acidophilic",1,38,86,0.988984088127295,0.642982399215289,1.0,0.02564102564102564
944,"Degeneration, fatty",0,39,80,0.0,1.0,1.0,0.0
944,Fibrosis,0,39,63,0.0,1.0,1.0,0.0
944,"Proliferation, oval cell",0,39,61,0.0,1.0,1.0,0.0
944,"Hematopoiesis, extramedullary",1,38,53,1.6211519364448859,0.470638154347896,1.0,0.02564102564102564
944,"Cellular infiltration, mononuclear cell",0,39,53,0.0,1.0,1.0,0.0
944,Anisonucleosis,0,39,47,0.0,1.0,1.0,0.0
944,"Alteration, nuclear",0,39,46,0.0,1.0,1.0,0.0
944,"Deposit, pigment",2,37,36,4.927927927927928,0.07114309283079913,0.40477966610627086,0.05128205128205128
944,"Degeneration, hydropic",0,39,35,0.0,1.0,1.0,0.0
944,"Alteration, cytoplasmic",0,39,35,0.0,1.0,1.0,0.0
944,Pyknosis,0,39,33,0.0,1.0,1.0,0.0
944,"Proliferation, Kupffer cell",0,39,29,0.0,1.0,1.0,0.0
944,Cellular foci,0,39,25,0.0,1.0,1.0,0.0
944,Microgranuloma,0,39,20,0.0,1.0,1.0,0.0
944,Edema,7,32,11,65.76420454545455,4.710900933066366e-10,6.833394760052311e-09,0.1794871794871795
944,"Deposit, hemosiderin",1,38,16,5.430921052631579,0.18055803947077245,0.9166792773131524,0.02564102564102564
944,"Inclusion body, intracytoplasmic",0,39,11,0.0,1.0,1.0,0.0
944,"Degeneration, acidophilic, eosinophilic",0,39,10,0.0,1.0,1.0,0.0
944,Hemorrhage,0,39,10,0.0,1.0,1.0,0.0
944,Phagocytosis,0,39,10,0.0,1.0,1.0,0.0
944,"Lesion,NOS",0,39,10,0.0,1.0,1.0,0.0
944,"Deposit, glycogen",0,39,9,0.0,1.0,1.0,0.0
944,Granuloma,0,39,8,0.0,1.0,1.0,0.0
944,"Vacuolization, nuclear",0,39,5,0.0,1.0,1.0,0.0
949,Hypertrophy,12,35,493,1.9590843233845263,0.04094172823906375,0.24652191154590847,0.2553191489361702
949,Cellular infiltration,3,44,201,1.0546132971506106,0.5514781024614773,1.0,0.06382978723404255
949,"Degeneration, granular, eosinophilic",1,46,201,0.336253515033528,0.9470071928751813,1.0,0.02127659574468085
949,Ground glass appearance,0,47,174,0.0,1.0,1.0,0.0
949,Necrosis,4,43,156,1.8807394156231365,0.1836427732603873,0.9299557315999152,0.0851063829787234
949,"Proliferation, bile duct",3,44,152,1.416566985645933,0.3705411610969867,1.0,0.06382978723404255
949,"Vacuolization, cytoplasmic",23,24,112,27.363839285714285,8.625232289104313e-21,2.517635370873691e-19,0.48936170212765956
949,"Change, eosinophilic",23,24,106,28.96698113207547,2.867181200402842e-21,8.623319660958421e-20,0.48936170212765956
949,Increased mitosis,2,45,124,1.1419354838709677,0.5323894709641976,1.0,0.0425531914893617
949,Single cell necrosis,6,41,105,4.466898954703833,0.004057042906302341,0.028468794877065454,0.1276595744680851
949,Swelling,0,47,105,0.0,1.0,1.0,0.0
949,"Change, acidophilic",0,47,87,0.0,1.0,1.0,0.0
949,"Degeneration, fatty",0,47,80,0.0,1.0,1.0,0.0
949,Fibrosis,0,47,63,0.0,1.0,1.0,0.0
949,"Proliferation, oval cell",0,47,61,0.0,1.0,1.0,0.0
949,"Hematopoiesis, extramedullary",0,47,54,0.0,1.0,1.0,0.0
949,"Cellular infiltration, mononuclear cell",0,47,53,0.0,1.0,1.0,0.0
949,Anisonucleosis,0,47,47,0.0,1.0,1.0,0.0
949,"Alteration, nuclear",0,47,46,0.0,1.0,1.0,0.0
949,"Deposit, pigment",0,47,38,0.0,1.0,1.0,0.0
949,"Degeneration, hydropic",0,47,35,0.0,1.0,1.0,0.0
949,"Alteration, cytoplasmic",0,47,35,0.0,1.0,1.0,0.0
949,Pyknosis,0,47,33,0.0,1.0,1.0,0.0
949,"Proliferation, Kupffer cell",6,41,23,20.914103923647932,2.022248025106768e-06,2.1392971093738562e-05,0.1276595744680851
949,Cellular foci,0,47,25,0.0,1.0,1.0,0.0
949,Microgranuloma,0,47,20,0.0,1.0,1.0,0.0
949,Edema,1,46,17,4.210997442455243,0.22465016106818167,1.0,0.02127659574468085
949,"Deposit, hemosiderin",0,47,17,0.0,1.0,1.0,0.0
949,"Inclusion body, intracytoplasmic",0,47,11,0.0,1.0,1.0,0.0
949,"Degeneration, acidophilic, eosinophilic",0,47,10,0.0,1.0,1.0,0.0
949,Hemorrhage,0,47,10,0.0,1.0,1.0,0.0
949,Phagocytosis,0,47,10,0.0,1.0,1.0,0.0
949,"Lesion,NOS",0,47,10,0.0,1.0,1.0,0.0
949,"Deposit, glycogen",0,47,9,0.0,1.0,1.0,0.0
949,Granuloma,0,47,8,0.0,1.0,1.0,0.0
949,"Vacuolization, nuclear",0,47,5,0.0,1.0,1.0,0.0
952,Hypertrophy,14,78,491,1.014047730952008,0.5269842986786561,1.0,0.15217391304347827
952,Cellular infiltration,8,84,196,1.4912536443148687,0.1935150280822793,0.9749612101855293,0.08695652173913043
952,"Degeneration, granular, eosinophilic",62,30,140,46.13095238095238,4.244307676001277e-57,6.90717468368427e-55,0.6739130434782609
952,Ground glass appearance,0,92,174,0.0,1.0,1.0,0.0
952,Necrosis,12,80,148,3.1591216216216216,0.0011894496646472454,0.00909309010039207,0.13043478260869565
952,"Proliferation, bile duct",5,87,150,1.1934865900383143,0.42112779128093925,1.0,0.05434782608695652
952,"Vacuolization, cytoplasmic",0,92,135,0.0,1.0,1.0,0.0
952,"Change, eosinophilic",3,89,126,0.8397538790797218,0.6949529314274143,1.0,0.03260869565217391
952,Increased mitosis,31,61,95,16.95772217428818,6.946523158365362e-23,2.2860026349412877e-21,0.33695652173913043
952,Single cell necrosis,0,92,111,0.0,1.0,1.0,0.0
952,Swelling,0,92,105,0.0,1.0,1.0,0.0
952,"Change, acidophilic",0,92,87,0.0,1.0,1.0,0.0
952,"Degeneration, fatty",0,92,80,0.0,1.0,1.0,0.0
952,Fibrosis,0,92,63,0.0,1.0,1.0,0.0
952,"Proliferation, oval cell",0,92,61,0.0,1.0,1.0,0.0
952,"Hematopoiesis, extramedullary",0,92,54,0.0,1.0,1.0,0.0
952,"Cellular infiltration, mononuclear cell",0,92,53,0.0,1.0,1.0,0.0
952,Anisonucleosis,0,92,47,0.0,1.0,1.0,0.0
952,"Alteration, nuclear",0,92,46,0.0,1.0,1.0,0.0
952,"Deposit, pigment",0,92,38,0.0,1.0,1.0,0.0
952,"Degeneration, hydropic",0,92,35,0.0,1.0,1.0,0.0
952,"Alteration, cytoplasmic",0,92,35,0.0,1.0,1.0,0.0
952,Pyknosis,0,92,33,0.0,1.0,1.0,0.0
952,"Proliferation, Kupffer cell",2,90,27,2.6650205761316874,0.18789509663239473,0.9482556278644221,0.021739130434782608
952,Cellular foci,0,92,25,0.0,1.0,1.0,0.0
952,Microgranuloma,0,92,20,0.0,1.0,1.0,0.0
952,Edema,5,87,13,14.376657824933687,8.957784244035067e-05,0.0007935755169212275,0.05434782608695652
952,"Deposit, hemosiderin",0,92,17,0.0,1.0,1.0,0.0
952,"Inclusion body, intracytoplasmic",0,92,11,0.0,1.0,1.0,0.0
952,"Degeneration, acidophilic, eosinophilic",0,92,10,0.0,1.0,1.0,0.0
952,Hemorrhage,0,92,10,0.0,1.0,1.0,0.0
952,Phagocytosis,0,92,10,0.0,1.0,1.0,0.0
952,"Lesion,NOS",0,92,10,0.0,1.0,1.0,0.0
952,"Deposit, glycogen",0,92,9,0.0,1.0,1.0,0.0
952,Granuloma,4,88,4,37.05681818181818,3.4017692865404376e-05,0.00031572671190703436,0.043478260869565216
952,"Vacuolization, nuclear",0,92,5,0.0,1.0,1.0,0.0
965,Hypertrophy,54,24,451,14.108647450110865,7.5698685121051645e-28,3.343124086386965e-26,0.6923076923076923
965,Cellular infiltration,1,77,203,0.19678843324163522,0.9929087541392099,1.0,0.01282051282051282
965,"Degeneration, granular, eosinophilic",1,77,201,0.19887575111455708,0.9925446202752287,1.0,0.01282051282051282
965,Ground glass appearance,49,29,125,42.63337931034483,5.762265029875207e-46,6.338491532862728e-44,0.6282051282051282
965,Necrosis,0,78,160,0.0,1.0,1.0,0.0
965,"Proliferation, bile duct",0,78,155,0.0,1.0,1.0,0.0
965,"Vacuolization, cytoplasmic",13,65,122,5.175409836065573,9.463273896775952e-06,9.360840457427003e-05,0.16666666666666666
965,"Change, eosinophilic",2,76,127,0.6531288852051388,0.809721431264899,1.0,0.02564102564102564
965,Increased mitosis,8,70,118,3.061501210653753,0.00812907951850112,0.054715844011214335,0.10256410256410256
965,Single cell necrosis,1,77,110,0.3741440377804014,0.9296145552871736,1.0,0.01282051282051282
965,Swelling,0,78,105,0.0,1.0,1.0,0.0
965,"Change, acidophilic",0,78,87,0.0,1.0,1.0,0.0
965,"Degeneration, fatty",0,78,80,0.0,1.0,1.0,0.0
965,Fibrosis,0,78,63,0.0,1.0,1.0,0.0
965,"Proliferation, oval cell",0,78,61,0.0,1.0,1.0,0.0
965,"Hematopoiesis, extramedullary",0,78,54,0.0,1.0,1.0,0.0
965,"Cellular infiltration, mononuclear cell",0,78,53,0.0,1.0,1.0,0.0
965,Anisonucleosis,0,78,47,0.0,1.0,1.0,0.0
965,"Alteration, nuclear",0,78,46,0.0,1.0,1.0,0.0
965,"Deposit, pigment",0,78,38,0.0,1.0,1.0,0.0
965,"Degeneration, hydropic",0,78,35,0.0,1.0,1.0,0.0
965,"Alteration, cytoplasmic",0,78,35,0.0,1.0,1.0,0.0
965,Pyknosis,0,78,33,0.0,1.0,1.0,0.0
965,"Proliferation, Kupffer cell",0,78,29,0.0,1.0,1.0,0.0
965,Cellular foci,0,78,25,0.0,1.0,1.0,0.0
965,Microgranuloma,0,78,20,0.0,1.0,1.0,0.0
965,Edema,0,78,18,0.0,1.0,1.0,0.0
965,"Deposit, hemosiderin",0,78,17,0.0,1.0,1.0,0.0
965,"Inclusion body, intracytoplasmic",0,78,11,0.0,1.0,1.0,0.0
965,"Degeneration, acidophilic, eosinophilic",0,78,10,0.0,1.0,1.0,0.0
965,Hemorrhage,0,78,10,0.0,1.0,1.0,0.0
965,Phagocytosis,0,78,10,0.0,1.0,1.0,0.0
965,"Lesion,NOS",0,78,10,0.0,1.0,1.0,0.0
965,"Deposit, glycogen",0,78,9,0.0,1.0,1.0,0.0
965,Granuloma,0,78,8,0.0,1.0,1.0,0.0
965,"Vacuolization, nuclear",0,78,5,0.0,1.0,1.0,0.0
970,Hypertrophy,0,21,505,0.0,1.0,1.0,0.0
970,Cellular infiltration,2,19,202,1.6331422615945805,0.36798421447780794,1.0,0.09523809523809523
970,"Degeneration, granular, eosinophilic",14,7,188,33.48936170212766,4.215172254250805e-13,7.800038377024854e-12,0.6666666666666666
970,Ground glass appearance,0,21,174,0.0,1.0,1.0,0.0
970,Necrosis,0,21,160,0.0,1.0,1.0,0.0
970,"Proliferation, bile duct",0,21,155,0.0,1.0,1.0,0.0
970,"Vacuolization, cytoplasmic",0,21,135,0.0,1.0,1.0,0.0
970,"Change, eosinophilic",0,21,129,0.0,1.0,1.0,0.0
970,Increased mitosis,0,21,126,0.0,1.0,1.0,0.0
970,Single cell necrosis,0,21,111,0.0,1.0,1.0,0.0
970,Swelling,14,7,91,71.31868131868131,3.457076307989474e-17,8.450630975085379e-16,0.6666666666666666
970,"Change, acidophilic",0,21,87,0.0,1.0,1.0,0.0
970,"Degeneration, fatty",0,21,80,0.0,1.0,1.0,0.0
970,Fibrosis,0,21,63,0.0,1.0,1.0,0.0
970,"Proliferation, oval cell",0,21,61,0.0,1.0,1.0,0.0
970,"Hematopoiesis, extramedullary",0,21,54,0.0,1.0,1.0,0.0
970,"Cellular infiltration, mononuclear cell",0,21,53,0.0,1.0,1.0,0.0
970,Anisonucleosis,0,21,47,0.0,1.0,1.0,0.0
970,"Alteration, nuclear",0,21,46,0.0,1.0,1.0,0.0
970,"Deposit, pigment",0,21,38,0.0,1.0,1.0,0.0
970,"Degeneration, hydropic",0,21,35,0.0,1.0,1.0,0.0
970,"Alteration, cytoplasmic",0,21,35,0.0,1.0,1.0,0.0
970,Pyknosis,0,21,33,0.0,1.0,1.0,0.0
970,"Proliferation, Kupffer cell",0,21,29,0.0,1.0,1.0,0.0
970,Cellular foci,0,21,25,0.0,1.0,1.0,0.0
970,Microgranuloma,0,21,20,0.0,1.0,1.0,0.0
970,Edema,0,21,18,0.0,1.0,1.0,0.0
970,"Deposit, hemosiderin",0,21,17,0.0,1.0,1.0,0.0
970,"Inclusion body, intracytoplasmic",0,21,11,0.0,1.0,1.0,0.0
970,"Degeneration, acidophilic, eosinophilic",0,21,10,0.0,1.0,1.0,0.0
970,Hemorrhage,0,21,10,0.0,1.0,1.0,0.0
970,Phagocytosis,0,21,10,0.0,1.0,1.0,0.0
970,"Lesion,NOS",0,21,10,0.0,1.0,1.0,0.0
970,"Deposit, glycogen",0,21,9,0.0,1.0,1.0,0.0
970,Granuloma,0,21,8,0.0,1.0,1.0,0.0
970,"Vacuolization, nuclear",0,21,5,0.0,1.0,1.0,0.0
983,Hypertrophy,29,27,476,6.374494242141301,9.137381286854394e-11,1.413438667810289e-09,0.5178571428571429
983,Cellular infiltration,1,55,203,0.277474249888043,0.9710113178418036,1.0,0.017857142857142856
983,"Degeneration, granular, eosinophilic",0,56,202,0.0,1.0,1.0,0.0
983,Ground glass appearance,24,32,150,15.755,3.069684205178686e-17,7.550279163048197e-16,0.42857142857142855
983,Necrosis,0,56,160,0.0,1.0,1.0,0.0
983,"Proliferation, bile duct",0,56,155,0.0,1.0,1.0,0.0
983,"Vacuolization, cytoplasmic",0,56,135,0.0,1.0,1.0,0.0
983,"Change, eosinophilic",4,52,125,1.9544615384615385,0.1665527790483882,0.8554461803263519,0.07142857142857142
983,Increased mitosis,1,55,125,0.46196363636363635,0.8847245776788688,1.0,0.017857142857142856
983,Single cell necrosis,1,55,110,0.5274380165289256,0.85025526261458,1.0,0.017857142857142856
983,Swelling,0,56,105,0.0,1.0,1.0,0.0
983,"Change, acidophilic",1,55,86,0.6797040169133193,0.7729933999338747,1.0,0.017857142857142856
983,"Degeneration, fatty",0,56,80,0.0,1.0,1.0,0.0
983,Fibrosis,1,55,62,0.9498533724340176,0.6569220049960542,1.0,0.017857142857142856
983,"Proliferation, oval cell",0,56,61,0.0,1.0,1.0,0.0
983,"Hematopoiesis, extramedullary",1,55,53,1.114236706689537,0.5997685549865007,1.0,0.017857142857142856
983,"Cellular infiltration, mononuclear cell",0,56,53,0.0,1.0,1.0,0.0
983,Anisonucleosis,0,56,47,0.0,1.0,1.0,0.0
983,"Alteration, nuclear",2,54,44,2.741582491582492,0.17818680297049863,0.9061897342848989,0.03571428571428571
983,"Deposit, pigment",1,55,37,1.603931203931204,0.47419538245264753,1.0,0.017857142857142856
983,"Degeneration, hydropic",0,56,35,0.0,1.0,1.0,0.0
983,"Alteration, cytoplasmic",0,56,35,0.0,1.0,1.0,0.0
983,Pyknosis,0,56,33,0.0,1.0,1.0,0.0
983,"Proliferation, Kupffer cell",0,56,29,0.0,1.0,1.0,0.0
983,Cellular foci,0,56,25,0.0,1.0,1.0,0.0
983,Microgranuloma,0,56,20,0.0,1.0,1.0,0.0
983,Edema,0,56,18,0.0,1.0,1.0,0.0
983,"Deposit, hemosiderin",0,56,17,0.0,1.0,1.0,0.0
983,"Inclusion body, intracytoplasmic",0,56,11,0.0,1.0,1.0,0.0
983,"Degeneration, acidophilic, eosinophilic",0,56,10,0.0,1.0,1.0,0.0
983,Hemorrhage,1,55,9,6.650505050505051,0.1550269045024807,0.8038933328194984,0.017857142857142856
983,Phagocytosis,1,55,9,6.650505050505051,0.1550269045024807,0.8038933328194984,0.017857142857142856
983,"Lesion,NOS",0,56,10,0.0,1.0,1.0,0.0
983,"Deposit, glycogen",0,56,9,0.0,1.0,1.0,0.0
983,Granuloma,0,56,8,0.0,1.0,1.0,0.0
983,"Vacuolization, nuclear",0,56,5,0.0,1.0,1.0,0.0
993,Hypertrophy,2,12,503,0.9410205434062293,0.6455554665342356,1.0,0.14285714285714285
993,Cellular infiltration,0,14,204,0.0,1.0,1.0,0.0
993,"Degeneration, granular, eosinophilic",0,14,202,0.0,1.0,1.0,0.0
993,Ground glass appearance,3,11,171,5.059011164274322,0.03264904017265479,0.20117769566967786,0.21428571428571427
993,Necrosis,2,12,158,3.359704641350211,0.14131486851713226,0.7413973524590698,0.14285714285714285
993,"Proliferation, bile duct",0,14,155,0.0,1.0,1.0,0.0
993,"Vacuolization, cytoplasmic",0,14,135,0.0,1.0,1.0,0.0
993,"Change, eosinophilic",0,14,129,0.0,1.0,1.0,0.0
993,Increased mitosis,0,14,126,0.0,1.0,1.0,0.0
993,Single cell necrosis,1,13,110,2.260839160839161,0.3760399827711513,1.0,0.07142857142857142
993,Swelling,0,14,105,0.0,1.0,1.0,0.0
993,"Change, acidophilic",0,14,87,0.0,1.0,1.0,0.0
993,"Degeneration, fatty",0,14,80,0.0,1.0,1.0,0.0
993,Fibrosis,0,14,63,0.0,1.0,1.0,0.0
993,"Proliferation, oval cell",0,14,61,0.0,1.0,1.0,0.0
993,"Hematopoiesis, extramedullary",3,11,51,17.60427807486631,0.0012637558217923133,0.009630159822253164,0.21428571428571427
993,"Cellular infiltration, mononuclear cell",0,14,53,0.0,1.0,1.0,0.0
993,Anisonucleosis,0,14,47,0.0,1.0,1.0,0.0
993,"Alteration, nuclear",2,12,44,12.496212121212121,0.015055588587161982,0.09720673500841541,0.14285714285714285
993,"Deposit, pigment",1,13,37,6.873180873180873,0.14759182946917063,0.7700443276652381,0.07142857142857142
993,"Degeneration, hydropic",0,14,35,0.0,1.0,1.0,0.0
993,"Alteration, cytoplasmic",0,14,35,0.0,1.0,1.0,0.0
993,Pyknosis,0,14,33,0.0,1.0,1.0,0.0
993,"Proliferation, Kupffer cell",1,13,28,9.107142857142858,0.11458921871938448,0.6154249178961517,0.07142857142857142
993,Cellular foci,0,14,25,0.0,1.0,1.0,0.0
993,Microgranuloma,0,14,20,0.0,1.0,1.0,0.0
993,Edema,0,14,18,0.0,1.0,1.0,0.0
993,"Deposit, hemosiderin",0,14,17,0.0,1.0,1.0,0.0
993,"Inclusion body, intracytoplasmic",0,14,11,0.0,1.0,1.0,0.0
993,"Degeneration, acidophilic, eosinophilic",0,14,10,0.0,1.0,1.0,0.0
993,Hemorrhage,0,14,10,0.0,1.0,1.0,0.0
993,Phagocytosis,0,14,10,0.0,1.0,1.0,0.0
993,"Lesion,NOS",0,14,10,0.0,1.0,1.0,0.0
993,"Deposit, glycogen",0,14,9,0.0,1.0,1.0,0.0
993,Granuloma,0,14,8,0.0,1.0,1.0,0.0
993,"Vacuolization, nuclear",0,14,5,0.0,1.0,1.0,0.0
1001,Hypertrophy,22,51,483,2.501603539966711,0.0007003661294657023,0.005495607409545933,0.3013698630136986
1001,Cellular infiltration,3,70,201,0.6573560767590618,0.830962365724187,1.0,0.0410958904109589
1001,"Degeneration, granular, eosinophilic",59,14,143,92.56693306693306,2.5909464315061994e-62,5.807630869112009e-60,0.8082191780821918
1001,Ground glass appearance,0,73,174,0.0,1.0,1.0,0.0
1001,Necrosis,11,62,149,3.7329508551634554,0.0005568475272065382,0.004424982356664664,0.1506849315068493
1001,"Proliferation, bile duct",0,73,155,0.0,1.0,1.0,0.0
1001,"Vacuolization, cytoplasmic",1,72,134,0.32649253731343286,0.9516653956610466,1.0,0.0136986301369863
1001,"Change, eosinophilic",2,71,127,0.7002328934235333,0.7790918127471637,1.0,0.0273972602739726
1001,Increased mitosis,22,51,104,13.190045248868778,3.5948114407882585e-15,7.793131371635859e-14,0.3013698630136986
1001,Single cell necrosis,3,70,108,1.2603174603174603,0.4367972481641051,1.0,0.0410958904109589
1001,Swelling,0,73,105,0.0,1.0,1.0,0.0
1001,"Change, acidophilic",0,73,87,0.0,1.0,1.0,0.0
1001,"Degeneration, fatty",0,73,80,0.0,1.0,1.0,0.0
1001,Fibrosis,0,73,63,0.0,1.0,1.0,0.0
1001,"Proliferation, oval cell",0,73,61,0.0,1.0,1.0,0.0
1001,"Hematopoiesis, extramedullary",0,73,54,0.0,1.0,1.0,0.0
1001,"Cellular infiltration, mononuclear cell",0,73,53,0.0,1.0,1.0,0.0
1001,Anisonucleosis,0,73,47,0.0,1.0,1.0,0.0
1001,"Alteration, nuclear",0,73,46,0.0,1.0,1.0,0.0
1001,"Deposit, pigment",0,73,38,0.0,1.0,1.0,0.0
1001,"Degeneration, hydropic",0,73,35,0.0,1.0,1.0,0.0
1001,"Alteration, cytoplasmic",0,73,35,0.0,1.0,1.0,0.0
1001,Pyknosis,0,73,33,0.0,1.0,1.0,0.0
1001,"Proliferation, Kupffer cell",1,72,28,1.6150793650793651,0.4728573867728691,1.0,0.0136986301369863
1001,Cellular foci,0,73,25,0.0,1.0,1.0,0.0
1001,Microgranuloma,0,73,20,0.0,1.0,1.0,0.0
1001,Edema,0,73,18,0.0,1.0,1.0,0.0
1001,"Deposit, hemosiderin",0,73,17,0.0,1.0,1.0,0.0
1001,"Inclusion body, intracytoplasmic",0,73,11,0.0,1.0,1.0,0.0
1001,"Degeneration, acidophilic, eosinophilic",0,73,10,0.0,1.0,1.0,0.0
1001,Hemorrhage,0,73,10,0.0,1.0,1.0,0.0
1001,Phagocytosis,0,73,10,0.0,1.0,1.0,0.0
1001,"Lesion,NOS",0,73,10,0.0,1.0,1.0,0.0
1001,"Deposit, glycogen",0,73,9,0.0,1.0,1.0,0.0
1001,Granuloma,3,70,5,28.105714285714285,0.000511015754460481,0.004077143830080936,0.0410958904109589
1001,"Vacuolization, nuclear",0,73,5,0.0,1.0,1.0,0.0
1005,Hypertrophy,1,38,504,0.14692982456140352,0.9983342414081123,1.0,0.02564102564102564
1005,Cellular infiltration,25,14,179,31.31484437350359,6.616052932820941e-22,2.0848463883796493e-20,0.6410256410256411
1005,"Degeneration, granular, eosinophilic",3,36,199,1.3061139028475712,0.4195741255112528,1.0,0.07692307692307693
1005,Ground glass appearance,0,39,174,0.0,1.0,1.0,0.0
1005,Necrosis,17,22,143,17.1567069294342,2.997117339598476e-13,5.624921642090031e-12,0.4358974358974359
1005,"Proliferation, bile duct",20,19,135,24.818713450292396,1.860414333705107e-17,4.633351234914047e-16,0.5128205128205128
1005,"Vacuolization, cytoplasmic",0,39,135,0.0,1.0,1.0,0.0
1005,"Change, eosinophilic",2,37,127,1.3581613109172164,0.44591285510045225,1.0,0.05128205128205128
1005,Increased mitosis,5,34,121,3.885512882839086,0.014225501746586506,0.09234915887947961,0.1282051282051282
1005,Single cell necrosis,1,38,110,0.7674641148325358,0.7325848843112914,1.0,0.02564102564102564
1005,Swelling,1,38,104,0.8132591093117408,0.7124925099326145,1.0,0.02564102564102564
1005,"Change, acidophilic",11,28,76,16.758458646616543,1.7300347345379257e-09,2.3705666258720367e-08,0.28205128205128205
1005,"Degeneration, fatty",0,39,80,0.0,1.0,1.0,0.0
1005,Fibrosis,15,24,48,42.578125,3.858055270348865e-17,9.411436675922899e-16,0.38461538461538464
1005,"Proliferation, oval cell",0,39,61,0.0,1.0,1.0,0.0
1005,"Hematopoiesis, extramedullary",0,39,54,0.0,1.0,1.0,0.0
1005,"Cellular infiltration, mononuclear cell",0,39,53,0.0,1.0,1.0,0.0
1005,Anisonucleosis,0,39,47,0.0,1.0,1.0,0.0
1005,"Alteration, nuclear",0,39,46,0.0,1.0,1.0,0.0
1005,"Deposit, pigment",2,37,36,4.927927927927928,0.07114309283079913,0.40477966610627086,0.05128205128205128
1005,"Degeneration, hydropic",0,39,35,0.0,1.0,1.0,0.0
1005,"Alteration, cytoplasmic",6,33,29,20.620689655172413,2.092246845845191e-06,2.209412669212522e-05,0.15384615384615385
1005,Pyknosis,0,39,33,0.0,1.0,1.0,0.0
1005,"Proliferation, Kupffer cell",0,39,29,0.0,1.0,1.0,0.0
1005,Cellular foci,0,39,25,0.0,1.0,1.0,0.0
1005,Microgranuloma,0,39,20,0.0,1.0,1.0,0.0
1005,Edema,0,39,18,0.0,1.0,1.0,0.0
1005,"Deposit, hemosiderin",0,39,17,0.0,1.0,1.0,0.0
1005,"Inclusion body, intracytoplasmic",0,39,11,0.0,1.0,1.0,0.0
1005,"Degeneration, acidophilic, eosinophilic",9,30,1,995.1,1.423992186118793e-17,3.568993074069886e-16,0.23076923076923078
1005,Hemorrhage,0,39,10,0.0,1.0,1.0,0.0
1005,Phagocytosis,0,39,10,0.0,1.0,1.0,0.0
1005,"Lesion,NOS",0,39,10,0.0,1.0,1.0,0.0
1005,"Deposit, glycogen",0,39,9,0.0,1.0,1.0,0.0
1005,Granuloma,0,39,8,0.0,1.0,1.0,0.0
1005,"Vacuolization, nuclear",0,39,5,0.0,1.0,1.0,0.0
1008,Hypertrophy,3,60,502,0.27808764940239045,0.9976214772400949,1.0,0.047619047619047616
1008,Cellular infiltration,54,9,150,125.76,2.218625954602463e-59,4.0549655908734245e-57,0.8571428571428571
1008,"Degeneration, granular, eosinophilic",0,63,202,0.0,1.0,1.0,0.0
1008,Ground glass appearance,0,63,174,0.0,1.0,1.0,0.0
1008,Necrosis,2,61,158,0.6507574185515668,0.8112559891561854,1.0,0.031746031746031744
1008,"Proliferation, bile duct",2,61,153,0.6730954676952748,0.7967412619640117,1.0,0.031746031746031744
1008,"Vacuolization, cytoplasmic",3,60,132,1.1977272727272728,0.46875534409360403,1.0,0.047619047619047616
1008,"Change, eosinophilic",2,61,127,0.8176068155414999,0.7049134552825709,1.0,0.031746031746031744
1008,Increased mitosis,0,63,126,0.0,1.0,1.0,0.0
1008,Single cell necrosis,1,62,110,0.46686217008797654,0.8821657846921144,1.0,0.015873015873015872
1008,Swelling,0,63,105,0.0,1.0,1.0,0.0
1008,"Change, acidophilic",0,63,87,0.0,1.0,1.0,0.0
1008,"Degeneration, fatty",58,5,22,1725.2363636363636,2.2205290968204615e-100,2.3981714245660986e-97,0.9206349206349206
1008,Fibrosis,23,40,40,46.77625,1.237825285374462e-25,4.774468957872925e-24,0.36507936507936506
1008,"Proliferation, oval cell",0,63,61,0.0,1.0,1.0,0.0
1008,"Hematopoiesis, extramedullary",0,63,54,0.0,1.0,1.0,0.0
1008,"Cellular infiltration, mononuclear cell",0,63,53,0.0,1.0,1.0,0.0
1008,Anisonucleosis,0,63,47,0.0,1.0,1.0,0.0
1008,"Alteration, nuclear",0,63,46,0.0,1.0,1.0,0.0
1008,"Deposit, pigment",0,63,38,0.0,1.0,1.0,0.0
1008,"Degeneration, hydropic",35,28,0,inf,3.0341654195319747e-66,1.0012745884455516e-63,0.5555555555555556
1008,"Alteration, cytoplasmic",0,63,35,0.0,1.0,1.0,0.0
1008,Pyknosis,0,63,33,0.0,1.0,1.0,0.0
1008,"Proliferation, Kupffer cell",1,62,28,1.881336405529954,0.4240496895998894,1.0,0.015873015873015872
1008,Cellular foci,0,63,25,0.0,1.0,1.0,0.0
1008,Microgranuloma,0,63,20,0.0,1.0,1.0,0.0
1008,Edema,0,63,18,0.0,1.0,1.0,0.0
1008,"Deposit, hemosiderin",0,63,17,0.0,1.0,1.0,0.0
1008,"Inclusion body, intracytoplasmic",0,63,11,0.0,1.0,1.0,0.0
1008,"Degeneration, acidophilic, eosinophilic",1,62,9,5.887096774193548,0.17279913391895615,0.8837080116044765,0.015873015873015872
1008,Hemorrhage,0,63,10,0.0,1.0,1.0,0.0
1008,Phagocytosis,0,63,10,0.0,1.0,1.0,0.0
1008,"Lesion,NOS",0,63,10,0.0,1.0,1.0,0.0
1008,"Deposit, glycogen",0,63,9,0.0,1.0,1.0,0.0
1008,Granuloma,0,63,8,0.0,1.0,1.0,0.0
1008,"Vacuolization, nuclear",0,63,5,0.0,1.0,1.0,0.0
1022,Hypertrophy,6,0,499,inf,1.129886728225257e-05,0.0001109343333166616,1.0
1022,Cellular infiltration,3,3,201,15.671641791044776,0.003857480715334643,0.027196956022656118,0.5
1022,"Degeneration, granular, eosinophilic",0,6,202,0.0,1.0,1.0,0.0
1022,Ground glass appearance,0,6,174,0.0,1.0,1.0,0.0
1022,Necrosis,4,2,156,40.96153846153846,6.921702022466744e-05,0.0006192004520098263,0.6666666666666666
1022,"Proliferation, bile duct",3,3,152,21.04605263157895,0.0017424122476637134,0.013059847004570923,0.5
1022,"Vacuolization, cytoplasmic",3,3,132,24.386363636363637,0.001163829564885206,0.008908695380693459,0.5
1022,"Change, eosinophilic",1,5,128,5.0359375,0.20965725219205,1.0,0.16666666666666666
1022,Increased mitosis,1,5,125,5.1616,0.20523645123019432,1.0,0.16666666666666666
1022,Single cell necrosis,1,5,110,5.892727272727273,0.18282210021574483,0.9269852968685653,0.16666666666666666
1022,Swelling,0,6,105,0.0,1.0,1.0,0.0
1022,"Change, acidophilic",0,6,87,0.0,1.0,1.0,0.0
1022,"Degeneration, fatty",0,6,80,0.0,1.0,1.0,0.0
1022,Fibrosis,0,6,63,0.0,1.0,1.0,0.0
1022,"Proliferation, oval cell",0,6,61,0.0,1.0,1.0,0.0
1022,"Hematopoiesis, extramedullary",0,6,54,0.0,1.0,1.0,0.0
1022,"Cellular infiltration, mononuclear cell",0,6,53,0.0,1.0,1.0,0.0
1022,Anisonucleosis,0,6,47,0.0,1.0,1.0,0.0
1022,"Alteration, nuclear",0,6,46,0.0,1.0,1.0,0.0
1022,"Deposit, pigment",0,6,38,0.0,1.0,1.0,0.0
1022,"Degeneration, hydropic",0,6,35,0.0,1.0,1.0,0.0
1022,"Alteration, cytoplasmic",0,6,35,0.0,1.0,1.0,0.0
1022,Pyknosis,0,6,33,0.0,1.0,1.0,0.0
1022,"Proliferation, Kupffer cell",0,6,29,0.0,1.0,1.0,0.0
1022,Cellular foci,0,6,25,0.0,1.0,1.0,0.0
1022,Microgranuloma,0,6,20,0.0,1.0,1.0,0.0
1022,Edema,2,4,16,104.21875,0.00040226197856158745,0.003250933541028339,0.3333333333333333
1022,"Deposit, hemosiderin",0,6,17,0.0,1.0,1.0,0.0
1022,"Inclusion body, intracytoplasmic",0,6,11,0.0,1.0,1.0,0.0
1022,"Degeneration, acidophilic, eosinophilic",0,6,10,0.0,1.0,1.0,0.0
1022,Hemorrhage,0,6,10,0.0,1.0,1.0,0.0
1022,Phagocytosis,0,6,10,0.0,1.0,1.0,0.0
1022,"Lesion,NOS",0,6,10,0.0,1.0,1.0,0.0
1022,"Deposit, glycogen",0,6,9,0.0,1.0,1.0,0.0
1022,Granuloma,0,6,8,0.0,1.0,1.0,0.0
1022,"Vacuolization, nuclear",0,6,5,0.0,1.0,1.0,0.0
1026,Hypertrophy,4,23,501,0.9820359281437125,0.5960153160380708,1.0,0.14814814814814814
1026,Cellular infiltration,0,27,204,0.0,1.0,1.0,0.0
1026,"Degeneration, granular, eosinophilic",0,27,202,0.0,1.0,1.0,0.0
1026,Ground glass appearance,3,24,171,2.3092105263157894,0.16173985489854573,0.8346956890507051,0.1111111111111111
1026,Necrosis,1,26,159,0.7670537010159652,0.7338784398027812,1.0,0.037037037037037035
1026,"Proliferation, bile duct",0,27,155,0.0,1.0,1.0,0.0
1026,"Vacuolization, cytoplasmic",23,4,112,165.20982142857142,1.810107084878656e-29,8.706102092452808e-28,0.8518518518518519
1026,"Change, eosinophilic",1,26,128,0.9621394230769231,0.6543038637892933,1.0,0.037037037037037035
1026,Increased mitosis,12,15,114,22.568421052631578,4.996136274354412e-11,7.871896411051779e-10,0.4444444444444444
1026,Single cell necrosis,11,16,100,22.20625,2.6300938472321255e-10,3.91547805828542e-09,0.4074074074074074
1026,Swelling,0,27,105,0.0,1.0,1.0,0.0
1026,"Change, acidophilic",0,27,87,0.0,1.0,1.0,0.0
1026,"Degeneration, fatty",0,27,80,0.0,1.0,1.0,0.0
1026,Fibrosis,1,26,62,2.0272952853598016,0.40161908921442196,1.0,0.037037037037037035
1026,"Proliferation, oval cell",0,27,61,0.0,1.0,1.0,0.0
1026,"Hematopoiesis, extramedullary",0,27,54,0.0,1.0,1.0,0.0
1026,"Cellular infiltration, mononuclear cell",0,27,53,0.0,1.0,1.0,0.0
1026,Anisonucleosis,0,27,47,0.0,1.0,1.0,0.0
1026,"Alteration, nuclear",0,27,46,0.0,1.0,1.0,0.0
1026,"Deposit, pigment",0,27,38,0.0,1.0,1.0,0.0
1026,"Degeneration, hydropic",0,27,35,0.0,1.0,1.0,0.0
1026,"Alteration, cytoplasmic",0,27,35,0.0,1.0,1.0,0.0
1026,Pyknosis,0,27,33,0.0,1.0,1.0,0.0
1026,"Proliferation, Kupffer cell",0,27,29,0.0,1.0,1.0,0.0
1026,Cellular foci,0,27,25,0.0,1.0,1.0,0.0
1026,Microgranuloma,2,25,18,14.72,0.010827337748321097,0.07150015144527773,0.07407407407407407
1026,Edema,0,27,18,0.0,1.0,1.0,0.0
1026,"Deposit, hemosiderin",0,27,17,0.0,1.0,1.0,0.0
1026,"Inclusion body, intracytoplasmic",0,27,11,0.0,1.0,1.0,0.0
1026,"Degeneration, acidophilic, eosinophilic",0,27,10,0.0,1.0,1.0,0.0
1026,Hemorrhage,0,27,10,0.0,1.0,1.0,0.0
1026,Phagocytosis,0,27,10,0.0,1.0,1.0,0.0
1026,"Lesion,NOS",0,27,10,0.0,1.0,1.0,0.0
1026,"Deposit, glycogen",0,27,9,0.0,1.0,1.0,0.0
1026,Granuloma,0,27,8,0.0,1.0,1.0,0.0
1026,"Vacuolization, nuclear",5,22,0,inf,2.279049557438858e-11,3.6987853473188027e-10,0.18518518518518517
1027,Hypertrophy,77,60,428,8.371651090342679,2.3755897321803183e-30,1.2060686332607768e-28,0.5620437956204379
1027,Cellular infiltration,5,132,199,0.5750342622201918,0.9280970791740948,1.0,0.0364963503649635
1027,"Degeneration, granular, eosinophilic",6,131,196,0.7066521264994547,0.8439199657816734,1.0,0.043795620437956206
1027,Ground glass appearance,81,56,93,48.63421658986175,8.966277237211882e-76,4.841789708094416e-73,0.5912408759124088
1027,Necrosis,1,136,159,0.14155567887532372,0.9989226415062504,1.0,0.0072992700729927005
1027,"Proliferation, bile duct",0,137,155,0.0,1.0,1.0,0.0
1027,"Vacuolization, cytoplasmic",19,118,116,4.308591466978375,1.3583178327976226e-06,1.4537671940212394e-05,0.1386861313868613
1027,"Change, eosinophilic",2,135,127,0.36080489938757654,0.9720672517310329,1.0,0.014598540145985401
1027,Increased mitosis,13,124,113,2.8826006280331145,0.0015934398521261443,0.012049691561590447,0.0948905109489051
1027,Single cell necrosis,0,137,111,0.0,1.0,1.0,0.0
1027,Swelling,3,134,102,0.6843722563652327,0.8112691675165098,1.0,0.021897810218978103
1027,"Change, acidophilic",0,137,87,0.0,1.0,1.0,0.0
1027,"Degeneration, fatty",0,137,80,0.0,1.0,1.0,0.0
1027,Fibrosis,0,137,63,0.0,1.0,1.0,0.0
1027,"Proliferation, oval cell",1,136,60,0.3872549019607843,0.9230908053724586,1.0,0.0072992700729927005
1027,"Hematopoiesis, extramedullary",0,137,54,0.0,1.0,1.0,0.0
1027,"Cellular infiltration, mononuclear cell",0,137,53,0.0,1.0,1.0,0.0
1027,Anisonucleosis,0,137,47,0.0,1.0,1.0,0.0
1027,"Alteration, nuclear",6,131,40,3.6412213740458017,0.010096799141492462,0.06708611510119153,0.043795620437956206
1027,"Deposit, pigment",0,137,38,0.0,1.0,1.0,0.0
1027,"Degeneration, hydropic",0,137,35,0.0,1.0,1.0,0.0
1027,"Alteration, cytoplasmic",0,137,35,0.0,1.0,1.0,0.0
1027,Pyknosis,0,137,33,0.0,1.0,1.0,0.0
1027,"Proliferation, Kupffer cell",0,137,29,0.0,1.0,1.0,0.0
1027,Cellular foci,0,137,25,0.0,1.0,1.0,0.0
1027,Microgranuloma,1,136,19,1.2387770897832817,0.5664485449553449,1.0,0.0072992700729927005
1027,Edema,0,137,18,0.0,1.0,1.0,0.0
1027,"Deposit, hemosiderin",0,137,17,0.0,1.0,1.0,0.0
1027,"Inclusion body, intracytoplasmic",0,137,11,0.0,1.0,1.0,0.0
1027,"Degeneration, acidophilic, eosinophilic",0,137,10,0.0,1.0,1.0,0.0
1027,Hemorrhage,0,137,10,0.0,1.0,1.0,0.0
1027,Phagocytosis,0,137,10,0.0,1.0,1.0,0.0
1027,"Lesion,NOS",0,137,10,0.0,1.0,1.0,0.0
1027,"Deposit, glycogen",0,137,9,0.0,1.0,1.0,0.0
1027,Granuloma,0,137,8,0.0,1.0,1.0,0.0
1027,"Vacuolization, nuclear",0,137,5,0.0,1.0,1.0,0.0
1028,Hypertrophy,8,45,497,1.0040688575899843,0.5554692409734983,1.0,0.1509433962264151
1028,Cellular infiltration,2,51,202,0.6022131624927198,0.842526134144802,1.0,0.03773584905660377
1028,"Degeneration, granular, eosinophilic",34,19,168,33.40350877192982,8.966551298351557e-30,4.401761546463492e-28,0.6415094339622641
1028,Ground glass appearance,0,53,174,0.0,1.0,1.0,0.0
1028,Necrosis,11,42,149,5.545701502077341,2.735407217762689e-05,0.0002564590181802441,0.20754716981132076
1028,"Proliferation, bile duct",2,51,153,0.8076380879149045,0.711301017733521,1.0,0.03773584905660377
1028,"Vacuolization, cytoplasmic",1,52,134,0.45493685419058555,0.8883953286822459,1.0,0.018867924528301886
1028,"Change, eosinophilic",1,52,128,0.47716346153846156,0.8767307147381251,1.0,0.018867924528301886
1028,Increased mitosis,4,49,122,2.129140180662429,0.13591806465314624,0.7170100391116241,0.07547169811320754
1028,Single cell necrosis,2,51,109,1.149487317862925,0.5284843976480134,1.0,0.03773584905660377
1028,Swelling,0,53,105,0.0,1.0,1.0,0.0
1028,"Change, acidophilic",0,53,87,0.0,1.0,1.0,0.0
1028,"Degeneration, fatty",0,53,80,0.0,1.0,1.0,0.0
1028,Fibrosis,0,53,63,0.0,1.0,1.0,0.0
1028,"Proliferation, oval cell",0,53,61,0.0,1.0,1.0,0.0
1028,"Hematopoiesis, extramedullary",0,53,54,0.0,1.0,1.0,0.0
1028,"Cellular infiltration, mononuclear cell",0,53,53,0.0,1.0,1.0,0.0
1028,Anisonucleosis,0,53,47,0.0,1.0,1.0,0.0
1028,"Alteration, nuclear",0,53,46,0.0,1.0,1.0,0.0
1028,"Deposit, pigment",1,52,37,1.698024948024948,0.45562200604711245,1.0,0.018867924528301886
1028,"Degeneration, hydropic",0,53,35,0.0,1.0,1.0,0.0
1028,"Alteration, cytoplasmic",0,53,35,0.0,1.0,1.0,0.0
1028,Pyknosis,0,53,33,0.0,1.0,1.0,0.0
1028,"Proliferation, Kupffer cell",0,53,29,0.0,1.0,1.0,0.0
1028,Cellular foci,1,52,24,2.628205128205128,0.3292019491509819,1.0,0.018867924528301886
1028,Microgranuloma,0,53,20,0.0,1.0,1.0,0.0
1028,Edema,1,52,17,3.7183257918552037,0.24962574628790113,1.0,0.018867924528301886
1028,"Deposit, hemosiderin",0,53,17,0.0,1.0,1.0,0.0
1028,"Inclusion body, intracytoplasmic",0,53,11,0.0,1.0,1.0,0.0
1028,"Degeneration, acidophilic, eosinophilic",0,53,10,0.0,1.0,1.0,0.0
1028,Hemorrhage,0,53,10,0.0,1.0,1.0,0.0
1028,Phagocytosis,0,53,10,0.0,1.0,1.0,0.0
1028,"Lesion,NOS",0,53,10,0.0,1.0,1.0,0.0
1028,"Deposit, glycogen",0,53,9,0.0,1.0,1.0,0.0
1028,Granuloma,5,48,3,114.61805555555556,4.376243172422172e-08,5.370843893427211e-07,0.09433962264150944
1028,"Vacuolization, nuclear",0,53,5,0.0,1.0,1.0,0.0
1030,Hypertrophy,8,47,497,0.9606575623956505,0.6000377402150183,1.0,0.14545454545454545
1030,Cellular infiltration,3,52,201,0.8900688863375431,0.6594520643241406,1.0,0.05454545454545454
1030,"Degeneration, granular, eosinophilic",0,55,202,0.0,1.0,1.0,0.0
1030,Ground glass appearance,0,55,174,0.0,1.0,1.0,0.0
1030,Necrosis,26,29,134,21.196088522902727,6.218046802027975e-21,1.8467599002023086e-19,0.4727272727272727
1030,"Proliferation, bile duct",20,35,135,13.405291005291005,7.246713696472414e-14,1.427710758110983e-12,0.36363636363636365
1030,"Vacuolization, cytoplasmic",4,51,131,1.8985181859003144,0.17834181572367955,0.9065899746672285,0.07272727272727272
1030,"Change, eosinophilic",0,55,129,0.0,1.0,1.0,0.0
1030,Increased mitosis,0,55,126,0.0,1.0,1.0,0.0
1030,Single cell necrosis,1,54,110,0.5373737373737374,0.8450463419471461,1.0,0.01818181818181818
1030,Swelling,15,40,90,13.383333333333333,4.132007441694989e-11,6.571385328960706e-10,0.2727272727272727
1030,"Change, acidophilic",24,31,63,39.803379416282645,3.872423368159534e-25,1.4512425745657813e-23,0.43636363636363634
1030,"Degeneration, fatty",0,55,80,0.0,1.0,1.0,0.0
1030,Fibrosis,0,55,63,0.0,1.0,1.0,0.0
1030,"Proliferation, oval cell",13,42,48,20.98313492063492,5.014677979112266e-12,8.486378118497681e-11,0.23636363636363636
1030,"Hematopoiesis, extramedullary",2,53,52,2.358490566037736,0.2211692309938089,1.0,0.03636363636363636
1030,"Cellular infiltration, mononuclear cell",1,54,52,1.1574074074074074,0.5862265861398204,1.0,0.01818181818181818
1030,Anisonucleosis,5,50,42,7.761904761904762,0.0008920085071444291,0.0069307135806905285,0.09090909090909091
1030,"Alteration, nuclear",0,55,46,0.0,1.0,1.0,0.0
1030,"Deposit, pigment",1,54,37,1.6341341341341342,0.46807388261600574,1.0,0.01818181818181818
1030,"Degeneration, hydropic",0,55,35,0.0,1.0,1.0,0.0
1030,"Alteration, cytoplasmic",0,55,35,0.0,1.0,1.0,0.0
1030,Pyknosis,1,54,32,1.8923611111111112,0.42176578038193535,1.0,0.01818181818181818
1030,"Proliferation, Kupffer cell",0,55,29,0.0,1.0,1.0,0.0
1030,Cellular foci,13,42,12,84.86111111111111,6.075126685826891e-18,1.5586575781963705e-16,0.23636363636363636
1030,Microgranuloma,0,55,20,0.0,1.0,1.0,0.0
1030,Edema,1,54,17,3.5784313725490198,0.25778069670339804,1.0,0.01818181818181818
1030,"Deposit, hemosiderin",0,55,17,0.0,1.0,1.0,0.0
1030,"Inclusion body, intracytoplasmic",0,55,11,0.0,1.0,1.0,0.0
1030,"Degeneration, acidophilic, eosinophilic",0,55,10,0.0,1.0,1.0,0.0
1030,Hemorrhage,0,55,10,0.0,1.0,1.0,0.0
1030,Phagocytosis,0,55,10,0.0,1.0,1.0,0.0
1030,"Lesion,NOS",0,55,10,0.0,1.0,1.0,0.0
1030,"Deposit, glycogen",0,55,9,0.0,1.0,1.0,0.0
1030,Granuloma,0,55,8,0.0,1.0,1.0,0.0
1030,"Vacuolization, nuclear",0,55,5,0.0,1.0,1.0,0.0
1047,Hypertrophy,16,0,489,inf,5.6068367249907467e-14,1.1101536715481678e-12,1.0
1047,Cellular infiltration,13,3,191,71.46596858638743,5.076474759447323e-14,1.013588573819062e-12,0.8125
1047,"Degeneration, granular, eosinophilic",2,14,200,2.2435714285714288,0.24990312918098043,1.0,0.125
1047,Ground glass appearance,0,16,174,0.0,1.0,1.0,0.0
1047,Necrosis,9,7,151,27.16177861873226,8.73371444080062e-09,1.1439528947818231e-07,0.5625
1047,"Proliferation, bile duct",13,3,142,97.62206572769954,1.3126425535011005e-15,2.936759611222801e-14,0.8125
1047,"Vacuolization, cytoplasmic",2,14,133,3.4457572502685285,0.13350265064049677,0.7058351088603034,0.125
1047,"Change, eosinophilic",6,10,123,15.697560975609756,1.673030044629233e-05,0.00016106642569039943,0.375
1047,Increased mitosis,2,14,124,3.706221198156682,0.11912507110223325,0.6389191172435806,0.125
1047,Single cell necrosis,10,6,101,53.46534653465346,7.067468672410672e-12,1.179234941407848e-10,0.625
1047,Swelling,0,16,105,0.0,1.0,1.0,0.0
1047,"Change, acidophilic",0,16,87,0.0,1.0,1.0,0.0
1047,"Degeneration, fatty",0,16,80,0.0,1.0,1.0,0.0
1047,Fibrosis,1,15,62,3.5258064516129033,0.26199684728400147,1.0,0.0625
1047,"Proliferation, oval cell",0,16,61,0.0,1.0,1.0,0.0
1047,"Hematopoiesis, extramedullary",0,16,54,0.0,1.0,1.0,0.0
1047,"Cellular infiltration, mononuclear cell",1,15,52,4.216666666666667,0.22523614049909715,1.0,0.0625
1047,Anisonucleosis,0,16,47,0.0,1.0,1.0,0.0
1047,"Alteration, nuclear",0,16,46,0.0,1.0,1.0,0.0
1047,"Deposit, pigment",6,10,32,62.04375,1.028958968747061e-08,1.3388863689720794e-07,0.375
1047,"Degeneration, hydropic",0,16,35,0.0,1.0,1.0,0.0
1047,"Alteration, cytoplasmic",0,16,35,0.0,1.0,1.0,0.0
1047,Pyknosis,0,16,33,0.0,1.0,1.0,0.0
1047,"Proliferation, Kupffer cell",1,15,28,7.8880952380952385,0.12988646627471548,0.6888621514926875,0.0625
1047,Cellular foci,0,16,25,0.0,1.0,1.0,0.0
1047,Microgranuloma,0,16,20,0.0,1.0,1.0,0.0
1047,Edema,10,6,8,694.375,6.998200873094844e-21,2.0629932102324253e-19,0.625
1047,"Deposit, hemosiderin",0,16,17,0.0,1.0,1.0,0.0
1047,"Inclusion body, intracytoplasmic",0,16,11,0.0,1.0,1.0,0.0
1047,"Degeneration, acidophilic, eosinophilic",0,16,10,0.0,1.0,1.0,0.0
1047,Hemorrhage,0,16,10,0.0,1.0,1.0,0.0
1047,Phagocytosis,0,16,10,0.0,1.0,1.0,0.0
1047,"Lesion,NOS",0,16,10,0.0,1.0,1.0,0.0
1047,"Deposit, glycogen",0,16,9,0.0,1.0,1.0,0.0
1047,Granuloma,0,16,8,0.0,1.0,1.0,0.0
1047,"Vacuolization, nuclear",0,16,5,0.0,1.0,1.0,0.0
1051,Hypertrophy,2,27,503,0.41602238421323906,0.9464459293409858,1.0,0.06896551724137931
1051,Cellular infiltration,0,29,204,0.0,1.0,1.0,0.0
1051,"Degeneration, granular, eosinophilic",26,3,176,155.21212121212122,1.1779244340913003e-29,5.688513120733596e-28,0.896551724137931
1051,Ground glass appearance,0,29,174,0.0,1.0,1.0,0.0
1051,Necrosis,0,29,160,0.0,1.0,1.0,0.0
1051,"Proliferation, bile duct",0,29,155,0.0,1.0,1.0,0.0
1051,"Vacuolization, cytoplasmic",2,27,133,1.7794486215538847,0.32654013284247946,1.0,0.06896551724137931
1051,"Change, eosinophilic",0,29,129,0.0,1.0,1.0,0.0
1051,Increased mitosis,0,29,126,0.0,1.0,1.0,0.0
1051,Single cell necrosis,0,29,111,0.0,1.0,1.0,0.0
1051,Swelling,0,29,105,0.0,1.0,1.0,0.0
1051,"Change, acidophilic",0,29,87,0.0,1.0,1.0,0.0
1051,"Degeneration, fatty",0,29,80,0.0,1.0,1.0,0.0
1051,Fibrosis,0,29,63,0.0,1.0,1.0,0.0
1051,"Proliferation, oval cell",0,29,61,0.0,1.0,1.0,0.0
1051,"Hematopoiesis, extramedullary",0,29,54,0.0,1.0,1.0,0.0
1051,"Cellular infiltration, mononuclear cell",0,29,53,0.0,1.0,1.0,0.0
1051,Anisonucleosis,0,29,47,0.0,1.0,1.0,0.0
1051,"Alteration, nuclear",0,29,46,0.0,1.0,1.0,0.0
1051,"Deposit, pigment",0,29,38,0.0,1.0,1.0,0.0
1051,"Degeneration, hydropic",0,29,35,0.0,1.0,1.0,0.0
1051,"Alteration, cytoplasmic",0,29,35,0.0,1.0,1.0,0.0
1051,Pyknosis,0,29,33,0.0,1.0,1.0,0.0
1051,"Proliferation, Kupffer cell",0,29,29,0.0,1.0,1.0,0.0
1051,Cellular foci,0,29,25,0.0,1.0,1.0,0.0
1051,Microgranuloma,0,29,20,0.0,1.0,1.0,0.0
1051,Edema,0,29,18,0.0,1.0,1.0,0.0
1051,"Deposit, hemosiderin",0,29,17,0.0,1.0,1.0,0.0
1051,"Inclusion body, intracytoplasmic",0,29,11,0.0,1.0,1.0,0.0
1051,"Degeneration, acidophilic, eosinophilic",0,29,10,0.0,1.0,1.0,0.0
1051,Hemorrhage,0,29,10,0.0,1.0,1.0,0.0
1051,Phagocytosis,0,29,10,0.0,1.0,1.0,0.0
1051,"Lesion,NOS",0,29,10,0.0,1.0,1.0,0.0
1051,"Deposit, glycogen",0,29,9,0.0,1.0,1.0,0.0
1051,Granuloma,0,29,8,0.0,1.0,1.0,0.0
1051,"Vacuolization, nuclear",0,29,5,0.0,1.0,1.0,0.0
1054,Hypertrophy,21,16,484,7.690599173553719,4.3935346177345745e-09,5.8712251134630766e-08,0.5675675675675675
1054,Cellular infiltration,18,19,186,15.962648556876061,3.8904830518529786e-13,7.244347751726235e-12,0.4864864864864865
1054,"Degeneration, granular, eosinophilic",9,28,193,5.2078090303478906,0.00024587031901450863,0.002041187554082713,0.24324324324324326
1054,Ground glass appearance,0,37,174,0.0,1.0,1.0,0.0
1054,Necrosis,17,20,143,18.884265734265735,1.0149847504510982e-13,1.9503630784018545e-12,0.4594594594594595
1054,"Proliferation, bile duct",18,19,137,22.010756819054937,2.8347908395383013e-15,6.197946058004111e-14,0.4864864864864865
1054,"Vacuolization, cytoplasmic",5,32,130,3.8341346153846154,0.015103872317596165,0.09741259670632055,0.13513513513513514
1054,"Change, eosinophilic",13,24,116,14.961206896551724,3.539699291767124e-10,5.197976215845912e-09,0.35135135135135137
1054,Increased mitosis,17,20,109,25.039908256880732,1.664214517328455e-15,3.7024098250677987e-14,0.4594594594594595
1054,Single cell necrosis,5,32,106,4.737617924528302,0.006761787821091006,0.0460872285224103,0.13513513513513514
1054,Swelling,0,37,105,0.0,1.0,1.0,0.0
1054,"Change, acidophilic",0,37,87,0.0,1.0,1.0,0.0
1054,"Degeneration, fatty",0,37,80,0.0,1.0,1.0,0.0
1054,Fibrosis,0,37,63,0.0,1.0,1.0,0.0
1054,"Proliferation, oval cell",0,37,61,0.0,1.0,1.0,0.0
1054,"Hematopoiesis, extramedullary",0,37,54,0.0,1.0,1.0,0.0
1054,"Cellular infiltration, mononuclear cell",0,37,53,0.0,1.0,1.0,0.0
1054,Anisonucleosis,0,37,47,0.0,1.0,1.0,0.0
1054,"Alteration, nuclear",0,37,46,0.0,1.0,1.0,0.0
1054,"Deposit, pigment",0,37,38,0.0,1.0,1.0,0.0
1054,"Degeneration, hydropic",0,37,35,0.0,1.0,1.0,0.0
1054,"Alteration, cytoplasmic",0,37,35,0.0,1.0,1.0,0.0
1054,Pyknosis,0,37,33,0.0,1.0,1.0,0.0
1054,"Proliferation, Kupffer cell",0,37,29,0.0,1.0,1.0,0.0
1054,Cellular foci,0,37,25,0.0,1.0,1.0,0.0
1054,Microgranuloma,0,37,20,0.0,1.0,1.0,0.0
1054,Edema,15,22,3,753.8636363636364,1.3059485598901666e-28,5.967180342882761e-27,0.40540540540540543
1054,"Deposit, hemosiderin",0,37,17,0.0,1.0,1.0,0.0
1054,"Inclusion body, intracytoplasmic",0,37,11,0.0,1.0,1.0,0.0
1054,"Degeneration, acidophilic, eosinophilic",0,37,10,0.0,1.0,1.0,0.0
1054,Hemorrhage,0,37,10,0.0,1.0,1.0,0.0
1054,Phagocytosis,0,37,10,0.0,1.0,1.0,0.0
1054,"Lesion,NOS",0,37,10,0.0,1.0,1.0,0.0
1054,"Deposit, glycogen",0,37,9,0.0,1.0,1.0,0.0
1054,Granuloma,0,37,8,0.0,1.0,1.0,0.0
1054,"Vacuolization, nuclear",0,37,5,0.0,1.0,1.0,0.0
1055,Hypertrophy,0,25,505,0.0,1.0,1.0,0.0
1055,Cellular infiltration,2,23,202,1.34739560912613,0.45457696843814854,1.0,0.08
1055,"Degeneration, granular, eosinophilic",0,25,202,0.0,1.0,1.0,0.0
1055,Ground glass appearance,0,25,174,0.0,1.0,1.0,0.0
1055,Necrosis,3,22,157,2.7576722640416906,0.11363208744849258,0.6108367415783221,0.12
1055,"Proliferation, bile duct",1,24,154,0.8598484848484849,0.6946052882476668,1.0,0.04
1055,"Vacuolization, cytoplasmic",0,25,135,0.0,1.0,1.0,0.0
1055,"Change, eosinophilic",2,23,127,2.1944539541252994,0.24933390096487498,1.0,0.08
1055,Increased mitosis,0,25,126,0.0,1.0,1.0,0.0
1055,Single cell necrosis,0,25,111,0.0,1.0,1.0,0.0
1055,Swelling,11,14,94,27.065349544072948,5.124247469852078e-11,8.063054296932807e-10,0.44
1055,"Change, acidophilic",0,25,87,0.0,1.0,1.0,0.0
1055,"Degeneration, fatty",0,25,80,0.0,1.0,1.0,0.0
1055,Fibrosis,0,25,63,0.0,1.0,1.0,0.0
1055,"Proliferation, oval cell",0,25,61,0.0,1.0,1.0,0.0
1055,"Hematopoiesis, extramedullary",0,25,54,0.0,1.0,1.0,0.0
1055,"Cellular infiltration, mononuclear cell",0,25,53,0.0,1.0,1.0,0.0
1055,Anisonucleosis,0,25,47,0.0,1.0,1.0,0.0
1055,"Alteration, nuclear",0,25,46,0.0,1.0,1.0,0.0
1055,"Deposit, pigment",0,25,38,0.0,1.0,1.0,0.0
1055,"Degeneration, hydropic",0,25,35,0.0,1.0,1.0,0.0
1055,"Alteration, cytoplasmic",3,22,32,14.0625,0.0020412210071441743,0.015090047022322832,0.12
1055,Pyknosis,0,25,33,0.0,1.0,1.0,0.0
1055,"Proliferation, Kupffer cell",0,25,29,0.0,1.0,1.0,0.0
1055,Cellular foci,0,25,25,0.0,1.0,1.0,0.0
1055,Microgranuloma,0,25,20,0.0,1.0,1.0,0.0
1055,Edema,0,25,18,0.0,1.0,1.0,0.0
1055,"Deposit, hemosiderin",0,25,17,0.0,1.0,1.0,0.0
1055,"Inclusion body, intracytoplasmic",0,25,11,0.0,1.0,1.0,0.0
1055,"Degeneration, acidophilic, eosinophilic",0,25,10,0.0,1.0,1.0,0.0
1055,Hemorrhage,0,25,10,0.0,1.0,1.0,0.0
1055,Phagocytosis,0,25,10,0.0,1.0,1.0,0.0
1055,"Lesion,NOS",0,25,10,0.0,1.0,1.0,0.0
1055,"Deposit, glycogen",0,25,9,0.0,1.0,1.0,0.0
1055,Granuloma,0,25,8,0.0,1.0,1.0,0.0
1055,"Vacuolization, nuclear",0,25,5,0.0,1.0,1.0,0.0
1056,Hypertrophy,58,23,447,15.95973154362416,3.7103934313177645e-31,1.9590877317357796e-29,0.7160493827160493
1056,Cellular infiltration,0,81,204,0.0,1.0,1.0,0.0
1056,"Degeneration, granular, eosinophilic",2,79,200,0.38936708860759495,0.9610608898164615,1.0,0.024691358024691357
1056,Ground glass appearance,45,36,129,30.49418604651163,1.1925519278458686e-38,9.770701312282012e-37,0.5555555555555556
1056,Necrosis,2,79,158,0.4995994231693639,0.9059767380206549,1.0,0.024691358024691357
1056,"Proliferation, bile duct",1,80,154,0.2534090909090909,0.9792775961266535,1.0,0.012345679012345678
1056,"Vacuolization, cytoplasmic",14,67,121,5.448377944985815,2.675582162296885e-06,2.7906862237126424e-05,0.1728395061728395
1056,"Change, eosinophilic",3,78,126,0.9615384615384616,0.6091426567027955,1.0,0.037037037037037035
1056,Increased mitosis,15,66,111,6.480343980343981,1.790860853160304e-07,2.0695940598778613e-06,0.18518518518518517
1056,Single cell necrosis,0,81,111,0.0,1.0,1.0,0.0
1056,Swelling,0,81,105,0.0,1.0,1.0,0.0
1056,"Change, acidophilic",0,81,87,0.0,1.0,1.0,0.0
1056,"Degeneration, fatty",0,81,80,0.0,1.0,1.0,0.0
1056,Fibrosis,1,80,62,0.6479838709677419,0.7884543626632354,1.0,0.012345679012345678
1056,"Proliferation, oval cell",0,81,61,0.0,1.0,1.0,0.0
1056,"Hematopoiesis, extramedullary",0,81,54,0.0,1.0,1.0,0.0
1056,"Cellular infiltration, mononuclear cell",1,80,52,0.775,0.7287621147988171,1.0,0.012345679012345678
1056,Anisonucleosis,0,81,47,0.0,1.0,1.0,0.0
1056,"Alteration, nuclear",0,81,46,0.0,1.0,1.0,0.0
1056,"Deposit, pigment",0,81,38,0.0,1.0,1.0,0.0
1056,"Degeneration, hydropic",0,81,35,0.0,1.0,1.0,0.0
1056,"Alteration, cytoplasmic",0,81,35,0.0,1.0,1.0,0.0
1056,Pyknosis,0,81,33,0.0,1.0,1.0,0.0
1056,"Proliferation, Kupffer cell",1,80,28,1.45,0.5090041289477323,1.0,0.012345679012345678
1056,Cellular foci,0,81,25,0.0,1.0,1.0,0.0
1056,Microgranuloma,0,81,20,0.0,1.0,1.0,0.0
1056,Edema,0,81,18,0.0,1.0,1.0,0.0
1056,"Deposit, hemosiderin",0,81,17,0.0,1.0,1.0,0.0
1056,"Inclusion body, intracytoplasmic",0,81,11,0.0,1.0,1.0,0.0
1056,"Degeneration, acidophilic, eosinophilic",0,81,10,0.0,1.0,1.0,0.0
1056,Hemorrhage,0,81,10,0.0,1.0,1.0,0.0
1056,Phagocytosis,0,81,10,0.0,1.0,1.0,0.0
1056,"Lesion,NOS",0,81,10,0.0,1.0,1.0,0.0
1056,"Deposit, glycogen",0,81,9,0.0,1.0,1.0,0.0
1056,Granuloma,0,81,8,0.0,1.0,1.0,0.0
1056,"Vacuolization, nuclear",0,81,5,0.0,1.0,1.0,0.0
1062,Hypertrophy,36,56,469,3.832470301553457,9.379598814008153e-09,1.2271986113482033e-07,0.391304347826087
1062,Cellular infiltration,3,89,201,0.5138353177930571,0.926239792521827,1.0,0.03260869565217391
1062,"Degeneration, granular, eosinophilic",86,6,116,389.10057471264366,9.55015714975559e-106,3.7818622313032135e-102,0.9347826086956522
1062,Ground glass appearance,0,92,174,0.0,1.0,1.0,0.0
1062,Necrosis,14,78,146,3.8343870741131014,8.693719379479159e-05,0.000771908716204876,0.15217391304347827
1062,"Proliferation, bile duct",2,90,153,0.45199709513435005,0.9321654936449906,1.0,0.021739130434782608
1062,"Vacuolization, cytoplasmic",1,91,134,0.25676562243726425,0.9782777060978145,1.0,0.010869565217391304
1062,"Change, eosinophilic",2,90,127,0.5490813648293963,0.8763963568925461,1.0,0.021739130434782608
1062,Increased mitosis,9,83,117,2.917516218721038,0.0069194034674452025,0.046972864681856574,0.09782608695652174
1062,Single cell necrosis,4,88,107,1.3415463041631266,0.36233101832823955,1.0,0.043478260869565216
1062,Swelling,0,92,105,0.0,1.0,1.0,0.0
1062,"Change, acidophilic",0,92,87,0.0,1.0,1.0,0.0
1062,"Degeneration, fatty",0,92,80,0.0,1.0,1.0,0.0
1062,Fibrosis,0,92,63,0.0,1.0,1.0,0.0
1062,"Proliferation, oval cell",0,92,61,0.0,1.0,1.0,0.0
1062,"Hematopoiesis, extramedullary",0,92,54,0.0,1.0,1.0,0.0
1062,"Cellular infiltration, mononuclear cell",0,92,53,0.0,1.0,1.0,0.0
1062,Anisonucleosis,0,92,47,0.0,1.0,1.0,0.0
1062,"Alteration, nuclear",0,92,46,0.0,1.0,1.0,0.0
1062,"Deposit, pigment",1,91,37,0.9587169587169587,0.6541976861007734,1.0,0.010869565217391304
1062,"Degeneration, hydropic",0,92,35,0.0,1.0,1.0,0.0
1062,"Alteration, cytoplasmic",0,92,35,0.0,1.0,1.0,0.0
1062,Pyknosis,0,92,33,0.0,1.0,1.0,0.0
1062,"Proliferation, Kupffer cell",0,92,29,0.0,1.0,1.0,0.0
1062,Cellular foci,1,91,24,1.483974358974359,0.5020369913931747,1.0,0.010869565217391304
1062,Microgranuloma,0,92,20,0.0,1.0,1.0,0.0
1062,Edema,2,90,16,4.5125,0.08557533987046123,0.47751763159280386,0.021739130434782608
1062,"Deposit, hemosiderin",0,92,17,0.0,1.0,1.0,0.0
1062,"Inclusion body, intracytoplasmic",0,92,11,0.0,1.0,1.0,0.0
1062,"Degeneration, acidophilic, eosinophilic",0,92,10,0.0,1.0,1.0,0.0
1062,Hemorrhage,0,92,10,0.0,1.0,1.0,0.0
1062,Phagocytosis,0,92,10,0.0,1.0,1.0,0.0
1062,"Lesion,NOS",0,92,10,0.0,1.0,1.0,0.0
1062,"Deposit, glycogen",0,92,9,0.0,1.0,1.0,0.0
1062,Granuloma,6,86,2,113.82558139534883,9.650216170958165e-09,1.2612163708578988e-07,0.06521739130434782
1062,"Vacuolization, nuclear",0,92,5,0.0,1.0,1.0,0.0
1064,Hypertrophy,0,35,505,0.0,1.0,1.0,0.0
1064,Cellular infiltration,0,35,204,0.0,1.0,1.0,0.0
1064,"Degeneration, granular, eosinophilic",34,1,168,638.3095238095239,6.541246125536409e-42,5.977692613182502e-40,0.9714285714285714
1064,Ground glass appearance,0,35,174,0.0,1.0,1.0,0.0
1064,Necrosis,0,35,160,0.0,1.0,1.0,0.0
1064,"Proliferation, bile duct",0,35,155,0.0,1.0,1.0,0.0
1064,"Vacuolization, cytoplasmic",0,35,135,0.0,1.0,1.0,0.0
1064,"Change, eosinophilic",0,35,129,0.0,1.0,1.0,0.0
1064,Increased mitosis,5,30,121,4.409090909090909,0.009037055258718903,0.06038257394464599,0.14285714285714285
1064,Single cell necrosis,0,35,111,0.0,1.0,1.0,0.0
1064,Swelling,0,35,105,0.0,1.0,1.0,0.0
1064,"Change, acidophilic",0,35,87,0.0,1.0,1.0,0.0
1064,"Degeneration, fatty",0,35,80,0.0,1.0,1.0,0.0
1064,Fibrosis,0,35,63,0.0,1.0,1.0,0.0
1064,"Proliferation, oval cell",0,35,61,0.0,1.0,1.0,0.0
1064,"Hematopoiesis, extramedullary",0,35,54,0.0,1.0,1.0,0.0
1064,"Cellular infiltration, mononuclear cell",0,35,53,0.0,1.0,1.0,0.0
1064,Anisonucleosis,0,35,47,0.0,1.0,1.0,0.0
1064,"Alteration, nuclear",0,35,46,0.0,1.0,1.0,0.0
1064,"Deposit, pigment",0,35,38,0.0,1.0,1.0,0.0
1064,"Degeneration, hydropic",0,35,35,0.0,1.0,1.0,0.0
1064,"Alteration, cytoplasmic",0,35,35,0.0,1.0,1.0,0.0
1064,Pyknosis,0,35,33,0.0,1.0,1.0,0.0
1064,"Proliferation, Kupffer cell",0,35,29,0.0,1.0,1.0,0.0
1064,Cellular foci,0,35,25,0.0,1.0,1.0,0.0
1064,Microgranuloma,0,35,20,0.0,1.0,1.0,0.0
1064,Edema,0,35,18,0.0,1.0,1.0,0.0
1064,"Deposit, hemosiderin",0,35,17,0.0,1.0,1.0,0.0
1064,"Inclusion body, intracytoplasmic",0,35,11,0.0,1.0,1.0,0.0
1064,"Degeneration, acidophilic, eosinophilic",0,35,10,0.0,1.0,1.0,0.0
1064,Hemorrhage,0,35,10,0.0,1.0,1.0,0.0
1064,Phagocytosis,0,35,10,0.0,1.0,1.0,0.0
1064,"Lesion,NOS",0,35,10,0.0,1.0,1.0,0.0
1064,"Deposit, glycogen",0,35,9,0.0,1.0,1.0,0.0
1064,Granuloma,0,35,8,0.0,1.0,1.0,0.0
1064,"Vacuolization, nuclear",0,35,5,0.0,1.0,1.0,0.0
1068,Hypertrophy,1,43,504,0.12961424880029532,0.9992708051322416,1.0,0.022727272727272728
1068,Cellular infiltration,4,40,200,1.5565,0.2771988741565973,1.0,0.09090909090909091
1068,"Degeneration, granular, eosinophilic",26,18,176,25.74558080808081,1.5137597531841554e-21,4.6831942364134804e-20,0.5909090909090909
1068,Ground glass appearance,0,44,174,0.0,1.0,1.0,0.0
1068,Necrosis,3,41,157,1.4708715240018642,0.350272508696164,1.0,0.06818181818181818
1068,"Proliferation, bile duct",1,43,154,0.4770462096043491,0.8767740457572707,1.0,0.022727272727272728
1068,"Vacuolization, cytoplasmic",0,44,135,0.0,1.0,1.0,0.0
1068,"Change, eosinophilic",5,39,124,3.2971464019851116,0.025322808020599705,0.15800155424617884,0.11363636363636363
1068,Increased mitosis,1,43,125,0.5931162790697675,0.8162818537311132,1.0,0.022727272727272728
1068,Single cell necrosis,0,44,111,0.0,1.0,1.0,0.0
1068,Swelling,20,24,85,31.647058823529413,1.199220917073563e-19,3.360081248781587e-18,0.45454545454545453
1068,"Change, acidophilic",1,43,86,0.8726338561384532,0.6874228464185306,1.0,0.022727272727272728
1068,"Degeneration, fatty",0,44,80,0.0,1.0,1.0,0.0
1068,Fibrosis,1,43,62,1.219429857464366,0.5678665677855909,1.0,0.022727272727272728
1068,"Proliferation, oval cell",0,44,61,0.0,1.0,1.0,0.0
1068,"Hematopoiesis, extramedullary",0,44,54,0.0,1.0,1.0,0.0
1068,"Cellular infiltration, mononuclear cell",0,44,53,0.0,1.0,1.0,0.0
1068,Anisonucleosis,0,44,47,0.0,1.0,1.0,0.0
1068,"Alteration, nuclear",0,44,46,0.0,1.0,1.0,0.0
1068,"Deposit, pigment",0,44,38,0.0,1.0,1.0,0.0
1068,"Degeneration, hydropic",0,44,35,0.0,1.0,1.0,0.0
1068,"Alteration, cytoplasmic",0,44,35,0.0,1.0,1.0,0.0
1068,Pyknosis,0,44,33,0.0,1.0,1.0,0.0
1068,"Proliferation, Kupffer cell",0,44,29,0.0,1.0,1.0,0.0
1068,Cellular foci,0,44,25,0.0,1.0,1.0,0.0
1068,Microgranuloma,0,44,20,0.0,1.0,1.0,0.0
1068,Edema,0,44,18,0.0,1.0,1.0,0.0
1068,"Deposit, hemosiderin",0,44,17,0.0,1.0,1.0,0.0
1068,"Inclusion body, intracytoplasmic",0,44,11,0.0,1.0,1.0,0.0
1068,"Degeneration, acidophilic, eosinophilic",0,44,10,0.0,1.0,1.0,0.0
1068,Hemorrhage,0,44,10,0.0,1.0,1.0,0.0
1068,Phagocytosis,0,44,10,0.0,1.0,1.0,0.0
1068,"Lesion,NOS",0,44,10,0.0,1.0,1.0,0.0
1068,"Deposit, glycogen",0,44,9,0.0,1.0,1.0,0.0
1068,Granuloma,0,44,8,0.0,1.0,1.0,0.0
1068,"Vacuolization, nuclear",0,44,5,0.0,1.0,1.0,0.0
1073,Hypertrophy,9,10,496,5.156854838709678,0.0008276643940717245,0.006451872048275647,0.47368421052631576
1073,Cellular infiltration,4,15,200,4.184,0.02494396556593735,0.15580142530143834,0.21052631578947367
1073,"Degeneration, granular, eosinophilic",11,8,191,22.655104712041886,1.418860402885698e-09,1.9622888924659014e-08,0.5789473684210527
1073,Ground glass appearance,0,19,174,0.0,1.0,1.0,0.0
1073,Necrosis,7,12,153,12.143246187363834,1.5219147881971565e-05,0.00014735409685234083,0.3684210526315789
1073,"Proliferation, bile duct",8,11,147,15.78726035868893,8.461653467965406e-07,9.282035383142107e-06,0.42105263157894735
1073,"Vacuolization, cytoplasmic",4,15,131,6.52824427480916,0.006053992408433742,0.041525074949303034,0.21052631578947367
1073,"Change, eosinophilic",2,17,127,2.9745252431681335,0.1640847667594823,0.8442299822878518,0.10526315789473684
1073,Increased mitosis,1,18,125,1.428,0.517540604947994,1.0,0.05263157894736842
1073,Single cell necrosis,13,6,98,71.63265306122449,6.399885459311705e-16,1.4621276780119818e-14,0.6842105263157895
1073,Swelling,0,19,105,0.0,1.0,1.0,0.0
1073,"Change, acidophilic",0,19,87,0.0,1.0,1.0,0.0
1073,"Degeneration, fatty",0,19,80,0.0,1.0,1.0,0.0
1073,Fibrosis,4,15,59,14.820338983050847,0.00035354652694103263,0.002882726657556258,0.21052631578947367
1073,"Proliferation, oval cell",0,19,61,0.0,1.0,1.0,0.0
1073,"Hematopoiesis, extramedullary",0,19,54,0.0,1.0,1.0,0.0
1073,"Cellular infiltration, mononuclear cell",6,13,47,32.317512274959086,2.689582718888106e-07,3.0547077151425144e-06,0.3157894736842105
1073,Anisonucleosis,1,18,46,3.975845410628019,0.23556404020259172,1.0,0.05263157894736842
1073,"Alteration, nuclear",1,18,45,4.065432098765432,0.23115204650995771,1.0,0.05263157894736842
1073,"Deposit, pigment",7,12,31,62.22849462365591,6.088128150037758e-10,8.724603428522143e-09,0.3684210526315789
1073,"Degeneration, hydropic",0,19,35,0.0,1.0,1.0,0.0
1073,"Alteration, cytoplasmic",0,19,35,0.0,1.0,1.0,0.0
1073,Pyknosis,0,19,33,0.0,1.0,1.0,0.0
1073,"Proliferation, Kupffer cell",11,8,18,253.61111111111111,1.6714150697470955e-19,4.650213355642973e-18,0.5789473684210527
1073,Cellular foci,0,19,25,0.0,1.0,1.0,0.0
1073,Microgranuloma,0,19,20,0.0,1.0,1.0,0.0
1073,Edema,2,17,16,24.426470588235293,0.004400149130123367,0.030731200273877483,0.10526315789473684
1073,"Deposit, hemosiderin",0,19,17,0.0,1.0,1.0,0.0
1073,"Inclusion body, intracytoplasmic",1,18,10,18.488888888888887,0.06061349608936917,0.3504995035093923,0.05263157894736842
1073,"Degeneration, acidophilic, eosinophilic",0,19,10,0.0,1.0,1.0,0.0
1073,Hemorrhage,0,19,10,0.0,1.0,1.0,0.0
1073,Phagocytosis,0,19,10,0.0,1.0,1.0,0.0
1073,"Lesion,NOS",0,19,10,0.0,1.0,1.0,0.0
1073,"Deposit, glycogen",0,19,9,0.0,1.0,1.0,0.0
1073,Granuloma,0,19,8,0.0,1.0,1.0,0.0
1073,"Vacuolization, nuclear",1,18,4,46.30555555555556,0.027997045298578962,0.17395653668782327,0.05263157894736842
1076,Hypertrophy,15,49,490,1.7511453561016244,0.04847644646263332,0.28580654291617064,0.234375
1076,Cellular infiltration,3,61,201,0.7565451431367751,0.7570990007970978,1.0,0.046875
1076,"Degeneration, granular, eosinophilic",55,9,147,130.78609221466365,6.29422983681859e-61,1.2892319045069801e-58,0.859375
1076,Ground glass appearance,0,64,174,0.0,1.0,1.0,0.0
1076,Necrosis,8,56,152,2.952067669172932,0.010136172216682013,0.06727247258892867,0.125
1076,"Proliferation, bile duct",0,64,155,0.0,1.0,1.0,0.0
1076,"Vacuolization, cytoplasmic",0,64,135,0.0,1.0,1.0,0.0
1076,"Change, eosinophilic",0,64,129,0.0,1.0,1.0,0.0
1076,Increased mitosis,18,46,108,11.539855072463768,5.467407974079769e-12,9.200114267998252e-11,0.28125
1076,Single cell necrosis,1,63,110,0.45930735930735933,0.8861365187234366,1.0,0.015625
1076,Swelling,0,64,105,0.0,1.0,1.0,0.0
1076,"Change, acidophilic",0,64,87,0.0,1.0,1.0,0.0
1076,"Degeneration, fatty",0,64,80,0.0,1.0,1.0,0.0
1076,Fibrosis,0,64,63,0.0,1.0,1.0,0.0
1076,"Proliferation, oval cell",0,64,61,0.0,1.0,1.0,0.0
1076,"Hematopoiesis, extramedullary",0,64,54,0.0,1.0,1.0,0.0
1076,"Cellular infiltration, mononuclear cell",0,64,53,0.0,1.0,1.0,0.0
1076,Anisonucleosis,0,64,47,0.0,1.0,1.0,0.0
1076,"Alteration, nuclear",0,64,46,0.0,1.0,1.0,0.0
1076,"Deposit, pigment",0,64,38,0.0,1.0,1.0,0.0
1076,"Degeneration, hydropic",0,64,35,0.0,1.0,1.0,0.0
1076,"Alteration, cytoplasmic",0,64,35,0.0,1.0,1.0,0.0
1076,Pyknosis,0,64,33,0.0,1.0,1.0,0.0
1076,"Proliferation, Kupffer cell",0,64,29,0.0,1.0,1.0,0.0
1076,Cellular foci,1,63,24,2.162037037037037,0.3830475216176246,1.0,0.015625
1076,Microgranuloma,0,64,20,0.0,1.0,1.0,0.0
1076,Edema,0,64,18,0.0,1.0,1.0,0.0
1076,"Deposit, hemosiderin",0,64,17,0.0,1.0,1.0,0.0
1076,"Inclusion body, intracytoplasmic",0,64,11,0.0,1.0,1.0,0.0
1076,"Degeneration, acidophilic, eosinophilic",0,64,10,0.0,1.0,1.0,0.0
1076,Hemorrhage,0,64,10,0.0,1.0,1.0,0.0
1076,Phagocytosis,0,64,10,0.0,1.0,1.0,0.0
1076,"Lesion,NOS",0,64,10,0.0,1.0,1.0,0.0
1076,"Deposit, glycogen",0,64,9,0.0,1.0,1.0,0.0
1076,Granuloma,6,58,2,170.22413793103448,1.0295670121188704e-09,1.4440680169978961e-08,0.09375
1076,"Vacuolization, nuclear",0,64,5,0.0,1.0,1.0,0.0
1080,Hypertrophy,15,20,490,4.33469387755102,6.535682730134345e-05,0.000586434371857976,0.42857142857142855
1080,Cellular infiltration,3,32,201,1.4556902985074627,0.3587276478856024,1.0,0.08571428571428572
1080,"Degeneration, granular, eosinophilic",0,35,202,0.0,1.0,1.0,0.0
1080,Ground glass appearance,3,32,171,1.7275219298245614,0.27140292916152975,1.0,0.08571428571428572
1080,Necrosis,2,33,158,1.2136555427694669,0.5029852106334213,1.0,0.05714285714285714
1080,"Proliferation, bile duct",16,19,139,19.283604695191215,3.767934355975643e-13,7.027167998271685e-12,0.45714285714285713
1080,"Vacuolization, cytoplasmic",1,34,134,0.6997366110623354,0.764034305170418,1.0,0.02857142857142857
1080,"Change, eosinophilic",2,33,127,1.5246957766642806,0.39194649740155924,1.0,0.05714285714285714
1080,Increased mitosis,8,27,118,8.045197740112995,3.161408869491615e-05,0.00029456892054557167,0.22857142857142856
1080,Single cell necrosis,22,13,89,61.47450302506482,3.240056096522615e-25,1.2219640135456719e-23,0.6285714285714286
1080,Swelling,0,35,105,0.0,1.0,1.0,0.0
1080,"Change, acidophilic",3,32,84,3.6138392857142856,0.060662726189896175,0.3504995035093923,0.08571428571428572
1080,"Degeneration, fatty",0,35,80,0.0,1.0,1.0,0.0
1080,Fibrosis,3,32,60,5.096875,0.02690629521779079,0.16744200481265298,0.08571428571428572
1080,"Proliferation, oval cell",0,35,61,0.0,1.0,1.0,0.0
1080,"Hematopoiesis, extramedullary",3,32,51,6.012867647058823,0.017910418567699798,0.11427270278425006,0.08571428571428572
1080,"Cellular infiltration, mononuclear cell",11,24,42,35.79365079365079,1.6009555641837436e-12,2.8135136246306026e-11,0.3142857142857143
1080,Anisonucleosis,7,28,40,20.5125,3.3255581731969e-07,3.7554782412147504e-06,0.2
1080,"Alteration, nuclear",4,31,42,10.076804915514593,0.0011848171887162235,0.009063508178975362,0.11428571428571428
1080,"Deposit, pigment",2,33,36,5.531986531986532,0.05874824962293289,0.34101198955529033,0.05714285714285714
1080,"Degeneration, hydropic",0,35,35,0.0,1.0,1.0,0.0
1080,"Alteration, cytoplasmic",0,35,35,0.0,1.0,1.0,0.0
1080,Pyknosis,0,35,33,0.0,1.0,1.0,0.0
1080,"Proliferation, Kupffer cell",2,33,27,7.39618406285073,0.03595642509338856,0.2189453255302184,0.05714285714285714
1080,Cellular foci,0,35,25,0.0,1.0,1.0,0.0
1080,Microgranuloma,0,35,20,0.0,1.0,1.0,0.0
1080,Edema,0,35,18,0.0,1.0,1.0,0.0
1080,"Deposit, hemosiderin",1,34,16,6.077205882352941,0.16355980710602697,0.8421769970240421,0.02857142857142857
1080,"Inclusion body, intracytoplasmic",1,34,10,9.741176470588234,0.10904446116245327,0.5907196528089124,0.02857142857142857
1080,"Degeneration, acidophilic, eosinophilic",0,35,10,0.0,1.0,1.0,0.0
1080,Hemorrhage,3,32,7,44.39732142857143,0.00011856612530586162,0.0010296531934456403,0.08571428571428572
1080,Phagocytosis,1,34,9,10.826797385620916,0.09962917014212892,0.5454352724831758,0.02857142857142857
1080,"Lesion,NOS",9,26,1,1149.576923076923,4.7497062464855444e-18,1.2213530348105686e-16,0.2571428571428571
1080,"Deposit, glycogen",0,35,9,0.0,1.0,1.0,0.0
1080,Granuloma,0,35,8,0.0,1.0,1.0,0.0
1080,"Vacuolization, nuclear",0,35,5,0.0,1.0,1.0,0.0
1081,Hypertrophy,41,14,464,17.91225369458128,2.4957393073444687e-23,8.375531912783132e-22,0.7454545454545455
1081,Cellular infiltration,5,50,199,1.5592964824120603,0.24010638150346325,1.0,0.09090909090909091
1081,"Degeneration, granular, eosinophilic",5,50,197,1.5761421319796953,0.23393953813549478,1.0,0.09090909090909091
1081,Ground glass appearance,30,25,144,26.316666666666666,2.316836491220466e-25,8.793615819712184e-24,0.5454545454545454
1081,Necrosis,0,55,160,0.0,1.0,1.0,0.0
1081,"Proliferation, bile duct",0,55,155,0.0,1.0,1.0,0.0
1081,"Vacuolization, cytoplasmic",12,43,123,7.212705615428248,1.094262478562121e-06,1.186116628222445e-05,0.21818181818181817
1081,"Change, eosinophilic",4,51,125,1.9934117647058824,0.1590865085963285,0.8224315588008627,0.07272727272727272
1081,Increased mitosis,3,52,123,1.4910881801125704,0.34109318881301437,1.0,0.05454545454545454
1081,Single cell necrosis,5,50,106,3.0150943396226415,0.03378468112131255,0.2077443124850896,0.09090909090909091
1081,Swelling,0,55,105,0.0,1.0,1.0,0.0
1081,"Change, acidophilic",0,55,87,0.0,1.0,1.0,0.0
1081,"Degeneration, fatty",0,55,80,0.0,1.0,1.0,0.0
1081,Fibrosis,0,55,63,0.0,1.0,1.0,0.0
1081,"Proliferation, oval cell",1,54,60,1.0006172839506173,0.6382757998735415,1.0,0.01818181818181818
1081,"Hematopoiesis, extramedullary",0,55,54,0.0,1.0,1.0,0.0
1081,"Cellular infiltration, mononuclear cell",0,55,53,0.0,1.0,1.0,0.0
1081,Anisonucleosis,0,55,47,0.0,1.0,1.0,0.0
1081,"Alteration, nuclear",2,53,44,2.7941680960548885,0.17326106991386125,0.8856891181483096,0.03636363636363636
1081,"Deposit, pigment",0,55,38,0.0,1.0,1.0,0.0
1081,"Degeneration, hydropic",0,55,35,0.0,1.0,1.0,0.0
1081,"Alteration, cytoplasmic",0,55,35,0.0,1.0,1.0,0.0
1081,Pyknosis,0,55,33,0.0,1.0,1.0,0.0
1081,"Proliferation, Kupffer cell",0,55,29,0.0,1.0,1.0,0.0
1081,Cellular foci,0,55,25,0.0,1.0,1.0,0.0
1081,Microgranuloma,0,55,20,0.0,1.0,1.0,0.0
1081,Edema,0,55,18,0.0,1.0,1.0,0.0
1081,"Deposit, hemosiderin",0,55,17,0.0,1.0,1.0,0.0
1081,"Inclusion body, intracytoplasmic",0,55,11,0.0,1.0,1.0,0.0
1081,"Degeneration, acidophilic, eosinophilic",0,55,10,0.0,1.0,1.0,0.0
1081,Hemorrhage,0,55,10,0.0,1.0,1.0,0.0
1081,Phagocytosis,0,55,10,0.0,1.0,1.0,0.0
1081,"Lesion,NOS",0,55,10,0.0,1.0,1.0,0.0
1081,"Deposit, glycogen",0,55,9,0.0,1.0,1.0,0.0
1081,Granuloma,0,55,8,0.0,1.0,1.0,0.0
1081,"Vacuolization, nuclear",0,55,5,0.0,1.0,1.0,0.0
1084,Hypertrophy,0,62,505,0.0,1.0,1.0,0.0
1084,Cellular infiltration,52,10,152,107.52368421052631,4.555191416462444e-56,7.120483424680768e-54,0.8387096774193549
1084,"Degeneration, granular, eosinophilic",0,62,202,0.0,1.0,1.0,0.0
1084,Ground glass appearance,0,62,174,0.0,1.0,1.0,0.0
1084,Necrosis,2,60,158,0.6618143459915612,0.804072445182121,1.0,0.03225806451612903
1084,"Proliferation, bile duct",2,60,153,0.6845315904139434,0.7893201772693669,1.0,0.03225806451612903
1084,"Vacuolization, cytoplasmic",0,62,135,0.0,1.0,1.0,0.0
1084,"Change, eosinophilic",0,62,129,0.0,1.0,1.0,0.0
1084,Increased mitosis,0,62,126,0.0,1.0,1.0,0.0
1084,Single cell necrosis,0,62,111,0.0,1.0,1.0,0.0
1084,Swelling,0,62,105,0.0,1.0,1.0,0.0
1084,"Change, acidophilic",0,62,87,0.0,1.0,1.0,0.0
1084,"Degeneration, fatty",58,4,22,2157.2045454545455,1.7739680013280657e-101,2.6343424819721776e-98,0.9354838709677419
1084,Fibrosis,22,40,41,43.65121951219512,3.637037044212012e-24,1.2936526971628353e-22,0.3548387096774194
1084,"Proliferation, oval cell",0,62,61,0.0,1.0,1.0,0.0
1084,"Hematopoiesis, extramedullary",0,62,54,0.0,1.0,1.0,0.0
1084,"Cellular infiltration, mononuclear cell",0,62,53,0.0,1.0,1.0,0.0
1084,Anisonucleosis,0,62,47,0.0,1.0,1.0,0.0
1084,"Alteration, nuclear",0,62,46,0.0,1.0,1.0,0.0
1084,"Deposit, pigment",0,62,38,0.0,1.0,1.0,0.0
1084,"Degeneration, hydropic",33,29,2,1873.603448275862,1.073054038565568e-59,1.9918565590873357e-57,0.532258064516129
1084,"Alteration, cytoplasmic",0,62,35,0.0,1.0,1.0,0.0
1084,Pyknosis,0,62,33,0.0,1.0,1.0,0.0
1084,"Proliferation, Kupffer cell",0,62,29,0.0,1.0,1.0,0.0
1084,Cellular foci,0,62,25,0.0,1.0,1.0,0.0
1084,Microgranuloma,0,62,20,0.0,1.0,1.0,0.0
1084,Edema,0,62,18,0.0,1.0,1.0,0.0
1084,"Deposit, hemosiderin",0,62,17,0.0,1.0,1.0,0.0
1084,"Inclusion body, intracytoplasmic",0,62,11,0.0,1.0,1.0,0.0
1084,"Degeneration, acidophilic, eosinophilic",1,61,9,5.985428051001821,0.17028101864930292,0.8727085856573419,0.016129032258064516
1084,Hemorrhage,0,62,10,0.0,1.0,1.0,0.0
1084,Phagocytosis,0,62,10,0.0,1.0,1.0,0.0
1084,"Lesion,NOS",0,62,10,0.0,1.0,1.0,0.0
1084,"Deposit, glycogen",0,62,9,0.0,1.0,1.0,0.0
1084,Granuloma,0,62,8,0.0,1.0,1.0,0.0
1084,"Vacuolization, nuclear",0,62,5,0.0,1.0,1.0,0.0
1087,Hypertrophy,28,50,477,3.289559748427673,3.404283001267241e-06,3.507622034263211e-05,0.358974358974359
1087,Cellular infiltration,14,64,190,3.5564144736842107,0.000191000667655797,0.0016138605488981994,0.1794871794871795
1087,"Degeneration, granular, eosinophilic",0,78,202,0.0,1.0,1.0,0.0
1087,Ground glass appearance,0,78,174,0.0,1.0,1.0,0.0
1087,Necrosis,11,67,149,3.448863067214264,0.0009895713455782638,0.007638796351832212,0.14102564102564102
1087,"Proliferation, bile duct",32,46,123,17.849416755037115,9.747659382517944e-24,3.346884204170901e-22,0.41025641025641024
1087,"Vacuolization, cytoplasmic",1,77,134,0.30480713316534214,0.9608213938448227,1.0,0.01282051282051282
1087,"Change, eosinophilic",1,77,128,0.3197037337662338,0.9546228888152347,1.0,0.01282051282051282
1087,Increased mitosis,0,78,126,0.0,1.0,1.0,0.0
1087,Single cell necrosis,0,78,111,0.0,1.0,1.0,0.0
1087,Swelling,35,43,70,37.31395348837209,3.1212084685334943e-34,1.9015362362142518e-32,0.44871794871794873
1087,"Change, acidophilic",10,68,77,6.115355233002292,2.4106441395792227e-05,0.00022746983620493383,0.1282051282051282
1087,"Degeneration, fatty",0,78,80,0.0,1.0,1.0,0.0
1087,Fibrosis,0,78,63,0.0,1.0,1.0,0.0
1087,"Proliferation, oval cell",29,49,32,60.05293367346939,1.6169856063980736e-33,9.370628782443471e-32,0.3717948717948718
1087,"Hematopoiesis, extramedullary",0,78,54,0.0,1.0,1.0,0.0
1087,"Cellular infiltration, mononuclear cell",0,78,53,0.0,1.0,1.0,0.0
1087,Anisonucleosis,1,77,46,0.9127611518915867,0.6713183620356495,1.0,0.01282051282051282
1087,"Alteration, nuclear",0,78,46,0.0,1.0,1.0,0.0
1087,"Deposit, pigment",0,78,38,0.0,1.0,1.0,0.0
1087,"Degeneration, hydropic",0,78,35,0.0,1.0,1.0,0.0
1087,"Alteration, cytoplasmic",0,78,35,0.0,1.0,1.0,0.0
1087,Pyknosis,0,78,33,0.0,1.0,1.0,0.0
1087,"Proliferation, Kupffer cell",0,78,29,0.0,1.0,1.0,0.0
1087,Cellular foci,4,74,21,8.386100386100386,0.0023546147783049753,0.017192884797949053,0.05128205128205128
1087,Microgranuloma,0,78,20,0.0,1.0,1.0,0.0
1087,Edema,0,78,18,0.0,1.0,1.0,0.0
1087,"Deposit, hemosiderin",0,78,17,0.0,1.0,1.0,0.0
1087,"Inclusion body, intracytoplasmic",0,78,11,0.0,1.0,1.0,0.0
1087,"Degeneration, acidophilic, eosinophilic",0,78,10,0.0,1.0,1.0,0.0
1087,Hemorrhage,0,78,10,0.0,1.0,1.0,0.0
1087,Phagocytosis,0,78,10,0.0,1.0,1.0,0.0
1087,"Lesion,NOS",0,78,10,0.0,1.0,1.0,0.0
1087,"Deposit, glycogen",0,78,9,0.0,1.0,1.0,0.0
1087,Granuloma,0,78,8,0.0,1.0,1.0,0.0
1087,"Vacuolization, nuclear",0,78,5,0.0,1.0,1.0,0.0
1089,Hypertrophy,0,27,505,0.0,1.0,1.0,0.0
1089,Cellular infiltration,1,26,203,0.592459264873058,0.8172291321671842,1.0,0.037037037037037035
1089,"Degeneration, granular, eosinophilic",0,27,202,0.0,1.0,1.0,0.0
1089,Ground glass appearance,0,27,174,0.0,1.0,1.0,0.0
1089,Necrosis,6,21,154,5.892393320964749,0.0013707453765879605,0.010418717257751101,0.2222222222222222
1089,"Proliferation, bile duct",25,2,130,307.6923076923077,1.8697259642390057e-32,1.0331323002399714e-30,0.9259259259259259
1089,"Vacuolization, cytoplasmic",0,27,135,0.0,1.0,1.0,0.0
1089,"Change, eosinophilic",0,27,129,0.0,1.0,1.0,0.0
1089,Increased mitosis,0,27,126,0.0,1.0,1.0,0.0
1089,Single cell necrosis,0,27,111,0.0,1.0,1.0,0.0
1089,Swelling,20,7,85,109.07563025210084,9.193921544025622e-26,3.581107801410635e-24,0.7407407407407407
1089,"Change, acidophilic",5,22,82,9.002217294900221,0.00053620622601479,0.00427238763585225,0.18518518518518517
1089,"Degeneration, fatty",0,27,80,0.0,1.0,1.0,0.0
1089,Fibrosis,0,27,63,0.0,1.0,1.0,0.0
1089,"Proliferation, oval cell",20,7,41,229.198606271777,3.974603375610175e-31,2.0893047832853488e-29,0.7407407407407407
1089,"Hematopoiesis, extramedullary",0,27,54,0.0,1.0,1.0,0.0
1089,"Cellular infiltration, mononuclear cell",0,27,53,0.0,1.0,1.0,0.0
1089,Anisonucleosis,4,23,43,13.294236602628919,0.00046771467826375233,0.0037442387990386642,0.14814814814814814
1089,"Alteration, nuclear",0,27,46,0.0,1.0,1.0,0.0
1089,"Deposit, pigment",0,27,38,0.0,1.0,1.0,0.0
1089,"Degeneration, hydropic",0,27,35,0.0,1.0,1.0,0.0
1089,"Alteration, cytoplasmic",0,27,35,0.0,1.0,1.0,0.0
1089,Pyknosis,0,27,33,0.0,1.0,1.0,0.0
1089,"Proliferation, Kupffer cell",0,27,29,0.0,1.0,1.0,0.0
1089,Cellular foci,13,14,12,256.75,9.225929571661313e-23,3.0193951325437024e-21,0.48148148148148145
1089,Microgranuloma,0,27,20,0.0,1.0,1.0,0.0
1089,Edema,0,27,18,0.0,1.0,1.0,0.0
1089,"Deposit, hemosiderin",0,27,17,0.0,1.0,1.0,0.0
1089,"Inclusion body, intracytoplasmic",0,27,11,0.0,1.0,1.0,0.0
1089,"Degeneration, acidophilic, eosinophilic",0,27,10,0.0,1.0,1.0,0.0
1089,Hemorrhage,0,27,10,0.0,1.0,1.0,0.0
1089,Phagocytosis,0,27,10,0.0,1.0,1.0,0.0
1089,"Lesion,NOS",0,27,10,0.0,1.0,1.0,0.0
1089,"Deposit, glycogen",0,27,9,0.0,1.0,1.0,0.0
1089,Granuloma,0,27,8,0.0,1.0,1.0,0.0
1089,"Vacuolization, nuclear",0,27,5,0.0,1.0,1.0,0.0
1097,Hypertrophy,32,22,473,8.702671535652508,5.964148747876502e-14,1.17893655781652e-12,0.5925925925925926
1097,Cellular infiltration,2,52,202,0.5904417364813405,0.8500449550517158,1.0,0.037037037037037035
1097,"Degeneration, granular, eosinophilic",53,1,149,1121.8926174496644,8.7328065661859e-67,3.1438103638269243e-64,0.9814814814814815
1097,Ground glass appearance,0,54,174,0.0,1.0,1.0,0.0
1097,Necrosis,10,44,150,4.777272727272727,0.0001774461071358434,0.0015025372436021523,0.18518518518518517
1097,"Proliferation, bile duct",0,54,155,0.0,1.0,1.0,0.0
1097,"Vacuolization, cytoplasmic",1,53,134,0.44621233455364684,0.8929554469110282,1.0,0.018518518518518517
1097,"Change, eosinophilic",0,54,129,0.0,1.0,1.0,0.0
1097,Increased mitosis,11,43,115,7.091607684529828,3.2619108065092956e-06,3.375566235307529e-05,0.2037037037037037
1097,Single cell necrosis,2,52,109,1.127028934368384,0.5386587137743575,1.0,0.037037037037037035
1097,Swelling,0,54,105,0.0,1.0,1.0,0.0
1097,"Change, acidophilic",0,54,87,0.0,1.0,1.0,0.0
1097,"Degeneration, fatty",0,54,80,0.0,1.0,1.0,0.0
1097,Fibrosis,0,54,63,0.0,1.0,1.0,0.0
1097,"Proliferation, oval cell",0,54,61,0.0,1.0,1.0,0.0
1097,"Hematopoiesis, extramedullary",0,54,54,0.0,1.0,1.0,0.0
1097,"Cellular infiltration, mononuclear cell",0,54,53,0.0,1.0,1.0,0.0
1097,Anisonucleosis,0,54,47,0.0,1.0,1.0,0.0
1097,"Alteration, nuclear",0,54,46,0.0,1.0,1.0,0.0
1097,"Deposit, pigment",0,54,38,0.0,1.0,1.0,0.0
1097,"Degeneration, hydropic",0,54,35,0.0,1.0,1.0,0.0
1097,"Alteration, cytoplasmic",0,54,35,0.0,1.0,1.0,0.0
1097,Pyknosis,0,54,33,0.0,1.0,1.0,0.0
1097,"Proliferation, Kupffer cell",0,54,29,0.0,1.0,1.0,0.0
1097,Cellular foci,0,54,25,0.0,1.0,1.0,0.0
1097,Microgranuloma,0,54,20,0.0,1.0,1.0,0.0
1097,Edema,0,54,18,0.0,1.0,1.0,0.0
1097,"Deposit, hemosiderin",0,54,17,0.0,1.0,1.0,0.0
1097,"Inclusion body, intracytoplasmic",0,54,11,0.0,1.0,1.0,0.0
1097,"Degeneration, acidophilic, eosinophilic",0,54,10,0.0,1.0,1.0,0.0
1097,Hemorrhage,0,54,10,0.0,1.0,1.0,0.0
1097,Phagocytosis,0,54,10,0.0,1.0,1.0,0.0
1097,"Lesion,NOS",0,54,10,0.0,1.0,1.0,0.0
1097,"Deposit, glycogen",0,54,9,0.0,1.0,1.0,0.0
1097,Granuloma,3,51,5,38.8,0.00020821669208203475,0.001744438858910136,0.05555555555555555
1097,"Vacuolization, nuclear",0,54,5,0.0,1.0,1.0,0.0
1098,Hypertrophy,5,26,500,1.0869230769230769,0.5091476920213079,1.0,0.16129032258064516
1098,Cellular infiltration,5,26,199,3.02183996907615,0.03678425374014236,0.22352784369968862,0.16129032258064516
1098,"Degeneration, granular, eosinophilic",25,6,177,74.12900188323917,3.814921781645576e-26,1.531124012363157e-24,0.8064516129032258
1098,Ground glass appearance,0,31,174,0.0,1.0,1.0,0.0
1098,Necrosis,5,26,155,3.93424317617866,0.014347455453259881,0.0930391761925368,0.16129032258064516
1098,"Proliferation, bile duct",5,26,150,4.0717948717948715,0.012621306300890754,0.08261218669673949,0.16129032258064516
1098,"Vacuolization, cytoplasmic",0,31,135,0.0,1.0,1.0,0.0
1098,"Change, eosinophilic",3,28,126,2.7210884353741496,0.11428794483113247,0.6140844796896671,0.0967741935483871
1098,Increased mitosis,14,17,112,23.63235294117647,8.258498851526141e-13,1.4933176005499325e-11,0.45161290322580644
1098,Single cell necrosis,0,31,111,0.0,1.0,1.0,0.0
1098,Swelling,0,31,105,0.0,1.0,1.0,0.0
1098,"Change, acidophilic",0,31,87,0.0,1.0,1.0,0.0
1098,"Degeneration, fatty",0,31,80,0.0,1.0,1.0,0.0
1098,Fibrosis,0,31,63,0.0,1.0,1.0,0.0
1098,"Proliferation, oval cell",0,31,61,0.0,1.0,1.0,0.0
1098,"Hematopoiesis, extramedullary",0,31,54,0.0,1.0,1.0,0.0
1098,"Cellular infiltration, mononuclear cell",0,31,53,0.0,1.0,1.0,0.0
1098,Anisonucleosis,0,31,47,0.0,1.0,1.0,0.0
1098,"Alteration, nuclear",0,31,46,0.0,1.0,1.0,0.0
1098,"Deposit, pigment",0,31,38,0.0,1.0,1.0,0.0
1098,"Degeneration, hydropic",0,31,35,0.0,1.0,1.0,0.0
1098,"Alteration, cytoplasmic",0,31,35,0.0,1.0,1.0,0.0
1098,Pyknosis,0,31,33,0.0,1.0,1.0,0.0
1098,"Proliferation, Kupffer cell",0,31,29,0.0,1.0,1.0,0.0
1098,Cellular foci,0,31,25,0.0,1.0,1.0,0.0
1098,Microgranuloma,0,31,20,0.0,1.0,1.0,0.0
1098,Edema,5,26,13,49.00887573964497,3.7773980802514956e-07,4.253600871411163e-06,0.16129032258064516
1098,"Deposit, hemosiderin",0,31,17,0.0,1.0,1.0,0.0
1098,"Inclusion body, intracytoplasmic",0,31,11,0.0,1.0,1.0,0.0
1098,"Degeneration, acidophilic, eosinophilic",0,31,10,0.0,1.0,1.0,0.0
1098,Hemorrhage,0,31,10,0.0,1.0,1.0,0.0
1098,Phagocytosis,0,31,10,0.0,1.0,1.0,0.0
1098,"Lesion,NOS",0,31,10,0.0,1.0,1.0,0.0
1098,"Deposit, glycogen",0,31,9,0.0,1.0,1.0,0.0
1098,Granuloma,0,31,8,0.0,1.0,1.0,0.0
1098,"Vacuolization, nuclear",0,31,5,0.0,1.0,1.0,0.0
1109,Hypertrophy,23,23,482,5.869294605809128,2.0750467590090506e-08,2.625298774976307e-07,0.5
1109,Cellular infiltration,0,46,204,0.0,1.0,1.0,0.0
1109,"Degeneration, granular, eosinophilic",26,20,176,23.15625,7.425097339972178e-21,2.178028553058505e-19,0.5652173913043478
1109,Ground glass appearance,1,45,173,0.4030828516377649,0.9150163384051887,1.0,0.021739130434782608
1109,Necrosis,8,38,152,4.375346260387811,0.0012378926920024683,0.009445192794469702,0.17391304347826086
1109,"Proliferation, bile duct",0,46,155,0.0,1.0,1.0,0.0
1109,"Vacuolization, cytoplasmic",10,36,125,7.08,9.375343948674147e-06,9.285094671204159e-05,0.21739130434782608
1109,"Change, eosinophilic",11,35,118,8.504358353510895,7.467716558031817e-07,8.245025344741449e-06,0.2391304347826087
1109,Increased mitosis,6,40,120,3.98875,0.006775898699224354,0.046130473665779555,0.13043478260869565
1109,Single cell necrosis,2,44,109,1.335279399499583,0.45322673368540056,1.0,0.043478260869565216
1109,Swelling,2,44,103,1.415710503089144,0.424832110080612,1.0,0.043478260869565216
1109,"Change, acidophilic",0,46,87,0.0,1.0,1.0,0.0
1109,"Degeneration, fatty",0,46,80,0.0,1.0,1.0,0.0
1109,Fibrosis,0,46,63,0.0,1.0,1.0,0.0
1109,"Proliferation, oval cell",0,46,61,0.0,1.0,1.0,0.0
1109,"Hematopoiesis, extramedullary",0,46,54,0.0,1.0,1.0,0.0
1109,"Cellular infiltration, mononuclear cell",1,45,52,1.3927350427350427,0.5214663983109935,1.0,0.021739130434782608
1109,Anisonucleosis,0,46,47,0.0,1.0,1.0,0.0
1109,"Alteration, nuclear",0,46,46,0.0,1.0,1.0,0.0
1109,"Deposit, pigment",0,46,38,0.0,1.0,1.0,0.0
1109,"Degeneration, hydropic",0,46,35,0.0,1.0,1.0,0.0
1109,"Alteration, cytoplasmic",0,46,35,0.0,1.0,1.0,0.0
1109,Pyknosis,0,46,33,0.0,1.0,1.0,0.0
1109,"Proliferation, Kupffer cell",6,40,23,21.443478260869565,1.7745848124407022e-06,1.887382951816969e-05,0.13043478260869565
1109,Cellular foci,0,46,25,0.0,1.0,1.0,0.0
1109,Microgranuloma,0,46,20,0.0,1.0,1.0,0.0
1109,Edema,0,46,18,0.0,1.0,1.0,0.0
1109,"Deposit, hemosiderin",0,46,17,0.0,1.0,1.0,0.0
1109,"Inclusion body, intracytoplasmic",0,46,11,0.0,1.0,1.0,0.0
1109,"Degeneration, acidophilic, eosinophilic",0,46,10,0.0,1.0,1.0,0.0
1109,Hemorrhage,0,46,10,0.0,1.0,1.0,0.0
1109,Phagocytosis,0,46,10,0.0,1.0,1.0,0.0
1109,"Lesion,NOS",0,46,10,0.0,1.0,1.0,0.0
1109,"Deposit, glycogen",0,46,9,0.0,1.0,1.0,0.0
1109,Granuloma,0,46,8,0.0,1.0,1.0,0.0
1109,"Vacuolization, nuclear",0,46,5,0.0,1.0,1.0,0.0
1115,Hypertrophy,26,39,479,3.9151009046624914,6.977750924518124e-07,7.711226137979098e-06,0.4
1115,Cellular infiltration,1,64,203,0.23776169950738915,0.9836853761572287,1.0,0.015384615384615385
1115,"Degeneration, granular, eosinophilic",0,65,202,0.0,1.0,1.0,0.0
1115,Ground glass appearance,30,35,144,18.738095238095237,1.4681090325225128e-22,4.739438941947677e-21,0.46153846153846156
1115,Necrosis,0,65,160,0.0,1.0,1.0,0.0
1115,"Proliferation, bile duct",1,64,154,0.3183847402597403,0.9550893031826342,1.0,0.015384615384615385
1115,"Vacuolization, cytoplasmic",0,65,135,0.0,1.0,1.0,0.0
1115,"Change, eosinophilic",3,62,126,1.215821812596006,0.4592869380862144,1.0,0.046153846153846156
1115,Increased mitosis,2,63,124,0.8110599078341014,0.7088962224285831,1.0,0.03076923076923077
1115,Single cell necrosis,2,63,109,0.927042376583661,0.6404984467560185,1.0,0.03076923076923077
1115,Swelling,0,65,105,0.0,1.0,1.0,0.0
1115,"Change, acidophilic",0,65,87,0.0,1.0,1.0,0.0
1115,"Degeneration, fatty",0,65,80,0.0,1.0,1.0,0.0
1115,Fibrosis,0,65,63,0.0,1.0,1.0,0.0
1115,"Proliferation, oval cell",0,65,61,0.0,1.0,1.0,0.0
1115,"Hematopoiesis, extramedullary",4,61,50,4.2518032786885245,0.019619864588874863,0.12419504037571621,0.06153846153846154
1115,"Cellular infiltration, mononuclear cell",1,64,52,0.9735576923076923,0.6481218734602107,1.0,0.015384615384615385
1115,Anisonucleosis,1,64,46,1.1025815217391304,0.6036202186790588,1.0,0.015384615384615385
1115,"Alteration, nuclear",1,64,45,1.1274305555555555,0.5956828539884053,1.0,0.015384615384615385
1115,"Deposit, pigment",4,61,34,6.28351012536162,0.0057660857446238676,0.03968777441838444,0.06153846153846154
1115,"Degeneration, hydropic",0,65,35,0.0,1.0,1.0,0.0
1115,"Alteration, cytoplasmic",0,65,35,0.0,1.0,1.0,0.0
1115,Pyknosis,0,65,33,0.0,1.0,1.0,0.0
1115,"Proliferation, Kupffer cell",0,65,29,0.0,1.0,1.0,0.0
1115,Cellular foci,0,65,25,0.0,1.0,1.0,0.0
1115,Microgranuloma,0,65,20,0.0,1.0,1.0,0.0
1115,Edema,0,65,18,0.0,1.0,1.0,0.0
1115,"Deposit, hemosiderin",1,64,16,3.19921875,0.2833688206302549,1.0,0.015384615384615385
1115,"Inclusion body, intracytoplasmic",0,65,11,0.0,1.0,1.0,0.0
1115,"Degeneration, acidophilic, eosinophilic",0,65,10,0.0,1.0,1.0,0.0
1115,Hemorrhage,0,65,10,0.0,1.0,1.0,0.0
1115,Phagocytosis,3,62,7,22.707373271889402,0.0007547401141347227,0.0059144541925597,0.046153846153846156
1115,"Lesion,NOS",0,65,10,0.0,1.0,1.0,0.0
1115,"Deposit, glycogen",0,65,9,0.0,1.0,1.0,0.0
1115,Granuloma,0,65,8,0.0,1.0,1.0,0.0
1115,"Vacuolization, nuclear",0,65,5,0.0,1.0,1.0,0.0
1120,Hypertrophy,15,9,490,9.670068027210885,1.3241468163879796e-07,1.5575113048207127e-06,0.625
1120,Cellular infiltration,0,24,204,0.0,1.0,1.0,0.0
1120,"Degeneration, granular, eosinophilic",0,24,202,0.0,1.0,1.0,0.0
1120,Ground glass appearance,19,5,155,77.91225806451612,4.8658628242463544e-21,1.452423375679565e-19,0.7916666666666666
1120,Necrosis,0,24,160,0.0,1.0,1.0,0.0
1120,"Proliferation, bile duct",0,24,155,0.0,1.0,1.0,0.0
1120,"Vacuolization, cytoplasmic",0,24,135,0.0,1.0,1.0,0.0
1120,"Change, eosinophilic",2,22,127,2.2949176807444522,0.2348965915202521,1.0,0.08333333333333333
1120,Increased mitosis,1,23,125,1.1158260869565217,0.602025079623572,1.0,0.041666666666666664
1120,Single cell necrosis,7,17,104,12.78450226244344,7.774993716007674e-06,7.78154383708266e-05,0.2916666666666667
1120,Swelling,0,24,105,0.0,1.0,1.0,0.0
1120,"Change, acidophilic",0,24,87,0.0,1.0,1.0,0.0
1120,"Degeneration, fatty",0,24,80,0.0,1.0,1.0,0.0
1120,Fibrosis,0,24,63,0.0,1.0,1.0,0.0
1120,"Proliferation, oval cell",0,24,61,0.0,1.0,1.0,0.0
1120,"Hematopoiesis, extramedullary",0,24,54,0.0,1.0,1.0,0.0
1120,"Cellular infiltration, mononuclear cell",1,23,52,2.7433110367892977,0.31836283430494605,1.0,0.041666666666666664
1120,Anisonucleosis,0,24,47,0.0,1.0,1.0,0.0
1120,"Alteration, nuclear",9,15,37,53.44864864864865,8.398064712902015e-12,1.3953707522975656e-10,0.375
1120,"Deposit, pigment",2,22,36,8.325757575757576,0.02944609802203066,0.18229267561319656,0.08333333333333333
1120,"Degeneration, hydropic",0,24,35,0.0,1.0,1.0,0.0
1120,"Alteration, cytoplasmic",0,24,35,0.0,1.0,1.0,0.0
1120,Pyknosis,0,24,33,0.0,1.0,1.0,0.0
1120,"Proliferation, Kupffer cell",3,21,26,18.17032967032967,0.0010388892420100607,0.008007998824030395,0.125
1120,Cellular foci,0,24,25,0.0,1.0,1.0,0.0
1120,Microgranuloma,0,24,20,0.0,1.0,1.0,0.0
1120,Edema,0,24,18,0.0,1.0,1.0,0.0
1120,"Deposit, hemosiderin",0,24,17,0.0,1.0,1.0,0.0
1120,"Inclusion body, intracytoplasmic",1,23,10,14.447826086956521,0.07599918668110528,0.4292137310052713,0.041666666666666664
1120,"Degeneration, acidophilic, eosinophilic",0,24,10,0.0,1.0,1.0,0.0
1120,Hemorrhage,0,24,10,0.0,1.0,1.0,0.0
1120,Phagocytosis,0,24,10,0.0,1.0,1.0,0.0
1120,"Lesion,NOS",0,24,10,0.0,1.0,1.0,0.0
1120,"Deposit, glycogen",0,24,9,0.0,1.0,1.0,0.0
1120,Granuloma,0,24,8,0.0,1.0,1.0,0.0
1120,"Vacuolization, nuclear",0,24,5,0.0,1.0,1.0,0.0
1122,Hypertrophy,32,1,473,192.87949260042282,5.72253390055318e-26,2.2585947753678333e-24,0.9696969696969697
1122,Cellular infiltration,0,33,204,0.0,1.0,1.0,0.0
1122,"Degeneration, granular, eosinophilic",0,33,202,0.0,1.0,1.0,0.0
1122,Ground glass appearance,22,11,152,41.73684210526316,1.6703601526006624e-21,5.127617212634592e-20,0.6666666666666666
1122,Necrosis,0,33,160,0.0,1.0,1.0,0.0
1122,"Proliferation, bile duct",0,33,155,0.0,1.0,1.0,0.0
1122,"Vacuolization, cytoplasmic",0,33,135,0.0,1.0,1.0,0.0
1122,"Change, eosinophilic",0,33,129,0.0,1.0,1.0,0.0
1122,Increased mitosis,0,33,126,0.0,1.0,1.0,0.0
1122,Single cell necrosis,0,33,111,0.0,1.0,1.0,0.0
1122,Swelling,0,33,105,0.0,1.0,1.0,0.0
1122,"Change, acidophilic",0,33,87,0.0,1.0,1.0,0.0
1122,"Degeneration, fatty",0,33,80,0.0,1.0,1.0,0.0
1122,Fibrosis,0,33,63,0.0,1.0,1.0,0.0
1122,"Proliferation, oval cell",0,33,61,0.0,1.0,1.0,0.0
1122,"Hematopoiesis, extramedullary",0,33,54,0.0,1.0,1.0,0.0
1122,"Cellular infiltration, mononuclear cell",0,33,53,0.0,1.0,1.0,0.0
1122,Anisonucleosis,0,33,47,0.0,1.0,1.0,0.0
1122,"Alteration, nuclear",0,33,46,0.0,1.0,1.0,0.0
1122,"Deposit, pigment",0,33,38,0.0,1.0,1.0,0.0
1122,"Degeneration, hydropic",0,33,35,0.0,1.0,1.0,0.0
1122,"Alteration, cytoplasmic",0,33,35,0.0,1.0,1.0,0.0
1122,Pyknosis,0,33,33,0.0,1.0,1.0,0.0
1122,"Proliferation, Kupffer cell",0,33,29,0.0,1.0,1.0,0.0
1122,Cellular foci,0,33,25,0.0,1.0,1.0,0.0
1122,Microgranuloma,0,33,20,0.0,1.0,1.0,0.0
1122,Edema,0,33,18,0.0,1.0,1.0,0.0
1122,"Deposit, hemosiderin",0,33,17,0.0,1.0,1.0,0.0
1122,"Inclusion body, intracytoplasmic",0,33,11,0.0,1.0,1.0,0.0
1122,"Degeneration, acidophilic, eosinophilic",0,33,10,0.0,1.0,1.0,0.0
1122,Hemorrhage,0,33,10,0.0,1.0,1.0,0.0
1122,Phagocytosis,0,33,10,0.0,1.0,1.0,0.0
1122,"Lesion,NOS",0,33,10,0.0,1.0,1.0,0.0
1122,"Deposit, glycogen",0,33,9,0.0,1.0,1.0,0.0
1122,Granuloma,0,33,8,0.0,1.0,1.0,0.0
1122,"Vacuolization, nuclear",0,33,5,0.0,1.0,1.0,0.0
1128,Hypertrophy,13,4,492,18.8130081300813,2.341502061958782e-08,2.9342873941002454e-07,0.7647058823529411
1128,Cellular infiltration,5,12,199,6.576633165829146,0.0026748098571397847,0.01934068235107769,0.29411764705882354
1128,"Degeneration, granular, eosinophilic",0,17,202,0.0,1.0,1.0,0.0
1128,Ground glass appearance,0,17,174,0.0,1.0,1.0,0.0
1128,Necrosis,5,12,155,8.561827956989248,0.0008965142092914256,0.006961169154498128,0.29411764705882354
1128,"Proliferation, bile duct",5,12,150,8.86111111111111,0.0007751321341061837,0.006066251484309264,0.29411764705882354
1128,"Vacuolization, cytoplasmic",1,16,134,1.4953358208955223,0.503154174127102,1.0,0.058823529411764705
1128,"Change, eosinophilic",6,11,123,14.266075388026607,2.5046017926691775e-05,0.0002359608984687536,0.35294117647058826
1128,Increased mitosis,1,16,125,1.6075,0.4789648101314953,1.0,0.058823529411764705
1128,Single cell necrosis,2,15,109,3.9522935779816515,0.10677434001838852,0.5794543152338456,0.11764705882352941
1128,Swelling,0,17,105,0.0,1.0,1.0,0.0
1128,"Change, acidophilic",0,17,87,0.0,1.0,1.0,0.0
1128,"Degeneration, fatty",0,17,80,0.0,1.0,1.0,0.0
1128,Fibrosis,0,17,63,0.0,1.0,1.0,0.0
1128,"Proliferation, oval cell",0,17,61,0.0,1.0,1.0,0.0
1128,"Hematopoiesis, extramedullary",3,14,51,13.819327731092438,0.0022815262268047606,0.01670026591154686,0.17647058823529413
1128,"Cellular infiltration, mononuclear cell",0,17,53,0.0,1.0,1.0,0.0
1128,Anisonucleosis,0,17,47,0.0,1.0,1.0,0.0
1128,"Alteration, nuclear",0,17,46,0.0,1.0,1.0,0.0
1128,"Deposit, pigment",0,17,38,0.0,1.0,1.0,0.0
1128,"Degeneration, hydropic",0,17,35,0.0,1.0,1.0,0.0
1128,"Alteration, cytoplasmic",0,17,35,0.0,1.0,1.0,0.0
1128,Pyknosis,0,17,33,0.0,1.0,1.0,0.0
1128,"Proliferation, Kupffer cell",0,17,29,0.0,1.0,1.0,0.0
1128,Cellular foci,0,17,25,0.0,1.0,1.0,0.0
1128,Microgranuloma,0,17,20,0.0,1.0,1.0,0.0
1128,Edema,4,13,14,73.0989010989011,1.320012920315454e-06,1.4165992315580484e-05,0.23529411764705882
1128,"Deposit, hemosiderin",3,14,14,50.90816326530612,7.024825963221508e-05,0.0006279528400532094,0.17647058823529413
1128,"Inclusion body, intracytoplasmic",0,17,11,0.0,1.0,1.0,0.0
1128,"Degeneration, acidophilic, eosinophilic",0,17,10,0.0,1.0,1.0,0.0
1128,Hemorrhage,0,17,10,0.0,1.0,1.0,0.0
1128,Phagocytosis,0,17,10,0.0,1.0,1.0,0.0
1128,"Lesion,NOS",0,17,10,0.0,1.0,1.0,0.0
1128,"Deposit, glycogen",0,17,9,0.0,1.0,1.0,0.0
1128,Granuloma,0,17,8,0.0,1.0,1.0,0.0
1128,"Vacuolization, nuclear",0,17,5,0.0,1.0,1.0,0.0
1129,Hypertrophy,1,0,504,inf,0.15043193327375634,0.7827995476531867,1.0
1129,Cellular infiltration,0,1,204,0.0,1.0,1.0,0.0
1129,"Degeneration, granular, eosinophilic",1,0,201,inf,0.06017277330950253,0.34836868758133044,1.0
1129,Ground glass appearance,0,1,174,0.0,1.0,1.0,0.0
1129,Necrosis,0,1,160,0.0,1.0,1.0,0.0
1129,"Proliferation, bile duct",0,1,155,0.0,1.0,1.0,0.0
1129,"Vacuolization, cytoplasmic",0,1,135,0.0,1.0,1.0,0.0
1129,"Change, eosinophilic",0,1,129,0.0,1.0,1.0,0.0
1129,Increased mitosis,0,1,126,0.0,1.0,1.0,0.0
1129,Single cell necrosis,0,1,111,0.0,1.0,1.0,0.0
1129,Swelling,0,1,105,0.0,1.0,1.0,0.0
1129,"Change, acidophilic",0,1,87,0.0,1.0,1.0,0.0
1129,"Degeneration, fatty",0,1,80,0.0,1.0,1.0,0.0
1129,Fibrosis,0,1,63,0.0,1.0,1.0,0.0
1129,"Proliferation, oval cell",0,1,61,0.0,1.0,1.0,0.0
1129,"Hematopoiesis, extramedullary",0,1,54,0.0,1.0,1.0,0.0
1129,"Cellular infiltration, mononuclear cell",0,1,53,0.0,1.0,1.0,0.0
1129,Anisonucleosis,0,1,47,0.0,1.0,1.0,0.0
1129,"Alteration, nuclear",0,1,46,0.0,1.0,1.0,0.0
1129,"Deposit, pigment",0,1,38,0.0,1.0,1.0,0.0
1129,"Degeneration, hydropic",0,1,35,0.0,1.0,1.0,0.0
1129,"Alteration, cytoplasmic",0,1,35,0.0,1.0,1.0,0.0
1129,Pyknosis,0,1,33,0.0,1.0,1.0,0.0
1129,"Proliferation, Kupffer cell",0,1,29,0.0,1.0,1.0,0.0
1129,Cellular foci,0,1,25,0.0,1.0,1.0,0.0
1129,Microgranuloma,0,1,20,0.0,1.0,1.0,0.0
1129,Edema,0,1,18,0.0,1.0,1.0,0.0
1129,"Deposit, hemosiderin",0,1,17,0.0,1.0,1.0,0.0
1129,"Inclusion body, intracytoplasmic",0,1,11,0.0,1.0,1.0,0.0
1129,"Degeneration, acidophilic, eosinophilic",0,1,10,0.0,1.0,1.0,0.0
1129,Hemorrhage,0,1,10,0.0,1.0,1.0,0.0
1129,Phagocytosis,0,1,10,0.0,1.0,1.0,0.0
1129,"Lesion,NOS",0,1,10,0.0,1.0,1.0,0.0
1129,"Deposit, glycogen",0,1,9,0.0,1.0,1.0,0.0
1129,Granuloma,1,0,7,inf,0.002383080131069407,0.017379368911666394,1.0
1129,"Vacuolization, nuclear",0,1,5,0.0,1.0,1.0,0.0
1134,Hypertrophy,26,11,479,14.018978933383943,3.875731723846469e-14,7.843899979437147e-13,0.7027027027027027
1134,Cellular infiltration,2,35,202,0.882036775106082,0.6679567287805321,1.0,0.05405405405405406
1134,"Degeneration, granular, eosinophilic",35,2,167,330.40419161676647,5.986684397991233e-42,5.6001425707193585e-40,0.9459459459459459
1134,Ground glass appearance,0,37,174,0.0,1.0,1.0,0.0
1134,Necrosis,11,26,149,9.003871966959215,5.969166336261263e-07,6.639859183032191e-06,0.2972972972972973
1134,"Proliferation, bile duct",2,35,153,1.1828197945845005,0.5156989870246634,1.0,0.05405405405405406
1134,"Vacuolization, cytoplasmic",0,37,135,0.0,1.0,1.0,0.0
1134,"Change, eosinophilic",2,35,127,1.4366704161979753,0.419242461837262,1.0,0.05405405405405406
1134,Increased mitosis,2,35,124,1.4728110599078341,0.40752686693463275,1.0,0.05405405405405406
1134,Single cell necrosis,3,34,108,2.6241830065359477,0.12171311429094842,0.6513296386380484,0.08108108108108109
1134,Swelling,0,37,105,0.0,1.0,1.0,0.0
1134,"Change, acidophilic",0,37,87,0.0,1.0,1.0,0.0
1134,"Degeneration, fatty",0,37,80,0.0,1.0,1.0,0.0
1134,Fibrosis,0,37,63,0.0,1.0,1.0,0.0
1134,"Proliferation, oval cell",0,37,61,0.0,1.0,1.0,0.0
1134,"Hematopoiesis, extramedullary",0,37,54,0.0,1.0,1.0,0.0
1134,"Cellular infiltration, mononuclear cell",0,37,53,0.0,1.0,1.0,0.0
1134,Anisonucleosis,0,37,47,0.0,1.0,1.0,0.0
1134,"Alteration, nuclear",0,37,46,0.0,1.0,1.0,0.0
1134,"Deposit, pigment",0,37,38,0.0,1.0,1.0,0.0
1134,"Degeneration, hydropic",0,37,35,0.0,1.0,1.0,0.0
1134,"Alteration, cytoplasmic",0,37,35,0.0,1.0,1.0,0.0
1134,Pyknosis,0,37,33,0.0,1.0,1.0,0.0
1134,"Proliferation, Kupffer cell",0,37,29,0.0,1.0,1.0,0.0
1134,Cellular foci,1,36,24,3.814814814814815,0.24275938091059354,1.0,0.02702702702702703
1134,Microgranuloma,0,37,20,0.0,1.0,1.0,0.0
1134,Edema,2,35,16,11.8,0.01618707390524183,0.10383500971613009,0.05405405405405406
1134,"Deposit, hemosiderin",0,37,17,0.0,1.0,1.0,0.0
1134,"Inclusion body, intracytoplasmic",0,37,11,0.0,1.0,1.0,0.0
1134,"Degeneration, acidophilic, eosinophilic",0,37,10,0.0,1.0,1.0,0.0
1134,Hemorrhage,0,37,10,0.0,1.0,1.0,0.0
1134,Phagocytosis,0,37,10,0.0,1.0,1.0,0.0
1134,"Lesion,NOS",0,37,10,0.0,1.0,1.0,0.0
1134,"Deposit, glycogen",0,37,9,0.0,1.0,1.0,0.0
1134,Granuloma,3,34,5,58.5,6.648613907816596e-05,0.0005956676713790434,0.08108108108108109
1134,"Vacuolization, nuclear",0,37,5,0.0,1.0,1.0,0.0
1135,Hypertrophy,4,28,501,0.8052466495580268,0.731390598910898,1.0,0.125
1135,Cellular infiltration,4,28,200,2.232142857142857,0.12614142694744693,0.6726032998813597,0.125
1135,"Degeneration, granular, eosinophilic",28,4,174,126.76436781609195,3.0602971143798453e-31,1.6230504338764537e-29,0.875
1135,Ground glass appearance,0,32,174,0.0,1.0,1.0,0.0
1135,Necrosis,3,29,157,2.087414891280474,0.1938178800708289,0.9760730882753061,0.09375
1135,"Proliferation, bile duct",4,28,151,3.0028382213812677,0.057518679728009815,0.33463365091515995,0.125
1135,"Vacuolization, cytoplasmic",0,32,135,0.0,1.0,1.0,0.0
1135,"Change, eosinophilic",4,28,125,3.657142857142857,0.032526815240318564,0.2005285755345016,0.125
1135,Increased mitosis,0,32,126,0.0,1.0,1.0,0.0
1135,Single cell necrosis,3,29,108,3.0814176245210727,0.0872683231370519,0.484688021911256,0.09375
1135,Swelling,0,32,105,0.0,1.0,1.0,0.0
1135,"Change, acidophilic",0,32,87,0.0,1.0,1.0,0.0
1135,"Degeneration, fatty",0,32,80,0.0,1.0,1.0,0.0
1135,Fibrosis,0,32,63,0.0,1.0,1.0,0.0
1135,"Proliferation, oval cell",0,32,61,0.0,1.0,1.0,0.0
1135,"Hematopoiesis, extramedullary",0,32,54,0.0,1.0,1.0,0.0
1135,"Cellular infiltration, mononuclear cell",0,32,53,0.0,1.0,1.0,0.0
1135,Anisonucleosis,0,32,47,0.0,1.0,1.0,0.0
1135,"Alteration, nuclear",0,32,46,0.0,1.0,1.0,0.0
1135,"Deposit, pigment",1,31,37,2.866608544027899,0.30649462035445685,1.0,0.03125
1135,"Degeneration, hydropic",0,32,35,0.0,1.0,1.0,0.0
1135,"Alteration, cytoplasmic",0,32,35,0.0,1.0,1.0,0.0
1135,Pyknosis,0,32,33,0.0,1.0,1.0,0.0
1135,"Proliferation, Kupffer cell",0,32,29,0.0,1.0,1.0,0.0
1135,Cellular foci,0,32,25,0.0,1.0,1.0,0.0
1135,Microgranuloma,0,32,20,0.0,1.0,1.0,0.0
1135,Edema,4,28,14,33.785714285714285,1.8966081477294432e-05,0.00018126874332281405,0.125
1135,"Deposit, hemosiderin",0,32,17,0.0,1.0,1.0,0.0
1135,"Inclusion body, intracytoplasmic",0,32,11,0.0,1.0,1.0,0.0
1135,"Degeneration, acidophilic, eosinophilic",0,32,10,0.0,1.0,1.0,0.0
1135,Hemorrhage,0,32,10,0.0,1.0,1.0,0.0
1135,Phagocytosis,0,32,10,0.0,1.0,1.0,0.0
1135,"Lesion,NOS",0,32,10,0.0,1.0,1.0,0.0
1135,"Deposit, glycogen",0,32,9,0.0,1.0,1.0,0.0
1135,Granuloma,0,32,8,0.0,1.0,1.0,0.0
1135,"Vacuolization, nuclear",0,32,5,0.0,1.0,1.0,0.0
1136,Hypertrophy,54,20,451,16.95432372505543,1.0061539501810416e-29,4.918974867551759e-28,0.7297297297297297
1136,Cellular infiltration,1,73,203,0.20784128483703354,0.990833153800874,1.0,0.013513513513513514
1136,"Degeneration, granular, eosinophilic",4,70,198,0.8903318903318903,0.6601457628746132,1.0,0.05405405405405406
1136,Ground glass appearance,58,16,116,98.96875,3.715243805392144e-64,1.0508832478109207e-61,0.7837837837837838
1136,Necrosis,0,74,160,0.0,1.0,1.0,0.0
1136,"Proliferation, bile duct",0,74,155,0.0,1.0,1.0,0.0
1136,"Vacuolization, cytoplasmic",18,56,117,8.697802197802197,2.6292829083012814e-10,3.91547805828542e-09,0.24324324324324326
1136,"Change, eosinophilic",0,74,129,0.0,1.0,1.0,0.0
1136,Increased mitosis,7,67,119,2.777875329236172,0.01979114338293638,0.12499669505012452,0.0945945945945946
1136,Single cell necrosis,0,74,111,0.0,1.0,1.0,0.0
1136,Swelling,3,71,102,1.3177299088649543,0.40997909737528854,1.0,0.04054054054054054
1136,"Change, acidophilic",0,74,87,0.0,1.0,1.0,0.0
1136,"Degeneration, fatty",0,74,80,0.0,1.0,1.0,0.0
1136,Fibrosis,0,74,63,0.0,1.0,1.0,0.0
1136,"Proliferation, oval cell",1,73,60,0.7358447488584475,0.7464346324576316,1.0,0.013513513513513514
1136,"Hematopoiesis, extramedullary",0,74,54,0.0,1.0,1.0,0.0
1136,"Cellular infiltration, mononuclear cell",0,74,53,0.0,1.0,1.0,0.0
1136,Anisonucleosis,0,74,47,0.0,1.0,1.0,0.0
1136,"Alteration, nuclear",4,70,42,4.40952380952381,0.017652193873283397,0.1127462705454875,0.05405405405405406
1136,"Deposit, pigment",0,74,38,0.0,1.0,1.0,0.0
1136,"Degeneration, hydropic",0,74,35,0.0,1.0,1.0,0.0
1136,"Alteration, cytoplasmic",0,74,35,0.0,1.0,1.0,0.0
1136,Pyknosis,0,74,33,0.0,1.0,1.0,0.0
1136,"Proliferation, Kupffer cell",0,74,29,0.0,1.0,1.0,0.0
1136,Cellular foci,0,74,25,0.0,1.0,1.0,0.0
1136,Microgranuloma,0,74,20,0.0,1.0,1.0,0.0
1136,Edema,0,74,18,0.0,1.0,1.0,0.0
1136,"Deposit, hemosiderin",0,74,17,0.0,1.0,1.0,0.0
1136,"Inclusion body, intracytoplasmic",0,74,11,0.0,1.0,1.0,0.0
1136,"Degeneration, acidophilic, eosinophilic",0,74,10,0.0,1.0,1.0,0.0
1136,Hemorrhage,0,74,10,0.0,1.0,1.0,0.0
1136,Phagocytosis,0,74,10,0.0,1.0,1.0,0.0
1136,"Lesion,NOS",0,74,10,0.0,1.0,1.0,0.0
1136,"Deposit, glycogen",0,74,9,0.0,1.0,1.0,0.0
1136,Granuloma,0,74,8,0.0,1.0,1.0,0.0
1136,"Vacuolization, nuclear",0,74,5,0.0,1.0,1.0,0.0
1138,Hypertrophy,0,51,505,0.0,1.0,1.0,0.0
1138,Cellular infiltration,19,32,185,10.016722972972973,2.941287024165624e-11,4.728347746561248e-10,0.37254901960784315
1138,"Degeneration, granular, eosinophilic",18,33,184,9.254940711462451,2.431065516285443e-10,3.6465982744281643e-09,0.35294117647058826
1138,Ground glass appearance,0,51,174,0.0,1.0,1.0,0.0
1138,Necrosis,11,40,149,5.826677852348993,1.85727844353716e-05,0.00017765272068616313,0.21568627450980393
1138,"Proliferation, bile duct",11,40,144,6.038541666666666,1.3701246546069762e-05,0.00013309142188659752,0.21568627450980393
1138,"Vacuolization, cytoplasmic",0,51,135,0.0,1.0,1.0,0.0
1138,"Change, eosinophilic",2,49,127,1.0216937168568214,0.5901792965318842,1.0,0.0392156862745098
1138,Increased mitosis,0,51,126,0.0,1.0,1.0,0.0
1138,Single cell necrosis,0,51,111,0.0,1.0,1.0,0.0
1138,Swelling,19,32,86,22.23110465116279,1.0436917158635166e-16,2.489770599288871e-15,0.37254901960784315
1138,"Change, acidophilic",5,46,82,4.273594909862142,0.009580530184455526,0.0637628563536872,0.09803921568627451
1138,"Degeneration, fatty",0,51,80,0.0,1.0,1.0,0.0
1138,Fibrosis,8,43,55,10.997040169133193,3.2998114750247837e-06,3.411815519868967e-05,0.1568627450980392
1138,"Proliferation, oval cell",0,51,61,0.0,1.0,1.0,0.0
1138,"Hematopoiesis, extramedullary",0,51,54,0.0,1.0,1.0,0.0
1138,"Cellular infiltration, mononuclear cell",0,51,53,0.0,1.0,1.0,0.0
1138,Anisonucleosis,0,51,47,0.0,1.0,1.0,0.0
1138,"Alteration, nuclear",0,51,46,0.0,1.0,1.0,0.0
1138,"Deposit, pigment",2,49,36,3.707482993197279,0.11260628457120317,0.6072458741288669,0.0392156862745098
1138,"Degeneration, hydropic",0,51,35,0.0,1.0,1.0,0.0
1138,"Alteration, cytoplasmic",3,48,32,6.39453125,0.015360312957166156,0.09890542977297233,0.058823529411764705
1138,Pyknosis,0,51,33,0.0,1.0,1.0,0.0
1138,"Proliferation, Kupffer cell",0,51,29,0.0,1.0,1.0,0.0
1138,Cellular foci,0,51,25,0.0,1.0,1.0,0.0
1138,Microgranuloma,0,51,20,0.0,1.0,1.0,0.0
1138,Edema,0,51,18,0.0,1.0,1.0,0.0
1138,"Deposit, hemosiderin",0,51,17,0.0,1.0,1.0,0.0
1138,"Inclusion body, intracytoplasmic",0,51,11,0.0,1.0,1.0,0.0
1138,"Degeneration, acidophilic, eosinophilic",6,45,4,110.06666666666666,1.824626108722148e-09,2.488697838302999e-08,0.11764705882352941
1138,Hemorrhage,0,51,10,0.0,1.0,1.0,0.0
1138,Phagocytosis,0,51,10,0.0,1.0,1.0,0.0
1138,"Lesion,NOS",0,51,10,0.0,1.0,1.0,0.0
1138,"Deposit, glycogen",0,51,9,0.0,1.0,1.0,0.0
1138,Granuloma,0,51,8,0.0,1.0,1.0,0.0
1138,"Vacuolization, nuclear",0,51,5,0.0,1.0,1.0,0.0
1151,Hypertrophy,30,24,475,7.442105263157894,3.891058569434976e-12,6.641634454725218e-11,0.5555555555555556
1151,Cellular infiltration,0,54,204,0.0,1.0,1.0,0.0
1151,"Degeneration, granular, eosinophilic",53,1,149,1121.8926174496644,8.7328065661859e-67,3.1438103638269243e-64,0.9814814814814815
1151,Ground glass appearance,0,54,174,0.0,1.0,1.0,0.0
1151,Necrosis,12,42,148,6.090733590733591,5.465862507941918e-06,5.5029192029110154e-05,0.2222222222222222
1151,"Proliferation, bile duct",0,54,155,0.0,1.0,1.0,0.0
1151,"Vacuolization, cytoplasmic",0,54,135,0.0,1.0,1.0,0.0
1151,"Change, eosinophilic",0,54,129,0.0,1.0,1.0,0.0
1151,Increased mitosis,3,51,123,1.5208034433285509,0.3306576821772385,1.0,0.05555555555555555
1151,Single cell necrosis,2,52,109,1.127028934368384,0.5386587137743575,1.0,0.037037037037037035
1151,Swelling,0,54,105,0.0,1.0,1.0,0.0
1151,"Change, acidophilic",0,54,87,0.0,1.0,1.0,0.0
1151,"Degeneration, fatty",0,54,80,0.0,1.0,1.0,0.0
1151,Fibrosis,0,54,63,0.0,1.0,1.0,0.0
1151,"Proliferation, oval cell",0,54,61,0.0,1.0,1.0,0.0
1151,"Hematopoiesis, extramedullary",0,54,54,0.0,1.0,1.0,0.0
1151,"Cellular infiltration, mononuclear cell",0,54,53,0.0,1.0,1.0,0.0
1151,Anisonucleosis,0,54,47,0.0,1.0,1.0,0.0
1151,"Alteration, nuclear",0,54,46,0.0,1.0,1.0,0.0
1151,"Deposit, pigment",0,54,38,0.0,1.0,1.0,0.0
1151,"Degeneration, hydropic",0,54,35,0.0,1.0,1.0,0.0
1151,"Alteration, cytoplasmic",0,54,35,0.0,1.0,1.0,0.0
1151,Pyknosis,0,54,33,0.0,1.0,1.0,0.0
1151,"Proliferation, Kupffer cell",0,54,29,0.0,1.0,1.0,0.0
1151,Cellular foci,1,53,24,2.577830188679245,0.3342776002621277,1.0,0.018518518518518517
1151,Microgranuloma,0,54,20,0.0,1.0,1.0,0.0
1151,Edema,0,54,18,0.0,1.0,1.0,0.0
1151,"Deposit, hemosiderin",0,54,17,0.0,1.0,1.0,0.0
1151,"Inclusion body, intracytoplasmic",0,54,11,0.0,1.0,1.0,0.0
1151,"Degeneration, acidophilic, eosinophilic",0,54,10,0.0,1.0,1.0,0.0
1151,Hemorrhage,0,54,10,0.0,1.0,1.0,0.0
1151,Phagocytosis,0,54,10,0.0,1.0,1.0,0.0
1151,"Lesion,NOS",0,54,10,0.0,1.0,1.0,0.0
1151,"Deposit, glycogen",0,54,9,0.0,1.0,1.0,0.0
1151,Granuloma,6,48,2,206.3125,3.565089684819284e-10,5.228798204401617e-09,0.1111111111111111
1151,"Vacuolization, nuclear",0,54,5,0.0,1.0,1.0,0.0
1156,Hypertrophy,13,8,492,9.393292682926829,1.1146456855638706e-06,1.2038173404089802e-05,0.6190476190476191
1156,Cellular infiltration,1,20,203,0.7716748768472906,0.7330314876579445,1.0,0.047619047619047616
1156,"Degeneration, granular, eosinophilic",21,0,181,inf,8.453392485190001e-27,3.561216408654511e-25,1.0
1156,Ground glass appearance,0,21,174,0.0,1.0,1.0,0.0
1156,Necrosis,2,19,158,2.117255163224517,0.26444846304275077,1.0,0.09523809523809523
1156,"Proliferation, bile duct",0,21,155,0.0,1.0,1.0,0.0
1156,"Vacuolization, cytoplasmic",0,21,135,0.0,1.0,1.0,0.0
1156,"Change, eosinophilic",0,21,129,0.0,1.0,1.0,0.0
1156,Increased mitosis,4,17,122,6.198649951783993,0.006892965788550538,0.04682014497883385,0.19047619047619047
1156,Single cell necrosis,2,19,109,3.116368903911154,0.1516329266009851,0.7880136343043319,0.09523809523809523
1156,Swelling,0,21,105,0.0,1.0,1.0,0.0
1156,"Change, acidophilic",0,21,87,0.0,1.0,1.0,0.0
1156,"Degeneration, fatty",0,21,80,0.0,1.0,1.0,0.0
1156,Fibrosis,0,21,63,0.0,1.0,1.0,0.0
1156,"Proliferation, oval cell",0,21,61,0.0,1.0,1.0,0.0
1156,"Hematopoiesis, extramedullary",0,21,54,0.0,1.0,1.0,0.0
1156,"Cellular infiltration, mononuclear cell",0,21,53,0.0,1.0,1.0,0.0
1156,Anisonucleosis,0,21,47,0.0,1.0,1.0,0.0
1156,"Alteration, nuclear",0,21,46,0.0,1.0,1.0,0.0
1156,"Deposit, pigment",0,21,38,0.0,1.0,1.0,0.0
1156,"Degeneration, hydropic",0,21,35,0.0,1.0,1.0,0.0
1156,"Alteration, cytoplasmic",0,21,35,0.0,1.0,1.0,0.0
1156,Pyknosis,0,21,33,0.0,1.0,1.0,0.0
1156,"Proliferation, Kupffer cell",0,21,29,0.0,1.0,1.0,0.0
1156,Cellular foci,0,21,25,0.0,1.0,1.0,0.0
1156,Microgranuloma,0,21,20,0.0,1.0,1.0,0.0
1156,Edema,0,21,18,0.0,1.0,1.0,0.0
1156,"Deposit, hemosiderin",0,21,17,0.0,1.0,1.0,0.0
1156,"Inclusion body, intracytoplasmic",0,21,11,0.0,1.0,1.0,0.0
1156,"Degeneration, acidophilic, eosinophilic",0,21,10,0.0,1.0,1.0,0.0
1156,Hemorrhage,0,21,10,0.0,1.0,1.0,0.0
1156,Phagocytosis,0,21,10,0.0,1.0,1.0,0.0
1156,"Lesion,NOS",0,21,10,0.0,1.0,1.0,0.0
1156,"Deposit, glycogen",0,21,9,0.0,1.0,1.0,0.0
1156,Granuloma,0,21,8,0.0,1.0,1.0,0.0
1156,"Vacuolization, nuclear",0,21,5,0.0,1.0,1.0,0.0
1167,Hypertrophy,2,6,503,1.8860172299536118,0.3442101874978993,1.0,0.25
1167,Cellular infiltration,0,8,204,0.0,1.0,1.0,0.0
1167,"Degeneration, granular, eosinophilic",0,8,202,0.0,1.0,1.0,0.0
1167,Ground glass appearance,0,8,174,0.0,1.0,1.0,0.0
1167,Necrosis,4,4,156,20.46794871794872,0.0002994946049475834,0.0024588776135295717,0.5
1167,"Proliferation, bile duct",3,5,152,12.619736842105263,0.00455513603204618,0.03175763853327971,0.375
1167,"Vacuolization, cytoplasmic",1,7,134,3.4275053304904053,0.2801507560606549,1.0,0.125
1167,"Change, eosinophilic",0,8,129,0.0,1.0,1.0,0.0
1167,Increased mitosis,1,7,125,3.6845714285714286,0.2638887458874672,1.0,0.125
1167,Single cell necrosis,3,5,108,18.005555555555556,0.0017455494429897494,0.013075111842823596,0.375
1167,Swelling,0,8,105,0.0,1.0,1.0,0.0
1167,"Change, acidophilic",5,3,82,66.40243902439025,5.491538229252792e-07,6.1324278395245334e-06,0.625
1167,"Degeneration, fatty",0,8,80,0.0,1.0,1.0,0.0
1167,Fibrosis,0,8,63,0.0,1.0,1.0,0.0
1167,"Proliferation, oval cell",0,8,61,0.0,1.0,1.0,0.0
1167,"Hematopoiesis, extramedullary",1,7,53,8.884097035040432,0.12178965342428107,0.6514457823865191,0.125
1167,"Cellular infiltration, mononuclear cell",2,6,51,21.555555555555557,0.006444554671496524,0.04405138636212814,0.25
1167,Anisonucleosis,3,5,44,45.06818181818182,0.00013719488396087126,0.0011810690010544567,0.375
1167,"Alteration, nuclear",0,8,46,0.0,1.0,1.0,0.0
1167,"Deposit, pigment",1,7,37,12.787644787644787,0.08713668641831418,0.48418327158539404,0.125
1167,"Degeneration, hydropic",0,8,35,0.0,1.0,1.0,0.0
1167,"Alteration, cytoplasmic",0,8,35,0.0,1.0,1.0,0.0
1167,Pyknosis,2,6,31,35.67741935483871,0.002529123086916526,0.01838799404685944,0.25
1167,"Proliferation, Kupffer cell",0,8,29,0.0,1.0,1.0,0.0
1167,Cellular foci,0,8,25,0.0,1.0,1.0,0.0
1167,Microgranuloma,0,8,20,0.0,1.0,1.0,0.0
1167,Edema,0,8,18,0.0,1.0,1.0,0.0
1167,"Deposit, hemosiderin",0,8,17,0.0,1.0,1.0,0.0
1167,"Inclusion body, intracytoplasmic",0,8,11,0.0,1.0,1.0,0.0
1167,"Degeneration, acidophilic, eosinophilic",0,8,10,0.0,1.0,1.0,0.0
1167,Hemorrhage,0,8,10,0.0,1.0,1.0,0.0
1167,Phagocytosis,0,8,10,0.0,1.0,1.0,0.0
1167,"Lesion,NOS",1,7,9,53.01587301587302,0.02360818521418482,0.14808090831283827,0.125
1167,"Deposit, glycogen",0,8,9,0.0,1.0,1.0,0.0
1167,Granuloma,0,8,8,0.0,1.0,1.0,0.0
1167,"Vacuolization, nuclear",0,8,5,0.0,1.0,1.0,0.0
1173,Hypertrophy,9,23,496,2.2318548387096775,0.041191738772839936,0.24752547122981208,0.28125
1173,Cellular infiltration,0,32,204,0.0,1.0,1.0,0.0
1173,"Degeneration, granular, eosinophilic",3,29,199,1.6250216600242593,0.30226935182462206,1.0,0.09375
1173,Ground glass appearance,0,32,174,0.0,1.0,1.0,0.0
1173,Necrosis,2,30,158,1.3362869198312237,0.45559345777087756,1.0,0.0625
1173,"Proliferation, bile duct",0,32,155,0.0,1.0,1.0,0.0
1173,"Vacuolization, cytoplasmic",14,18,121,20.59504132231405,3.755041411022803e-12,6.427938323191774e-11,0.4375
1173,"Change, eosinophilic",16,16,113,28.424778761061948,3.1797595198131653e-15,6.918597636516558e-14,0.5
1173,Increased mitosis,7,25,119,7.543529411764706,0.00013658399674924886,0.0011775166047758175,0.21875
1173,Single cell necrosis,2,30,109,1.9669724770642203,0.2859700181668904,1.0,0.0625
1173,Swelling,1,31,104,0.9990694789081885,0.640011049828844,1.0,0.03125
1173,"Change, acidophilic",0,32,87,0.0,1.0,1.0,0.0
1173,"Degeneration, fatty",0,32,80,0.0,1.0,1.0,0.0
1173,Fibrosis,0,32,63,0.0,1.0,1.0,0.0
1173,"Proliferation, oval cell",0,32,61,0.0,1.0,1.0,0.0
1173,"Hematopoiesis, extramedullary",0,32,54,0.0,1.0,1.0,0.0
1173,"Cellular infiltration, mononuclear cell",1,31,52,2.0303970223325063,0.4004816787928426,1.0,0.03125
1173,Anisonucleosis,0,32,47,0.0,1.0,1.0,0.0
1173,"Alteration, nuclear",0,32,46,0.0,1.0,1.0,0.0
1173,"Deposit, pigment",0,32,38,0.0,1.0,1.0,0.0
1173,"Degeneration, hydropic",0,32,35,0.0,1.0,1.0,0.0
1173,"Alteration, cytoplasmic",0,32,35,0.0,1.0,1.0,0.0
1173,Pyknosis,0,32,33,0.0,1.0,1.0,0.0
1173,"Proliferation, Kupffer cell",6,26,23,33.130434782608695,1.8653407292515614e-07,2.1514803750979176e-06,0.1875
1173,Cellular foci,0,32,25,0.0,1.0,1.0,0.0
1173,Microgranuloma,0,32,20,0.0,1.0,1.0,0.0
1173,Edema,0,32,18,0.0,1.0,1.0,0.0
1173,"Deposit, hemosiderin",0,32,17,0.0,1.0,1.0,0.0
1173,"Inclusion body, intracytoplasmic",0,32,11,0.0,1.0,1.0,0.0
1173,"Degeneration, acidophilic, eosinophilic",0,32,10,0.0,1.0,1.0,0.0
1173,Hemorrhage,0,32,10,0.0,1.0,1.0,0.0
1173,Phagocytosis,0,32,10,0.0,1.0,1.0,0.0
1173,"Lesion,NOS",0,32,10,0.0,1.0,1.0,0.0
1173,"Deposit, glycogen",0,32,9,0.0,1.0,1.0,0.0
1173,Granuloma,1,31,7,15.290322580645162,0.07383673115442542,0.4191019427207711,0.03125
1173,"Vacuolization, nuclear",0,32,5,0.0,1.0,1.0,0.0
1174,Hypertrophy,5,1,500,28.51,0.00039799130115006446,0.0032186090249576352,0.8333333333333334
1174,Cellular infiltration,0,6,204,0.0,1.0,1.0,0.0
1174,"Degeneration, granular, eosinophilic",0,6,202,0.0,1.0,1.0,0.0
1174,Ground glass appearance,2,4,172,9.241279069767442,0.03490532283316426,0.21386035856523541,0.3333333333333333
1174,Necrosis,0,6,160,0.0,1.0,1.0,0.0
1174,"Proliferation, bile duct",0,6,155,0.0,1.0,1.0,0.0
1174,"Vacuolization, cytoplasmic",0,6,135,0.0,1.0,1.0,0.0
1174,"Change, eosinophilic",0,6,129,0.0,1.0,1.0,0.0
1174,Increased mitosis,0,6,126,0.0,1.0,1.0,0.0
1174,Single cell necrosis,2,4,109,14.871559633027523,0.014898471318394026,0.09640187323666723,0.3333333333333333
1174,Swelling,0,6,105,0.0,1.0,1.0,0.0
1174,"Change, acidophilic",0,6,87,0.0,1.0,1.0,0.0
1174,"Degeneration, fatty",0,6,80,0.0,1.0,1.0,0.0
1174,Fibrosis,0,6,63,0.0,1.0,1.0,0.0
1174,"Proliferation, oval cell",0,6,61,0.0,1.0,1.0,0.0
1174,"Hematopoiesis, extramedullary",0,6,54,0.0,1.0,1.0,0.0
1174,"Cellular infiltration, mononuclear cell",0,6,53,0.0,1.0,1.0,0.0
1174,Anisonucleosis,0,6,47,0.0,1.0,1.0,0.0
1174,"Alteration, nuclear",0,6,46,0.0,1.0,1.0,0.0
1174,"Deposit, pigment",0,6,38,0.0,1.0,1.0,0.0
1174,"Degeneration, hydropic",0,6,35,0.0,1.0,1.0,0.0
1174,"Alteration, cytoplasmic",0,6,35,0.0,1.0,1.0,0.0
1174,Pyknosis,0,6,33,0.0,1.0,1.0,0.0
1174,"Proliferation, Kupffer cell",0,6,29,0.0,1.0,1.0,0.0
1174,Cellular foci,0,6,25,0.0,1.0,1.0,0.0
1174,Microgranuloma,0,6,20,0.0,1.0,1.0,0.0
1174,Edema,0,6,18,0.0,1.0,1.0,0.0
1174,"Deposit, hemosiderin",0,6,17,0.0,1.0,1.0,0.0
1174,"Inclusion body, intracytoplasmic",1,5,10,66.82,0.019514476811538867,0.12364372507791027,0.16666666666666666
1174,"Degeneration, acidophilic, eosinophilic",0,6,10,0.0,1.0,1.0,0.0
1174,Hemorrhage,0,6,10,0.0,1.0,1.0,0.0
1174,Phagocytosis,0,6,10,0.0,1.0,1.0,0.0
1174,"Lesion,NOS",0,6,10,0.0,1.0,1.0,0.0
1174,"Deposit, glycogen",0,6,9,0.0,1.0,1.0,0.0
1174,Granuloma,0,6,8,0.0,1.0,1.0,0.0
1174,"Vacuolization, nuclear",0,6,5,0.0,1.0,1.0,0.0
1175,Hypertrophy,34,2,471,102.86624203821655,1.9034716483512338e-26,7.824651620211993e-25,0.9444444444444444
1175,Cellular infiltration,14,22,190,10.486602870813398,6.976555784453787e-09,9.188634447817183e-08,0.3888888888888889
1175,"Degeneration, granular, eosinophilic",34,2,168,319.05357142857144,1.1195838906162488e-40,9.852338237422989e-39,0.9444444444444444
1175,Ground glass appearance,0,36,174,0.0,1.0,1.0,0.0
1175,Necrosis,0,36,160,0.0,1.0,1.0,0.0
1175,"Proliferation, bile duct",5,31,150,3.4096774193548387,0.023282649538631798,0.14611615241360051,0.1388888888888889
1175,"Vacuolization, cytoplasmic",0,36,135,0.0,1.0,1.0,0.0
1175,"Change, eosinophilic",1,35,128,0.7127232142857143,0.7578536366304518,1.0,0.027777777777777776
1175,Increased mitosis,0,36,126,0.0,1.0,1.0,0.0
1175,Single cell necrosis,15,21,96,23.995535714285715,7.421478803776096e-14,1.4597213276301326e-12,0.4166666666666667
1175,Swelling,0,36,105,0.0,1.0,1.0,0.0
1175,"Change, acidophilic",0,36,87,0.0,1.0,1.0,0.0
1175,"Degeneration, fatty",0,36,80,0.0,1.0,1.0,0.0
1175,Fibrosis,5,31,58,9.07397107897664,0.0004774452208349797,0.0038195617666798376,0.1388888888888889
1175,"Proliferation, oval cell",12,24,49,33.38775510204081,3.748028032902248e-13,7.001033495421181e-12,0.3333333333333333
1175,"Hematopoiesis, extramedullary",0,36,54,0.0,1.0,1.0,0.0
1175,"Cellular infiltration, mononuclear cell",0,36,53,0.0,1.0,1.0,0.0
1175,Anisonucleosis,1,35,46,2.0341614906832297,0.39966465292627595,1.0,0.027777777777777776
1175,"Alteration, nuclear",26,10,20,429.13,1.2641548876434368e-44,1.3409071486789312e-42,0.7222222222222222
1175,"Deposit, pigment",1,35,37,2.535907335907336,0.33767219763037615,1.0,0.027777777777777776
1175,"Degeneration, hydropic",0,36,35,0.0,1.0,1.0,0.0
1175,"Alteration, cytoplasmic",0,36,35,0.0,1.0,1.0,0.0
1175,Pyknosis,0,36,33,0.0,1.0,1.0,0.0
1175,"Proliferation, Kupffer cell",1,35,28,3.360204081632653,0.26947367967778885,1.0,0.027777777777777776
1175,Cellular foci,8,28,17,55.529411764705884,7.266322710711891e-11,1.134348407401541e-09,0.2222222222222222
1175,Microgranuloma,0,36,20,0.0,1.0,1.0,0.0
1175,Edema,0,36,18,0.0,1.0,1.0,0.0
1175,"Deposit, hemosiderin",0,36,17,0.0,1.0,1.0,0.0
1175,"Inclusion body, intracytoplasmic",1,35,10,9.46,0.11199464506588884,0.6042217908186919,0.027777777777777776
1175,"Degeneration, acidophilic, eosinophilic",0,36,10,0.0,1.0,1.0,0.0
1175,Hemorrhage,0,36,10,0.0,1.0,1.0,0.0
1175,Phagocytosis,0,36,10,0.0,1.0,1.0,0.0
1175,"Lesion,NOS",0,36,10,0.0,1.0,1.0,0.0
1175,"Deposit, glycogen",0,36,9,0.0,1.0,1.0,0.0
1175,Granuloma,0,36,8,0.0,1.0,1.0,0.0
1175,"Vacuolization, nuclear",0,36,5,0.0,1.0,1.0,0.0
1188,Hypertrophy,33,41,472,4.793458040512609,7.327378846522255e-10,1.0425061161279568e-08,0.44594594594594594
1188,Cellular infiltration,1,73,203,0.20784128483703354,0.990833153800874,1.0,0.013513513513513514
1188,"Degeneration, granular, eosinophilic",0,74,202,0.0,1.0,1.0,0.0
1188,Ground glass appearance,0,74,174,0.0,1.0,1.0,0.0
1188,Necrosis,0,74,160,0.0,1.0,1.0,0.0
1188,"Proliferation, bile duct",2,72,153,0.5682643427741467,0.8643172957420417,1.0,0.02702702702702703
1188,"Vacuolization, cytoplasmic",9,65,126,3.4692307692307693,0.002516722006514796,0.018320255782718,0.12162162162162163
1188,"Change, eosinophilic",10,64,119,4.154411764705882,0.00043773280593584804,0.0035184477229484945,0.13513513513513514
1188,Increased mitosis,0,74,126,0.0,1.0,1.0,0.0
1188,Single cell necrosis,2,72,109,0.808868501529052,0.7101317030392329,1.0,0.02702702702702703
1188,Swelling,0,74,105,0.0,1.0,1.0,0.0
1188,"Change, acidophilic",0,74,87,0.0,1.0,1.0,0.0
1188,"Degeneration, fatty",0,74,80,0.0,1.0,1.0,0.0
1188,Fibrosis,0,74,63,0.0,1.0,1.0,0.0
1188,"Proliferation, oval cell",0,74,61,0.0,1.0,1.0,0.0
1188,"Hematopoiesis, extramedullary",9,65,45,9.963076923076922,1.7985895767357272e-06,1.9094945640411473e-05,0.12162162162162163
1188,"Cellular infiltration, mononuclear cell",0,74,53,0.0,1.0,1.0,0.0
1188,Anisonucleosis,0,74,47,0.0,1.0,1.0,0.0
1188,"Alteration, nuclear",0,74,46,0.0,1.0,1.0,0.0
1188,"Deposit, pigment",1,73,37,1.2017771195853388,0.5733448147045659,1.0,0.013513513513513514
1188,"Degeneration, hydropic",0,74,35,0.0,1.0,1.0,0.0
1188,"Alteration, cytoplasmic",0,74,35,0.0,1.0,1.0,0.0
1188,Pyknosis,0,74,33,0.0,1.0,1.0,0.0
1188,"Proliferation, Kupffer cell",0,74,29,0.0,1.0,1.0,0.0
1188,Cellular foci,0,74,25,0.0,1.0,1.0,0.0
1188,Microgranuloma,1,73,19,2.3532804614275413,0.3605087562421632,1.0,0.013513513513513514
1188,Edema,0,74,18,0.0,1.0,1.0,0.0
1188,"Deposit, hemosiderin",10,64,7,73.125,2.500294034751263e-13,4.714840179816668e-12,0.13513513513513514
1188,"Inclusion body, intracytoplasmic",1,73,10,4.483561643835617,0.21773439579493037,1.0,0.013513513513513514
1188,"Degeneration, acidophilic, eosinophilic",0,74,10,0.0,1.0,1.0,0.0
1188,Hemorrhage,0,74,10,0.0,1.0,1.0,0.0
1188,Phagocytosis,0,74,10,0.0,1.0,1.0,0.0
1188,"Lesion,NOS",0,74,10,0.0,1.0,1.0,0.0
1188,"Deposit, glycogen",0,74,9,0.0,1.0,1.0,0.0
1188,Granuloma,0,74,8,0.0,1.0,1.0,0.0
1188,"Vacuolization, nuclear",0,74,5,0.0,1.0,1.0,0.0
1199,Hypertrophy,5,36,500,0.7822222222222223,0.7606416528019966,1.0,0.12195121951219512
1199,Cellular infiltration,2,39,202,0.7905559786747905,0.7224086513774219,1.0,0.04878048780487805
1199,"Degeneration, granular, eosinophilic",17,24,185,11.988063063063063,3.860636017225109e-11,6.156289380487825e-10,0.4146341463414634
1199,Ground glass appearance,0,41,174,0.0,1.0,1.0,0.0
1199,Necrosis,6,35,154,3.519851576994434,0.011994833114110495,0.07885922379393065,0.14634146341463414
1199,"Proliferation, bile duct",8,33,147,5.226138940424654,0.00044812268230416257,0.00359952499376163,0.1951219512195122
1199,"Vacuolization, cytoplasmic",2,39,133,1.227299016772701,0.49611991819125284,1.0,0.04878048780487805
1199,"Change, eosinophilic",1,40,128,0.62265625,0.8013927545668933,1.0,0.024390243902439025
1199,Increased mitosis,1,40,125,0.6382,0.79363354759707,1.0,0.024390243902439025
1199,Single cell necrosis,4,37,107,3.2422328870927,0.04482646773506249,0.26668932544398777,0.0975609756097561
1199,Swelling,2,39,103,1.5997012696041821,0.36906795481277865,1.0,0.04878048780487805
1199,"Change, acidophilic",0,41,87,0.0,1.0,1.0,0.0
1199,"Degeneration, fatty",0,41,80,0.0,1.0,1.0,0.0
1199,Fibrosis,1,40,62,1.3120967741935483,0.5422621177262281,1.0,0.024390243902439025
1199,"Proliferation, oval cell",0,41,61,0.0,1.0,1.0,0.0
1199,"Hematopoiesis, extramedullary",0,41,54,0.0,1.0,1.0,0.0
1199,"Cellular infiltration, mononuclear cell",8,33,45,17.62154882154882,1.4349230301815357e-07,1.6753293569139429e-06,0.1951219512195122
1199,Anisonucleosis,0,41,47,0.0,1.0,1.0,0.0
1199,"Alteration, nuclear",0,41,46,0.0,1.0,1.0,0.0
1199,"Deposit, pigment",0,41,38,0.0,1.0,1.0,0.0
1199,"Degeneration, hydropic",0,41,35,0.0,1.0,1.0,0.0
1199,"Alteration, cytoplasmic",0,41,35,0.0,1.0,1.0,0.0
1199,Pyknosis,0,41,33,0.0,1.0,1.0,0.0
1199,"Proliferation, Kupffer cell",8,33,21,38.03751803751804,8.59154747312469e-10,1.2093315637526224e-08,0.1951219512195122
1199,Cellular foci,0,41,25,0.0,1.0,1.0,0.0
1199,Microgranuloma,0,41,20,0.0,1.0,1.0,0.0
1199,Edema,0,41,18,0.0,1.0,1.0,0.0
1199,"Deposit, hemosiderin",0,41,17,0.0,1.0,1.0,0.0
1199,"Inclusion body, intracytoplasmic",0,41,11,0.0,1.0,1.0,0.0
1199,"Degeneration, acidophilic, eosinophilic",0,41,10,0.0,1.0,1.0,0.0
1199,Hemorrhage,0,41,10,0.0,1.0,1.0,0.0
1199,Phagocytosis,0,41,10,0.0,1.0,1.0,0.0
1199,"Lesion,NOS",0,41,10,0.0,1.0,1.0,0.0
1199,"Deposit, glycogen",0,41,9,0.0,1.0,1.0,0.0
1199,Granuloma,0,41,8,0.0,1.0,1.0,0.0
1199,"Vacuolization, nuclear",0,41,5,0.0,1.0,1.0,0.0
1200,Hypertrophy,13,10,492,7.509349593495935,4.678944605852456e-06,4.746871214135541e-05,0.5652173913043478
1200,Cellular infiltration,0,23,204,0.0,1.0,1.0,0.0
1200,"Degeneration, granular, eosinophilic",0,23,202,0.0,1.0,1.0,0.0
1200,Ground glass appearance,16,7,158,45.945750452079565,2.461888781580341e-16,5.7686861390876636e-15,0.6956521739130435
1200,Necrosis,0,23,160,0.0,1.0,1.0,0.0
1200,"Proliferation, bile duct",0,23,155,0.0,1.0,1.0,0.0
1200,"Vacuolization, cytoplasmic",0,23,135,0.0,1.0,1.0,0.0
1200,"Change, eosinophilic",3,20,126,3.8190476190476192,0.056024850290624297,0.3267234708915219,0.13043478260869565
1200,Increased mitosis,1,22,125,1.166909090909091,0.5863938950950717,1.0,0.043478260869565216
1200,Single cell necrosis,8,15,103,16.730097087378642,3.6017440178564355e-07,4.0635060714277735e-06,0.34782608695652173
1200,Swelling,0,23,105,0.0,1.0,1.0,0.0
1200,"Change, acidophilic",0,23,87,0.0,1.0,1.0,0.0
1200,"Degeneration, fatty",0,23,80,0.0,1.0,1.0,0.0
1200,Fibrosis,0,23,63,0.0,1.0,1.0,0.0
1200,"Proliferation, oval cell",0,23,61,0.0,1.0,1.0,0.0
1200,"Hematopoiesis, extramedullary",0,23,54,0.0,1.0,1.0,0.0
1200,"Cellular infiltration, mononuclear cell",1,22,52,2.8688811188811187,0.307351932207464,1.0,0.043478260869565216
1200,Anisonucleosis,1,22,46,3.2490118577075098,0.27773569544620796,1.0,0.043478260869565216
1200,"Alteration, nuclear",10,13,36,70.47008547008546,8.303445424378223e-14,1.6164514068564709e-12,0.43478260869565216
1200,"Deposit, pigment",3,20,35,14.138571428571428,0.0020276186101054272,0.014998822595300422,0.13043478260869565
1200,"Degeneration, hydropic",0,23,35,0.0,1.0,1.0,0.0
1200,"Alteration, cytoplasmic",0,23,35,0.0,1.0,1.0,0.0
1200,Pyknosis,0,23,33,0.0,1.0,1.0,0.0
1200,"Proliferation, Kupffer cell",4,19,25,27.865263157894738,3.553762381164925e-05,0.00032931901004866856,0.17391304347826086
1200,Cellular foci,0,23,25,0.0,1.0,1.0,0.0
1200,Microgranuloma,0,23,20,0.0,1.0,1.0,0.0
1200,Edema,0,23,18,0.0,1.0,1.0,0.0
1200,"Deposit, hemosiderin",0,23,17,0.0,1.0,1.0,0.0
1200,"Inclusion body, intracytoplasmic",2,21,9,35.18518518518518,0.0023791142965773017,0.017361104326374905,0.08695652173913043
1200,"Degeneration, acidophilic, eosinophilic",0,23,10,0.0,1.0,1.0,0.0
1200,Hemorrhage,0,23,10,0.0,1.0,1.0,0.0
1200,Phagocytosis,0,23,10,0.0,1.0,1.0,0.0
1200,"Lesion,NOS",0,23,10,0.0,1.0,1.0,0.0
1200,"Deposit, glycogen",0,23,9,0.0,1.0,1.0,0.0
1200,Granuloma,0,23,8,0.0,1.0,1.0,0.0
1200,"Vacuolization, nuclear",0,23,5,0.0,1.0,1.0,0.0
1202,Hypertrophy,61,44,444,8.767813267813267,3.855351853388011e-25,1.449417089185113e-23,0.580952380952381
1202,Cellular infiltration,4,101,200,0.6043564356435643,0.8911143125252693,1.0,0.0380952380952381
1202,"Degeneration, granular, eosinophilic",8,97,194,1.3000318843660326,0.29595461772654297,1.0,0.0761904761904762
1202,Ground glass appearance,37,68,137,12.371726062687848,1.0299465230103865e-22,3.3614738168580743e-21,0.3523809523809524
1202,Necrosis,1,104,159,0.18704644412191582,0.9945428685266027,1.0,0.009523809523809525
1202,"Proliferation, bile duct",0,105,155,0.0,1.0,1.0,0.0
1202,"Vacuolization, cytoplasmic",0,105,135,0.0,1.0,1.0,0.0
1202,"Change, eosinophilic",2,103,127,0.4777922177203578,0.9184380311643114,1.0,0.01904761904761905
1202,Increased mitosis,17,88,109,5.570371142618849,1.999719526719225e-07,2.2953302393646756e-06,0.1619047619047619
1202,Single cell necrosis,4,101,107,1.1640603312667714,0.4605284509402698,1.0,0.0380952380952381
1202,Swelling,0,105,105,0.0,1.0,1.0,0.0
1202,"Change, acidophilic",0,105,87,0.0,1.0,1.0,0.0
1202,"Degeneration, fatty",0,105,80,0.0,1.0,1.0,0.0
1202,Fibrosis,0,105,63,0.0,1.0,1.0,0.0
1202,"Proliferation, oval cell",1,104,60,0.5115384615384615,0.8586120902308227,1.0,0.009523809523809525
1202,"Hematopoiesis, extramedullary",0,105,54,0.0,1.0,1.0,0.0
1202,"Cellular infiltration, mononuclear cell",0,105,53,0.0,1.0,1.0,0.0
1202,Anisonucleosis,0,105,47,0.0,1.0,1.0,0.0
1202,"Alteration, nuclear",5,100,41,3.9158536585365855,0.013461001543898414,0.08786631777006218,0.047619047619047616
1202,"Deposit, pigment",0,105,38,0.0,1.0,1.0,0.0
1202,"Degeneration, hydropic",0,105,35,0.0,1.0,1.0,0.0
1202,"Alteration, cytoplasmic",0,105,35,0.0,1.0,1.0,0.0
1202,Pyknosis,0,105,33,0.0,1.0,1.0,0.0
1202,"Proliferation, Kupffer cell",0,105,29,0.0,1.0,1.0,0.0
1202,Cellular foci,0,105,25,0.0,1.0,1.0,0.0
1202,Microgranuloma,0,105,20,0.0,1.0,1.0,0.0
1202,Edema,0,105,18,0.0,1.0,1.0,0.0
1202,"Deposit, hemosiderin",0,105,17,0.0,1.0,1.0,0.0
1202,"Inclusion body, intracytoplasmic",0,105,11,0.0,1.0,1.0,0.0
1202,"Degeneration, acidophilic, eosinophilic",0,105,10,0.0,1.0,1.0,0.0
1202,Hemorrhage,0,105,10,0.0,1.0,1.0,0.0
1202,Phagocytosis,0,105,10,0.0,1.0,1.0,0.0
1202,"Lesion,NOS",0,105,10,0.0,1.0,1.0,0.0
1202,"Deposit, glycogen",0,105,9,0.0,1.0,1.0,0.0
1202,Granuloma,0,105,8,0.0,1.0,1.0,0.0
1202,"Vacuolization, nuclear",0,105,5,0.0,1.0,1.0,0.0
1210,Hypertrophy,0,38,505,0.0,1.0,1.0,0.0
1210,Cellular infiltration,12,26,192,7.516826923076923,1.2244803983967927e-06,1.3164549441587239e-05,0.3157894736842105
1210,"Degeneration, granular, eosinophilic",17,21,185,13.713770913770913,8.615396300239367e-12,1.4294819559615042e-10,0.4473684210526316
1210,Ground glass appearance,0,38,174,0.0,1.0,1.0,0.0
1210,Necrosis,5,33,155,3.0928641251221896,0.032467612164856406,0.2003715493602567,0.13157894736842105
1210,"Proliferation, bile duct",8,30,147,5.754195011337869,0.0002581482619223132,0.0021401265538290863,0.21052631578947367
1210,"Vacuolization, cytoplasmic",0,38,135,0.0,1.0,1.0,0.0
1210,"Change, eosinophilic",1,37,128,0.6737753378378378,0.7763027327671087,1.0,0.02631578947368421
1210,Increased mitosis,0,38,126,0.0,1.0,1.0,0.0
1210,Single cell necrosis,0,38,111,0.0,1.0,1.0,0.0
1210,Swelling,18,20,87,33.43448275862069,3.727192498979276e-18,9.625879758233434e-17,0.47368421052631576
1210,"Change, acidophilic",5,33,82,5.981152993348116,0.0026643040808976234,0.019288197733737824,0.13157894736842105
1210,"Degeneration, fatty",1,37,79,1.108450222374273,0.6021524611477366,1.0,0.02631578947368421
1210,Fibrosis,6,32,57,10.730263157894736,5.9267723935733795e-05,0.0005342189380550209,0.15789473684210525
1210,"Proliferation, oval cell",0,38,61,0.0,1.0,1.0,0.0
1210,"Hematopoiesis, extramedullary",0,38,54,0.0,1.0,1.0,0.0
1210,"Cellular infiltration, mononuclear cell",0,38,53,0.0,1.0,1.0,0.0
1210,Anisonucleosis,0,38,47,0.0,1.0,1.0,0.0
1210,"Alteration, nuclear",0,38,46,0.0,1.0,1.0,0.0
1210,"Deposit, pigment",0,38,38,0.0,1.0,1.0,0.0
1210,"Degeneration, hydropic",1,37,34,2.611287758346582,0.3300082340219579,1.0,0.02631578947368421
1210,"Alteration, cytoplasmic",0,38,35,0.0,1.0,1.0,0.0
1210,Pyknosis,0,38,33,0.0,1.0,1.0,0.0
1210,"Proliferation, Kupffer cell",0,38,29,0.0,1.0,1.0,0.0
1210,Cellular foci,0,38,25,0.0,1.0,1.0,0.0
1210,Microgranuloma,0,38,20,0.0,1.0,1.0,0.0
1210,Edema,0,38,18,0.0,1.0,1.0,0.0
1210,"Deposit, hemosiderin",0,38,17,0.0,1.0,1.0,0.0
1210,"Inclusion body, intracytoplasmic",0,38,11,0.0,1.0,1.0,0.0
1210,"Degeneration, acidophilic, eosinophilic",0,38,10,0.0,1.0,1.0,0.0
1210,Hemorrhage,0,38,10,0.0,1.0,1.0,0.0
1210,Phagocytosis,0,38,10,0.0,1.0,1.0,0.0
1210,"Lesion,NOS",0,38,10,0.0,1.0,1.0,0.0
1210,"Deposit, glycogen",0,38,9,0.0,1.0,1.0,0.0
1210,Granuloma,0,38,8,0.0,1.0,1.0,0.0
1210,"Vacuolization, nuclear",0,38,5,0.0,1.0,1.0,0.0
1224,Hypertrophy,31,66,474,2.7607083493159443,1.6214275031050452e-05,0.00015635193779941508,0.31958762886597936
1224,Cellular infiltration,14,83,190,2.725428027901078,0.0018599946673018993,0.013862444571861083,0.14432989690721648
1224,"Degeneration, granular, eosinophilic",0,97,202,0.0,1.0,1.0,0.0
1224,Ground glass appearance,0,97,174,0.0,1.0,1.0,0.0
1224,Necrosis,16,81,144,4.274348422496571,9.231042125826548e-06,9.153988351821317e-05,0.16494845360824742
1224,"Proliferation, bile duct",34,63,121,14.000524727797455,1.5302127765700857e-22,4.899980535216339e-21,0.35051546391752575
1224,"Vacuolization, cytoplasmic",1,96,134,0.24300373134328357,0.982414528364818,1.0,0.010309278350515464
1224,"Change, eosinophilic",0,97,129,0.0,1.0,1.0,0.0
1224,Increased mitosis,0,97,126,0.0,1.0,1.0,0.0
1224,Single cell necrosis,0,97,111,0.0,1.0,1.0,0.0
1224,Swelling,42,55,63,38.75151515151515,1.0948780744886593e-40,9.70682949621289e-39,0.4329896907216495
1224,"Change, acidophilic",14,83,73,7.363921439181383,1.0490292971869802e-07,1.2462468050581326e-06,0.14432989690721648
1224,"Degeneration, fatty",0,97,80,0.0,1.0,1.0,0.0
1224,Fibrosis,0,97,63,0.0,1.0,1.0,0.0
1224,"Proliferation, oval cell",33,64,28,59.517857142857146,4.408356184799381e-37,3.252874004684264e-35,0.3402061855670103
1224,"Hematopoiesis, extramedullary",0,97,54,0.0,1.0,1.0,0.0
1224,"Cellular infiltration, mononuclear cell",0,97,53,0.0,1.0,1.0,0.0
1224,Anisonucleosis,0,97,47,0.0,1.0,1.0,0.0
1224,"Alteration, nuclear",0,97,46,0.0,1.0,1.0,0.0
1224,"Deposit, pigment",0,97,38,0.0,1.0,1.0,0.0
1224,"Degeneration, hydropic",0,97,35,0.0,1.0,1.0,0.0
1224,"Alteration, cytoplasmic",0,97,35,0.0,1.0,1.0,0.0
1224,Pyknosis,0,97,33,0.0,1.0,1.0,0.0
1224,"Proliferation, Kupffer cell",0,97,29,0.0,1.0,1.0,0.0
1224,Cellular foci,8,89,17,17.14738929279577,2.624722261305496e-07,2.9896165354083695e-06,0.08247422680412371
1224,Microgranuloma,0,97,20,0.0,1.0,1.0,0.0
1224,Edema,0,97,18,0.0,1.0,1.0,0.0
1224,"Deposit, hemosiderin",0,97,17,0.0,1.0,1.0,0.0
1224,"Inclusion body, intracytoplasmic",0,97,11,0.0,1.0,1.0,0.0
1224,"Degeneration, acidophilic, eosinophilic",0,97,10,0.0,1.0,1.0,0.0
1224,Hemorrhage,0,97,10,0.0,1.0,1.0,0.0
1224,Phagocytosis,0,97,10,0.0,1.0,1.0,0.0
1224,"Lesion,NOS",0,97,10,0.0,1.0,1.0,0.0
1224,"Deposit, glycogen",0,97,9,0.0,1.0,1.0,0.0
1224,Granuloma,0,97,8,0.0,1.0,1.0,0.0
1224,"Vacuolization, nuclear",0,97,5,0.0,1.0,1.0,0.0
1225,Hypertrophy,0,37,505,0.0,1.0,1.0,0.0
1225,Cellular infiltration,16,21,188,12.693009118541033,8.041041717733059e-11,1.2519996802971002e-09,0.43243243243243246
1225,"Degeneration, granular, eosinophilic",0,37,202,0.0,1.0,1.0,0.0
1225,Ground glass appearance,0,37,174,0.0,1.0,1.0,0.0
1225,Necrosis,7,30,153,4.829847494553377,0.0015029658520550194,0.011401809912141526,0.1891891891891892
1225,"Proliferation, bile duct",8,29,147,5.95449214168426,0.00021200118211172047,0.0017748936176795204,0.21621621621621623
1225,"Vacuolization, cytoplasmic",0,37,135,0.0,1.0,1.0,0.0
1225,"Change, eosinophilic",12,25,117,13.14051282051282,5.084052903665691e-09,6.763555262659396e-08,0.32432432432432434
1225,Increased mitosis,0,37,126,0.0,1.0,1.0,0.0
1225,Single cell necrosis,0,37,111,0.0,1.0,1.0,0.0
1225,Swelling,5,32,100,5.03125,0.005344376692602896,0.036934959341548806,0.13513513513513514
1225,"Change, acidophilic",2,35,85,2.1747899159663864,0.24875852611642849,1.0,0.05405405405405406
1225,"Degeneration, fatty",0,37,80,0.0,1.0,1.0,0.0
1225,Fibrosis,4,33,59,6.699537750385208,0.004678059273081257,0.0325764033787839,0.10810810810810811
1225,"Proliferation, oval cell",0,37,61,0.0,1.0,1.0,0.0
1225,"Hematopoiesis, extramedullary",0,37,54,0.0,1.0,1.0,0.0
1225,"Cellular infiltration, mononuclear cell",0,37,53,0.0,1.0,1.0,0.0
1225,Anisonucleosis,0,37,47,0.0,1.0,1.0,0.0
1225,"Alteration, nuclear",0,37,46,0.0,1.0,1.0,0.0
1225,"Deposit, pigment",1,36,37,2.464714714714715,0.3452507753148222,1.0,0.02702702702702703
1225,"Degeneration, hydropic",0,37,35,0.0,1.0,1.0,0.0
1225,"Alteration, cytoplasmic",24,13,11,555.3566433566433,2.2900162149705074e-43,2.325247233662361e-41,0.6486486486486487
1225,Pyknosis,0,37,33,0.0,1.0,1.0,0.0
1225,"Proliferation, Kupffer cell",0,37,29,0.0,1.0,1.0,0.0
1225,Cellular foci,0,37,25,0.0,1.0,1.0,0.0
1225,Microgranuloma,0,37,20,0.0,1.0,1.0,0.0
1225,Edema,0,37,18,0.0,1.0,1.0,0.0
1225,"Deposit, hemosiderin",0,37,17,0.0,1.0,1.0,0.0
1225,"Inclusion body, intracytoplasmic",0,37,11,0.0,1.0,1.0,0.0
1225,"Degeneration, acidophilic, eosinophilic",3,34,7,41.760504201680675,0.0001403154310310447,0.00120705816122289,0.08108108108108109
1225,Hemorrhage,0,37,10,0.0,1.0,1.0,0.0
1225,Phagocytosis,0,37,10,0.0,1.0,1.0,0.0
1225,"Lesion,NOS",0,37,10,0.0,1.0,1.0,0.0
1225,"Deposit, glycogen",0,37,9,0.0,1.0,1.0,0.0
1225,Granuloma,0,37,8,0.0,1.0,1.0,0.0
1225,"Vacuolization, nuclear",0,37,5,0.0,1.0,1.0,0.0
1234,Hypertrophy,23,7,482,19.393894487255483,5.5731054601765716e-14,1.1053170762420312e-12,0.7666666666666667
1234,Cellular infiltration,4,26,200,2.4053846153846155,0.10539881100839013,0.5733232027379463,0.13333333333333333
1234,"Degeneration, granular, eosinophilic",4,26,198,2.4312354312354314,0.10254537703063477,0.5585690413223022,0.13333333333333333
1234,Ground glass appearance,0,30,174,0.0,1.0,1.0,0.0
1234,Necrosis,2,28,158,1.432640144665461,0.42260962302875055,1.0,0.06666666666666667
1234,"Proliferation, bile duct",4,26,151,3.2358634742740704,0.04703273409488275,0.27881680690978394,0.13333333333333333
1234,"Vacuolization, cytoplasmic",15,15,120,26.725,4.9674788073869864e-14,9.934957614773973e-13,0.5
1234,"Change, eosinophilic",3,27,126,2.822751322751323,0.10606402798579843,0.57641383919089,0.1
1234,Increased mitosis,0,30,126,0.0,1.0,1.0,0.0
1234,Single cell necrosis,3,27,108,3.3117283950617282,0.07485391222355331,0.4242674032518193,0.1
1234,Swelling,0,30,105,0.0,1.0,1.0,0.0
1234,"Change, acidophilic",0,30,87,0.0,1.0,1.0,0.0
1234,"Degeneration, fatty",0,30,80,0.0,1.0,1.0,0.0
1234,Fibrosis,0,30,63,0.0,1.0,1.0,0.0
1234,"Proliferation, oval cell",0,30,61,0.0,1.0,1.0,0.0
1234,"Hematopoiesis, extramedullary",0,30,54,0.0,1.0,1.0,0.0
1234,"Cellular infiltration, mononuclear cell",0,30,53,0.0,1.0,1.0,0.0
1234,Anisonucleosis,0,30,47,0.0,1.0,1.0,0.0
1234,"Alteration, nuclear",0,30,46,0.0,1.0,1.0,0.0
1234,"Deposit, pigment",1,29,37,3.0661696178937556,0.2903745253461845,1.0,0.03333333333333333
1234,"Degeneration, hydropic",0,30,35,0.0,1.0,1.0,0.0
1234,"Alteration, cytoplasmic",0,30,35,0.0,1.0,1.0,0.0
1234,Pyknosis,0,30,33,0.0,1.0,1.0,0.0
1234,"Proliferation, Kupffer cell",0,30,29,0.0,1.0,1.0,0.0
1234,Cellular foci,0,30,25,0.0,1.0,1.0,0.0
1234,Microgranuloma,0,30,20,0.0,1.0,1.0,0.0
1234,Edema,3,27,15,24.533333333333335,0.0004802844143842677,0.0038396896654677663,0.1
1234,"Deposit, hemosiderin",0,30,17,0.0,1.0,1.0,0.0
1234,"Inclusion body, intracytoplasmic",0,30,11,0.0,1.0,1.0,0.0
1234,"Degeneration, acidophilic, eosinophilic",0,30,10,0.0,1.0,1.0,0.0
1234,Hemorrhage,0,30,10,0.0,1.0,1.0,0.0
1234,Phagocytosis,0,30,10,0.0,1.0,1.0,0.0
1234,"Lesion,NOS",0,30,10,0.0,1.0,1.0,0.0
1234,"Deposit, glycogen",0,30,9,0.0,1.0,1.0,0.0
1234,Granuloma,0,30,8,0.0,1.0,1.0,0.0
1234,"Vacuolization, nuclear",0,30,5,0.0,1.0,1.0,0.0
1238,Hypertrophy,20,2,485,58.76288659793814,4.366121694627876e-15,9.448001044112782e-14,0.9090909090909091
1238,Cellular infiltration,18,4,186,76.18548387096774,3.635820039687399e-19,9.929549901491104e-18,0.8181818181818182
1238,"Degeneration, granular, eosinophilic",2,20,200,1.5675,0.38540324066889703,1.0,0.09090909090909091
1238,Ground glass appearance,0,22,174,0.0,1.0,1.0,0.0
1238,Necrosis,15,7,145,47.142857142857146,9.946195949504807e-16,2.2421405669851443e-14,0.6818181818181818
1238,"Proliferation, bile duct",18,4,137,105.04379562043796,2.129105022511124e-21,6.468994288345819e-20,0.8181818181818182
1238,"Vacuolization, cytoplasmic",2,20,133,2.4075187969924814,0.22080791445330122,1.0,0.09090909090909091
1238,"Change, eosinophilic",11,11,118,27.26271186440678,8.69323215408781e-11,1.3464875878821798e-09,0.5
1238,Increased mitosis,6,16,120,10.046875,0.00011294530711242498,0.0009844389203929633,0.2727272727272727
1238,Single cell necrosis,8,14,103,17.930651872399444,2.414893143210677e-07,2.755901108678467e-06,0.36363636363636365
1238,Swelling,0,22,105,0.0,1.0,1.0,0.0
1238,"Change, acidophilic",0,22,87,0.0,1.0,1.0,0.0
1238,"Degeneration, fatty",0,22,80,0.0,1.0,1.0,0.0
1238,Fibrosis,0,22,63,0.0,1.0,1.0,0.0
1238,"Proliferation, oval cell",0,22,61,0.0,1.0,1.0,0.0
1238,"Hematopoiesis, extramedullary",0,22,54,0.0,1.0,1.0,0.0
1238,"Cellular infiltration, mononuclear cell",0,22,53,0.0,1.0,1.0,0.0
1238,Anisonucleosis,0,22,47,0.0,1.0,1.0,0.0
1238,"Alteration, nuclear",0,22,46,0.0,1.0,1.0,0.0
1238,"Deposit, pigment",4,18,34,21.575163398692812,8.829186562636297e-05,0.000783351279791779,0.18181818181818182
1238,"Degeneration, hydropic",0,22,35,0.0,1.0,1.0,0.0
1238,"Alteration, cytoplasmic",0,22,35,0.0,1.0,1.0,0.0
1238,Pyknosis,0,22,33,0.0,1.0,1.0,0.0
1238,"Proliferation, Kupffer cell",0,22,29,0.0,1.0,1.0,0.0
1238,Cellular foci,0,22,25,0.0,1.0,1.0,0.0
1238,Microgranuloma,0,22,20,0.0,1.0,1.0,0.0
1238,Edema,16,6,2,4444.0,9.483809736031637e-37,6.869979247808282e-35,0.7272727272727273
1238,"Deposit, hemosiderin",0,22,17,0.0,1.0,1.0,0.0
1238,"Inclusion body, intracytoplasmic",0,22,11,0.0,1.0,1.0,0.0
1238,"Degeneration, acidophilic, eosinophilic",0,22,10,0.0,1.0,1.0,0.0
1238,Hemorrhage,0,22,10,0.0,1.0,1.0,0.0
1238,Phagocytosis,0,22,10,0.0,1.0,1.0,0.0
1238,"Lesion,NOS",0,22,10,0.0,1.0,1.0,0.0
1238,"Deposit, glycogen",0,22,9,0.0,1.0,1.0,0.0
1238,Granuloma,0,22,8,0.0,1.0,1.0,0.0
1238,"Vacuolization, nuclear",0,22,5,0.0,1.0,1.0,0.0
1252,Hypertrophy,29,20,476,8.62689075630252,9.937254125228123e-13,1.791420015291504e-11,0.5918367346938775
1252,Cellular infiltration,1,48,203,0.3186576354679803,0.9547189560128805,1.0,0.02040816326530612
1252,"Degeneration, granular, eosinophilic",48,1,154,983.0649350649351,3.8583268593681046e-60,7.514249686769359e-58,0.9795918367346939
1252,Ground glass appearance,0,49,174,0.0,1.0,1.0,0.0
1252,Necrosis,11,38,149,6.1372306605439775,1.2347267179795045e-05,0.0001205304306458218,0.22448979591836735
1252,"Proliferation, bile duct",0,49,155,0.0,1.0,1.0,0.0
1252,"Vacuolization, cytoplasmic",0,49,135,0.0,1.0,1.0,0.0
1252,"Change, eosinophilic",0,49,129,0.0,1.0,1.0,0.0
1252,Increased mitosis,4,45,122,2.321311475409836,0.1099229191244867,0.5946649723127969,0.08163265306122448
1252,Single cell necrosis,2,47,109,1.2488776107749366,0.48632085716741347,1.0,0.04081632653061224
1252,Swelling,0,49,105,0.0,1.0,1.0,0.0
1252,"Change, acidophilic",0,49,87,0.0,1.0,1.0,0.0
1252,"Degeneration, fatty",0,49,80,0.0,1.0,1.0,0.0
1252,Fibrosis,0,49,63,0.0,1.0,1.0,0.0
1252,"Proliferation, oval cell",0,49,61,0.0,1.0,1.0,0.0
1252,"Hematopoiesis, extramedullary",0,49,54,0.0,1.0,1.0,0.0
1252,"Cellular infiltration, mononuclear cell",0,49,53,0.0,1.0,1.0,0.0
1252,Anisonucleosis,0,49,47,0.0,1.0,1.0,0.0
1252,"Alteration, nuclear",0,49,46,0.0,1.0,1.0,0.0
1252,"Deposit, pigment",0,49,38,0.0,1.0,1.0,0.0
1252,"Degeneration, hydropic",0,49,35,0.0,1.0,1.0,0.0
1252,"Alteration, cytoplasmic",0,49,35,0.0,1.0,1.0,0.0
1252,Pyknosis,0,49,33,0.0,1.0,1.0,0.0
1252,"Proliferation, Kupffer cell",0,49,29,0.0,1.0,1.0,0.0
1252,Cellular foci,1,48,24,2.8506944444444446,0.30852534340461224,1.0,0.02040816326530612
1252,Microgranuloma,0,49,20,0.0,1.0,1.0,0.0
1252,Edema,0,49,18,0.0,1.0,1.0,0.0
1252,"Deposit, hemosiderin",0,49,17,0.0,1.0,1.0,0.0
1252,"Inclusion body, intracytoplasmic",0,49,11,0.0,1.0,1.0,0.0
1252,"Degeneration, acidophilic, eosinophilic",0,49,10,0.0,1.0,1.0,0.0
1252,Hemorrhage,0,49,10,0.0,1.0,1.0,0.0
1252,Phagocytosis,0,49,10,0.0,1.0,1.0,0.0
1252,"Lesion,NOS",0,49,10,0.0,1.0,1.0,0.0
1252,"Deposit, glycogen",0,49,9,0.0,1.0,1.0,0.0
1252,Granuloma,5,44,3,125.18939393939394,2.916765868402064e-08,3.6170332480810565e-07,0.10204081632653061
1252,"Vacuolization, nuclear",0,49,5,0.0,1.0,1.0,0.0
1256,Hypertrophy,0,60,505,0.0,1.0,1.0,0.0
1256,Cellular infiltration,23,37,181,10.701508137972226,1.0121818155999622e-13,1.9489011295506563e-12,0.38333333333333336
1256,"Degeneration, granular, eosinophilic",1,59,201,0.2610675436377435,0.9766633103091714,1.0,0.016666666666666666
1256,Ground glass appearance,0,60,174,0.0,1.0,1.0,0.0
1256,Necrosis,12,48,148,5.319256756756757,1.736608374489619e-05,0.00016705188250151152,0.2
1256,"Proliferation, bile duct",11,49,144,4.915391156462585,6.8692534172876e-05,0.0006149715945544589,0.18333333333333332
1256,"Vacuolization, cytoplasmic",0,60,135,0.0,1.0,1.0,0.0
1256,"Change, eosinophilic",14,46,115,8.42117202268431,2.9141909422848828e-08,3.6170332480810565e-07,0.23333333333333334
1256,Increased mitosis,0,60,126,0.0,1.0,1.0,0.0
1256,Single cell necrosis,0,60,111,0.0,1.0,1.0,0.0
1256,Swelling,6,54,99,3.589225589225589,0.010321220487307025,0.06838600077479501,0.1
1256,"Change, acidophilic",6,54,81,4.411522633744856,0.004152187179104015,0.02906775703462328,0.1
1256,"Degeneration, fatty",0,60,80,0.0,1.0,1.0,0.0
1256,Fibrosis,10,50,53,12.241509433962264,9.417897694630966e-08,1.1267333797806232e-06,0.16666666666666666
1256,"Proliferation, oval cell",0,60,61,0.0,1.0,1.0,0.0
1256,"Hematopoiesis, extramedullary",0,60,54,0.0,1.0,1.0,0.0
1256,"Cellular infiltration, mononuclear cell",0,60,53,0.0,1.0,1.0,0.0
1256,Anisonucleosis,0,60,47,0.0,1.0,1.0,0.0
1256,"Alteration, nuclear",0,60,46,0.0,1.0,1.0,0.0
1256,"Deposit, pigment",2,58,36,3.1235632183908044,0.14691253882464123,0.7675114165508962,0.03333333333333333
1256,"Degeneration, hydropic",0,60,35,0.0,1.0,1.0,0.0
1256,"Alteration, cytoplasmic",31,29,4,880.0258620689655,2.714826160098153e-54,3.9817450348106236e-52,0.5166666666666667
1256,Pyknosis,0,60,33,0.0,1.0,1.0,0.0
1256,"Proliferation, Kupffer cell",0,60,29,0.0,1.0,1.0,0.0
1256,Cellular foci,0,60,25,0.0,1.0,1.0,0.0
1256,Microgranuloma,0,60,20,0.0,1.0,1.0,0.0
1256,Edema,0,60,18,0.0,1.0,1.0,0.0
1256,"Deposit, hemosiderin",0,60,17,0.0,1.0,1.0,0.0
1256,"Inclusion body, intracytoplasmic",0,60,11,0.0,1.0,1.0,0.0
1256,"Degeneration, acidophilic, eosinophilic",7,53,3,145.0188679245283,4.6916759911588405e-11,7.421719144469644e-10,0.11666666666666667
1256,Hemorrhage,0,60,10,0.0,1.0,1.0,0.0
1256,Phagocytosis,0,60,10,0.0,1.0,1.0,0.0
1256,"Lesion,NOS",0,60,10,0.0,1.0,1.0,0.0
1256,"Deposit, glycogen",0,60,9,0.0,1.0,1.0,0.0
1256,Granuloma,0,60,8,0.0,1.0,1.0,0.0
1256,"Vacuolization, nuclear",0,60,5,0.0,1.0,1.0,0.0
1259,Hypertrophy,7,19,498,2.095857112661171,0.08355685752826444,0.46735191498859774,0.2692307692307692
1259,Cellular infiltration,9,17,195,8.514027149321267,1.197674633055202e-05,0.00011710596412095309,0.34615384615384615
1259,"Degeneration, granular, eosinophilic",4,22,198,2.876951331496786,0.06722652809015306,0.3848921222703703,0.15384615384615385
1259,Ground glass appearance,0,26,174,0.0,1.0,1.0,0.0
1259,Necrosis,17,9,143,42.11033411033411,3.142732039211384e-17,7.71397864170067e-16,0.6538461538461539
1259,"Proliferation, bile duct",7,19,148,7.923541963015647,0.00012237554076428405,0.0010611835213720398,0.2692307692307692
1259,"Vacuolization, cytoplasmic",4,22,131,4.441360166551006,0.018787541865161267,0.1194200092873814,0.15384615384615385
1259,"Change, eosinophilic",3,23,126,3.3178053830227743,0.07574605293810502,0.42850624233556556,0.11538461538461539
1259,Increased mitosis,1,25,125,1.02592,0.6315505809624535,1.0,0.038461538461538464
1259,Single cell necrosis,2,24,109,2.463302752293578,0.21165103405810382,1.0,0.07692307692307693
1259,Swelling,1,25,104,1.241153846153846,0.5636705631937138,1.0,0.038461538461538464
1259,"Change, acidophilic",0,26,87,0.0,1.0,1.0,0.0
1259,"Degeneration, fatty",3,23,77,5.512140033879164,0.022840331189209518,0.1434918744197827,0.11538461538461539
1259,Fibrosis,8,18,55,26.472727272727273,1.1702823626989271e-08,1.5128350891037273e-07,0.3076923076923077
1259,"Proliferation, oval cell",0,26,61,0.0,1.0,1.0,0.0
1259,"Hematopoiesis, extramedullary",0,26,54,0.0,1.0,1.0,0.0
1259,"Cellular infiltration, mononuclear cell",1,25,52,2.522307692307692,0.3398719061422778,1.0,0.038461538461538464
1259,Anisonucleosis,1,25,46,2.856521739130435,0.3078616918133213,1.0,0.038461538461538464
1259,"Alteration, nuclear",0,26,46,0.0,1.0,1.0,0.0
1259,"Deposit, pigment",4,22,34,17.63101604278075,0.000174673048221199,0.0014831508126488663,0.15384615384615385
1259,"Degeneration, hydropic",3,23,32,13.447010869565217,0.0022910486278167512,0.016759641439940274,0.11538461538461539
1259,"Alteration, cytoplasmic",1,25,34,3.878823529411765,0.23930561627881344,1.0,0.038461538461538464
1259,Pyknosis,0,26,33,0.0,1.0,1.0,0.0
1259,"Proliferation, Kupffer cell",1,25,28,4.718571428571429,0.2026240508854494,1.0,0.038461538461538464
1259,Cellular foci,0,26,25,0.0,1.0,1.0,0.0
1259,Microgranuloma,0,26,20,0.0,1.0,1.0,0.0
1259,Edema,0,26,18,0.0,1.0,1.0,0.0
1259,"Deposit, hemosiderin",0,26,17,0.0,1.0,1.0,0.0
1259,"Inclusion body, intracytoplasmic",0,26,11,0.0,1.0,1.0,0.0
1259,"Degeneration, acidophilic, eosinophilic",7,19,3,408.70175438596493,8.208837828247786e-14,1.603963707229995e-12,0.2692307692307692
1259,Hemorrhage,0,26,10,0.0,1.0,1.0,0.0
1259,Phagocytosis,0,26,10,0.0,1.0,1.0,0.0
1259,"Lesion,NOS",0,26,10,0.0,1.0,1.0,0.0
1259,"Deposit, glycogen",0,26,9,0.0,1.0,1.0,0.0
1259,Granuloma,0,26,8,0.0,1.0,1.0,0.0
1259,"Vacuolization, nuclear",0,26,5,0.0,1.0,1.0,0.0
1262,Hypertrophy,9,14,496,3.6782834101382487,0.004174695368810952,0.029208116007935284,0.391304347826087
1262,Cellular infiltration,4,19,200,3.298947368421053,0.0471801937703867,0.2794121146521406,0.17391304347826086
1262,"Degeneration, granular, eosinophilic",0,23,202,0.0,1.0,1.0,0.0
1262,Ground glass appearance,0,23,174,0.0,1.0,1.0,0.0
1262,Necrosis,0,23,160,0.0,1.0,1.0,0.0
1262,"Proliferation, bile duct",13,10,142,29.222535211267605,2.023305126193146e-12,3.5348330734080257e-11,0.5652173913043478
1262,"Vacuolization, cytoplasmic",3,20,132,3.6386363636363637,0.06259435739314935,0.3608030288575894,0.13043478260869565
1262,"Change, eosinophilic",0,23,129,0.0,1.0,1.0,0.0
1262,Increased mitosis,0,23,126,0.0,1.0,1.0,0.0
1262,Single cell necrosis,0,23,111,0.0,1.0,1.0,0.0
1262,Swelling,13,10,92,45.81086956521739,1.1427299849441258e-14,2.4047710659116777e-13,0.5652173913043478
1262,"Change, acidophilic",0,23,87,0.0,1.0,1.0,0.0
1262,"Degeneration, fatty",0,23,80,0.0,1.0,1.0,0.0
1262,Fibrosis,0,23,63,0.0,1.0,1.0,0.0
1262,"Proliferation, oval cell",13,10,48,88.99583333333334,6.087686163999293e-18,1.5586575781963705e-16,0.5652173913043478
1262,"Hematopoiesis, extramedullary",0,23,54,0.0,1.0,1.0,0.0
1262,"Cellular infiltration, mononuclear cell",0,23,53,0.0,1.0,1.0,0.0
1262,Anisonucleosis,0,23,47,0.0,1.0,1.0,0.0
1262,"Alteration, nuclear",0,23,46,0.0,1.0,1.0,0.0
1262,"Deposit, pigment",0,23,38,0.0,1.0,1.0,0.0
1262,"Degeneration, hydropic",0,23,35,0.0,1.0,1.0,0.0
1262,"Alteration, cytoplasmic",0,23,35,0.0,1.0,1.0,0.0
1262,Pyknosis,0,23,33,0.0,1.0,1.0,0.0
1262,"Proliferation, Kupffer cell",0,23,29,0.0,1.0,1.0,0.0
1262,Cellular foci,1,22,24,6.268939393939394,0.1584357082744277,0.8194236892904664,0.043478260869565216
1262,Microgranuloma,1,22,19,7.930622009569378,0.12880604530590475,0.6852735415289514,0.043478260869565216
1262,Edema,0,23,18,0.0,1.0,1.0,0.0
1262,"Deposit, hemosiderin",0,23,17,0.0,1.0,1.0,0.0
1262,"Inclusion body, intracytoplasmic",0,23,11,0.0,1.0,1.0,0.0
1262,"Degeneration, acidophilic, eosinophilic",0,23,10,0.0,1.0,1.0,0.0
1262,Hemorrhage,0,23,10,0.0,1.0,1.0,0.0
1262,Phagocytosis,0,23,10,0.0,1.0,1.0,0.0
1262,"Lesion,NOS",0,23,10,0.0,1.0,1.0,0.0
1262,"Deposit, glycogen",0,23,9,0.0,1.0,1.0,0.0
1262,Granuloma,0,23,8,0.0,1.0,1.0,0.0
1262,"Vacuolization, nuclear",0,23,5,0.0,1.0,1.0,0.0
1273,Hypertrophy,36,82,469,2.592958552186801,1.091793121972673e-05,0.00010728289734520558,0.3050847457627119
1273,Cellular infiltration,15,103,189,2.3501309909076897,0.004589036114346162,0.03197521937737971,0.1271186440677966
1273,"Degeneration, granular, eosinophilic",0,118,202,0.0,1.0,1.0,0.0
1273,Ground glass appearance,0,118,174,0.0,1.0,1.0,0.0
1273,Necrosis,22,96,138,5.149607487922705,1.644103229594561e-08,2.107006080645457e-07,0.1864406779661017
1273,"Proliferation, bile duct",44,74,111,16.755782809836862,1.148024967334365e-30,5.929798526927068e-29,0.3728813559322034
1273,"Vacuolization, cytoplasmic",0,118,135,0.0,1.0,1.0,0.0
1273,"Change, eosinophilic",0,118,129,0.0,1.0,1.0,0.0
1273,Increased mitosis,0,118,126,0.0,1.0,1.0,0.0
1273,Single cell necrosis,0,118,111,0.0,1.0,1.0,0.0
1273,Swelling,51,67,54,44.89635157545605,2.8607785562199306e-50,3.6544138976228786e-48,0.4322033898305085
1273,"Change, acidophilic",21,97,66,10.408153701968136,5.452144867563204e-13,9.980197384691968e-12,0.17796610169491525
1273,"Degeneration, fatty",0,118,80,0.0,1.0,1.0,0.0
1273,Fibrosis,0,118,63,0.0,1.0,1.0,0.0
1273,"Proliferation, oval cell",41,77,20,85.70064935064936,4.431101553818834e-48,5.2120283623136385e-46,0.3474576271186441
1273,"Hematopoiesis, extramedullary",0,118,54,0.0,1.0,1.0,0.0
1273,"Cellular infiltration, mononuclear cell",0,118,53,0.0,1.0,1.0,0.0
1273,Anisonucleosis,1,117,46,0.5932738758825715,0.8161522707665625,1.0,0.00847457627118644
1273,"Alteration, nuclear",0,118,46,0.0,1.0,1.0,0.0
1273,"Deposit, pigment",0,118,38,0.0,1.0,1.0,0.0
1273,"Degeneration, hydropic",0,118,35,0.0,1.0,1.0,0.0
1273,"Alteration, cytoplasmic",0,118,35,0.0,1.0,1.0,0.0
1273,Pyknosis,0,118,33,0.0,1.0,1.0,0.0
1273,"Proliferation, Kupffer cell",0,118,29,0.0,1.0,1.0,0.0
1273,Cellular foci,11,107,14,23.68157543391188,1.8696667900007274e-10,2.833117533827633e-09,0.09322033898305085
1273,Microgranuloma,0,118,20,0.0,1.0,1.0,0.0
1273,Edema,0,118,18,0.0,1.0,1.0,0.0
1273,"Deposit, hemosiderin",0,118,17,0.0,1.0,1.0,0.0
1273,"Inclusion body, intracytoplasmic",0,118,11,0.0,1.0,1.0,0.0
1273,"Degeneration, acidophilic, eosinophilic",0,118,10,0.0,1.0,1.0,0.0
1273,Hemorrhage,0,118,10,0.0,1.0,1.0,0.0
1273,Phagocytosis,0,118,10,0.0,1.0,1.0,0.0
1273,"Lesion,NOS",0,118,10,0.0,1.0,1.0,0.0
1273,"Deposit, glycogen",0,118,9,0.0,1.0,1.0,0.0
1273,Granuloma,0,118,8,0.0,1.0,1.0,0.0
1273,"Vacuolization, nuclear",0,118,5,0.0,1.0,1.0,0.0
1276,Hypertrophy,35,45,470,4.6451536643026,4.175782685431603e-10,6.086907767230361e-09,0.4375
1276,Cellular infiltration,8,72,196,1.7465986394557824,0.11005486104024967,0.5951077601994385,0.1
1276,"Degeneration, granular, eosinophilic",0,80,202,0.0,1.0,1.0,0.0
1276,Ground glass appearance,14,66,160,4.132386363636364,4.4639416928163764e-05,0.00040856415493573616,0.175
1276,Necrosis,8,72,152,2.284356725146199,0.034961441266959964,0.21409377435643523,0.1
1276,"Proliferation, bile duct",22,58,133,8.96655431682655,2.5946979904572958e-12,4.506580720267935e-11,0.275
1276,"Vacuolization, cytoplasmic",2,78,133,0.6061307113938693,0.8402144948436426,1.0,0.025
1276,"Change, eosinophilic",10,70,119,3.7911164465786316,0.0008244454206962667,0.006435224440125919,0.125
1276,Increased mitosis,11,69,115,4.383364839319471,0.0001552495921164119,0.0013287933388638137,0.1375
1276,Single cell necrosis,34,46,77,30.717108977978544,2.891428717699067e-31,1.5403665096979782e-29,0.425
1276,Swelling,0,80,105,0.0,1.0,1.0,0.0
1276,"Change, acidophilic",8,72,79,4.4978902953586495,0.0009299959843576297,0.007202315706759218,0.1
1276,"Degeneration, fatty",0,80,80,0.0,1.0,1.0,0.0
1276,Fibrosis,8,72,55,6.509090909090909,9.790731097052378e-05,0.0008615843365406094,0.1
1276,"Proliferation, oval cell",0,80,61,0.0,1.0,1.0,0.0
1276,"Hematopoiesis, extramedullary",4,76,50,3.396842105263158,0.038433006494336244,0.2325950673218108,0.05
1276,"Cellular infiltration, mononuclear cell",14,66,39,17.61149961149961,6.793111829674009e-12,1.1350515968569231e-10,0.175
1276,Anisonucleosis,20,60,27,40.123456790123456,1.684708122022511e-21,5.1583331158833585e-20,0.25
1276,"Alteration, nuclear",14,66,32,21.510416666666668,7.727778546088857e-13,1.403761607454673e-11,0.175
1276,"Deposit, pigment",9,71,29,14.19718309859155,1.463680189209286e-07,1.7064298967425236e-06,0.1125
1276,"Degeneration, hydropic",0,80,35,0.0,1.0,1.0,0.0
1276,"Alteration, cytoplasmic",1,79,34,1.2073715562174236,0.5719581706546402,1.0,0.0125
1276,Pyknosis,0,80,33,0.0,1.0,1.0,0.0
1276,"Proliferation, Kupffer cell",10,70,19,24.49624060150376,4.631941587113756e-10,6.727074089842472e-09,0.125
1276,Cellular foci,0,80,25,0.0,1.0,1.0,0.0
1276,Microgranuloma,0,80,20,0.0,1.0,1.0,0.0
1276,Edema,0,80,18,0.0,1.0,1.0,0.0
1276,"Deposit, hemosiderin",4,76,13,13.214574898785425,0.0005621738135693943,0.004464321460698131,0.05
1276,"Inclusion body, intracytoplasmic",9,71,2,207.57042253521126,8.313567420785385e-14,1.6164514068564709e-12,0.1125
1276,"Degeneration, acidophilic, eosinophilic",0,80,10,0.0,1.0,1.0,0.0
1276,Hemorrhage,8,72,2,181.94444444444446,3.1637264493513053e-12,5.455017448228376e-11,0.1
1276,Phagocytosis,1,79,9,4.59634317862166,0.21456796956952173,1.0,0.0125
1276,"Lesion,NOS",9,71,1,415.2676056338028,1.5409709074929154e-14,3.2004780386391324e-13,0.1125
1276,"Deposit, glycogen",0,80,9,0.0,1.0,1.0,0.0
1276,Granuloma,0,80,8,0.0,1.0,1.0,0.0
1276,"Vacuolization, nuclear",0,80,5,0.0,1.0,1.0,0.0
1277,Hypertrophy,7,56,498,0.7018072289156626,0.8570724052156696,1.0,0.1111111111111111
1277,Cellular infiltration,5,58,199,1.3407555016461619,0.33610467973378405,1.0,0.07936507936507936
1277,"Degeneration, granular, eosinophilic",26,37,176,12.449017199017199,1.9358274211007432e-16,4.563021778308895e-15,0.4126984126984127
1277,Ground glass appearance,0,63,174,0.0,1.0,1.0,0.0
1277,Necrosis,9,54,151,3.4690949227373067,0.0026108507106586015,0.018935840319062383,0.14285714285714285
1277,"Proliferation, bile duct",5,58,150,1.806896551724138,0.16361485767100079,0.8421769970240421,0.07936507936507936
1277,"Vacuolization, cytoplasmic",7,56,128,3.091796875,0.012275617948581891,0.08052696920439142,0.1111111111111111
1277,"Change, eosinophilic",10,53,119,5.03408910734105,0.00011164119560220077,0.0009745021335445593,0.15873015873015872
1277,Increased mitosis,5,58,121,2.260615559988601,0.08571212734075087,0.4780563722103851,0.07936507936507936
1277,Single cell necrosis,1,62,110,0.46686217008797654,0.8821657846921144,1.0,0.015873015873015872
1277,Swelling,8,55,97,4.794001874414246,0.0006508799281841437,0.005131138482890818,0.12698412698412698
1277,"Change, acidophilic",3,60,84,1.9107142857142858,0.22285271080403704,1.0,0.047619047619047616
1277,"Degeneration, fatty",0,63,80,0.0,1.0,1.0,0.0
1277,Fibrosis,3,60,60,2.695,0.11331430545211281,0.6094087939674606,0.047619047619047616
1277,"Proliferation, oval cell",0,63,61,0.0,1.0,1.0,0.0
1277,"Hematopoiesis, extramedullary",0,63,54,0.0,1.0,1.0,0.0
1277,"Cellular infiltration, mononuclear cell",0,63,53,0.0,1.0,1.0,0.0
1277,Anisonucleosis,0,63,47,0.0,1.0,1.0,0.0
1277,"Alteration, nuclear",0,63,46,0.0,1.0,1.0,0.0
1277,"Deposit, pigment",0,63,38,0.0,1.0,1.0,0.0
1277,"Degeneration, hydropic",0,63,35,0.0,1.0,1.0,0.0
1277,"Alteration, cytoplasmic",0,63,35,0.0,1.0,1.0,0.0
1277,Pyknosis,0,63,33,0.0,1.0,1.0,0.0
1277,"Proliferation, Kupffer cell",3,60,26,6.2846153846153845,0.016262326770399,0.10426143660676745,0.047619047619047616
1277,Cellular foci,0,63,25,0.0,1.0,1.0,0.0
1277,Microgranuloma,0,63,20,0.0,1.0,1.0,0.0
1277,Edema,0,63,18,0.0,1.0,1.0,0.0
1277,"Deposit, hemosiderin",0,63,17,0.0,1.0,1.0,0.0
1277,"Inclusion body, intracytoplasmic",0,63,11,0.0,1.0,1.0,0.0
1277,"Degeneration, acidophilic, eosinophilic",0,63,10,0.0,1.0,1.0,0.0
1277,Hemorrhage,0,63,10,0.0,1.0,1.0,0.0
1277,Phagocytosis,0,63,10,0.0,1.0,1.0,0.0
1277,"Lesion,NOS",0,63,10,0.0,1.0,1.0,0.0
1277,"Deposit, glycogen",0,63,9,0.0,1.0,1.0,0.0
1277,Granuloma,0,63,8,0.0,1.0,1.0,0.0
1277,"Vacuolization, nuclear",0,63,5,0.0,1.0,1.0,0.0
1280,Hypertrophy,1,42,504,0.13274754346182918,0.9991397110032926,1.0,0.023255813953488372
1280,Cellular infiltration,6,37,198,2.552006552006552,0.043378548450119896,0.25913311347810086,0.13953488372093023
1280,"Degeneration, granular, eosinophilic",0,43,202,0.0,1.0,1.0,0.0
1280,Ground glass appearance,0,43,174,0.0,1.0,1.0,0.0
1280,Necrosis,15,28,145,11.708128078817735,3.6889474781806703e-10,5.390491517931902e-09,0.3488372093023256
1280,"Proliferation, bile duct",35,8,120,116.44791666666667,3.638078064678589e-41,3.2496516848407244e-39,0.813953488372093
1280,"Vacuolization, cytoplasmic",0,43,135,0.0,1.0,1.0,0.0
1280,"Change, eosinophilic",0,43,129,0.0,1.0,1.0,0.0
1280,Increased mitosis,0,43,126,0.0,1.0,1.0,0.0
1280,Single cell necrosis,0,43,111,0.0,1.0,1.0,0.0
1280,Swelling,29,14,76,88.25375939849624,2.0743509270058383e-35,1.4162809777488138e-33,0.6744186046511628
1280,"Change, acidophilic",11,32,76,14.645559210526315,5.4563722095671144e-09,7.24264825135836e-08,0.2558139534883721
1280,"Degeneration, fatty",0,43,80,0.0,1.0,1.0,0.0
1280,Fibrosis,0,43,63,0.0,1.0,1.0,0.0
1280,"Proliferation, oval cell",28,15,33,185.5919191919192,1.6104609591598618e-41,1.4604790988411571e-39,0.6511627906976745
1280,"Hematopoiesis, extramedullary",0,43,54,0.0,1.0,1.0,0.0
1280,"Cellular infiltration, mononuclear cell",0,43,53,0.0,1.0,1.0,0.0
1280,Anisonucleosis,5,38,42,10.25062656641604,0.0002798546385011818,0.0023058979405180236,0.11627906976744186
1280,"Alteration, nuclear",0,43,46,0.0,1.0,1.0,0.0
1280,"Deposit, pigment",0,43,38,0.0,1.0,1.0,0.0
1280,"Degeneration, hydropic",0,43,35,0.0,1.0,1.0,0.0
1280,"Alteration, cytoplasmic",0,43,35,0.0,1.0,1.0,0.0
1280,Pyknosis,0,43,33,0.0,1.0,1.0,0.0
1280,"Proliferation, Kupffer cell",0,43,29,0.0,1.0,1.0,0.0
1280,Cellular foci,16,27,9,217.61316872427983,4.21580118673961e-26,1.686320474695844e-24,0.37209302325581395
1280,Microgranuloma,0,43,20,0.0,1.0,1.0,0.0
1280,Edema,0,43,18,0.0,1.0,1.0,0.0
1280,"Deposit, hemosiderin",0,43,17,0.0,1.0,1.0,0.0
1280,"Inclusion body, intracytoplasmic",0,43,11,0.0,1.0,1.0,0.0
1280,"Degeneration, acidophilic, eosinophilic",0,43,10,0.0,1.0,1.0,0.0
1280,Hemorrhage,0,43,10,0.0,1.0,1.0,0.0
1280,Phagocytosis,0,43,10,0.0,1.0,1.0,0.0
1280,"Lesion,NOS",0,43,10,0.0,1.0,1.0,0.0
1280,"Deposit, glycogen",0,43,9,0.0,1.0,1.0,0.0
1280,Granuloma,0,43,8,0.0,1.0,1.0,0.0
1280,"Vacuolization, nuclear",0,43,5,0.0,1.0,1.0,0.0
1281,Hypertrophy,3,23,502,0.7350597609561753,0.7732504816490471,1.0,0.11538461538461539
1281,Cellular infiltration,3,23,201,2.0311486048020764,0.20744502871687864,1.0,0.11538461538461539
1281,"Degeneration, granular, eosinophilic",0,26,202,0.0,1.0,1.0,0.0
1281,Ground glass appearance,0,26,174,0.0,1.0,1.0,0.0
1281,Necrosis,11,15,149,15.660850111856822,8.527844070591852e-09,1.118220613229925e-07,0.4230769230769231
1281,"Proliferation, bile duct",9,17,146,11.549153908138598,1.2047170704121048e-06,1.2963803257695474e-05,0.34615384615384615
1281,"Vacuolization, cytoplasmic",0,26,135,0.0,1.0,1.0,0.0
1281,"Change, eosinophilic",0,26,129,0.0,1.0,1.0,0.0
1281,Increased mitosis,0,26,126,0.0,1.0,1.0,0.0
1281,Single cell necrosis,0,26,111,0.0,1.0,1.0,0.0
1281,Swelling,9,17,96,17.840073529411764,4.07826719142229e-08,5.015508719885799e-07,0.34615384615384615
1281,"Change, acidophilic",11,15,76,31.407894736842106,1.0491277255018252e-11,1.7310607470780116e-10,0.4230769230769231
1281,"Degeneration, fatty",0,26,80,0.0,1.0,1.0,0.0
1281,Fibrosis,0,26,63,0.0,1.0,1.0,0.0
1281,"Proliferation, oval cell",7,19,54,22.357699805068226,2.3125495472130185e-07,2.6441856227998708e-06,0.2692307692307692
1281,"Hematopoiesis, extramedullary",0,26,54,0.0,1.0,1.0,0.0
1281,"Cellular infiltration, mononuclear cell",0,26,53,0.0,1.0,1.0,0.0
1281,Anisonucleosis,1,25,46,2.856521739130435,0.3078616918133213,1.0,0.038461538461538464
1281,"Alteration, nuclear",0,26,46,0.0,1.0,1.0,0.0
1281,"Deposit, pigment",0,26,38,0.0,1.0,1.0,0.0
1281,"Degeneration, hydropic",0,26,35,0.0,1.0,1.0,0.0
1281,"Alteration, cytoplasmic",0,26,35,0.0,1.0,1.0,0.0
1281,Pyknosis,0,26,33,0.0,1.0,1.0,0.0
1281,"Proliferation, Kupffer cell",0,26,29,0.0,1.0,1.0,0.0
1281,Cellular foci,3,23,22,19.618577075098813,0.000847574093185197,0.006598414303433906,0.11538461538461539
1281,Microgranuloma,0,26,20,0.0,1.0,1.0,0.0
1281,Edema,0,26,18,0.0,1.0,1.0,0.0
1281,"Deposit, hemosiderin",0,26,17,0.0,1.0,1.0,0.0
1281,"Inclusion body, intracytoplasmic",0,26,11,0.0,1.0,1.0,0.0
1281,"Degeneration, acidophilic, eosinophilic",0,26,10,0.0,1.0,1.0,0.0
1281,Hemorrhage,0,26,10,0.0,1.0,1.0,0.0
1281,Phagocytosis,0,26,10,0.0,1.0,1.0,0.0
1281,"Lesion,NOS",0,26,10,0.0,1.0,1.0,0.0
1281,"Deposit, glycogen",0,26,9,0.0,1.0,1.0,0.0
1281,Granuloma,0,26,8,0.0,1.0,1.0,0.0
1281,"Vacuolization, nuclear",0,26,5,0.0,1.0,1.0,0.0
1284,Hypertrophy,8,31,497,1.4647887323943662,0.22363800705790968,1.0,0.20512820512820512
1284,Cellular infiltration,3,36,201,1.2922885572139304,0.42593224604937924,1.0,0.07692307692307693
1284,"Degeneration, granular, eosinophilic",31,8,171,71.31359649122807,6.010255724294545e-32,3.260357899754301e-30,0.7948717948717948
1284,Ground glass appearance,0,39,174,0.0,1.0,1.0,0.0
1284,Necrosis,5,34,155,3.0009487666034156,0.035857971491181945,0.21845779554627767,0.1282051282051282
1284,"Proliferation, bile duct",1,38,154,0.5406698564593302,0.8434502638523249,1.0,0.02564102564102564
1284,"Vacuolization, cytoplasmic",0,39,135,0.0,1.0,1.0,0.0
1284,"Change, eosinophilic",0,39,129,0.0,1.0,1.0,0.0
1284,Increased mitosis,13,26,113,14.18141592920354,5.604742626724292e-10,8.051311052658353e-09,0.3333333333333333
1284,Single cell necrosis,0,39,111,0.0,1.0,1.0,0.0
1284,Swelling,0,39,105,0.0,1.0,1.0,0.0
1284,"Change, acidophilic",0,39,87,0.0,1.0,1.0,0.0
1284,"Degeneration, fatty",0,39,80,0.0,1.0,1.0,0.0
1284,Fibrosis,0,39,63,0.0,1.0,1.0,0.0
1284,"Proliferation, oval cell",0,39,61,0.0,1.0,1.0,0.0
1284,"Hematopoiesis, extramedullary",0,39,54,0.0,1.0,1.0,0.0
1284,"Cellular infiltration, mononuclear cell",1,38,52,1.652834008097166,0.4643149960077945,1.0,0.02564102564102564
1284,Anisonucleosis,0,39,47,0.0,1.0,1.0,0.0
1284,"Alteration, nuclear",0,39,46,0.0,1.0,1.0,0.0
1284,"Deposit, pigment",0,39,38,0.0,1.0,1.0,0.0
1284,"Degeneration, hydropic",0,39,35,0.0,1.0,1.0,0.0
1284,"Alteration, cytoplasmic",0,39,35,0.0,1.0,1.0,0.0
1284,Pyknosis,0,39,33,0.0,1.0,1.0,0.0
1284,"Proliferation, Kupffer cell",0,39,29,0.0,1.0,1.0,0.0
1284,Cellular foci,0,39,25,0.0,1.0,1.0,0.0
1284,Microgranuloma,0,39,20,0.0,1.0,1.0,0.0
1284,Edema,0,39,18,0.0,1.0,1.0,0.0
1284,"Deposit, hemosiderin",0,39,17,0.0,1.0,1.0,0.0
1284,"Inclusion body, intracytoplasmic",0,39,11,0.0,1.0,1.0,0.0
1284,"Degeneration, acidophilic, eosinophilic",0,39,10,0.0,1.0,1.0,0.0
1284,Hemorrhage,0,39,10,0.0,1.0,1.0,0.0
1284,Phagocytosis,0,39,10,0.0,1.0,1.0,0.0
1284,"Lesion,NOS",0,39,10,0.0,1.0,1.0,0.0
1284,"Deposit, glycogen",0,39,9,0.0,1.0,1.0,0.0
1284,Granuloma,2,37,6,29.83783783783784,0.0035240177443664517,0.024979314321642868,0.05128205128205128
1284,"Vacuolization, nuclear",0,39,5,0.0,1.0,1.0,0.0
1286,Hypertrophy,20,10,485,11.719587628865979,1.7255200868207177e-10,2.6213783416151057e-09,0.6666666666666666
1286,Cellular infiltration,11,19,193,9.40114535042269,6.282834977660489e-07,6.9691951012704585e-06,0.36666666666666664
1286,"Degeneration, granular, eosinophilic",12,18,190,11.007017543859648,5.406247394175887e-08,6.587304517211235e-07,0.4
1286,Ground glass appearance,0,30,174,0.0,1.0,1.0,0.0
1286,Necrosis,7,23,153,6.313725490196078,0.0003939771110711176,0.003188316130466538,0.23333333333333334
1286,"Proliferation, bile duct",13,17,142,17.152029826014914,1.5978049513477835e-10,2.4398358383048416e-09,0.43333333333333335
1286,"Vacuolization, cytoplasmic",1,29,134,0.8216675244467319,0.709695532776468,1.0,0.03333333333333333
1286,"Change, eosinophilic",7,23,122,7.995367070563079,0.00010222369011000668,0.0008982377503749108,0.23333333333333334
1286,Increased mitosis,1,29,125,0.8833103448275862,0.6842373889358143,1.0,0.03333333333333333
1286,Single cell necrosis,14,16,97,29.13659793814433,7.64188927627467e-14,1.4981129472300838e-12,0.4666666666666667
1286,Swelling,0,30,105,0.0,1.0,1.0,0.0
1286,"Change, acidophilic",0,30,87,0.0,1.0,1.0,0.0
1286,"Degeneration, fatty",0,30,80,0.0,1.0,1.0,0.0
1286,Fibrosis,2,28,61,3.8243559718969555,0.1078654296536747,0.5845991351668136,0.06666666666666667
1286,"Proliferation, oval cell",0,30,61,0.0,1.0,1.0,0.0
1286,"Hematopoiesis, extramedullary",0,30,54,0.0,1.0,1.0,0.0
1286,"Cellular infiltration, mononuclear cell",6,24,47,17.4468085106383,5.1528195647312065e-06,5.2053993562080555e-05,0.2
1286,Anisonucleosis,0,30,47,0.0,1.0,1.0,0.0
1286,"Alteration, nuclear",0,30,46,0.0,1.0,1.0,0.0
1286,"Deposit, pigment",5,25,33,19.963636363636365,1.6434179466050496e-05,0.00015834391894296827,0.16666666666666666
1286,"Degeneration, hydropic",0,30,35,0.0,1.0,1.0,0.0
1286,"Alteration, cytoplasmic",0,30,35,0.0,1.0,1.0,0.0
1286,Pyknosis,0,30,33,0.0,1.0,1.0,0.0
1286,"Proliferation, Kupffer cell",6,24,23,35.91304347826087,1.2368072604712554e-07,1.45911323281018e-06,0.2
1286,Cellular foci,0,30,25,0.0,1.0,1.0,0.0
1286,Microgranuloma,0,30,20,0.0,1.0,1.0,0.0
1286,Edema,6,24,12,69.0625,5.1730249599742885e-09,6.874221087751068e-08,0.2
1286,"Deposit, hemosiderin",0,30,17,0.0,1.0,1.0,0.0
1286,"Inclusion body, intracytoplasmic",0,30,11,0.0,1.0,1.0,0.0
1286,"Degeneration, acidophilic, eosinophilic",0,30,10,0.0,1.0,1.0,0.0
1286,Hemorrhage,0,30,10,0.0,1.0,1.0,0.0
1286,Phagocytosis,0,30,10,0.0,1.0,1.0,0.0
1286,"Lesion,NOS",0,30,10,0.0,1.0,1.0,0.0
1286,"Deposit, glycogen",0,30,9,0.0,1.0,1.0,0.0
1286,Granuloma,0,30,8,0.0,1.0,1.0,0.0
1286,"Vacuolization, nuclear",0,30,5,0.0,1.0,1.0,0.0
1287,Hypertrophy,22,6,483,21.605244996549345,8.267941280774054e-14,1.6128594813726727e-12,0.7857142857142857
1287,Cellular infiltration,20,8,184,42.73097826086956,3.8472101399632486e-19,1.0482765243753072e-17,0.7142857142857143
1287,"Degeneration, granular, eosinophilic",1,27,201,0.5763773723972729,0.8253390122846033,1.0,0.03571428571428571
1287,Ground glass appearance,0,28,174,0.0,1.0,1.0,0.0
1287,Necrosis,17,11,143,34.43229497774952,1.9885309590143345e-16,4.67796986001788e-15,0.6071428571428571
1287,"Proliferation, bile duct",24,4,131,146.4732824427481,2.5682442248917255e-29,1.2302718303110363e-27,0.8571428571428571
1287,"Vacuolization, cytoplasmic",2,26,133,1.8484673221515326,0.31152155043706814,1.0,0.07142857142857142
1287,"Change, eosinophilic",11,17,118,17.607676969092722,2.1725744701241833e-09,2.94727274378238e-08,0.39285714285714285
1287,Increased mitosis,7,21,119,8.991596638655462,5.447126971932707e-05,0.0004939837284470271,0.25
1287,Single cell necrosis,9,19,102,14.986068111455108,1.3942216882399878e-07,1.6334668300089799e-06,0.32142857142857145
1287,Swelling,3,25,102,3.796470588235294,0.05529279767804962,0.3229490837832987,0.10714285714285714
1287,"Change, acidophilic",1,27,86,1.396640826873385,0.5220403684051885,1.0,0.03571428571428571
1287,"Degeneration, fatty",0,28,80,0.0,1.0,1.0,0.0
1287,Fibrosis,0,28,63,0.0,1.0,1.0,0.0
1287,"Proliferation, oval cell",3,25,58,6.767586206896552,0.013539838498582544,0.08833238954594214,0.10714285714285714
1287,"Hematopoiesis, extramedullary",0,28,54,0.0,1.0,1.0,0.0
1287,"Cellular infiltration, mononuclear cell",0,28,53,0.0,1.0,1.0,0.0
1287,Anisonucleosis,1,27,46,2.643317230273752,0.3272587589681039,1.0,0.03571428571428571
1287,"Alteration, nuclear",0,28,46,0.0,1.0,1.0,0.0
1287,"Deposit, pigment",5,23,33,21.71277997364954,1.1522254437649461e-05,0.00011294090983438581,0.17857142857142858
1287,"Degeneration, hydropic",0,28,35,0.0,1.0,1.0,0.0
1287,"Alteration, cytoplasmic",0,28,35,0.0,1.0,1.0,0.0
1287,Pyknosis,0,28,33,0.0,1.0,1.0,0.0
1287,"Proliferation, Kupffer cell",0,28,29,0.0,1.0,1.0,0.0
1287,Cellular foci,3,25,22,18.03818181818182,0.0010574859498545897,0.008131348274610048,0.10714285714285714
1287,Microgranuloma,0,28,20,0.0,1.0,1.0,0.0
1287,Edema,17,11,1,5143.272727272727,1.6343875514022697e-37,1.2211650384062242e-35,0.6071428571428571
1287,"Deposit, hemosiderin",0,28,17,0.0,1.0,1.0,0.0
1287,"Inclusion body, intracytoplasmic",0,28,11,0.0,1.0,1.0,0.0
1287,"Degeneration, acidophilic, eosinophilic",0,28,10,0.0,1.0,1.0,0.0
1287,Hemorrhage,0,28,10,0.0,1.0,1.0,0.0
1287,Phagocytosis,0,28,10,0.0,1.0,1.0,0.0
1287,"Lesion,NOS",0,28,10,0.0,1.0,1.0,0.0
1287,"Deposit, glycogen",0,28,9,0.0,1.0,1.0,0.0
1287,Granuloma,0,28,8,0.0,1.0,1.0,0.0
1287,"Vacuolization, nuclear",0,28,5,0.0,1.0,1.0,0.0
1295,Hypertrophy,13,2,492,37.65243902439025,1.385206261061212e-09,1.920215913816476e-08,0.8666666666666667
1295,Cellular infiltration,0,15,204,0.0,1.0,1.0,0.0
1295,"Degeneration, granular, eosinophilic",0,15,202,0.0,1.0,1.0,0.0
1295,Ground glass appearance,1,14,173,1.3084227910817505,0.5507017874127049,1.0,0.06666666666666667
1295,Necrosis,0,15,160,0.0,1.0,1.0,0.0
1295,"Proliferation, bile duct",0,15,155,0.0,1.0,1.0,0.0
1295,"Vacuolization, cytoplasmic",0,15,135,0.0,1.0,1.0,0.0
1295,"Change, eosinophilic",1,14,128,1.7935267857142858,0.44513373129886247,1.0,0.06666666666666667
1295,Increased mitosis,0,15,126,0.0,1.0,1.0,0.0
1295,Single cell necrosis,1,14,110,2.0987012987012985,0.39675776976259686,1.0,0.06666666666666667
1295,Swelling,0,15,105,0.0,1.0,1.0,0.0
1295,"Change, acidophilic",0,15,87,0.0,1.0,1.0,0.0
1295,"Degeneration, fatty",0,15,80,0.0,1.0,1.0,0.0
1295,Fibrosis,0,15,63,0.0,1.0,1.0,0.0
1295,"Proliferation, oval cell",0,15,61,0.0,1.0,1.0,0.0
1295,"Hematopoiesis, extramedullary",0,15,54,0.0,1.0,1.0,0.0
1295,"Cellular infiltration, mononuclear cell",0,15,53,0.0,1.0,1.0,0.0
1295,Anisonucleosis,0,15,47,0.0,1.0,1.0,0.0
1295,"Alteration, nuclear",1,14,45,5.233333333333333,0.1873036256375564,0.9460744356182695,0.06666666666666667
1295,"Deposit, pigment",0,15,38,0.0,1.0,1.0,0.0
1295,"Degeneration, hydropic",0,15,35,0.0,1.0,1.0,0.0
1295,"Alteration, cytoplasmic",0,15,35,0.0,1.0,1.0,0.0
1295,Pyknosis,0,15,33,0.0,1.0,1.0,0.0
1295,"Proliferation, Kupffer cell",0,15,29,0.0,1.0,1.0,0.0
1295,Cellular foci,0,15,25,0.0,1.0,1.0,0.0
1295,Microgranuloma,0,15,20,0.0,1.0,1.0,0.0
1295,Edema,0,15,18,0.0,1.0,1.0,0.0
1295,"Deposit, hemosiderin",0,15,17,0.0,1.0,1.0,0.0
1295,"Inclusion body, intracytoplasmic",1,14,10,23.8,0.04813765997672524,0.2842323064232087,0.06666666666666667
1295,"Degeneration, acidophilic, eosinophilic",0,15,10,0.0,1.0,1.0,0.0
1295,Hemorrhage,0,15,10,0.0,1.0,1.0,0.0
1295,Phagocytosis,0,15,10,0.0,1.0,1.0,0.0
1295,"Lesion,NOS",0,15,10,0.0,1.0,1.0,0.0
1295,"Deposit, glycogen",0,15,9,0.0,1.0,1.0,0.0
1295,Granuloma,0,15,8,0.0,1.0,1.0,0.0
1295,"Vacuolization, nuclear",0,15,5,0.0,1.0,1.0,0.0
1298,Hypertrophy,11,24,494,2.6238191632928474,0.010815943089855878,0.07146462953697877,0.3142857142857143
1298,Cellular infiltration,0,35,204,0.0,1.0,1.0,0.0
1298,"Degeneration, granular, eosinophilic",34,1,168,638.3095238095239,6.541246125536409e-42,5.977692613182502e-40,0.9714285714285714
1298,Ground glass appearance,0,35,174,0.0,1.0,1.0,0.0
1298,Necrosis,8,27,152,6.179337231968811,0.00017478208229868795,0.0014831508126488663,0.22857142857142856
1298,"Proliferation, bile duct",0,35,155,0.0,1.0,1.0,0.0
1298,"Vacuolization, cytoplasmic",0,35,135,0.0,1.0,1.0,0.0
1298,"Change, eosinophilic",0,35,129,0.0,1.0,1.0,0.0
1298,Increased mitosis,1,34,125,0.7522352941176471,0.7397003158917426,1.0,0.02857142857142857
1298,Single cell necrosis,0,35,111,0.0,1.0,1.0,0.0
1298,Swelling,0,35,105,0.0,1.0,1.0,0.0
1298,"Change, acidophilic",0,35,87,0.0,1.0,1.0,0.0
1298,"Degeneration, fatty",0,35,80,0.0,1.0,1.0,0.0
1298,Fibrosis,0,35,63,0.0,1.0,1.0,0.0
1298,"Proliferation, oval cell",0,35,61,0.0,1.0,1.0,0.0
1298,"Hematopoiesis, extramedullary",0,35,54,0.0,1.0,1.0,0.0
1298,"Cellular infiltration, mononuclear cell",0,35,53,0.0,1.0,1.0,0.0
1298,Anisonucleosis,0,35,47,0.0,1.0,1.0,0.0
1298,"Alteration, nuclear",0,35,46,0.0,1.0,1.0,0.0
1298,"Deposit, pigment",0,35,38,0.0,1.0,1.0,0.0
1298,"Degeneration, hydropic",0,35,35,0.0,1.0,1.0,0.0
1298,"Alteration, cytoplasmic",0,35,35,0.0,1.0,1.0,0.0
1298,Pyknosis,0,35,33,0.0,1.0,1.0,0.0
1298,"Proliferation, Kupffer cell",0,35,29,0.0,1.0,1.0,0.0
1298,Cellular foci,1,34,24,4.041666666666667,0.23123030434971403,1.0,0.02857142857142857
1298,Microgranuloma,0,35,20,0.0,1.0,1.0,0.0
1298,Edema,0,35,18,0.0,1.0,1.0,0.0
1298,"Deposit, hemosiderin",0,35,17,0.0,1.0,1.0,0.0
1298,"Inclusion body, intracytoplasmic",0,35,11,0.0,1.0,1.0,0.0
1298,"Degeneration, acidophilic, eosinophilic",0,35,10,0.0,1.0,1.0,0.0
1298,Hemorrhage,0,35,10,0.0,1.0,1.0,0.0
1298,Phagocytosis,0,35,10,0.0,1.0,1.0,0.0
1298,"Lesion,NOS",0,35,10,0.0,1.0,1.0,0.0
1298,"Deposit, glycogen",0,35,9,0.0,1.0,1.0,0.0
1298,Granuloma,4,31,4,107.03225806451613,6.735730693968514e-07,7.45069652181992e-06,0.11428571428571428
1298,"Vacuolization, nuclear",0,35,5,0.0,1.0,1.0,0.0
1330,Hypertrophy,0,23,505,0.0,1.0,1.0,0.0
1330,Cellular infiltration,3,20,201,2.3380597014925373,0.16064832500627474,0.829422903552605,0.13043478260869565
1330,"Degeneration, granular, eosinophilic",17,6,185,48.22792792792793,6.772831376095197e-17,1.6320737677081325e-15,0.7391304347826086
1330,Ground glass appearance,0,23,174,0.0,1.0,1.0,0.0
1330,Necrosis,2,21,158,1.9144062688366486,0.30045137094784835,1.0,0.08695652173913043
1330,"Proliferation, bile duct",1,22,154,0.9386068476977568,0.6640938147410175,1.0,0.043478260869565216
1330,"Vacuolization, cytoplasmic",0,23,135,0.0,1.0,1.0,0.0
1330,"Change, eosinophilic",0,23,129,0.0,1.0,1.0,0.0
1330,Increased mitosis,0,23,126,0.0,1.0,1.0,0.0
1330,Single cell necrosis,0,23,111,0.0,1.0,1.0,0.0
1330,Swelling,18,5,87,134.35862068965517,5.4392999570593175e-24,1.894981920523891e-22,0.782608695652174
1330,"Change, acidophilic",0,23,87,0.0,1.0,1.0,0.0
1330,"Degeneration, fatty",0,23,80,0.0,1.0,1.0,0.0
1330,Fibrosis,0,23,63,0.0,1.0,1.0,0.0
1330,"Proliferation, oval cell",0,23,61,0.0,1.0,1.0,0.0
1330,"Hematopoiesis, extramedullary",0,23,54,0.0,1.0,1.0,0.0
1330,"Cellular infiltration, mononuclear cell",0,23,53,0.0,1.0,1.0,0.0
1330,Anisonucleosis,0,23,47,0.0,1.0,1.0,0.0
1330,"Alteration, nuclear",0,23,46,0.0,1.0,1.0,0.0
1330,"Deposit, pigment",0,23,38,0.0,1.0,1.0,0.0
1330,"Degeneration, hydropic",0,23,35,0.0,1.0,1.0,0.0
1330,"Alteration, cytoplasmic",0,23,35,0.0,1.0,1.0,0.0
1330,Pyknosis,0,23,33,0.0,1.0,1.0,0.0
1330,"Proliferation, Kupffer cell",0,23,29,0.0,1.0,1.0,0.0
1330,Cellular foci,0,23,25,0.0,1.0,1.0,0.0
1330,Microgranuloma,0,23,20,0.0,1.0,1.0,0.0
1330,Edema,0,23,18,0.0,1.0,1.0,0.0
1330,"Deposit, hemosiderin",0,23,17,0.0,1.0,1.0,0.0
1330,"Inclusion body, intracytoplasmic",0,23,11,0.0,1.0,1.0,0.0
1330,"Degeneration, acidophilic, eosinophilic",0,23,10,0.0,1.0,1.0,0.0
1330,Hemorrhage,0,23,10,0.0,1.0,1.0,0.0
1330,Phagocytosis,0,23,10,0.0,1.0,1.0,0.0
1330,"Lesion,NOS",0,23,10,0.0,1.0,1.0,0.0
1330,"Deposit, glycogen",0,23,9,0.0,1.0,1.0,0.0
1330,Granuloma,0,23,8,0.0,1.0,1.0,0.0
1330,"Vacuolization, nuclear",0,23,5,0.0,1.0,1.0,0.0
1335,Hypertrophy,94,88,411,7.183587701835877,3.851809811380837e-33,2.1999759884232858e-31,0.5164835164835165
1335,Cellular infiltration,3,179,201,0.24797798715917618,0.9992773030294079,1.0,0.016483516483516484
1335,"Degeneration, granular, eosinophilic",2,180,200,0.16527777777777777,0.9998800833722945,1.0,0.01098901098901099
1335,Ground glass appearance,82,100,92,27.47891304347826,8.933331333964122e-64,2.358399472166528e-61,0.45054945054945056
1335,Necrosis,0,182,160,0.0,1.0,1.0,0.0
1335,"Proliferation, bile duct",0,182,155,0.0,1.0,1.0,0.0
1335,"Vacuolization, cytoplasmic",18,164,117,2.868667917448405,0.0002776718499800406,0.0022907927623353353,0.0989010989010989
1335,"Change, eosinophilic",3,179,126,0.40555998935887205,0.9752258245014866,1.0,0.016483516483516484
1335,Increased mitosis,22,160,104,4.0602163461538465,5.96706836213106e-07,6.639859183032191e-06,0.12087912087912088
1335,Single cell necrosis,1,181,110,0.1539427423405324,0.9981522946150047,1.0,0.005494505494505495
1335,Swelling,3,179,102,0.504929346040092,0.9313593937118951,1.0,0.016483516483516484
1335,"Change, acidophilic",0,182,87,0.0,1.0,1.0,0.0
1335,"Degeneration, fatty",0,182,80,0.0,1.0,1.0,0.0
1335,Fibrosis,0,182,63,0.0,1.0,1.0,0.0
1335,"Proliferation, oval cell",0,182,61,0.0,1.0,1.0,0.0
1335,"Hematopoiesis, extramedullary",0,182,54,0.0,1.0,1.0,0.0
1335,"Cellular infiltration, mononuclear cell",0,182,53,0.0,1.0,1.0,0.0
1335,Anisonucleosis,0,182,47,0.0,1.0,1.0,0.0
1335,"Alteration, nuclear",1,181,45,0.3842848373235114,0.9243685598523046,1.0,0.005494505494505495
1335,"Deposit, pigment",0,182,38,0.0,1.0,1.0,0.0
1335,"Degeneration, hydropic",0,182,35,0.0,1.0,1.0,0.0
1335,"Alteration, cytoplasmic",0,182,35,0.0,1.0,1.0,0.0
1335,Pyknosis,0,182,33,0.0,1.0,1.0,0.0
1335,"Proliferation, Kupffer cell",0,182,29,0.0,1.0,1.0,0.0
1335,Cellular foci,0,182,25,0.0,1.0,1.0,0.0
1335,Microgranuloma,0,182,20,0.0,1.0,1.0,0.0
1335,Edema,0,182,18,0.0,1.0,1.0,0.0
1335,"Deposit, hemosiderin",0,182,17,0.0,1.0,1.0,0.0
1335,"Inclusion body, intracytoplasmic",0,182,11,0.0,1.0,1.0,0.0
1335,"Degeneration, acidophilic, eosinophilic",0,182,10,0.0,1.0,1.0,0.0
1335,Hemorrhage,0,182,10,0.0,1.0,1.0,0.0
1335,Phagocytosis,0,182,10,0.0,1.0,1.0,0.0
1335,"Lesion,NOS",0,182,10,0.0,1.0,1.0,0.0
1335,"Deposit, glycogen",0,182,9,0.0,1.0,1.0,0.0
1335,Granuloma,0,182,8,0.0,1.0,1.0,0.0
1335,"Vacuolization, nuclear",0,182,5,0.0,1.0,1.0,0.0
1337,Hypertrophy,4,24,501,0.9407850964737192,0.6260734420977703,1.0,0.14285714285714285
1337,Cellular infiltration,2,26,202,1.1907844630616908,0.5149162372653375,1.0,0.07142857142857142
1337,"Degeneration, granular, eosinophilic",21,7,181,52.1767955801105,6.896712965314119e-21,2.0381330852719335e-19,0.75
1337,Ground glass appearance,0,28,174,0.0,1.0,1.0,0.0
1337,Necrosis,2,26,158,1.5438169425511197,0.388639659006389,1.0,0.07142857142857142
1337,"Proliferation, bile duct",2,26,153,1.5967823026646557,0.3734375743976173,1.0,0.07142857142857142
1337,"Vacuolization, cytoplasmic",2,26,133,1.8484673221515326,0.31152155043706814,1.0,0.07142857142857142
1337,"Change, eosinophilic",1,27,128,0.9262152777777778,0.6676956960929515,1.0,0.03571428571428571
1337,Increased mitosis,12,16,114,21.151315789473685,8.467866306780044e-11,1.316731043515012e-09,0.42857142857142855
1337,Single cell necrosis,0,28,111,0.0,1.0,1.0,0.0
1337,Swelling,0,28,105,0.0,1.0,1.0,0.0
1337,"Change, acidophilic",0,28,87,0.0,1.0,1.0,0.0
1337,"Degeneration, fatty",0,28,80,0.0,1.0,1.0,0.0
1337,Fibrosis,0,28,63,0.0,1.0,1.0,0.0
1337,"Proliferation, oval cell",0,28,61,0.0,1.0,1.0,0.0
1337,"Hematopoiesis, extramedullary",0,28,54,0.0,1.0,1.0,0.0
1337,"Cellular infiltration, mononuclear cell",0,28,53,0.0,1.0,1.0,0.0
1337,Anisonucleosis,0,28,47,0.0,1.0,1.0,0.0
1337,"Alteration, nuclear",0,28,46,0.0,1.0,1.0,0.0
1337,"Deposit, pigment",0,28,38,0.0,1.0,1.0,0.0
1337,"Degeneration, hydropic",0,28,35,0.0,1.0,1.0,0.0
1337,"Alteration, cytoplasmic",0,28,35,0.0,1.0,1.0,0.0
1337,Pyknosis,0,28,33,0.0,1.0,1.0,0.0
1337,"Proliferation, Kupffer cell",0,28,29,0.0,1.0,1.0,0.0
1337,Cellular foci,0,28,25,0.0,1.0,1.0,0.0
1337,Microgranuloma,0,28,20,0.0,1.0,1.0,0.0
1337,Edema,2,26,16,15.927884615384615,0.009452873517382724,0.06294850750364729,0.07142857142857142
1337,"Deposit, hemosiderin",0,28,17,0.0,1.0,1.0,0.0
1337,"Inclusion body, intracytoplasmic",0,28,11,0.0,1.0,1.0,0.0
1337,"Degeneration, acidophilic, eosinophilic",0,28,10,0.0,1.0,1.0,0.0
1337,Hemorrhage,0,28,10,0.0,1.0,1.0,0.0
1337,Phagocytosis,0,28,10,0.0,1.0,1.0,0.0
1337,"Lesion,NOS",0,28,10,0.0,1.0,1.0,0.0
1337,"Deposit, glycogen",0,28,9,0.0,1.0,1.0,0.0
1337,Granuloma,0,28,8,0.0,1.0,1.0,0.0
1337,"Vacuolization, nuclear",0,28,5,0.0,1.0,1.0,0.0
1343,Hypertrophy,0,72,505,0.0,1.0,1.0,0.0
1343,Cellular infiltration,30,42,174,12.770935960591133,7.181110764094068e-19,1.9301266035619352e-17,0.4166666666666667
1343,"Degeneration, granular, eosinophilic",0,72,202,0.0,1.0,1.0,0.0
1343,Ground glass appearance,0,72,174,0.0,1.0,1.0,0.0
1343,Necrosis,12,60,148,4.239189189189189,0.00011567308338051709,0.001006737165245819,0.16666666666666666
1343,"Proliferation, bile duct",14,58,141,5.382245047688921,3.2502800152728764e-06,3.366462648774348e-05,0.19444444444444445
1343,"Vacuolization, cytoplasmic",0,72,135,0.0,1.0,1.0,0.0
1343,"Change, eosinophilic",13,59,116,6.019433080070135,2.2303342564883304e-06,2.3448115900072003e-05,0.18055555555555555
1343,Increased mitosis,0,72,126,0.0,1.0,1.0,0.0
1343,Single cell necrosis,0,72,111,0.0,1.0,1.0,0.0
1343,Swelling,6,66,99,2.925619834710744,0.02384746541073438,0.1493452235527277,0.08333333333333333
1343,"Change, acidophilic",8,64,79,5.072784810126582,0.0004547116220830813,0.0036499824799641925,0.1111111111111111
1343,"Degeneration, fatty",2,70,78,1.1747252747252748,0.5166608119215843,1.0,0.027777777777777776
1343,Fibrosis,14,58,49,15.94088669950739,1.9403401222910833e-11,3.1620357548447287e-10,0.19444444444444445
1343,"Proliferation, oval cell",0,72,61,0.0,1.0,1.0,0.0
1343,"Hematopoiesis, extramedullary",1,71,53,0.8588891841615732,0.6927895092061571,1.0,0.013888888888888888
1343,"Cellular infiltration, mononuclear cell",0,72,53,0.0,1.0,1.0,0.0
1343,Anisonucleosis,0,72,47,0.0,1.0,1.0,0.0
1343,"Alteration, nuclear",0,72,46,0.0,1.0,1.0,0.0
1343,"Deposit, pigment",2,70,36,2.5785714285714287,0.19543652914494833,0.9838076128144009,0.027777777777777776
1343,"Degeneration, hydropic",1,71,34,1.3467274233637117,0.5336175055835938,1.0,0.013888888888888888
1343,"Alteration, cytoplasmic",29,43,6,368.56976744186045,9.627672489875297e-46,1.039788628906532e-43,0.4027777777777778
1343,Pyknosis,0,72,33,0.0,1.0,1.0,0.0
1343,"Proliferation, Kupffer cell",0,72,29,0.0,1.0,1.0,0.0
1343,Cellular foci,0,72,25,0.0,1.0,1.0,0.0
1343,Microgranuloma,0,72,20,0.0,1.0,1.0,0.0
1343,Edema,0,72,18,0.0,1.0,1.0,0.0
1343,"Deposit, hemosiderin",0,72,17,0.0,1.0,1.0,0.0
1343,"Inclusion body, intracytoplasmic",0,72,11,0.0,1.0,1.0,0.0
1343,"Degeneration, acidophilic, eosinophilic",9,63,1,469.14285714285717,5.668134615104358e-15,1.2198811454246334e-13,0.125
1343,Hemorrhage,0,72,10,0.0,1.0,1.0,0.0
1343,Phagocytosis,0,72,10,0.0,1.0,1.0,0.0
1343,"Lesion,NOS",0,72,10,0.0,1.0,1.0,0.0
1343,"Deposit, glycogen",0,72,9,0.0,1.0,1.0,0.0
1343,Granuloma,0,72,8,0.0,1.0,1.0,0.0
1343,"Vacuolization, nuclear",0,72,5,0.0,1.0,1.0,0.0
1344,Hypertrophy,6,31,499,1.094188376753507,0.49060145665996596,1.0,0.16216216216216217
1344,Cellular infiltration,2,35,202,0.882036775106082,0.6679567287805321,1.0,0.05405405405405406
1344,"Degeneration, granular, eosinophilic",30,7,172,78.43853820598007,2.044237032764467e-31,1.0939430607766607e-29,0.8108108108108109
1344,Ground glass appearance,0,37,174,0.0,1.0,1.0,0.0
1344,Necrosis,2,35,158,1.1435804701627486,0.5330797281099292,1.0,0.05405405405405406
1344,"Proliferation, bile duct",2,35,153,1.1828197945845005,0.5156989870246634,1.0,0.05405405405405406
1344,"Vacuolization, cytoplasmic",4,33,131,2.9507286606523246,0.05923160532381436,0.3435895855697825,0.10810810810810811
1344,"Change, eosinophilic",1,36,128,0.6927083333333334,0.7672595025969292,1.0,0.02702702702702703
1344,Increased mitosis,0,37,126,0.0,1.0,1.0,0.0
1344,Single cell necrosis,2,35,109,1.6833551769331585,0.3475379831724054,1.0,0.05405405405405406
1344,Swelling,0,37,105,0.0,1.0,1.0,0.0
1344,"Change, acidophilic",0,37,87,0.0,1.0,1.0,0.0
1344,"Degeneration, fatty",0,37,80,0.0,1.0,1.0,0.0
1344,Fibrosis,0,37,63,0.0,1.0,1.0,0.0
1344,"Proliferation, oval cell",0,37,61,0.0,1.0,1.0,0.0
1344,"Hematopoiesis, extramedullary",0,37,54,0.0,1.0,1.0,0.0
1344,"Cellular infiltration, mononuclear cell",0,37,53,0.0,1.0,1.0,0.0
1344,Anisonucleosis,0,37,47,0.0,1.0,1.0,0.0
1344,"Alteration, nuclear",0,37,46,0.0,1.0,1.0,0.0
1344,"Deposit, pigment",0,37,38,0.0,1.0,1.0,0.0
1344,"Degeneration, hydropic",0,37,35,0.0,1.0,1.0,0.0
1344,"Alteration, cytoplasmic",0,37,35,0.0,1.0,1.0,0.0
1344,Pyknosis,0,37,33,0.0,1.0,1.0,0.0
1344,"Proliferation, Kupffer cell",0,37,29,0.0,1.0,1.0,0.0
1344,Cellular foci,0,37,25,0.0,1.0,1.0,0.0
1344,Microgranuloma,0,37,20,0.0,1.0,1.0,0.0
1344,Edema,1,36,17,5.397058823529412,0.18127132907760482,0.9199074709277852,0.02702702702702703
1344,"Deposit, hemosiderin",0,37,17,0.0,1.0,1.0,0.0
1344,"Inclusion body, intracytoplasmic",0,37,11,0.0,1.0,1.0,0.0
1344,"Degeneration, acidophilic, eosinophilic",0,37,10,0.0,1.0,1.0,0.0
1344,Hemorrhage,0,37,10,0.0,1.0,1.0,0.0
1344,Phagocytosis,0,37,10,0.0,1.0,1.0,0.0
1344,"Lesion,NOS",0,37,10,0.0,1.0,1.0,0.0
1344,"Deposit, glycogen",0,37,9,0.0,1.0,1.0,0.0
1344,Granuloma,0,37,8,0.0,1.0,1.0,0.0
1344,"Vacuolization, nuclear",0,37,5,0.0,1.0,1.0,0.0
1363,Hypertrophy,13,0,492,inf,1.7696375511798545e-11,2.8924733599623764e-10,1.0
1363,Cellular infiltration,11,2,193,89.79533678756476,2.256063952197846e-12,3.935688656697564e-11,0.8461538461538461
1363,"Degeneration, granular, eosinophilic",0,13,202,0.0,1.0,1.0,0.0
1363,Ground glass appearance,0,13,174,0.0,1.0,1.0,0.0
1363,Necrosis,7,6,153,24.332244008714596,6.614021226017841e-07,7.329717552713801e-06,0.5384615384615384
1363,"Proliferation, bile duct",11,2,144,122.22222222222223,1.0345096122883742e-13,1.982253902255788e-12,0.8461538461538461
1363,"Vacuolization, cytoplasmic",2,11,133,4.3896103896103895,0.09373568854592523,0.5169823490833759,0.15384615384615385
1363,"Change, eosinophilic",6,7,123,22.445993031358885,3.944569746345774e-06,4.043269075633114e-05,0.46153846153846156
1363,Increased mitosis,1,12,125,2.146,0.39239896582778405,1.0,0.07692307692307693
1363,Single cell necrosis,8,5,103,50.345631067961165,1.247070043039435e-09,1.7349120118139828e-08,0.6153846153846154
1363,Swelling,0,13,105,0.0,1.0,1.0,0.0
1363,"Change, acidophilic",0,13,87,0.0,1.0,1.0,0.0
1363,"Degeneration, fatty",0,13,80,0.0,1.0,1.0,0.0
1363,Fibrosis,0,13,63,0.0,1.0,1.0,0.0
1363,"Proliferation, oval cell",0,13,61,0.0,1.0,1.0,0.0
1363,"Hematopoiesis, extramedullary",0,13,54,0.0,1.0,1.0,0.0
1363,"Cellular infiltration, mononuclear cell",0,13,53,0.0,1.0,1.0,0.0
1363,Anisonucleosis,0,13,47,0.0,1.0,1.0,0.0
1363,"Alteration, nuclear",0,13,46,0.0,1.0,1.0,0.0
1363,"Deposit, pigment",5,8,33,62.708333333333336,1.7073702962037466e-07,1.9750300992113446e-06,0.38461538461538464
1363,"Degeneration, hydropic",0,13,35,0.0,1.0,1.0,0.0
1363,"Alteration, cytoplasmic",0,13,35,0.0,1.0,1.0,0.0
1363,Pyknosis,0,13,33,0.0,1.0,1.0,0.0
1363,"Proliferation, Kupffer cell",0,13,29,0.0,1.0,1.0,0.0
1363,Cellular foci,0,13,25,0.0,1.0,1.0,0.0
1363,Microgranuloma,0,13,20,0.0,1.0,1.0,0.0
1363,Edema,9,4,9,833.75,2.3322424907709615e-19,6.413666849620144e-18,0.6923076923076923
1363,"Deposit, hemosiderin",0,13,17,0.0,1.0,1.0,0.0
1363,"Inclusion body, intracytoplasmic",0,13,11,0.0,1.0,1.0,0.0
1363,"Degeneration, acidophilic, eosinophilic",0,13,10,0.0,1.0,1.0,0.0
1363,Hemorrhage,0,13,10,0.0,1.0,1.0,0.0
1363,Phagocytosis,0,13,10,0.0,1.0,1.0,0.0
1363,"Lesion,NOS",0,13,10,0.0,1.0,1.0,0.0
1363,"Deposit, glycogen",0,13,9,0.0,1.0,1.0,0.0
1363,Granuloma,0,13,8,0.0,1.0,1.0,0.0
1363,"Vacuolization, nuclear",0,13,5,0.0,1.0,1.0,0.0
1375,Hypertrophy,13,64,492,1.1510416666666667,0.37139589730589895,1.0,0.16883116883116883
1375,Cellular infiltration,3,74,201,0.6210165389269867,0.8570951597935161,1.0,0.03896103896103896
1375,"Degeneration, granular, eosinophilic",10,67,192,2.400497512437811,0.015798397450518312,0.1014513306552203,0.12987012987012986
1375,Ground glass appearance,2,75,172,0.48186046511627906,0.9159726626997615,1.0,0.025974025974025976
1375,Necrosis,10,67,150,3.1144278606965172,0.003151936405718241,0.022543651113746357,0.12987012987012986
1375,"Proliferation, bile duct",4,73,151,1.135444071486891,0.479341990260136,1.0,0.05194805194805195
1375,"Vacuolization, cytoplasmic",18,59,117,8.247718383311604,5.340795010509889e-10,7.700078243307947e-09,0.23376623376623376
1375,"Change, eosinophilic",22,55,107,11.861682242990653,2.1155953880864293e-14,4.3634154879282605e-13,0.2857142857142857
1375,Increased mitosis,6,71,120,2.2253521126760565,0.06719999800756614,0.3848921222703703,0.07792207792207792
1375,Single cell necrosis,2,75,109,0.7757798165137615,0.7307277302200422,1.0,0.025974025974025976
1375,Swelling,0,77,105,0.0,1.0,1.0,0.0
1375,"Change, acidophilic",1,76,86,0.4886780905752754,0.8706713447314092,1.0,0.012987012987012988
1375,"Degeneration, fatty",0,77,80,0.0,1.0,1.0,0.0
1375,Fibrosis,1,76,62,0.682937181663837,0.7713818143896853,1.0,0.012987012987012988
1375,"Proliferation, oval cell",0,77,61,0.0,1.0,1.0,0.0
1375,"Hematopoiesis, extramedullary",0,77,54,0.0,1.0,1.0,0.0
1375,"Cellular infiltration, mononuclear cell",2,75,51,1.6883660130718954,0.34447787288109444,1.0,0.025974025974025976
1375,Anisonucleosis,0,77,47,0.0,1.0,1.0,0.0
1375,"Alteration, nuclear",0,77,46,0.0,1.0,1.0,0.0
1375,"Deposit, pigment",0,77,38,0.0,1.0,1.0,0.0
1375,"Degeneration, hydropic",0,77,35,0.0,1.0,1.0,0.0
1375,"Alteration, cytoplasmic",0,77,35,0.0,1.0,1.0,0.0
1375,Pyknosis,0,77,33,0.0,1.0,1.0,0.0
1375,"Proliferation, Kupffer cell",7,70,22,14.809090909090909,2.640452887868812e-06,2.7588900886439305e-05,0.09090909090909091
1375,Cellular foci,0,77,25,0.0,1.0,1.0,0.0
1375,Microgranuloma,0,77,20,0.0,1.0,1.0,0.0
1375,Edema,0,77,18,0.0,1.0,1.0,0.0
1375,"Deposit, hemosiderin",0,77,17,0.0,1.0,1.0,0.0
1375,"Inclusion body, intracytoplasmic",0,77,11,0.0,1.0,1.0,0.0
1375,"Degeneration, acidophilic, eosinophilic",0,77,10,0.0,1.0,1.0,0.0
1375,Hemorrhage,0,77,10,0.0,1.0,1.0,0.0
1375,Phagocytosis,0,77,10,0.0,1.0,1.0,0.0
1375,"Lesion,NOS",0,77,10,0.0,1.0,1.0,0.0
1375,"Deposit, glycogen",0,77,9,0.0,1.0,1.0,0.0
1375,Granuloma,0,77,8,0.0,1.0,1.0,0.0
1375,"Vacuolization, nuclear",0,77,5,0.0,1.0,1.0,0.0
1394,Hypertrophy,20,3,485,39.16151202749141,2.8840989769809964e-14,5.877031877621653e-13,0.8695652173913043
1394,Cellular infiltration,19,4,185,80.8527027027027,2.452984603215844e-20,6.971640451245031e-19,0.8260869565217391
1394,"Degeneration, granular, eosinophilic",1,22,201,0.7085029398462235,0.7612193039802768,1.0,0.043478260869565216
1394,Ground glass appearance,0,23,174,0.0,1.0,1.0,0.0
1394,Necrosis,16,7,144,50.63492063492063,6.208218381174468e-17,1.4990576091128592e-15,0.6956521739130435
1394,"Proliferation, bile duct",20,3,135,157.97530864197532,8.975265312961996e-25,3.301119254426889e-23,0.8695652173913043
1394,"Vacuolization, cytoplasmic",1,22,134,1.0854816824966078,0.6121812515875296,1.0,0.043478260869565216
1394,"Change, eosinophilic",11,12,118,24.983050847457626,1.612318346126293e-10,2.4556848656385077e-09,0.4782608695652174
1394,Increased mitosis,6,17,120,9.452941176470588,0.0001481506953263979,0.0012716981650849762,0.2608695652173913
1394,Single cell necrosis,9,14,102,20.369747899159663,1.895477532498794e-08,2.405798406633085e-07,0.391304347826087
1394,Swelling,0,23,105,0.0,1.0,1.0,0.0
1394,"Change, acidophilic",1,22,86,1.7167019027484143,0.45443979195004536,1.0,0.043478260869565216
1394,"Degeneration, fatty",0,23,80,0.0,1.0,1.0,0.0
1394,Fibrosis,0,23,63,0.0,1.0,1.0,0.0
1394,"Proliferation, oval cell",0,23,61,0.0,1.0,1.0,0.0
1394,"Hematopoiesis, extramedullary",0,23,54,0.0,1.0,1.0,0.0
1394,"Cellular infiltration, mononuclear cell",0,23,53,0.0,1.0,1.0,0.0
1394,Anisonucleosis,1,22,46,3.2490118577075098,0.27773569544620796,1.0,0.043478260869565216
1394,"Alteration, nuclear",0,23,46,0.0,1.0,1.0,0.0
1394,"Deposit, pigment",5,18,33,27.786195286195287,4.110907070320043e-06,4.184882261816805e-05,0.21739130434782608
1394,"Degeneration, hydropic",0,23,35,0.0,1.0,1.0,0.0
1394,"Alteration, cytoplasmic",0,23,35,0.0,1.0,1.0,0.0
1394,Pyknosis,0,23,33,0.0,1.0,1.0,0.0
1394,"Proliferation, Kupffer cell",1,22,28,5.366883116883117,0.18144294149203,0.9203852027862154,0.043478260869565216
1394,Cellular foci,0,23,25,0.0,1.0,1.0,0.0
1394,Microgranuloma,0,23,20,0.0,1.0,1.0,0.0
1394,Edema,16,7,2,3808.0,3.1143503041594684e-36,2.215477940923023e-34,0.6956521739130435
1394,"Deposit, hemosiderin",0,23,17,0.0,1.0,1.0,0.0
1394,"Inclusion body, intracytoplasmic",0,23,11,0.0,1.0,1.0,0.0
1394,"Degeneration, acidophilic, eosinophilic",0,23,10,0.0,1.0,1.0,0.0
1394,Hemorrhage,0,23,10,0.0,1.0,1.0,0.0
1394,Phagocytosis,0,23,10,0.0,1.0,1.0,0.0
1394,"Lesion,NOS",0,23,10,0.0,1.0,1.0,0.0
1394,"Deposit, glycogen",0,23,9,0.0,1.0,1.0,0.0
1394,Granuloma,0,23,8,0.0,1.0,1.0,0.0
1394,"Vacuolization, nuclear",0,23,5,0.0,1.0,1.0,0.0
1398,Hypertrophy,18,25,487,4.179548254620123,1.791110439511809e-05,0.00017187715687722366,0.4186046511627907
1398,Cellular infiltration,1,42,203,0.3648838845883181,0.9336870710263481,1.0,0.023255813953488372
1398,"Degeneration, granular, eosinophilic",39,4,163,188.48006134969324,6.21771526709306e-45,6.654635799375276e-43,0.9069767441860465
1398,Ground glass appearance,0,43,174,0.0,1.0,1.0,0.0
1398,Necrosis,11,32,149,7.301803691275167,3.1284957443565115e-06,3.243152656453347e-05,0.2558139534883721
1398,"Proliferation, bile duct",0,43,155,0.0,1.0,1.0,0.0
1398,"Vacuolization, cytoplasmic",2,41,133,1.1666972308820833,0.5217620715954339,1.0,0.046511627906976744
1398,"Change, eosinophilic",2,41,127,1.2241213750720183,0.497145249777699,1.0,0.046511627906976744
1398,Increased mitosis,3,40,123,1.9457317073170732,0.21755475115017023,1.0,0.06976744186046512
1398,Single cell necrosis,2,41,109,1.434325352427836,0.4189732221655539,1.0,0.046511627906976744
1398,Swelling,8,35,97,7.580559646539028,4.095863366519337e-05,0.00037661653865518364,0.18604651162790697
1398,"Change, acidophilic",0,43,87,0.0,1.0,1.0,0.0
1398,"Degeneration, fatty",0,43,80,0.0,1.0,1.0,0.0
1398,Fibrosis,0,43,63,0.0,1.0,1.0,0.0
1398,"Proliferation, oval cell",0,43,61,0.0,1.0,1.0,0.0
1398,"Hematopoiesis, extramedullary",0,43,54,0.0,1.0,1.0,0.0
1398,"Cellular infiltration, mononuclear cell",0,43,53,0.0,1.0,1.0,0.0
1398,Anisonucleosis,0,43,47,0.0,1.0,1.0,0.0
1398,"Alteration, nuclear",0,43,46,0.0,1.0,1.0,0.0
1398,"Deposit, pigment",0,43,38,0.0,1.0,1.0,0.0
1398,"Degeneration, hydropic",0,43,35,0.0,1.0,1.0,0.0
1398,"Alteration, cytoplasmic",0,43,35,0.0,1.0,1.0,0.0
1398,Pyknosis,0,43,33,0.0,1.0,1.0,0.0
1398,"Proliferation, Kupffer cell",1,42,28,2.79421768707483,0.3130133452416459,1.0,0.023255813953488372
1398,Cellular foci,0,43,25,0.0,1.0,1.0,0.0
1398,Microgranuloma,0,43,20,0.0,1.0,1.0,0.0
1398,Edema,0,43,18,0.0,1.0,1.0,0.0
1398,"Deposit, hemosiderin",0,43,17,0.0,1.0,1.0,0.0
1398,"Inclusion body, intracytoplasmic",0,43,11,0.0,1.0,1.0,0.0
1398,"Degeneration, acidophilic, eosinophilic",0,43,10,0.0,1.0,1.0,0.0
1398,Hemorrhage,0,43,10,0.0,1.0,1.0,0.0
1398,Phagocytosis,0,43,10,0.0,1.0,1.0,0.0
1398,"Lesion,NOS",0,43,10,0.0,1.0,1.0,0.0
1398,"Deposit, glycogen",0,43,9,0.0,1.0,1.0,0.0
1398,Granuloma,0,43,8,0.0,1.0,1.0,0.0
1398,"Vacuolization, nuclear",0,43,5,0.0,1.0,1.0,0.0
1404,Hypertrophy,41,40,464,6.211853448275862,2.617457394372311e-14,5.342851176141417e-13,0.5061728395061729
1404,Cellular infiltration,12,69,192,2.7934782608695654,0.003125654435414531,0.022382624890129373,0.14814814814814814
1404,"Degeneration, granular, eosinophilic",69,12,133,135.8815789473684,9.664076515549297e-77,5.467106143082173e-74,0.8518518518518519
1404,Ground glass appearance,0,81,174,0.0,1.0,1.0,0.0
1404,Necrosis,18,63,142,6.305835010060362,2.1107870967964133e-08,2.662011752647706e-07,0.2222222222222222
1404,"Proliferation, bile duct",10,71,145,3.041282175813502,0.0036431681011176403,0.02573176994130652,0.12345679012345678
1404,"Vacuolization, cytoplasmic",0,81,135,0.0,1.0,1.0,0.0
1404,"Change, eosinophilic",7,74,122,2.4455028799291094,0.03447093022426618,0.21130786948621372,0.08641975308641975
1404,Increased mitosis,14,67,112,5.902985074626866,1.1503978340256835e-06,1.241301205106732e-05,0.1728395061728395
1404,Single cell necrosis,8,73,103,3.37598084851709,0.004779869034504628,0.0331881029397516,0.09876543209876543
1404,Swelling,0,81,105,0.0,1.0,1.0,0.0
1404,"Change, acidophilic",0,81,87,0.0,1.0,1.0,0.0
1404,"Degeneration, fatty",0,81,80,0.0,1.0,1.0,0.0
1404,Fibrosis,0,81,63,0.0,1.0,1.0,0.0
1404,"Proliferation, oval cell",0,81,61,0.0,1.0,1.0,0.0
1404,"Hematopoiesis, extramedullary",0,81,54,0.0,1.0,1.0,0.0
1404,"Cellular infiltration, mononuclear cell",0,81,53,0.0,1.0,1.0,0.0
1404,Anisonucleosis,0,81,47,0.0,1.0,1.0,0.0
1404,"Alteration, nuclear",0,81,46,0.0,1.0,1.0,0.0
1404,"Deposit, pigment",2,79,36,2.278481012658228,0.233078149853602,1.0,0.024691358024691357
1404,"Degeneration, hydropic",0,81,35,0.0,1.0,1.0,0.0
1404,"Alteration, cytoplasmic",0,81,35,0.0,1.0,1.0,0.0
1404,Pyknosis,0,81,33,0.0,1.0,1.0,0.0
1404,"Proliferation, Kupffer cell",0,81,29,0.0,1.0,1.0,0.0
1404,Cellular foci,1,80,24,1.69375,0.45818698673010744,1.0,0.012345679012345678
1404,Microgranuloma,0,81,20,0.0,1.0,1.0,0.0
1404,Edema,9,72,9,45.375,7.206367783841368e-11,1.1264690693688876e-09,0.1111111111111111
1404,"Deposit, hemosiderin",0,81,17,0.0,1.0,1.0,0.0
1404,"Inclusion body, intracytoplasmic",0,81,11,0.0,1.0,1.0,0.0
1404,"Degeneration, acidophilic, eosinophilic",0,81,10,0.0,1.0,1.0,0.0
1404,Hemorrhage,0,81,10,0.0,1.0,1.0,0.0
1404,Phagocytosis,0,81,10,0.0,1.0,1.0,0.0
1404,"Lesion,NOS",0,81,10,0.0,1.0,1.0,0.0
1404,"Deposit, glycogen",0,81,9,0.0,1.0,1.0,0.0
1404,Granuloma,6,75,2,130.96,4.417422188174673e-09,5.889896250899564e-08,0.07407407407407407
1404,"Vacuolization, nuclear",0,81,5,0.0,1.0,1.0,0.0
1411,Hypertrophy,8,20,497,2.2792756539235413,0.048571071870446327,0.2862223878079873,0.2857142857142857
1411,Cellular infiltration,1,27,203,0.5703338806787083,0.8284259060524378,1.0,0.03571428571428571
1411,"Degeneration, granular, eosinophilic",24,4,178,106.21348314606742,2.204526848554729e-26,8.969102383845953e-25,0.8571428571428571
1411,Ground glass appearance,0,28,174,0.0,1.0,1.0,0.0
1411,Necrosis,7,21,153,6.919389978213507,0.0002484111472311258,0.002060841081777776,0.25
1411,"Proliferation, bile duct",0,28,155,0.0,1.0,1.0,0.0
1411,"Vacuolization, cytoplasmic",0,28,135,0.0,1.0,1.0,0.0
1411,"Change, eosinophilic",0,28,129,0.0,1.0,1.0,0.0
1411,Increased mitosis,7,21,119,8.991596638655462,5.447126971932707e-05,0.0004939837284470271,0.25
1411,Single cell necrosis,1,27,110,1.0838383838383838,0.6114568208846135,1.0,0.03571428571428571
1411,Swelling,0,28,105,0.0,1.0,1.0,0.0
1411,"Change, acidophilic",0,28,87,0.0,1.0,1.0,0.0
1411,"Degeneration, fatty",0,28,80,0.0,1.0,1.0,0.0
1411,Fibrosis,0,28,63,0.0,1.0,1.0,0.0
1411,"Proliferation, oval cell",0,28,61,0.0,1.0,1.0,0.0
1411,"Hematopoiesis, extramedullary",0,28,54,0.0,1.0,1.0,0.0
1411,"Cellular infiltration, mononuclear cell",0,28,53,0.0,1.0,1.0,0.0
1411,Anisonucleosis,0,28,47,0.0,1.0,1.0,0.0
1411,"Alteration, nuclear",0,28,46,0.0,1.0,1.0,0.0
1411,"Deposit, pigment",0,28,38,0.0,1.0,1.0,0.0
1411,"Degeneration, hydropic",0,28,35,0.0,1.0,1.0,0.0
1411,"Alteration, cytoplasmic",0,28,35,0.0,1.0,1.0,0.0
1411,Pyknosis,0,28,33,0.0,1.0,1.0,0.0
1411,"Proliferation, Kupffer cell",0,28,29,0.0,1.0,1.0,0.0
1411,Cellular foci,0,28,25,0.0,1.0,1.0,0.0
1411,Microgranuloma,0,28,20,0.0,1.0,1.0,0.0
1411,Edema,0,28,18,0.0,1.0,1.0,0.0
1411,"Deposit, hemosiderin",0,28,17,0.0,1.0,1.0,0.0
1411,"Inclusion body, intracytoplasmic",0,28,11,0.0,1.0,1.0,0.0
1411,"Degeneration, acidophilic, eosinophilic",0,28,10,0.0,1.0,1.0,0.0
1411,Hemorrhage,0,28,10,0.0,1.0,1.0,0.0
1411,Phagocytosis,0,28,10,0.0,1.0,1.0,0.0
1411,"Lesion,NOS",0,28,10,0.0,1.0,1.0,0.0
1411,"Deposit, glycogen",0,28,9,0.0,1.0,1.0,0.0
1411,Granuloma,2,26,6,42.6025641025641,0.0018214767332590993,0.013612315954638129,0.07142857142857142
1411,"Vacuolization, nuclear",0,28,5,0.0,1.0,1.0,0.0
1412,Hypertrophy,34,18,471,11.365416371785798,1.2004388138862418e-16,2.8579585388714535e-15,0.6538461538461539
1412,Cellular infiltration,0,52,204,0.0,1.0,1.0,0.0
1412,"Degeneration, granular, eosinophilic",52,0,150,inf,3.7282180682470004e-67,1.4763743550258122e-64,1.0
1412,Ground glass appearance,0,52,174,0.0,1.0,1.0,0.0
1412,Necrosis,11,41,149,5.682763136356196,2.2596693400393807e-05,0.000214073937477415,0.21153846153846154
1412,"Proliferation, bile duct",0,52,155,0.0,1.0,1.0,0.0
1412,"Vacuolization, cytoplasmic",0,52,135,0.0,1.0,1.0,0.0
1412,"Change, eosinophilic",0,52,129,0.0,1.0,1.0,0.0
1412,Increased mitosis,4,48,122,2.1741803278688523,0.12919714137373786,0.6862242643590194,0.07692307692307693
1412,Single cell necrosis,2,50,109,1.1728440366972477,0.5181614939067026,1.0,0.038461538461538464
1412,Swelling,0,52,105,0.0,1.0,1.0,0.0
1412,"Change, acidophilic",0,52,87,0.0,1.0,1.0,0.0
1412,"Degeneration, fatty",0,52,80,0.0,1.0,1.0,0.0
1412,Fibrosis,0,52,63,0.0,1.0,1.0,0.0
1412,"Proliferation, oval cell",0,52,61,0.0,1.0,1.0,0.0
1412,"Hematopoiesis, extramedullary",0,52,54,0.0,1.0,1.0,0.0
1412,"Cellular infiltration, mononuclear cell",0,52,53,0.0,1.0,1.0,0.0
1412,Anisonucleosis,0,52,47,0.0,1.0,1.0,0.0
1412,"Alteration, nuclear",0,52,46,0.0,1.0,1.0,0.0
1412,"Deposit, pigment",0,52,38,0.0,1.0,1.0,0.0
1412,"Degeneration, hydropic",0,52,35,0.0,1.0,1.0,0.0
1412,"Alteration, cytoplasmic",0,52,35,0.0,1.0,1.0,0.0
1412,Pyknosis,0,52,33,0.0,1.0,1.0,0.0
1412,"Proliferation, Kupffer cell",0,52,29,0.0,1.0,1.0,0.0
1412,Cellular foci,0,52,25,0.0,1.0,1.0,0.0
1412,Microgranuloma,0,52,20,0.0,1.0,1.0,0.0
1412,Edema,0,52,18,0.0,1.0,1.0,0.0
1412,"Deposit, hemosiderin",0,52,17,0.0,1.0,1.0,0.0
1412,"Inclusion body, intracytoplasmic",0,52,11,0.0,1.0,1.0,0.0
1412,"Degeneration, acidophilic, eosinophilic",0,52,10,0.0,1.0,1.0,0.0
1412,Hemorrhage,0,52,10,0.0,1.0,1.0,0.0
1412,Phagocytosis,0,52,10,0.0,1.0,1.0,0.0
1412,"Lesion,NOS",0,52,10,0.0,1.0,1.0,0.0
1412,"Deposit, glycogen",0,52,9,0.0,1.0,1.0,0.0
1412,Granuloma,2,50,6,21.993333333333332,0.006208793024254794,0.04253775151565568,0.038461538461538464
1412,"Vacuolization, nuclear",0,52,5,0.0,1.0,1.0,0.0
1413,Hypertrophy,27,27,478,5.910041841004184,1.1675983109658768e-09,1.629972730232035e-08,0.5
1413,Cellular infiltration,0,54,204,0.0,1.0,1.0,0.0
1413,"Degeneration, granular, eosinophilic",53,1,149,1121.8926174496644,8.7328065661859e-67,3.1438103638269243e-64,0.9814814814814815
1413,Ground glass appearance,0,54,174,0.0,1.0,1.0,0.0
1413,Necrosis,11,43,149,5.415014827532387,3.295338162801141e-05,0.0003063272094998244,0.2037037037037037
1413,"Proliferation, bile duct",0,54,155,0.0,1.0,1.0,0.0
1413,"Vacuolization, cytoplasmic",1,53,134,0.44621233455364684,0.8929554469110282,1.0,0.018518518518518517
1413,"Change, eosinophilic",1,53,128,0.46801297169811323,0.8815435893745605,1.0,0.018518518518518517
1413,Increased mitosis,3,51,123,1.5208034433285509,0.3306576821772385,1.0,0.05555555555555555
1413,Single cell necrosis,1,53,110,0.5476843910806175,0.8396579158682405,1.0,0.018518518518518517
1413,Swelling,0,54,105,0.0,1.0,1.0,0.0
1413,"Change, acidophilic",0,54,87,0.0,1.0,1.0,0.0
1413,"Degeneration, fatty",0,54,80,0.0,1.0,1.0,0.0
1413,Fibrosis,0,54,63,0.0,1.0,1.0,0.0
1413,"Proliferation, oval cell",0,54,61,0.0,1.0,1.0,0.0
1413,"Hematopoiesis, extramedullary",0,54,54,0.0,1.0,1.0,0.0
1413,"Cellular infiltration, mononuclear cell",0,54,53,0.0,1.0,1.0,0.0
1413,Anisonucleosis,0,54,47,0.0,1.0,1.0,0.0
1413,"Alteration, nuclear",0,54,46,0.0,1.0,1.0,0.0
1413,"Deposit, pigment",0,54,38,0.0,1.0,1.0,0.0
1413,"Degeneration, hydropic",0,54,35,0.0,1.0,1.0,0.0
1413,"Alteration, cytoplasmic",0,54,35,0.0,1.0,1.0,0.0
1413,Pyknosis,0,54,33,0.0,1.0,1.0,0.0
1413,"Proliferation, Kupffer cell",1,53,28,2.2068733153638815,0.37641436242211745,1.0,0.018518518518518517
1413,Cellular foci,1,53,24,2.577830188679245,0.3342776002621277,1.0,0.018518518518518517
1413,Microgranuloma,0,54,20,0.0,1.0,1.0,0.0
1413,Edema,0,54,18,0.0,1.0,1.0,0.0
1413,"Deposit, hemosiderin",0,54,17,0.0,1.0,1.0,0.0
1413,"Inclusion body, intracytoplasmic",0,54,11,0.0,1.0,1.0,0.0
1413,"Degeneration, acidophilic, eosinophilic",0,54,10,0.0,1.0,1.0,0.0
1413,Hemorrhage,0,54,10,0.0,1.0,1.0,0.0
1413,Phagocytosis,0,54,10,0.0,1.0,1.0,0.0
1413,"Lesion,NOS",0,54,10,0.0,1.0,1.0,0.0
1413,"Deposit, glycogen",0,54,9,0.0,1.0,1.0,0.0
1413,Granuloma,4,50,4,65.98,3.994587237654824e-06,4.091008308908561e-05,0.07407407407407407
1413,"Vacuolization, nuclear",0,54,5,0.0,1.0,1.0,0.0
1416,Hypertrophy,32,7,473,27.49622470552703,1.0941115189035651e-20,3.1548652535374646e-19,0.8205128205128205
1416,Cellular infiltration,0,39,204,0.0,1.0,1.0,0.0
1416,"Degeneration, granular, eosinophilic",0,39,202,0.0,1.0,1.0,0.0
1416,Ground glass appearance,31,8,143,86.03583916083916,4.158126343383448e-34,2.507540150223115e-32,0.7948717948717948
1416,Necrosis,0,39,160,0.0,1.0,1.0,0.0
1416,"Proliferation, bile duct",0,39,155,0.0,1.0,1.0,0.0
1416,"Vacuolization, cytoplasmic",0,39,135,0.0,1.0,1.0,0.0
1416,"Change, eosinophilic",2,37,127,1.3581613109172164,0.44591285510045225,1.0,0.05128205128205128
1416,Increased mitosis,0,39,126,0.0,1.0,1.0,0.0
1416,Single cell necrosis,1,38,110,0.7674641148325358,0.7325848843112914,1.0,0.02564102564102564
1416,Swelling,0,39,105,0.0,1.0,1.0,0.0
1416,"Change, acidophilic",0,39,87,0.0,1.0,1.0,0.0
1416,"Degeneration, fatty",0,39,80,0.0,1.0,1.0,0.0
1416,Fibrosis,0,39,63,0.0,1.0,1.0,0.0
1416,"Proliferation, oval cell",0,39,61,0.0,1.0,1.0,0.0
1416,"Hematopoiesis, extramedullary",2,37,52,3.395010395010395,0.1291876039824041,0.6862242643590194,0.05128205128205128
1416,"Cellular infiltration, mononuclear cell",0,39,53,0.0,1.0,1.0,0.0
1416,Anisonucleosis,0,39,47,0.0,1.0,1.0,0.0
1416,"Alteration, nuclear",2,37,44,4.022113022113022,0.09890939159493255,0.5424947239832866,0.05128205128205128
1416,"Deposit, pigment",2,37,36,4.927927927927928,0.07114309283079913,0.40477966610627086,0.05128205128205128
1416,"Degeneration, hydropic",0,39,35,0.0,1.0,1.0,0.0
1416,"Alteration, cytoplasmic",0,39,35,0.0,1.0,1.0,0.0
1416,Pyknosis,0,39,33,0.0,1.0,1.0,0.0
1416,"Proliferation, Kupffer cell",0,39,29,0.0,1.0,1.0,0.0
1416,Cellular foci,0,39,25,0.0,1.0,1.0,0.0
1416,Microgranuloma,0,39,20,0.0,1.0,1.0,0.0
1416,Edema,0,39,18,0.0,1.0,1.0,0.0
1416,"Deposit, hemosiderin",0,39,17,0.0,1.0,1.0,0.0
1416,"Inclusion body, intracytoplasmic",0,39,11,0.0,1.0,1.0,0.0
1416,"Degeneration, acidophilic, eosinophilic",0,39,10,0.0,1.0,1.0,0.0
1416,Hemorrhage,0,39,10,0.0,1.0,1.0,0.0
1416,Phagocytosis,2,37,8,22.364864864864863,0.005581007259589589,0.03852548881111233,0.05128205128205128
1416,"Lesion,NOS",0,39,10,0.0,1.0,1.0,0.0
1416,"Deposit, glycogen",0,39,9,0.0,1.0,1.0,0.0
1416,Granuloma,0,39,8,0.0,1.0,1.0,0.0
1416,"Vacuolization, nuclear",0,39,5,0.0,1.0,1.0,0.0
1419,Hypertrophy,10,37,495,1.536991536991537,0.15825454206509101,0.8188431880371434,0.2127659574468085
1419,Cellular infiltration,3,44,201,1.0546132971506106,0.5514781024614773,1.0,0.06382978723404255
1419,"Degeneration, granular, eosinophilic",37,10,165,70.52424242424243,7.868558082565394e-38,5.9922096167228776e-36,0.7872340425531915
1419,Ground glass appearance,0,47,174,0.0,1.0,1.0,0.0
1419,Necrosis,6,41,154,2.9990497307570476,0.022662370950504305,0.14244918883174135,0.1276595744680851
1419,"Proliferation, bile duct",0,47,155,0.0,1.0,1.0,0.0
1419,"Vacuolization, cytoplasmic",0,47,135,0.0,1.0,1.0,0.0
1419,"Change, eosinophilic",0,47,129,0.0,1.0,1.0,0.0
1419,Increased mitosis,20,27,106,22.38993710691824,2.8169939144372677e-17,6.943130228944967e-16,0.425531914893617
1419,Single cell necrosis,2,45,109,1.30519877675841,0.464392213136555,1.0,0.0425531914893617
1419,Swelling,0,47,105,0.0,1.0,1.0,0.0
1419,"Change, acidophilic",0,47,87,0.0,1.0,1.0,0.0
1419,"Degeneration, fatty",0,47,80,0.0,1.0,1.0,0.0
1419,Fibrosis,0,47,63,0.0,1.0,1.0,0.0
1419,"Proliferation, oval cell",0,47,61,0.0,1.0,1.0,0.0
1419,"Hematopoiesis, extramedullary",0,47,54,0.0,1.0,1.0,0.0
1419,"Cellular infiltration, mononuclear cell",0,47,53,0.0,1.0,1.0,0.0
1419,Anisonucleosis,0,47,47,0.0,1.0,1.0,0.0
1419,"Alteration, nuclear",0,47,46,0.0,1.0,1.0,0.0
1419,"Deposit, pigment",0,47,38,0.0,1.0,1.0,0.0
1419,"Degeneration, hydropic",0,47,35,0.0,1.0,1.0,0.0
1419,"Alteration, cytoplasmic",0,47,35,0.0,1.0,1.0,0.0
1419,Pyknosis,0,47,33,0.0,1.0,1.0,0.0
1419,"Proliferation, Kupffer cell",1,46,28,2.548136645962733,0.33675675786521975,1.0,0.02127659574468085
1419,Cellular foci,0,47,25,0.0,1.0,1.0,0.0
1419,Microgranuloma,0,47,20,0.0,1.0,1.0,0.0
1419,Edema,0,47,18,0.0,1.0,1.0,0.0
1419,"Deposit, hemosiderin",0,47,17,0.0,1.0,1.0,0.0
1419,"Inclusion body, intracytoplasmic",0,47,11,0.0,1.0,1.0,0.0
1419,"Degeneration, acidophilic, eosinophilic",0,47,10,0.0,1.0,1.0,0.0
1419,Hemorrhage,0,47,10,0.0,1.0,1.0,0.0
1419,Phagocytosis,0,47,10,0.0,1.0,1.0,0.0
1419,"Lesion,NOS",0,47,10,0.0,1.0,1.0,0.0
1419,"Deposit, glycogen",0,47,9,0.0,1.0,1.0,0.0
1419,Granuloma,2,45,6,24.474074074074075,0.00509200272623993,0.035231795217082335,0.0425531914893617
1419,"Vacuolization, nuclear",0,47,5,0.0,1.0,1.0,0.0
1420,Hypertrophy,17,37,488,2.65036552946389,0.0016475248672483192,0.012403419152667955,0.3148148148148148
1420,Cellular infiltration,1,53,203,0.28813086718096476,0.9670685293751997,1.0,0.018518518518518517
1420,"Degeneration, granular, eosinophilic",45,9,157,100.19108280254777,2.734845555259192e-48,3.24899651964792e-46,0.8333333333333334
1420,Ground glass appearance,0,54,174,0.0,1.0,1.0,0.0
1420,Necrosis,8,46,152,3.6052631578947367,0.0035681614345417106,0.025247026707775774,0.14814814814814814
1420,"Proliferation, bile duct",1,53,154,0.38581230090664054,0.923736103853506,1.0,0.018518518518518517
1420,"Vacuolization, cytoplasmic",2,52,133,0.9167148640832852,0.6467090625567824,1.0,0.037037037037037035
1420,"Change, eosinophilic",0,54,129,0.0,1.0,1.0,0.0
1420,Increased mitosis,1,53,125,0.4796981132075472,0.8753981025064883,1.0,0.018518518518518517
1420,Single cell necrosis,1,53,110,0.5476843910806175,0.8396579158682405,1.0,0.018518518518518517
1420,Swelling,0,54,105,0.0,1.0,1.0,0.0
1420,"Change, acidophilic",0,54,87,0.0,1.0,1.0,0.0
1420,"Degeneration, fatty",0,54,80,0.0,1.0,1.0,0.0
1420,Fibrosis,0,54,63,0.0,1.0,1.0,0.0
1420,"Proliferation, oval cell",0,54,61,0.0,1.0,1.0,0.0
1420,"Hematopoiesis, extramedullary",0,54,54,0.0,1.0,1.0,0.0
1420,"Cellular infiltration, mononuclear cell",0,54,53,0.0,1.0,1.0,0.0
1420,Anisonucleosis,0,54,47,0.0,1.0,1.0,0.0
1420,"Alteration, nuclear",0,54,46,0.0,1.0,1.0,0.0
1420,"Deposit, pigment",0,54,38,0.0,1.0,1.0,0.0
1420,"Degeneration, hydropic",0,54,35,0.0,1.0,1.0,0.0
1420,"Alteration, cytoplasmic",0,54,35,0.0,1.0,1.0,0.0
1420,Pyknosis,0,54,33,0.0,1.0,1.0,0.0
1420,"Proliferation, Kupffer cell",1,53,28,2.2068733153638815,0.37641436242211745,1.0,0.018518518518518517
1420,Cellular foci,1,53,24,2.577830188679245,0.3342776002621277,1.0,0.018518518518518517
1420,Microgranuloma,0,54,20,0.0,1.0,1.0,0.0
1420,Edema,0,54,18,0.0,1.0,1.0,0.0
1420,"Deposit, hemosiderin",0,54,17,0.0,1.0,1.0,0.0
1420,"Inclusion body, intracytoplasmic",0,54,11,0.0,1.0,1.0,0.0
1420,"Degeneration, acidophilic, eosinophilic",0,54,10,0.0,1.0,1.0,0.0
1420,Hemorrhage,0,54,10,0.0,1.0,1.0,0.0
1420,Phagocytosis,0,54,10,0.0,1.0,1.0,0.0
1420,"Lesion,NOS",0,54,10,0.0,1.0,1.0,0.0
1420,"Deposit, glycogen",0,54,9,0.0,1.0,1.0,0.0
1420,Granuloma,5,49,3,112.24489795918367,4.819160751562373e-08,5.902229868923813e-07,0.09259259259259259
1420,"Vacuolization, nuclear",0,54,5,0.0,1.0,1.0,0.0
1425,Hypertrophy,62,155,443,2.435214446952596,8.947478145672928e-08,1.0726139290675519e-06,0.2857142857142857
1425,Cellular infiltration,19,198,185,1.5327600327600328,0.06454240623859511,0.37077552520044,0.08755760368663594
1425,"Degeneration, granular, eosinophilic",113,104,89,37.247515125324114,2.4760545039011737e-92,1.6341959725747746e-89,0.5207373271889401
1425,Ground glass appearance,0,217,174,0.0,1.0,1.0,0.0
1425,Necrosis,41,176,119,5.913913292589763,1.5580479689237846e-15,3.4792499757170224e-14,0.1889400921658986
1425,"Proliferation, bile duct",15,202,140,1.5912305516265912,0.07270561130467361,0.4130763569103407,0.06912442396313365
1425,"Vacuolization, cytoplasmic",18,199,117,2.337069965210669,0.0022605586487518935,0.016567203422068164,0.08294930875576037
1425,"Change, eosinophilic",31,186,98,5.173469387755102,4.1503475026196223e-11,6.591728386513519e-10,0.14285714285714285
1425,Increased mitosis,32,185,94,5.605060379528465,3.846069012762714e-12,6.574287751312381e-11,0.14746543778801843
1425,Single cell necrosis,10,207,101,1.453580140622758,0.17767060417850258,0.9042385505155334,0.04608294930875576
1425,Swelling,1,216,104,0.13514957264957264,0.9992004734296832,1.0,0.004608294930875576
1425,"Change, acidophilic",0,217,87,0.0,1.0,1.0,0.0
1425,"Degeneration, fatty",0,217,80,0.0,1.0,1.0,0.0
1425,Fibrosis,0,217,63,0.0,1.0,1.0,0.0
1425,"Proliferation, oval cell",0,217,61,0.0,1.0,1.0,0.0
1425,"Hematopoiesis, extramedullary",0,217,54,0.0,1.0,1.0,0.0
1425,"Cellular infiltration, mononuclear cell",0,217,53,0.0,1.0,1.0,0.0
1425,Anisonucleosis,0,217,47,0.0,1.0,1.0,0.0
1425,"Alteration, nuclear",0,217,46,0.0,1.0,1.0,0.0
1425,"Deposit, pigment",3,214,35,1.2436582109479306,0.44946570456484564,1.0,0.013824884792626729
1425,"Degeneration, hydropic",0,217,35,0.0,1.0,1.0,0.0
1425,"Alteration, cytoplasmic",0,217,35,0.0,1.0,1.0,0.0
1425,Pyknosis,0,217,33,0.0,1.0,1.0,0.0
1425,"Proliferation, Kupffer cell",7,210,22,4.724242424242425,0.001960760060684719,0.014549549981845386,0.03225806451612903
1425,Cellular foci,1,216,24,0.6010802469135802,0.8130343020267261,1.0,0.004608294930875576
1425,Microgranuloma,0,217,20,0.0,1.0,1.0,0.0
1425,Edema,13,204,5,39.955882352941174,1.562350108932735e-12,2.753815919009034e-11,0.059907834101382486
1425,"Deposit, hemosiderin",0,217,17,0.0,1.0,1.0,0.0
1425,"Inclusion body, intracytoplasmic",0,217,11,0.0,1.0,1.0,0.0
1425,"Degeneration, acidophilic, eosinophilic",1,216,9,1.61059670781893,0.4878703059424846,1.0,0.004608294930875576
1425,Hemorrhage,0,217,10,0.0,1.0,1.0,0.0
1425,Phagocytosis,0,217,10,0.0,1.0,1.0,0.0
1425,"Lesion,NOS",0,217,10,0.0,1.0,1.0,0.0
1425,"Deposit, glycogen",0,217,9,0.0,1.0,1.0,0.0
1425,Granuloma,8,209,0,inf,2.697722401206826e-10,4.0111316803926275e-09,0.03686635944700461
1425,"Vacuolization, nuclear",0,217,5,0.0,1.0,1.0,0.0
1435,Hypertrophy,20,31,485,3.752577319587629,1.9684107392801625e-05,0.0001875278234374365,0.39215686274509803
1435,Cellular infiltration,11,40,193,4.435621761658031,0.0001760553992698283,0.001491824638605963,0.21568627450980393
1435,"Degeneration, granular, eosinophilic",0,51,202,0.0,1.0,1.0,0.0
1435,Ground glass appearance,0,51,174,0.0,1.0,1.0,0.0
1435,Necrosis,1,50,159,0.39584905660377356,0.9187141170781393,1.0,0.0196078431372549
1435,"Proliferation, bile duct",30,21,125,36.354285714285716,2.5314825288908266e-28,1.1434985719856663e-26,0.5882352941176471
1435,"Vacuolization, cytoplasmic",2,49,133,0.9737609329446064,0.6153759353830968,1.0,0.0392156862745098
1435,"Change, eosinophilic",1,50,128,0.4965625,0.8665153022833173,1.0,0.0196078431372549
1435,Increased mitosis,0,51,126,0.0,1.0,1.0,0.0
1435,Single cell necrosis,0,51,111,0.0,1.0,1.0,0.0
1435,Swelling,30,21,75,61.542857142857144,5.94572128347698e-34,3.5495059722465587e-32,0.5882352941176471
1435,"Change, acidophilic",0,51,87,0.0,1.0,1.0,0.0
1435,"Degeneration, fatty",0,51,80,0.0,1.0,1.0,0.0
1435,Fibrosis,0,51,63,0.0,1.0,1.0,0.0
1435,"Proliferation, oval cell",30,21,31,150.92165898617512,1.1070817613170908e-42,1.069278969467239e-40,0.5882352941176471
1435,"Hematopoiesis, extramedullary",0,51,54,0.0,1.0,1.0,0.0
1435,"Cellular infiltration, mononuclear cell",0,51,53,0.0,1.0,1.0,0.0
1435,Anisonucleosis,0,51,47,0.0,1.0,1.0,0.0
1435,"Alteration, nuclear",0,51,46,0.0,1.0,1.0,0.0
1435,"Deposit, pigment",0,51,38,0.0,1.0,1.0,0.0
1435,"Degeneration, hydropic",0,51,35,0.0,1.0,1.0,0.0
1435,"Alteration, cytoplasmic",0,51,35,0.0,1.0,1.0,0.0
1435,Pyknosis,0,51,33,0.0,1.0,1.0,0.0
1435,"Proliferation, Kupffer cell",0,51,29,0.0,1.0,1.0,0.0
1435,Cellular foci,6,45,19,23.066666666666666,1.2934303700611497e-06,1.3893266542790649e-05,0.11764705882352941
1435,Microgranuloma,1,50,19,3.46,0.26438684677371577,1.0,0.0196078431372549
1435,Edema,0,51,18,0.0,1.0,1.0,0.0
1435,"Deposit, hemosiderin",0,51,17,0.0,1.0,1.0,0.0
1435,"Inclusion body, intracytoplasmic",0,51,11,0.0,1.0,1.0,0.0
1435,"Degeneration, acidophilic, eosinophilic",0,51,10,0.0,1.0,1.0,0.0
1435,Hemorrhage,0,51,10,0.0,1.0,1.0,0.0
1435,Phagocytosis,0,51,10,0.0,1.0,1.0,0.0
1435,"Lesion,NOS",0,51,10,0.0,1.0,1.0,0.0
1435,"Deposit, glycogen",0,51,9,0.0,1.0,1.0,0.0
1435,Granuloma,0,51,8,0.0,1.0,1.0,0.0
1435,"Vacuolization, nuclear",0,51,5,0.0,1.0,1.0,0.0
1447,Hypertrophy,1,4,504,1.4126984126984128,0.5576545106333224,1.0,0.2
1447,Cellular infiltration,0,5,204,0.0,1.0,1.0,0.0
1447,"Degeneration, granular, eosinophilic",0,5,202,0.0,1.0,1.0,0.0
1447,Ground glass appearance,0,5,174,0.0,1.0,1.0,0.0
1447,Necrosis,0,5,160,0.0,1.0,1.0,0.0
1447,"Proliferation, bile duct",3,2,152,31.57894736842105,0.0009017251342916849,0.00699705721449067,0.6
1447,"Vacuolization, cytoplasmic",0,5,135,0.0,1.0,1.0,0.0
1447,"Change, eosinophilic",0,5,129,0.0,1.0,1.0,0.0
1447,Increased mitosis,1,4,125,6.454,0.1741948495113488,0.8896604568279747,0.2
1447,Single cell necrosis,4,1,107,121.30841121495327,5.5242814498852025e-06,5.557024862373938e-05,0.8
1447,Swelling,0,5,105,0.0,1.0,1.0,0.0
1447,"Change, acidophilic",1,4,86,9.494186046511627,0.12310497455065976,0.658185012449072,0.2
1447,"Degeneration, fatty",0,5,80,0.0,1.0,1.0,0.0
1447,Fibrosis,0,5,63,0.0,1.0,1.0,0.0
1447,"Proliferation, oval cell",0,5,61,0.0,1.0,1.0,0.0
1447,"Hematopoiesis, extramedullary",0,5,54,0.0,1.0,1.0,0.0
1447,"Cellular infiltration, mononuclear cell",1,4,52,15.865384615384615,0.07653016070344928,0.4319136860603219,0.2
1447,Anisonucleosis,1,4,46,17.967391304347824,0.06810951729019789,0.3897596654178954,0.2
1447,"Alteration, nuclear",0,5,46,0.0,1.0,1.0,0.0
1447,"Deposit, pigment",1,4,37,22.39864864864865,0.05536348201180879,0.32320303012299184,0.2
1447,"Degeneration, hydropic",0,5,35,0.0,1.0,1.0,0.0
1447,"Alteration, cytoplasmic",0,5,35,0.0,1.0,1.0,0.0
1447,Pyknosis,1,4,32,25.9375,0.048222323956603565,0.28459076433405384,0.2
1447,"Proliferation, Kupffer cell",0,5,29,0.0,1.0,1.0,0.0
1447,Cellular foci,0,5,25,0.0,1.0,1.0,0.0
1447,Microgranuloma,0,5,20,0.0,1.0,1.0,0.0
1447,Edema,0,5,18,0.0,1.0,1.0,0.0
1447,"Deposit, hemosiderin",0,5,17,0.0,1.0,1.0,0.0
1447,"Inclusion body, intracytoplasmic",0,5,11,0.0,1.0,1.0,0.0
1447,"Degeneration, acidophilic, eosinophilic",0,5,10,0.0,1.0,1.0,0.0
1447,Hemorrhage,0,5,10,0.0,1.0,1.0,0.0
1447,Phagocytosis,0,5,10,0.0,1.0,1.0,0.0
1447,"Lesion,NOS",3,2,7,716.7857142857143,1.8989167441753322e-07,2.185962298527417e-06,0.6
1447,"Deposit, glycogen",0,5,9,0.0,1.0,1.0,0.0
1447,Granuloma,0,5,8,0.0,1.0,1.0,0.0
1447,"Vacuolization, nuclear",0,5,5,0.0,1.0,1.0,0.0
1455,Hypertrophy,2,18,503,0.6260216478904351,0.8266014462179758,1.0,0.1
1455,Cellular infiltration,1,19,203,0.8125486129115893,0.7156482841731758,1.0,0.05
1455,"Degeneration, granular, eosinophilic",12,8,190,24.844736842105263,1.3485534450927193e-10,2.0672019261550327e-09,0.6
1455,Ground glass appearance,0,20,174,0.0,1.0,1.0,0.0
1455,Necrosis,3,17,157,3.574372424128887,0.0667879100977901,0.38274981763711835,0.15
1455,"Proliferation, bile duct",0,20,155,0.0,1.0,1.0,0.0
1455,"Vacuolization, cytoplasmic",0,20,135,0.0,1.0,1.0,0.0
1455,"Change, eosinophilic",0,20,129,0.0,1.0,1.0,0.0
1455,Increased mitosis,12,8,114,42.4078947368421,4.529132436754618e-13,8.367977192635281e-12,0.6
1455,Single cell necrosis,1,19,110,1.544019138755981,0.49055229009672235,1.0,0.05
1455,Swelling,0,20,105,0.0,1.0,1.0,0.0
1455,"Change, acidophilic",0,20,87,0.0,1.0,1.0,0.0
1455,"Degeneration, fatty",0,20,80,0.0,1.0,1.0,0.0
1455,Fibrosis,0,20,63,0.0,1.0,1.0,0.0
1455,"Proliferation, oval cell",0,20,61,0.0,1.0,1.0,0.0
1455,"Hematopoiesis, extramedullary",0,20,54,0.0,1.0,1.0,0.0
1455,"Cellular infiltration, mononuclear cell",0,20,53,0.0,1.0,1.0,0.0
1455,Anisonucleosis,0,20,47,0.0,1.0,1.0,0.0
1455,"Alteration, nuclear",0,20,46,0.0,1.0,1.0,0.0
1455,"Deposit, pigment",0,20,38,0.0,1.0,1.0,0.0
1455,"Degeneration, hydropic",0,20,35,0.0,1.0,1.0,0.0
1455,"Alteration, cytoplasmic",0,20,35,0.0,1.0,1.0,0.0
1455,Pyknosis,0,20,33,0.0,1.0,1.0,0.0
1455,"Proliferation, Kupffer cell",1,19,28,6.219924812030075,0.15971908502369675,0.8253426403138397,0.05
1455,Cellular foci,0,20,25,0.0,1.0,1.0,0.0
1455,Microgranuloma,0,20,20,0.0,1.0,1.0,0.0
1455,Edema,0,20,18,0.0,1.0,1.0,0.0
1455,"Deposit, hemosiderin",0,20,17,0.0,1.0,1.0,0.0
1455,"Inclusion body, intracytoplasmic",0,20,11,0.0,1.0,1.0,0.0
1455,"Degeneration, acidophilic, eosinophilic",0,20,10,0.0,1.0,1.0,0.0
1455,Hemorrhage,0,20,10,0.0,1.0,1.0,0.0
1455,Phagocytosis,0,20,10,0.0,1.0,1.0,0.0
1455,"Lesion,NOS",0,20,10,0.0,1.0,1.0,0.0
1455,"Deposit, glycogen",0,20,9,0.0,1.0,1.0,0.0
1455,Granuloma,2,18,6,61.68518518518518,0.0009243506301036681,0.007163265156967761,0.1
1455,"Vacuolization, nuclear",0,20,5,0.0,1.0,1.0,0.0
1459,Hypertrophy,19,34,486,3.2402565964657466,0.0001342376042712971,0.0011581283505758967,0.3584905660377358
1459,Cellular infiltration,3,50,201,0.9262686567164179,0.6343066656768672,1.0,0.05660377358490566
1459,"Degeneration, granular, eosinophilic",42,11,160,75.02727272727273,3.198536934748052e-43,3.1665515654005715e-41,0.7924528301886793
1459,Ground glass appearance,0,53,174,0.0,1.0,1.0,0.0
1459,Necrosis,7,46,153,3.133986928104575,0.011867834606955514,0.07811073414439419,0.1320754716981132
1459,"Proliferation, bile duct",0,53,155,0.0,1.0,1.0,0.0
1459,"Vacuolization, cytoplasmic",0,53,135,0.0,1.0,1.0,0.0
1459,"Change, eosinophilic",0,53,129,0.0,1.0,1.0,0.0
1459,Increased mitosis,22,31,104,21.83622828784119,1.1950670523079846e-18,3.183272776102883e-17,0.41509433962264153
1459,Single cell necrosis,1,52,110,0.5583916083916084,0.8340838565702056,1.0,0.018867924528301886
1459,Swelling,0,53,105,0.0,1.0,1.0,0.0
1459,"Change, acidophilic",0,53,87,0.0,1.0,1.0,0.0
1459,"Degeneration, fatty",0,53,80,0.0,1.0,1.0,0.0
1459,Fibrosis,0,53,63,0.0,1.0,1.0,0.0
1459,"Proliferation, oval cell",0,53,61,0.0,1.0,1.0,0.0
1459,"Hematopoiesis, extramedullary",0,53,54,0.0,1.0,1.0,0.0
1459,"Cellular infiltration, mononuclear cell",0,53,53,0.0,1.0,1.0,0.0
1459,Anisonucleosis,0,53,47,0.0,1.0,1.0,0.0
1459,"Alteration, nuclear",0,53,46,0.0,1.0,1.0,0.0
1459,"Deposit, pigment",0,53,38,0.0,1.0,1.0,0.0
1459,"Degeneration, hydropic",0,53,35,0.0,1.0,1.0,0.0
1459,"Alteration, cytoplasmic",0,53,35,0.0,1.0,1.0,0.0
1459,Pyknosis,0,53,33,0.0,1.0,1.0,0.0
1459,"Proliferation, Kupffer cell",1,52,28,2.25,0.3708925354023436,1.0,0.018867924528301886
1459,Cellular foci,0,53,25,0.0,1.0,1.0,0.0
1459,Microgranuloma,0,53,20,0.0,1.0,1.0,0.0
1459,Edema,0,53,18,0.0,1.0,1.0,0.0
1459,"Deposit, hemosiderin",0,53,17,0.0,1.0,1.0,0.0
1459,"Inclusion body, intracytoplasmic",0,53,11,0.0,1.0,1.0,0.0
1459,"Degeneration, acidophilic, eosinophilic",0,53,10,0.0,1.0,1.0,0.0
1459,Hemorrhage,0,53,10,0.0,1.0,1.0,0.0
1459,Phagocytosis,0,53,10,0.0,1.0,1.0,0.0
1459,"Lesion,NOS",0,53,10,0.0,1.0,1.0,0.0
1459,"Deposit, glycogen",0,53,9,0.0,1.0,1.0,0.0
1459,Granuloma,3,50,5,39.588,0.0001968710195906803,0.0016552213112082676,0.05660377358490566
1459,"Vacuolization, nuclear",0,53,5,0.0,1.0,1.0,0.0
1460,Hypertrophy,18,7,487,15.022000586682312,2.0365043328038515e-10,3.0741641008525735e-09,0.72
1460,Cellular infiltration,0,25,204,0.0,1.0,1.0,0.0
1460,"Degeneration, granular, eosinophilic",24,1,178,425.2584269662921,3.1523230002860734e-29,1.4920158264302212e-27,0.96
1460,Ground glass appearance,0,25,174,0.0,1.0,1.0,0.0
1460,Necrosis,7,18,153,8.080246913580247,0.00011385491651906314,0.0009916395954886145,0.28
1460,"Proliferation, bile duct",0,25,155,0.0,1.0,1.0,0.0
1460,"Vacuolization, cytoplasmic",0,25,135,0.0,1.0,1.0,0.0
1460,"Change, eosinophilic",0,25,129,0.0,1.0,1.0,0.0
1460,Increased mitosis,1,24,125,1.069,0.6170700361094498,1.0,0.04
1460,Single cell necrosis,1,24,110,1.2204545454545455,0.5698741191225809,1.0,0.04
1460,Swelling,0,25,105,0.0,1.0,1.0,0.0
1460,"Change, acidophilic",0,25,87,0.0,1.0,1.0,0.0
1460,"Degeneration, fatty",0,25,80,0.0,1.0,1.0,0.0
1460,Fibrosis,0,25,63,0.0,1.0,1.0,0.0
1460,"Proliferation, oval cell",0,25,61,0.0,1.0,1.0,0.0
1460,"Hematopoiesis, extramedullary",0,25,54,0.0,1.0,1.0,0.0
1460,"Cellular infiltration, mononuclear cell",0,25,53,0.0,1.0,1.0,0.0
1460,Anisonucleosis,0,25,47,0.0,1.0,1.0,0.0
1460,"Alteration, nuclear",0,25,46,0.0,1.0,1.0,0.0
1460,"Deposit, pigment",0,25,38,0.0,1.0,1.0,0.0
1460,"Degeneration, hydropic",0,25,35,0.0,1.0,1.0,0.0
1460,"Alteration, cytoplasmic",0,25,35,0.0,1.0,1.0,0.0
1460,Pyknosis,0,25,33,0.0,1.0,1.0,0.0
1460,"Proliferation, Kupffer cell",0,25,29,0.0,1.0,1.0,0.0
1460,Cellular foci,0,25,25,0.0,1.0,1.0,0.0
1460,Microgranuloma,0,25,20,0.0,1.0,1.0,0.0
1460,Edema,0,25,18,0.0,1.0,1.0,0.0
1460,"Deposit, hemosiderin",0,25,17,0.0,1.0,1.0,0.0
1460,"Inclusion body, intracytoplasmic",0,25,11,0.0,1.0,1.0,0.0
1460,"Degeneration, acidophilic, eosinophilic",0,25,10,0.0,1.0,1.0,0.0
1460,Hemorrhage,0,25,10,0.0,1.0,1.0,0.0
1460,Phagocytosis,0,25,10,0.0,1.0,1.0,0.0
1460,"Lesion,NOS",0,25,10,0.0,1.0,1.0,0.0
1460,"Deposit, glycogen",0,25,9,0.0,1.0,1.0,0.0
1460,Granuloma,0,25,8,0.0,1.0,1.0,0.0
1460,"Vacuolization, nuclear",0,25,5,0.0,1.0,1.0,0.0
1469,Hypertrophy,0,31,505,0.0,1.0,1.0,0.0
1469,Cellular infiltration,27,4,177,120.08898305084746,6.751091204934766e-30,3.3417901464427094e-28,0.8709677419354839
1469,"Degeneration, granular, eosinophilic",0,31,202,0.0,1.0,1.0,0.0
1469,Ground glass appearance,0,31,174,0.0,1.0,1.0,0.0
1469,Necrosis,4,27,156,3.010446343779677,0.05739887698868772,0.3341002737019158,0.12903225806451613
1469,"Proliferation, bile duct",9,22,146,8.910336239103362,6.3670031292423234e-06,6.393913539763212e-05,0.2903225806451613
1469,"Vacuolization, cytoplasmic",0,31,135,0.0,1.0,1.0,0.0
1469,"Change, eosinophilic",0,31,129,0.0,1.0,1.0,0.0
1469,Increased mitosis,0,31,126,0.0,1.0,1.0,0.0
1469,Single cell necrosis,0,31,111,0.0,1.0,1.0,0.0
1469,Swelling,0,31,105,0.0,1.0,1.0,0.0
1469,"Change, acidophilic",6,25,81,9.614814814814816,0.00011145930154860589,0.0009736297811745867,0.1935483870967742
1469,"Degeneration, fatty",20,11,60,98.96969696969697,1.9287630107688132e-26,7.874125281076804e-25,0.6451612903225806
1469,Fibrosis,16,15,47,74.41702127659575,7.513227268309597e-21,2.198451722845271e-19,0.5161290322580645
1469,"Proliferation, oval cell",0,31,61,0.0,1.0,1.0,0.0
1469,"Hematopoiesis, extramedullary",0,31,54,0.0,1.0,1.0,0.0
1469,"Cellular infiltration, mononuclear cell",0,31,53,0.0,1.0,1.0,0.0
1469,Anisonucleosis,0,31,47,0.0,1.0,1.0,0.0
1469,"Alteration, nuclear",0,31,46,0.0,1.0,1.0,0.0
1469,"Deposit, pigment",0,31,38,0.0,1.0,1.0,0.0
1469,"Degeneration, hydropic",10,21,25,62.87619047619047,1.427381043098684e-13,2.7088317559125187e-12,0.3225806451612903
1469,"Alteration, cytoplasmic",0,31,35,0.0,1.0,1.0,0.0
1469,Pyknosis,0,31,33,0.0,1.0,1.0,0.0
1469,"Proliferation, Kupffer cell",0,31,29,0.0,1.0,1.0,0.0
1469,Cellular foci,0,31,25,0.0,1.0,1.0,0.0
1469,Microgranuloma,0,31,20,0.0,1.0,1.0,0.0
1469,Edema,0,31,18,0.0,1.0,1.0,0.0
1469,"Deposit, hemosiderin",0,31,17,0.0,1.0,1.0,0.0
1469,"Inclusion body, intracytoplasmic",0,31,11,0.0,1.0,1.0,0.0
1469,"Degeneration, acidophilic, eosinophilic",0,31,10,0.0,1.0,1.0,0.0
1469,Hemorrhage,0,31,10,0.0,1.0,1.0,0.0
1469,Phagocytosis,0,31,10,0.0,1.0,1.0,0.0
1469,"Lesion,NOS",0,31,10,0.0,1.0,1.0,0.0
1469,"Deposit, glycogen",0,31,9,0.0,1.0,1.0,0.0
1469,Granuloma,0,31,8,0.0,1.0,1.0,0.0
1469,"Vacuolization, nuclear",0,31,5,0.0,1.0,1.0,0.0
1470,Hypertrophy,0,32,505,0.0,1.0,1.0,0.0
1470,Cellular infiltration,22,10,182,37.99230769230769,2.1750738434987798e-20,6.196613251982136e-19,0.6875
1470,"Degeneration, granular, eosinophilic",5,27,197,2.9404023312652754,0.040043627444511926,0.24135885035048285,0.15625
1470,Ground glass appearance,0,32,174,0.0,1.0,1.0,0.0
1470,Necrosis,11,21,149,11.165228507510387,1.1092407631002689e-07,1.3151477311009176e-06,0.34375
1470,"Proliferation, bile duct",14,18,141,17.563435776201732,2.5681245411971918e-11,4.156583044880469e-10,0.4375
1470,"Vacuolization, cytoplasmic",0,32,135,0.0,1.0,1.0,0.0
1470,"Change, eosinophilic",1,31,128,0.805695564516129,0.7163066721944829,1.0,0.03125
1470,Increased mitosis,0,32,126,0.0,1.0,1.0,0.0
1470,Single cell necrosis,0,32,111,0.0,1.0,1.0,0.0
1470,Swelling,5,27,100,5.972222222222222,0.0027945983834897514,0.02012110836112621,0.15625
1470,"Change, acidophilic",9,23,78,16.289297658862875,5.984674341123563e-08,7.284624095547944e-07,0.28125
1470,"Degeneration, fatty",3,29,77,4.363636363636363,0.03936593415032479,0.23811980534921515,0.09375
1470,Fibrosis,13,19,50,44.81578947368421,2.582914777139956e-15,5.703536719781167e-14,0.40625
1470,"Proliferation, oval cell",0,32,61,0.0,1.0,1.0,0.0
1470,"Hematopoiesis, extramedullary",0,32,54,0.0,1.0,1.0,0.0
1470,"Cellular infiltration, mononuclear cell",0,32,53,0.0,1.0,1.0,0.0
1470,Anisonucleosis,0,32,47,0.0,1.0,1.0,0.0
1470,"Alteration, nuclear",0,32,46,0.0,1.0,1.0,0.0
1470,"Deposit, pigment",0,32,38,0.0,1.0,1.0,0.0
1470,"Degeneration, hydropic",2,30,33,6.650505050505051,0.04308355775551517,0.25772037569764367,0.0625
1470,"Alteration, cytoplasmic",1,31,34,3.1223908918406074,0.2860548602524144,1.0,0.03125
1470,Pyknosis,0,32,33,0.0,1.0,1.0,0.0
1470,"Proliferation, Kupffer cell",0,32,29,0.0,1.0,1.0,0.0
1470,Cellular foci,0,32,25,0.0,1.0,1.0,0.0
1470,Microgranuloma,0,32,20,0.0,1.0,1.0,0.0
1470,Edema,0,32,18,0.0,1.0,1.0,0.0
1470,"Deposit, hemosiderin",0,32,17,0.0,1.0,1.0,0.0
1470,"Inclusion body, intracytoplasmic",0,32,11,0.0,1.0,1.0,0.0
1470,"Degeneration, acidophilic, eosinophilic",3,29,7,49.03448275862069,9.027797671469994e-05,0.0007985870166572117,0.09375
1470,Hemorrhage,0,32,10,0.0,1.0,1.0,0.0
1470,Phagocytosis,0,32,10,0.0,1.0,1.0,0.0
1470,"Lesion,NOS",0,32,10,0.0,1.0,1.0,0.0
1470,"Deposit, glycogen",0,32,9,0.0,1.0,1.0,0.0
1470,Granuloma,0,32,8,0.0,1.0,1.0,0.0
1470,"Vacuolization, nuclear",0,32,5,0.0,1.0,1.0,0.0
1476,Hypertrophy,6,43,499,0.7854779326094049,0.7680863799799607,1.0,0.12244897959183673
1476,Cellular infiltration,1,48,203,0.3186576354679803,0.9547189560128805,1.0,0.02040816326530612
1476,"Degeneration, granular, eosinophilic",15,34,187,7.363164517143756,7.488892415121672e-08,9.032288516918321e-07,0.30612244897959184
1476,Ground glass appearance,0,49,174,0.0,1.0,1.0,0.0
1476,Necrosis,7,42,153,3.4368191721132897,0.007755819823033412,0.052381546047548,0.14285714285714285
1476,"Proliferation, bile duct",1,48,154,0.42667748917748916,0.9030403053907107,1.0,0.02040816326530612
1476,"Vacuolization, cytoplasmic",7,42,128,4.140625,0.0030400279116825067,0.021795734212907772,0.14285714285714285
1476,"Change, eosinophilic",8,41,121,5.139286434186656,0.0004567475547229056,0.003661377159317219,0.16326530612244897
1476,Increased mitosis,3,46,123,1.6887592788971368,0.27860554467443077,1.0,0.061224489795918366
1476,Single cell necrosis,1,48,110,0.6056818181818182,0.8098013316222518,1.0,0.02040816326530612
1476,Swelling,1,48,104,0.6418269230769231,0.7916470078367059,1.0,0.02040816326530612
1476,"Change, acidophilic",0,49,87,0.0,1.0,1.0,0.0
1476,"Degeneration, fatty",0,49,80,0.0,1.0,1.0,0.0
1476,Fibrosis,0,49,63,0.0,1.0,1.0,0.0
1476,"Proliferation, oval cell",0,49,61,0.0,1.0,1.0,0.0
1476,"Hematopoiesis, extramedullary",0,49,54,0.0,1.0,1.0,0.0
1476,"Cellular infiltration, mononuclear cell",0,49,53,0.0,1.0,1.0,0.0
1476,Anisonucleosis,0,49,47,0.0,1.0,1.0,0.0
1476,"Alteration, nuclear",0,49,46,0.0,1.0,1.0,0.0
1476,"Deposit, pigment",0,49,38,0.0,1.0,1.0,0.0
1476,"Degeneration, hydropic",0,49,35,0.0,1.0,1.0,0.0
1476,"Alteration, cytoplasmic",0,49,35,0.0,1.0,1.0,0.0
1476,Pyknosis,0,49,33,0.0,1.0,1.0,0.0
1476,"Proliferation, Kupffer cell",3,46,26,8.232441471571907,0.008180555283297286,0.054999998169536934,0.061224489795918366
1476,Cellular foci,0,49,25,0.0,1.0,1.0,0.0
1476,Microgranuloma,0,49,20,0.0,1.0,1.0,0.0
1476,Edema,0,49,18,0.0,1.0,1.0,0.0
1476,"Deposit, hemosiderin",0,49,17,0.0,1.0,1.0,0.0
1476,"Inclusion body, intracytoplasmic",0,49,11,0.0,1.0,1.0,0.0
1476,"Degeneration, acidophilic, eosinophilic",0,49,10,0.0,1.0,1.0,0.0
1476,Hemorrhage,0,49,10,0.0,1.0,1.0,0.0
1476,Phagocytosis,0,49,10,0.0,1.0,1.0,0.0
1476,"Lesion,NOS",0,49,10,0.0,1.0,1.0,0.0
1476,"Deposit, glycogen",0,49,9,0.0,1.0,1.0,0.0
1476,Granuloma,1,48,7,9.824404761904763,0.11108642202802625,0.5998666789513418,0.02040816326530612
1476,"Vacuolization, nuclear",0,49,5,0.0,1.0,1.0,0.0
1479,Hypertrophy,1,62,504,0.08928571428571429,0.9999688015168513,1.0,0.015873015873015872
1479,Cellular infiltration,53,10,151,110.31721854304635,2.497237631457302e-57,4.120442091904548e-55,0.8412698412698413
1479,"Degeneration, granular, eosinophilic",0,63,202,0.0,1.0,1.0,0.0
1479,Ground glass appearance,0,63,174,0.0,1.0,1.0,0.0
1479,Necrosis,1,62,159,0.3180158247108947,0.955224179039322,1.0,0.015873015873015872
1479,"Proliferation, bile duct",1,62,154,0.3288646837033934,0.9505437863283221,1.0,0.015873015873015872
1479,"Vacuolization, cytoplasmic",1,62,134,0.3803562831006259,0.9265059970410916,1.0,0.015873015873015872
1479,"Change, eosinophilic",1,62,128,0.3989415322580645,0.9172722925196688,1.0,0.015873015873015872
1479,Increased mitosis,0,63,126,0.0,1.0,1.0,0.0
1479,Single cell necrosis,1,62,110,0.46686217008797654,0.8821657846921144,1.0,0.015873015873015872
1479,Swelling,0,63,105,0.0,1.0,1.0,0.0
1479,"Change, acidophilic",0,63,87,0.0,1.0,1.0,0.0
1479,"Degeneration, fatty",59,4,21,2298.8928571428573,1.2647055907673614e-103,3.0049404836632505e-100,0.9365079365079365
1479,Fibrosis,22,41,41,42.573468173706125,5.5221980038422626e-24,1.9182372013346807e-22,0.3492063492063492
1479,"Proliferation, oval cell",0,63,61,0.0,1.0,1.0,0.0
1479,"Hematopoiesis, extramedullary",0,63,54,0.0,1.0,1.0,0.0
1479,"Cellular infiltration, mononuclear cell",0,63,53,0.0,1.0,1.0,0.0
1479,Anisonucleosis,0,63,47,0.0,1.0,1.0,0.0
1479,"Alteration, nuclear",0,63,46,0.0,1.0,1.0,0.0
1479,"Deposit, pigment",0,63,38,0.0,1.0,1.0,0.0
1479,"Degeneration, hydropic",35,28,0,inf,3.0341654195319747e-66,1.0012745884455516e-63,0.5555555555555556
1479,"Alteration, cytoplasmic",0,63,35,0.0,1.0,1.0,0.0
1479,Pyknosis,0,63,33,0.0,1.0,1.0,0.0
1479,"Proliferation, Kupffer cell",1,62,28,1.881336405529954,0.4240496895998894,1.0,0.015873015873015872
1479,Cellular foci,0,63,25,0.0,1.0,1.0,0.0
1479,Microgranuloma,0,63,20,0.0,1.0,1.0,0.0
1479,Edema,0,63,18,0.0,1.0,1.0,0.0
1479,"Deposit, hemosiderin",0,63,17,0.0,1.0,1.0,0.0
1479,"Inclusion body, intracytoplasmic",0,63,11,0.0,1.0,1.0,0.0
1479,"Degeneration, acidophilic, eosinophilic",0,63,10,0.0,1.0,1.0,0.0
1479,Hemorrhage,0,63,10,0.0,1.0,1.0,0.0
1479,Phagocytosis,0,63,10,0.0,1.0,1.0,0.0
1479,"Lesion,NOS",0,63,10,0.0,1.0,1.0,0.0
1479,"Deposit, glycogen",0,63,9,0.0,1.0,1.0,0.0
1479,Granuloma,0,63,8,0.0,1.0,1.0,0.0
1479,"Vacuolization, nuclear",0,63,5,0.0,1.0,1.0,0.0
1480,Hypertrophy,1,30,504,0.18664021164021163,0.9937709630956283,1.0,0.03225806451612903
1480,Cellular infiltration,2,29,202,1.0665756230795493,0.5707040782792654,1.0,0.06451612903225806
1480,"Degeneration, granular, eosinophilic",9,22,193,6.6408384361752235,5.469803849445949e-05,0.0004956618591259944,0.2903225806451613
1480,Ground glass appearance,1,30,173,0.607514450867052,0.8093946413521116,1.0,0.03225806451612903
1480,Necrosis,1,30,159,0.6639412997903564,0.7814752402300195,1.0,0.03225806451612903
1480,"Proliferation, bile duct",0,31,155,0.0,1.0,1.0,0.0
1480,"Vacuolization, cytoplasmic",0,31,135,0.0,1.0,1.0,0.0
1480,"Change, eosinophilic",0,31,129,0.0,1.0,1.0,0.0
1480,Increased mitosis,14,17,112,23.63235294117647,8.258498851526141e-13,1.4933176005499325e-11,0.45161290322580644
1480,Single cell necrosis,0,31,111,0.0,1.0,1.0,0.0
1480,Swelling,0,31,105,0.0,1.0,1.0,0.0
1480,"Change, acidophilic",0,31,87,0.0,1.0,1.0,0.0
1480,"Degeneration, fatty",0,31,80,0.0,1.0,1.0,0.0
1480,Fibrosis,0,31,63,0.0,1.0,1.0,0.0
1480,"Proliferation, oval cell",0,31,61,0.0,1.0,1.0,0.0
1480,"Hematopoiesis, extramedullary",0,31,54,0.0,1.0,1.0,0.0
1480,"Cellular infiltration, mononuclear cell",0,31,53,0.0,1.0,1.0,0.0
1480,Anisonucleosis,0,31,47,0.0,1.0,1.0,0.0
1480,"Alteration, nuclear",0,31,46,0.0,1.0,1.0,0.0
1480,"Deposit, pigment",0,31,38,0.0,1.0,1.0,0.0
1480,"Degeneration, hydropic",0,31,35,0.0,1.0,1.0,0.0
1480,"Alteration, cytoplasmic",0,31,35,0.0,1.0,1.0,0.0
1480,Pyknosis,0,31,33,0.0,1.0,1.0,0.0
1480,"Proliferation, Kupffer cell",2,29,27,8.426564495530013,0.02870272536760155,0.1780618158574968,0.06451612903225806
1480,Cellular foci,0,31,25,0.0,1.0,1.0,0.0
1480,Microgranuloma,0,31,20,0.0,1.0,1.0,0.0
1480,Edema,0,31,18,0.0,1.0,1.0,0.0
1480,"Deposit, hemosiderin",0,31,17,0.0,1.0,1.0,0.0
1480,"Inclusion body, intracytoplasmic",0,31,11,0.0,1.0,1.0,0.0
1480,"Degeneration, acidophilic, eosinophilic",0,31,10,0.0,1.0,1.0,0.0
1480,Hemorrhage,0,31,10,0.0,1.0,1.0,0.0
1480,Phagocytosis,0,31,10,0.0,1.0,1.0,0.0
1480,"Lesion,NOS",0,31,10,0.0,1.0,1.0,0.0
1480,"Deposit, glycogen",0,31,9,0.0,1.0,1.0,0.0
1480,Granuloma,2,29,6,38.160919540229884,0.002232684831627795,0.016383135144989625,0.06451612903225806
1480,"Vacuolization, nuclear",0,31,5,0.0,1.0,1.0,0.0
1481,Hypertrophy,42,6,463,43.0280777537797,3.199044049863322e-29,1.5081207663641375e-27,0.875
1481,Cellular infiltration,16,32,188,8.300531914893616,7.73061651233876e-09,1.0159261522852265e-07,0.3333333333333333
1481,"Degeneration, granular, eosinophilic",37,11,165,64.09256198347107,3.2669710996705087e-37,2.425726041505353e-35,0.7708333333333334
1481,Ground glass appearance,1,47,173,0.3856844176608043,0.9237150550273887,1.0,0.020833333333333332
1481,Necrosis,2,46,158,0.8670886075949367,0.6757161160496069,1.0,0.041666666666666664
1481,"Proliferation, bile duct",6,42,149,3.0297219558964525,0.02166204612437708,0.13623351400614064,0.125
1481,"Vacuolization, cytoplasmic",1,47,134,0.5041282946967292,0.8625364765878918,1.0,0.020833333333333332
1481,"Change, eosinophilic",7,41,122,4.460015993602559,0.0020762849096477337,0.015311151289022393,0.14583333333333334
1481,Increased mitosis,1,47,125,0.5419574468085107,0.8426874224975098,1.0,0.020833333333333332
1481,Single cell necrosis,18,30,93,20.748387096774195,1.7788394126058068e-15,3.942651533909885e-14,0.375
1481,Swelling,0,48,105,0.0,1.0,1.0,0.0
1481,"Change, acidophilic",0,48,87,0.0,1.0,1.0,0.0
1481,"Degeneration, fatty",0,48,80,0.0,1.0,1.0,0.0
1481,Fibrosis,5,43,58,6.517642341619887,0.0018239734203380157,0.013619612968960167,0.10416666666666667
1481,"Proliferation, oval cell",12,36,49,22.17687074829932,1.770057350751387e-11,2.8924733599623764e-10,0.25
1481,"Hematopoiesis, extramedullary",0,48,54,0.0,1.0,1.0,0.0
1481,"Cellular infiltration, mononuclear cell",0,48,53,0.0,1.0,1.0,0.0
1481,Anisonucleosis,0,48,47,0.0,1.0,1.0,0.0
1481,"Alteration, nuclear",27,21,19,222.6315789473684,6.286939799631388e-42,5.835066001532882e-40,0.5625
1481,"Deposit, pigment",0,48,38,0.0,1.0,1.0,0.0
1481,"Degeneration, hydropic",0,48,35,0.0,1.0,1.0,0.0
1481,"Alteration, cytoplasmic",0,48,35,0.0,1.0,1.0,0.0
1481,Pyknosis,0,48,33,0.0,1.0,1.0,0.0
1481,"Proliferation, Kupffer cell",0,48,29,0.0,1.0,1.0,0.0
1481,Cellular foci,8,40,17,38.72941176470588,8.579218602178136e-10,1.2090286713389829e-08,0.16666666666666666
1481,Microgranuloma,0,48,20,0.0,1.0,1.0,0.0
1481,Edema,1,47,17,4.1201501877346685,0.228866565026119,1.0,0.020833333333333332
1481,"Deposit, hemosiderin",0,48,17,0.0,1.0,1.0,0.0
1481,"Inclusion body, intracytoplasmic",0,48,11,0.0,1.0,1.0,0.0
1481,"Degeneration, acidophilic, eosinophilic",0,48,10,0.0,1.0,1.0,0.0
1481,Hemorrhage,0,48,10,0.0,1.0,1.0,0.0
1481,Phagocytosis,0,48,10,0.0,1.0,1.0,0.0
1481,"Lesion,NOS",0,48,10,0.0,1.0,1.0,0.0
1481,"Deposit, glycogen",0,48,9,0.0,1.0,1.0,0.0
1481,Granuloma,0,48,8,0.0,1.0,1.0,0.0
1481,"Vacuolization, nuclear",0,48,5,0.0,1.0,1.0,0.0
1483,Hypertrophy,1,49,504,0.11350016196954972,0.9997298882030012,1.0,0.02
1483,Cellular infiltration,1,49,203,0.31205388559364633,0.9575113783143836,1.0,0.02
1483,"Degeneration, granular, eosinophilic",20,30,182,11.446886446886447,1.4690592608983927e-12,2.6031442180928025e-11,0.4
1483,Ground glass appearance,0,50,174,0.0,1.0,1.0,0.0
1483,Necrosis,7,43,153,3.355829153366773,0.00866592363639842,0.05803335558084174,0.14
1483,"Proliferation, bile duct",1,49,154,0.4178372647760403,0.9075834591586792,1.0,0.02
1483,"Vacuolization, cytoplasmic",1,49,134,0.4832470301553457,0.8735257251975641,1.0,0.02
1483,"Change, eosinophilic",1,49,128,0.5068558673469388,0.8610969492293677,1.0,0.02
1483,Increased mitosis,13,37,113,9.93111695766563,1.7224327434953894e-08,2.197905584610658e-07,0.26
1483,Single cell necrosis,1,49,110,0.5931354359925789,0.8161834513894616,1.0,0.02
1483,Swelling,1,49,104,0.6285321821036107,0.7982603887850571,1.0,0.02
1483,"Change, acidophilic",0,50,87,0.0,1.0,1.0,0.0
1483,"Degeneration, fatty",0,50,80,0.0,1.0,1.0,0.0
1483,Fibrosis,0,50,63,0.0,1.0,1.0,0.0
1483,"Proliferation, oval cell",0,50,61,0.0,1.0,1.0,0.0
1483,"Hematopoiesis, extramedullary",0,50,54,0.0,1.0,1.0,0.0
1483,"Cellular infiltration, mononuclear cell",0,50,53,0.0,1.0,1.0,0.0
1483,Anisonucleosis,0,50,47,0.0,1.0,1.0,0.0
1483,"Alteration, nuclear",0,50,46,0.0,1.0,1.0,0.0
1483,"Deposit, pigment",0,50,38,0.0,1.0,1.0,0.0
1483,"Degeneration, hydropic",0,50,35,0.0,1.0,1.0,0.0
1483,"Alteration, cytoplasmic",0,50,35,0.0,1.0,1.0,0.0
1483,Pyknosis,0,50,33,0.0,1.0,1.0,0.0
1483,"Proliferation, Kupffer cell",0,50,29,0.0,1.0,1.0,0.0
1483,Cellular foci,0,50,25,0.0,1.0,1.0,0.0
1483,Microgranuloma,0,50,20,0.0,1.0,1.0,0.0
1483,Edema,0,50,18,0.0,1.0,1.0,0.0
1483,"Deposit, hemosiderin",0,50,17,0.0,1.0,1.0,0.0
1483,"Inclusion body, intracytoplasmic",0,50,11,0.0,1.0,1.0,0.0
1483,"Degeneration, acidophilic, eosinophilic",0,50,10,0.0,1.0,1.0,0.0
1483,Hemorrhage,0,50,10,0.0,1.0,1.0,0.0
1483,Phagocytosis,0,50,10,0.0,1.0,1.0,0.0
1483,"Lesion,NOS",0,50,10,0.0,1.0,1.0,0.0
1483,"Deposit, glycogen",0,50,9,0.0,1.0,1.0,0.0
1483,Granuloma,2,48,6,22.92361111111111,0.00574962560571256,0.039597421562820416,0.04
1483,"Vacuolization, nuclear",0,50,5,0.0,1.0,1.0,0.0
1504,Hypertrophy,9,40,496,1.2756048387096774,0.31200029800462054,1.0,0.1836734693877551
1504,Cellular infiltration,14,35,190,6.564210526315789,6.1093657743699e-07,6.789454200141666e-06,0.2857142857142857
1504,"Degeneration, granular, eosinophilic",0,49,202,0.0,1.0,1.0,0.0
1504,Ground glass appearance,0,49,174,0.0,1.0,1.0,0.0
1504,Necrosis,8,41,152,4.051347881899872,0.001894067193271475,0.01409869564916361,0.16326530612244897
1504,"Proliferation, bile duct",28,21,127,33.39632545931759,5.918297469960225e-26,2.328124965004221e-24,0.5714285714285714
1504,"Vacuolization, cytoplasmic",0,49,135,0.0,1.0,1.0,0.0
1504,"Change, eosinophilic",0,49,129,0.0,1.0,1.0,0.0
1504,Increased mitosis,0,49,126,0.0,1.0,1.0,0.0
1504,Single cell necrosis,0,49,111,0.0,1.0,1.0,0.0
1504,Swelling,32,17,73,83.41659951651894,1.8673627680530992e-38,1.498937140842623e-36,0.6530612244897959
1504,"Change, acidophilic",7,42,80,6.725,0.00021864377505613535,0.0018253605394707574,0.14285714285714285
1504,"Degeneration, fatty",0,49,80,0.0,1.0,1.0,0.0
1504,Fibrosis,0,49,63,0.0,1.0,1.0,0.0
1504,"Proliferation, oval cell",26,23,35,105.71180124223602,5.281862659372427e-35,3.485203919485609e-33,0.5306122448979592
1504,"Hematopoiesis, extramedullary",0,49,54,0.0,1.0,1.0,0.0
1504,"Cellular infiltration, mononuclear cell",0,49,53,0.0,1.0,1.0,0.0
1504,Anisonucleosis,0,49,47,0.0,1.0,1.0,0.0
1504,"Alteration, nuclear",0,49,46,0.0,1.0,1.0,0.0
1504,"Deposit, pigment",0,49,38,0.0,1.0,1.0,0.0
1504,"Degeneration, hydropic",0,49,35,0.0,1.0,1.0,0.0
1504,"Alteration, cytoplasmic",0,49,35,0.0,1.0,1.0,0.0
1504,Pyknosis,0,49,33,0.0,1.0,1.0,0.0
1504,"Proliferation, Kupffer cell",0,49,29,0.0,1.0,1.0,0.0
1504,Cellular foci,2,47,23,6.077705827937096,0.050590978505297486,0.2976824292436524,0.04081632653061224
1504,Microgranuloma,0,49,20,0.0,1.0,1.0,0.0
1504,Edema,0,49,18,0.0,1.0,1.0,0.0
1504,"Deposit, hemosiderin",0,49,17,0.0,1.0,1.0,0.0
1504,"Inclusion body, intracytoplasmic",0,49,11,0.0,1.0,1.0,0.0
1504,"Degeneration, acidophilic, eosinophilic",0,49,10,0.0,1.0,1.0,0.0
1504,Hemorrhage,0,49,10,0.0,1.0,1.0,0.0
1504,Phagocytosis,0,49,10,0.0,1.0,1.0,0.0
1504,"Lesion,NOS",0,49,10,0.0,1.0,1.0,0.0
1504,"Deposit, glycogen",0,49,9,0.0,1.0,1.0,0.0
1504,Granuloma,0,49,8,0.0,1.0,1.0,0.0
1504,"Vacuolization, nuclear",0,49,5,0.0,1.0,1.0,0.0
1524,Hypertrophy,2,20,503,0.5630218687872763,0.8652906639845291,1.0,0.09090909090909091
1524,Cellular infiltration,2,20,202,1.550990099009901,0.390197822528038,1.0,0.09090909090909091
1524,"Degeneration, granular, eosinophilic",7,15,195,7.5145299145299145,0.0002021644953993318,0.0016973245267449199,0.3181818181818182
1524,Ground glass appearance,0,22,174,0.0,1.0,1.0,0.0
1524,Necrosis,5,17,155,6.03415559772296,0.003143152885147709,0.022494371250334204,0.22727272727272727
1524,"Proliferation, bile duct",1,21,154,0.9836116264687693,0.6477210289815389,1.0,0.045454545454545456
1524,"Vacuolization, cytoplasmic",0,22,135,0.0,1.0,1.0,0.0
1524,"Change, eosinophilic",2,20,127,2.525984251968504,0.20620946145989955,1.0,0.09090909090909091
1524,Increased mitosis,7,15,119,12.611764705882353,9.4735868018395e-06,9.363245524613415e-05,0.3181818181818182
1524,Single cell necrosis,1,21,110,1.396103896103896,0.5238854565124752,1.0,0.045454545454545456
1524,Swelling,0,22,105,0.0,1.0,1.0,0.0
1524,"Change, acidophilic",0,22,87,0.0,1.0,1.0,0.0
1524,"Degeneration, fatty",0,22,80,0.0,1.0,1.0,0.0
1524,Fibrosis,1,21,62,2.513824884792627,0.34171259918541214,1.0,0.045454545454545456
1524,"Proliferation, oval cell",0,22,61,0.0,1.0,1.0,0.0
1524,"Hematopoiesis, extramedullary",0,22,54,0.0,1.0,1.0,0.0
1524,"Cellular infiltration, mononuclear cell",0,22,53,0.0,1.0,1.0,0.0
1524,Anisonucleosis,0,22,47,0.0,1.0,1.0,0.0
1524,"Alteration, nuclear",0,22,46,0.0,1.0,1.0,0.0
1524,"Deposit, pigment",0,22,38,0.0,1.0,1.0,0.0
1524,"Degeneration, hydropic",0,22,35,0.0,1.0,1.0,0.0
1524,"Alteration, cytoplasmic",5,17,30,32.40196078431372,2.124904547568423e-06,2.2399171273392072e-05,0.22727272727272727
1524,Pyknosis,0,22,33,0.0,1.0,1.0,0.0
1524,"Proliferation, Kupffer cell",1,21,28,5.624149659863946,0.17426261641739876,0.8896604568279747,0.045454545454545456
1524,Cellular foci,0,22,25,0.0,1.0,1.0,0.0
1524,Microgranuloma,0,22,20,0.0,1.0,1.0,0.0
1524,Edema,0,22,18,0.0,1.0,1.0,0.0
1524,"Deposit, hemosiderin",0,22,17,0.0,1.0,1.0,0.0
1524,"Inclusion body, intracytoplasmic",0,22,11,0.0,1.0,1.0,0.0
1524,"Degeneration, acidophilic, eosinophilic",1,21,9,17.597883597883598,0.06371838934726234,0.36657359101475867,0.045454545454545456
1524,Hemorrhage,0,22,10,0.0,1.0,1.0,0.0
1524,Phagocytosis,0,22,10,0.0,1.0,1.0,0.0
1524,"Lesion,NOS",0,22,10,0.0,1.0,1.0,0.0
1524,"Deposit, glycogen",0,22,9,0.0,1.0,1.0,0.0
1524,Granuloma,0,22,8,0.0,1.0,1.0,0.0
1524,"Vacuolization, nuclear",0,22,5,0.0,1.0,1.0,0.0
1526,Hypertrophy,41,72,464,3.411757662835249,1.1605550852057403e-08,1.5035326512807192e-07,0.36283185840707965
1526,Cellular infiltration,5,108,199,0.7084031267448353,0.8277642548015534,1.0,0.04424778761061947
1526,"Degeneration, granular, eosinophilic",2,111,200,0.2742342342342342,0.9932352934378941,1.0,0.017699115044247787
1526,Ground glass appearance,0,113,174,0.0,1.0,1.0,0.0
1526,Necrosis,4,109,156,0.7264173135732769,0.79673662939145,1.0,0.035398230088495575
1526,"Proliferation, bile duct",6,107,149,1.1647745091889858,0.4235280535551203,1.0,0.05309734513274336
1526,"Vacuolization, cytoplasmic",10,103,125,2.4225242718446602,0.014338425321801681,0.09303139968487383,0.08849557522123894
1526,"Change, eosinophilic",17,96,112,4.952008928571429,8.434731546393626e-07,9.269621717960802e-06,0.1504424778761062
1526,Increased mitosis,2,111,124,0.45335658238884047,0.9315517247601537,1.0,0.017699115044247787
1526,Single cell necrosis,3,110,108,0.7919191919191919,0.7304210533803512,1.0,0.02654867256637168
1526,Swelling,0,113,105,0.0,1.0,1.0,0.0
1526,"Change, acidophilic",0,113,87,0.0,1.0,1.0,0.0
1526,"Degeneration, fatty",0,113,80,0.0,1.0,1.0,0.0
1526,Fibrosis,0,113,63,0.0,1.0,1.0,0.0
1526,"Proliferation, oval cell",0,113,61,0.0,1.0,1.0,0.0
1526,"Hematopoiesis, extramedullary",12,101,42,9.057991513437058,1.2302868027185608e-07,1.4528635403873263e-06,0.10619469026548672
1526,"Cellular infiltration, mononuclear cell",0,113,53,0.0,1.0,1.0,0.0
1526,Anisonucleosis,0,113,47,0.0,1.0,1.0,0.0
1526,"Alteration, nuclear",0,113,46,0.0,1.0,1.0,0.0
1526,"Deposit, pigment",1,112,37,0.7738899613899614,0.7297728705245918,1.0,0.008849557522123894
1526,"Degeneration, hydropic",0,113,35,0.0,1.0,1.0,0.0
1526,"Alteration, cytoplasmic",0,113,35,0.0,1.0,1.0,0.0
1526,Pyknosis,0,113,33,0.0,1.0,1.0,0.0
1526,"Proliferation, Kupffer cell",0,113,29,0.0,1.0,1.0,0.0
1526,Cellular foci,0,113,25,0.0,1.0,1.0,0.0
1526,Microgranuloma,1,112,19,1.5155075187969924,0.4968117634241588,1.0,0.008849557522123894
1526,Edema,3,110,15,5.870909090909091,0.02095650015798416,0.13193599463532157,0.02654867256637168
1526,"Deposit, hemosiderin",12,101,5,76.96633663366336,6.331392939738671e-15,1.3577066448392673e-13,0.10619469026548672
1526,"Inclusion body, intracytoplasmic",0,113,11,0.0,1.0,1.0,0.0
1526,"Degeneration, acidophilic, eosinophilic",0,113,10,0.0,1.0,1.0,0.0
1526,Hemorrhage,0,113,10,0.0,1.0,1.0,0.0
1526,Phagocytosis,0,113,10,0.0,1.0,1.0,0.0
1526,"Lesion,NOS",0,113,10,0.0,1.0,1.0,0.0
1526,"Deposit, glycogen",0,113,9,0.0,1.0,1.0,0.0
1526,Granuloma,0,113,8,0.0,1.0,1.0,0.0
1526,"Vacuolization, nuclear",0,113,5,0.0,1.0,1.0,0.0
1528,Hypertrophy,11,7,494,9.050028918449971,9.378883506266827e-06,9.285094671204159e-05,0.6111111111111112
1528,Cellular infiltration,4,14,200,4.484285714285714,0.02065032260972901,0.13014633029367673,0.2222222222222222
1528,"Degeneration, granular, eosinophilic",0,18,202,0.0,1.0,1.0,0.0
1528,Ground glass appearance,7,11,167,12.087098530212304,1.745983720531991e-05,0.00016781785275016224,0.3888888888888889
1528,Necrosis,2,16,158,2.516613924050633,0.21060446831836682,1.0,0.1111111111111111
1528,"Proliferation, bile duct",3,15,152,4.193421052631579,0.04731793872398705,0.2799487609765768,0.16666666666666666
1528,"Vacuolization, cytoplasmic",0,18,135,0.0,1.0,1.0,0.0
1528,"Change, eosinophilic",0,18,129,0.0,1.0,1.0,0.0
1528,Increased mitosis,2,16,124,3.2409274193548385,0.14481589495235275,0.7575573897111187,0.1111111111111111
1528,Single cell necrosis,6,12,105,15.4,1.5329780001413314e-05,0.000148304386332891,0.3333333333333333
1528,Swelling,0,18,105,0.0,1.0,1.0,0.0
1528,"Change, acidophilic",3,15,84,7.75,0.010352998700980283,0.06852012510732355,0.16666666666666666
1528,"Degeneration, fatty",0,18,80,0.0,1.0,1.0,0.0
1528,Fibrosis,2,16,61,6.717213114754099,0.04372834785974099,0.2610516445094085,0.1111111111111111
1528,"Proliferation, oval cell",0,18,61,0.0,1.0,1.0,0.0
1528,"Hematopoiesis, extramedullary",1,17,53,3.6470588235294117,0.2537137416168413,1.0,0.05555555555555555
1528,"Cellular infiltration, mononuclear cell",3,15,50,13.156,0.0025650744924438557,0.01862658005515465,0.16666666666666666
1528,Anisonucleosis,2,16,45,9.15,0.025456124099970785,0.1585835103868133,0.1111111111111111
1528,"Alteration, nuclear",3,15,43,15.330232558139535,0.001701730775506376,0.01277911606385319,0.16666666666666666
1528,"Deposit, pigment",0,18,38,0.0,1.0,1.0,0.0
1528,"Degeneration, hydropic",0,18,35,0.0,1.0,1.0,0.0
1528,"Alteration, cytoplasmic",0,18,35,0.0,1.0,1.0,0.0
1528,Pyknosis,0,18,33,0.0,1.0,1.0,0.0
1528,"Proliferation, Kupffer cell",0,18,29,0.0,1.0,1.0,0.0
1528,Cellular foci,0,18,25,0.0,1.0,1.0,0.0
1528,Microgranuloma,0,18,20,0.0,1.0,1.0,0.0
1528,Edema,0,18,18,0.0,1.0,1.0,0.0
1528,"Deposit, hemosiderin",1,17,16,12.216911764705882,0.08754561636820796,0.48577390119304553,0.05555555555555555
1528,"Inclusion body, intracytoplasmic",0,18,11,0.0,1.0,1.0,0.0
1528,"Degeneration, acidophilic, eosinophilic",0,18,10,0.0,1.0,1.0,0.0
1528,Hemorrhage,1,17,9,21.764705882352942,0.052412473999407634,0.3070316524225654,0.05555555555555555
1528,Phagocytosis,0,18,10,0.0,1.0,1.0,0.0
1528,"Lesion,NOS",1,17,9,21.764705882352942,0.052412473999407634,0.3070316524225654,0.05555555555555555
1528,"Deposit, glycogen",0,18,9,0.0,1.0,1.0,0.0
1528,Granuloma,0,18,8,0.0,1.0,1.0,0.0
1528,"Vacuolization, nuclear",0,18,5,0.0,1.0,1.0,0.0
1532,Hypertrophy,43,7,462,37.827767470624615,3.1445759116315395e-29,1.4920158264302212e-27,0.86
1532,Cellular infiltration,14,36,190,6.379824561403509,8.035190287373528e-07,8.846900891009964e-06,0.28
1532,"Degeneration, granular, eosinophilic",37,13,165,54.197668997669,4.644862317000793e-36,3.284581209879132e-34,0.74
1532,Ground glass appearance,4,46,170,1.60460358056266,0.25894661322175394,1.0,0.08
1532,Necrosis,0,50,160,0.0,1.0,1.0,0.0
1532,"Proliferation, bile duct",5,45,150,2.3385185185185184,0.07852192209996076,0.4414767792463482,0.1
1532,"Vacuolization, cytoplasmic",3,47,132,1.5352998065764023,0.32618248026811364,1.0,0.06
1532,"Change, eosinophilic",4,46,125,2.2135652173913045,0.12380710434346748,0.6613437048562921,0.08
1532,Increased mitosis,1,49,125,0.5195102040816326,0.8544413588061711,1.0,0.02
1532,Single cell necrosis,17,33,94,17.608317214700193,7.803888033723569e-14,1.5273507387254697e-12,0.34
1532,Swelling,0,50,105,0.0,1.0,1.0,0.0
1532,"Change, acidophilic",0,50,87,0.0,1.0,1.0,0.0
1532,"Degeneration, fatty",0,50,80,0.0,1.0,1.0,0.0
1532,Fibrosis,5,45,58,6.224137931034483,0.0021928775149885355,0.01613088846938935,0.1
1532,"Proliferation, oval cell",12,38,49,20.996777658431792,3.0009504947776127e-11,4.817742145670005e-10,0.24
1532,"Hematopoiesis, extramedullary",0,50,54,0.0,1.0,1.0,0.0
1532,"Cellular infiltration, mononuclear cell",0,50,53,0.0,1.0,1.0,0.0
1532,Anisonucleosis,0,50,47,0.0,1.0,1.0,0.0
1532,"Alteration, nuclear",27,23,19,203.1487414187643,3.010463493852034e-41,2.7094171444668305e-39,0.54
1532,"Deposit, pigment",0,50,38,0.0,1.0,1.0,0.0
1532,"Degeneration, hydropic",0,50,35,0.0,1.0,1.0,0.0
1532,"Alteration, cytoplasmic",0,50,35,0.0,1.0,1.0,0.0
1532,Pyknosis,0,50,33,0.0,1.0,1.0,0.0
1532,"Proliferation, Kupffer cell",0,50,29,0.0,1.0,1.0,0.0
1532,Cellular foci,8,42,17,36.86274509803921,1.2095358715648968e-09,1.68653593359049e-08,0.16
1532,Microgranuloma,0,50,20,0.0,1.0,1.0,0.0
1532,Edema,0,50,18,0.0,1.0,1.0,0.0
1532,"Deposit, hemosiderin",0,50,17,0.0,1.0,1.0,0.0
1532,"Inclusion body, intracytoplasmic",0,50,11,0.0,1.0,1.0,0.0
1532,"Degeneration, acidophilic, eosinophilic",0,50,10,0.0,1.0,1.0,0.0
1532,Hemorrhage,0,50,10,0.0,1.0,1.0,0.0
1532,Phagocytosis,0,50,10,0.0,1.0,1.0,0.0
1532,"Lesion,NOS",0,50,10,0.0,1.0,1.0,0.0
1532,"Deposit, glycogen",0,50,9,0.0,1.0,1.0,0.0
1532,Granuloma,0,50,8,0.0,1.0,1.0,0.0
1532,"Vacuolization, nuclear",1,49,4,16.852040816326532,0.0723274825376669,0.41124089696163363,0.02
1536,Hypertrophy,32,12,473,16.01127554615927,7.13534092928146e-18,1.8229645212873923e-16,0.7272727272727273
1536,Cellular infiltration,0,44,204,0.0,1.0,1.0,0.0
1536,"Degeneration, granular, eosinophilic",43,1,159,852.9685534591194,1.4457922516831622e-53,2.0207072882348195e-51,0.9772727272727273
1536,Ground glass appearance,0,44,174,0.0,1.0,1.0,0.0
1536,Necrosis,11,33,149,7.078299776286354,4.001358199826733e-06,4.0916296500142905e-05,0.25
1536,"Proliferation, bile duct",0,44,155,0.0,1.0,1.0,0.0
1536,"Vacuolization, cytoplasmic",0,44,135,0.0,1.0,1.0,0.0
1536,"Change, eosinophilic",0,44,129,0.0,1.0,1.0,0.0
1536,Increased mitosis,3,41,123,1.8976799524092802,0.22754505122773383,1.0,0.06818181818181818
1536,Single cell necrosis,2,42,109,1.399737876802097,0.43051275352212737,1.0,0.045454545454545456
1536,Swelling,0,44,105,0.0,1.0,1.0,0.0
1536,"Change, acidophilic",0,44,87,0.0,1.0,1.0,0.0
1536,"Degeneration, fatty",0,44,80,0.0,1.0,1.0,0.0
1536,Fibrosis,0,44,63,0.0,1.0,1.0,0.0
1536,"Proliferation, oval cell",0,44,61,0.0,1.0,1.0,0.0
1536,"Hematopoiesis, extramedullary",0,44,54,0.0,1.0,1.0,0.0
1536,"Cellular infiltration, mononuclear cell",0,44,53,0.0,1.0,1.0,0.0
1536,Anisonucleosis,0,44,47,0.0,1.0,1.0,0.0
1536,"Alteration, nuclear",0,44,46,0.0,1.0,1.0,0.0
1536,"Deposit, pigment",0,44,38,0.0,1.0,1.0,0.0
1536,"Degeneration, hydropic",0,44,35,0.0,1.0,1.0,0.0
1536,"Alteration, cytoplasmic",0,44,35,0.0,1.0,1.0,0.0
1536,Pyknosis,0,44,33,0.0,1.0,1.0,0.0
1536,"Proliferation, Kupffer cell",0,44,29,0.0,1.0,1.0,0.0
1536,Cellular foci,0,44,25,0.0,1.0,1.0,0.0
1536,Microgranuloma,0,44,20,0.0,1.0,1.0,0.0
1536,Edema,0,44,18,0.0,1.0,1.0,0.0
1536,"Deposit, hemosiderin",0,44,17,0.0,1.0,1.0,0.0
1536,"Inclusion body, intracytoplasmic",0,44,11,0.0,1.0,1.0,0.0
1536,"Degeneration, acidophilic, eosinophilic",0,44,10,0.0,1.0,1.0,0.0
1536,Hemorrhage,0,44,10,0.0,1.0,1.0,0.0
1536,Phagocytosis,0,44,10,0.0,1.0,1.0,0.0
1536,"Lesion,NOS",0,44,10,0.0,1.0,1.0,0.0
1536,"Deposit, glycogen",0,44,9,0.0,1.0,1.0,0.0
1536,Granuloma,1,43,7,10.983388704318937,0.10026922367888752,0.5486864934616231,0.022727272727272728
1536,"Vacuolization, nuclear",0,44,5,0.0,1.0,1.0,0.0
1537,Hypertrophy,0,22,505,0.0,1.0,1.0,0.0
1537,Cellular infiltration,0,22,204,0.0,1.0,1.0,0.0
1537,"Degeneration, granular, eosinophilic",22,0,180,inf,4.586522901137262e-28,2.0484169949440102e-26,1.0
1537,Ground glass appearance,0,22,174,0.0,1.0,1.0,0.0
1537,Necrosis,0,22,160,0.0,1.0,1.0,0.0
1537,"Proliferation, bile duct",0,22,155,0.0,1.0,1.0,0.0
1537,"Vacuolization, cytoplasmic",0,22,135,0.0,1.0,1.0,0.0
1537,"Change, eosinophilic",0,22,129,0.0,1.0,1.0,0.0
1537,Increased mitosis,0,22,126,0.0,1.0,1.0,0.0
1537,Single cell necrosis,0,22,111,0.0,1.0,1.0,0.0
1537,Swelling,0,22,105,0.0,1.0,1.0,0.0
1537,"Change, acidophilic",0,22,87,0.0,1.0,1.0,0.0
1537,"Degeneration, fatty",0,22,80,0.0,1.0,1.0,0.0
1537,Fibrosis,0,22,63,0.0,1.0,1.0,0.0
1537,"Proliferation, oval cell",0,22,61,0.0,1.0,1.0,0.0
1537,"Hematopoiesis, extramedullary",0,22,54,0.0,1.0,1.0,0.0
1537,"Cellular infiltration, mononuclear cell",0,22,53,0.0,1.0,1.0,0.0
1537,Anisonucleosis,0,22,47,0.0,1.0,1.0,0.0
1537,"Alteration, nuclear",0,22,46,0.0,1.0,1.0,0.0
1537,"Deposit, pigment",0,22,38,0.0,1.0,1.0,0.0
1537,"Degeneration, hydropic",0,22,35,0.0,1.0,1.0,0.0
1537,"Alteration, cytoplasmic",0,22,35,0.0,1.0,1.0,0.0
1537,Pyknosis,0,22,33,0.0,1.0,1.0,0.0
1537,"Proliferation, Kupffer cell",0,22,29,0.0,1.0,1.0,0.0
1537,Cellular foci,0,22,25,0.0,1.0,1.0,0.0
1537,Microgranuloma,0,22,20,0.0,1.0,1.0,0.0
1537,Edema,0,22,18,0.0,1.0,1.0,0.0
1537,"Deposit, hemosiderin",0,22,17,0.0,1.0,1.0,0.0
1537,"Inclusion body, intracytoplasmic",0,22,11,0.0,1.0,1.0,0.0
1537,"Degeneration, acidophilic, eosinophilic",0,22,10,0.0,1.0,1.0,0.0
1537,Hemorrhage,0,22,10,0.0,1.0,1.0,0.0
1537,Phagocytosis,0,22,10,0.0,1.0,1.0,0.0
1537,"Lesion,NOS",0,22,10,0.0,1.0,1.0,0.0
1537,"Deposit, glycogen",0,22,9,0.0,1.0,1.0,0.0
1537,Granuloma,0,22,8,0.0,1.0,1.0,0.0
1537,"Vacuolization, nuclear",0,22,5,0.0,1.0,1.0,0.0
1542,Hypertrophy,10,72,495,0.7800224466891134,0.8105311083382768,1.0,0.12195121951219512
1542,Cellular infiltration,5,77,199,1.00371989819226,0.5640394604355139,1.0,0.06097560975609756
1542,"Degeneration, granular, eosinophilic",5,77,197,1.0145691871580196,0.5550317347394256,1.0,0.06097560975609756
1542,Ground glass appearance,0,82,174,0.0,1.0,1.0,0.0
1542,Necrosis,10,72,150,2.8935185185185186,0.005005947905045357,0.03469591426381388,0.12195121951219512
1542,"Proliferation, bile duct",3,79,152,0.7802298467688208,0.7392462331709977,1.0,0.036585365853658534
1542,"Vacuolization, cytoplasmic",16,66,119,6.429335370511841,8.360697147597806e-08,1.0053145962901005e-06,0.1951219512195122
1542,"Change, eosinophilic",22,60,107,10.85607476635514,9.025801636290274e-14,1.7520673764563471e-12,0.2682926829268293
1542,Increased mitosis,4,78,122,1.3253467843631779,0.37059426659542816,1.0,0.04878048780487805
1542,Single cell necrosis,1,81,110,0.3552188552188552,0.9386760642814059,1.0,0.012195121951219513
1542,Swelling,0,82,105,0.0,1.0,1.0,0.0
1542,"Change, acidophilic",1,81,86,0.4577950043066322,0.8869464965118993,1.0,0.012195121951219513
1542,"Degeneration, fatty",2,80,78,1.024679487179487,0.5878459015447114,1.0,0.024390243902439025
1542,Fibrosis,3,79,60,2.0348101265822787,0.198306740664864,0.9969886073206027,0.036585365853658534
1542,"Proliferation, oval cell",0,82,61,0.0,1.0,1.0,0.0
1542,"Hematopoiesis, extramedullary",0,82,54,0.0,1.0,1.0,0.0
1542,"Cellular infiltration, mononuclear cell",0,82,53,0.0,1.0,1.0,0.0
1542,Anisonucleosis,0,82,47,0.0,1.0,1.0,0.0
1542,"Alteration, nuclear",0,82,46,0.0,1.0,1.0,0.0
1542,"Deposit, pigment",0,82,38,0.0,1.0,1.0,0.0
1542,"Degeneration, hydropic",2,80,33,2.456060606060606,0.21006533742428207,1.0,0.024390243902439025
1542,"Alteration, cytoplasmic",0,82,35,0.0,1.0,1.0,0.0
1542,Pyknosis,0,82,33,0.0,1.0,1.0,0.0
1542,"Proliferation, Kupffer cell",6,76,23,11.162471395881006,5.3557174092724275e-05,0.0004871816448863434,0.07317073170731707
1542,Cellular foci,0,82,25,0.0,1.0,1.0,0.0
1542,Microgranuloma,0,82,20,0.0,1.0,1.0,0.0
1542,Edema,0,82,18,0.0,1.0,1.0,0.0
1542,"Deposit, hemosiderin",0,82,17,0.0,1.0,1.0,0.0
1542,"Inclusion body, intracytoplasmic",0,82,11,0.0,1.0,1.0,0.0
1542,"Degeneration, acidophilic, eosinophilic",0,82,10,0.0,1.0,1.0,0.0
1542,Hemorrhage,0,82,10,0.0,1.0,1.0,0.0
1542,Phagocytosis,0,82,10,0.0,1.0,1.0,0.0
1542,"Lesion,NOS",0,82,10,0.0,1.0,1.0,0.0
1542,"Deposit, glycogen",0,82,9,0.0,1.0,1.0,0.0
1542,Granuloma,1,81,7,5.763668430335097,0.17966947824234356,0.9125581024023264,0.012195121951219513
1542,"Vacuolization, nuclear",0,82,5,0.0,1.0,1.0,0.0
1543,Hypertrophy,0,42,505,0.0,1.0,1.0,0.0
1543,Cellular infiltration,11,31,193,5.739929801103125,2.5719920923408867e-05,0.00024211779759912628,0.2619047619047619
1543,"Degeneration, granular, eosinophilic",14,28,188,8.316489361702128,6.174317029697563e-08,7.507767278690589e-07,0.3333333333333333
1543,Ground glass appearance,0,42,174,0.0,1.0,1.0,0.0
1543,Necrosis,5,37,155,2.755013077593723,0.0473031454272871,0.2799487609765768,0.11904761904761904
1543,"Proliferation, bile duct",7,35,148,4.27972972972973,0.0026914386110337804,0.019449081933747756,0.16666666666666666
1543,"Vacuolization, cytoplasmic",0,42,135,0.0,1.0,1.0,0.0
1543,"Change, eosinophilic",0,42,129,0.0,1.0,1.0,0.0
1543,Increased mitosis,0,42,126,0.0,1.0,1.0,0.0
1543,Single cell necrosis,0,42,111,0.0,1.0,1.0,0.0
1543,Swelling,15,27,90,19.90740740740741,4.786675830122668e-13,8.81638897083059e-12,0.35714285714285715
1543,"Change, acidophilic",6,36,81,6.654320987654321,0.0006317064654361903,0.0049964532685632095,0.14285714285714285
1543,"Degeneration, fatty",0,42,80,0.0,1.0,1.0,0.0
1543,Fibrosis,6,36,57,9.526315789473685,0.00010620770718922772,0.0009311790121092438,0.14285714285714285
1543,"Proliferation, oval cell",0,42,61,0.0,1.0,1.0,0.0
1543,"Hematopoiesis, extramedullary",0,42,54,0.0,1.0,1.0,0.0
1543,"Cellular infiltration, mononuclear cell",0,42,53,0.0,1.0,1.0,0.0
1543,Anisonucleosis,0,42,47,0.0,1.0,1.0,0.0
1543,"Alteration, nuclear",0,42,46,0.0,1.0,1.0,0.0
1543,"Deposit, pigment",0,42,38,0.0,1.0,1.0,0.0
1543,"Degeneration, hydropic",0,42,35,0.0,1.0,1.0,0.0
1543,"Alteration, cytoplasmic",0,42,35,0.0,1.0,1.0,0.0
1543,Pyknosis,0,42,33,0.0,1.0,1.0,0.0
1543,"Proliferation, Kupffer cell",0,42,29,0.0,1.0,1.0,0.0
1543,Cellular foci,0,42,25,0.0,1.0,1.0,0.0
1543,Microgranuloma,0,42,20,0.0,1.0,1.0,0.0
1543,Edema,0,42,18,0.0,1.0,1.0,0.0
1543,"Deposit, hemosiderin",0,42,17,0.0,1.0,1.0,0.0
1543,"Inclusion body, intracytoplasmic",0,42,11,0.0,1.0,1.0,0.0
1543,"Degeneration, acidophilic, eosinophilic",1,41,9,8.959349593495935,0.11844783523765605,0.6355737500557154,0.023809523809523808
1543,Hemorrhage,0,42,10,0.0,1.0,1.0,0.0
1543,Phagocytosis,0,42,10,0.0,1.0,1.0,0.0
1543,"Lesion,NOS",0,42,10,0.0,1.0,1.0,0.0
1543,"Deposit, glycogen",0,42,9,0.0,1.0,1.0,0.0
1543,Granuloma,0,42,8,0.0,1.0,1.0,0.0
1543,"Vacuolization, nuclear",0,42,5,0.0,1.0,1.0,0.0
1558,Hypertrophy,1,22,504,0.25523088023088025,0.9767868415988857,1.0,0.043478260869565216
1558,Cellular infiltration,3,20,201,2.3380597014925373,0.16064832500627474,0.829422903552605,0.13043478260869565
1558,"Degeneration, granular, eosinophilic",19,4,183,81.78825136612022,2.021164334356851e-20,5.771978916384469e-19,0.8260869565217391
1558,Ground glass appearance,0,23,174,0.0,1.0,1.0,0.0
1558,Necrosis,2,21,158,1.9144062688366486,0.30045137094784835,1.0,0.08695652173913043
1558,"Proliferation, bile duct",0,23,155,0.0,1.0,1.0,0.0
1558,"Vacuolization, cytoplasmic",0,23,135,0.0,1.0,1.0,0.0
1558,"Change, eosinophilic",0,23,129,0.0,1.0,1.0,0.0
1558,Increased mitosis,1,22,125,1.166909090909091,0.5863938950950717,1.0,0.043478260869565216
1558,Single cell necrosis,0,23,111,0.0,1.0,1.0,0.0
1558,Swelling,17,6,88,104.51136363636364,6.032961094900229e-22,1.906158984239753e-20,0.7391304347826086
1558,"Change, acidophilic",0,23,87,0.0,1.0,1.0,0.0
1558,"Degeneration, fatty",0,23,80,0.0,1.0,1.0,0.0
1558,Fibrosis,0,23,63,0.0,1.0,1.0,0.0
1558,"Proliferation, oval cell",0,23,61,0.0,1.0,1.0,0.0
1558,"Hematopoiesis, extramedullary",0,23,54,0.0,1.0,1.0,0.0
1558,"Cellular infiltration, mononuclear cell",0,23,53,0.0,1.0,1.0,0.0
1558,Anisonucleosis,0,23,47,0.0,1.0,1.0,0.0
1558,"Alteration, nuclear",0,23,46,0.0,1.0,1.0,0.0
1558,"Deposit, pigment",0,23,38,0.0,1.0,1.0,0.0
1558,"Degeneration, hydropic",0,23,35,0.0,1.0,1.0,0.0
1558,"Alteration, cytoplasmic",0,23,35,0.0,1.0,1.0,0.0
1558,Pyknosis,0,23,33,0.0,1.0,1.0,0.0
1558,"Proliferation, Kupffer cell",0,23,29,0.0,1.0,1.0,0.0
1558,Cellular foci,0,23,25,0.0,1.0,1.0,0.0
1558,Microgranuloma,0,23,20,0.0,1.0,1.0,0.0
1558,Edema,0,23,18,0.0,1.0,1.0,0.0
1558,"Deposit, hemosiderin",0,23,17,0.0,1.0,1.0,0.0
1558,"Inclusion body, intracytoplasmic",0,23,11,0.0,1.0,1.0,0.0
1558,"Degeneration, acidophilic, eosinophilic",0,23,10,0.0,1.0,1.0,0.0
1558,Hemorrhage,0,23,10,0.0,1.0,1.0,0.0
1558,Phagocytosis,0,23,10,0.0,1.0,1.0,0.0
1558,"Lesion,NOS",0,23,10,0.0,1.0,1.0,0.0
1558,"Deposit, glycogen",0,23,9,0.0,1.0,1.0,0.0
1558,Granuloma,0,23,8,0.0,1.0,1.0,0.0
1558,"Vacuolization, nuclear",0,23,5,0.0,1.0,1.0,0.0
1560,Hypertrophy,12,28,493,2.4549405969284264,0.011762189209207465,0.07745831918258574,0.3
1560,Cellular infiltration,3,37,201,1.2569584509883018,0.44238523065072405,1.0,0.075
1560,"Degeneration, granular, eosinophilic",33,7,169,87.81403212172442,5.05596021580681e-35,3.393491941456774e-33,0.825
1560,Ground glass appearance,0,40,174,0.0,1.0,1.0,0.0
1560,Necrosis,5,35,155,2.914285714285714,0.03945931959604319,0.23844187019379096,0.125
1560,"Proliferation, bile duct",0,40,155,0.0,1.0,1.0,0.0
1560,"Vacuolization, cytoplasmic",0,40,135,0.0,1.0,1.0,0.0
1560,"Change, eosinophilic",0,40,129,0.0,1.0,1.0,0.0
1560,Increased mitosis,18,22,108,24.310606060606062,3.65021070191613e-16,8.453119520226827e-15,0.45
1560,Single cell necrosis,0,40,111,0.0,1.0,1.0,0.0
1560,Swelling,0,40,105,0.0,1.0,1.0,0.0
1560,"Change, acidophilic",0,40,87,0.0,1.0,1.0,0.0
1560,"Degeneration, fatty",0,40,80,0.0,1.0,1.0,0.0
1560,Fibrosis,0,40,63,0.0,1.0,1.0,0.0
1560,"Proliferation, oval cell",0,40,61,0.0,1.0,1.0,0.0
1560,"Hematopoiesis, extramedullary",0,40,54,0.0,1.0,1.0,0.0
1560,"Cellular infiltration, mononuclear cell",0,40,53,0.0,1.0,1.0,0.0
1560,Anisonucleosis,0,40,47,0.0,1.0,1.0,0.0
1560,"Alteration, nuclear",0,40,46,0.0,1.0,1.0,0.0
1560,"Deposit, pigment",0,40,38,0.0,1.0,1.0,0.0
1560,"Degeneration, hydropic",0,40,35,0.0,1.0,1.0,0.0
1560,"Alteration, cytoplasmic",0,40,35,0.0,1.0,1.0,0.0
1560,Pyknosis,0,40,33,0.0,1.0,1.0,0.0
1560,"Proliferation, Kupffer cell",1,39,28,3.011904761904762,0.29466935276826545,1.0,0.025
1560,Cellular foci,0,40,25,0.0,1.0,1.0,0.0
1560,Microgranuloma,0,40,20,0.0,1.0,1.0,0.0
1560,Edema,0,40,18,0.0,1.0,1.0,0.0
1560,"Deposit, hemosiderin",0,40,17,0.0,1.0,1.0,0.0
1560,"Inclusion body, intracytoplasmic",0,40,11,0.0,1.0,1.0,0.0
1560,"Degeneration, acidophilic, eosinophilic",0,40,10,0.0,1.0,1.0,0.0
1560,Hemorrhage,0,40,10,0.0,1.0,1.0,0.0
1560,Phagocytosis,0,40,10,0.0,1.0,1.0,0.0
1560,"Lesion,NOS",0,40,10,0.0,1.0,1.0,0.0
1560,"Deposit, glycogen",0,40,9,0.0,1.0,1.0,0.0
1560,Granuloma,3,37,5,53.70810810810811,8.425605841290647e-05,0.0007486626581490866,0.075
1560,"Vacuolization, nuclear",0,40,5,0.0,1.0,1.0,0.0
1562,Hypertrophy,40,56,465,4.2949308755760365,1.388081737381106e-10,2.125052969083446e-09,0.4166666666666667
1562,Cellular infiltration,13,83,191,2.5175045732668897,0.004750025548495213,0.03300017749480885,0.13541666666666666
1562,"Degeneration, granular, eosinophilic",0,96,202,0.0,1.0,1.0,0.0
1562,Ground glass appearance,0,96,174,0.0,1.0,1.0,0.0
1562,Necrosis,10,86,150,2.411627906976744,0.014883633891588033,0.096358349118292,0.10416666666666667
1562,"Proliferation, bile duct",24,72,131,7.964376590330788,2.3419510872354637e-12,4.079527700345646e-11,0.25
1562,"Vacuolization, cytoplasmic",1,95,134,0.24564021995286725,0.9816550790139704,1.0,0.010416666666666666
1562,"Change, eosinophilic",1,95,128,0.2576480263157895,0.97800882622703,1.0,0.010416666666666666
1562,Increased mitosis,0,96,126,0.0,1.0,1.0,0.0
1562,Single cell necrosis,0,96,111,0.0,1.0,1.0,0.0
1562,Swelling,34,62,71,24.638800545206724,5.66911603957031e-29,2.6308241621130967e-27,0.3541666666666667
1562,"Change, acidophilic",8,88,79,3.661680092059839,0.00303519939304631,0.021774256515332224,0.08333333333333333
1562,"Degeneration, fatty",0,96,80,0.0,1.0,1.0,0.0
1562,Fibrosis,0,96,63,0.0,1.0,1.0,0.0
1562,"Proliferation, oval cell",23,73,38,26.72278298485941,3.1977612796142786e-21,9.593283838842836e-20,0.23958333333333334
1562,"Hematopoiesis, extramedullary",0,96,54,0.0,1.0,1.0,0.0
1562,"Cellular infiltration, mononuclear cell",0,96,53,0.0,1.0,1.0,0.0
1562,Anisonucleosis,0,96,47,0.0,1.0,1.0,0.0
1562,"Alteration, nuclear",0,96,46,0.0,1.0,1.0,0.0
1562,"Deposit, pigment",0,96,38,0.0,1.0,1.0,0.0
1562,"Degeneration, hydropic",0,96,35,0.0,1.0,1.0,0.0
1562,"Alteration, cytoplasmic",0,96,35,0.0,1.0,1.0,0.0
1562,Pyknosis,0,96,33,0.0,1.0,1.0,0.0
1562,"Proliferation, Kupffer cell",0,96,29,0.0,1.0,1.0,0.0
1562,Cellular foci,4,92,21,6.708074534161491,0.005008711528824984,0.03469591426381388,0.041666666666666664
1562,Microgranuloma,0,96,20,0.0,1.0,1.0,0.0
1562,Edema,0,96,18,0.0,1.0,1.0,0.0
1562,"Deposit, hemosiderin",0,96,17,0.0,1.0,1.0,0.0
1562,"Inclusion body, intracytoplasmic",0,96,11,0.0,1.0,1.0,0.0
1562,"Degeneration, acidophilic, eosinophilic",0,96,10,0.0,1.0,1.0,0.0
1562,Hemorrhage,0,96,10,0.0,1.0,1.0,0.0
1562,Phagocytosis,0,96,10,0.0,1.0,1.0,0.0
1562,"Lesion,NOS",0,96,10,0.0,1.0,1.0,0.0
1562,"Deposit, glycogen",0,96,9,0.0,1.0,1.0,0.0
1562,Granuloma,0,96,8,0.0,1.0,1.0,0.0
1562,"Vacuolization, nuclear",0,96,5,0.0,1.0,1.0,0.0
1566,Hypertrophy,20,0,485,inf,2.546162555910581e-17,6.301752325878687e-16,1.0
1566,Cellular infiltration,11,9,193,19.91018998272884,3.3221696926850506e-09,4.474759177902313e-08,0.55
1566,"Degeneration, granular, eosinophilic",19,1,183,327.46448087431696,5.359839951566119e-23,1.7687471840168193e-21,0.95
1566,Ground glass appearance,0,20,174,0.0,1.0,1.0,0.0
1566,Necrosis,0,20,160,0.0,1.0,1.0,0.0
1566,"Proliferation, bile duct",2,18,153,2.3122730573710966,0.23522172155624196,1.0,0.1
1566,"Vacuolization, cytoplasmic",0,20,135,0.0,1.0,1.0,0.0
1566,"Change, eosinophilic",1,19,128,1.3194901315789473,0.5443225871202197,1.0,0.05
1566,Increased mitosis,0,20,126,0.0,1.0,1.0,0.0
1566,Single cell necrosis,12,8,99,49.06060606060606,9.492046493048671e-14,1.833585566462085e-12,0.6
1566,Swelling,0,20,105,0.0,1.0,1.0,0.0
1566,"Change, acidophilic",0,20,87,0.0,1.0,1.0,0.0
1566,"Degeneration, fatty",0,20,80,0.0,1.0,1.0,0.0
1566,Fibrosis,2,18,61,5.967213114754099,0.05302372545250967,0.3103063341752783,0.1
1566,"Proliferation, oval cell",6,14,55,25.574025974025975,8.919080385491979e-07,9.74780818579988e-06,0.3
1566,"Hematopoiesis, extramedullary",0,20,54,0.0,1.0,1.0,0.0
1566,"Cellular infiltration, mononuclear cell",0,20,53,0.0,1.0,1.0,0.0
1566,Anisonucleosis,0,20,47,0.0,1.0,1.0,0.0
1566,"Alteration, nuclear",13,7,33,185.93939393939394,6.855325233892291e-21,2.0309542089436512e-19,0.65
1566,"Deposit, pigment",0,20,38,0.0,1.0,1.0,0.0
1566,"Degeneration, hydropic",0,20,35,0.0,1.0,1.0,0.0
1566,"Alteration, cytoplasmic",0,20,35,0.0,1.0,1.0,0.0
1566,Pyknosis,0,20,33,0.0,1.0,1.0,0.0
1566,"Proliferation, Kupffer cell",0,20,29,0.0,1.0,1.0,0.0
1566,Cellular foci,4,16,21,39.476190476190474,1.0706645498429536e-05,0.00010529383155740305,0.2
1566,Microgranuloma,0,20,20,0.0,1.0,1.0,0.0
1566,Edema,0,20,18,0.0,1.0,1.0,0.0
1566,"Deposit, hemosiderin",0,20,17,0.0,1.0,1.0,0.0
1566,"Inclusion body, intracytoplasmic",0,20,11,0.0,1.0,1.0,0.0
1566,"Degeneration, acidophilic, eosinophilic",0,20,10,0.0,1.0,1.0,0.0
1566,Hemorrhage,0,20,10,0.0,1.0,1.0,0.0
1566,Phagocytosis,0,20,10,0.0,1.0,1.0,0.0
1566,"Lesion,NOS",0,20,10,0.0,1.0,1.0,0.0
1566,"Deposit, glycogen",0,20,9,0.0,1.0,1.0,0.0
1566,Granuloma,0,20,8,0.0,1.0,1.0,0.0
1566,"Vacuolization, nuclear",0,20,5,0.0,1.0,1.0,0.0
1567,Hypertrophy,25,44,480,3.3238636363636362,9.528643177374577e-06,9.394214186490455e-05,0.36231884057971014
1567,Cellular infiltration,14,55,190,4.150430622009569,4.706279573839291e-05,0.0004297509710777154,0.2028985507246377
1567,"Degeneration, granular, eosinophilic",0,69,202,0.0,1.0,1.0,0.0
1567,Ground glass appearance,0,69,174,0.0,1.0,1.0,0.0
1567,Necrosis,5,64,155,1.579133064516129,0.23063755709189465,1.0,0.07246376811594203
1567,"Proliferation, bile duct",29,40,126,18.19404761904762,6.751759729356517e-22,2.1219816292263337e-20,0.42028985507246375
1567,"Vacuolization, cytoplasmic",3,66,132,1.0867768595041323,0.5302104586320072,1.0,0.043478260869565216
1567,"Change, eosinophilic",3,66,126,1.1406926406926408,0.4991923448485676,1.0,0.043478260869565216
1567,Increased mitosis,0,69,126,0.0,1.0,1.0,0.0
1567,Single cell necrosis,0,69,111,0.0,1.0,1.0,0.0
1567,Swelling,35,34,70,47.3235294117647,1.165127466410053e-36,8.338382109006885e-35,0.5072463768115942
1567,"Change, acidophilic",2,67,85,1.1248463564530289,0.5391421618999035,1.0,0.028985507246376812
1567,"Degeneration, fatty",0,69,80,0.0,1.0,1.0,0.0
1567,Fibrosis,0,69,63,0.0,1.0,1.0,0.0
1567,"Proliferation, oval cell",28,41,33,67.36141906873614,1.3859405197154228e-33,8.071065379519227e-32,0.4057971014492754
1567,"Hematopoiesis, extramedullary",0,69,54,0.0,1.0,1.0,0.0
1567,"Cellular infiltration, mononuclear cell",0,69,53,0.0,1.0,1.0,0.0
1567,Anisonucleosis,0,69,47,0.0,1.0,1.0,0.0
1567,"Alteration, nuclear",0,69,46,0.0,1.0,1.0,0.0
1567,"Deposit, pigment",0,69,38,0.0,1.0,1.0,0.0
1567,"Degeneration, hydropic",0,69,35,0.0,1.0,1.0,0.0
1567,"Alteration, cytoplasmic",0,69,35,0.0,1.0,1.0,0.0
1567,Pyknosis,0,69,33,0.0,1.0,1.0,0.0
1567,"Proliferation, Kupffer cell",0,69,29,0.0,1.0,1.0,0.0
1567,Cellular foci,2,67,23,4.237508111615834,0.09227028089408797,0.5096099195824105,0.028985507246376812
1567,Microgranuloma,1,68,19,2.530185758513932,0.3406872137394722,1.0,0.014492753623188406
1567,Edema,0,69,18,0.0,1.0,1.0,0.0
1567,"Deposit, hemosiderin",0,69,17,0.0,1.0,1.0,0.0
1567,"Inclusion body, intracytoplasmic",0,69,11,0.0,1.0,1.0,0.0
1567,"Degeneration, acidophilic, eosinophilic",0,69,10,0.0,1.0,1.0,0.0
1567,Hemorrhage,0,69,10,0.0,1.0,1.0,0.0
1567,Phagocytosis,0,69,10,0.0,1.0,1.0,0.0
1567,"Lesion,NOS",0,69,10,0.0,1.0,1.0,0.0
1567,"Deposit, glycogen",0,69,9,0.0,1.0,1.0,0.0
1567,Granuloma,0,69,8,0.0,1.0,1.0,0.0
1567,"Vacuolization, nuclear",0,69,5,0.0,1.0,1.0,0.0
1569,Hypertrophy,6,35,499,0.9677640996278271,0.5969227074290593,1.0,0.14634146341463414
1569,Cellular infiltration,3,38,201,1.2234878240377063,0.45865468783866825,1.0,0.07317073170731707
1569,"Degeneration, granular, eosinophilic",28,13,174,38.89301503094607,9.400962946776549e-26,3.6497856146308954e-24,0.6829268292682927
1569,Ground glass appearance,0,41,174,0.0,1.0,1.0,0.0
1569,Necrosis,4,37,156,2.18988218988219,0.1289225792142834,0.6855865000294032,0.0975609756097561
1569,"Proliferation, bile duct",0,41,155,0.0,1.0,1.0,0.0
1569,"Vacuolization, cytoplasmic",1,40,134,0.5936567164179104,0.816066717871351,1.0,0.024390243902439025
1569,"Change, eosinophilic",0,41,129,0.0,1.0,1.0,0.0
1569,Increased mitosis,22,19,104,35.76113360323887,9.110389693671597e-22,2.84071993597949e-20,0.5365853658536586
1569,Single cell necrosis,1,40,110,0.7286363636363636,0.7501803607205246,1.0,0.024390243902439025
1569,Swelling,0,41,105,0.0,1.0,1.0,0.0
1569,"Change, acidophilic",0,41,87,0.0,1.0,1.0,0.0
1569,"Degeneration, fatty",0,41,80,0.0,1.0,1.0,0.0
1569,Fibrosis,0,41,63,0.0,1.0,1.0,0.0
1569,"Proliferation, oval cell",0,41,61,0.0,1.0,1.0,0.0
1569,"Hematopoiesis, extramedullary",0,41,54,0.0,1.0,1.0,0.0
1569,"Cellular infiltration, mononuclear cell",0,41,53,0.0,1.0,1.0,0.0
1569,Anisonucleosis,0,41,47,0.0,1.0,1.0,0.0
1569,"Alteration, nuclear",0,41,46,0.0,1.0,1.0,0.0
1569,"Deposit, pigment",0,41,38,0.0,1.0,1.0,0.0
1569,"Degeneration, hydropic",0,41,35,0.0,1.0,1.0,0.0
1569,"Alteration, cytoplasmic",0,41,35,0.0,1.0,1.0,0.0
1569,Pyknosis,0,41,33,0.0,1.0,1.0,0.0
1569,"Proliferation, Kupffer cell",1,40,28,2.9357142857142855,0.30083594570456956,1.0,0.024390243902439025
1569,Cellular foci,0,41,25,0.0,1.0,1.0,0.0
1569,Microgranuloma,0,41,20,0.0,1.0,1.0,0.0
1569,Edema,0,41,18,0.0,1.0,1.0,0.0
1569,"Deposit, hemosiderin",0,41,17,0.0,1.0,1.0,0.0
1569,"Inclusion body, intracytoplasmic",0,41,11,0.0,1.0,1.0,0.0
1569,"Degeneration, acidophilic, eosinophilic",0,41,10,0.0,1.0,1.0,0.0
1569,Hemorrhage,0,41,10,0.0,1.0,1.0,0.0
1569,Phagocytosis,0,41,10,0.0,1.0,1.0,0.0
1569,"Lesion,NOS",0,41,10,0.0,1.0,1.0,0.0
1569,"Deposit, glycogen",0,41,9,0.0,1.0,1.0,0.0
1569,Granuloma,2,39,6,28.29059829059829,0.0038904041017555928,0.027380332185341496,0.04878048780487805
1569,"Vacuolization, nuclear",0,41,5,0.0,1.0,1.0,0.0
1570,Hypertrophy,6,28,499,1.212711136558832,0.4054456646064467,1.0,0.17647058823529413
1570,Cellular infiltration,3,31,201,1.503129513721714,0.3417059485336502,1.0,0.08823529411764706
1570,"Degeneration, granular, eosinophilic",26,8,176,58.11221590909091,4.5066556526062796e-26,1.7966130588242484e-24,0.7647058823529411
1570,Ground glass appearance,0,34,174,0.0,1.0,1.0,0.0
1570,Necrosis,3,31,157,1.9515101705362647,0.21887349437346082,1.0,0.08823529411764706
1570,"Proliferation, bile duct",3,31,152,2.0188879456706283,0.20554873026518225,1.0,0.08823529411764706
1570,"Vacuolization, cytoplasmic",1,33,134,0.7211668928086838,0.7540420313931302,1.0,0.029411764705882353
1570,"Change, eosinophilic",2,32,127,1.5728346456692914,0.3780868722865621,1.0,0.058823529411764705
1570,Increased mitosis,5,29,121,4.562553434026788,0.007981057185947915,0.053841544218660546,0.14705882352941177
1570,Single cell necrosis,2,32,109,1.8428899082568808,0.3107366290123225,1.0,0.058823529411764705
1570,Swelling,0,34,105,0.0,1.0,1.0,0.0
1570,"Change, acidophilic",0,34,87,0.0,1.0,1.0,0.0
1570,"Degeneration, fatty",0,34,80,0.0,1.0,1.0,0.0
1570,Fibrosis,0,34,63,0.0,1.0,1.0,0.0
1570,"Proliferation, oval cell",0,34,61,0.0,1.0,1.0,0.0
1570,"Hematopoiesis, extramedullary",0,34,54,0.0,1.0,1.0,0.0
1570,"Cellular infiltration, mononuclear cell",0,34,53,0.0,1.0,1.0,0.0
1570,Anisonucleosis,0,34,47,0.0,1.0,1.0,0.0
1570,"Alteration, nuclear",0,34,46,0.0,1.0,1.0,0.0
1570,"Deposit, pigment",0,34,38,0.0,1.0,1.0,0.0
1570,"Degeneration, hydropic",0,34,35,0.0,1.0,1.0,0.0
1570,"Alteration, cytoplasmic",0,34,35,0.0,1.0,1.0,0.0
1570,Pyknosis,0,34,33,0.0,1.0,1.0,0.0
1570,"Proliferation, Kupffer cell",0,34,29,0.0,1.0,1.0,0.0
1570,Cellular foci,0,34,25,0.0,1.0,1.0,0.0
1570,Microgranuloma,0,34,20,0.0,1.0,1.0,0.0
1570,Edema,2,32,16,12.91796875,0.013765137461394633,0.089605387967873,0.058823529411764705
1570,"Deposit, hemosiderin",0,34,17,0.0,1.0,1.0,0.0
1570,"Inclusion body, intracytoplasmic",0,34,11,0.0,1.0,1.0,0.0
1570,"Degeneration, acidophilic, eosinophilic",0,34,10,0.0,1.0,1.0,0.0
1570,Hemorrhage,0,34,10,0.0,1.0,1.0,0.0
1570,Phagocytosis,0,34,10,0.0,1.0,1.0,0.0
1570,"Lesion,NOS",0,34,10,0.0,1.0,1.0,0.0
1570,"Deposit, glycogen",0,34,9,0.0,1.0,1.0,0.0
1570,Granuloma,0,34,8,0.0,1.0,1.0,0.0
1570,"Vacuolization, nuclear",0,34,5,0.0,1.0,1.0,0.0
1571,Hypertrophy,9,28,496,1.830069124423963,0.09252243004909695,0.5105278536847524,0.24324324324324326
1571,Cellular infiltration,7,30,197,3.698984771573604,0.0059527495947277,0.04085422598807918,0.1891891891891892
1571,"Degeneration, granular, eosinophilic",25,12,177,36.99387947269303,7.003762967465776e-23,2.298472487665564e-21,0.6756756756756757
1571,Ground glass appearance,0,37,174,0.0,1.0,1.0,0.0
1571,Necrosis,10,27,150,7.827160493827161,5.2214299916237785e-06,5.265754524659634e-05,0.2702702702702703
1571,"Proliferation, bile duct",7,30,148,5.000900900900901,0.001247192431916908,0.009510042420521739,0.1891891891891892
1571,"Vacuolization, cytoplasmic",1,36,134,0.6604477611940298,0.782825815108487,1.0,0.02702702702702703
1571,"Change, eosinophilic",4,33,125,3.098181818181818,0.051627908201997835,0.30323121754894344,0.10810810810810811
1571,Increased mitosis,4,33,122,3.1773472429210132,0.048043892993145924,0.283819715941608,0.10810810810810811
1571,Single cell necrosis,5,32,106,4.737617924528302,0.006761787821091006,0.0460872285224103,0.13513513513513514
1571,Swelling,0,37,105,0.0,1.0,1.0,0.0
1571,"Change, acidophilic",0,37,87,0.0,1.0,1.0,0.0
1571,"Degeneration, fatty",0,37,80,0.0,1.0,1.0,0.0
1571,Fibrosis,0,37,63,0.0,1.0,1.0,0.0
1571,"Proliferation, oval cell",0,37,61,0.0,1.0,1.0,0.0
1571,"Hematopoiesis, extramedullary",0,37,54,0.0,1.0,1.0,0.0
1571,"Cellular infiltration, mononuclear cell",0,37,53,0.0,1.0,1.0,0.0
1571,Anisonucleosis,0,37,47,0.0,1.0,1.0,0.0
1571,"Alteration, nuclear",0,37,46,0.0,1.0,1.0,0.0
1571,"Deposit, pigment",2,35,36,5.212698412698413,0.06484340099031408,0.3723246030763322,0.05405405405405406
1571,"Degeneration, hydropic",0,37,35,0.0,1.0,1.0,0.0
1571,"Alteration, cytoplasmic",0,37,35,0.0,1.0,1.0,0.0
1571,Pyknosis,0,37,33,0.0,1.0,1.0,0.0
1571,"Proliferation, Kupffer cell",0,37,29,0.0,1.0,1.0,0.0
1571,Cellular foci,1,36,24,3.814814814814815,0.24275938091059354,1.0,0.02702702702702703
1571,Microgranuloma,0,37,20,0.0,1.0,1.0,0.0
1571,Edema,5,32,13,39.74759615384615,9.50344032540232e-07,1.0376918296487093e-05,0.13513513513513514
1571,"Deposit, hemosiderin",0,37,17,0.0,1.0,1.0,0.0
1571,"Inclusion body, intracytoplasmic",0,37,11,0.0,1.0,1.0,0.0
1571,"Degeneration, acidophilic, eosinophilic",0,37,10,0.0,1.0,1.0,0.0
1571,Hemorrhage,0,37,10,0.0,1.0,1.0,0.0
1571,Phagocytosis,0,37,10,0.0,1.0,1.0,0.0
1571,"Lesion,NOS",0,37,10,0.0,1.0,1.0,0.0
1571,"Deposit, glycogen",0,37,9,0.0,1.0,1.0,0.0
1571,Granuloma,4,33,4,100.48484848484848,8.479889402583495e-07,9.293458127554605e-06,0.10810810810810811
1571,"Vacuolization, nuclear",0,37,5,0.0,1.0,1.0,0.0
1576,Hypertrophy,47,5,458,58.43187772925764,4.115415312319267e-34,2.4944456076710657e-32,0.9038461538461539
1576,Cellular infiltration,1,51,203,0.29962329759490003,0.9625924583733609,1.0,0.019230769230769232
1576,"Degeneration, granular, eosinophilic",1,51,201,0.3027997268559165,0.961327998367434,1.0,0.019230769230769232
1576,Ground glass appearance,36,16,138,51.63586956521739,6.976176515048411e-36,4.846606842033633e-34,0.6923076923076923
1576,Necrosis,1,51,159,0.3879639906276976,0.9226480981027908,1.0,0.019230769230769232
1576,"Proliferation, bile duct",0,52,155,0.0,1.0,1.0,0.0
1576,"Vacuolization, cytoplasmic",1,51,134,0.4640035118525022,0.8836424483579882,1.0,0.019230769230769232
1576,"Change, eosinophilic",0,52,129,0.0,1.0,1.0,0.0
1576,Increased mitosis,6,46,120,3.4619565217391304,0.012264732567339152,0.08050001265192769,0.11538461538461539
1576,Single cell necrosis,0,52,111,0.0,1.0,1.0,0.0
1576,Swelling,0,52,105,0.0,1.0,1.0,0.0
1576,"Change, acidophilic",0,52,87,0.0,1.0,1.0,0.0
1576,"Degeneration, fatty",0,52,80,0.0,1.0,1.0,0.0
1576,Fibrosis,0,52,63,0.0,1.0,1.0,0.0
1576,"Proliferation, oval cell",0,52,61,0.0,1.0,1.0,0.0
1576,"Hematopoiesis, extramedullary",0,52,54,0.0,1.0,1.0,0.0
1576,"Cellular infiltration, mononuclear cell",0,52,53,0.0,1.0,1.0,0.0
1576,Anisonucleosis,0,52,47,0.0,1.0,1.0,0.0
1576,"Alteration, nuclear",0,52,46,0.0,1.0,1.0,0.0
1576,"Deposit, pigment",0,52,38,0.0,1.0,1.0,0.0
1576,"Degeneration, hydropic",0,52,35,0.0,1.0,1.0,0.0
1576,"Alteration, cytoplasmic",0,52,35,0.0,1.0,1.0,0.0
1576,Pyknosis,0,52,33,0.0,1.0,1.0,0.0
1576,"Proliferation, Kupffer cell",0,52,29,0.0,1.0,1.0,0.0
1576,Cellular foci,0,52,25,0.0,1.0,1.0,0.0
1576,Microgranuloma,0,52,20,0.0,1.0,1.0,0.0
1576,Edema,0,52,18,0.0,1.0,1.0,0.0
1576,"Deposit, hemosiderin",0,52,17,0.0,1.0,1.0,0.0
1576,"Inclusion body, intracytoplasmic",0,52,11,0.0,1.0,1.0,0.0
1576,"Degeneration, acidophilic, eosinophilic",0,52,10,0.0,1.0,1.0,0.0
1576,Hemorrhage,0,52,10,0.0,1.0,1.0,0.0
1576,Phagocytosis,0,52,10,0.0,1.0,1.0,0.0
1576,"Lesion,NOS",0,52,10,0.0,1.0,1.0,0.0
1576,"Deposit, glycogen",0,52,9,0.0,1.0,1.0,0.0
1576,Granuloma,0,52,8,0.0,1.0,1.0,0.0
1576,"Vacuolization, nuclear",0,52,5,0.0,1.0,1.0,0.0
1580,Hypertrophy,2,23,503,0.48906560636182905,0.9086772296189572,1.0,0.08
1580,Cellular infiltration,0,25,204,0.0,1.0,1.0,0.0
1580,"Degeneration, granular, eosinophilic",18,7,184,43.993788819875775,1.6941684482766725e-17,4.2283027658669896e-16,0.72
1580,Ground glass appearance,0,25,174,0.0,1.0,1.0,0.0
1580,Necrosis,4,21,156,3.877899877899878,0.028731328703423483,0.17814623434064247,0.16
1580,"Proliferation, bile duct",0,25,155,0.0,1.0,1.0,0.0
1580,"Vacuolization, cytoplasmic",0,25,135,0.0,1.0,1.0,0.0
1580,"Change, eosinophilic",0,25,129,0.0,1.0,1.0,0.0
1580,Increased mitosis,1,24,125,1.069,0.6170700361094498,1.0,0.04
1580,Single cell necrosis,0,25,111,0.0,1.0,1.0,0.0
1580,Swelling,0,25,105,0.0,1.0,1.0,0.0
1580,"Change, acidophilic",0,25,87,0.0,1.0,1.0,0.0
1580,"Degeneration, fatty",0,25,80,0.0,1.0,1.0,0.0
1580,Fibrosis,0,25,63,0.0,1.0,1.0,0.0
1580,"Proliferation, oval cell",0,25,61,0.0,1.0,1.0,0.0
1580,"Hematopoiesis, extramedullary",0,25,54,0.0,1.0,1.0,0.0
1580,"Cellular infiltration, mononuclear cell",0,25,53,0.0,1.0,1.0,0.0
1580,Anisonucleosis,0,25,47,0.0,1.0,1.0,0.0
1580,"Alteration, nuclear",0,25,46,0.0,1.0,1.0,0.0
1580,"Deposit, pigment",0,25,38,0.0,1.0,1.0,0.0
1580,"Degeneration, hydropic",0,25,35,0.0,1.0,1.0,0.0
1580,"Alteration, cytoplasmic",0,25,35,0.0,1.0,1.0,0.0
1580,Pyknosis,0,25,33,0.0,1.0,1.0,0.0
1580,"Proliferation, Kupffer cell",0,25,29,0.0,1.0,1.0,0.0
1580,Cellular foci,0,25,25,0.0,1.0,1.0,0.0
1580,Microgranuloma,0,25,20,0.0,1.0,1.0,0.0
1580,Edema,0,25,18,0.0,1.0,1.0,0.0
1580,"Deposit, hemosiderin",0,25,17,0.0,1.0,1.0,0.0
1580,"Inclusion body, intracytoplasmic",0,25,11,0.0,1.0,1.0,0.0
1580,"Degeneration, acidophilic, eosinophilic",0,25,10,0.0,1.0,1.0,0.0
1580,Hemorrhage,0,25,10,0.0,1.0,1.0,0.0
1580,Phagocytosis,0,25,10,0.0,1.0,1.0,0.0
1580,"Lesion,NOS",0,25,10,0.0,1.0,1.0,0.0
1580,"Deposit, glycogen",0,25,9,0.0,1.0,1.0,0.0
1580,Granuloma,0,25,8,0.0,1.0,1.0,0.0
1580,"Vacuolization, nuclear",0,25,5,0.0,1.0,1.0,0.0
1581,Hypertrophy,0,77,505,0.0,1.0,1.0,0.0
1581,Cellular infiltration,58,19,146,65.52703677000721,1.2591500127818058e-57,2.10685945800674e-55,0.7532467532467533
1581,"Degeneration, granular, eosinophilic",1,76,201,0.2015579994763027,0.992055345842349,1.0,0.012987012987012988
1581,Ground glass appearance,0,77,174,0.0,1.0,1.0,0.0
1581,Necrosis,4,73,156,1.0972953986652616,0.5045448964622393,1.0,0.05194805194805195
1581,"Proliferation, bile duct",6,71,149,1.7757822100387561,0.14273997474475092,0.7473560599240374,0.07792207792207792
1581,"Vacuolization, cytoplasmic",0,77,135,0.0,1.0,1.0,0.0
1581,"Change, eosinophilic",0,77,129,0.0,1.0,1.0,0.0
1581,Increased mitosis,0,77,126,0.0,1.0,1.0,0.0
1581,Single cell necrosis,0,77,111,0.0,1.0,1.0,0.0
1581,Swelling,1,76,104,0.4018218623481781,0.9158752194431178,1.0,0.012987012987012988
1581,"Change, acidophilic",3,74,84,1.5424710424710424,0.321973668022728,1.0,0.03896103896103896
1581,"Degeneration, fatty",60,17,20,575.2941176470588,6.14122974159436e-95,4.863853955342733e-92,0.7792207792207793
1581,Fibrosis,25,52,38,41.01720647773279,1.9173085890445467e-26,7.854353806154901e-25,0.3246753246753247
1581,"Proliferation, oval cell",0,77,61,0.0,1.0,1.0,0.0
1581,"Hematopoiesis, extramedullary",0,77,54,0.0,1.0,1.0,0.0
1581,"Cellular infiltration, mononuclear cell",0,77,53,0.0,1.0,1.0,0.0
1581,Anisonucleosis,0,77,47,0.0,1.0,1.0,0.0
1581,"Alteration, nuclear",0,77,46,0.0,1.0,1.0,0.0
1581,"Deposit, pigment",0,77,38,0.0,1.0,1.0,0.0
1581,"Degeneration, hydropic",35,42,0,inf,4.821486771955825e-62,1.0607270898302815e-59,0.45454545454545453
1581,"Alteration, cytoplasmic",0,77,35,0.0,1.0,1.0,0.0
1581,Pyknosis,0,77,33,0.0,1.0,1.0,0.0
1581,"Proliferation, Kupffer cell",0,77,29,0.0,1.0,1.0,0.0
1581,Cellular foci,0,77,25,0.0,1.0,1.0,0.0
1581,Microgranuloma,0,77,20,0.0,1.0,1.0,0.0
1581,Edema,0,77,18,0.0,1.0,1.0,0.0
1581,"Deposit, hemosiderin",0,77,17,0.0,1.0,1.0,0.0
1581,"Inclusion body, intracytoplasmic",0,77,11,0.0,1.0,1.0,0.0
1581,"Degeneration, acidophilic, eosinophilic",0,77,10,0.0,1.0,1.0,0.0
1581,Hemorrhage,0,77,10,0.0,1.0,1.0,0.0
1581,Phagocytosis,0,77,10,0.0,1.0,1.0,0.0
1581,"Lesion,NOS",0,77,10,0.0,1.0,1.0,0.0
1581,"Deposit, glycogen",0,77,9,0.0,1.0,1.0,0.0
1581,Granuloma,0,77,8,0.0,1.0,1.0,0.0
1581,"Vacuolization, nuclear",0,77,5,0.0,1.0,1.0,0.0
1594,Hypertrophy,1,17,504,0.33088235294117646,0.9472710529595268,1.0,0.05555555555555555
1594,Cellular infiltration,3,15,201,3.1223880597014926,0.09197606306136921,0.508694426987461,0.16666666666666666
1594,"Degeneration, granular, eosinophilic",0,18,202,0.0,1.0,1.0,0.0
1594,Ground glass appearance,0,18,174,0.0,1.0,1.0,0.0
1594,Necrosis,2,16,158,2.516613924050633,0.21060446831836682,1.0,0.1111111111111111
1594,"Proliferation, bile duct",17,1,138,394.32608695652175,1.4279960448211168e-22,4.6225049080312994e-21,0.9444444444444444
1594,"Vacuolization, cytoplasmic",0,18,135,0.0,1.0,1.0,0.0
1594,"Change, eosinophilic",0,18,129,0.0,1.0,1.0,0.0
1594,Increased mitosis,0,18,126,0.0,1.0,1.0,0.0
1594,Single cell necrosis,0,18,111,0.0,1.0,1.0,0.0
1594,Swelling,15,3,90,180.5,7.324038459626987e-21,2.1537023985239752e-19,0.8333333333333334
1594,"Change, acidophilic",2,16,85,4.785294117647059,0.07768390311054009,0.43738614642332524,0.1111111111111111
1594,"Degeneration, fatty",0,18,80,0.0,1.0,1.0,0.0
1594,Fibrosis,0,18,63,0.0,1.0,1.0,0.0
1594,"Proliferation, oval cell",15,3,46,357.9347826086956,9.639017844861588e-25,3.523431753752482e-23,0.8333333333333334
1594,"Hematopoiesis, extramedullary",0,18,54,0.0,1.0,1.0,0.0
1594,"Cellular infiltration, mononuclear cell",0,18,53,0.0,1.0,1.0,0.0
1594,Anisonucleosis,2,16,45,9.15,0.025456124099970785,0.1585835103868133,0.1111111111111111
1594,"Alteration, nuclear",0,18,46,0.0,1.0,1.0,0.0
1594,"Deposit, pigment",0,18,38,0.0,1.0,1.0,0.0
1594,"Degeneration, hydropic",0,18,35,0.0,1.0,1.0,0.0
1594,"Alteration, cytoplasmic",0,18,35,0.0,1.0,1.0,0.0
1594,Pyknosis,0,18,33,0.0,1.0,1.0,0.0
1594,"Proliferation, Kupffer cell",0,18,29,0.0,1.0,1.0,0.0
1594,Cellular foci,8,10,17,156.3294117647059,1.140223294742352e-13,2.1812967377679776e-12,0.4444444444444444
1594,Microgranuloma,0,18,20,0.0,1.0,1.0,0.0
1594,Edema,0,18,18,0.0,1.0,1.0,0.0
1594,"Deposit, hemosiderin",0,18,17,0.0,1.0,1.0,0.0
1594,"Inclusion body, intracytoplasmic",0,18,11,0.0,1.0,1.0,0.0
1594,"Degeneration, acidophilic, eosinophilic",0,18,10,0.0,1.0,1.0,0.0
1594,Hemorrhage,0,18,10,0.0,1.0,1.0,0.0
1594,Phagocytosis,0,18,10,0.0,1.0,1.0,0.0
1594,"Lesion,NOS",0,18,10,0.0,1.0,1.0,0.0
1594,"Deposit, glycogen",0,18,9,0.0,1.0,1.0,0.0
1594,Granuloma,0,18,8,0.0,1.0,1.0,0.0
1594,"Vacuolization, nuclear",0,18,5,0.0,1.0,1.0,0.0
1597,Hypertrophy,39,21,466,11.282342121397916,8.219206954595231e-19,2.1991932121754808e-17,0.65
1597,Cellular infiltration,5,55,199,1.4152581087254454,0.29942016004551664,1.0,0.08333333333333333
1597,"Degeneration, granular, eosinophilic",6,54,196,1.757936507936508,0.1494175790714403,0.7785442277932941,0.1
1597,Ground glass appearance,0,60,174,0.0,1.0,1.0,0.0
1597,Necrosis,4,56,156,1.4381868131868132,0.32015346530446304,1.0,0.06666666666666667
1597,"Proliferation, bile duct",5,55,150,1.9072727272727272,0.14141468019126702,0.7413973524590698,0.08333333333333333
1597,"Vacuolization, cytoplasmic",23,37,112,17.677364864864863,8.150979107945169e-18,2.069094696632235e-16,0.38333333333333336
1597,"Change, eosinophilic",3,57,126,1.3245614035087718,0.40767443520722424,1.0,0.05
1597,Increased mitosis,1,59,125,0.43010169491525424,0.9013497492008479,1.0,0.016666666666666666
1597,Single cell necrosis,3,57,108,1.554093567251462,0.318740673776791,1.0,0.05
1597,Swelling,0,60,105,0.0,1.0,1.0,0.0
1597,"Change, acidophilic",0,60,87,0.0,1.0,1.0,0.0
1597,"Degeneration, fatty",0,60,80,0.0,1.0,1.0,0.0
1597,Fibrosis,0,60,63,0.0,1.0,1.0,0.0
1597,"Proliferation, oval cell",0,60,61,0.0,1.0,1.0,0.0
1597,"Hematopoiesis, extramedullary",1,59,53,1.0374160537256156,0.6253332728548215,1.0,0.016666666666666666
1597,"Cellular infiltration, mononuclear cell",0,60,53,0.0,1.0,1.0,0.0
1597,Anisonucleosis,0,60,47,0.0,1.0,1.0,0.0
1597,"Alteration, nuclear",0,60,46,0.0,1.0,1.0,0.0
1597,"Deposit, pigment",0,60,38,0.0,1.0,1.0,0.0
1597,"Degeneration, hydropic",0,60,35,0.0,1.0,1.0,0.0
1597,"Alteration, cytoplasmic",0,60,35,0.0,1.0,1.0,0.0
1597,Pyknosis,0,60,33,0.0,1.0,1.0,0.0
1597,"Proliferation, Kupffer cell",0,60,29,0.0,1.0,1.0,0.0
1597,Cellular foci,0,60,25,0.0,1.0,1.0,0.0
1597,Microgranuloma,1,59,19,2.9241748438893844,0.30352899386063487,1.0,0.016666666666666666
1597,Edema,3,57,15,11.51578947368421,0.003659862524969372,0.025834323705666153,0.05
1597,"Deposit, hemosiderin",1,59,16,3.475635593220339,0.26459250759251346,1.0,0.016666666666666666
1597,"Inclusion body, intracytoplasmic",0,60,11,0.0,1.0,1.0,0.0
1597,"Degeneration, acidophilic, eosinophilic",0,60,10,0.0,1.0,1.0,0.0
1597,Hemorrhage,0,60,10,0.0,1.0,1.0,0.0
1597,Phagocytosis,0,60,10,0.0,1.0,1.0,0.0
1597,"Lesion,NOS",0,60,10,0.0,1.0,1.0,0.0
1597,"Deposit, glycogen",0,60,9,0.0,1.0,1.0,0.0
1597,Granuloma,0,60,8,0.0,1.0,1.0,0.0
1597,"Vacuolization, nuclear",0,60,5,0.0,1.0,1.0,0.0
1605,Hypertrophy,0,43,505,0.0,1.0,1.0,0.0
1605,Cellular infiltration,19,24,185,13.389864864864865,7.501377048011237e-13,1.3647221949521211e-11,0.4418604651162791
1605,"Degeneration, granular, eosinophilic",1,42,201,0.3687514806917792,0.9318415565449364,1.0,0.023255813953488372
1605,Ground glass appearance,0,43,174,0.0,1.0,1.0,0.0
1605,Necrosis,10,33,150,6.391919191919192,2.2412936927211872e-05,0.00021250254644475424,0.23255813953488372
1605,"Proliferation, bile duct",9,34,146,5.74375503626108,0.00011042979895831377,0.0009653465869203588,0.20930232558139536
1605,"Vacuolization, cytoplasmic",0,43,135,0.0,1.0,1.0,0.0
1605,"Change, eosinophilic",8,35,121,6.031641086186541,0.0001783713470153352,0.0015092960132066825,0.18604651162790697
1605,Increased mitosis,1,42,125,0.6074285714285714,0.8090207224795827,1.0,0.023255813953488372
1605,Single cell necrosis,1,42,110,0.6935064935064935,0.7666278304899631,1.0,0.023255813953488372
1605,Swelling,2,41,103,1.5207198673928486,0.39164888091586647,1.0,0.046511627906976744
1605,"Change, acidophilic",3,40,84,2.8839285714285716,0.09890441770877739,0.5424947239832866,0.06976744186046512
1605,"Degeneration, fatty",0,43,80,0.0,1.0,1.0,0.0
1605,Fibrosis,8,35,55,13.543896103896104,8.455512536823021e-07,9.282035383142107e-06,0.18604651162790697
1605,"Proliferation, oval cell",0,43,61,0.0,1.0,1.0,0.0
1605,"Hematopoiesis, extramedullary",0,43,54,0.0,1.0,1.0,0.0
1605,"Cellular infiltration, mononuclear cell",0,43,53,0.0,1.0,1.0,0.0
1605,Anisonucleosis,0,43,47,0.0,1.0,1.0,0.0
1605,"Alteration, nuclear",0,43,46,0.0,1.0,1.0,0.0
1605,"Deposit, pigment",2,41,36,4.441734417344174,0.08430951855256759,0.47089660573789516,0.046511627906976744
1605,"Degeneration, hydropic",0,43,35,0.0,1.0,1.0,0.0
1605,"Alteration, cytoplasmic",23,20,12,316.44166666666666,1.6682206012363745e-38,1.3481946083461312e-36,0.5348837209302325
1605,Pyknosis,0,43,33,0.0,1.0,1.0,0.0
1605,"Proliferation, Kupffer cell",0,43,29,0.0,1.0,1.0,0.0
1605,Cellular foci,0,43,25,0.0,1.0,1.0,0.0
1605,Microgranuloma,0,43,20,0.0,1.0,1.0,0.0
1605,Edema,0,43,18,0.0,1.0,1.0,0.0
1605,"Deposit, hemosiderin",0,43,17,0.0,1.0,1.0,0.0
1605,"Inclusion body, intracytoplasmic",0,43,11,0.0,1.0,1.0,0.0
1605,"Degeneration, acidophilic, eosinophilic",7,36,3,214.60185185185185,3.9677247070810904e-12,6.75309018912942e-11,0.16279069767441862
1605,Hemorrhage,0,43,10,0.0,1.0,1.0,0.0
1605,Phagocytosis,0,43,10,0.0,1.0,1.0,0.0
1605,"Lesion,NOS",0,43,10,0.0,1.0,1.0,0.0
1605,"Deposit, glycogen",0,43,9,0.0,1.0,1.0,0.0
1605,Granuloma,0,43,8,0.0,1.0,1.0,0.0
1605,"Vacuolization, nuclear",0,43,5,0.0,1.0,1.0,0.0
1625,Hypertrophy,1,52,504,0.10683760683760683,0.9998357239259429,1.0,0.018867924528301886
1625,Cellular infiltration,50,3,154,340.90909090909093,6.355199281362636e-60,1.2177381848804536e-57,0.9433962264150944
1625,"Degeneration, granular, eosinophilic",0,53,202,0.0,1.0,1.0,0.0
1625,Ground glass appearance,0,53,174,0.0,1.0,1.0,0.0
1625,Necrosis,0,53,160,0.0,1.0,1.0,0.0
1625,"Proliferation, bile duct",0,53,155,0.0,1.0,1.0,0.0
1625,"Vacuolization, cytoplasmic",1,52,134,0.45493685419058555,0.8883953286822459,1.0,0.018867924528301886
1625,"Change, eosinophilic",1,52,128,0.47716346153846156,0.8767307147381251,1.0,0.018867924528301886
1625,Increased mitosis,0,53,126,0.0,1.0,1.0,0.0
1625,Single cell necrosis,1,52,110,0.5583916083916084,0.8340838565702056,1.0,0.018867924528301886
1625,Swelling,0,53,105,0.0,1.0,1.0,0.0
1625,"Change, acidophilic",0,53,87,0.0,1.0,1.0,0.0
1625,"Degeneration, fatty",52,1,28,6084.0,8.207226279583524e-93,5.735402835379546e-90,0.9811320754716981
1625,Fibrosis,22,31,41,56.47993705743509,5.458438430093387e-26,2.168770854498643e-24,0.41509433962264153
1625,"Proliferation, oval cell",0,53,61,0.0,1.0,1.0,0.0
1625,"Hematopoiesis, extramedullary",0,53,54,0.0,1.0,1.0,0.0
1625,"Cellular infiltration, mononuclear cell",0,53,53,0.0,1.0,1.0,0.0
1625,Anisonucleosis,0,53,47,0.0,1.0,1.0,0.0
1625,"Alteration, nuclear",0,53,46,0.0,1.0,1.0,0.0
1625,"Deposit, pigment",0,53,38,0.0,1.0,1.0,0.0
1625,"Degeneration, hydropic",35,18,0,inf,3.115490238657736e-70,1.5421676681355795e-67,0.660377358490566
1625,"Alteration, cytoplasmic",0,53,35,0.0,1.0,1.0,0.0
1625,Pyknosis,0,53,33,0.0,1.0,1.0,0.0
1625,"Proliferation, Kupffer cell",1,52,28,2.25,0.3708925354023436,1.0,0.018867924528301886
1625,Cellular foci,0,53,25,0.0,1.0,1.0,0.0
1625,Microgranuloma,0,53,20,0.0,1.0,1.0,0.0
1625,Edema,0,53,18,0.0,1.0,1.0,0.0
1625,"Deposit, hemosiderin",0,53,17,0.0,1.0,1.0,0.0
1625,"Inclusion body, intracytoplasmic",0,53,11,0.0,1.0,1.0,0.0
1625,"Degeneration, acidophilic, eosinophilic",0,53,10,0.0,1.0,1.0,0.0
1625,Hemorrhage,0,53,10,0.0,1.0,1.0,0.0
1625,Phagocytosis,0,53,10,0.0,1.0,1.0,0.0
1625,"Lesion,NOS",0,53,10,0.0,1.0,1.0,0.0
1625,"Deposit, glycogen",0,53,9,0.0,1.0,1.0,0.0
1625,Granuloma,0,53,8,0.0,1.0,1.0,0.0
1625,"Vacuolization, nuclear",0,53,5,0.0,1.0,1.0,0.0
1626,Hypertrophy,24,2,481,71.1018711018711,2.7112740621730264e-18,7.032737087033964e-17,0.9230769230769231
1626,Cellular infiltration,9,17,195,8.514027149321267,1.197674633055202e-05,0.00011710596412095309,0.34615384615384615
1626,"Degeneration, granular, eosinophilic",0,26,202,0.0,1.0,1.0,0.0
1626,Ground glass appearance,0,26,174,0.0,1.0,1.0,0.0
1626,Necrosis,7,19,153,7.652562779497764,0.0001496251991990314,0.0012834277014328469,0.2692307692307692
1626,"Proliferation, bile duct",9,17,146,11.549153908138598,1.2047170704121048e-06,1.2963803257695474e-05,0.34615384615384615
1626,"Vacuolization, cytoplasmic",15,11,120,36.48863636363637,2.8381167134294918e-15,6.197946058004111e-14,0.5769230769230769
1626,"Change, eosinophilic",5,21,124,6.157834101382488,0.002660526058357558,0.019272591203224262,0.19230769230769232
1626,Increased mitosis,0,26,126,0.0,1.0,1.0,0.0
1626,Single cell necrosis,6,20,105,9.217142857142857,0.0001530897885145575,0.0013112521179184883,0.23076923076923078
1626,Swelling,0,26,105,0.0,1.0,1.0,0.0
1626,"Change, acidophilic",0,26,87,0.0,1.0,1.0,0.0
1626,"Degeneration, fatty",0,26,80,0.0,1.0,1.0,0.0
1626,Fibrosis,0,26,63,0.0,1.0,1.0,0.0
1626,"Proliferation, oval cell",0,26,61,0.0,1.0,1.0,0.0
1626,"Hematopoiesis, extramedullary",0,26,54,0.0,1.0,1.0,0.0
1626,"Cellular infiltration, mononuclear cell",0,26,53,0.0,1.0,1.0,0.0
1626,Anisonucleosis,0,26,47,0.0,1.0,1.0,0.0
1626,"Alteration, nuclear",0,26,46,0.0,1.0,1.0,0.0
1626,"Deposit, pigment",2,24,36,7.627314814814815,0.03418731012434532,0.20967746219784325,0.07692307692307693
1626,"Degeneration, hydropic",0,26,35,0.0,1.0,1.0,0.0
1626,"Alteration, cytoplasmic",0,26,35,0.0,1.0,1.0,0.0
1626,Pyknosis,0,26,33,0.0,1.0,1.0,0.0
1626,"Proliferation, Kupffer cell",0,26,29,0.0,1.0,1.0,0.0
1626,Cellular foci,0,26,25,0.0,1.0,1.0,0.0
1626,Microgranuloma,0,26,20,0.0,1.0,1.0,0.0
1626,Edema,7,19,11,111.19617224880383,2.091939825042219e-11,3.4044171399317205e-10,0.2692307692307692
1626,"Deposit, hemosiderin",0,26,17,0.0,1.0,1.0,0.0
1626,"Inclusion body, intracytoplasmic",0,26,11,0.0,1.0,1.0,0.0
1626,"Degeneration, acidophilic, eosinophilic",0,26,10,0.0,1.0,1.0,0.0
1626,Hemorrhage,0,26,10,0.0,1.0,1.0,0.0
1626,Phagocytosis,0,26,10,0.0,1.0,1.0,0.0
1626,"Lesion,NOS",0,26,10,0.0,1.0,1.0,0.0
1626,"Deposit, glycogen",0,26,9,0.0,1.0,1.0,0.0
1626,Granuloma,0,26,8,0.0,1.0,1.0,0.0
1626,"Vacuolization, nuclear",0,26,5,0.0,1.0,1.0,0.0
1632,Hypertrophy,23,43,482,3.1171957927241145,4.480485796500811e-05,0.0004097626733058478,0.3484848484848485
1632,Cellular infiltration,4,62,200,0.9970967741935484,0.5767097189491603,1.0,0.06060606060606061
1632,"Degeneration, granular, eosinophilic",0,66,202,0.0,1.0,1.0,0.0
1632,Ground glass appearance,1,65,173,0.2772787905735883,0.9712224207162531,1.0,0.015151515151515152
1632,Necrosis,2,64,158,0.6196598101265823,0.83142441217589,1.0,0.030303030303030304
1632,"Proliferation, bile duct",13,53,142,5.439410045176721,6.396463247901785e-06,6.412656825744574e-05,0.19696969696969696
1632,"Vacuolization, cytoplasmic",2,64,133,0.7420112781954887,0.7522362219756903,1.0,0.030303030303030304
1632,"Change, eosinophilic",2,64,127,0.7785433070866141,0.7290948215628986,1.0,0.030303030303030304
1632,Increased mitosis,9,57,117,4.283400809716599,0.0006712927883069893,0.005284929307546079,0.13636363636363635
1632,Single cell necrosis,19,47,92,14.056660499537465,7.488219135135722e-14,1.4704139392630146e-12,0.2878787878787879
1632,Swelling,0,66,105,0.0,1.0,1.0,0.0
1632,"Change, acidophilic",4,62,83,2.4935872522347453,0.09022794047054973,0.499723977990737,0.06060606060606061
1632,"Degeneration, fatty",0,66,80,0.0,1.0,1.0,0.0
1632,Fibrosis,4,62,59,3.5341716785128487,0.034110732342793895,0.20931585755805346,0.06060606060606061
1632,"Proliferation, oval cell",0,66,61,0.0,1.0,1.0,0.0
1632,"Hematopoiesis, extramedullary",18,48,36,33.90625,9.24249999838198e-19,2.4674359546242227e-17,0.2727272727272727
1632,"Cellular infiltration, mononuclear cell",16,50,37,28.142702702702703,6.248670645518593e-16,1.430331546604256e-14,0.24242424242424243
1632,Anisonucleosis,12,54,35,20.673015873015874,3.621146291908954e-11,5.782152949983652e-10,0.18181818181818182
1632,"Alteration, nuclear",2,64,44,2.3061079545454546,0.2284567705817629,1.0,0.030303030303030304
1632,"Deposit, pigment",5,61,33,8.092399403874813,0.000766082260878054,0.005999378549262546,0.07575757575757576
1632,"Degeneration, hydropic",0,66,35,0.0,1.0,1.0,0.0
1632,"Alteration, cytoplasmic",0,66,35,0.0,1.0,1.0,0.0
1632,Pyknosis,0,66,33,0.0,1.0,1.0,0.0
1632,"Proliferation, Kupffer cell",2,64,27,3.7777777777777777,0.11014065572706741,0.595300723401984,0.030303030303030304
1632,Cellular foci,0,66,25,0.0,1.0,1.0,0.0
1632,Microgranuloma,0,66,20,0.0,1.0,1.0,0.0
1632,Edema,0,66,18,0.0,1.0,1.0,0.0
1632,"Deposit, hemosiderin",0,66,17,0.0,1.0,1.0,0.0
1632,"Inclusion body, intracytoplasmic",2,64,9,11.395833333333334,0.018676800044864238,0.11890695848498775,0.030303030303030304
1632,"Degeneration, acidophilic, eosinophilic",0,66,10,0.0,1.0,1.0,0.0
1632,Hemorrhage,4,62,6,35.32258064516129,2.6204218874036305e-05,0.0002460917946431236,0.06060606060606061
1632,Phagocytosis,4,62,6,35.32258064516129,2.6204218874036305e-05,0.0002460917946431236,0.06060606060606061
1632,"Lesion,NOS",0,66,10,0.0,1.0,1.0,0.0
1632,"Deposit, glycogen",0,66,9,0.0,1.0,1.0,0.0
1632,Granuloma,0,66,8,0.0,1.0,1.0,0.0
1632,"Vacuolization, nuclear",0,66,5,0.0,1.0,1.0,0.0
1639,Hypertrophy,10,49,495,1.1556380127808699,0.3941506886486321,1.0,0.1694915254237288
1639,Cellular infiltration,4,55,200,1.1265454545454545,0.4865923491944497,1.0,0.06779661016949153
1639,"Degeneration, granular, eosinophilic",41,18,161,44.381297446514836,3.9669228536324814e-38,3.060197629945057e-36,0.6949152542372882
1639,Ground glass appearance,0,59,174,0.0,1.0,1.0,0.0
1639,Necrosis,4,55,156,1.4648018648018648,0.3091757332574903,1.0,0.06779661016949153
1639,"Proliferation, bile duct",4,55,151,1.5157134256472005,0.2890844049733227,1.0,0.06779661016949153
1639,"Vacuolization, cytoplasmic",5,54,130,2.2564102564102564,0.08653322056632512,0.4817313309877893,0.0847457627118644
1639,"Change, eosinophilic",3,56,126,1.348639455782313,0.39717069240911346,1.0,0.05084745762711865
1639,Increased mitosis,11,48,115,6.342934782608696,8.125321406845072e-06,8.091267251745136e-05,0.1864406779661017
1639,Single cell necrosis,2,57,109,1.0265572187349106,0.5872565774734559,1.0,0.03389830508474576
1639,Swelling,0,59,105,0.0,1.0,1.0,0.0
1639,"Change, acidophilic",0,59,87,0.0,1.0,1.0,0.0
1639,"Degeneration, fatty",0,59,80,0.0,1.0,1.0,0.0
1639,Fibrosis,0,59,63,0.0,1.0,1.0,0.0
1639,"Proliferation, oval cell",0,59,61,0.0,1.0,1.0,0.0
1639,"Hematopoiesis, extramedullary",0,59,54,0.0,1.0,1.0,0.0
1639,"Cellular infiltration, mononuclear cell",0,59,53,0.0,1.0,1.0,0.0
1639,Anisonucleosis,0,59,47,0.0,1.0,1.0,0.0
1639,"Alteration, nuclear",0,59,46,0.0,1.0,1.0,0.0
1639,"Deposit, pigment",0,59,38,0.0,1.0,1.0,0.0
1639,"Degeneration, hydropic",0,59,35,0.0,1.0,1.0,0.0
1639,"Alteration, cytoplasmic",0,59,35,0.0,1.0,1.0,0.0
1639,Pyknosis,0,59,33,0.0,1.0,1.0,0.0
1639,"Proliferation, Kupffer cell",0,59,29,0.0,1.0,1.0,0.0
1639,Cellular foci,0,59,25,0.0,1.0,1.0,0.0
1639,Microgranuloma,0,59,20,0.0,1.0,1.0,0.0
1639,Edema,3,56,15,11.725,0.0034885740294033378,0.02475762214415272,0.05084745762711865
1639,"Deposit, hemosiderin",0,59,17,0.0,1.0,1.0,0.0
1639,"Inclusion body, intracytoplasmic",0,59,11,0.0,1.0,1.0,0.0
1639,"Degeneration, acidophilic, eosinophilic",0,59,10,0.0,1.0,1.0,0.0
1639,Hemorrhage,0,59,10,0.0,1.0,1.0,0.0
1639,Phagocytosis,0,59,10,0.0,1.0,1.0,0.0
1639,"Lesion,NOS",0,59,10,0.0,1.0,1.0,0.0
1639,"Deposit, glycogen",0,59,9,0.0,1.0,1.0,0.0
1639,Granuloma,0,59,8,0.0,1.0,1.0,0.0
1639,"Vacuolization, nuclear",0,59,5,0.0,1.0,1.0,0.0
1646,Hypertrophy,4,20,501,1.1305389221556885,0.4979024218063207,1.0,0.16666666666666666
1646,Cellular infiltration,0,24,204,0.0,1.0,1.0,0.0
1646,"Degeneration, granular, eosinophilic",22,2,180,192.68333333333334,1.138537278207032e-25,4.405805493517766e-24,0.9166666666666666
1646,Ground glass appearance,1,23,173,0.7941693892937924,0.7224853969059482,1.0,0.041666666666666664
1646,Necrosis,4,20,156,4.073076923076923,0.025038038770105242,0.15630683162840267,0.16666666666666666
1646,"Proliferation, bile duct",0,24,155,0.0,1.0,1.0,0.0
1646,"Vacuolization, cytoplasmic",0,24,135,0.0,1.0,1.0,0.0
1646,"Change, eosinophilic",0,24,129,0.0,1.0,1.0,0.0
1646,Increased mitosis,1,23,125,1.1158260869565217,0.602025079623572,1.0,0.041666666666666664
1646,Single cell necrosis,0,24,111,0.0,1.0,1.0,0.0
1646,Swelling,0,24,105,0.0,1.0,1.0,0.0
1646,"Change, acidophilic",0,24,87,0.0,1.0,1.0,0.0
1646,"Degeneration, fatty",0,24,80,0.0,1.0,1.0,0.0
1646,Fibrosis,0,24,63,0.0,1.0,1.0,0.0
1646,"Proliferation, oval cell",0,24,61,0.0,1.0,1.0,0.0
1646,"Hematopoiesis, extramedullary",0,24,54,0.0,1.0,1.0,0.0
1646,"Cellular infiltration, mononuclear cell",0,24,53,0.0,1.0,1.0,0.0
1646,Anisonucleosis,0,24,47,0.0,1.0,1.0,0.0
1646,"Alteration, nuclear",0,24,46,0.0,1.0,1.0,0.0
1646,"Deposit, pigment",0,24,38,0.0,1.0,1.0,0.0
1646,"Degeneration, hydropic",0,24,35,0.0,1.0,1.0,0.0
1646,"Alteration, cytoplasmic",0,24,35,0.0,1.0,1.0,0.0
1646,Pyknosis,0,24,33,0.0,1.0,1.0,0.0
1646,"Proliferation, Kupffer cell",0,24,29,0.0,1.0,1.0,0.0
1646,Cellular foci,1,23,24,5.994565217391305,0.1647461783683506,0.8468994370471679,0.041666666666666664
1646,Microgranuloma,0,24,20,0.0,1.0,1.0,0.0
1646,Edema,0,24,18,0.0,1.0,1.0,0.0
1646,"Deposit, hemosiderin",0,24,17,0.0,1.0,1.0,0.0
1646,"Inclusion body, intracytoplasmic",0,24,11,0.0,1.0,1.0,0.0
1646,"Degeneration, acidophilic, eosinophilic",0,24,10,0.0,1.0,1.0,0.0
1646,Hemorrhage,0,24,10,0.0,1.0,1.0,0.0
1646,Phagocytosis,0,24,10,0.0,1.0,1.0,0.0
1646,"Lesion,NOS",0,24,10,0.0,1.0,1.0,0.0
1646,"Deposit, glycogen",0,24,9,0.0,1.0,1.0,0.0
1646,Granuloma,4,20,4,166.45,1.3814660819227418e-07,1.6217210526919143e-06,0.16666666666666666
1646,"Vacuolization, nuclear",0,24,5,0.0,1.0,1.0,0.0
1649,Hypertrophy,1,52,504,0.10683760683760683,0.9998357239259429,1.0,0.018867924528301886
1649,Cellular infiltration,2,51,202,0.6022131624927198,0.842526134144802,1.0,0.03773584905660377
1649,"Degeneration, granular, eosinophilic",25,28,177,15.773809523809524,1.47197350665426e-17,3.6814832124321277e-16,0.4716981132075472
1649,Ground glass appearance,0,53,174,0.0,1.0,1.0,0.0
1649,Necrosis,6,47,154,2.611218568665377,0.038388260295210086,0.2324426770168684,0.11320754716981132
1649,"Proliferation, bile duct",0,53,155,0.0,1.0,1.0,0.0
1649,"Vacuolization, cytoplasmic",0,53,135,0.0,1.0,1.0,0.0
1649,"Change, eosinophilic",0,53,129,0.0,1.0,1.0,0.0
1649,Increased mitosis,19,34,107,16.696811434854315,8.570635932917582e-15,1.8149581975590173e-13,0.3584905660377358
1649,Single cell necrosis,1,52,110,0.5583916083916084,0.8340838565702056,1.0,0.018867924528301886
1649,Swelling,0,53,105,0.0,1.0,1.0,0.0
1649,"Change, acidophilic",0,53,87,0.0,1.0,1.0,0.0
1649,"Degeneration, fatty",0,53,80,0.0,1.0,1.0,0.0
1649,Fibrosis,0,53,63,0.0,1.0,1.0,0.0
1649,"Proliferation, oval cell",0,53,61,0.0,1.0,1.0,0.0
1649,"Hematopoiesis, extramedullary",0,53,54,0.0,1.0,1.0,0.0
1649,"Cellular infiltration, mononuclear cell",0,53,53,0.0,1.0,1.0,0.0
1649,Anisonucleosis,0,53,47,0.0,1.0,1.0,0.0
1649,"Alteration, nuclear",0,53,46,0.0,1.0,1.0,0.0
1649,"Deposit, pigment",0,53,38,0.0,1.0,1.0,0.0
1649,"Degeneration, hydropic",0,53,35,0.0,1.0,1.0,0.0
1649,"Alteration, cytoplasmic",0,53,35,0.0,1.0,1.0,0.0
1649,Pyknosis,0,53,33,0.0,1.0,1.0,0.0
1649,"Proliferation, Kupffer cell",0,53,29,0.0,1.0,1.0,0.0
1649,Cellular foci,0,53,25,0.0,1.0,1.0,0.0
1649,Microgranuloma,0,53,20,0.0,1.0,1.0,0.0
1649,Edema,0,53,18,0.0,1.0,1.0,0.0
1649,"Deposit, hemosiderin",0,53,17,0.0,1.0,1.0,0.0
1649,"Inclusion body, intracytoplasmic",0,53,11,0.0,1.0,1.0,0.0
1649,"Degeneration, acidophilic, eosinophilic",0,53,10,0.0,1.0,1.0,0.0
1649,Hemorrhage,0,53,10,0.0,1.0,1.0,0.0
1649,Phagocytosis,0,53,10,0.0,1.0,1.0,0.0
1649,"Lesion,NOS",0,53,10,0.0,1.0,1.0,0.0
1649,"Deposit, glycogen",0,53,9,0.0,1.0,1.0,0.0
1649,Granuloma,2,51,6,21.555555555555557,0.006444554671496524,0.04405138636212814,0.03773584905660377
1649,"Vacuolization, nuclear",0,53,5,0.0,1.0,1.0,0.0
1656,Hypertrophy,51,17,454,18.733480176211454,4.546391652378374e-29,2.1180836404021598e-27,0.75
1656,Cellular infiltration,18,50,186,6.005806451612903,5.187592203784196e-08,6.340390471291795e-07,0.2647058823529412
1656,"Degeneration, granular, eosinophilic",36,32,166,21.164909638554217,2.5504664982898342e-27,1.1018015272612084e-25,0.5294117647058824
1656,Ground glass appearance,12,56,162,4.136243386243386,0.00014670434704982876,0.0012601935234649066,0.17647058823529413
1656,Necrosis,4,64,156,1.2552083333333333,0.4083196866839128,1.0,0.058823529411764705
1656,"Proliferation, bile duct",5,63,150,1.6608465608465608,0.20343252557831631,1.0,0.07352941176470588
1656,"Vacuolization, cytoplasmic",10,58,125,4.364137931034483,0.0003134913128814364,0.002566696620972753,0.14705882352941177
1656,"Change, eosinophilic",8,60,121,3.4909090909090907,0.004054702423446087,0.028468794877065454,0.11764705882352941
1656,Increased mitosis,7,61,119,3.0568948891031824,0.012827743157362518,0.08382485627583428,0.10294117647058823
1656,Single cell necrosis,18,50,93,12.371612903225806,1.8075408263600498e-12,3.167195430259203e-11,0.2647058823529412
1656,Swelling,0,68,105,0.0,1.0,1.0,0.0
1656,"Change, acidophilic",0,68,87,0.0,1.0,1.0,0.0
1656,"Degeneration, fatty",0,68,80,0.0,1.0,1.0,0.0
1656,Fibrosis,5,63,58,4.421182266009852,0.008331357187949952,0.05598219648916597,0.07352941176470588
1656,"Proliferation, oval cell",12,56,49,14.169096209912537,1.4057435750807687e-09,1.9464141808810645e-08,0.17647058823529413
1656,"Hematopoiesis, extramedullary",0,68,54,0.0,1.0,1.0,0.0
1656,"Cellular infiltration, mononuclear cell",0,68,53,0.0,1.0,1.0,0.0
1656,Anisonucleosis,0,68,47,0.0,1.0,1.0,0.0
1656,"Alteration, nuclear",26,42,20,101.18333333333334,1.805666836289788e-34,1.1349905828107238e-32,0.38235294117647056
1656,"Deposit, pigment",0,68,38,0.0,1.0,1.0,0.0
1656,"Degeneration, hydropic",0,68,35,0.0,1.0,1.0,0.0
1656,"Alteration, cytoplasmic",0,68,35,0.0,1.0,1.0,0.0
1656,Pyknosis,0,68,33,0.0,1.0,1.0,0.0
1656,"Proliferation, Kupffer cell",0,68,29,0.0,1.0,1.0,0.0
1656,Cellular foci,8,60,17,25.662745098039217,1.5338131807585263e-08,1.969913577017437e-07,0.11764705882352941
1656,Microgranuloma,0,68,20,0.0,1.0,1.0,0.0
1656,Edema,0,68,18,0.0,1.0,1.0,0.0
1656,"Deposit, hemosiderin",0,68,17,0.0,1.0,1.0,0.0
1656,"Inclusion body, intracytoplasmic",0,68,11,0.0,1.0,1.0,0.0
1656,"Degeneration, acidophilic, eosinophilic",0,68,10,0.0,1.0,1.0,0.0
1656,Hemorrhage,0,68,10,0.0,1.0,1.0,0.0
1656,Phagocytosis,0,68,10,0.0,1.0,1.0,0.0
1656,"Lesion,NOS",0,68,10,0.0,1.0,1.0,0.0
1656,"Deposit, glycogen",0,68,9,0.0,1.0,1.0,0.0
1656,Granuloma,0,68,8,0.0,1.0,1.0,0.0
1656,"Vacuolization, nuclear",2,66,3,33.19191919191919,0.003887186162829953,0.027373901371914547,0.029411764705882353
1670,Hypertrophy,13,7,492,10.738966318234612,4.915006641627555e-07,5.524151267978747e-06,0.65
1670,Cellular infiltration,1,19,203,0.8125486129115893,0.7156482841731758,1.0,0.05
1670,"Degeneration, granular, eosinophilic",0,20,202,0.0,1.0,1.0,0.0
1670,Ground glass appearance,0,20,174,0.0,1.0,1.0,0.0
1670,Necrosis,1,19,159,1.051969546507779,0.6245165245791128,1.0,0.05
1670,"Proliferation, bile duct",7,13,148,11.602390852390853,1.824196138015175e-05,0.00017462892924754455,0.35
1670,"Vacuolization, cytoplasmic",0,20,135,0.0,1.0,1.0,0.0
1670,"Change, eosinophilic",0,20,129,0.0,1.0,1.0,0.0
1670,Increased mitosis,0,20,126,0.0,1.0,1.0,0.0
1670,Single cell necrosis,0,20,111,0.0,1.0,1.0,0.0
1670,Swelling,6,14,99,14.017316017316018,2.202679843442849e-05,0.0002090082790742895,0.3
1670,"Change, acidophilic",1,19,86,1.9895960832313342,0.40942959398518086,1.0,0.05
1670,"Degeneration, fatty",0,20,80,0.0,1.0,1.0,0.0
1670,Fibrosis,0,20,63,0.0,1.0,1.0,0.0
1670,"Proliferation, oval cell",6,14,55,25.574025974025975,8.919080385491979e-07,9.74780818579988e-06,0.3
1670,"Hematopoiesis, extramedullary",0,20,54,0.0,1.0,1.0,0.0
1670,"Cellular infiltration, mononuclear cell",0,20,53,0.0,1.0,1.0,0.0
1670,Anisonucleosis,1,19,46,3.765446224256293,0.246327518366306,1.0,0.05
1670,"Alteration, nuclear",0,20,46,0.0,1.0,1.0,0.0
1670,"Deposit, pigment",0,20,38,0.0,1.0,1.0,0.0
1670,"Degeneration, hydropic",0,20,35,0.0,1.0,1.0,0.0
1670,"Alteration, cytoplasmic",0,20,35,0.0,1.0,1.0,0.0
1670,Pyknosis,0,20,33,0.0,1.0,1.0,0.0
1670,"Proliferation, Kupffer cell",0,20,29,0.0,1.0,1.0,0.0
1670,Cellular foci,3,17,22,26.59090909090909,0.0003827678168292396,0.003112444670726466,0.15
1670,Microgranuloma,0,20,20,0.0,1.0,1.0,0.0
1670,Edema,0,20,18,0.0,1.0,1.0,0.0
1670,"Deposit, hemosiderin",0,20,17,0.0,1.0,1.0,0.0
1670,"Inclusion body, intracytoplasmic",0,20,11,0.0,1.0,1.0,0.0
1670,"Degeneration, acidophilic, eosinophilic",0,20,10,0.0,1.0,1.0,0.0
1670,Hemorrhage,0,20,10,0.0,1.0,1.0,0.0
1670,Phagocytosis,0,20,10,0.0,1.0,1.0,0.0
1670,"Lesion,NOS",0,20,10,0.0,1.0,1.0,0.0
1670,"Deposit, glycogen",0,20,9,0.0,1.0,1.0,0.0
1670,Granuloma,0,20,8,0.0,1.0,1.0,0.0
1670,"Vacuolization, nuclear",0,20,5,0.0,1.0,1.0,0.0
1675,Hypertrophy,34,16,471,12.795116772823778,1.864260850411544e-17,4.633351234914047e-16,0.68
1675,Cellular infiltration,0,50,204,0.0,1.0,1.0,0.0
1675,"Degeneration, granular, eosinophilic",50,0,152,inf,1.775897172512046e-64,5.274414602360777e-62,1.0
1675,Ground glass appearance,0,50,174,0.0,1.0,1.0,0.0
1675,Necrosis,10,40,150,5.261666666666667,8.987013928150233e-05,0.0007955717247870698,0.2
1675,"Proliferation, bile duct",1,49,154,0.4178372647760403,0.9075834591586792,1.0,0.02
1675,"Vacuolization, cytoplasmic",0,50,135,0.0,1.0,1.0,0.0
1675,"Change, eosinophilic",0,50,129,0.0,1.0,1.0,0.0
1675,Increased mitosis,5,45,121,2.925619834710744,0.03779426923319415,0.22943071971913462,0.1
1675,Single cell necrosis,4,46,107,2.600568874441284,0.08155774769856525,0.45746272080215067,0.08
1675,Swelling,0,50,105,0.0,1.0,1.0,0.0
1675,"Change, acidophilic",0,50,87,0.0,1.0,1.0,0.0
1675,"Degeneration, fatty",0,50,80,0.0,1.0,1.0,0.0
1675,Fibrosis,0,50,63,0.0,1.0,1.0,0.0
1675,"Proliferation, oval cell",0,50,61,0.0,1.0,1.0,0.0
1675,"Hematopoiesis, extramedullary",0,50,54,0.0,1.0,1.0,0.0
1675,"Cellular infiltration, mononuclear cell",1,49,52,1.2774725274725274,0.551391783579483,1.0,0.02
1675,Anisonucleosis,0,50,47,0.0,1.0,1.0,0.0
1675,"Alteration, nuclear",0,50,46,0.0,1.0,1.0,0.0
1675,"Deposit, pigment",0,50,38,0.0,1.0,1.0,0.0
1675,"Degeneration, hydropic",0,50,35,0.0,1.0,1.0,0.0
1675,"Alteration, cytoplasmic",0,50,35,0.0,1.0,1.0,0.0
1675,Pyknosis,0,50,33,0.0,1.0,1.0,0.0
1675,"Proliferation, Kupffer cell",2,48,27,5.061728395061729,0.06839468009597903,0.3910148217229215,0.04
1675,Cellular foci,1,49,24,2.7916666666666665,0.3137511192253149,1.0,0.02
1675,Microgranuloma,0,50,20,0.0,1.0,1.0,0.0
1675,Edema,0,50,18,0.0,1.0,1.0,0.0
1675,"Deposit, hemosiderin",0,50,17,0.0,1.0,1.0,0.0
1675,"Inclusion body, intracytoplasmic",0,50,11,0.0,1.0,1.0,0.0
1675,"Degeneration, acidophilic, eosinophilic",0,50,10,0.0,1.0,1.0,0.0
1675,Hemorrhage,0,50,10,0.0,1.0,1.0,0.0
1675,Phagocytosis,0,50,10,0.0,1.0,1.0,0.0
1675,"Lesion,NOS",0,50,10,0.0,1.0,1.0,0.0
1675,"Deposit, glycogen",0,50,9,0.0,1.0,1.0,0.0
1675,Granuloma,4,46,4,71.80434782608695,2.9201773033103088e-06,3.0298433505088618e-05,0.08
1675,"Vacuolization, nuclear",0,50,5,0.0,1.0,1.0,0.0
1676,Hypertrophy,13,34,492,2.1899808703969392,0.018009508090034154,0.11478162881416618,0.2765957446808511
1676,Cellular infiltration,11,36,193,4.934801381692574,7.98881606969875e-05,0.0007114477879162005,0.23404255319148937
1676,"Degeneration, granular, eosinophilic",0,47,202,0.0,1.0,1.0,0.0
1676,Ground glass appearance,0,47,174,0.0,1.0,1.0,0.0
1676,Necrosis,2,45,158,0.8866385372714487,0.6643538888019345,1.0,0.0425531914893617
1676,"Proliferation, bile duct",33,14,122,61.594847775175644,5.134532930403557e-35,3.4268680456850705e-33,0.7021276595744681
1676,"Vacuolization, cytoplasmic",0,47,135,0.0,1.0,1.0,0.0
1676,"Change, eosinophilic",0,47,129,0.0,1.0,1.0,0.0
1676,Increased mitosis,0,47,126,0.0,1.0,1.0,0.0
1676,Single cell necrosis,0,47,111,0.0,1.0,1.0,0.0
1676,Swelling,34,13,71,119.31310942578548,2.110586607018885e-43,2.16153180098141e-41,0.723404255319149
1676,"Change, acidophilic",0,47,87,0.0,1.0,1.0,0.0
1676,"Degeneration, fatty",0,47,80,0.0,1.0,1.0,0.0
1676,Fibrosis,0,47,63,0.0,1.0,1.0,0.0
1676,"Proliferation, oval cell",33,14,28,276.2908163265306,2.6125487033105878e-51,3.4873122017224474e-49,0.7021276595744681
1676,"Hematopoiesis, extramedullary",0,47,54,0.0,1.0,1.0,0.0
1676,"Cellular infiltration, mononuclear cell",0,47,53,0.0,1.0,1.0,0.0
1676,Anisonucleosis,0,47,47,0.0,1.0,1.0,0.0
1676,"Alteration, nuclear",0,47,46,0.0,1.0,1.0,0.0
1676,"Deposit, pigment",0,47,38,0.0,1.0,1.0,0.0
1676,"Degeneration, hydropic",0,47,35,0.0,1.0,1.0,0.0
1676,"Alteration, cytoplasmic",0,47,35,0.0,1.0,1.0,0.0
1676,Pyknosis,0,47,33,0.0,1.0,1.0,0.0
1676,"Proliferation, Kupffer cell",0,47,29,0.0,1.0,1.0,0.0
1676,Cellular foci,7,40,18,32.00555555555555,2.6411068725610446e-08,3.292376667998448e-07,0.14893617021276595
1676,Microgranuloma,0,47,20,0.0,1.0,1.0,0.0
1676,Edema,0,47,18,0.0,1.0,1.0,0.0
1676,"Deposit, hemosiderin",0,47,17,0.0,1.0,1.0,0.0
1676,"Inclusion body, intracytoplasmic",0,47,11,0.0,1.0,1.0,0.0
1676,"Degeneration, acidophilic, eosinophilic",0,47,10,0.0,1.0,1.0,0.0
1676,Hemorrhage,0,47,10,0.0,1.0,1.0,0.0
1676,Phagocytosis,0,47,10,0.0,1.0,1.0,0.0
1676,"Lesion,NOS",0,47,10,0.0,1.0,1.0,0.0
1676,"Deposit, glycogen",0,47,9,0.0,1.0,1.0,0.0
1676,Granuloma,0,47,8,0.0,1.0,1.0,0.0
1676,"Vacuolization, nuclear",0,47,5,0.0,1.0,1.0,0.0
1680,Hypertrophy,0,17,505,0.0,1.0,1.0,0.0
1680,Cellular infiltration,0,17,204,0.0,1.0,1.0,0.0
1680,"Degeneration, granular, eosinophilic",0,17,202,0.0,1.0,1.0,0.0
1680,Ground glass appearance,0,17,174,0.0,1.0,1.0,0.0
1680,Necrosis,3,14,157,4.3444040036396725,0.04417720926645506,0.2633342930684827,0.17647058823529413
1680,"Proliferation, bile duct",3,14,152,4.4943609022556394,0.04077393310410889,0.2456360675845911,0.17647058823529413
1680,"Vacuolization, cytoplasmic",0,17,135,0.0,1.0,1.0,0.0
1680,"Change, eosinophilic",1,16,128,1.568359375,0.48714845871249657,1.0,0.058823529411764705
1680,Increased mitosis,0,17,126,0.0,1.0,1.0,0.0
1680,Single cell necrosis,1,16,110,1.8352272727272727,0.43616984918104224,1.0,0.058823529411764705
1680,Swelling,1,16,104,1.9447115384615385,0.418142888918717,1.0,0.058823529411764705
1680,"Change, acidophilic",2,15,85,5.105882352941176,0.07020269150947787,0.4003878901260668,0.11764705882352941
1680,"Degeneration, fatty",0,17,80,0.0,1.0,1.0,0.0
1680,Fibrosis,0,17,63,0.0,1.0,1.0,0.0
1680,"Proliferation, oval cell",1,16,60,3.4166666666666665,0.2683844176231254,1.0,0.058823529411764705
1680,"Hematopoiesis, extramedullary",5,12,49,27.98469387755102,4.769371985349823e-06,4.834482865695896e-05,0.29411764705882354
1680,"Cellular infiltration, mononuclear cell",0,17,53,0.0,1.0,1.0,0.0
1680,Anisonucleosis,1,16,46,4.475543478260869,0.21358382568105883,1.0,0.058823529411764705
1680,"Alteration, nuclear",1,16,45,4.576388888888889,0.20952521154522938,1.0,0.058823529411764705
1680,"Deposit, pigment",0,17,38,0.0,1.0,1.0,0.0
1680,"Degeneration, hydropic",0,17,35,0.0,1.0,1.0,0.0
1680,"Alteration, cytoplasmic",0,17,35,0.0,1.0,1.0,0.0
1680,Pyknosis,0,17,33,0.0,1.0,1.0,0.0
1680,"Proliferation, Kupffer cell",1,16,28,7.392857142857143,0.13743908299965807,0.723822548026656,0.058823529411764705
1680,Cellular foci,0,17,25,0.0,1.0,1.0,0.0
1680,Microgranuloma,0,17,20,0.0,1.0,1.0,0.0
1680,Edema,0,17,18,0.0,1.0,1.0,0.0
1680,"Deposit, hemosiderin",0,17,17,0.0,1.0,1.0,0.0
1680,"Inclusion body, intracytoplasmic",1,16,10,20.8125,0.05439428238960905,0.31785739045182265,0.058823529411764705
1680,"Degeneration, acidophilic, eosinophilic",0,17,10,0.0,1.0,1.0,0.0
1680,Hemorrhage,0,17,10,0.0,1.0,1.0,0.0
1680,Phagocytosis,0,17,10,0.0,1.0,1.0,0.0
1680,"Lesion,NOS",0,17,10,0.0,1.0,1.0,0.0
1680,"Deposit, glycogen",0,17,9,0.0,1.0,1.0,0.0
1680,Granuloma,0,17,8,0.0,1.0,1.0,0.0
1680,"Vacuolization, nuclear",0,17,5,0.0,1.0,1.0,0.0
1682,Hypertrophy,15,20,490,4.33469387755102,6.535682730134345e-05,0.000586434371857976,0.42857142857142855
1682,Cellular infiltration,9,26,195,5.550887573964497,0.00016730904446075401,0.0014278961553116077,0.2571428571428571
1682,"Degeneration, granular, eosinophilic",0,35,202,0.0,1.0,1.0,0.0
1682,Ground glass appearance,1,34,173,0.5353621217273037,0.8462738744067861,1.0,0.02857142857142857
1682,Necrosis,7,28,153,5.178104575163399,0.001063885087916218,0.008164699511915162,0.2
1682,"Proliferation, bile duct",13,22,142,13.23303457106274,1.6104426088186625e-09,2.2194963100656276e-08,0.37142857142857144
1682,"Vacuolization, cytoplasmic",1,34,134,0.6997366110623354,0.764034305170418,1.0,0.02857142857142857
1682,"Change, eosinophilic",6,29,123,5.380992430613961,0.0018575330568823007,0.01385278889878326,0.17142857142857143
1682,Increased mitosis,6,29,120,5.520689655172414,0.001645068749321973,0.012392781700662674,0.17142857142857143
1682,Single cell necrosis,21,14,90,53.86666666666667,1.8329930914336336e-23,6.168826607997612e-22,0.6
1682,Swelling,0,35,105,0.0,1.0,1.0,0.0
1682,"Change, acidophilic",8,27,79,12.163150492264416,1.9564669167420344e-06,2.071553205962154e-05,0.22857142857142856
1682,"Degeneration, fatty",0,35,80,0.0,1.0,1.0,0.0
1682,Fibrosis,8,27,55,17.6,1.5441348828767602e-07,1.7949434842050793e-06,0.22857142857142856
1682,"Proliferation, oval cell",0,35,61,0.0,1.0,1.0,0.0
1682,"Hematopoiesis, extramedullary",1,34,53,1.814095449500555,0.43475604391976214,1.0,0.02857142857142857
1682,"Cellular infiltration, mononuclear cell",7,28,46,17.804347826086957,7.797433882668267e-07,8.601069129628506e-06,0.2
1682,Anisonucleosis,12,23,35,48.998757763975156,8.313571706921415e-15,1.7699862343768174e-13,0.34285714285714286
1682,"Alteration, nuclear",7,28,39,21.044871794871796,2.851232270683858e-07,3.2352091094292486e-06,0.2
1682,"Deposit, pigment",6,29,32,21.271551724137932,1.7836359477018198e-06,1.8953126170570322e-05,0.17142857142857143
1682,"Degeneration, hydropic",0,35,35,0.0,1.0,1.0,0.0
1682,"Alteration, cytoplasmic",1,34,34,2.8442906574394464,0.30837064842941275,1.0,0.02857142857142857
1682,Pyknosis,0,35,33,0.0,1.0,1.0,0.0
1682,"Proliferation, Kupffer cell",6,29,23,29.67616191904048,3.282339212631739e-07,3.710198843583735e-06,0.17142857142857143
1682,Cellular foci,0,35,25,0.0,1.0,1.0,0.0
1682,Microgranuloma,0,35,20,0.0,1.0,1.0,0.0
1682,Edema,0,35,18,0.0,1.0,1.0,0.0
1682,"Deposit, hemosiderin",5,30,12,45.97222222222222,5.183672047975993e-07,5.815110852686949e-06,0.14285714285714285
1682,"Inclusion body, intracytoplasmic",6,29,5,137.2551724137931,3.650886331883613e-10,5.3414445348247925e-09,0.17142857142857143
1682,"Degeneration, acidophilic, eosinophilic",0,35,10,0.0,1.0,1.0,0.0
1682,Hemorrhage,8,27,2,491.85185185185185,2.6316561363378136e-15,5.78964349994319e-14,0.22857142857142856
1682,Phagocytosis,0,35,10,0.0,1.0,1.0,0.0
1682,"Lesion,NOS",8,27,2,491.85185185185185,2.6316561363378136e-15,5.78964349994319e-14,0.22857142857142856
1682,"Deposit, glycogen",0,35,9,0.0,1.0,1.0,0.0
1682,Granuloma,0,35,8,0.0,1.0,1.0,0.0
1682,"Vacuolization, nuclear",0,35,5,0.0,1.0,1.0,0.0
1689,Hypertrophy,13,15,492,4.997425474254743,7.390465356025812e-05,0.0006591496128347346,0.4642857142857143
1689,Cellular infiltration,0,28,204,0.0,1.0,1.0,0.0
1689,"Degeneration, granular, eosinophilic",0,28,202,0.0,1.0,1.0,0.0
1689,Ground glass appearance,8,20,166,7.621686746987952,5.648057685720845e-05,0.0005106463113117477,0.2857142857142857
1689,Necrosis,0,28,160,0.0,1.0,1.0,0.0
1689,"Proliferation, bile duct",5,23,150,4.607246376811594,0.008159908512804294,0.054892249791684604,0.17857142857142858
1689,"Vacuolization, cytoplasmic",1,27,134,0.8830845771144279,0.6846324521356894,1.0,0.03571428571428571
1689,"Change, eosinophilic",7,21,122,8.762295081967213,6.340585359474672e-05,0.0005702206969762233,0.25
1689,Increased mitosis,5,23,121,5.763564498742364,0.003374378970365618,0.02400456417242128,0.17857142857142858
1689,Single cell necrosis,13,15,98,28.573469387755104,6.887578616408191e-13,1.2549759810265232e-11,0.4642857142857143
1689,Swelling,0,28,105,0.0,1.0,1.0,0.0
1689,"Change, acidophilic",0,28,87,0.0,1.0,1.0,0.0
1689,"Degeneration, fatty",0,28,80,0.0,1.0,1.0,0.0
1689,Fibrosis,0,28,63,0.0,1.0,1.0,0.0
1689,"Proliferation, oval cell",0,28,61,0.0,1.0,1.0,0.0
1689,"Hematopoiesis, extramedullary",0,28,54,0.0,1.0,1.0,0.0
1689,"Cellular infiltration, mononuclear cell",7,21,46,23.78985507246377,1.494384015654816e-07,1.7388131347677977e-06,0.25
1689,Anisonucleosis,6,22,41,21.87139689578714,1.6208628183721082e-06,1.7269820880951253e-05,0.21428571428571427
1689,"Alteration, nuclear",9,19,37,42.14509246088193,4.2619262037159355e-11,6.759904312435956e-10,0.32142857142857145
1689,"Deposit, pigment",4,24,34,16.151960784313726,0.00023536949005694376,0.001960862231329938,0.14285714285714285
1689,"Degeneration, hydropic",0,28,35,0.0,1.0,1.0,0.0
1689,"Alteration, cytoplasmic",0,28,35,0.0,1.0,1.0,0.0
1689,Pyknosis,0,28,33,0.0,1.0,1.0,0.0
1689,"Proliferation, Kupffer cell",8,20,21,63.00952380952381,3.006521196035798e-11,4.820171634130267e-10,0.2857142857142857
1689,Cellular foci,0,28,25,0.0,1.0,1.0,0.0
1689,Microgranuloma,0,28,20,0.0,1.0,1.0,0.0
1689,Edema,0,28,18,0.0,1.0,1.0,0.0
1689,"Deposit, hemosiderin",0,28,17,0.0,1.0,1.0,0.0
1689,"Inclusion body, intracytoplasmic",6,22,5,181.3090909090909,8.550513098759424e-11,1.3278443871014635e-09,0.21428571428571427
1689,"Degeneration, acidophilic, eosinophilic",0,28,10,0.0,1.0,1.0,0.0
1689,Hemorrhage,0,28,10,0.0,1.0,1.0,0.0
1689,Phagocytosis,0,28,10,0.0,1.0,1.0,0.0
1689,"Lesion,NOS",0,28,10,0.0,1.0,1.0,0.0
1689,"Deposit, glycogen",0,28,9,0.0,1.0,1.0,0.0
1689,Granuloma,0,28,8,0.0,1.0,1.0,0.0
1689,"Vacuolization, nuclear",0,28,5,0.0,1.0,1.0,0.0
1705,Hypertrophy,31,23,474,8.044303797468354,5.003942169139842e-13,9.188073101913652e-12,0.5740740740740741
1705,Cellular infiltration,6,48,198,1.9602272727272727,0.10670958948425033,0.5793921037810301,0.1111111111111111
1705,"Degeneration, granular, eosinophilic",45,9,157,100.19108280254777,2.734845555259192e-48,3.24899651964792e-46,0.8333333333333334
1705,Ground glass appearance,0,54,174,0.0,1.0,1.0,0.0
1705,Necrosis,11,43,149,5.415014827532387,3.295338162801141e-05,0.0003063272094998244,0.2037037037037037
1705,"Proliferation, bile duct",3,51,152,1.2194272445820433,0.4584076669594103,1.0,0.05555555555555555
1705,"Vacuolization, cytoplasmic",1,53,134,0.44621233455364684,0.8929554469110282,1.0,0.018518518518518517
1705,"Change, eosinophilic",3,51,126,1.4831932773109244,0.3440776343828285,1.0,0.05555555555555555
1705,Increased mitosis,18,36,108,14.791666666666666,2.0134508801822296e-13,3.808884786077211e-12,0.3333333333333333
1705,Single cell necrosis,4,50,107,2.3895327102803736,0.10150704088667431,0.5541836607232036,0.07407407407407407
1705,Swelling,0,54,105,0.0,1.0,1.0,0.0
1705,"Change, acidophilic",0,54,87,0.0,1.0,1.0,0.0
1705,"Degeneration, fatty",0,54,80,0.0,1.0,1.0,0.0
1705,Fibrosis,0,54,63,0.0,1.0,1.0,0.0
1705,"Proliferation, oval cell",0,54,61,0.0,1.0,1.0,0.0
1705,"Hematopoiesis, extramedullary",0,54,54,0.0,1.0,1.0,0.0
1705,"Cellular infiltration, mononuclear cell",1,53,52,1.1796081277213353,0.5794788966214848,1.0,0.018518518518518517
1705,Anisonucleosis,0,54,47,0.0,1.0,1.0,0.0
1705,"Alteration, nuclear",0,54,46,0.0,1.0,1.0,0.0
1705,"Deposit, pigment",0,54,38,0.0,1.0,1.0,0.0
1705,"Degeneration, hydropic",0,54,35,0.0,1.0,1.0,0.0
1705,"Alteration, cytoplasmic",0,54,35,0.0,1.0,1.0,0.0
1705,Pyknosis,0,54,33,0.0,1.0,1.0,0.0
1705,"Proliferation, Kupffer cell",2,52,27,4.666666666666667,0.07823570335434195,0.4402842993129239,0.037037037037037035
1705,Cellular foci,0,54,25,0.0,1.0,1.0,0.0
1705,Microgranuloma,0,54,20,0.0,1.0,1.0,0.0
1705,Edema,3,51,15,12.894117647058824,0.002706848625263403,0.019548548126522326,0.05555555555555555
1705,"Deposit, hemosiderin",0,54,17,0.0,1.0,1.0,0.0
1705,"Inclusion body, intracytoplasmic",0,54,11,0.0,1.0,1.0,0.0
1705,"Degeneration, acidophilic, eosinophilic",0,54,10,0.0,1.0,1.0,0.0
1705,Hemorrhage,0,54,10,0.0,1.0,1.0,0.0
1705,Phagocytosis,0,54,10,0.0,1.0,1.0,0.0
1705,"Lesion,NOS",0,54,10,0.0,1.0,1.0,0.0
1705,"Deposit, glycogen",0,54,9,0.0,1.0,1.0,0.0
1705,Granuloma,3,51,5,38.8,0.00020821669208203475,0.001744438858910136,0.05555555555555555
1705,"Vacuolization, nuclear",0,54,5,0.0,1.0,1.0,0.0
1707,Hypertrophy,0,69,505,0.0,1.0,1.0,0.0
1707,Cellular infiltration,24,45,180,9.20888888888889,3.5507150390720684e-13,6.642912545539554e-12,0.34782608695652173
1707,"Degeneration, granular, eosinophilic",1,68,201,0.22585601404741001,0.9867990690803391,1.0,0.014492753623188406
1707,Ground glass appearance,0,69,174,0.0,1.0,1.0,0.0
1707,Necrosis,13,56,147,4.960276967930029,1.518564653075712e-05,0.0001471496580631277,0.18840579710144928
1707,"Proliferation, bile duct",12,57,143,4.6301067353698935,5.494536279518145e-05,0.0004975235594563686,0.17391304347826086
1707,"Vacuolization, cytoplasmic",0,69,135,0.0,1.0,1.0,0.0
1707,"Change, eosinophilic",15,54,114,7.733918128654971,2.535025132471449e-08,3.1701156393432436e-07,0.21739130434782608
1707,Increased mitosis,1,68,125,0.37211764705882355,0.930560739020184,1.0,0.014492753623188406
1707,Single cell necrosis,1,68,110,0.4248663101604278,0.9040863028148899,1.0,0.014492753623188406
1707,Swelling,9,60,96,4.9875,0.00024059924306149268,0.0020030266345974304,0.13043478260869565
1707,"Change, acidophilic",7,62,80,4.52741935483871,0.0018048192045379604,0.01350204795334444,0.10144927536231885
1707,"Degeneration, fatty",0,69,80,0.0,1.0,1.0,0.0
1707,Fibrosis,10,59,53,10.34537895746722,3.7240757064064274e-07,4.197535046689598e-06,0.14492753623188406
1707,"Proliferation, oval cell",0,69,61,0.0,1.0,1.0,0.0
1707,"Hematopoiesis, extramedullary",0,69,54,0.0,1.0,1.0,0.0
1707,"Cellular infiltration, mononuclear cell",0,69,53,0.0,1.0,1.0,0.0
1707,Anisonucleosis,0,69,47,0.0,1.0,1.0,0.0
1707,"Alteration, nuclear",0,69,46,0.0,1.0,1.0,0.0
1707,"Deposit, pigment",2,67,36,2.6965174129353233,0.18308333280948716,0.9275181210135213,0.028985507246376812
1707,"Degeneration, hydropic",0,69,35,0.0,1.0,1.0,0.0
1707,"Alteration, cytoplasmic",34,35,1,3193.0857142857144,8.895070990387237e-61,1.7910753112847523e-58,0.4927536231884058
1707,Pyknosis,0,69,33,0.0,1.0,1.0,0.0
1707,"Proliferation, Kupffer cell",0,69,29,0.0,1.0,1.0,0.0
1707,Cellular foci,0,69,25,0.0,1.0,1.0,0.0
1707,Microgranuloma,0,69,20,0.0,1.0,1.0,0.0
1707,Edema,0,69,18,0.0,1.0,1.0,0.0
1707,"Deposit, hemosiderin",0,69,17,0.0,1.0,1.0,0.0
1707,"Inclusion body, intracytoplasmic",0,69,11,0.0,1.0,1.0,0.0
1707,"Degeneration, acidophilic, eosinophilic",6,63,4,78.19047619047619,1.1920774964654472e-08,1.5393348541314688e-07,0.08695652173913043
1707,Hemorrhage,0,69,10,0.0,1.0,1.0,0.0
1707,Phagocytosis,0,69,10,0.0,1.0,1.0,0.0
1707,"Lesion,NOS",0,69,10,0.0,1.0,1.0,0.0
1707,"Deposit, glycogen",0,69,9,0.0,1.0,1.0,0.0
1707,Granuloma,0,69,8,0.0,1.0,1.0,0.0
1707,"Vacuolization, nuclear",0,69,5,0.0,1.0,1.0,0.0
1710,Hypertrophy,22,17,483,7.595907928388747,2.173241518142563e-09,2.94727274378238e-08,0.5641025641025641
1710,Cellular infiltration,3,36,201,1.2922885572139304,0.42593224604937924,1.0,0.07692307692307693
1710,"Degeneration, granular, eosinophilic",39,0,163,inf,6.131696419106817e-50,7.74942058074351e-48,1.0
1710,Ground glass appearance,0,39,174,0.0,1.0,1.0,0.0
1710,Necrosis,8,31,152,5.375212224108659,0.00038809543507189445,0.003147539640608401,0.20512820512820512
1710,"Proliferation, bile duct",0,39,155,0.0,1.0,1.0,0.0
1710,"Vacuolization, cytoplasmic",0,39,135,0.0,1.0,1.0,0.0
1710,"Change, eosinophilic",0,39,129,0.0,1.0,1.0,0.0
1710,Increased mitosis,11,28,115,10.941925465838509,9.235876751486395e-08,1.106070723867524e-06,0.28205128205128205
1710,Single cell necrosis,2,37,109,1.591371187701463,0.3717245240193899,1.0,0.05128205128205128
1710,Swelling,0,39,105,0.0,1.0,1.0,0.0
1710,"Change, acidophilic",0,39,87,0.0,1.0,1.0,0.0
1710,"Degeneration, fatty",0,39,80,0.0,1.0,1.0,0.0
1710,Fibrosis,0,39,63,0.0,1.0,1.0,0.0
1710,"Proliferation, oval cell",0,39,61,0.0,1.0,1.0,0.0
1710,"Hematopoiesis, extramedullary",0,39,54,0.0,1.0,1.0,0.0
1710,"Cellular infiltration, mononuclear cell",0,39,53,0.0,1.0,1.0,0.0
1710,Anisonucleosis,0,39,47,0.0,1.0,1.0,0.0
1710,"Alteration, nuclear",0,39,46,0.0,1.0,1.0,0.0
1710,"Deposit, pigment",0,39,38,0.0,1.0,1.0,0.0
1710,"Degeneration, hydropic",0,39,35,0.0,1.0,1.0,0.0
1710,"Alteration, cytoplasmic",0,39,35,0.0,1.0,1.0,0.0
1710,Pyknosis,0,39,33,0.0,1.0,1.0,0.0
1710,"Proliferation, Kupffer cell",0,39,29,0.0,1.0,1.0,0.0
1710,Cellular foci,0,39,25,0.0,1.0,1.0,0.0
1710,Microgranuloma,0,39,20,0.0,1.0,1.0,0.0
1710,Edema,0,39,18,0.0,1.0,1.0,0.0
1710,"Deposit, hemosiderin",0,39,17,0.0,1.0,1.0,0.0
1710,"Inclusion body, intracytoplasmic",0,39,11,0.0,1.0,1.0,0.0
1710,"Degeneration, acidophilic, eosinophilic",0,39,10,0.0,1.0,1.0,0.0
1710,Hemorrhage,0,39,10,0.0,1.0,1.0,0.0
1710,Phagocytosis,0,39,10,0.0,1.0,1.0,0.0
1710,"Lesion,NOS",0,39,10,0.0,1.0,1.0,0.0
1710,"Deposit, glycogen",0,39,9,0.0,1.0,1.0,0.0
1710,Granuloma,1,38,7,12.447368421052632,0.08933701980447065,0.495251421034583,0.02564102564102564
1710,"Vacuolization, nuclear",0,39,5,0.0,1.0,1.0,0.0
1715,Hypertrophy,6,23,499,1.4789579158316633,0.2636730268356106,1.0,0.20689655172413793
1715,Cellular infiltration,4,25,200,2.5024,0.09566506697123166,0.5261578683417741,0.13793103448275862
1715,"Degeneration, granular, eosinophilic",0,29,202,0.0,1.0,1.0,0.0
1715,Ground glass appearance,0,29,174,0.0,1.0,1.0,0.0
1715,Necrosis,1,28,159,0.7118149146451033,0.7588409670481531,1.0,0.034482758620689655
1715,"Proliferation, bile duct",23,6,132,92.81313131313131,1.3915685688378694e-26,5.760221114213899e-25,0.7931034482758621
1715,"Vacuolization, cytoplasmic",0,29,135,0.0,1.0,1.0,0.0
1715,"Change, eosinophilic",0,29,129,0.0,1.0,1.0,0.0
1715,Increased mitosis,0,29,126,0.0,1.0,1.0,0.0
1715,Single cell necrosis,0,29,111,0.0,1.0,1.0,0.0
1715,Swelling,22,7,83,122.87435456110155,1.039781142282143e-28,4.769343617881026e-27,0.7586206896551724
1715,"Change, acidophilic",1,28,86,1.3463455149501662,0.5345313530698772,1.0,0.034482758620689655
1715,"Degeneration, fatty",0,29,80,0.0,1.0,1.0,0.0
1715,Fibrosis,0,29,63,0.0,1.0,1.0,0.0
1715,"Proliferation, oval cell",22,7,39,265.04761904761904,1.0328943645973554e-34,6.632856784549503e-33,0.7586206896551724
1715,"Hematopoiesis, extramedullary",0,29,54,0.0,1.0,1.0,0.0
1715,"Cellular infiltration, mononuclear cell",0,29,53,0.0,1.0,1.0,0.0
1715,Anisonucleosis,1,28,46,2.548136645962733,0.33675675786521975,1.0,0.034482758620689655
1715,"Alteration, nuclear",0,29,46,0.0,1.0,1.0,0.0
1715,"Deposit, pigment",0,29,38,0.0,1.0,1.0,0.0
1715,"Degeneration, hydropic",0,29,35,0.0,1.0,1.0,0.0
1715,"Alteration, cytoplasmic",0,29,35,0.0,1.0,1.0,0.0
1715,Pyknosis,0,29,33,0.0,1.0,1.0,0.0
1715,"Proliferation, Kupffer cell",0,29,29,0.0,1.0,1.0,0.0
1715,Cellular foci,5,24,20,34.458333333333336,1.5801179578493768e-06,1.6850809101661215e-05,0.1724137931034483
1715,Microgranuloma,0,29,20,0.0,1.0,1.0,0.0
1715,Edema,0,29,18,0.0,1.0,1.0,0.0
1715,"Deposit, hemosiderin",0,29,17,0.0,1.0,1.0,0.0
1715,"Inclusion body, intracytoplasmic",0,29,11,0.0,1.0,1.0,0.0
1715,"Degeneration, acidophilic, eosinophilic",0,29,10,0.0,1.0,1.0,0.0
1715,Hemorrhage,0,29,10,0.0,1.0,1.0,0.0
1715,Phagocytosis,0,29,10,0.0,1.0,1.0,0.0
1715,"Lesion,NOS",0,29,10,0.0,1.0,1.0,0.0
1715,"Deposit, glycogen",0,29,9,0.0,1.0,1.0,0.0
1715,Granuloma,0,29,8,0.0,1.0,1.0,0.0
1715,"Vacuolization, nuclear",0,29,5,0.0,1.0,1.0,0.0
1716,Hypertrophy,66,20,439,21.288382687927108,1.2276689185062022e-38,9.989525172502523e-37,0.7674418604651163
1716,Cellular infiltration,1,85,203,0.17780353520718634,0.9957605867434729,1.0,0.011627906976744186
1716,"Degeneration, granular, eosinophilic",2,84,200,0.3655952380952381,0.9701668184624569,1.0,0.023255813953488372
1716,Ground glass appearance,63,23,111,77.97884841363103,1.0410723303829486e-66,3.6376292014557145e-64,0.7325581395348837
1716,Necrosis,0,86,160,0.0,1.0,1.0,0.0
1716,"Proliferation, bile duct",0,86,155,0.0,1.0,1.0,0.0
1716,"Vacuolization, cytoplasmic",19,67,116,7.712943901183737,4.812688437651103e-10,6.972529102353062e-09,0.22093023255813954
1716,"Change, eosinophilic",2,84,127,0.5894263217097863,0.850956879205232,1.0,0.023255813953488372
1716,Increased mitosis,9,77,117,3.150849150849151,0.004426553932909983,0.030897450483531496,0.10465116279069768
1716,Single cell necrosis,1,85,110,0.3380748663101604,0.9465801372094192,1.0,0.011627906976744186
1716,Swelling,1,85,104,0.3582579185520362,0.937252705764629,1.0,0.011627906976744186
1716,"Change, acidophilic",0,86,87,0.0,1.0,1.0,0.0
1716,"Degeneration, fatty",0,86,80,0.0,1.0,1.0,0.0
1716,Fibrosis,0,86,63,0.0,1.0,1.0,0.0
1716,"Proliferation, oval cell",0,86,61,0.0,1.0,1.0,0.0
1716,"Hematopoiesis, extramedullary",0,86,54,0.0,1.0,1.0,0.0
1716,"Cellular infiltration, mononuclear cell",0,86,53,0.0,1.0,1.0,0.0
1716,Anisonucleosis,0,86,47,0.0,1.0,1.0,0.0
1716,"Alteration, nuclear",1,85,45,0.8433986928104575,0.6993990316864538,1.0,0.011627906976744186
1716,"Deposit, pigment",0,86,38,0.0,1.0,1.0,0.0
1716,"Degeneration, hydropic",0,86,35,0.0,1.0,1.0,0.0
1716,"Alteration, cytoplasmic",0,86,35,0.0,1.0,1.0,0.0
1716,Pyknosis,0,86,33,0.0,1.0,1.0,0.0
1716,"Proliferation, Kupffer cell",0,86,29,0.0,1.0,1.0,0.0
1716,Cellular foci,0,86,25,0.0,1.0,1.0,0.0
1716,Microgranuloma,0,86,20,0.0,1.0,1.0,0.0
1716,Edema,0,86,18,0.0,1.0,1.0,0.0
1716,"Deposit, hemosiderin",0,86,17,0.0,1.0,1.0,0.0
1716,"Inclusion body, intracytoplasmic",0,86,11,0.0,1.0,1.0,0.0
1716,"Degeneration, acidophilic, eosinophilic",0,86,10,0.0,1.0,1.0,0.0
1716,Hemorrhage,0,86,10,0.0,1.0,1.0,0.0
1716,Phagocytosis,0,86,10,0.0,1.0,1.0,0.0
1716,"Lesion,NOS",0,86,10,0.0,1.0,1.0,0.0
1716,"Deposit, glycogen",0,86,9,0.0,1.0,1.0,0.0
1716,Granuloma,0,86,8,0.0,1.0,1.0,0.0
1716,"Vacuolization, nuclear",0,86,5,0.0,1.0,1.0,0.0
1723,Hypertrophy,7,27,498,1.4706976052357579,0.24236365798222562,1.0,0.20588235294117646
1723,Cellular infiltration,1,33,203,0.4657411553963278,0.8826343026955205,1.0,0.029411764705882353
1723,"Degeneration, granular, eosinophilic",32,2,170,296.7529411764706,3.8315110860721156e-38,2.975055666832466e-36,0.9411764705882353
1723,Ground glass appearance,0,34,174,0.0,1.0,1.0,0.0
1723,Necrosis,3,31,157,1.9515101705362647,0.21887349437346082,1.0,0.08823529411764706
1723,"Proliferation, bile duct",1,33,154,0.623573396300669,0.801188187294,1.0,0.029411764705882353
1723,"Vacuolization, cytoplasmic",0,34,135,0.0,1.0,1.0,0.0
1723,"Change, eosinophilic",1,33,128,0.7563920454545454,0.7378957336704349,1.0,0.029411764705882353
1723,Increased mitosis,0,34,126,0.0,1.0,1.0,0.0
1723,Single cell necrosis,2,32,109,1.8428899082568808,0.3107366290123225,1.0,0.058823529411764705
1723,Swelling,0,34,105,0.0,1.0,1.0,0.0
1723,"Change, acidophilic",0,34,87,0.0,1.0,1.0,0.0
1723,"Degeneration, fatty",0,34,80,0.0,1.0,1.0,0.0
1723,Fibrosis,0,34,63,0.0,1.0,1.0,0.0
1723,"Proliferation, oval cell",0,34,61,0.0,1.0,1.0,0.0
1723,"Hematopoiesis, extramedullary",0,34,54,0.0,1.0,1.0,0.0
1723,"Cellular infiltration, mononuclear cell",0,34,53,0.0,1.0,1.0,0.0
1723,Anisonucleosis,0,34,47,0.0,1.0,1.0,0.0
1723,"Alteration, nuclear",0,34,46,0.0,1.0,1.0,0.0
1723,"Deposit, pigment",0,34,38,0.0,1.0,1.0,0.0
1723,"Degeneration, hydropic",0,34,35,0.0,1.0,1.0,0.0
1723,"Alteration, cytoplasmic",0,34,35,0.0,1.0,1.0,0.0
1723,Pyknosis,0,34,33,0.0,1.0,1.0,0.0
1723,"Proliferation, Kupffer cell",0,34,29,0.0,1.0,1.0,0.0
1723,Cellular foci,0,34,25,0.0,1.0,1.0,0.0
1723,Microgranuloma,0,34,20,0.0,1.0,1.0,0.0
1723,Edema,1,33,17,5.893048128342246,0.16781713742914003,0.8613138836614834,0.029411764705882353
1723,"Deposit, hemosiderin",0,34,17,0.0,1.0,1.0,0.0
1723,"Inclusion body, intracytoplasmic",0,34,11,0.0,1.0,1.0,0.0
1723,"Degeneration, acidophilic, eosinophilic",0,34,10,0.0,1.0,1.0,0.0
1723,Hemorrhage,0,34,10,0.0,1.0,1.0,0.0
1723,Phagocytosis,0,34,10,0.0,1.0,1.0,0.0
1723,"Lesion,NOS",0,34,10,0.0,1.0,1.0,0.0
1723,"Deposit, glycogen",0,34,9,0.0,1.0,1.0,0.0
1723,Granuloma,0,34,8,0.0,1.0,1.0,0.0
1723,"Vacuolization, nuclear",0,34,5,0.0,1.0,1.0,0.0
1726,Hypertrophy,19,29,486,3.8056619838229033,2.724246117543651e-05,0.0002556401570017265,0.3958333333333333
1726,Cellular infiltration,7,41,197,2.69704098056209,0.02419704564033726,0.1513748826788871,0.14583333333333334
1726,"Degeneration, granular, eosinophilic",0,48,202,0.0,1.0,1.0,0.0
1726,Ground glass appearance,4,44,170,1.6786096256684493,0.23595534766915485,1.0,0.08333333333333333
1726,Necrosis,4,44,156,1.8374125874125875,0.19342705896821016,0.9749314639551705,0.08333333333333333
1726,"Proliferation, bile duct",19,29,136,15.285750507099392,5.1263087160098854e-14,1.0218212675536483e-12,0.3958333333333333
1726,"Vacuolization, cytoplasmic",1,47,134,0.5041282946967292,0.8625364765878918,1.0,0.020833333333333332
1726,"Change, eosinophilic",6,42,123,3.700348432055749,0.009337869066078992,0.06225246044052661,0.125
1726,Increased mitosis,9,39,117,6.295857988165681,5.3903675016029816e-05,0.0004899584232520537,0.1875
1726,Single cell necrosis,26,22,85,44.82566844919786,2.3068583402775647e-27,1.0038636293955117e-25,0.5416666666666666
1726,Swelling,0,48,105,0.0,1.0,1.0,0.0
1726,"Change, acidophilic",7,41,80,6.891158536585366,0.0001913904189737099,0.0016148566600906772,0.14583333333333334
1726,"Degeneration, fatty",0,48,80,0.0,1.0,1.0,0.0
1726,Fibrosis,7,41,56,9.917682926829269,2.3496795049072005e-05,0.00022224675571892946,0.14583333333333334
1726,"Proliferation, oval cell",0,48,61,0.0,1.0,1.0,0.0
1726,"Hematopoiesis, extramedullary",6,42,48,9.705357142857142,9.53341162988631e-05,0.0008395621212976231,0.125
1726,"Cellular infiltration, mononuclear cell",13,35,40,30.355,1.0162245332750404e-13,1.9503630784018545e-12,0.2708333333333333
1726,Anisonucleosis,15,33,32,46.54829545454545,1.0612269639370907e-17,2.671054307536576e-16,0.3125
1726,"Alteration, nuclear",8,40,38,17.21578947368421,1.6528403034302104e-07,1.913815088182349e-06,0.16666666666666666
1726,"Deposit, pigment",5,43,33,11.543340380549683,0.0001702463961998274,0.0014493083894775473,0.10416666666666667
1726,"Degeneration, hydropic",0,48,35,0.0,1.0,1.0,0.0
1726,"Alteration, cytoplasmic",0,48,35,0.0,1.0,1.0,0.0
1726,Pyknosis,0,48,33,0.0,1.0,1.0,0.0
1726,"Proliferation, Kupffer cell",6,42,23,20.40993788819876,2.2974691591994746e-06,2.408996788286828e-05,0.125
1726,Cellular foci,0,48,25,0.0,1.0,1.0,0.0
1726,Microgranuloma,0,48,20,0.0,1.0,1.0,0.0
1726,Edema,0,48,18,0.0,1.0,1.0,0.0
1726,"Deposit, hemosiderin",2,46,15,9.547826086956523,0.023751039191380868,0.1488198025282725,0.041666666666666664
1726,"Inclusion body, intracytoplasmic",5,43,6,64.01162790697674,2.0938210231248474e-07,2.39870720874862e-06,0.10416666666666667
1726,"Degeneration, acidophilic, eosinophilic",0,48,10,0.0,1.0,1.0,0.0
1726,Hemorrhage,7,41,3,188.14634146341464,9.030070957993504e-12,1.4941120192334656e-10,0.14583333333333334
1726,Phagocytosis,2,46,8,17.940217391304348,0.008374902158331917,0.056211207706770155,0.041666666666666664
1726,"Lesion,NOS",6,42,4,118.03571428571429,1.2471505539470887e-09,1.7349120118139828e-08,0.125
1726,"Deposit, glycogen",0,48,9,0.0,1.0,1.0,0.0
1726,Granuloma,0,48,8,0.0,1.0,1.0,0.0
1726,"Vacuolization, nuclear",0,48,5,0.0,1.0,1.0,0.0
1731,Hypertrophy,0,39,505,0.0,1.0,1.0,0.0
1731,Cellular infiltration,11,28,193,6.361028867505551,1.1843587638791265e-05,0.00011599490614084109,0.28205128205128205
1731,"Degeneration, granular, eosinophilic",19,20,183,16.274590163934427,6.675534169844085e-14,1.3173645504609255e-12,0.48717948717948717
1731,Ground glass appearance,0,39,174,0.0,1.0,1.0,0.0
1731,Necrosis,5,34,155,3.0009487666034156,0.035857971491181945,0.21845779554627767,0.1282051282051282
1731,"Proliferation, bile duct",8,31,147,5.566820276497696,0.0003122102550610318,0.002557970917327626,0.20512820512820512
1731,"Vacuolization, cytoplasmic",0,39,135,0.0,1.0,1.0,0.0
1731,"Change, eosinophilic",2,37,127,1.3581613109172164,0.44591285510045225,1.0,0.05128205128205128
1731,Increased mitosis,0,39,126,0.0,1.0,1.0,0.0
1731,Single cell necrosis,0,39,111,0.0,1.0,1.0,0.0
1731,Swelling,19,20,86,35.70232558139535,2.0018875797235653e-19,5.530796383050222e-18,0.48717948717948717
1731,"Change, acidophilic",5,34,82,5.803443328550933,0.0029946191516602937,0.021509114583872,0.1282051282051282
1731,"Degeneration, fatty",0,39,80,0.0,1.0,1.0,0.0
1731,Fibrosis,5,34,58,8.265720081135903,0.0006982692606490248,0.005484074278396486,0.1282051282051282
1731,"Proliferation, oval cell",0,39,61,0.0,1.0,1.0,0.0
1731,"Hematopoiesis, extramedullary",0,39,54,0.0,1.0,1.0,0.0
1731,"Cellular infiltration, mononuclear cell",0,39,53,0.0,1.0,1.0,0.0
1731,Anisonucleosis,0,39,47,0.0,1.0,1.0,0.0
1731,"Alteration, nuclear",0,39,46,0.0,1.0,1.0,0.0
1731,"Deposit, pigment",0,39,38,0.0,1.0,1.0,0.0
1731,"Degeneration, hydropic",0,39,35,0.0,1.0,1.0,0.0
1731,"Alteration, cytoplasmic",0,39,35,0.0,1.0,1.0,0.0
1731,Pyknosis,0,39,33,0.0,1.0,1.0,0.0
1731,"Proliferation, Kupffer cell",0,39,29,0.0,1.0,1.0,0.0
1731,Cellular foci,0,39,25,0.0,1.0,1.0,0.0
1731,Microgranuloma,0,39,20,0.0,1.0,1.0,0.0
1731,Edema,0,39,18,0.0,1.0,1.0,0.0
1731,"Deposit, hemosiderin",0,39,17,0.0,1.0,1.0,0.0
1731,"Inclusion body, intracytoplasmic",0,39,11,0.0,1.0,1.0,0.0
1731,"Degeneration, acidophilic, eosinophilic",0,39,10,0.0,1.0,1.0,0.0
1731,Hemorrhage,0,39,10,0.0,1.0,1.0,0.0
1731,Phagocytosis,0,39,10,0.0,1.0,1.0,0.0
1731,"Lesion,NOS",0,39,10,0.0,1.0,1.0,0.0
1731,"Deposit, glycogen",0,39,9,0.0,1.0,1.0,0.0
1731,Granuloma,0,39,8,0.0,1.0,1.0,0.0
1731,"Vacuolization, nuclear",0,39,5,0.0,1.0,1.0,0.0
1748,Hypertrophy,1,10,504,0.5638888888888889,0.8340729438756335,1.0,0.09090909090909091
1748,Cellular infiltration,1,10,203,1.5482758620689656,0.49876941169942807,1.0,0.09090909090909091
1748,"Degeneration, granular, eosinophilic",10,1,192,164.27083333333334,5.243940396875753e-12,8.849149419727833e-11,0.9090909090909091
1748,Ground glass appearance,0,11,174,0.0,1.0,1.0,0.0
1748,Necrosis,1,10,159,2.0044025157232706,0.4160880256596289,1.0,0.09090909090909091
1748,"Proliferation, bile duct",1,10,154,2.0727272727272728,0.4059477046118558,1.0,0.09090909090909091
1748,"Vacuolization, cytoplasmic",0,11,135,0.0,1.0,1.0,0.0
1748,"Change, eosinophilic",0,11,129,0.0,1.0,1.0,0.0
1748,Increased mitosis,0,11,126,0.0,1.0,1.0,0.0
1748,Single cell necrosis,1,10,110,2.941818181818182,0.30956136751139074,1.0,0.09090909090909091
1748,Swelling,0,11,105,0.0,1.0,1.0,0.0
1748,"Change, acidophilic",0,11,87,0.0,1.0,1.0,0.0
1748,"Degeneration, fatty",0,11,80,0.0,1.0,1.0,0.0
1748,Fibrosis,0,11,63,0.0,1.0,1.0,0.0
1748,"Proliferation, oval cell",0,11,61,0.0,1.0,1.0,0.0
1748,"Hematopoiesis, extramedullary",0,11,54,0.0,1.0,1.0,0.0
1748,"Cellular infiltration, mononuclear cell",0,11,53,0.0,1.0,1.0,0.0
1748,Anisonucleosis,0,11,47,0.0,1.0,1.0,0.0
1748,"Alteration, nuclear",0,11,46,0.0,1.0,1.0,0.0
1748,"Deposit, pigment",0,11,38,0.0,1.0,1.0,0.0
1748,"Degeneration, hydropic",0,11,35,0.0,1.0,1.0,0.0
1748,"Alteration, cytoplasmic",0,11,35,0.0,1.0,1.0,0.0
1748,Pyknosis,0,11,33,0.0,1.0,1.0,0.0
1748,"Proliferation, Kupffer cell",0,11,29,0.0,1.0,1.0,0.0
1748,Cellular foci,0,11,25,0.0,1.0,1.0,0.0
1748,Microgranuloma,0,11,20,0.0,1.0,1.0,0.0
1748,Edema,0,11,18,0.0,1.0,1.0,0.0
1748,"Deposit, hemosiderin",0,11,17,0.0,1.0,1.0,0.0
1748,"Inclusion body, intracytoplasmic",0,11,11,0.0,1.0,1.0,0.0
1748,"Degeneration, acidophilic, eosinophilic",0,11,10,0.0,1.0,1.0,0.0
1748,Hemorrhage,0,11,10,0.0,1.0,1.0,0.0
1748,Phagocytosis,0,11,10,0.0,1.0,1.0,0.0
1748,"Lesion,NOS",0,11,10,0.0,1.0,1.0,0.0
1748,"Deposit, glycogen",0,11,9,0.0,1.0,1.0,0.0
1748,Granuloma,0,11,8,0.0,1.0,1.0,0.0
1748,"Vacuolization, nuclear",0,11,5,0.0,1.0,1.0,0.0
1754,Hypertrophy,1,14,504,0.40221088435374147,0.9137895600613078,1.0,0.06666666666666667
1754,Cellular infiltration,0,15,204,0.0,1.0,1.0,0.0
1754,"Degeneration, granular, eosinophilic",0,15,202,0.0,1.0,1.0,0.0
1754,Ground glass appearance,1,14,173,1.3084227910817505,0.5507017874127049,1.0,0.06666666666666667
1754,Necrosis,7,8,153,18.237745098039216,2.286493554004545e-06,2.3996063093263245e-05,0.4666666666666667
1754,"Proliferation, bile duct",9,6,146,32.83561643835616,2.995248003817437e-09,4.04358480515354e-08,0.6
1754,"Vacuolization, cytoplasmic",0,15,135,0.0,1.0,1.0,0.0
1754,"Change, eosinophilic",3,12,126,6.380952380952381,0.017974377802661756,0.1146192207705967,0.2
1754,Increased mitosis,0,15,126,0.0,1.0,1.0,0.0
1754,Single cell necrosis,2,13,109,4.563161609033169,0.08599096489091503,0.4791616617748924,0.13333333333333333
1754,Swelling,3,12,102,7.9411764705882355,0.010286448909204611,0.06819364567039664,0.2
1754,"Change, acidophilic",6,9,81,26.839506172839506,1.0579711569630712e-06,1.1488754428447244e-05,0.4
1754,"Degeneration, fatty",0,15,80,0.0,1.0,1.0,0.0
1754,Fibrosis,0,15,63,0.0,1.0,1.0,0.0
1754,"Proliferation, oval cell",3,12,58,14.155172413793103,0.002223770261254098,0.01632780636816977,0.2
1754,"Hematopoiesis, extramedullary",1,14,53,4.432614555256064,0.21632541814406273,1.0,0.06666666666666667
1754,"Cellular infiltration, mononuclear cell",0,15,53,0.0,1.0,1.0,0.0
1754,Anisonucleosis,6,9,41,53.67479674796748,2.4698031465779183e-08,3.0918083647361083e-07,0.4
1754,"Alteration, nuclear",3,12,43,19.180232558139537,0.0009766322653782346,0.007543817498500278,0.2
1754,"Deposit, pigment",0,15,38,0.0,1.0,1.0,0.0
1754,"Degeneration, hydropic",0,15,35,0.0,1.0,1.0,0.0
1754,"Alteration, cytoplasmic",0,15,35,0.0,1.0,1.0,0.0
1754,Pyknosis,0,15,33,0.0,1.0,1.0,0.0
1754,"Proliferation, Kupffer cell",2,13,27,18.88888888888889,0.007058026018238918,0.04785921752093513,0.13333333333333333
1754,Cellular foci,3,12,22,37.72727272727273,0.00015658008010483224,0.0013382527709679187,0.2
1754,Microgranuloma,0,15,20,0.0,1.0,1.0,0.0
1754,Edema,0,15,18,0.0,1.0,1.0,0.0
1754,"Deposit, hemosiderin",0,15,17,0.0,1.0,1.0,0.0
1754,"Inclusion body, intracytoplasmic",2,13,9,56.97435897435897,0.001001619729474269,0.007726780770230075,0.13333333333333333
1754,"Degeneration, acidophilic, eosinophilic",0,15,10,0.0,1.0,1.0,0.0
1754,Hemorrhage,0,15,10,0.0,1.0,1.0,0.0
1754,Phagocytosis,0,15,10,0.0,1.0,1.0,0.0
1754,"Lesion,NOS",0,15,10,0.0,1.0,1.0,0.0
1754,"Deposit, glycogen",0,15,9,0.0,1.0,1.0,0.0
1754,Granuloma,0,15,8,0.0,1.0,1.0,0.0
1754,"Vacuolization, nuclear",0,15,5,0.0,1.0,1.0,0.0
1759,Hypertrophy,16,11,489,8.45064138315672,1.4355936745272675e-07,1.6753293569139429e-06,0.5925925925925926
1759,Cellular infiltration,1,26,203,0.592459264873058,0.8172291321671842,1.0,0.037037037037037035
1759,"Degeneration, granular, eosinophilic",0,27,202,0.0,1.0,1.0,0.0
1759,Ground glass appearance,1,26,173,0.7018674966651846,0.7637307321815484,1.0,0.037037037037037035
1759,Necrosis,0,27,160,0.0,1.0,1.0,0.0
1759,"Proliferation, bile duct",11,16,144,15.2109375,9.843993279574818e-09,1.283717235580119e-07,0.4074074074074074
1759,"Vacuolization, cytoplasmic",0,27,135,0.0,1.0,1.0,0.0
1759,"Change, eosinophilic",0,27,129,0.0,1.0,1.0,0.0
1759,Increased mitosis,0,27,126,0.0,1.0,1.0,0.0
1759,Single cell necrosis,0,27,111,0.0,1.0,1.0,0.0
1759,Swelling,11,16,94,23.66755319148936,1.4225467599727073e-10,2.1750135789544095e-09,0.4074074074074074
1759,"Change, acidophilic",0,27,87,0.0,1.0,1.0,0.0
1759,"Degeneration, fatty",0,27,80,0.0,1.0,1.0,0.0
1759,Fibrosis,0,27,63,0.0,1.0,1.0,0.0
1759,"Proliferation, oval cell",11,16,50,45.1,2.9062013561476946e-13,5.462922802378894e-12,0.4074074074074074
1759,"Hematopoiesis, extramedullary",0,27,54,0.0,1.0,1.0,0.0
1759,"Cellular infiltration, mononuclear cell",0,27,53,0.0,1.0,1.0,0.0
1759,Anisonucleosis,0,27,47,0.0,1.0,1.0,0.0
1759,"Alteration, nuclear",0,27,46,0.0,1.0,1.0,0.0
1759,"Deposit, pigment",0,27,38,0.0,1.0,1.0,0.0
1759,"Degeneration, hydropic",0,27,35,0.0,1.0,1.0,0.0
1759,"Alteration, cytoplasmic",0,27,35,0.0,1.0,1.0,0.0
1759,Pyknosis,0,27,33,0.0,1.0,1.0,0.0
1759,"Proliferation, Kupffer cell",0,27,29,0.0,1.0,1.0,0.0
1759,Cellular foci,3,24,22,18.795454545454547,0.0009488406350748331,0.007343470191979815,0.1111111111111111
1759,Microgranuloma,0,27,20,0.0,1.0,1.0,0.0
1759,Edema,0,27,18,0.0,1.0,1.0,0.0
1759,"Deposit, hemosiderin",0,27,17,0.0,1.0,1.0,0.0
1759,"Inclusion body, intracytoplasmic",0,27,11,0.0,1.0,1.0,0.0
1759,"Degeneration, acidophilic, eosinophilic",0,27,10,0.0,1.0,1.0,0.0
1759,Hemorrhage,0,27,10,0.0,1.0,1.0,0.0
1759,Phagocytosis,0,27,10,0.0,1.0,1.0,0.0
1759,"Lesion,NOS",0,27,10,0.0,1.0,1.0,0.0
1759,"Deposit, glycogen",0,27,9,0.0,1.0,1.0,0.0
1759,Granuloma,0,27,8,0.0,1.0,1.0,0.0
1759,"Vacuolization, nuclear",0,27,5,0.0,1.0,1.0,0.0
1766,Hypertrophy,17,9,488,11.004326047358834,6.747318703514504e-09,8.906460688639146e-08,0.6538461538461539
1766,Cellular infiltration,15,11,189,22.66955266955267,1.4702944194783421e-12,2.6031442180928025e-11,0.5769230769230769
1766,"Degeneration, granular, eosinophilic",8,18,194,7.186712485681558,9.119825872681205e-05,0.0008055281142561539,0.3076923076923077
1766,Ground glass appearance,0,26,174,0.0,1.0,1.0,0.0
1766,Necrosis,12,14,148,18.434362934362934,4.946318272898577e-10,7.148693562291374e-09,0.46153846153846156
1766,"Proliferation, bile duct",15,11,140,31.08116883116883,2.3546689560930974e-14,4.843207427119079e-13,0.5769230769230769
1766,"Vacuolization, cytoplasmic",1,25,134,0.9543283582089552,0.657422974390235,1.0,0.038461538461538464
1766,"Change, eosinophilic",8,18,121,11.790633608815426,3.3382629952534267e-06,3.446227869539921e-05,0.3076923076923077
1766,Increased mitosis,2,24,124,2.155241935483871,0.2550564147843494,1.0,0.07692307692307693
1766,Single cell necrosis,10,16,101,19.987623762376238,3.5491977348932226e-09,4.7751380623478464e-08,0.38461538461538464
1766,Swelling,0,26,105,0.0,1.0,1.0,0.0
1766,"Change, acidophilic",0,26,87,0.0,1.0,1.0,0.0
1766,"Degeneration, fatty",0,26,80,0.0,1.0,1.0,0.0
1766,Fibrosis,0,26,63,0.0,1.0,1.0,0.0
1766,"Proliferation, oval cell",0,26,61,0.0,1.0,1.0,0.0
1766,"Hematopoiesis, extramedullary",0,26,54,0.0,1.0,1.0,0.0
1766,"Cellular infiltration, mononuclear cell",0,26,53,0.0,1.0,1.0,0.0
1766,Anisonucleosis,0,26,47,0.0,1.0,1.0,0.0
1766,"Alteration, nuclear",0,26,46,0.0,1.0,1.0,0.0
1766,"Deposit, pigment",5,21,33,23.795093795093795,7.840134901379526e-06,7.833541011639088e-05,0.19230769230769232
1766,"Degeneration, hydropic",0,26,35,0.0,1.0,1.0,0.0
1766,"Alteration, cytoplasmic",0,26,35,0.0,1.0,1.0,0.0
1766,Pyknosis,0,26,33,0.0,1.0,1.0,0.0
1766,"Proliferation, Kupffer cell",1,25,28,4.718571428571429,0.2026240508854494,1.0,0.038461538461538464
1766,Cellular foci,1,25,24,5.511666666666667,0.17723111243116157,0.9024884765033003,0.038461538461538464
1766,Microgranuloma,0,26,20,0.0,1.0,1.0,0.0
1766,Edema,12,14,6,475.0,4.177546190777333e-23,1.3901750349141377e-21,0.46153846153846156
1766,"Deposit, hemosiderin",0,26,17,0.0,1.0,1.0,0.0
1766,"Inclusion body, intracytoplasmic",1,25,10,13.284,0.08208904976675926,0.4600084486929717,0.038461538461538464
1766,"Degeneration, acidophilic, eosinophilic",0,26,10,0.0,1.0,1.0,0.0
1766,Hemorrhage,0,26,10,0.0,1.0,1.0,0.0
1766,Phagocytosis,0,26,10,0.0,1.0,1.0,0.0
1766,"Lesion,NOS",0,26,10,0.0,1.0,1.0,0.0
1766,"Deposit, glycogen",0,26,9,0.0,1.0,1.0,0.0
1766,Granuloma,4,22,4,151.22727272727272,1.9398971060603176e-07,2.23097556824749e-06,0.15384615384615385
1766,"Vacuolization, nuclear",0,26,5,0.0,1.0,1.0,0.0
1768,Hypertrophy,29,57,476,2.987431814831196,9.518595349058322e-06,9.394214186490455e-05,0.3372093023255814
1768,Cellular infiltration,14,72,190,3.1530701754385966,0.0005482305990617793,0.004359424040732221,0.16279069767441862
1768,"Degeneration, granular, eosinophilic",0,86,202,0.0,1.0,1.0,0.0
1768,Ground glass appearance,0,86,174,0.0,1.0,1.0,0.0
1768,Necrosis,12,74,148,3.4218407596785974,0.0006431218138121013,0.005076602756204494,0.13953488372093023
1768,"Proliferation, bile duct",38,48,117,21.34116809116809,1.0596143106726526e-29,5.138048167669842e-28,0.4418604651162791
1768,"Vacuolization, cytoplasmic",0,86,135,0.0,1.0,1.0,0.0
1768,"Change, eosinophilic",0,86,129,0.0,1.0,1.0,0.0
1768,Increased mitosis,0,86,126,0.0,1.0,1.0,0.0
1768,Single cell necrosis,0,86,111,0.0,1.0,1.0,0.0
1768,Swelling,44,42,61,55.1288056206089,6.140574576336042e-47,6.882077921403036e-45,0.5116279069767442
1768,"Change, acidophilic",10,76,77,5.457963089542037,5.723410576946672e-05,0.000517065533491456,0.11627906976744186
1768,"Degeneration, fatty",0,86,80,0.0,1.0,1.0,0.0
1768,Fibrosis,0,86,63,0.0,1.0,1.0,0.0
1768,"Proliferation, oval cell",37,49,24,102.15901360544218,7.065832159751902e-47,7.845054771761926e-45,0.43023255813953487
1768,"Hematopoiesis, extramedullary",0,86,54,0.0,1.0,1.0,0.0
1768,"Cellular infiltration, mononuclear cell",0,86,53,0.0,1.0,1.0,0.0
1768,Anisonucleosis,0,86,47,0.0,1.0,1.0,0.0
1768,"Alteration, nuclear",0,86,46,0.0,1.0,1.0,0.0
1768,"Deposit, pigment",0,86,38,0.0,1.0,1.0,0.0
1768,"Degeneration, hydropic",0,86,35,0.0,1.0,1.0,0.0
1768,"Alteration, cytoplasmic",0,86,35,0.0,1.0,1.0,0.0
1768,Pyknosis,0,86,33,0.0,1.0,1.0,0.0
1768,"Proliferation, Kupffer cell",0,86,29,0.0,1.0,1.0,0.0
1768,Cellular foci,8,78,17,19.631975867269986,1.0137049435963152e-07,1.2079051885580968e-06,0.09302325581395349
1768,Microgranuloma,0,86,20,0.0,1.0,1.0,0.0
1768,Edema,0,86,18,0.0,1.0,1.0,0.0
1768,"Deposit, hemosiderin",0,86,17,0.0,1.0,1.0,0.0
1768,"Inclusion body, intracytoplasmic",0,86,11,0.0,1.0,1.0,0.0
1768,"Degeneration, acidophilic, eosinophilic",0,86,10,0.0,1.0,1.0,0.0
1768,Hemorrhage,0,86,10,0.0,1.0,1.0,0.0
1768,Phagocytosis,0,86,10,0.0,1.0,1.0,0.0
1768,"Lesion,NOS",0,86,10,0.0,1.0,1.0,0.0
1768,"Deposit, glycogen",0,86,9,0.0,1.0,1.0,0.0
1768,Granuloma,0,86,8,0.0,1.0,1.0,0.0
1768,"Vacuolization, nuclear",0,86,5,0.0,1.0,1.0,0.0
1776,Hypertrophy,11,58,494,1.0726650844618177,0.46842405641516394,1.0,0.15942028985507245
1776,Cellular infiltration,3,66,201,0.6981004070556309,0.8008606086451013,1.0,0.043478260869565216
1776,"Degeneration, granular, eosinophilic",45,24,157,37.392515923566876,5.797947813956196e-40,4.919972859271401e-38,0.6521739130434783
1776,Ground glass appearance,0,69,174,0.0,1.0,1.0,0.0
1776,Necrosis,11,58,149,3.9954871557509835,0.00033686157702847745,0.002748568362018071,0.15942028985507245
1776,"Proliferation, bile duct",0,69,155,0.0,1.0,1.0,0.0
1776,"Vacuolization, cytoplasmic",5,64,130,1.8978365384615385,0.14245578988619417,0.7461969946419695,0.07246376811594203
1776,"Change, eosinophilic",5,64,124,1.9934475806451613,0.12397721158452406,0.6619547297187173,0.07246376811594203
1776,Increased mitosis,14,55,112,7.218181818181818,1.4320296203223753e-07,1.6753293569139429e-06,0.2028985507246377
1776,Single cell necrosis,2,67,109,0.8706011228262358,0.6729336889883449,1.0,0.028985507246376812
1776,Swelling,1,68,104,0.4502262443438914,0.8909043344263256,1.0,0.014492753623188406
1776,"Change, acidophilic",0,69,87,0.0,1.0,1.0,0.0
1776,"Degeneration, fatty",0,69,80,0.0,1.0,1.0,0.0
1776,Fibrosis,0,69,63,0.0,1.0,1.0,0.0
1776,"Proliferation, oval cell",0,69,61,0.0,1.0,1.0,0.0
1776,"Hematopoiesis, extramedullary",0,69,54,0.0,1.0,1.0,0.0
1776,"Cellular infiltration, mononuclear cell",0,69,53,0.0,1.0,1.0,0.0
1776,Anisonucleosis,0,69,47,0.0,1.0,1.0,0.0
1776,"Alteration, nuclear",0,69,46,0.0,1.0,1.0,0.0
1776,"Deposit, pigment",0,69,38,0.0,1.0,1.0,0.0
1776,"Degeneration, hydropic",0,69,35,0.0,1.0,1.0,0.0
1776,"Alteration, cytoplasmic",0,69,35,0.0,1.0,1.0,0.0
1776,Pyknosis,0,69,33,0.0,1.0,1.0,0.0
1776,"Proliferation, Kupffer cell",1,68,28,1.7121848739495797,0.45383360382032517,1.0,0.014492753623188406
1776,Cellular foci,0,69,25,0.0,1.0,1.0,0.0
1776,Microgranuloma,0,69,20,0.0,1.0,1.0,0.0
1776,Edema,0,69,18,0.0,1.0,1.0,0.0
1776,"Deposit, hemosiderin",0,69,17,0.0,1.0,1.0,0.0
1776,"Inclusion body, intracytoplasmic",0,69,11,0.0,1.0,1.0,0.0
1776,"Degeneration, acidophilic, eosinophilic",0,69,10,0.0,1.0,1.0,0.0
1776,Hemorrhage,0,69,10,0.0,1.0,1.0,0.0
1776,Phagocytosis,0,69,10,0.0,1.0,1.0,0.0
1776,"Lesion,NOS",0,69,10,0.0,1.0,1.0,0.0
1776,"Deposit, glycogen",0,69,9,0.0,1.0,1.0,0.0
1776,Granuloma,3,66,5,29.845454545454544,0.00043243248535065876,0.003485276747602324,0.043478260869565216
1776,"Vacuolization, nuclear",0,69,5,0.0,1.0,1.0,0.0
1792,Hypertrophy,5,26,500,1.0869230769230769,0.5091476920213079,1.0,0.16129032258064516
1792,Cellular infiltration,7,24,197,4.63261421319797,0.002074422587164281,0.01530691946305072,0.22580645161290322
1792,"Degeneration, granular, eosinophilic",13,18,189,11.987360376249265,7.312661868613837e-09,9.620644850402258e-08,0.41935483870967744
1792,Ground glass appearance,0,31,174,0.0,1.0,1.0,0.0
1792,Necrosis,10,21,150,10.082539682539682,8.527315048810698e-07,9.336820532707013e-06,0.3225806451612903
1792,"Proliferation, bile duct",5,26,150,4.0717948717948715,0.012621306300890754,0.08261218669673949,0.16129032258064516
1792,"Vacuolization, cytoplasmic",1,30,134,0.7940298507462686,0.7214752451525355,1.0,0.03225806451612903
1792,"Change, eosinophilic",2,29,127,1.7371707846863969,0.3357955611920179,1.0,0.06451612903225806
1792,Increased mitosis,9,22,117,11.22027972027972,1.1139182625277106e-06,1.2038173404089802e-05,0.2903225806451613
1792,Single cell necrosis,2,29,109,2.0354318253717176,0.27355116222752535,1.0,0.06451612903225806
1792,Swelling,3,28,102,3.3865546218487395,0.07097954346592539,0.40443020449649575,0.0967741935483871
1792,"Change, acidophilic",3,28,84,4.135204081632653,0.04482984704643464,0.26668932544398777,0.0967741935483871
1792,"Degeneration, fatty",0,31,80,0.0,1.0,1.0,0.0
1792,Fibrosis,3,28,60,5.832142857142857,0.019482092788637283,0.12350440892690018,0.0967741935483871
1792,"Proliferation, oval cell",0,31,61,0.0,1.0,1.0,0.0
1792,"Hematopoiesis, extramedullary",0,31,54,0.0,1.0,1.0,0.0
1792,"Cellular infiltration, mononuclear cell",0,31,53,0.0,1.0,1.0,0.0
1792,Anisonucleosis,0,31,47,0.0,1.0,1.0,0.0
1792,"Alteration, nuclear",0,31,46,0.0,1.0,1.0,0.0
1792,"Deposit, pigment",0,31,38,0.0,1.0,1.0,0.0
1792,"Degeneration, hydropic",0,31,35,0.0,1.0,1.0,0.0
1792,"Alteration, cytoplasmic",1,30,34,3.227450980392157,0.2784620070493864,1.0,0.03225806451612903
1792,Pyknosis,0,31,33,0.0,1.0,1.0,0.0
1792,"Proliferation, Kupffer cell",2,29,27,8.426564495530013,0.02870272536760155,0.1780618158574968,0.06451612903225806
1792,Cellular foci,0,31,25,0.0,1.0,1.0,0.0
1792,Microgranuloma,0,31,20,0.0,1.0,1.0,0.0
1792,Edema,0,31,18,0.0,1.0,1.0,0.0
1792,"Deposit, hemosiderin",0,31,17,0.0,1.0,1.0,0.0
1792,"Inclusion body, intracytoplasmic",0,31,11,0.0,1.0,1.0,0.0
1792,"Degeneration, acidophilic, eosinophilic",0,31,10,0.0,1.0,1.0,0.0
1792,Hemorrhage,0,31,10,0.0,1.0,1.0,0.0
1792,Phagocytosis,0,31,10,0.0,1.0,1.0,0.0
1792,"Lesion,NOS",0,31,10,0.0,1.0,1.0,0.0
1792,"Deposit, glycogen",0,31,9,0.0,1.0,1.0,0.0
1792,Granuloma,0,31,8,0.0,1.0,1.0,0.0
1792,"Vacuolization, nuclear",0,31,5,0.0,1.0,1.0,0.0
1794,Hypertrophy,37,12,468,18.710826210826212,1.8021505870348633e-21,5.50374009613732e-20,0.7551020408163265
1794,Cellular infiltration,5,44,199,1.7753540429419827,0.17416873502306307,0.8896604568279747,0.10204081632653061
1794,"Degeneration, granular, eosinophilic",0,49,202,0.0,1.0,1.0,0.0
1794,Ground glass appearance,0,49,174,0.0,1.0,1.0,0.0
1794,Necrosis,4,45,156,1.796011396011396,0.20337160707717075,1.0,0.08163265306122448
1794,"Proliferation, bile duct",5,44,150,2.3924242424242426,0.07327143906647232,0.4160921109510952,0.10204081632653061
1794,"Vacuolization, cytoplasmic",20,29,115,19.148425787106447,3.156402414049148e-16,7.338172344208195e-15,0.40816326530612246
1794,"Change, eosinophilic",3,46,126,1.6469979296066253,0.29069229270067687,1.0,0.061224489795918366
1794,Increased mitosis,1,48,125,0.5305,0.8486775659744858,1.0,0.02040816326530612
1794,Single cell necrosis,3,46,108,1.932367149758454,0.21936604236254542,1.0,0.061224489795918366
1794,Swelling,0,49,105,0.0,1.0,1.0,0.0
1794,"Change, acidophilic",0,49,87,0.0,1.0,1.0,0.0
1794,"Degeneration, fatty",0,49,80,0.0,1.0,1.0,0.0
1794,Fibrosis,0,49,63,0.0,1.0,1.0,0.0
1794,"Proliferation, oval cell",0,49,61,0.0,1.0,1.0,0.0
1794,"Hematopoiesis, extramedullary",0,49,54,0.0,1.0,1.0,0.0
1794,"Cellular infiltration, mononuclear cell",0,49,53,0.0,1.0,1.0,0.0
1794,Anisonucleosis,0,49,47,0.0,1.0,1.0,0.0
1794,"Alteration, nuclear",0,49,46,0.0,1.0,1.0,0.0
1794,"Deposit, pigment",0,49,38,0.0,1.0,1.0,0.0
1794,"Degeneration, hydropic",0,49,35,0.0,1.0,1.0,0.0
1794,"Alteration, cytoplasmic",0,49,35,0.0,1.0,1.0,0.0
1794,Pyknosis,0,49,33,0.0,1.0,1.0,0.0
1794,"Proliferation, Kupffer cell",0,49,29,0.0,1.0,1.0,0.0
1794,Cellular foci,0,49,25,0.0,1.0,1.0,0.0
1794,Microgranuloma,1,48,19,3.606359649122807,0.2554091947360724,1.0,0.02040816326530612
1794,Edema,3,46,15,14.317391304347826,0.002044674501937315,0.0151061772904324,0.061224489795918366
1794,"Deposit, hemosiderin",0,49,17,0.0,1.0,1.0,0.0
1794,"Inclusion body, intracytoplasmic",0,49,11,0.0,1.0,1.0,0.0
1794,"Degeneration, acidophilic, eosinophilic",0,49,10,0.0,1.0,1.0,0.0
1794,Hemorrhage,0,49,10,0.0,1.0,1.0,0.0
1794,Phagocytosis,0,49,10,0.0,1.0,1.0,0.0
1794,"Lesion,NOS",0,49,10,0.0,1.0,1.0,0.0
1794,"Deposit, glycogen",0,49,9,0.0,1.0,1.0,0.0
1794,Granuloma,0,49,8,0.0,1.0,1.0,0.0
1794,"Vacuolization, nuclear",0,49,5,0.0,1.0,1.0,0.0
1795,Hypertrophy,2,24,503,0.4685222001325381,0.919962791949783,1.0,0.07692307692307693
1795,Cellular infiltration,0,26,204,0.0,1.0,1.0,0.0
1795,"Degeneration, granular, eosinophilic",26,0,176,inf,3.7705146362371394e-33,2.1639475303621842e-31,1.0
1795,Ground glass appearance,0,26,174,0.0,1.0,1.0,0.0
1795,Necrosis,0,26,160,0.0,1.0,1.0,0.0
1795,"Proliferation, bile duct",0,26,155,0.0,1.0,1.0,0.0
1795,"Vacuolization, cytoplasmic",0,26,135,0.0,1.0,1.0,0.0
1795,"Change, eosinophilic",0,26,129,0.0,1.0,1.0,0.0
1795,Increased mitosis,0,26,126,0.0,1.0,1.0,0.0
1795,Single cell necrosis,0,26,111,0.0,1.0,1.0,0.0
1795,Swelling,0,26,105,0.0,1.0,1.0,0.0
1795,"Change, acidophilic",0,26,87,0.0,1.0,1.0,0.0
1795,"Degeneration, fatty",0,26,80,0.0,1.0,1.0,0.0
1795,Fibrosis,0,26,63,0.0,1.0,1.0,0.0
1795,"Proliferation, oval cell",0,26,61,0.0,1.0,1.0,0.0
1795,"Hematopoiesis, extramedullary",0,26,54,0.0,1.0,1.0,0.0
1795,"Cellular infiltration, mononuclear cell",0,26,53,0.0,1.0,1.0,0.0
1795,Anisonucleosis,0,26,47,0.0,1.0,1.0,0.0
1795,"Alteration, nuclear",0,26,46,0.0,1.0,1.0,0.0
1795,"Deposit, pigment",0,26,38,0.0,1.0,1.0,0.0
1795,"Degeneration, hydropic",0,26,35,0.0,1.0,1.0,0.0
1795,"Alteration, cytoplasmic",0,26,35,0.0,1.0,1.0,0.0
1795,Pyknosis,0,26,33,0.0,1.0,1.0,0.0
1795,"Proliferation, Kupffer cell",0,26,29,0.0,1.0,1.0,0.0
1795,Cellular foci,0,26,25,0.0,1.0,1.0,0.0
1795,Microgranuloma,0,26,20,0.0,1.0,1.0,0.0
1795,Edema,0,26,18,0.0,1.0,1.0,0.0
1795,"Deposit, hemosiderin",0,26,17,0.0,1.0,1.0,0.0
1795,"Inclusion body, intracytoplasmic",0,26,11,0.0,1.0,1.0,0.0
1795,"Degeneration, acidophilic, eosinophilic",0,26,10,0.0,1.0,1.0,0.0
1795,Hemorrhage,0,26,10,0.0,1.0,1.0,0.0
1795,Phagocytosis,0,26,10,0.0,1.0,1.0,0.0
1795,"Lesion,NOS",0,26,10,0.0,1.0,1.0,0.0
1795,"Deposit, glycogen",0,26,9,0.0,1.0,1.0,0.0
1795,Granuloma,1,25,7,18.994285714285713,0.06036753180756779,0.3493259999385803,0.038461538461538464
1795,"Vacuolization, nuclear",0,26,5,0.0,1.0,1.0,0.0
1796,Hypertrophy,54,15,451,22.645676274944567,1.9952618781457472e-32,1.097394032980161e-30,0.782608695652174
1796,Cellular infiltration,19,50,185,6.37372972972973,1.054903103665656e-08,1.3711432025763668e-07,0.2753623188405797
1796,"Degeneration, granular, eosinophilic",41,28,161,28.439884649511978,6.306122585582423e-34,3.7458368158359593e-32,0.5942028985507246
1796,Ground glass appearance,8,61,166,2.466521825004938,0.024742029746960374,0.15462141683003117,0.11594202898550725
1796,Necrosis,8,61,152,2.7057808455565144,0.015660636928598568,0.1007300307047921,0.11594202898550725
1796,"Proliferation, bile duct",10,59,145,3.673874926943308,0.0010628024296397887,0.008161663131299735,0.14492753623188406
1796,"Vacuolization, cytoplasmic",8,61,127,3.264231315347877,0.005850932063333073,0.040248449862418594,0.11594202898550725
1796,"Change, eosinophilic",10,59,119,4.5136020509898875,0.0002440287569719781,0.0020287345226221833,0.14492753623188406
1796,Increased mitosis,5,64,121,2.0448088842975207,0.11519416910574719,0.6183943646526329,0.07246376811594203
1796,Single cell necrosis,27,42,84,24.520408163265305,1.4715096003484668e-23,4.994724014897082e-22,0.391304347826087
1796,Swelling,0,69,105,0.0,1.0,1.0,0.0
1796,"Change, acidophilic",0,69,87,0.0,1.0,1.0,0.0
1796,"Degeneration, fatty",0,69,80,0.0,1.0,1.0,0.0
1796,Fibrosis,9,60,54,8.983333333333333,3.767615795132276e-06,3.865222421949174e-05,0.13043478260869565
1796,"Proliferation, oval cell",12,57,49,13.916219119226637,1.6784316466667294e-09,2.30465592047387e-08,0.17391304347826086
1796,"Hematopoiesis, extramedullary",0,69,54,0.0,1.0,1.0,0.0
1796,"Cellular infiltration, mononuclear cell",3,66,50,2.943636363636364,0.094066193872313,0.5183239254188676,0.043478260869565216
1796,Anisonucleosis,2,67,45,2.1512437810945273,0.25145745533198494,1.0,0.028985507246376812
1796,"Alteration, nuclear",29,40,17,139.4985294117647,1.8977246249856628e-40,1.6456181419583705e-38,0.42028985507246375
1796,"Deposit, pigment",6,63,32,9.69047619047619,9.951290029915922e-05,0.0008750653260947533,0.08695652173913043
1796,"Degeneration, hydropic",0,69,35,0.0,1.0,1.0,0.0
1796,"Alteration, cytoplasmic",0,69,35,0.0,1.0,1.0,0.0
1796,Pyknosis,0,69,33,0.0,1.0,1.0,0.0
1796,"Proliferation, Kupffer cell",6,63,23,13.51966873706004,1.9810820495924955e-05,0.0001885837720285164,0.08695652173913043
1796,Cellular foci,8,61,17,25.234329797492766,1.7270407686949443e-08,2.20142106567553e-07,0.11594202898550725
1796,Microgranuloma,0,69,20,0.0,1.0,1.0,0.0
1796,Edema,1,68,17,2.8295847750865053,0.31256510067091337,1.0,0.014492753623188406
1796,"Deposit, hemosiderin",0,69,17,0.0,1.0,1.0,0.0
1796,"Inclusion body, intracytoplasmic",2,67,9,10.875621890547263,0.020317590205697934,0.12818532747939004,0.028985507246376812
1796,"Degeneration, acidophilic, eosinophilic",0,69,10,0.0,1.0,1.0,0.0
1796,Hemorrhage,0,69,10,0.0,1.0,1.0,0.0
1796,Phagocytosis,0,69,10,0.0,1.0,1.0,0.0
1796,"Lesion,NOS",0,69,10,0.0,1.0,1.0,0.0
1796,"Deposit, glycogen",0,69,9,0.0,1.0,1.0,0.0
1796,Granuloma,0,69,8,0.0,1.0,1.0,0.0
1796,"Vacuolization, nuclear",3,66,2,74.68181818181819,8.073416099130936e-05,0.0007184433202822137,0.043478260869565216
1805,Hypertrophy,15,14,490,6.205539358600583,3.7634119993395444e-06,3.8642467201515804e-05,0.5172413793103449
1805,Cellular infiltration,0,29,204,0.0,1.0,1.0,0.0
1805,"Degeneration, granular, eosinophilic",0,29,202,0.0,1.0,1.0,0.0
1805,Ground glass appearance,15,14,159,21.3544474393531,1.1883183996437984e-12,2.1133566748156174e-11,0.5172413793103449
1805,Necrosis,0,29,160,0.0,1.0,1.0,0.0
1805,"Proliferation, bile duct",0,29,155,0.0,1.0,1.0,0.0
1805,"Vacuolization, cytoplasmic",0,29,135,0.0,1.0,1.0,0.0
1805,"Change, eosinophilic",6,23,123,6.79745493107105,0.0006569770549398228,0.0051756547829476755,0.20689655172413793
1805,Increased mitosis,1,28,125,0.9151428571428571,0.6718120019920015,1.0,0.034482758620689655
1805,Single cell necrosis,8,21,103,11.927877947295423,2.6706231401684426e-06,2.7879615909667047e-05,0.27586206896551724
1805,Swelling,0,29,105,0.0,1.0,1.0,0.0
1805,"Change, acidophilic",0,29,87,0.0,1.0,1.0,0.0
1805,"Degeneration, fatty",0,29,80,0.0,1.0,1.0,0.0
1805,Fibrosis,0,29,63,0.0,1.0,1.0,0.0
1805,"Proliferation, oval cell",0,29,61,0.0,1.0,1.0,0.0
1805,"Hematopoiesis, extramedullary",0,29,54,0.0,1.0,1.0,0.0
1805,"Cellular infiltration, mononuclear cell",2,27,51,4.7596223674655045,0.07573436290948724,0.42850624233556556,0.06896551724137931
1805,Anisonucleosis,2,27,45,5.404115226337448,0.06131478984885634,0.35394543411293167,0.06896551724137931
1805,"Alteration, nuclear",11,18,35,57.49682539682539,2.579794413140429e-14,5.275035736335334e-13,0.3793103448275862
1805,"Deposit, pigment",2,27,36,6.773662551440329,0.04181374131778612,0.25075580356148364,0.06896551724137931
1805,"Degeneration, hydropic",0,29,35,0.0,1.0,1.0,0.0
1805,"Alteration, cytoplasmic",0,29,35,0.0,1.0,1.0,0.0
1805,Pyknosis,0,29,33,0.0,1.0,1.0,0.0
1805,"Proliferation, Kupffer cell",6,23,23,37.485822306238184,9.95319659804455e-08,1.1883816641685353e-06,0.20689655172413793
1805,Cellular foci,0,29,25,0.0,1.0,1.0,0.0
1805,Microgranuloma,0,29,20,0.0,1.0,1.0,0.0
1805,Edema,0,29,18,0.0,1.0,1.0,0.0
1805,"Deposit, hemosiderin",0,29,17,0.0,1.0,1.0,0.0
1805,"Inclusion body, intracytoplasmic",4,25,7,75.90857142857143,1.4229533804566497e-06,1.52020558991232e-05,0.13793103448275862
1805,"Degeneration, acidophilic, eosinophilic",0,29,10,0.0,1.0,1.0,0.0
1805,Hemorrhage,0,29,10,0.0,1.0,1.0,0.0
1805,Phagocytosis,0,29,10,0.0,1.0,1.0,0.0
1805,"Lesion,NOS",0,29,10,0.0,1.0,1.0,0.0
1805,"Deposit, glycogen",0,29,9,0.0,1.0,1.0,0.0
1805,Granuloma,0,29,8,0.0,1.0,1.0,0.0
1805,"Vacuolization, nuclear",0,29,5,0.0,1.0,1.0,0.0
1811,Hypertrophy,16,18,489,5.1515564644399,8.645386962577035e-06,8.587558287242071e-05,0.47058823529411764
1811,Cellular infiltration,4,30,200,2.082,0.14845168606416675,0.7738508251172888,0.11764705882352941
1811,"Degeneration, granular, eosinophilic",15,19,187,13.239515902054602,1.9814048936576346e-10,2.9986102084907897e-09,0.4411764705882353
1811,Ground glass appearance,1,33,173,0.5517603783499737,0.8377796394581616,1.0,0.029411764705882353
1811,Necrosis,6,28,154,4.409554730983302,0.004723063561684983,0.032851285194858075,0.17647058823529413
1811,"Proliferation, bile duct",10,24,145,9.132183908045977,1.6603686597805724e-06,1.767489218476093e-05,0.29411764705882354
1811,"Vacuolization, cytoplasmic",4,30,131,3.2488549618320612,0.045575184098693634,0.27085201955601823,0.11764705882352941
1811,"Change, eosinophilic",4,30,125,3.4112,0.0395649396132002,0.23895855750117861,0.11764705882352941
1811,Increased mitosis,2,32,124,1.612399193548387,0.36700454676153366,1.0,0.058823529411764705
1811,Single cell necrosis,12,22,99,17.763085399449036,2.8020494723132893e-10,4.145497849449798e-09,0.35294117647058826
1811,Swelling,0,34,105,0.0,1.0,1.0,0.0
1811,"Change, acidophilic",0,34,87,0.0,1.0,1.0,0.0
1811,"Degeneration, fatty",0,34,80,0.0,1.0,1.0,0.0
1811,Fibrosis,4,30,59,7.376271186440678,0.003425846590743751,0.024326991929489398,0.11764705882352941
1811,"Proliferation, oval cell",0,34,61,0.0,1.0,1.0,0.0
1811,"Hematopoiesis, extramedullary",0,34,54,0.0,1.0,1.0,0.0
1811,"Cellular infiltration, mononuclear cell",11,23,42,37.36128364389234,1.1106341371837252e-12,1.9811311636250236e-11,0.3235294117647059
1811,Anisonucleosis,0,34,47,0.0,1.0,1.0,0.0
1811,"Alteration, nuclear",0,34,46,0.0,1.0,1.0,0.0
1811,"Deposit, pigment",5,29,33,17.189132706374085,3.104876654592614e-05,0.00028998376302327245,0.14705882352941177
1811,"Degeneration, hydropic",0,34,35,0.0,1.0,1.0,0.0
1811,"Alteration, cytoplasmic",0,34,35,0.0,1.0,1.0,0.0
1811,Pyknosis,0,34,33,0.0,1.0,1.0,0.0
1811,"Proliferation, Kupffer cell",11,23,18,87.81400966183575,5.872993953179053e-16,1.3495390360496548e-14,0.3235294117647059
1811,Cellular foci,0,34,25,0.0,1.0,1.0,0.0
1811,Microgranuloma,1,33,19,5.2695374800637955,0.1846810827759131,0.9347986781256483,0.029411764705882353
1811,Edema,0,34,18,0.0,1.0,1.0,0.0
1811,"Deposit, hemosiderin",0,34,17,0.0,1.0,1.0,0.0
1811,"Inclusion body, intracytoplasmic",0,34,11,0.0,1.0,1.0,0.0
1811,"Degeneration, acidophilic, eosinophilic",0,34,10,0.0,1.0,1.0,0.0
1811,Hemorrhage,0,34,10,0.0,1.0,1.0,0.0
1811,Phagocytosis,0,34,10,0.0,1.0,1.0,0.0
1811,"Lesion,NOS",0,34,10,0.0,1.0,1.0,0.0
1811,"Deposit, glycogen",0,34,9,0.0,1.0,1.0,0.0
1811,Granuloma,0,34,8,0.0,1.0,1.0,0.0
1811,"Vacuolization, nuclear",1,33,4,25.143939393939394,0.04965399916124164,0.29245885475238015,0.029411764705882353
1846,Hypertrophy,13,23,492,3.25,0.0014314536174163798,0.010866242156489835,0.3611111111111111
1846,Cellular infiltration,6,30,198,3.1545454545454548,0.01967926680806736,0.12442240004249082,0.16666666666666666
1846,"Degeneration, granular, eosinophilic",0,36,202,0.0,1.0,1.0,0.0
1846,Ground glass appearance,4,32,170,2.3169117647058823,0.11331515369310778,0.6094087939674606,0.1111111111111111
1846,Necrosis,4,32,156,2.5360576923076925,0.08968560881571394,0.4969519742214,0.1111111111111111
1846,"Proliferation, bile duct",13,23,142,12.653704837721984,2.421179707002285e-09,3.2723111398392656e-08,0.3611111111111111
1846,"Vacuolization, cytoplasmic",1,35,134,0.6795309168443496,0.7736235191385076,1.0,0.027777777777777776
1846,"Change, eosinophilic",2,34,127,1.4793886058360353,0.4056683214133572,1.0,0.05555555555555555
1846,Increased mitosis,6,30,120,5.335,0.0019143132910549722,0.01424047708060931,0.16666666666666666
1846,Single cell necrosis,17,19,94,30.716125419932812,9.953826861702718e-17,2.3793050928979536e-15,0.4722222222222222
1846,Swelling,0,36,105,0.0,1.0,1.0,0.0
1846,"Change, acidophilic",6,30,81,8.0,0.00026571347419860204,0.0021980256321314875,0.16666666666666666
1846,"Degeneration, fatty",0,36,80,0.0,1.0,1.0,0.0
1846,Fibrosis,6,30,57,11.452631578947368,4.306021565444878e-05,0.00039441431146865956,0.16666666666666666
1846,"Proliferation, oval cell",0,36,61,0.0,1.0,1.0,0.0
1846,"Hematopoiesis, extramedullary",2,34,52,3.6979638009049776,0.11316932598127676,0.6094087939674606,0.05555555555555555
1846,"Cellular infiltration, mononuclear cell",6,30,47,13.931914893617021,1.5719979965295977e-05,0.00015195554270766167,0.16666666666666666
1846,Anisonucleosis,5,31,42,12.59216589861751,0.0001179402444617501,0.0010257174994184415,0.1388888888888889
1846,"Alteration, nuclear",4,32,42,9.758928571428571,0.0013196427445340316,0.0100367194654701,0.1111111111111111
1846,"Deposit, pigment",4,32,34,12.084558823529411,0.0006345430661160739,0.005015549983671961,0.1111111111111111
1846,"Degeneration, hydropic",0,36,35,0.0,1.0,1.0,0.0
1846,"Alteration, cytoplasmic",0,36,35,0.0,1.0,1.0,0.0
1846,Pyknosis,0,36,33,0.0,1.0,1.0,0.0
1846,"Proliferation, Kupffer cell",3,33,26,11.520979020979022,0.003418224118378473,0.024287381893741782,0.08333333333333333
1846,Cellular foci,0,36,25,0.0,1.0,1.0,0.0
1846,Microgranuloma,0,36,20,0.0,1.0,1.0,0.0
1846,Edema,0,36,18,0.0,1.0,1.0,0.0
1846,"Deposit, hemosiderin",2,34,15,12.964705882352941,0.013745865272217873,0.08957810171911593,0.05555555555555555
1846,"Inclusion body, intracytoplasmic",1,35,10,9.46,0.11199464506588884,0.6042217908186919,0.027777777777777776
1846,"Degeneration, acidophilic, eosinophilic",0,36,10,0.0,1.0,1.0,0.0
1846,Hemorrhage,5,31,5,106.96774193548387,2.5801821371382245e-08,3.219807120714507e-07,0.1388888888888889
1846,Phagocytosis,0,36,10,0.0,1.0,1.0,0.0
1846,"Lesion,NOS",10,26,0,inf,5.143157819691984e-21,1.5313462380436283e-19,0.2777777777777778
1846,"Deposit, glycogen",0,36,9,0.0,1.0,1.0,0.0
1846,Granuloma,0,36,8,0.0,1.0,1.0,0.0
1846,"Vacuolization, nuclear",0,36,5,0.0,1.0,1.0,0.0
1847,Hypertrophy,1,9,504,0.6267636684303352,0.804589072185695,1.0,0.1
1847,Cellular infiltration,0,10,204,0.0,1.0,1.0,0.0
1847,"Degeneration, granular, eosinophilic",0,10,202,0.0,1.0,1.0,0.0
1847,Ground glass appearance,2,8,172,4.6148255813953485,0.09142173615264729,0.506042291678117,0.2
1847,Necrosis,0,10,160,0.0,1.0,1.0,0.0
1847,"Proliferation, bile duct",2,8,153,5.218954248366013,0.07472311239990108,0.42393055172436717,0.2
1847,"Vacuolization, cytoplasmic",0,10,135,0.0,1.0,1.0,0.0
1847,"Change, eosinophilic",0,10,129,0.0,1.0,1.0,0.0
1847,Increased mitosis,2,8,124,6.497983870967742,0.05163609032841015,0.30323121754894344,0.2
1847,Single cell necrosis,5,5,106,30.57547169811321,7.979181189270016e-06,7.959082496098051e-05,0.5
1847,Swelling,0,10,105,0.0,1.0,1.0,0.0
1847,"Change, acidophilic",0,10,87,0.0,1.0,1.0,0.0
1847,"Degeneration, fatty",0,10,80,0.0,1.0,1.0,0.0
1847,Fibrosis,0,10,63,0.0,1.0,1.0,0.0
1847,"Proliferation, oval cell",0,10,61,0.0,1.0,1.0,0.0
1847,"Hematopoiesis, extramedullary",3,7,51,27.69747899159664,0.00043608970304254163,0.003508024028318335,0.3
1847,"Cellular infiltration, mononuclear cell",0,10,53,0.0,1.0,1.0,0.0
1847,Anisonucleosis,0,10,47,0.0,1.0,1.0,0.0
1847,"Alteration, nuclear",2,8,44,18.767045454545453,0.0077089304589624775,0.05209447886943927,0.2
1847,"Deposit, pigment",1,9,37,9.93993993993994,0.10773813546757985,0.5841757413760149,0.1
1847,"Degeneration, hydropic",0,10,35,0.0,1.0,1.0,0.0
1847,"Alteration, cytoplasmic",0,10,35,0.0,1.0,1.0,0.0
1847,Pyknosis,0,10,33,0.0,1.0,1.0,0.0
1847,"Proliferation, Kupffer cell",1,9,28,13.170634920634921,0.08321196237398543,0.4656420692430273,0.1
1847,Cellular foci,0,10,25,0.0,1.0,1.0,0.0
1847,Microgranuloma,0,10,20,0.0,1.0,1.0,0.0
1847,Edema,0,10,18,0.0,1.0,1.0,0.0
1847,"Deposit, hemosiderin",0,10,17,0.0,1.0,1.0,0.0
1847,"Inclusion body, intracytoplasmic",0,10,11,0.0,1.0,1.0,0.0
1847,"Degeneration, acidophilic, eosinophilic",0,10,10,0.0,1.0,1.0,0.0
1847,Hemorrhage,0,10,10,0.0,1.0,1.0,0.0
1847,Phagocytosis,0,10,10,0.0,1.0,1.0,0.0
1847,"Lesion,NOS",4,6,6,371.22222222222223,8.277252874358721e-09,1.0865609298053215e-07,0.4
1847,"Deposit, glycogen",0,10,9,0.0,1.0,1.0,0.0
1847,Granuloma,0,10,8,0.0,1.0,1.0,0.0
1847,"Vacuolization, nuclear",0,10,5,0.0,1.0,1.0,0.0
1850,Hypertrophy,21,36,484,3.393939393939394,3.727147894638781e-05,0.0003448482631488218,0.3684210526315789
1850,Cellular infiltration,11,46,193,3.8496282946609597,0.000493710961672403,0.003944375403273805,0.19298245614035087
1850,"Degeneration, granular, eosinophilic",0,57,202,0.0,1.0,1.0,0.0
1850,Ground glass appearance,0,57,174,0.0,1.0,1.0,0.0
1850,Necrosis,6,51,154,2.403361344537815,0.05199717642580901,0.3050501016980795,0.10526315789473684
1850,"Proliferation, bile duct",30,27,125,28.22222222222222,2.481666839395146e-26,1.0062185000687488e-24,0.5263157894736842
1850,"Vacuolization, cytoplasmic",3,54,132,1.3333333333333333,0.40405577401300397,1.0,0.05263157894736842
1850,"Change, eosinophilic",0,57,129,0.0,1.0,1.0,0.0
1850,Increased mitosis,0,57,126,0.0,1.0,1.0,0.0
1850,Single cell necrosis,0,57,111,0.0,1.0,1.0,0.0
1850,Swelling,32,25,73,56.58301369863014,2.3993913288862778e-35,1.628843942123942e-33,0.5614035087719298
1850,"Change, acidophilic",4,53,83,2.9252102750625144,0.058758547358558864,0.34101198955529033,0.07017543859649122
1850,"Degeneration, fatty",0,57,80,0.0,1.0,1.0,0.0
1850,Fibrosis,0,57,63,0.0,1.0,1.0,0.0
1850,"Proliferation, oval cell",30,27,31,117.168458781362,1.284926639613239e-40,1.122421211662153e-38,0.5263157894736842
1850,"Hematopoiesis, extramedullary",0,57,54,0.0,1.0,1.0,0.0
1850,"Cellular infiltration, mononuclear cell",0,57,53,0.0,1.0,1.0,0.0
1850,Anisonucleosis,0,57,47,0.0,1.0,1.0,0.0
1850,"Alteration, nuclear",0,57,46,0.0,1.0,1.0,0.0
1850,"Deposit, pigment",0,57,38,0.0,1.0,1.0,0.0
1850,"Degeneration, hydropic",0,57,35,0.0,1.0,1.0,0.0
1850,"Alteration, cytoplasmic",0,57,35,0.0,1.0,1.0,0.0
1850,Pyknosis,0,57,33,0.0,1.0,1.0,0.0
1850,"Proliferation, Kupffer cell",0,57,29,0.0,1.0,1.0,0.0
1850,Cellular foci,7,50,18,25.526666666666667,1.0587480919526747e-07,1.2565361970427348e-06,0.12280701754385964
1850,Microgranuloma,0,57,20,0.0,1.0,1.0,0.0
1850,Edema,0,57,18,0.0,1.0,1.0,0.0
1850,"Deposit, hemosiderin",0,57,17,0.0,1.0,1.0,0.0
1850,"Inclusion body, intracytoplasmic",0,57,11,0.0,1.0,1.0,0.0
1850,"Degeneration, acidophilic, eosinophilic",0,57,10,0.0,1.0,1.0,0.0
1850,Hemorrhage,0,57,10,0.0,1.0,1.0,0.0
1850,Phagocytosis,0,57,10,0.0,1.0,1.0,0.0
1850,"Lesion,NOS",0,57,10,0.0,1.0,1.0,0.0
1850,"Deposit, glycogen",0,57,9,0.0,1.0,1.0,0.0
1850,Granuloma,0,57,8,0.0,1.0,1.0,0.0
1850,"Vacuolization, nuclear",0,57,5,0.0,1.0,1.0,0.0
1851,Hypertrophy,4,10,501,2.269061876247505,0.1472421664740827,0.768895357236089,0.2857142857142857
1851,Cellular infiltration,1,13,203,1.1898446381205001,0.5849953104732514,1.0,0.07142857142857142
1851,"Degeneration, granular, eosinophilic",0,14,202,0.0,1.0,1.0,0.0
1851,Ground glass appearance,1,13,173,1.4095153401511784,0.5260322105776812,1.0,0.07142857142857142
1851,Necrosis,1,13,159,1.540396710208031,0.4959340968581394,1.0,0.07142857142857142
1851,"Proliferation, bile duct",8,6,147,28.988662131519273,4.1004678177194567e-08,5.037596450310976e-07,0.5714285714285714
1851,"Vacuolization, cytoplasmic",0,14,135,0.0,1.0,1.0,0.0
1851,"Change, eosinophilic",0,14,129,0.0,1.0,1.0,0.0
1851,Increased mitosis,4,10,122,10.560655737704918,0.0014135877967208174,0.010737482752585237,0.2857142857142857
1851,Single cell necrosis,9,5,102,57.194117647058825,5.96360243705574e-11,9.361025622087403e-10,0.6428571428571429
1851,Swelling,0,14,105,0.0,1.0,1.0,0.0
1851,"Change, acidophilic",1,13,86,2.913237924865832,0.308112174364888,1.0,0.07142857142857142
1851,"Degeneration, fatty",0,14,80,0.0,1.0,1.0,0.0
1851,Fibrosis,1,13,62,4.070719602977667,0.23337005527526739,1.0,0.07142857142857142
1851,"Proliferation, oval cell",0,14,61,0.0,1.0,1.0,0.0
1851,"Hematopoiesis, extramedullary",1,13,53,4.7750362844702465,0.20345876341003402,1.0,0.07142857142857142
1851,"Cellular infiltration, mononuclear cell",2,12,51,10.758169934640524,0.01971412622239828,0.12457649974579338,0.14285714285714285
1851,Anisonucleosis,2,12,45,12.214814814814815,0.015687367519122416,0.10084736262292981,0.14285714285714285
1851,"Alteration, nuclear",0,14,46,0.0,1.0,1.0,0.0
1851,"Deposit, pigment",1,13,37,6.873180873180873,0.14759182946917063,0.7700443276652381,0.07142857142857142
1851,"Degeneration, hydropic",0,14,35,0.0,1.0,1.0,0.0
1851,"Alteration, cytoplasmic",0,14,35,0.0,1.0,1.0,0.0
1851,Pyknosis,0,14,33,0.0,1.0,1.0,0.0
1851,"Proliferation, Kupffer cell",0,14,29,0.0,1.0,1.0,0.0
1851,Cellular foci,0,14,25,0.0,1.0,1.0,0.0
1851,Microgranuloma,0,14,20,0.0,1.0,1.0,0.0
1851,Edema,0,14,18,0.0,1.0,1.0,0.0
1851,"Deposit, hemosiderin",1,13,16,15.995192307692308,0.06873844246112547,0.3927910997778598,0.07142857142857142
1851,"Inclusion body, intracytoplasmic",0,14,11,0.0,1.0,1.0,0.0
1851,"Degeneration, acidophilic, eosinophilic",0,14,10,0.0,1.0,1.0,0.0
1851,Hemorrhage,1,13,9,28.495726495726494,0.04098383623210207,0.2466504429773924,0.07142857142857142
1851,Phagocytosis,0,14,10,0.0,1.0,1.0,0.0
1851,"Lesion,NOS",8,6,2,2227.3333333333335,3.3956129320835506e-19,9.316369892183044e-18,0.5714285714285714
1851,"Deposit, glycogen",0,14,9,0.0,1.0,1.0,0.0
1851,Granuloma,0,14,8,0.0,1.0,1.0,0.0
1851,"Vacuolization, nuclear",0,14,5,0.0,1.0,1.0,0.0
1860,Hypertrophy,28,25,477,6.637819706498952,1.0500414380669229e-10,1.6200639330175381e-09,0.5283018867924528
1860,Cellular infiltration,1,52,203,0.2937665782493369,0.964901426146987,1.0,0.018867924528301886
1860,"Degeneration, granular, eosinophilic",0,53,202,0.0,1.0,1.0,0.0
1860,Ground glass appearance,0,53,174,0.0,1.0,1.0,0.0
1860,Necrosis,1,52,159,0.38038219641993226,0.9263928195259536,1.0,0.018867924528301886
1860,"Proliferation, bile duct",1,52,154,0.39335664335664333,0.9199822442464224,1.0,0.018867924528301886
1860,"Vacuolization, cytoplasmic",5,48,130,2.543269230769231,0.05985806962518977,0.3470541079293579,0.09433962264150944
1860,"Change, eosinophilic",6,47,123,3.3015049299429164,0.01494546749960383,0.09665332275192896,0.11320754716981132
1860,Increased mitosis,1,52,125,0.4890769230769231,0.8704579391697411,1.0,0.018867924528301886
1860,Single cell necrosis,0,53,111,0.0,1.0,1.0,0.0
1860,Swelling,0,53,105,0.0,1.0,1.0,0.0
1860,"Change, acidophilic",0,53,87,0.0,1.0,1.0,0.0
1860,"Degeneration, fatty",0,53,80,0.0,1.0,1.0,0.0
1860,Fibrosis,0,53,63,0.0,1.0,1.0,0.0
1860,"Proliferation, oval cell",0,53,61,0.0,1.0,1.0,0.0
1860,"Hematopoiesis, extramedullary",12,41,42,22.73170731707317,1.3504707576048102e-11,2.2221042382749506e-10,0.22641509433962265
1860,"Cellular infiltration, mononuclear cell",0,53,53,0.0,1.0,1.0,0.0
1860,Anisonucleosis,0,53,47,0.0,1.0,1.0,0.0
1860,"Alteration, nuclear",0,53,46,0.0,1.0,1.0,0.0
1860,"Deposit, pigment",1,52,37,1.698024948024948,0.45562200604711245,1.0,0.018867924528301886
1860,"Degeneration, hydropic",0,53,35,0.0,1.0,1.0,0.0
1860,"Alteration, cytoplasmic",0,53,35,0.0,1.0,1.0,0.0
1860,Pyknosis,0,53,33,0.0,1.0,1.0,0.0
1860,"Proliferation, Kupffer cell",0,53,29,0.0,1.0,1.0,0.0
1860,Cellular foci,0,53,25,0.0,1.0,1.0,0.0
1860,Microgranuloma,0,53,20,0.0,1.0,1.0,0.0
1860,Edema,1,52,17,3.7183257918552037,0.24962574628790113,1.0,0.018867924528301886
1860,"Deposit, hemosiderin",10,43,7,109.53488372093024,7.066956033196959e-15,1.507278952861398e-13,0.18867924528301888
1860,"Inclusion body, intracytoplasmic",0,53,11,0.0,1.0,1.0,0.0
1860,"Degeneration, acidophilic, eosinophilic",0,53,10,0.0,1.0,1.0,0.0
1860,Hemorrhage,0,53,10,0.0,1.0,1.0,0.0
1860,Phagocytosis,0,53,10,0.0,1.0,1.0,0.0
1860,"Lesion,NOS",0,53,10,0.0,1.0,1.0,0.0
1860,"Deposit, glycogen",0,53,9,0.0,1.0,1.0,0.0
1860,Granuloma,0,53,8,0.0,1.0,1.0,0.0
1860,"Vacuolization, nuclear",0,53,5,0.0,1.0,1.0,0.0
1865,Hypertrophy,0,36,505,0.0,1.0,1.0,0.0
1865,Cellular infiltration,17,19,187,14.995215311004785,3.3740668626248007e-12,5.809262946084439e-11,0.4722222222222222
1865,"Degeneration, granular, eosinophilic",2,34,200,0.9179411764705883,0.6476154891721884,1.0,0.05555555555555555
1865,Ground glass appearance,0,36,174,0.0,1.0,1.0,0.0
1865,Necrosis,7,29,153,4.9979716024340775,0.0012686119036443167,0.009660967573906718,0.19444444444444445
1865,"Proliferation, bile duct",14,22,141,14.352030947775628,1.7606158895533232e-10,2.671279280701594e-09,0.3888888888888889
1865,"Vacuolization, cytoplasmic",0,36,135,0.0,1.0,1.0,0.0
1865,"Change, eosinophilic",0,36,129,0.0,1.0,1.0,0.0
1865,Increased mitosis,0,36,126,0.0,1.0,1.0,0.0
1865,Single cell necrosis,0,36,111,0.0,1.0,1.0,0.0
1865,Swelling,8,28,97,9.496318114874816,1.0254037649292237e-05,0.00010092623634928897,0.2222222222222222
1865,"Change, acidophilic",9,27,78,13.85897435897436,1.8452849497982417e-07,2.130416443498845e-06,0.25
1865,"Degeneration, fatty",2,34,78,2.4457013574660635,0.21117637590238048,1.0,0.05555555555555555
1865,Fibrosis,11,25,52,27.66076923076923,1.7173931543178507e-11,2.814155954937388e-10,0.3055555555555556
1865,"Proliferation, oval cell",0,36,61,0.0,1.0,1.0,0.0
1865,"Hematopoiesis, extramedullary",0,36,54,0.0,1.0,1.0,0.0
1865,"Cellular infiltration, mononuclear cell",0,36,53,0.0,1.0,1.0,0.0
1865,Anisonucleosis,0,36,47,0.0,1.0,1.0,0.0
1865,"Alteration, nuclear",0,36,46,0.0,1.0,1.0,0.0
1865,"Deposit, pigment",0,36,38,0.0,1.0,1.0,0.0
1865,"Degeneration, hydropic",1,35,34,2.76218487394958,0.3156575320251294,1.0,0.027777777777777776
1865,"Alteration, cytoplasmic",1,35,34,2.76218487394958,0.3156575320251294,1.0,0.027777777777777776
1865,Pyknosis,0,36,33,0.0,1.0,1.0,0.0
1865,"Proliferation, Kupffer cell",0,36,29,0.0,1.0,1.0,0.0
1865,Cellular foci,0,36,25,0.0,1.0,1.0,0.0
1865,Microgranuloma,0,36,20,0.0,1.0,1.0,0.0
1865,Edema,0,36,18,0.0,1.0,1.0,0.0
1865,"Deposit, hemosiderin",0,36,17,0.0,1.0,1.0,0.0
1865,"Inclusion body, intracytoplasmic",0,36,11,0.0,1.0,1.0,0.0
1865,"Degeneration, acidophilic, eosinophilic",0,36,10,0.0,1.0,1.0,0.0
1865,Hemorrhage,0,36,10,0.0,1.0,1.0,0.0
1865,Phagocytosis,0,36,10,0.0,1.0,1.0,0.0
1865,"Lesion,NOS",0,36,10,0.0,1.0,1.0,0.0
1865,"Deposit, glycogen",0,36,9,0.0,1.0,1.0,0.0
1865,Granuloma,0,36,8,0.0,1.0,1.0,0.0
1865,"Vacuolization, nuclear",0,36,5,0.0,1.0,1.0,0.0
1874,Hypertrophy,0,35,505,0.0,1.0,1.0,0.0
1874,Cellular infiltration,6,29,198,3.264367816091954,0.01724646908870025,0.11033282324919706,0.17142857142857143
1874,"Degeneration, granular, eosinophilic",18,17,184,18.05754475703325,9.347578957314317e-14,1.808619511610653e-12,0.5142857142857142
1874,Ground glass appearance,0,35,174,0.0,1.0,1.0,0.0
1874,Necrosis,3,32,157,1.8899283439490446,0.23164503726614397,1.0,0.08571428571428572
1874,"Proliferation, bile duct",3,32,152,1.9551809210526316,0.21775089976567116,1.0,0.08571428571428572
1874,"Vacuolization, cytoplasmic",0,35,135,0.0,1.0,1.0,0.0
1874,"Change, eosinophilic",4,31,125,3.3001290322580643,0.04338516521110628,0.25913311347810086,0.11428571428571428
1874,Increased mitosis,0,35,126,0.0,1.0,1.0,0.0
1874,Single cell necrosis,0,35,111,0.0,1.0,1.0,0.0
1874,Swelling,19,16,86,44.68313953488372,1.3025934790945902e-20,3.746927489502114e-19,0.5428571428571428
1874,"Change, acidophilic",1,34,86,1.106703146374829,0.6029802517215976,1.0,0.02857142857142857
1874,"Degeneration, fatty",0,35,80,0.0,1.0,1.0,0.0
1874,Fibrosis,2,33,61,3.2399403874813713,0.13916685878830634,0.7315496824801235,0.05714285714285714
1874,"Proliferation, oval cell",0,35,61,0.0,1.0,1.0,0.0
1874,"Hematopoiesis, extramedullary",0,35,54,0.0,1.0,1.0,0.0
1874,"Cellular infiltration, mononuclear cell",0,35,53,0.0,1.0,1.0,0.0
1874,Anisonucleosis,0,35,47,0.0,1.0,1.0,0.0
1874,"Alteration, nuclear",0,35,46,0.0,1.0,1.0,0.0
1874,"Deposit, pigment",0,35,38,0.0,1.0,1.0,0.0
1874,"Degeneration, hydropic",0,35,35,0.0,1.0,1.0,0.0
1874,"Alteration, cytoplasmic",0,35,35,0.0,1.0,1.0,0.0
1874,Pyknosis,0,35,33,0.0,1.0,1.0,0.0
1874,"Proliferation, Kupffer cell",0,35,29,0.0,1.0,1.0,0.0
1874,Cellular foci,0,35,25,0.0,1.0,1.0,0.0
1874,Microgranuloma,0,35,20,0.0,1.0,1.0,0.0
1874,Edema,0,35,18,0.0,1.0,1.0,0.0
1874,"Deposit, hemosiderin",0,35,17,0.0,1.0,1.0,0.0
1874,"Inclusion body, intracytoplasmic",0,35,11,0.0,1.0,1.0,0.0
1874,"Degeneration, acidophilic, eosinophilic",1,34,9,10.826797385620916,0.09962917014212892,0.5454352724831758,0.02857142857142857
1874,Hemorrhage,0,35,10,0.0,1.0,1.0,0.0
1874,Phagocytosis,0,35,10,0.0,1.0,1.0,0.0
1874,"Lesion,NOS",0,35,10,0.0,1.0,1.0,0.0
1874,"Deposit, glycogen",0,35,9,0.0,1.0,1.0,0.0
1874,Granuloma,0,35,8,0.0,1.0,1.0,0.0
1874,"Vacuolization, nuclear",0,35,5,0.0,1.0,1.0,0.0
1879,Hypertrophy,1,34,504,0.16444911297852474,0.9967774184814374,1.0,0.02857142857142857
1879,Cellular infiltration,1,34,203,0.45189800057954216,0.8898394192318171,1.0,0.02857142857142857
1879,"Degeneration, granular, eosinophilic",33,2,169,307.83727810650885,2.0787054404076997e-39,1.7149319883363523e-37,0.9428571428571428
1879,Ground glass appearance,0,35,174,0.0,1.0,1.0,0.0
1879,Necrosis,1,34,159,0.5850906400295968,0.8206027868576415,1.0,0.02857142857142857
1879,"Proliferation, bile duct",1,34,154,0.6050420168067226,0.810461684425938,1.0,0.02857142857142857
1879,"Vacuolization, cytoplasmic",0,35,135,0.0,1.0,1.0,0.0
1879,"Change, eosinophilic",0,35,129,0.0,1.0,1.0,0.0
1879,Increased mitosis,2,33,124,1.563049853372434,0.38063819298982954,1.0,0.05714285714285714
1879,Single cell necrosis,0,35,111,0.0,1.0,1.0,0.0
1879,Swelling,0,35,105,0.0,1.0,1.0,0.0
1879,"Change, acidophilic",0,35,87,0.0,1.0,1.0,0.0
1879,"Degeneration, fatty",0,35,80,0.0,1.0,1.0,0.0
1879,Fibrosis,0,35,63,0.0,1.0,1.0,0.0
1879,"Proliferation, oval cell",0,35,61,0.0,1.0,1.0,0.0
1879,"Hematopoiesis, extramedullary",0,35,54,0.0,1.0,1.0,0.0
1879,"Cellular infiltration, mononuclear cell",0,35,53,0.0,1.0,1.0,0.0
1879,Anisonucleosis,0,35,47,0.0,1.0,1.0,0.0
1879,"Alteration, nuclear",0,35,46,0.0,1.0,1.0,0.0
1879,"Deposit, pigment",0,35,38,0.0,1.0,1.0,0.0
1879,"Degeneration, hydropic",0,35,35,0.0,1.0,1.0,0.0
1879,"Alteration, cytoplasmic",0,35,35,0.0,1.0,1.0,0.0
1879,Pyknosis,0,35,33,0.0,1.0,1.0,0.0
1879,"Proliferation, Kupffer cell",0,35,29,0.0,1.0,1.0,0.0
1879,Cellular foci,0,35,25,0.0,1.0,1.0,0.0
1879,Microgranuloma,0,35,20,0.0,1.0,1.0,0.0
1879,Edema,1,34,17,5.717993079584775,0.17232489894773034,0.8816622736860622,0.02857142857142857
1879,"Deposit, hemosiderin",0,35,17,0.0,1.0,1.0,0.0
1879,"Inclusion body, intracytoplasmic",0,35,11,0.0,1.0,1.0,0.0
1879,"Degeneration, acidophilic, eosinophilic",0,35,10,0.0,1.0,1.0,0.0
1879,Hemorrhage,0,35,10,0.0,1.0,1.0,0.0
1879,Phagocytosis,0,35,10,0.0,1.0,1.0,0.0
1879,"Lesion,NOS",0,35,10,0.0,1.0,1.0,0.0
1879,"Deposit, glycogen",0,35,9,0.0,1.0,1.0,0.0
1879,Granuloma,0,35,8,0.0,1.0,1.0,0.0
1879,"Vacuolization, nuclear",0,35,5,0.0,1.0,1.0,0.0
1888,Hypertrophy,20,56,485,2.0589101620029453,0.006953856913289928,0.04717979447737541,0.2631578947368421
1888,Cellular infiltration,12,64,192,3.0166015625,0.0017944743737630484,0.013433116295088227,0.15789473684210525
1888,"Degeneration, granular, eosinophilic",0,76,202,0.0,1.0,1.0,0.0
1888,Ground glass appearance,0,76,174,0.0,1.0,1.0,0.0
1888,Necrosis,12,64,148,3.9691722972972974,0.0001977563918235376,0.001661489345730995,0.15789473684210525
1888,"Proliferation, bile duct",42,34,113,34.63196251952108,3.227515753550713e-38,2.5392640498134085e-36,0.5526315789473685
1888,"Vacuolization, cytoplasmic",0,76,135,0.0,1.0,1.0,0.0
1888,"Change, eosinophilic",0,76,129,0.0,1.0,1.0,0.0
1888,Increased mitosis,0,76,126,0.0,1.0,1.0,0.0
1888,Single cell necrosis,0,76,111,0.0,1.0,1.0,0.0
1888,Swelling,46,30,59,83.73559322033898,5.172513507943972e-54,7.493836643216388e-52,0.6052631578947368
1888,"Change, acidophilic",10,66,77,6.304604486422668,1.9079986348518254e-05,0.00018221080210642835,0.13157894736842105
1888,"Degeneration, fatty",0,76,80,0.0,1.0,1.0,0.0
1888,Fibrosis,0,76,63,0.0,1.0,1.0,0.0
1888,"Proliferation, oval cell",39,37,22,156.14373464373463,9.145403695103143e-54,1.2934213797360158e-51,0.5131578947368421
1888,"Hematopoiesis, extramedullary",0,76,54,0.0,1.0,1.0,0.0
1888,"Cellular infiltration, mononuclear cell",0,76,53,0.0,1.0,1.0,0.0
1888,Anisonucleosis,2,74,45,1.9435435435435435,0.2881454552199165,1.0,0.02631578947368421
1888,"Alteration, nuclear",0,76,46,0.0,1.0,1.0,0.0
1888,"Deposit, pigment",0,76,38,0.0,1.0,1.0,0.0
1888,"Degeneration, hydropic",0,76,35,0.0,1.0,1.0,0.0
1888,"Alteration, cytoplasmic",0,76,35,0.0,1.0,1.0,0.0
1888,Pyknosis,0,76,33,0.0,1.0,1.0,0.0
1888,"Proliferation, Kupffer cell",0,76,29,0.0,1.0,1.0,0.0
1888,Cellular foci,13,63,12,56.21296296296296,5.954972944301862e-16,1.3657351076893072e-14,0.17105263157894737
1888,Microgranuloma,0,76,20,0.0,1.0,1.0,0.0
1888,Edema,0,76,18,0.0,1.0,1.0,0.0
1888,"Deposit, hemosiderin",0,76,17,0.0,1.0,1.0,0.0
1888,"Inclusion body, intracytoplasmic",0,76,11,0.0,1.0,1.0,0.0
1888,"Degeneration, acidophilic, eosinophilic",0,76,10,0.0,1.0,1.0,0.0
1888,Hemorrhage,0,76,10,0.0,1.0,1.0,0.0
1888,Phagocytosis,0,76,10,0.0,1.0,1.0,0.0
1888,"Lesion,NOS",0,76,10,0.0,1.0,1.0,0.0
1888,"Deposit, glycogen",0,76,9,0.0,1.0,1.0,0.0
1888,Granuloma,0,76,8,0.0,1.0,1.0,0.0
1888,"Vacuolization, nuclear",0,76,5,0.0,1.0,1.0,0.0
1894,Hypertrophy,33,20,472,9.9,2.9700619962287136e-15,6.4741901862747e-14,0.6226415094339622
1894,Cellular infiltration,24,29,180,14.363218390804597,2.8302527296981656e-16,6.618780005672089e-15,0.4528301886792453
1894,"Degeneration, granular, eosinophilic",28,25,174,20.14712643678161,2.583906285124783e-21,7.810892281751253e-20,0.5283018867924528
1894,Ground glass appearance,0,53,174,0.0,1.0,1.0,0.0
1894,Necrosis,18,35,142,11.451911468812877,9.529023398840222e-12,1.5744756325204703e-10,0.33962264150943394
1894,"Proliferation, bile duct",23,30,132,18.423232323232323,7.191576100810266e-18,1.8333889287044197e-16,0.4339622641509434
1894,"Vacuolization, cytoplasmic",2,51,133,0.934984520123839,0.6364926714965896,1.0,0.03773584905660377
1894,"Change, eosinophilic",13,40,116,8.931896551724138,4.943252465832826e-08,6.047975210514312e-07,0.24528301886792453
1894,Increased mitosis,19,34,107,16.696811434854315,8.570635932917582e-15,1.8149581975590173e-13,0.3584905660377358
1894,Single cell necrosis,10,43,101,7.3750863458438864,6.145318069166787e-06,6.1765125771321e-05,0.18867924528301888
1894,Swelling,0,53,105,0.0,1.0,1.0,0.0
1894,"Change, acidophilic",0,53,87,0.0,1.0,1.0,0.0
1894,"Degeneration, fatty",0,53,80,0.0,1.0,1.0,0.0
1894,Fibrosis,0,53,63,0.0,1.0,1.0,0.0
1894,"Proliferation, oval cell",0,53,61,0.0,1.0,1.0,0.0
1894,"Hematopoiesis, extramedullary",0,53,54,0.0,1.0,1.0,0.0
1894,"Cellular infiltration, mononuclear cell",0,53,53,0.0,1.0,1.0,0.0
1894,Anisonucleosis,0,53,47,0.0,1.0,1.0,0.0
1894,"Alteration, nuclear",0,53,46,0.0,1.0,1.0,0.0
1894,"Deposit, pigment",5,48,33,10.325126262626263,0.0002738030379329445,0.002260444816291439,0.09433962264150944
1894,"Degeneration, hydropic",0,53,35,0.0,1.0,1.0,0.0
1894,"Alteration, cytoplasmic",0,53,35,0.0,1.0,1.0,0.0
1894,Pyknosis,0,53,33,0.0,1.0,1.0,0.0
1894,"Proliferation, Kupffer cell",0,53,29,0.0,1.0,1.0,0.0
1894,Cellular foci,0,53,25,0.0,1.0,1.0,0.0
1894,Microgranuloma,0,53,20,0.0,1.0,1.0,0.0
1894,Edema,18,35,0,inf,1.4770511588190923e-34,9.333706258920647e-33,0.33962264150943394
1894,"Deposit, hemosiderin",0,53,17,0.0,1.0,1.0,0.0
1894,"Inclusion body, intracytoplasmic",0,53,11,0.0,1.0,1.0,0.0
1894,"Degeneration, acidophilic, eosinophilic",0,53,10,0.0,1.0,1.0,0.0
1894,Hemorrhage,0,53,10,0.0,1.0,1.0,0.0
1894,Phagocytosis,0,53,10,0.0,1.0,1.0,0.0
1894,"Lesion,NOS",0,53,10,0.0,1.0,1.0,0.0
1894,"Deposit, glycogen",0,53,9,0.0,1.0,1.0,0.0
1894,Granuloma,0,53,8,0.0,1.0,1.0,0.0
1894,"Vacuolization, nuclear",0,53,5,0.0,1.0,1.0,0.0
1896,Hypertrophy,5,82,500,0.3378048780487805,0.998176825323803,1.0,0.05747126436781609
1896,Cellular infiltration,10,77,194,2.0591779354665953,0.03627842529277769,0.22067982205744954,0.11494252873563218
1896,"Degeneration, granular, eosinophilic",0,87,202,0.0,1.0,1.0,0.0
1896,Ground glass appearance,0,87,174,0.0,1.0,1.0,0.0
1896,Necrosis,32,55,128,14.281818181818181,1.6070997015423813e-21,4.959050507616491e-20,0.367816091954023
1896,"Proliferation, bile duct",44,43,111,29.121307353865493,8.079866336491469e-38,6.113937075001188e-36,0.5057471264367817
1896,"Vacuolization, cytoplasmic",1,86,134,0.2721277334258938,0.9731765912180687,1.0,0.011494252873563218
1896,"Change, eosinophilic",0,87,129,0.0,1.0,1.0,0.0
1896,Increased mitosis,0,87,126,0.0,1.0,1.0,0.0
1896,Single cell necrosis,0,87,111,0.0,1.0,1.0,0.0
1896,Swelling,42,45,63,47.51111111111111,3.079345098424025e-43,3.100222014345544e-41,0.4827586206896552
1896,"Change, acidophilic",27,60,60,24.075,1.4281456753434503e-23,4.861424247300913e-22,0.3103448275862069
1896,"Degeneration, fatty",0,87,80,0.0,1.0,1.0,0.0
1896,Fibrosis,0,87,63,0.0,1.0,1.0,0.0
1896,"Proliferation, oval cell",35,52,26,83.97928994082841,9.953850148017309e-43,9.692765553970955e-41,0.40229885057471265
1896,"Hematopoiesis, extramedullary",3,84,51,2.254201680672269,0.16319338686757992,0.841465901035959,0.034482758620689655
1896,"Cellular infiltration, mononuclear cell",0,87,53,0.0,1.0,1.0,0.0
1896,Anisonucleosis,5,82,42,4.686411149825784,0.006783237451021298,0.04615398678014491,0.05747126436781609
1896,"Alteration, nuclear",0,87,46,0.0,1.0,1.0,0.0
1896,"Deposit, pigment",0,87,38,0.0,1.0,1.0,0.0
1896,"Degeneration, hydropic",0,87,35,0.0,1.0,1.0,0.0
1896,"Alteration, cytoplasmic",0,87,35,0.0,1.0,1.0,0.0
1896,Pyknosis,0,87,33,0.0,1.0,1.0,0.0
1896,"Proliferation, Kupffer cell",0,87,29,0.0,1.0,1.0,0.0
1896,Cellular foci,16,71,9,81.65258215962442,1.6815515139344647e-20,4.813694454347335e-19,0.1839080459770115
1896,Microgranuloma,0,87,20,0.0,1.0,1.0,0.0
1896,Edema,0,87,18,0.0,1.0,1.0,0.0
1896,"Deposit, hemosiderin",0,87,17,0.0,1.0,1.0,0.0
1896,"Inclusion body, intracytoplasmic",0,87,11,0.0,1.0,1.0,0.0
1896,"Degeneration, acidophilic, eosinophilic",0,87,10,0.0,1.0,1.0,0.0
1896,Hemorrhage,0,87,10,0.0,1.0,1.0,0.0
1896,Phagocytosis,0,87,10,0.0,1.0,1.0,0.0
1896,"Lesion,NOS",0,87,10,0.0,1.0,1.0,0.0
1896,"Deposit, glycogen",0,87,9,0.0,1.0,1.0,0.0
1896,Granuloma,0,87,8,0.0,1.0,1.0,0.0
1896,"Vacuolization, nuclear",0,87,5,0.0,1.0,1.0,0.0
1901,Hypertrophy,26,28,479,5.4745004473605725,6.739427290852137e-09,8.90593951227179e-08,0.48148148148148145
1901,Cellular infiltration,2,52,202,0.5904417364813405,0.8500449550517158,1.0,0.037037037037037035
1901,"Degeneration, granular, eosinophilic",0,54,202,0.0,1.0,1.0,0.0
1901,Ground glass appearance,0,54,174,0.0,1.0,1.0,0.0
1901,Necrosis,8,46,152,3.6052631578947367,0.0035681614345417106,0.025247026707775774,0.14814814814814814
1901,"Proliferation, bile duct",20,34,135,13.803921568627452,4.79758055412287e-14,9.61134181837769e-13,0.37037037037037035
1901,"Vacuolization, cytoplasmic",1,53,134,0.44621233455364684,0.8929554469110282,1.0,0.018518518518518517
1901,"Change, eosinophilic",0,54,129,0.0,1.0,1.0,0.0
1901,Increased mitosis,0,54,126,0.0,1.0,1.0,0.0
1901,Single cell necrosis,0,54,111,0.0,1.0,1.0,0.0
1901,Swelling,19,35,86,20.306644518272424,3.669951977186847e-16,8.482301456999949e-15,0.35185185185185186
1901,"Change, acidophilic",8,46,79,7.097413318657127,5.7842874179303075e-05,0.0005219003619165477,0.14814814814814814
1901,"Degeneration, fatty",0,54,80,0.0,1.0,1.0,0.0
1901,Fibrosis,0,54,63,0.0,1.0,1.0,0.0
1901,"Proliferation, oval cell",18,36,43,37.906976744186046,1.8652450436943395e-19,5.165293967153556e-18,0.3333333333333333
1901,"Hematopoiesis, extramedullary",0,54,54,0.0,1.0,1.0,0.0
1901,"Cellular infiltration, mononuclear cell",0,54,53,0.0,1.0,1.0,0.0
1901,Anisonucleosis,1,53,46,1.3359310910582445,0.5358246670241312,1.0,0.018518518518518517
1901,"Alteration, nuclear",0,54,46,0.0,1.0,1.0,0.0
1901,"Deposit, pigment",0,54,38,0.0,1.0,1.0,0.0
1901,"Degeneration, hydropic",0,54,35,0.0,1.0,1.0,0.0
1901,"Alteration, cytoplasmic",0,54,35,0.0,1.0,1.0,0.0
1901,Pyknosis,0,54,33,0.0,1.0,1.0,0.0
1901,"Proliferation, Kupffer cell",0,54,29,0.0,1.0,1.0,0.0
1901,Cellular foci,7,47,18,27.180851063829788,7.193998289359426e-08,8.703044717095525e-07,0.12962962962962962
1901,Microgranuloma,0,54,20,0.0,1.0,1.0,0.0
1901,Edema,0,54,18,0.0,1.0,1.0,0.0
1901,"Deposit, hemosiderin",0,54,17,0.0,1.0,1.0,0.0
1901,"Inclusion body, intracytoplasmic",0,54,11,0.0,1.0,1.0,0.0
1901,"Degeneration, acidophilic, eosinophilic",0,54,10,0.0,1.0,1.0,0.0
1901,Hemorrhage,0,54,10,0.0,1.0,1.0,0.0
1901,Phagocytosis,0,54,10,0.0,1.0,1.0,0.0
1901,"Lesion,NOS",0,54,10,0.0,1.0,1.0,0.0
1901,"Deposit, glycogen",0,54,9,0.0,1.0,1.0,0.0
1901,Granuloma,0,54,8,0.0,1.0,1.0,0.0
1901,"Vacuolization, nuclear",0,54,5,0.0,1.0,1.0,0.0
1902,Hypertrophy,0,13,505,0.0,1.0,1.0,0.0
1902,Cellular infiltration,7,6,197,18.63705583756345,3.470250591326556e-06,3.566312891432481e-05,0.5384615384615384
1902,"Degeneration, granular, eosinophilic",0,13,202,0.0,1.0,1.0,0.0
1902,Ground glass appearance,0,13,174,0.0,1.0,1.0,0.0
1902,Necrosis,4,9,156,9.082621082621083,0.0025347732352932278,0.018417801856442536,0.3076923076923077
1902,"Proliferation, bile duct",3,10,152,6.3,0.019622398214244052,0.12419504037571621,0.23076923076923078
1902,"Vacuolization, cytoplasmic",0,13,135,0.0,1.0,1.0,0.0
1902,"Change, eosinophilic",2,11,127,4.605583392984967,0.0866793113612163,0.4823186037336064,0.15384615384615385
1902,Increased mitosis,0,13,126,0.0,1.0,1.0,0.0
1902,Single cell necrosis,0,13,111,0.0,1.0,1.0,0.0
1902,Swelling,3,10,102,9.535294117647059,0.006766594029149618,0.04609354189581277,0.23076923076923078
1902,"Change, acidophilic",1,12,86,3.1569767441860463,0.2896306757986445,1.0,0.07692307692307693
1902,"Degeneration, fatty",1,12,79,3.4440928270042193,0.2695687631417058,1.0,0.07692307692307693
1902,Fibrosis,2,11,61,9.785394932935917,0.023669155588337192,0.1483849965115809,0.15384615384615385
1902,"Proliferation, oval cell",0,13,61,0.0,1.0,1.0,0.0
1902,"Hematopoiesis, extramedullary",0,13,54,0.0,1.0,1.0,0.0
1902,"Cellular infiltration, mononuclear cell",0,13,53,0.0,1.0,1.0,0.0
1902,Anisonucleosis,0,13,47,0.0,1.0,1.0,0.0
1902,"Alteration, nuclear",0,13,46,0.0,1.0,1.0,0.0
1902,"Deposit, pigment",0,13,38,0.0,1.0,1.0,0.0
1902,"Degeneration, hydropic",0,13,35,0.0,1.0,1.0,0.0
1902,"Alteration, cytoplasmic",2,11,33,18.242424242424242,0.007665399202487388,0.05182979085119531,0.15384615384615385
1902,Pyknosis,0,13,33,0.0,1.0,1.0,0.0
1902,"Proliferation, Kupffer cell",0,13,29,0.0,1.0,1.0,0.0
1902,Cellular foci,0,13,25,0.0,1.0,1.0,0.0
1902,Microgranuloma,0,13,20,0.0,1.0,1.0,0.0
1902,Edema,0,13,18,0.0,1.0,1.0,0.0
1902,"Deposit, hemosiderin",0,13,17,0.0,1.0,1.0,0.0
1902,"Inclusion body, intracytoplasmic",0,13,11,0.0,1.0,1.0,0.0
1902,"Degeneration, acidophilic, eosinophilic",1,12,9,30.87962962962963,0.0381073630354377,0.2312132139228804,0.07692307692307693
1902,Hemorrhage,0,13,10,0.0,1.0,1.0,0.0
1902,Phagocytosis,0,13,10,0.0,1.0,1.0,0.0
1902,"Lesion,NOS",0,13,10,0.0,1.0,1.0,0.0
1902,"Deposit, glycogen",0,13,9,0.0,1.0,1.0,0.0
1902,Granuloma,0,13,8,0.0,1.0,1.0,0.0
1902,"Vacuolization, nuclear",0,13,5,0.0,1.0,1.0,0.0
1916,Hypertrophy,41,10,464,25.1125,1.320036162481821e-25,5.07509048876506e-24,0.803921568627451
1916,Cellular infiltration,15,36,189,6.871693121693122,1.5524102460841436e-07,1.8027989954525538e-06,0.29411764705882354
1916,"Degeneration, granular, eosinophilic",37,14,165,50.31038961038961,1.609902095944835e-35,1.1055281444985342e-33,0.7254901960784313
1916,Ground glass appearance,2,49,172,0.7437114380635975,0.7513929602654272,1.0,0.0392156862745098
1916,Necrosis,2,49,158,0.8132265564453629,0.7079442395305118,1.0,0.0392156862745098
1916,"Proliferation, bile duct",5,46,150,2.2869565217391306,0.08397010675987965,0.46922148085953447,0.09803921568627451
1916,"Vacuolization, cytoplasmic",5,46,130,2.6555183946488294,0.0521821612587912,0.3059842427218359,0.09803921568627451
1916,"Change, eosinophilic",6,45,123,3.4504065040650405,0.012478538297705599,0.0818129332101228,0.11764705882352941
1916,Increased mitosis,3,48,123,1.6173780487804879,0.29936911143061723,1.0,0.058823529411764705
1916,Single cell necrosis,19,32,92,20.742527173913043,3.132984660650136e-16,7.298011327161493e-15,0.37254901960784315
1916,Swelling,0,51,105,0.0,1.0,1.0,0.0
1916,"Change, acidophilic",0,51,87,0.0,1.0,1.0,0.0
1916,"Degeneration, fatty",0,51,80,0.0,1.0,1.0,0.0
1916,Fibrosis,5,46,58,6.086956521739131,0.0023964948794485195,0.017466478017084914,0.09803921568627451
1916,"Proliferation, oval cell",12,39,49,20.452119309262166,3.870865286271533e-11,6.164327024250109e-10,0.23529411764705882
1916,"Hematopoiesis, extramedullary",0,51,54,0.0,1.0,1.0,0.0
1916,"Cellular infiltration, mononuclear cell",0,51,53,0.0,1.0,1.0,0.0
1916,Anisonucleosis,1,50,46,1.4173913043478261,0.5154448538121053,1.0,0.0196078431372549
1916,"Alteration, nuclear",28,23,18,222.3768115942029,3.1491149532400036e-43,3.143822323066491e-41,0.5490196078431373
1916,"Deposit, pigment",1,50,37,1.767027027027027,0.44288648823953597,1.0,0.0196078431372549
1916,"Degeneration, hydropic",0,51,35,0.0,1.0,1.0,0.0
1916,"Alteration, cytoplasmic",0,51,35,0.0,1.0,1.0,0.0
1916,Pyknosis,0,51,33,0.0,1.0,1.0,0.0
1916,"Proliferation, Kupffer cell",1,50,28,2.3414285714285716,0.3597069072026671,1.0,0.0196078431372549
1916,Cellular foci,8,43,17,35.99452804377565,1.4280351124568798e-09,1.9726810623241546e-08,0.1568627450980392
1916,Microgranuloma,0,51,20,0.0,1.0,1.0,0.0
1916,Edema,0,51,18,0.0,1.0,1.0,0.0
1916,"Deposit, hemosiderin",0,51,17,0.0,1.0,1.0,0.0
1916,"Inclusion body, intracytoplasmic",1,50,10,6.592,0.15519477373843996,0.804412701576207,0.0196078431372549
1916,"Degeneration, acidophilic, eosinophilic",0,51,10,0.0,1.0,1.0,0.0
1916,Hemorrhage,0,51,10,0.0,1.0,1.0,0.0
1916,Phagocytosis,0,51,10,0.0,1.0,1.0,0.0
1916,"Lesion,NOS",0,51,10,0.0,1.0,1.0,0.0
1916,"Deposit, glycogen",0,51,9,0.0,1.0,1.0,0.0
1916,Granuloma,0,51,8,0.0,1.0,1.0,0.0
1916,"Vacuolization, nuclear",2,49,3,44.93877551020408,0.002198020981699772,0.016158718603089907,0.0392156862745098
1936,Hypertrophy,10,13,495,4.411810411810412,0.0009761839056218092,0.007543817498500278,0.43478260869565216
1936,Cellular infiltration,10,13,194,12.450436161776368,3.1514639879720975e-07,3.565656397819859e-06,0.43478260869565216
1936,"Degeneration, granular, eosinophilic",9,14,193,10.462250185048113,3.3869534514410744e-06,3.492795746798608e-05,0.391304347826087
1936,Ground glass appearance,0,23,174,0.0,1.0,1.0,0.0
1936,Necrosis,6,17,154,7.288006111535523,0.0005478766063329369,0.004359424040732221,0.2608695652173913
1936,"Proliferation, bile duct",10,13,145,16.917771883289124,2.2521325683402995e-08,2.831252371627805e-07,0.43478260869565216
1936,"Vacuolization, cytoplasmic",0,23,135,0.0,1.0,1.0,0.0
1936,"Change, eosinophilic",6,17,123,9.21377331420373,0.00016883599663908915,0.0014398934961036463,0.2608695652173913
1936,Increased mitosis,8,15,118,14.535593220338983,9.635973824210326e-07,1.0502327434093455e-05,0.34782608695652173
1936,Single cell necrosis,6,17,105,10.853781512605043,7.279880442882014e-05,0.0006502630049732205,0.2608695652173913
1936,Swelling,0,23,105,0.0,1.0,1.0,0.0
1936,"Change, acidophilic",0,23,87,0.0,1.0,1.0,0.0
1936,"Degeneration, fatty",0,23,80,0.0,1.0,1.0,0.0
1936,Fibrosis,0,23,63,0.0,1.0,1.0,0.0
1936,"Proliferation, oval cell",0,23,61,0.0,1.0,1.0,0.0
1936,"Hematopoiesis, extramedullary",0,23,54,0.0,1.0,1.0,0.0
1936,"Cellular infiltration, mononuclear cell",0,23,53,0.0,1.0,1.0,0.0
1936,Anisonucleosis,0,23,47,0.0,1.0,1.0,0.0
1936,"Alteration, nuclear",0,23,46,0.0,1.0,1.0,0.0
1936,"Deposit, pigment",3,20,35,14.138571428571428,0.0020276186101054272,0.014998822595300422,0.13043478260869565
1936,"Degeneration, hydropic",0,23,35,0.0,1.0,1.0,0.0
1936,"Alteration, cytoplasmic",0,23,35,0.0,1.0,1.0,0.0
1936,Pyknosis,0,23,33,0.0,1.0,1.0,0.0
1936,"Proliferation, Kupffer cell",0,23,29,0.0,1.0,1.0,0.0
1936,Cellular foci,0,23,25,0.0,1.0,1.0,0.0
1936,Microgranuloma,0,23,20,0.0,1.0,1.0,0.0
1936,Edema,8,15,10,177.28,5.196662206727214e-14,1.0341096652582797e-12,0.34782608695652173
1936,"Deposit, hemosiderin",0,23,17,0.0,1.0,1.0,0.0
1936,"Inclusion body, intracytoplasmic",0,23,11,0.0,1.0,1.0,0.0
1936,"Degeneration, acidophilic, eosinophilic",0,23,10,0.0,1.0,1.0,0.0
1936,Hemorrhage,0,23,10,0.0,1.0,1.0,0.0
1936,Phagocytosis,0,23,10,0.0,1.0,1.0,0.0
1936,"Lesion,NOS",0,23,10,0.0,1.0,1.0,0.0
1936,"Deposit, glycogen",0,23,9,0.0,1.0,1.0,0.0
1936,Granuloma,1,22,7,21.603896103896105,0.05356889042611799,0.313342401901665,0.043478260869565216
1936,"Vacuolization, nuclear",0,23,5,0.0,1.0,1.0,0.0
1944,Hypertrophy,1,6,504,0.9411375661375662,0.680915632261142,1.0,0.14285714285714285
1944,Cellular infiltration,0,7,204,0.0,1.0,1.0,0.0
1944,"Degeneration, granular, eosinophilic",0,7,202,0.0,1.0,1.0,0.0
1944,Ground glass appearance,0,7,174,0.0,1.0,1.0,0.0
1944,Necrosis,6,1,154,124.51948051948052,7.201256697731398e-08,8.703044717095525e-07,0.8571428571428571
1944,"Proliferation, bile duct",2,5,153,8.358169934640523,0.03817363781685344,0.23149709916499178,0.2857142857142857
1944,"Vacuolization, cytoplasmic",0,7,135,0.0,1.0,1.0,0.0
1944,"Change, eosinophilic",0,7,129,0.0,1.0,1.0,0.0
1944,Increased mitosis,0,7,126,0.0,1.0,1.0,0.0
1944,Single cell necrosis,0,7,111,0.0,1.0,1.0,0.0
1944,Swelling,0,7,105,0.0,1.0,1.0,0.0
1944,"Change, acidophilic",6,1,81,242.14814814814815,1.7492299103722867e-09,2.3941072966846504e-08,0.8571428571428571
1944,"Degeneration, fatty",0,7,80,0.0,1.0,1.0,0.0
1944,Fibrosis,0,7,63,0.0,1.0,1.0,0.0
1944,"Proliferation, oval cell",0,7,61,0.0,1.0,1.0,0.0
1944,"Hematopoiesis, extramedullary",0,7,54,0.0,1.0,1.0,0.0
1944,"Cellular infiltration, mononuclear cell",0,7,53,0.0,1.0,1.0,0.0
1944,Anisonucleosis,1,6,46,11.971014492753623,0.09406311745933782,0.5183239254188676,0.14285714285714285
1944,"Alteration, nuclear",0,7,46,0.0,1.0,1.0,0.0
1944,"Deposit, pigment",0,7,38,0.0,1.0,1.0,0.0
1944,"Degeneration, hydropic",0,7,35,0.0,1.0,1.0,0.0
1944,"Alteration, cytoplasmic",0,7,35,0.0,1.0,1.0,0.0
1944,Pyknosis,0,7,33,0.0,1.0,1.0,0.0
1944,"Proliferation, Kupffer cell",0,7,29,0.0,1.0,1.0,0.0
1944,Cellular foci,2,5,23,57.86086956521739,0.0010930933551508608,0.008378031651091758,0.2857142857142857
1944,Microgranuloma,0,7,20,0.0,1.0,1.0,0.0
1944,Edema,0,7,18,0.0,1.0,1.0,0.0
1944,"Deposit, hemosiderin",0,7,17,0.0,1.0,1.0,0.0
1944,"Inclusion body, intracytoplasmic",0,7,11,0.0,1.0,1.0,0.0
1944,"Degeneration, acidophilic, eosinophilic",0,7,10,0.0,1.0,1.0,0.0
1944,Hemorrhage,0,7,10,0.0,1.0,1.0,0.0
1944,Phagocytosis,0,7,10,0.0,1.0,1.0,0.0
1944,"Lesion,NOS",0,7,10,0.0,1.0,1.0,0.0
1944,"Deposit, glycogen",0,7,9,0.0,1.0,1.0,0.0
1944,Granuloma,0,7,8,0.0,1.0,1.0,0.0
1944,"Vacuolization, nuclear",0,7,5,0.0,1.0,1.0,0.0
1945,Hypertrophy,12,22,493,3.1311082426701087,0.002716596529257779,0.019595122506121686,0.35294117647058826
1945,Cellular infiltration,6,28,198,3.382034632034632,0.015029049839458204,0.09709800129375767,0.17647058823529413
1945,"Degeneration, granular, eosinophilic",28,6,174,84.455938697318,1.0318333715313402e-29,5.023844448275542e-28,0.8235294117647058
1945,Ground glass appearance,0,34,174,0.0,1.0,1.0,0.0
1945,Necrosis,5,29,155,3.5239154616240267,0.02095369769071761,0.13193599463532157,0.14705882352941177
1945,"Proliferation, bile duct",3,31,152,2.0188879456706283,0.20554873026518225,1.0,0.08823529411764706
1945,"Vacuolization, cytoplasmic",0,34,135,0.0,1.0,1.0,0.0
1945,"Change, eosinophilic",2,32,127,1.5728346456692914,0.3780868722865621,1.0,0.058823529411764705
1945,Increased mitosis,21,13,105,49.50769230769231,1.3136795869111756e-22,4.264074724728078e-21,0.6176470588235294
1945,Single cell necrosis,1,33,110,0.8851239669421488,0.6830394717355937,1.0,0.029411764705882353
1945,Swelling,0,34,105,0.0,1.0,1.0,0.0
1945,"Change, acidophilic",0,34,87,0.0,1.0,1.0,0.0
1945,"Degeneration, fatty",0,34,80,0.0,1.0,1.0,0.0
1945,Fibrosis,0,34,63,0.0,1.0,1.0,0.0
1945,"Proliferation, oval cell",0,34,61,0.0,1.0,1.0,0.0
1945,"Hematopoiesis, extramedullary",0,34,54,0.0,1.0,1.0,0.0
1945,"Cellular infiltration, mononuclear cell",0,34,53,0.0,1.0,1.0,0.0
1945,Anisonucleosis,0,34,47,0.0,1.0,1.0,0.0
1945,"Alteration, nuclear",0,34,46,0.0,1.0,1.0,0.0
1945,"Deposit, pigment",0,34,38,0.0,1.0,1.0,0.0
1945,"Degeneration, hydropic",0,34,35,0.0,1.0,1.0,0.0
1945,"Alteration, cytoplasmic",0,34,35,0.0,1.0,1.0,0.0
1945,Pyknosis,0,34,33,0.0,1.0,1.0,0.0
1945,"Proliferation, Kupffer cell",0,34,29,0.0,1.0,1.0,0.0
1945,Cellular foci,0,34,25,0.0,1.0,1.0,0.0
1945,Microgranuloma,0,34,20,0.0,1.0,1.0,0.0
1945,Edema,3,31,15,21.34193548387097,0.000698434712391741,0.005484074278396486,0.08823529411764706
1945,"Deposit, hemosiderin",0,34,17,0.0,1.0,1.0,0.0
1945,"Inclusion body, intracytoplasmic",0,34,11,0.0,1.0,1.0,0.0
1945,"Degeneration, acidophilic, eosinophilic",0,34,10,0.0,1.0,1.0,0.0
1945,Hemorrhage,0,34,10,0.0,1.0,1.0,0.0
1945,Phagocytosis,0,34,10,0.0,1.0,1.0,0.0
1945,"Lesion,NOS",0,34,10,0.0,1.0,1.0,0.0
1945,"Deposit, glycogen",0,34,9,0.0,1.0,1.0,0.0
1945,Granuloma,3,31,5,64.21935483870968,5.1376777711568706e-05,0.00046770583847772893,0.08823529411764706
1945,"Vacuolization, nuclear",0,34,5,0.0,1.0,1.0,0.0
1947,Hypertrophy,27,24,478,6.655857740585774,2.154145907299174e-10,3.24762098714647e-09,0.5294117647058824
1947,Cellular infiltration,2,49,202,0.6271974136189129,0.8264608971552403,1.0,0.0392156862745098
1947,"Degeneration, granular, eosinophilic",50,1,152,1037.5,8.648946807174858e-63,2.1406143347757772e-60,0.9803921568627451
1947,Ground glass appearance,0,51,174,0.0,1.0,1.0,0.0
1947,Necrosis,12,39,148,6.5654885654885655,2.8667123711880905e-06,2.979575062967149e-05,0.23529411764705882
1947,"Proliferation, bile duct",0,51,155,0.0,1.0,1.0,0.0
1947,"Vacuolization, cytoplasmic",0,51,135,0.0,1.0,1.0,0.0
1947,"Change, eosinophilic",0,51,129,0.0,1.0,1.0,0.0
1947,Increased mitosis,7,44,119,4.260695187165775,0.002594993651051873,0.018832330222661117,0.13725490196078433
1947,Single cell necrosis,2,49,109,1.1971540909941958,0.5076918140176782,1.0,0.0392156862745098
1947,Swelling,0,51,105,0.0,1.0,1.0,0.0
1947,"Change, acidophilic",0,51,87,0.0,1.0,1.0,0.0
1947,"Degeneration, fatty",0,51,80,0.0,1.0,1.0,0.0
1947,Fibrosis,0,51,63,0.0,1.0,1.0,0.0
1947,"Proliferation, oval cell",0,51,61,0.0,1.0,1.0,0.0
1947,"Hematopoiesis, extramedullary",0,51,54,0.0,1.0,1.0,0.0
1947,"Cellular infiltration, mononuclear cell",0,51,53,0.0,1.0,1.0,0.0
1947,Anisonucleosis,0,51,47,0.0,1.0,1.0,0.0
1947,"Alteration, nuclear",0,51,46,0.0,1.0,1.0,0.0
1947,"Deposit, pigment",0,51,38,0.0,1.0,1.0,0.0
1947,"Degeneration, hydropic",0,51,35,0.0,1.0,1.0,0.0
1947,"Alteration, cytoplasmic",0,51,35,0.0,1.0,1.0,0.0
1947,Pyknosis,0,51,33,0.0,1.0,1.0,0.0
1947,"Proliferation, Kupffer cell",0,51,29,0.0,1.0,1.0,0.0
1947,Cellular foci,1,50,24,2.735,0.3189389698510686,1.0,0.0196078431372549
1947,Microgranuloma,0,51,20,0.0,1.0,1.0,0.0
1947,Edema,0,51,18,0.0,1.0,1.0,0.0
1947,"Deposit, hemosiderin",0,51,17,0.0,1.0,1.0,0.0
1947,"Inclusion body, intracytoplasmic",0,51,11,0.0,1.0,1.0,0.0
1947,"Degeneration, acidophilic, eosinophilic",0,51,10,0.0,1.0,1.0,0.0
1947,Hemorrhage,0,51,10,0.0,1.0,1.0,0.0
1947,Phagocytosis,0,51,10,0.0,1.0,1.0,0.0
1947,"Lesion,NOS",0,51,10,0.0,1.0,1.0,0.0
1947,"Deposit, glycogen",0,51,9,0.0,1.0,1.0,0.0
1947,Granuloma,3,48,5,41.2625,0.00017540747027110362,0.0014873952511211357,0.058823529411764705
1947,"Vacuolization, nuclear",0,51,5,0.0,1.0,1.0,0.0
1960,Hypertrophy,49,23,456,13.217105263157896,8.588653165999824e-25,3.1687329072073884e-23,0.6805555555555556
1960,Cellular infiltration,19,53,185,6.007139214686385,2.280996189021209e-08,2.8645068420266345e-07,0.2638888888888889
1960,"Degeneration, granular, eosinophilic",36,36,166,18.789156626506024,3.6427075637240804e-26,1.4669615544760026e-24,0.5
1960,Ground glass appearance,10,62,164,3.0694335169158142,0.003522090812182781,0.024979314321642868,0.1388888888888889
1960,Necrosis,5,67,155,1.5069812229176698,0.25776187124183025,1.0,0.06944444444444445
1960,"Proliferation, bile duct",4,68,151,1.2208804051421893,0.42739493708936616,1.0,0.05555555555555555
1960,"Vacuolization, cytoplasmic",16,56,119,7.601440576230492,1.163145001388957e-08,1.505246472385709e-07,0.2222222222222222
1960,"Change, eosinophilic",9,63,120,3.767857142857143,0.001508241448300827,0.011434529933512332,0.125
1960,Increased mitosis,11,61,115,4.970776906628653,5.785713608115263e-05,0.0005219003619165477,0.1527777777777778
1960,Single cell necrosis,21,51,90,14.617647058823529,2.3084461978185457e-15,5.106953599643264e-14,0.2916666666666667
1960,Swelling,0,72,105,0.0,1.0,1.0,0.0
1960,"Change, acidophilic",0,72,87,0.0,1.0,1.0,0.0
1960,"Degeneration, fatty",0,72,80,0.0,1.0,1.0,0.0
1960,Fibrosis,4,68,59,3.2163509471585243,0.04482719784259595,0.26668932544398777,0.05555555555555555
1960,"Proliferation, oval cell",11,61,50,11.667213114754098,3.606617282937668e-08,4.4583323299896195e-07,0.1527777777777778
1960,"Hematopoiesis, extramedullary",0,72,54,0.0,1.0,1.0,0.0
1960,"Cellular infiltration, mononuclear cell",0,72,53,0.0,1.0,1.0,0.0
1960,Anisonucleosis,0,72,47,0.0,1.0,1.0,0.0
1960,"Alteration, nuclear",26,46,20,92.27173913043478,1.1119512874091198e-33,6.507379947990316e-32,0.3611111111111111
1960,"Deposit, pigment",0,72,38,0.0,1.0,1.0,0.0
1960,"Degeneration, hydropic",0,72,35,0.0,1.0,1.0,0.0
1960,"Alteration, cytoplasmic",0,72,35,0.0,1.0,1.0,0.0
1960,Pyknosis,0,72,33,0.0,1.0,1.0,0.0
1960,"Proliferation, Kupffer cell",0,72,29,0.0,1.0,1.0,0.0
1960,Cellular foci,7,65,18,19.546153846153846,5.492342778833421e-07,6.1324278395245334e-06,0.09722222222222222
1960,Microgranuloma,1,71,19,2.4210526315789473,0.3526490511191826,1.0,0.013888888888888888
1960,Edema,0,72,18,0.0,1.0,1.0,0.0
1960,"Deposit, hemosiderin",0,72,17,0.0,1.0,1.0,0.0
1960,"Inclusion body, intracytoplasmic",0,72,11,0.0,1.0,1.0,0.0
1960,"Degeneration, acidophilic, eosinophilic",0,72,10,0.0,1.0,1.0,0.0
1960,Hemorrhage,0,72,10,0.0,1.0,1.0,0.0
1960,Phagocytosis,0,72,10,0.0,1.0,1.0,0.0
1960,"Lesion,NOS",0,72,10,0.0,1.0,1.0,0.0
1960,"Deposit, glycogen",0,72,9,0.0,1.0,1.0,0.0
1960,Granuloma,0,72,8,0.0,1.0,1.0,0.0
1960,"Vacuolization, nuclear",4,68,1,193.1764705882353,9.580213888393347e-07,1.0451142423701832e-05,0.05555555555555555
1969,Hypertrophy,1,32,504,0.17485119047619047,0.9955191624012771,1.0,0.030303030303030304
1969,Cellular infiltration,1,32,203,0.4804495073891626,0.8749603917179198,1.0,0.030303030303030304
1969,"Degeneration, granular, eosinophilic",30,3,172,183.25581395348837,1.3305090273201372e-34,8.45264558532793e-33,0.9090909090909091
1969,Ground glass appearance,0,33,174,0.0,1.0,1.0,0.0
1969,Necrosis,1,32,159,0.6220518867924528,0.8019971771685814,1.0,0.030303030303030304
1969,"Proliferation, bile duct",1,32,154,0.643262987012987,0.7914640374140915,1.0,0.030303030303030304
1969,"Vacuolization, cytoplasmic",0,33,135,0.0,1.0,1.0,0.0
1969,"Change, eosinophilic",0,33,129,0.0,1.0,1.0,0.0
1969,Increased mitosis,12,21,114,16.090225563909776,8.415666996408609e-10,1.1888005222037369e-08,0.36363636363636365
1969,Single cell necrosis,0,33,111,0.0,1.0,1.0,0.0
1969,Swelling,0,33,105,0.0,1.0,1.0,0.0
1969,"Change, acidophilic",0,33,87,0.0,1.0,1.0,0.0
1969,"Degeneration, fatty",0,33,80,0.0,1.0,1.0,0.0
1969,Fibrosis,0,33,63,0.0,1.0,1.0,0.0
1969,"Proliferation, oval cell",0,33,61,0.0,1.0,1.0,0.0
1969,"Hematopoiesis, extramedullary",0,33,54,0.0,1.0,1.0,0.0
1969,"Cellular infiltration, mononuclear cell",0,33,53,0.0,1.0,1.0,0.0
1969,Anisonucleosis,0,33,47,0.0,1.0,1.0,0.0
1969,"Alteration, nuclear",0,33,46,0.0,1.0,1.0,0.0
1969,"Deposit, pigment",0,33,38,0.0,1.0,1.0,0.0
1969,"Degeneration, hydropic",0,33,35,0.0,1.0,1.0,0.0
1969,"Alteration, cytoplasmic",0,33,35,0.0,1.0,1.0,0.0
1969,Pyknosis,0,33,33,0.0,1.0,1.0,0.0
1969,"Proliferation, Kupffer cell",0,33,29,0.0,1.0,1.0,0.0
1969,Cellular foci,0,33,25,0.0,1.0,1.0,0.0
1969,Microgranuloma,0,33,20,0.0,1.0,1.0,0.0
1969,Edema,1,32,17,6.079044117647059,0.16328619625361812,0.841579180691099,0.030303030303030304
1969,"Deposit, hemosiderin",0,33,17,0.0,1.0,1.0,0.0
1969,"Inclusion body, intracytoplasmic",0,33,11,0.0,1.0,1.0,0.0
1969,"Degeneration, acidophilic, eosinophilic",0,33,10,0.0,1.0,1.0,0.0
1969,Hemorrhage,0,33,10,0.0,1.0,1.0,0.0
1969,Phagocytosis,0,33,10,0.0,1.0,1.0,0.0
1969,"Lesion,NOS",0,33,10,0.0,1.0,1.0,0.0
1969,"Deposit, glycogen",0,33,9,0.0,1.0,1.0,0.0
1969,Granuloma,0,33,8,0.0,1.0,1.0,0.0
1969,"Vacuolization, nuclear",0,33,5,0.0,1.0,1.0,0.0
1977,Hypertrophy,16,1,489,93.2842535787321,8.218605654982694e-13,1.490641758491518e-11,0.9411764705882353
1977,Cellular infiltration,15,2,189,125.03968253968254,4.226490077123762e-17,1.0289078302506207e-15,0.8823529411764706
1977,"Degeneration, granular, eosinophilic",1,16,201,0.9760572139303483,0.6527149607055921,1.0,0.058823529411764705
1977,Ground glass appearance,0,17,174,0.0,1.0,1.0,0.0
1977,Necrosis,9,8,151,23.7591059602649,1.780668058072077e-08,2.264918258018873e-07,0.5294117647058824
1977,"Proliferation, bile duct",15,2,140,171.42857142857142,5.945905159302049e-19,1.6053943930115534e-17,0.8823529411764706
1977,"Vacuolization, cytoplasmic",1,16,134,1.4953358208955223,0.503154174127102,1.0,0.058823529411764705
1977,"Change, eosinophilic",8,9,121,23.647382920110193,6.964025092604975e-08,8.442103887770114e-07,0.47058823529411764
1977,Increased mitosis,2,15,124,3.458064516129032,0.13182410198271258,0.6978923046143607,0.11764705882352941
1977,Single cell necrosis,10,7,101,45.81329561527581,1.6692897193406047e-11,2.7391107549401084e-10,0.5882352941176471
1977,Swelling,0,17,105,0.0,1.0,1.0,0.0
1977,"Change, acidophilic",0,17,87,0.0,1.0,1.0,0.0
1977,"Degeneration, fatty",0,17,80,0.0,1.0,1.0,0.0
1977,Fibrosis,0,17,63,0.0,1.0,1.0,0.0
1977,"Proliferation, oval cell",0,17,61,0.0,1.0,1.0,0.0
1977,"Hematopoiesis, extramedullary",0,17,54,0.0,1.0,1.0,0.0
1977,"Cellular infiltration, mononuclear cell",0,17,53,0.0,1.0,1.0,0.0
1977,Anisonucleosis,0,17,47,0.0,1.0,1.0,0.0
1977,"Alteration, nuclear",0,17,46,0.0,1.0,1.0,0.0
1977,"Deposit, pigment",5,12,33,41.755050505050505,7.943036059308738e-07,8.75354994291167e-06,0.29411764705882354
1977,"Degeneration, hydropic",0,17,35,0.0,1.0,1.0,0.0
1977,"Alteration, cytoplasmic",0,17,35,0.0,1.0,1.0,0.0
1977,Pyknosis,0,17,33,0.0,1.0,1.0,0.0
1977,"Proliferation, Kupffer cell",0,17,29,0.0,1.0,1.0,0.0
1977,Cellular foci,0,17,25,0.0,1.0,1.0,0.0
1977,Microgranuloma,0,17,20,0.0,1.0,1.0,0.0
1977,Edema,11,6,7,872.9285714285714,2.5890688732084553e-23,8.664264285553929e-22,0.6470588235294118
1977,"Deposit, hemosiderin",0,17,17,0.0,1.0,1.0,0.0
1977,"Inclusion body, intracytoplasmic",0,17,11,0.0,1.0,1.0,0.0
1977,"Degeneration, acidophilic, eosinophilic",0,17,10,0.0,1.0,1.0,0.0
1977,Hemorrhage,0,17,10,0.0,1.0,1.0,0.0
1977,Phagocytosis,0,17,10,0.0,1.0,1.0,0.0
1977,"Lesion,NOS",0,17,10,0.0,1.0,1.0,0.0
1977,"Deposit, glycogen",0,17,9,0.0,1.0,1.0,0.0
1977,Granuloma,0,17,8,0.0,1.0,1.0,0.0
1977,"Vacuolization, nuclear",0,17,5,0.0,1.0,1.0,0.0
1980,Hypertrophy,5,34,500,0.8288235294117647,0.7195173622690219,1.0,0.1282051282051282
1980,Cellular infiltration,0,39,204,0.0,1.0,1.0,0.0
1980,"Degeneration, granular, eosinophilic",26,13,176,35.70454545454545,1.5519262444938094e-23,5.252673442902124e-22,0.6666666666666666
1980,Ground glass appearance,0,39,174,0.0,1.0,1.0,0.0
1980,Necrosis,6,33,154,3.7355371900826446,0.009413168745842712,0.0627192623110552,0.15384615384615385
1980,"Proliferation, bile duct",0,39,155,0.0,1.0,1.0,0.0
1980,"Vacuolization, cytoplasmic",1,38,134,0.6252945797329144,0.800131036715204,1.0,0.02564102564102564
1980,"Change, eosinophilic",1,38,128,0.6558388157894737,0.7849972032320208,1.0,0.02564102564102564
1980,Increased mitosis,4,35,122,2.993911007025761,0.0565321230200894,0.3293779408919383,0.10256410256410256
1980,Single cell necrosis,0,39,111,0.0,1.0,1.0,0.0
1980,Swelling,3,36,102,2.627450980392157,0.12102996369018668,0.6479657362052356,0.07692307692307693
1980,"Change, acidophilic",0,39,87,0.0,1.0,1.0,0.0
1980,"Degeneration, fatty",0,39,80,0.0,1.0,1.0,0.0
1980,Fibrosis,0,39,63,0.0,1.0,1.0,0.0
1980,"Proliferation, oval cell",0,39,61,0.0,1.0,1.0,0.0
1980,"Hematopoiesis, extramedullary",0,39,54,0.0,1.0,1.0,0.0
1980,"Cellular infiltration, mononuclear cell",0,39,53,0.0,1.0,1.0,0.0
1980,Anisonucleosis,0,39,47,0.0,1.0,1.0,0.0
1980,"Alteration, nuclear",0,39,46,0.0,1.0,1.0,0.0
1980,"Deposit, pigment",0,39,38,0.0,1.0,1.0,0.0
1980,"Degeneration, hydropic",0,39,35,0.0,1.0,1.0,0.0
1980,"Alteration, cytoplasmic",0,39,35,0.0,1.0,1.0,0.0
1980,Pyknosis,0,39,33,0.0,1.0,1.0,0.0
1980,"Proliferation, Kupffer cell",0,39,29,0.0,1.0,1.0,0.0
1980,Cellular foci,0,39,25,0.0,1.0,1.0,0.0
1980,Microgranuloma,0,39,20,0.0,1.0,1.0,0.0
1980,Edema,0,39,18,0.0,1.0,1.0,0.0
1980,"Deposit, hemosiderin",0,39,17,0.0,1.0,1.0,0.0
1980,"Inclusion body, intracytoplasmic",0,39,11,0.0,1.0,1.0,0.0
1980,"Degeneration, acidophilic, eosinophilic",0,39,10,0.0,1.0,1.0,0.0
1980,Hemorrhage,0,39,10,0.0,1.0,1.0,0.0
1980,Phagocytosis,0,39,10,0.0,1.0,1.0,0.0
1980,"Lesion,NOS",0,39,10,0.0,1.0,1.0,0.0
1980,"Deposit, glycogen",0,39,9,0.0,1.0,1.0,0.0
1980,Granuloma,1,38,7,12.447368421052632,0.08933701980447065,0.495251421034583,0.02564102564102564
1980,"Vacuolization, nuclear",0,39,5,0.0,1.0,1.0,0.0
1983,Hypertrophy,37,53,468,4.1752539912917275,1.1205837256993086e-09,1.569874370437239e-08,0.4111111111111111
1983,Cellular infiltration,15,75,189,3.257142857142857,0.0002660573113640639,0.0021980256321314875,0.16666666666666666
1983,"Degeneration, granular, eosinophilic",0,90,202,0.0,1.0,1.0,0.0
1983,Ground glass appearance,0,90,174,0.0,1.0,1.0,0.0
1983,Necrosis,5,85,155,1.1810246679316887,0.4295341615591742,1.0,0.05555555555555555
1983,"Proliferation, bile duct",32,58,123,14.102607232968882,1.9198297782763514e-21,5.848096863057193e-20,0.35555555555555557
1983,"Vacuolization, cytoplasmic",1,89,134,0.26270333724635253,0.9763644246136272,1.0,0.011111111111111112
1983,"Change, eosinophilic",2,88,127,0.5619183965640658,0.8683930249284384,1.0,0.022222222222222223
1983,Increased mitosis,0,90,126,0.0,1.0,1.0,0.0
1983,Single cell necrosis,0,90,111,0.0,1.0,1.0,0.0
1983,Swelling,38,52,67,34.902411021814004,4.6994782984092344e-36,3.30353859083442e-34,0.4222222222222222
1983,"Change, acidophilic",2,88,85,0.8508021390374332,0.6845709408515218,1.0,0.022222222222222223
1983,"Degeneration, fatty",0,90,80,0.0,1.0,1.0,0.0
1983,Fibrosis,0,90,63,0.0,1.0,1.0,0.0
1983,"Proliferation, oval cell",31,59,30,56.69322033898305,8.430061300168015e-35,5.4428874046736964e-33,0.34444444444444444
1983,"Hematopoiesis, extramedullary",0,90,54,0.0,1.0,1.0,0.0
1983,"Cellular infiltration, mononuclear cell",0,90,53,0.0,1.0,1.0,0.0
1983,Anisonucleosis,0,90,47,0.0,1.0,1.0,0.0
1983,"Alteration, nuclear",0,90,46,0.0,1.0,1.0,0.0
1983,"Deposit, pigment",0,90,38,0.0,1.0,1.0,0.0
1983,"Degeneration, hydropic",0,90,35,0.0,1.0,1.0,0.0
1983,"Alteration, cytoplasmic",0,90,35,0.0,1.0,1.0,0.0
1983,Pyknosis,0,90,33,0.0,1.0,1.0,0.0
1983,"Proliferation, Kupffer cell",0,90,29,0.0,1.0,1.0,0.0
1983,Cellular foci,3,87,22,5.086206896551724,0.027985063842236993,0.17395653668782327,0.03333333333333333
1983,Microgranuloma,0,90,20,0.0,1.0,1.0,0.0
1983,Edema,0,90,18,0.0,1.0,1.0,0.0
1983,"Deposit, hemosiderin",0,90,17,0.0,1.0,1.0,0.0
1983,"Inclusion body, intracytoplasmic",0,90,11,0.0,1.0,1.0,0.0
1983,"Degeneration, acidophilic, eosinophilic",0,90,10,0.0,1.0,1.0,0.0
1983,Hemorrhage,0,90,10,0.0,1.0,1.0,0.0
1983,Phagocytosis,0,90,10,0.0,1.0,1.0,0.0
1983,"Lesion,NOS",0,90,10,0.0,1.0,1.0,0.0
1983,"Deposit, glycogen",0,90,9,0.0,1.0,1.0,0.0
1983,Granuloma,0,90,8,0.0,1.0,1.0,0.0
1983,"Vacuolization, nuclear",0,90,5,0.0,1.0,1.0,0.0
1985,Hypertrophy,25,19,480,7.765899122807017,1.3437065152269167e-10,2.0651013455233856e-09,0.5681818181818182
1985,Cellular infiltration,1,43,203,0.3562836521938366,0.9377690980361927,1.0,0.022727272727272728
1985,"Degeneration, granular, eosinophilic",42,2,160,413.83125,6.134986313207635e-51,8.00919092317656e-49,0.9545454545454546
1985,Ground glass appearance,0,44,174,0.0,1.0,1.0,0.0
1985,Necrosis,10,34,150,6.201960784313726,2.7828107141148687e-05,0.0002605184498320303,0.22727272727272727
1985,"Proliferation, bile duct",1,43,154,0.4770462096043491,0.8767740457572707,1.0,0.022727272727272728
1985,"Vacuolization, cytoplasmic",0,44,135,0.0,1.0,1.0,0.0
1985,"Change, eosinophilic",0,44,129,0.0,1.0,1.0,0.0
1985,Increased mitosis,3,41,123,1.8976799524092802,0.22754505122773383,1.0,0.06818181818181818
1985,Single cell necrosis,3,41,108,2.171409214092141,0.17664306367750773,0.9002658071594988,0.06818181818181818
1985,Swelling,0,44,105,0.0,1.0,1.0,0.0
1985,"Change, acidophilic",0,44,87,0.0,1.0,1.0,0.0
1985,"Degeneration, fatty",0,44,80,0.0,1.0,1.0,0.0
1985,Fibrosis,0,44,63,0.0,1.0,1.0,0.0
1985,"Proliferation, oval cell",0,44,61,0.0,1.0,1.0,0.0
1985,"Hematopoiesis, extramedullary",0,44,54,0.0,1.0,1.0,0.0
1985,"Cellular infiltration, mononuclear cell",0,44,53,0.0,1.0,1.0,0.0
1985,Anisonucleosis,0,44,47,0.0,1.0,1.0,0.0
1985,"Alteration, nuclear",0,44,46,0.0,1.0,1.0,0.0
1985,"Deposit, pigment",0,44,38,0.0,1.0,1.0,0.0
1985,"Degeneration, hydropic",0,44,35,0.0,1.0,1.0,0.0
1985,"Alteration, cytoplasmic",0,44,35,0.0,1.0,1.0,0.0
1985,Pyknosis,0,44,33,0.0,1.0,1.0,0.0
1985,"Proliferation, Kupffer cell",0,44,29,0.0,1.0,1.0,0.0
1985,Cellular foci,1,43,24,3.187015503875969,0.28181822735470197,1.0,0.022727272727272728
1985,Microgranuloma,0,44,20,0.0,1.0,1.0,0.0
1985,Edema,0,44,18,0.0,1.0,1.0,0.0
1985,"Deposit, hemosiderin",0,44,17,0.0,1.0,1.0,0.0
1985,"Inclusion body, intracytoplasmic",0,44,11,0.0,1.0,1.0,0.0
1985,"Degeneration, acidophilic, eosinophilic",0,44,10,0.0,1.0,1.0,0.0
1985,Hemorrhage,0,44,10,0.0,1.0,1.0,0.0
1985,Phagocytosis,0,44,10,0.0,1.0,1.0,0.0
1985,"Lesion,NOS",0,44,10,0.0,1.0,1.0,0.0
1985,"Deposit, glycogen",0,44,9,0.0,1.0,1.0,0.0
1985,Granuloma,5,39,3,141.45299145299145,1.6674244759886253e-08,2.134590816244059e-07,0.11363636363636363
1985,"Vacuolization, nuclear",0,44,5,0.0,1.0,1.0,0.0
1991,Hypertrophy,38,41,467,5.578837415783151,1.9198080619684288e-12,3.358957257170093e-11,0.4810126582278481
1991,Cellular infiltration,1,78,203,0.19420234937476316,0.9933499295450047,1.0,0.012658227848101266
1991,"Degeneration, granular, eosinophilic",69,10,133,163.16165413533835,2.136052201555182e-78,1.3355947449723981e-75,0.8734177215189873
1991,Ground glass appearance,0,79,174,0.0,1.0,1.0,0.0
1991,Necrosis,16,63,144,5.527336860670194,5.320303634882985e-07,5.9571354554580446e-06,0.20253164556962025
1991,"Proliferation, bile duct",0,79,155,0.0,1.0,1.0,0.0
1991,"Vacuolization, cytoplasmic",2,77,133,0.614197832242945,0.8350053759082514,1.0,0.02531645569620253
1991,"Change, eosinophilic",4,75,125,1.34528,0.36088910500207555,1.0,0.05063291139240506
1991,Increased mitosis,4,75,122,1.379672131147541,0.34457380421105244,1.0,0.05063291139240506
1991,Single cell necrosis,3,76,108,1.1586257309941521,0.488950146411591,1.0,0.0379746835443038
1991,Swelling,0,79,105,0.0,1.0,1.0,0.0
1991,"Change, acidophilic",0,79,87,0.0,1.0,1.0,0.0
1991,"Degeneration, fatty",0,79,80,0.0,1.0,1.0,0.0
1991,Fibrosis,0,79,63,0.0,1.0,1.0,0.0
1991,"Proliferation, oval cell",0,79,61,0.0,1.0,1.0,0.0
1991,"Hematopoiesis, extramedullary",0,79,54,0.0,1.0,1.0,0.0
1991,"Cellular infiltration, mononuclear cell",0,79,53,0.0,1.0,1.0,0.0
1991,Anisonucleosis,0,79,47,0.0,1.0,1.0,0.0
1991,"Alteration, nuclear",0,79,46,0.0,1.0,1.0,0.0
1991,"Deposit, pigment",0,79,38,0.0,1.0,1.0,0.0
1991,"Degeneration, hydropic",0,79,35,0.0,1.0,1.0,0.0
1991,"Alteration, cytoplasmic",0,79,35,0.0,1.0,1.0,0.0
1991,Pyknosis,0,79,33,0.0,1.0,1.0,0.0
1991,"Proliferation, Kupffer cell",1,78,28,1.4880952380952381,0.5001985649981461,1.0,0.012658227848101266
1991,Cellular foci,1,78,24,1.7382478632478633,0.4498257980973127,1.0,0.012658227848101266
1991,Microgranuloma,0,79,20,0.0,1.0,1.0,0.0
1991,Edema,0,79,18,0.0,1.0,1.0,0.0
1991,"Deposit, hemosiderin",0,79,17,0.0,1.0,1.0,0.0
1991,"Inclusion body, intracytoplasmic",0,79,11,0.0,1.0,1.0,0.0
1991,"Degeneration, acidophilic, eosinophilic",0,79,10,0.0,1.0,1.0,0.0
1991,Hemorrhage,0,79,10,0.0,1.0,1.0,0.0
1991,Phagocytosis,0,79,10,0.0,1.0,1.0,0.0
1991,"Lesion,NOS",0,79,10,0.0,1.0,1.0,0.0
1991,"Deposit, glycogen",0,79,9,0.0,1.0,1.0,0.0
1991,Granuloma,6,73,2,134.63013698630138,3.7873869700045975e-09,5.0726220071763944e-08,0.0759493670886076
1991,"Vacuolization, nuclear",0,79,5,0.0,1.0,1.0,0.0
