cluster_id,control_median,treated_median,control_q95,treated_presence_frac,control_presence_frac,p_value,control_absent,n_treated_slides,n_compounds,n_experiments,q_value
0,0.0,0.0,0.0023403816223796945,0.16807398472054685,0.16206896551724137,0.23124355911035926,False,418,9,9,0.9068374867072911
1,0.0,0.0,0.008078118046519926,0.05910735826296743,0.06666666666666667,0.16084825377915235,False,147,10,10,0.6837514265919185
2,0.0,0.0,0.026335999490311242,0.1708886208283072,0.18275862068965518,0.9410433223915962,False,425,13,13,0.9999999999972929
3,0.0,0.0,0.0282363111721264,0.13188580619219945,0.15057471264367817,0.8942636054957347,False,328,9,9,0.9999999999972929
4,0.0,0.0,0.0017705508881222225,0.07117008443908324,0.07126436781609195,0.6323686797517616,False,177,7,7,0.9999999999972929
5,0.0,0.0,0.004565381224118511,0.07117008443908324,0.1,0.9486254687382122,False,177,6,6,0.9999999999972929
6,0.0,0.0,0.017614349018643193,0.08443908323281062,0.12183908045977011,0.9983310590002651,False,210,14,14,0.9999999999972929
7,0.0,0.0,0.002508881427965466,0.05790108564535585,0.07586206896551724,0.9799272483003277,False,144,6,6,0.9999999999972929
8,0.0,0.0,0.0123504556257237,0.08283071974266185,0.10574712643678161,0.7445129529690755,False,206,8,8,0.9999999999972929
9,0.0,0.0,0.00021243391880510987,0.01769199839163651,0.026436781609195402,0.7564914890750465,True,44,5,5,0.9999999999972929
10,0.0,0.0,0.005382245229040523,0.15158825894652192,0.18160919540229886,0.8557638959843921,False,377,11,11,0.9999999999972929
11,0.0,0.0,0.005537844848481933,0.04302372336147969,0.0839080459770115,0.9999925003113553,False,107,5,5,0.9999999999972929
12,0.0,0.0,0.0011377155874457178,0.0671491757137113,0.06321839080459771,0.15693249587222657,False,167,14,14,0.6783471706843511
13,0.0,0.0,0.0,0.027744270205066344,0.0011494252873563218,0.002349841615984391,True,69,5,5,0.017536131462570083
14,0.0,0.0,0.0009504735256194829,0.08926417370325694,0.04942528735632184,0.429123411434469,True,222,11,11,0.9999999999972929
15,0.0,0.0,0.004892772499285957,0.2263771612384399,0.24482758620689654,0.8621394476604892,False,563,13,13,0.9999999999972929
16,0.0,0.0,0.0,0.01527945315641335,0.0,1.4910139688392782e-05,True,38,5,5,0.00018873594542269344
17,0.0,0.0,0.012409478940020802,0.1037394451145959,0.135632183908046,0.9546087355120841,False,258,9,9,0.9999999999972929
18,0.0,0.0,0.005414046654228062,0.06513872135102533,0.07241379310344828,0.9975816867883585,False,162,7,7,0.9999999999972929
19,0.0,0.0,0.0037099079782006573,0.08403699236027343,0.10459770114942529,0.7480834863542036,False,209,8,8,0.9999999999972929
20,0.0,0.0,0.0208994925340999,0.12866907921190188,0.167816091954023,0.999844996126646,False,320,11,11,0.9999999999972929
21,0.0,0.0,0.001248877285130586,0.038600723763570564,0.05172413793103448,0.9285264808434601,False,96,5,5,0.9999999999972929
22,0.0,0.0,0.0016272167290226438,0.03900281463610776,0.05747126436781609,0.6522947308156137,False,97,10,10,0.9999999999972929
23,0.0,0.0,0.003164879488406384,0.1033373542420587,0.12988505747126436,0.9997863327624267,False,257,6,6,0.9999999999972929
24,0.0,0.0,0.005420274916642924,0.04342581423401689,0.07586206896551724,0.9999898152630223,False,108,5,5,0.9999999999972929
25,0.0,0.0,0.00011480126326674509,0.0365902694008846,0.02413793103448276,0.17987558319468405,True,91,6,6,0.749481596644517
26,0.0,0.0,6.719518746475429e-05,0.01527945315641335,0.017241379310344827,0.9901487318801132,True,38,5,5,0.9999999999972929
27,0.0,0.0,0.011663107206141839,0.07398472054684359,0.09655172413793103,0.9022925240267368,False,184,6,6,0.9999999999972929
28,0.0,0.0,9.600525580741912e-05,0.03578608765581021,0.004597701149425287,0.0035331743250225727,True,89,13,13,0.024707512762395613
29,0.0,0.0,0.01144588278634847,0.06312826698833937,0.07701149425287357,0.9940562441450844,False,157,6,6,0.9999999999972929
30,0.0004577358005041554,0.0005392289026691831,0.00593362576468143,0.3345396059509449,0.3160919540229885,0.06531371712495505,False,832,38,38,0.3507545282555793
31,0.0,0.0,0.002945384054806521,0.20305589063128268,0.20229885057471264,0.638759987962695,False,505,15,15,0.9999999999972929
32,0.0,0.0,0.0015769349320241125,0.045436268596702856,0.05862068965517241,0.9981862097755559,False,113,6,6,0.9999999999972929
33,0.0,0.0,0.002322991085174852,0.08725371934057097,0.08045977011494253,0.8541989956336513,False,217,9,9,0.9999999999972929
34,0.0,0.0,0.0,0.020908725371934056,0.0,2.2650599233235214e-10,True,52,6,6,1.0780794775453225e-08
35,0.0,0.0,0.0007977651504106045,0.05388017691998392,0.04942528735632184,0.993511917824889,True,134,6,6,0.9999999999972929
36,0.0,0.0,0.017076152009575074,0.16244471250502612,0.19310344827586207,0.9916993272722134,False,404,12,12,0.9999999999972929
37,0.0,0.0,0.00535054944426336,0.2822677925211098,0.28735632183908044,0.5825641672391212,False,702,14,14,0.9999999999972929
38,0.0,0.0,0.02300977159052054,0.09529553679131483,0.12183908045977011,0.8169257900334232,False,237,12,12,0.9999999999972929
39,0.0,0.0,0.0009359080183034889,0.09891435464414958,0.04942528735632184,0.03502249860755334,True,246,13,13,0.1978672237714878
40,0.0,0.0,0.006328969392369543,0.0800160836349015,0.09655172413793103,0.9944423665607004,False,199,9,9,0.9999999999972929
41,0.0,0.0,0.0008473923865623531,0.021310816244471252,0.041379310344827586,0.9857461170750685,True,53,7,7,0.9999999999972929
42,0.0,0.0,0.002534047771451338,0.08685162846803378,0.0896551724137931,0.5604813823300341,False,216,12,12,0.9999999999972929
43,0.0,0.0,0.00014772197842698255,0.01527945315641335,0.027586206896551724,0.9074076777827218,True,38,6,6,0.9999999999972929
44,0.0,0.0,0.025139015047284784,0.1282669883393647,0.1471264367816092,0.8757398432130046,False,319,8,8,0.9999999999972929
45,0.0,0.0,5.382156846283061e-05,0.045838359469240045,0.005747126436781609,0.0037729010668793523,True,114,8,8,0.026020007357788633
46,0.0,0.0,0.0028137353195343373,0.25090470446320867,0.267816091954023,0.8170271752887517,False,624,15,15,0.9999999999972929
47,0.0,0.0,0.008774220669820957,0.08283071974266185,0.07931034482758621,0.2090112302382089,False,206,6,6,0.8394025310771441
48,0.0,0.0,0.007280279971258106,0.11298753518295135,0.1310344827586207,0.6569247561858171,False,281,8,8,0.9999999999972929
49,0.0,0.0,0.001054743802673603,0.0731805388017692,0.05172413793103448,0.2910429062848071,False,182,6,6,0.9999999999972929
50,0.0,0.0,0.011448938210559445,0.097708082026538,0.1310344827586207,0.9584092428263348,False,243,8,8,0.9999999999972929
51,0.0,0.0,0.006633056137768642,0.06875753920386007,0.08045977011494253,0.9898338832258351,False,171,6,6,0.9999999999972929
52,0.0,0.0,0.0,0.03297145154804986,0.0,2.5545392557879945e-12,True,82,5,5,2.128782713156662e-10
53,0.0,0.0,0.0026643566881742937,0.045436268596702856,0.059770114942528735,0.9750209257093179,False,113,7,7,0.9999999999972929
54,0.0,0.0,0.0,0.029754724567752314,0.004597701149425287,8.477699764562024e-05,True,74,8,8,0.0009214891048436982
55,0.0,0.0,0.011058274096087513,0.050261359067149174,0.09080459770114943,0.999939349264997,False,125,7,7,0.9999999999972929
56,0.0,0.0,0.04170351458021262,0.15480498592681946,0.19770114942528735,0.9950708854917676,False,385,12,12,0.9999999999972929
57,0.0,0.0,0.001905990540433236,0.03739445114595899,0.06206896551724138,0.9993314989863553,False,93,7,7,0.9999999999972929
58,0.0,0.0,0.0,0.03779654201849618,0.0,4.3594721110166245e-08,True,94,7,7,9.275472576631116e-07
59,0.0,0.0,0.0013223809866097053,0.044229995979091274,0.05517241379310345,0.9586035987713935,False,110,12,12,0.9999999999972929
60,0.0,0.0,0.0012132114215001328,0.0848411741053478,0.05747126436781609,0.07681424412798103,False,211,8,8,0.4041170894563656
61,0.0,0.0,0.0,0.03096099718536389,0.0,1.5245105127462222e-12,True,77,7,7,1.5418470023693317e-10
62,0.0,0.0,0.0,0.0305589063128267,0.0,2.9183412232533813e-13,True,76,6,6,4.863902038755635e-11
63,0.0,0.0,0.013363051244260358,0.050261359067149174,0.09655172413793103,0.999932773389943,False,125,6,6,0.9999999999972929
64,0.0,0.0,0.0002653259840378082,0.0305589063128267,0.021839080459770115,0.05708496623061338,True,76,9,9,0.31365366060776584
65,0.0,0.0,0.0,0.016083634901487735,0.0011494252873563218,2.3701140956594215e-06,True,40,6,6,3.762085866126066e-05
66,0.0,0.0,0.0032641417378065957,0.07800562927221552,0.08160919540229886,0.8895844675113437,False,194,6,6,0.9999999999972929
67,0.0,0.0,0.02306676779326029,0.1471652593486128,0.18275862068965518,0.9943265081819684,False,366,13,13,0.9999999999972929
68,0.0,0.0,0.0035318196737867884,0.04503417772416566,0.07586206896551724,0.999835229379816,False,112,7,7,0.9999999999972929
69,0.0,0.0,0.0011437520757924067,0.07478890229191798,0.05632183908045977,0.12362359839067744,False,186,8,8,0.5776803663115768
70,0.0,0.0,0.00225010044321339,0.04463208685162847,0.07816091954022988,0.9999819668669083,False,111,9,9,0.9999999999972929
71,0.0,0.0,0.0004239141829463406,0.024125452352231604,0.040229885057471264,0.999154454043485,True,60,4,4,0.9999999999972929
72,0.0,0.0,5.232780444069401e-05,0.026537997587454766,0.021839080459770115,0.2813458842758628,True,66,19,19,0.9999999999972929
73,0.0,0.0,0.004946259819973371,0.054282267792521106,0.07701149425287357,0.9645265998209253,False,135,9,9,0.9999999999972929
74,0.0,0.0,0.010266167514994129,0.11419380780056293,0.14482758620689656,0.9999984404308672,False,284,7,7,0.9999999999972929
75,0.0,0.0,0.0037471606310400256,0.1158021712907117,0.11839080459770115,0.9030763003341757,False,288,13,13,0.9999999999972929
76,0.0,0.0,0.009158773264007315,0.07398472054684359,0.09655172413793103,0.9867478547930859,False,184,7,7,0.9999999999972929
77,0.0,0.0,0.00014673325294062447,0.02814636107760354,0.017241379310344827,0.4773430410063727,True,70,10,10,0.9999999999972929
78,0.0,0.0,0.010805743605037684,0.05629272215520708,0.10459770114942529,0.9999618198365632,False,140,6,6,0.9999999999972929
79,0.0,0.0,0.0010197128909240289,0.054282267792521106,0.05172413793103448,0.4178259719070207,False,135,6,6,0.9999999999972929
80,0.0,0.0,0.0,0.031363088057901084,0.01264367816091954,0.0001435495737529831,True,78,10,10,0.0014647915689079906
81,0.0,0.0,0.004346039086849527,0.1278648974668275,0.12413793103448276,0.3284180111548292,False,318,8,8,0.9999999999972929
82,0.0,0.0,0.01588013172338089,0.12464817048652996,0.1632183908045977,0.9825285600131114,False,310,9,9,0.9999999999972929
83,0.0,0.0,0.0,0.006031363088057901,0.008045977011494253,0.26359924033333315,True,15,3,3,0.9947141144654081
84,0.0,0.0,0.008750368706464265,0.21069561720948934,0.22413793103448276,0.8110111836434941,False,524,14,14,0.9999999999972929
85,0.0,0.0,0.003198484977512188,0.12907117008443908,0.14942528735632185,0.40762962044874396,False,321,18,18,0.9999999999972929
86,0.0,0.0,0.04376940401601657,0.12706071572175312,0.15862068965517243,0.8938073688782966,False,316,8,8,0.9999999999972929
87,0.0,0.0,2.730206006452988e-05,0.014475271411338963,0.01839080459770115,0.6854949895919289,True,36,5,5,0.9999999999972929
88,0.0,0.0,0.00022340532305660377,0.03538399678327302,0.004597701149425287,0.00014945452668351452,True,88,14,14,0.0015096416836718636
89,0.0,0.0,0.0,0.021712907117008445,0.0,1.0392522509273552e-10,True,54,4,4,6.017570342790368e-09
90,0.0,0.0,0.007713840023548422,0.058303176517893046,0.07816091954022988,0.9925982823408703,False,145,13,13,0.9999999999972929
91,0.0,0.0,0.0011194405535093002,0.050261359067149174,0.06091954022988506,0.5997881570008514,False,125,9,9,0.9999999999972929
92,0.0,0.0,0.014911362512445861,0.12344189786891838,0.12873563218390804,0.5739205734842842,False,307,9,9,0.9999999999972929
93,0.0,0.0,0.013786927611336377,0.10172899075190993,0.12758620689655173,0.9686122418719852,False,253,13,13,0.9999999999972929
94,0.0,0.0,0.00481454942840129,0.09690390028146362,0.10229885057471265,0.28283396962057744,False,241,10,10,0.9999999999972929
95,0.0,0.0,0.006155094949476568,0.1765178930438279,0.15977011494252874,0.6226535170879434,False,439,10,10,0.9999999999972929
96,0.0,0.0,0.004853914176792249,0.02734217933252915,0.06091954022988506,0.9998520768828164,False,68,6,6,0.9999999999972929
97,0.0,0.0,0.00018282165499509105,0.03176517893043828,0.006896551724137931,0.19921856062431403,True,79,8,8,0.8131369821400573
98,0.0,0.0,0.0034510533950568517,0.09207880981101729,0.10229885057471265,0.974990696135627,False,229,9,9,0.9999999999972929
99,0.0,0.0,0.0,0.03096099718536389,0.0011494252873563218,4.622557393847884e-10,True,77,6,6,1.7779066899414938e-08
100,0.0,0.0,0.02236482614230339,0.11057498994772819,0.1206896551724138,0.8587035508513807,False,275,11,11,0.9999999999972929
101,0.0,0.0,0.0016800657778770784,0.07036590269400884,0.06321839080459771,0.17577894031562263,False,175,12,12,0.7354767377222704
102,0.0,0.0,0.0013881897653896325,0.042621632488942504,0.059770114942528735,0.9388107244340295,False,106,13,13,0.9999999999972929
103,0.0,0.0,0.010358857520459735,0.14595898673100122,0.15977011494252874,0.7750545820685724,False,363,8,8,0.9999999999972929
104,0.0,0.0,0.00043872271353173435,0.021310816244471252,0.03333333333333333,0.9998661429646472,True,53,6,6,0.9999999999972929
105,0.0,0.0,0.00034514848056797494,0.02613590671491757,0.03793103448275862,0.9923609718269731,True,65,6,6,0.9999999999972929
106,0.0,0.0,0.0,0.04221954161640531,0.0,6.704664016045567e-08,True,105,7,7,1.3682987787848096e-06
107,0.0,0.0,0.007963171861699193,0.16767189384800965,0.19655172413793104,0.8072100794766277,False,417,11,11,0.9999999999972929
108,0.0,0.0,0.0,0.016083634901487735,0.0,0.006120416126671654,True,40,6,6,0.04000271978216767
109,0.0,0.0,0.00016585077742680242,0.05066344993968637,0.01264367816091954,0.07446391100399853,True,126,9,9,0.3939889471111033
110,0.0,0.0,5.557832438402599e-05,0.02694008845999196,0.0,2.5134142454188435e-07,True,67,7,7,4.488239723962221e-06
111,0.0,0.0,0.0,0.03578608765581021,0.0022988505747126436,0.0010969845046321564,True,89,7,7,0.008775876037057252
112,0.0,0.0,0.0,0.012866907921190189,0.0011494252873563218,0.00039109282298000413,True,32,3,3,0.0035553892998182197
113,0.0,0.0,0.0042994399319614095,0.055890631282669884,0.07241379310344828,0.991223580298667,False,139,13,13,0.9999999999972929
114,0.0,0.0,0.006379258670372644,0.07478890229191798,0.09310344827586207,0.9864912921434056,False,186,6,6,0.9999999999972929
115,0.0,0.0,0.00015895969612514992,0.03498190591073583,0.04597701149425287,0.9610371876184449,True,87,4,4,0.9999999999972929
116,0.0,0.0,0.002676360453593034,0.23321270607157218,0.2632183908045977,0.9470198803645128,False,580,17,17,0.9999999999972929
117,0.0,0.0,0.01116476284108438,0.03578608765581021,0.07701149425287357,0.9989890473071568,False,89,8,8,0.9999999999972929
118,0.0,0.0,0.021683998389486255,0.13188580619219945,0.15517241379310345,0.9120644521194563,False,328,12,12,0.9999999999972929
119,0.0,0.0,0.003110075921878396,0.051065540812223566,0.06666666666666667,0.9769641829850096,False,127,6,6,0.9999999999972929
120,0.0,0.0,0.0020915156979779874,0.10172899075190993,0.10114942528735632,0.18214615870578632,False,253,18,18,0.7545810528793565
121,0.0,0.0,0.0,0.012464817048652996,0.0,0.019826324443806873,True,31,3,3,0.11872050565153816
122,0.0,0.0,0.013960754012816379,0.11137917169280258,0.13448275862068965,0.9339430380427685,False,277,8,8,0.9999999999972929
123,0.0,0.0,0.004893906890005893,0.1773220747889023,0.1839080459770115,0.7283363164945149,False,441,22,22,0.9999999999972929
124,0.0,0.0,0.003909445256240656,0.11741053478086047,0.13333333333333333,0.7812859428120333,False,292,9,9,0.9999999999972929
125,0.0,0.0,0.0026321250273806072,0.1652593486127865,0.16206896551724137,0.5521691808238813,False,411,12,12,0.9999999999972929
126,0.0,0.0,0.01598685291897734,0.20305589063128268,0.23103448275862068,0.9329879688091806,False,505,13,13,0.9999999999972929
127,0.0,0.0,0.001026615517885912,0.03417772416566144,0.05057471264367816,0.8254234433717628,False,85,9,9,0.9999999999972929
128,0.0,0.0,0.0013346487574208866,0.05186972255729795,0.05747126436781609,0.3860441054383229,False,129,10,10,0.9999999999972929
129,0.0,0.0,0.009598019560007094,0.09690390028146362,0.10689655172413794,0.8301663780570661,False,241,10,10,0.9999999999972929
130,0.0,0.0,0.003446511538015435,0.2243667068757539,0.23448275862068965,0.28178870052931565,False,558,16,16,0.9999999999972929
131,0.0,0.0,0.0016779413442884839,0.05186972255729795,0.08160919540229886,0.9680970223352268,False,129,11,11,0.9999999999972929
132,0.0,0.0,0.0,0.02613590671491757,0.0,4.6497575711897625e-12,True,65,5,5,3.3212554079926875e-10
133,0.00014071149891267307,9.376465072667604e-05,0.0017598826417075854,0.1950140731805388,0.18275862068965518,0.7297917230144806,False,485,21,21,0.9999999999972929
134,0.0,0.0,0.012674092855469055,0.11298753518295135,0.1367816091954023,0.9997075502595589,False,281,6,6,0.9999999999972929
135,0.0,0.0,0.0001827340371212091,0.028548451950140732,0.03333333333333333,0.7153933345259451,True,71,8,8,0.9999999999972929
136,0.0,0.0,0.004365563298585783,0.05307599517490953,0.07931034482758621,0.9994864594885544,False,132,7,7,0.9999999999972929
137,0.0,0.0,0.017159723768551148,0.12665862484921592,0.15862068965517243,0.93256387783408,False,315,8,8,0.9999999999972929
138,0.0,0.0,0.0,0.010052271813429835,0.0034482758620689655,0.665955427147219,True,25,2,2,0.9999999999972929
139,0.0,0.0,0.0,0.017289907519099316,0.0,8.649854352558071e-05,True,43,5,5,0.0009300918658664592
140,0.0,0.0,0.0014535598950051766,0.07961399276236429,0.05517241379310345,0.03671672654059931,False,198,6,6,0.20627374461010853
141,0.0,0.0,0.0002203301599939509,0.024929634097305992,0.011494252873563218,0.7302079319270518,True,62,12,12,0.9999999999972929
142,0.0,0.0,0.00199892741657515,0.04061117812625653,0.06436781609195402,0.999291872335484,False,101,8,8,0.9999999999972929
143,0.0,0.0,0.0027635463710401578,0.06594290309609972,0.07126436781609195,0.3077845701399285,False,164,8,8,0.9999999999972929
144,0.0,0.0,0.0,0.017289907519099316,0.0,1.1994800804330127e-08,True,43,4,4,3.1565265274552964e-07
145,0.0,0.0,0.002114273040718897,0.022919179734620022,0.06091954022988506,0.9999976291867985,False,57,5,5,0.9999999999972929
146,0.0,0.0,0.007599819267208268,0.10253317249698432,0.11609195402298851,0.6044116942718688,False,255,11,11,0.9999999999972929
147,0.0,0.0,0.003305113822688977,0.06795335745878568,0.06896551724137931,0.3429837431690899,False,169,10,10,0.9999999999972929
148,0.0,0.0,0.005102110046067431,0.0735826296743064,0.08160919540229886,0.9952606447192889,False,183,6,6,0.9999999999972929
149,0.0,0.0,0.002723865963228171,0.18013671089666264,0.17701149425287357,0.2631536488991619,False,448,9,9,0.9947141144654081
150,0.0,0.0,0.00635054232995903,0.26940088459991957,0.28160919540229884,0.5319220885431059,False,670,16,16,0.9999999999972929
151,0.0,0.0,0.00037948209010700454,0.06272617611580217,0.03103448275862069,0.2974339388520755,True,156,7,7,0.9999999999972929
152,0.0,0.0,0.003446425542464214,0.09288299155609167,0.09540229885057472,0.5753573481131123,False,231,12,12,0.9999999999972929
153,0.0,0.0,0.003488473510655215,0.2657820667470848,0.271264367816092,0.4789342015319129,False,661,14,14,0.9999999999972929
154,0.0,0.0,0.0005068637004258898,0.02613590671491757,0.0367816091954023,0.974537164251094,True,65,6,6,0.9999999999972929
155,0.0,0.0,0.016109848490501424,0.1037394451145959,0.13218390804597702,0.9877390837697203,False,258,8,8,0.9999999999972929
156,0.0,0.0,5.643340857787344e-05,0.032569360675512665,0.041379310344827586,0.8294742610038116,True,81,4,4,0.9999999999972929
157,0.0,0.0,0.0005815473447222505,0.03457981503819863,0.03908045977011494,0.8011897987312114,True,86,4,4,0.9999999999972929
158,0.0,0.0,0.0003090764763089786,0.019300361881785282,0.041379310344827586,0.999996503687629,True,48,5,5,0.9999999999972929
159,0.0,0.0,0.002223805757786138,0.07961399276236429,0.09425287356321839,0.6457117146433171,False,198,7,7,0.9999999999972929
160,0.0,0.0,0.009179992867565035,0.10172899075190993,0.12873563218390804,0.856478729242633,False,253,8,8,0.9999999999972929
161,0.0,0.0,0.009035353244848355,0.10132689987937274,0.11609195402298851,0.7677451324952411,False,252,12,12,0.9999999999972929
162,0.0,0.0,0.0032719445650911234,0.0731805388017692,0.07471264367816093,0.9662967192779025,False,182,6,6,0.9999999999972929
163,0.0,0.0,0.0,0.014475271411338963,0.0,2.9624525508405593e-08,True,36,4,4,6.583227890756798e-07
164,0.0,0.0,0.01361276513521273,0.08323281061519903,0.08850574712643679,0.7213287663331747,False,207,6,6,0.9999999999972929
165,0.0,0.0,0.021372748183435996,0.10132689987937274,0.1206896551724138,0.8644800370817729,False,252,8,8,0.9999999999972929
166,0.0,0.0,0.015762385148949034,0.06915963007639726,0.10114942528735632,0.9932468352856514,False,172,7,7,0.9999999999972929
167,0.0,0.0,0.0008284299471089373,0.03096099718536389,0.047126436781609195,0.9955138906241005,True,77,6,6,0.9999999999972929
168,0.0,0.0,0.005772914331226301,0.05950944913550463,0.09080459770114943,0.9986379446965161,False,148,8,8,0.9999999999972929
169,0.0,0.0,0.0071493786910948685,0.12263771612384398,0.1310344827586207,0.7544991935836889,False,305,13,13,0.9999999999972929
170,0.0,0.0,0.015998829077720926,0.09891435464414958,0.1206896551724138,0.8755456436626463,False,246,12,12,0.9999999999972929
171,0.0,0.0,0.0015928192971384689,0.05629272215520708,0.06091954022988506,0.2757302497960908,False,140,13,13,0.9999999999972929
172,0.0,0.0,0.0,0.004020908725371934,0.006896551724137931,0.82843787352718,True,10,5,5,0.9999999999972929
173,0.0,0.0,0.003309036520354288,0.16324889425010053,0.15977011494252874,0.6869062924092658,False,406,15,15,0.9999999999972929
174,0.0,0.0,0.0014238787359768055,0.045838359469240045,0.052873563218390804,0.9057290871950384,False,114,6,6,0.9999999999972929
175,0.0,0.0,0.02542630893202878,0.1471652593486128,0.17471264367816092,0.969452981364659,False,366,12,12,0.9999999999972929
176,0.0,0.0,0.0,0.01889827100924809,0.0011494252873563218,0.00017209116603529733,True,47,10,10,0.0016871682944636995
177,0.0,0.0,0.010051944928961845,0.059911540008041816,0.0735632183908046,0.9590851032687877,False,149,7,7,0.9999999999972929
178,0.0,0.0,0.01422318749946503,0.09489344591877764,0.11724137931034483,0.9938784653356783,False,236,6,6,0.9999999999972929
179,0.0,0.0,0.001962196877096524,0.04221954161640531,0.05747126436781609,0.9492906339189006,False,105,6,6,0.9999999999972929
180,0.0,0.0,0.00029713460079966415,0.08122235625251306,0.029885057471264367,0.002946996242515222,True,202,8,8,0.021253107763983554
181,0.0,0.0,0.0,0.010454362685967028,0.013793103448275862,0.2525179382926389,True,26,5,5,0.9712228395870728
182,0.0,0.0,0.0005839156133071291,0.03176517893043828,0.04597701149425287,0.9930139324228788,True,79,12,12,0.9999999999972929
183,0.0,0.0,0.0,0.028548451950140732,0.005747126436781609,1.1748477672875723e-05,True,71,5,5,0.00015257763211526913
184,0.0,0.0,0.009424309288540154,0.1097708082026538,0.12988505747126436,0.7470497619698963,False,273,8,8,0.9999999999972929
185,0.0,0.0,0.0001795228720099664,0.027744270205066344,0.03333333333333333,0.9615703347819609,True,69,9,9,0.9999999999972929
186,0.0,0.0,0.0026953715939390436,0.06634499396863691,0.08620689655172414,0.9945182838794813,False,165,9,9,0.9999999999972929
187,0.0,0.0,0.000472389028642606,0.0486529955770004,0.029885057471264367,0.3377525238838348,True,121,11,11,0.9999999999972929
188,0.0,0.0,0.007743759136947988,0.19260152794531565,0.21724137931034482,0.6325335444386886,False,479,11,11,0.9999999999972929
189,0.0,0.0,0.011105829418416572,0.16646562123039807,0.1793103448275862,0.6785215798277262,False,414,9,9,0.9999999999972929
190,0.0,0.0,0.004112519080958641,0.16164053075995174,0.1781609195402299,0.7655059099439306,False,402,10,10,0.9999999999972929
191,0.0,0.0,0.0,0.0305589063128267,0.0034482758620689655,0.00040344211882183643,True,76,5,5,0.003614670927285157
192,0.0,0.0,0.00016110646144307773,0.05066344993968637,0.009195402298850575,0.002643880009754672,True,126,12,12,0.019584296368553123
193,0.0,0.0,5.6897240951725e-05,0.02694008845999196,0.03908045977011494,0.9298961663144962,True,67,4,4,0.9999999999972929
194,0.0,0.0,0.0010038193157478022,0.06835544833132289,0.05057471264367816,0.5018309578262191,False,170,8,8,0.9999999999972929
195,0.0,0.0,0.014664558197947923,0.07559308403699236,0.10574712643678161,0.9810170060446758,False,188,8,8,0.9999999999972929
196,0.0,0.0,0.009647506490114036,0.1656614394853237,0.17126436781609194,0.4124538429517666,False,412,15,15,0.9999999999972929
197,0.0,0.0,0.0002932727762412326,0.050261359067149174,0.034482758620689655,0.6655601887429896,True,125,6,6,0.9999999999972929
198,0.0,0.0,0.013279243780580433,0.045436268596702856,0.08735632183908046,0.9999955717305886,False,113,6,6,0.9999999999972929
199,0.0,0.0,0.005335191341027193,0.19099316445516687,0.18620689655172415,0.635825829349296,False,475,11,11,0.9999999999972929
200,0.0,0.0,0.0,0.024929634097305992,0.0,2.570050001907121e-05,True,62,4,4,0.00030235882375377897
201,0.0,0.0,0.0004969743984270532,0.028548451950140732,0.041379310344827586,0.9929357066259192,True,71,6,6,0.9999999999972929
202,0.0,0.0,0.0014205988275878393,0.145556895858464,0.14597701149425288,0.6526396027813345,False,362,18,18,0.9999999999972929
203,0.0,0.0,0.005531646299880193,0.06996381182147166,0.09770114942528736,0.9977835640566873,False,174,6,6,0.9999999999972929
204,0.0,0.0,0.0,0.03618817852834741,0.0011494252873563218,2.143437743323388e-11,True,90,6,6,1.4289584955489253e-09
205,0.0,0.0,0.0017969178802646343,0.024527543224768796,0.05747126436781609,0.999782664008685,False,61,7,7,0.9999999999972929
206,0.0,0.0,0.0004525662162667923,0.013671089666264576,0.026436781609195402,0.9919270173210519,True,34,8,8,0.9999999999972929
207,0.0,0.0,0.0030182870132202276,0.08604744672295939,0.09425287356321839,0.9851461186155471,False,214,8,8,0.9999999999972929
208,0.0,0.0,0.0,0.013268998793727383,0.0011494252873563218,1.7202215882352758e-05,True,33,7,7,0.00021502769852940949
209,0.0,0.0,0.003548330270272277,0.06192199437072778,0.08850574712643679,0.9836543305428247,False,154,7,7,0.9999999999972929
210,0.0,0.0,0.0,0.01889827100924809,0.0,0.00035453828235099035,True,47,4,4,0.003313441891130751
211,0.0,0.0,0.03203442824048384,0.110172899075191,0.1206896551724138,0.8032766376922582,False,274,7,7,0.9999999999972929
212,0.0,0.0,0.0014887341041125374,0.15963007639726579,0.15057471264367817,0.20732905002284457,False,397,11,11,0.8386507285381697
213,0.0,0.0,0.03305299679908904,0.11499798954563731,0.15747126436781608,0.9981715755984943,False,286,13,13,0.9999999999972929
214,0.0,0.0,6.813938718064322e-05,0.009248090068355449,0.010344827586206896,0.31775291623862423,True,23,8,8,0.9999999999972929
215,0.0,0.0,0.00048456583054590056,0.03779654201849618,0.034482758620689655,0.1017936930438037,True,94,9,9,0.49414414098933834
216,0.0,0.0,0.0005777431767085919,0.06835544833132289,0.029885057471264367,0.10926520344587054,True,170,13,13,0.5228000164874189
217,0.0,0.0,0.0,0.014877362283876157,0.0,3.6738207245798376e-09,True,37,6,6,1.149689537670768e-07
218,0.0,0.0,0.0033765139304628056,0.02734217933252915,0.06091954022988506,0.9981971308791664,False,68,10,10,0.9999999999972929
219,0.0,0.0,5.940687257222569e-05,0.02332127060715722,0.005747126436781609,0.007111406596914403,True,58,8,8,0.045880042560738084
220,0.0,0.0,0.020558956759503113,0.158021712907117,0.1896551724137931,0.9866350845110585,False,393,12,12,0.9999999999972929
221,0.0,0.0,0.0030864694266049537,0.09087253719340571,0.08620689655172414,0.6485225020322948,False,226,8,8,0.9999999999972929
222,0.0,0.0,0.00021834844445207764,0.03779654201849618,0.03103448275862069,0.7764705519365203,True,94,7,7,0.9999999999972929
223,0.0,0.0,0.011071205597363201,0.08403699236027343,0.09770114942528736,0.937181688041511,False,209,6,6,0.9999999999972929
224,0.0,0.0,0.0006442456372410643,0.06634499396863691,0.040229885057471264,0.4662470588070323,True,165,7,7,0.9999999999972929
225,0.0,0.0,0.005636056466670721,0.0611178126256534,0.08505747126436781,0.9487167129387061,False,152,9,9,0.9999999999972929
226,0.0,0.0,0.0026581151653913325,0.029352633695215118,0.06551724137931035,0.999998507704593,False,73,4,4,0.9999999999972929
227,0.0,0.0,0.022230298676693544,0.10655408122235625,0.13448275862068965,0.9007967783501245,False,265,7,7,0.9999999999972929
228,0.0,0.0,0.002231942151773824,0.06755126658624849,0.07471264367816093,0.8936284945240709,False,168,9,9,0.9999999999972929
229,0.0,0.0,0.0009469858451722191,0.07036590269400884,0.04942528735632184,0.8637899056955067,True,175,7,7,0.9999999999972929
230,0.0,0.0,0.01498771759934789,0.18697225572979492,0.1839080459770115,0.3298632150107286,False,465,8,8,0.9999999999972929
231,0.0,0.0,0.006046332487817895,0.06433453960595094,0.10689655172413794,0.9998890710376097,False,160,9,9,0.9999999999972929
232,0.0,0.0,0.013075314876351461,0.07639726578206675,0.08160919540229886,0.24620081167291102,False,190,12,12,0.9505822844513939
233,0.0,0.0,7.373947812464553e-05,0.022114997989545637,0.017241379310344827,0.2879394181806318,True,55,5,5,0.9999999999972929
234,0.0,0.0,0.0027315114772306546,0.0365902694008846,0.05747126436781609,0.9741776312275069,False,91,4,4,0.9999999999972929
235,0.0,0.0,0.005665289097712929,0.10735826296743065,0.12758620689655173,0.9350118866543629,False,267,10,10,0.9999999999972929
236,0.0,0.0,0.01699882403941602,0.10816244471250502,0.14597701149425288,0.9174478202751617,False,269,8,8,0.9999999999972929
237,0.0,0.0,0.003492222082956713,0.10454362685967028,0.09885057471264368,0.38861705383648315,False,260,13,13,0.9999999999972929
238,0.0,0.0,5.931457731437913e-05,0.03618817852834741,0.01839080459770115,0.0008894965874107766,True,90,12,12,0.00717335957589336
239,0.0,0.0,0.008431868445856581,0.07679935665460394,0.0839080459770115,0.8156826176502218,False,191,11,11,0.9999999999972929
240,0.0,0.0,0.006476163570263041,0.11982308001608363,0.12528735632183907,0.9402452699113901,False,298,12,12,0.9999999999972929
241,0.0,0.0,0.0,0.014877362283876157,0.0,1.154493890309341e-05,True,37,4,4,0.00015190709083017645
242,0.0,0.0,0.009507472129825048,0.0856453558504222,0.10689655172413794,0.9994188587157198,False,213,14,14,0.9999999999972929
243,0.0,0.0,0.0024110897899770486,0.1527945315641335,0.13218390804597702,0.09720306877001006,False,380,10,10,0.47648563122553955
244,0.0,0.0,0.006197316696084,0.09167671893848009,0.10689655172413794,0.9178125821706704,False,228,8,8,0.9999999999972929
245,0.0,0.0,6.013390627101613e-05,0.038198632891033375,0.008045977011494253,0.00038111380060097786,True,95,8,8,0.0035288314870460915
246,0.0,0.0,0.003946349125546097,0.051065540812223566,0.06436781609195402,0.9956438025152292,False,127,6,6,0.9999999999972929
247,0.0,0.0,0.000110585597825341,0.07559308403699236,0.009195402298850575,0.002133550773286442,True,188,6,6,0.01641192902528032
248,0.0,0.0,0.002061812325929793,0.0365902694008846,0.06321839080459771,0.9961705631229503,False,91,4,4,0.9999999999972929
249,0.0,0.0,0.011771174449046474,0.12987535182951346,0.167816091954023,0.9598154925208576,False,323,10,10,0.9999999999972929
250,0.0,0.0,0.0018089976713335913,0.07076799356654603,0.06091954022988506,0.12036479839618064,False,176,7,7,0.5650929502168105
251,0.0,0.0,0.0025715134693632667,0.058303176517893046,0.06896551724137931,0.9929219341858105,False,145,6,6,0.9999999999972929
252,0.0,0.0,0.0032536616628888906,0.09006835544833132,0.09655172413793103,0.8820600517158541,False,224,5,5,0.9999999999972929
253,0.0,0.0,0.002596689856445236,0.10695617209489344,0.10229885057471265,0.898416507096204,False,266,13,13,0.9999999999972929
254,0.0,0.0,0.0018649564123384465,0.08202653799758745,0.07586206896551724,0.9831735679601707,False,204,8,8,0.9999999999972929
255,0.0,0.0,0.00020961515130436047,0.03297145154804986,0.013793103448275862,0.15737654359876946,True,82,8,8,0.6783471706843511
256,0.0,0.0,5.716749006887999e-05,0.03457981503819863,0.0,0.013742823975942136,True,86,10,10,0.08379770717037888
257,0.0007233626429912329,0.0008201042704000937,0.00430066716304886,0.4559710494571773,0.4103448275862069,0.08050686726593942,False,1134,38,38,0.4174452958152599
258,0.0,0.0,0.007073960141812126,0.08041817450743868,0.10344827586206896,0.9808409312695152,False,200,8,8,0.9999999999972929
259,0.0,0.0,0.027000188245809225,0.15922798552472858,0.18850574712643678,0.9914979840625652,False,396,12,12,0.9999999999972929
260,0.0,0.0,0.0,0.038600723763570564,0.008045977011494253,0.0003355204704919288,True,96,5,5,0.003195433052304084
261,0.0,0.0,0.010422531684661283,0.13228789706473662,0.14482758620689656,0.9996987500638204,False,329,6,6,0.9999999999972929
262,0.0,0.0,0.00026566823676618006,0.03739445114595899,0.047126436781609195,0.923483114470264,True,93,5,5,0.9999999999972929
263,0.0,0.0,6.026845311937703e-05,0.029754724567752314,0.02528735632183908,0.04125536079378021,True,74,5,5,0.23047687594290622
264,0.0,0.0,0.014828468370095589,0.10735826296743065,0.12758620689655173,0.9444264459196698,False,267,9,9,0.9999999999972929
265,0.0,0.0,0.0,0.006433453960595094,0.0011494252873563218,0.9784079785659071,True,16,3,3,0.9999999999972929
266,0.0,0.0,0.0003895123160423551,0.05307599517490953,0.03218390804597701,0.4506633322469088,True,132,6,6,0.9999999999972929
267,0.0,0.0,0.030188872306837377,0.11861680739847205,0.13908045977011493,0.9718904290958142,False,295,11,11,0.9999999999972929
268,0.0,0.0,7.730307561924345e-05,0.022114997989545637,0.01839080459770115,0.13526989548148144,True,55,5,5,0.6148631612794612
269,0.0,0.0,0.00016809965148379492,0.051065540812223566,0.03793103448275862,0.06049725499667125,True,127,5,5,0.3287894293297351
270,0.0,0.0,0.003578820292699194,0.09489344591877764,0.11264367816091954,0.9097666024705084,False,236,10,10,0.9999999999972929
271,0.0,0.0,0.0001265345890083567,0.039404905508644957,0.006896551724137931,0.0033817154450438104,True,98,11,11,0.023983797482580213
272,0.0,0.0,0.0,0.02734217933252915,0.0034482758620689655,4.0587154180960934e-08,True,68,5,5,8.823294387165421e-07
273,0.0,0.0,0.00788483974577086,0.051065540812223566,0.07816091954022988,0.9991563982416528,False,127,6,6,0.9999999999972929
274,0.0,0.0,0.0020115776673826262,0.039404905508644957,0.06321839080459771,0.9974836241049396,False,98,9,9,0.9999999999972929
275,0.0,0.0,0.0,0.008041817450743867,0.0011494252873563218,0.0014994182942294275,True,20,9,9,0.011714205423667402
276,0.0,0.0,0.006241630521637574,0.07237635705669482,0.08735632183908046,0.9425540826933512,False,180,7,7,0.9999999999972929
277,0.0,0.0,0.00011317009182660446,0.02251708886208283,0.021839080459770115,0.8078361355134116,True,56,7,7,0.9999999999972929
278,0.0,0.0,0.0,0.02251708886208283,0.0034482758620689655,2.0439889515018e-05,True,56,7,7,0.0002489605690253239
279,0.0,0.0,0.0,0.0056292722155207075,0.0,0.0941082974285487,True,14,3,3,0.4658826605373698
280,0.0,0.0,0.00023835231822470323,0.05227181342983514,0.02413793103448276,9.612418611827824e-05,True,130,9,9,0.0010225977246625345
281,0.0,0.0,0.0,0.02694008845999196,0.0,1.1598490689004136e-07,True,67,6,6,2.2742138605890463e-06
282,0.0,0.0,0.00019062837558664512,0.019702452754322478,0.006896551724137931,0.005030516332477141,True,49,9,9,0.03309550218734961
283,0.0,0.0,0.0019491607846324674,0.055890631282669884,0.05517241379310345,0.14592317180754294,False,139,11,11,0.6461387245430911
284,0.0,0.0,0.015531246190401127,0.08845999195818255,0.10574712643678161,0.9880783783214072,False,220,12,12,0.9999999999972929
285,0.0,0.0,0.0,0.03176517893043828,0.0,4.3583839412226844e-14,True,79,5,5,2.1721485058507594e-11
286,0.0,0.0,0.002772142695299176,0.06473663047848814,0.06436781609195402,0.9956277916950087,False,161,6,6,0.9999999999972929
287,0.0,0.0,0.027788340692027923,0.08685162846803378,0.12873563218390804,0.999336751304324,False,216,12,12,0.9999999999972929
288,0.0,0.0,0.020296296749665647,0.10655408122235625,0.11839080459770115,0.9815160512430912,False,265,11,11,0.9999999999972929
289,0.0,0.0,0.007421632096120896,0.06956172094893445,0.08735632183908046,0.841179770461591,False,173,6,6,0.9999999999972929
290,0.0,0.0,0.00449870894493274,0.2621632488942501,0.271264367816092,0.6676372528877937,False,652,13,13,0.9999999999972929
291,0.0,0.0,0.01115351154403987,0.05910735826296743,0.07586206896551724,0.9894148309665365,False,147,7,7,0.9999999999972929
292,0.0,0.0,0.0012191315686202345,0.057096903900281465,0.052873563218390804,0.7445910748412499,False,142,9,9,0.9999999999972929
293,0.0,0.0,0.0,0.007639726578206675,0.0,0.00030446369280326234,True,19,4,4,0.0029275355077236762
294,0.0,0.0,0.0013359631144023395,0.07398472054684359,0.05632183908045977,0.09475657121058056,False,184,9,9,0.4667811389683772
295,0.0,0.0,0.003530032226880012,0.05347808604744672,0.0839080459770115,0.9941421582797187,False,133,9,9,0.9999999999972929
296,0.0,0.0,0.007277916981778581,0.11660635303578609,0.15747126436781608,0.9993319392747297,False,290,13,13,0.9999999999972929
297,0.0,0.0,0.0006721947526496779,0.03417772416566144,0.047126436781609195,0.961122991189613,True,85,4,4,0.9999999999972929
298,0.0,0.0,0.005663772460189084,0.15922798552472858,0.1528735632183908,0.7427708265359635,False,396,13,13,0.9999999999972929
299,0.0,0.0,0.006970725282850283,0.10695617209489344,0.10229885057471265,0.4695014333002482,False,266,7,7,0.9999999999972929
300,0.0,0.0,0.0037804204954026,0.06554081222356252,0.08160919540229886,0.9921743978650219,False,163,7,7,0.9999999999972929
301,0.0,0.0,0.015276545949875472,0.08242862887012464,0.09195402298850575,0.7764511086688256,False,205,6,6,0.9999999999972929
302,0.0,0.0,0.0,0.02332127060715722,0.0011494252873563218,0.0003493908897188899,True,58,6,6,0.0032961404690461313
303,0.0,0.0,0.00010764313692566122,0.029754724567752314,0.02528735632183908,0.49479330683845,True,74,11,11,0.9999999999972929
304,0.0,0.0,0.0,0.026537997587454766,0.0,2.035937466696609e-08,True,66,4,4,5.089843666741523e-07
305,0.0,0.0,0.01786617624185924,0.12706071572175312,0.14942528735632185,0.779608438874078,False,316,9,9,0.9999999999972929
306,0.0,0.0,0.0035847416957085665,0.16928025733815844,0.17701149425287357,0.8869455507328039,False,421,16,16,0.9999999999972929
307,0.0,0.0,0.003894228924446489,0.14314435062324085,0.12413793103448276,0.14618149814834513,False,356,9,9,0.6461387245430911
308,0.0,0.0,0.007835674551741478,0.08041817450743868,0.11379310344827587,0.9999985756430698,False,200,7,7,0.9999999999972929
309,0.0,0.0,0.0,0.010856453558504222,0.006896551724137931,0.1200955596183873,True,27,11,11,0.5650929502168105
310,0.0,0.0,0.0,0.029754724567752314,0.0,6.679716752543516e-10,True,74,4,4,2.3033506043253504e-08
311,0.0,0.0,0.00015474308326832587,0.04744672295938882,0.006896551724137931,0.0016606200141557439,True,118,9,9,0.012873023365548401
312,0.0,0.0,0.008051942949501532,0.11781262565339767,0.12183908045977011,0.7205159794599617,False,293,7,7,0.9999999999972929
313,0.0,0.0,0.023653310965734066,0.13148371531966224,0.15517241379310345,0.862319568125296,False,327,8,8,0.9999999999972929
314,0.0,0.0,0.00613924127976177,0.17450743868114194,0.19080459770114944,0.9218288066118747,False,434,13,13,0.9999999999972929
315,0.0,0.0,0.0,0.006835544833132288,0.0,9.171871569148663e-06,True,17,3,3,0.0001256420762897077
316,0.0,0.0,0.005725088303008341,0.20386007237635706,0.2413793103448276,0.9446209612734746,False,507,14,14,0.9999999999972929
317,0.0,0.0,0.0,0.019300361881785282,0.0,1.4113795879356464e-07,True,48,8,8,2.7141915152608582e-06
318,0.0,0.0,0.0038304426006636537,0.01166063530357861,0.067816091954023,0.9999997959873036,False,29,6,6,0.9999999999972929
319,0.0,0.0,0.007069311380771586,0.17450743868114194,0.16896551724137931,0.1826086147968043,False,434,10,10,0.7545810528793565
320,0.0,0.0,0.0,0.02694008845999196,0.0011494252873563218,4.820421837529817e-06,True,67,5,5,6.789326531732137e-05
321,0.0,0.0,0.006050757378194355,0.07036590269400884,0.09195402298850575,0.9637211345673344,False,175,8,8,0.9999999999972929
322,0.0,0.0,0.01158758119293828,0.12505026135906716,0.14597701149425288,0.9158877436036913,False,311,8,8,0.9999999999972929
323,0.0,0.0,0.0,0.01648572577402493,0.0,4.442686906262889e-09,True,41,4,4,1.306672619489085e-07
324,0.0,0.0,0.0033962327546243867,0.13067953357458786,0.14022988505747128,0.6396453573679086,False,325,12,12,0.9999999999972929
325,0.0,0.0,0.00874021450685535,0.10776035383996783,0.12183908045977011,0.9283390605936851,False,268,12,12,0.9999999999972929
326,0.0,0.0,0.0,0.006031363088057901,0.004597701149425287,0.13870913128087436,True,15,8,8,0.6276431279677573
327,0.0,0.0,0.005261784927532439,0.09328508242862887,0.1206896551724138,0.9957727422538852,False,232,9,9,0.9999999999972929
328,0.0,0.0,0.003256072842087021,0.0848411741053478,0.07126436781609195,0.028951586854294303,False,211,14,14,0.16832317938543198
329,0.0,0.0,0.012055179938765627,0.16164053075995174,0.1735632183908046,0.5330861068227379,False,402,9,9,0.9999999999972929
330,0.00014601260195351898,0.00011933886270063847,0.004354903954692541,0.17973462002412546,0.19195402298850575,0.9310674919852666,False,447,26,26,0.9999999999972929
331,0.0,0.0,0.0019468559654008978,0.044229995979091274,0.05747126436781609,0.8868501208849326,False,110,5,5,0.9999999999972929
332,0.0,0.0,0.030491982862873426,0.10253317249698432,0.14022988505747128,0.9986017888680394,False,255,11,11,0.9999999999972929
333,0.0,0.0,0.006685874340677763,0.12505026135906716,0.16551724137931034,0.9967874863398526,False,311,10,10,0.9999999999972929
334,0.0,0.0,0.003332336024179853,0.06795335745878568,0.0735632183908046,0.9365155601519501,False,169,13,13,0.9999999999972929
335,0.0,0.0,5.990215189955556e-05,0.017289907519099316,0.0011494252873563218,0.33063032665552133,True,43,5,5,0.9999999999972929
336,0.0,0.0,0.000764955379738466,0.032569360675512665,0.04482758620689655,0.9347045225673023,True,81,8,8,0.9999999999972929
337,0.0,0.0,0.008657633877273651,0.04744672295938882,0.08735632183908046,0.9991650025202571,False,118,5,5,0.9999999999972929
338,0.0,0.0,0.0032186476073938763,0.1222356252513068,0.13793103448275862,0.9757969988172411,False,304,8,8,0.9999999999972929
339,0.0,0.0,0.0,0.018094089264173704,0.0022988505747126436,0.0004048431438559376,True,45,9,9,0.003614670927285157
340,0.0,0.0,0.0036773516075970097,0.2750301568154403,0.28735632183908044,0.5684630367195435,False,684,14,14,0.9999999999972929
341,0.0,0.0,0.01338224215907382,0.10012062726176116,0.1206896551724138,0.9918693358772793,False,249,6,6,0.9999999999972929
342,0.0,0.0,0.0020441857838932225,0.061519903498190594,0.06321839080459771,0.09031676773095443,False,153,10,10,0.45815055224907447
343,0.0,0.0,7.052582007878868e-05,0.029352633695215118,0.006896551724137931,0.14179043325171187,True,73,6,6,0.6358315392453446
344,0.0,0.0,0.017069139456134003,0.08283071974266185,0.12873563218390804,0.9992008933823323,False,206,9,9,0.9999999999972929
345,0.0,0.0,0.0012537062883062515,0.07478890229191798,0.05517241379310345,0.026355116565708284,False,186,9,9,0.155947435300049
346,0.0,0.0,0.0,0.031363088057901084,0.004597701149425287,6.516445517552278e-14,True,78,9,9,2.1721485058507594e-11
347,0.0,0.0,0.00438812631798929,0.10574989947728186,0.07931034482758621,0.012855893340971201,False,263,13,13,0.08034933338107
348,0.0,0.0,0.0,0.038600723763570564,0.0,6.347603885561517e-18,True,96,9,9,6.347603885561518e-15
349,0.0,0.0,0.002452490490014766,0.07117008443908324,0.06321839080459771,0.923227788790757,False,177,6,6,0.9999999999972929
350,0.0,0.0,0.01670229775542659,0.12263771612384398,0.135632183908046,0.8623205397310436,False,305,9,9,0.9999999999972929
351,0.0,0.0,0.007135480341895292,0.09931644551668677,0.1,0.35261763533321244,False,247,13,13,0.9999999999972929
352,0.0,0.0,0.0,0.012866907921190189,0.0011494252873563218,0.015626555195354812,True,32,8,8,0.09413587467081212
353,0.0,0.0,0.0006298414438427393,0.021712907117008445,0.04252873563218391,0.999740110513607,True,54,6,6,0.9999999999972929
354,0.0,0.0,0.009295021530850399,0.23482106956172094,0.24942528735632183,0.8307329308030516,False,584,13,13,0.9999999999972929
355,0.0,0.0,0.004353048689940646,0.0912746280659429,0.10574712643678161,0.30762693391299056,False,227,11,11,0.9999999999972929
356,0.0,0.0,0.0020458128955137336,0.11781262565339767,0.09540229885057472,0.05812882405418973,False,293,10,10,0.31764384729065426
357,0.0,0.0,0.013568851478223945,0.1037394451145959,0.135632183908046,0.9115235365646281,False,258,8,8,0.9999999999972929
358,0.0,0.0,0.005859986471879847,0.09167671893848009,0.10804597701149425,0.8445897819150573,False,228,9,9,0.9999999999972929
359,0.0,0.0,0.0,0.009650180940892641,0.010344827586206896,0.5990543756362464,True,24,3,3,0.9999999999972929
360,0.0,0.0,0.0037466579998769924,0.08685162846803378,0.09540229885057472,0.9999643673506038,False,216,7,7,0.9999999999972929
361,0.0,0.0,0.0007586073447526811,0.039806996381182146,0.022988505747126436,0.0923217743728098,True,99,18,18,0.46392851443623023
362,0.0,0.0,0.0,0.01166063530357861,0.0,2.221258459400207e-08,True,29,7,7,5.4177035595127e-07
363,0.0,0.0,0.008511914912002896,0.09087253719340571,0.12643678160919541,0.9835073313185072,False,226,8,8,0.9999999999972929
364,0.0,0.0,2.4709106428858192e-05,0.013671089666264576,0.020689655172413793,0.9997593498525617,True,34,3,3,0.9999999999972929
365,0.0,0.0,0.008599165703633949,0.17611580217129072,0.1850574712643678,0.6524972610698172,False,438,9,9,0.9999999999972929
366,0.0,0.0,0.00036479572719981795,0.03900281463610776,0.04252873563218391,0.8190731073313231,True,97,5,5,0.9999999999972929
367,0.0,0.0,0.009540410985624033,0.057498994772818654,0.06896551724137931,0.9694179098873824,False,143,6,6,0.9999999999972929
368,0.0,0.0,0.0033698038165565314,0.045838359469240045,0.06896551724137931,0.9999158089099065,False,114,5,5,0.9999999999972929
369,0.0,0.0,0.004967039325379206,0.0607157217531162,0.09195402298850575,0.9731118390043826,False,151,5,5,0.9999999999972929
370,0.0,0.0,0.00860207713997813,0.08162444712505026,0.08160919540229886,0.7973576811397226,False,203,6,6,0.9999999999972929
371,0.0,0.0,0.0,0.03176517893043828,0.0034482758620689655,2.4294637635668666e-05,True,79,4,4,0.0002892218766151032
372,0.0,0.0,0.0,0.007237635705669481,0.0,0.013370345967055292,True,18,6,6,0.08202666237457235
373,0.0,0.0,0.0032622274981205963,0.19219943707277845,0.18275862068965518,0.24309806252010946,False,478,9,9,0.942240552403525
374,0.0,0.0,0.01225815833169178,0.15319662243667068,0.17126436781609194,0.7293315285433564,False,381,9,9,0.9999999999972929
375,0.0,0.0,0.00013679707542679648,0.02694008845999196,0.029885057471264367,0.6003104813020921,True,67,6,6,0.9999999999972929
376,0.0,0.0,0.004552707527864635,0.05066344993968637,0.07126436781609195,0.9986252369818719,False,126,6,6,0.9999999999972929
377,0.0,0.0,0.00026225762556294027,0.04181745074386811,0.040229885057471264,0.09071380934531675,True,104,4,4,0.45815055224907447
378,0.0,0.0,0.03433220942855599,0.13831926015279453,0.16551724137931034,0.8785910827358108,False,344,8,8,0.9999999999972929
379,0.0,0.0,0.004597384066538614,0.08966626457579413,0.09540229885057472,0.9043589419663607,False,223,7,7,0.9999999999972929
380,0.0,0.0,0.008189095246607601,0.22275834338560516,0.23793103448275862,0.7551697435631404,False,554,15,15,0.9999999999972929
381,0.0,0.0,4.8726440234615256e-05,0.02372336147969441,0.02413793103448276,0.9265252650472178,True,59,4,4,0.9999999999972929
382,0.0,0.0,0.0,0.021712907117008445,0.004597701149425287,0.004873944540549051,True,54,8,8,0.03249296360366034
383,0.0,0.0,0.0021981228234750063,0.08283071974266185,0.07931034482758621,0.5903856665519789,False,206,4,4,0.9999999999972929
384,0.0,0.0,0.011641130994421954,0.06312826698833937,0.08275862068965517,0.9890475918938224,False,157,6,6,0.9999999999972929
385,0.0,0.0,0.0014873821326544551,0.09609971853638923,0.07471264367816093,0.4341323678687852,False,239,13,13,0.9999999999972929
386,0.0,0.0,0.023801150481216796,0.0848411741053478,0.10459770114942529,0.9043108630378027,False,211,10,10,0.9999999999972929
387,0.0,0.0,0.007633301807002618,0.11097708082026538,0.12988505747126436,0.9995249969022638,False,276,6,6,0.9999999999972929
388,0.0,0.0,0.002939296876899582,0.0848411741053478,0.08275862068965517,0.9038414255524136,False,211,6,6,0.9999999999972929
389,0.0,0.0,0.038098208432726564,0.1214314435062324,0.15632183908045977,0.94578306068172,False,302,11,11,0.9999999999972929
390,0.0,0.0,0.0009119566628206691,0.04463208685162847,0.04942528735632184,0.9866723443873298,True,111,7,7,0.9999999999972929
391,0.0,0.0,0.01736868282310216,0.13228789706473662,0.16896551724137931,0.9584638290953831,False,329,8,8,0.9999999999972929
392,0.0,0.0,0.014538048296948694,0.09569762766385204,0.12528735632183907,0.9230342172477601,False,238,8,8,0.9999999999972929
393,0.0,0.0,0.0002187140081057136,0.012464817048652996,0.02528735632183908,0.9999844118533004,True,31,5,5,0.9999999999972929
394,0.0,0.0,0.007671306398704911,0.012062726176115802,0.06666666666666667,0.9999999970333062,False,30,6,6,0.9999999999972929
395,0.0,0.0,0.0013202959787742298,0.044229995979091274,0.05862068965517241,0.998338416216556,False,110,7,7,0.9999999999972929
396,0.0,0.0,0.0008231725598457439,0.033775633293124246,0.04942528735632184,0.52758790194769,True,84,6,6,0.9999999999972929
397,0.0,0.0,0.0022229999377628975,0.0550864495375955,0.06091954022988506,0.8884856217710522,False,137,6,6,0.9999999999972929
398,0.0,0.0,0.0008450374748700647,0.042621632488942504,0.04482758620689655,0.9225957767145807,True,106,7,7,0.9999999999972929
399,0.0,0.0,2.2104332449158206e-05,0.016887816646562123,0.022988505747126436,0.9092828718670161,True,42,2,2,0.9999999999972929
400,0.0,0.0,0.00016965192128713135,0.03618817852834741,0.01839080459770115,0.5114593874364829,True,90,11,11,0.9999999999972929
401,0.0,0.0,0.012377226577349206,0.04342581423401689,0.09425287356321839,0.9999970556012271,False,108,6,6,0.9999999999972929
402,0.0,0.0,0.0,0.03457981503819863,0.0011494252873563218,2.0227390714683566e-07,True,86,6,6,3.6777074026697395e-06
403,0.0,0.0,0.0002679899166839374,0.01769199839163651,0.029885057471264367,0.997595559189088,True,44,6,6,0.9999999999972929
404,0.0,0.0,0.0002089835061256842,0.04664254121431444,0.035632183908045977,0.16713908910898234,True,116,6,6,0.7038990639070581
405,0.0,0.0,6.847717827242757e-05,0.03457981503819863,0.04482758620689655,0.9106036004942908,True,86,6,6,0.9999999999972929
406,0.0,0.0,0.00023460135795596462,0.03538399678327302,0.022988505747126436,0.07323904495132794,True,88,8,8,0.3895693880389784
407,0.0,0.0,0.0076977693705123995,0.13188580619219945,0.15747126436781608,0.6974296041811753,False,328,8,8,0.9999999999972929
408,0.0,0.0,0.001294568294440029,0.03538399678327302,0.054022988505747126,0.9206241922907819,False,88,4,4,0.9999999999972929
409,0.0,0.0,0.010284254722884129,0.09569762766385204,0.14022988505747128,0.9915262654347141,False,238,8,8,0.9999999999972929
410,0.0,0.0,0.01845953853022348,0.18013671089666264,0.2149425287356322,0.994393733045184,False,448,12,12,0.9999999999972929
411,0.0,0.0,0.0,0.021712907117008445,0.0,2.618758526494815e-08,True,54,6,6,6.090136108127476e-07
412,0.0,0.0,0.011238762813756437,0.0667470848411741,0.10114942528735632,0.9983444865535309,False,166,8,8,0.9999999999972929
413,0.0,0.0,0.00022990813027138883,0.04141535987133092,0.005747126436781609,0.002296517109721806,True,103,13,13,0.017397856891831865
414,0.0,0.0,0.0,0.01527945315641335,0.02413793103448276,0.9707110065075679,True,38,9,9,0.9999999999972929
415,0.0,0.0,0.0018653238314858935,0.0550864495375955,0.06551724137931035,0.9991065040633191,False,137,7,7,0.9999999999972929
416,0.0,0.0,0.010329643510402352,0.09811017289907518,0.11839080459770115,0.7811291325315927,False,244,9,9,0.9999999999972929
417,0.0,0.0,0.006503907480682864,0.07599517490952955,0.09425287356321839,0.9623102443758617,False,189,6,6,0.9999999999972929
418,0.0,0.0,0.0004026091792864663,0.025733815842380377,0.04252873563218391,0.992347117134384,True,64,6,6,0.9999999999972929
419,0.0,0.0,0.008943607521587444,0.1716928025733816,0.1850574712643678,0.8045593028583604,False,427,10,10,0.9999999999972929
420,0.0,0.0,0.002320305671187112,0.08886208283071974,0.09195402298850575,0.6670976147144272,False,221,14,14,0.9999999999972929
421,0.0,0.0,0.0011390480373023443,0.03538399678327302,0.05517241379310345,0.9995305450907697,False,88,9,9,0.9999999999972929
422,0.0,0.0,0.0023642135732524676,0.04744672295938882,0.06551724137931035,0.9975294764817861,False,118,5,5,0.9999999999972929
423,0.0,0.0,0.002496801934770265,0.10132689987937274,0.12298850574712644,0.9835902975272403,False,252,7,7,0.9999999999972929
424,0.0,0.0,0.029228411537930335,0.12746280659429032,0.17011494252873563,0.9954163447137359,False,317,12,12,0.9999999999972929
425,0.0,0.0,0.0028194344953481622,0.047044632086851626,0.059770114942528735,0.9901712550648757,False,117,6,6,0.9999999999972929
426,0.0,0.0,7.902086587265484e-05,0.03618817852834741,0.02528735632183908,0.06332173137291607,True,90,10,10,0.3422796290427895
427,0.0,0.0,0.0005100771447870746,0.02251708886208283,0.035632183908045977,0.999988893615906,True,56,3,3,0.9999999999972929
428,0.0,0.0,0.00042155852870330514,0.05347808604744672,0.03333333333333333,0.6645420339905621,True,133,6,6,0.9999999999972929
429,0.0,0.0,0.0024841394459612413,0.09047044632086852,0.07931034482758621,0.3644337966474926,False,225,9,9,0.9999999999972929
430,0.0,0.0,0.002041589784077994,0.08162444712505026,0.08850574712643679,0.6758107902552721,False,203,8,8,0.9999999999972929
431,0.0,0.0,0.00031410334678367153,0.051467631684760755,0.02528735632183908,0.00028363309941747386,True,128,12,12,0.0027537194118201344
432,0.0,0.0,0.0031999281476332293,0.18134298351427422,0.1781609195402299,0.6927845864473268,False,451,13,13,0.9999999999972929
433,0.0,0.0,0.0,0.025331724969843185,0.0,6.723040383590322e-13,True,63,6,6,9.604343405129032e-11
434,0.0,0.0,0.007899795907392301,0.09449135504624046,0.10689655172413794,0.9701443415088219,False,235,6,6,0.9999999999972929
435,0.0,0.0,0.005218289206528424,0.10615199034981906,0.11954022988505747,0.8450321103853438,False,264,10,10,0.9999999999972929
436,0.0,0.0,0.010164121299756156,0.08966626457579413,0.10114942528735632,0.5232133420968652,False,223,8,8,0.9999999999972929
437,0.0,0.0,0.0037137733486704125,0.06956172094893445,0.0839080459770115,0.9933214304149196,False,173,13,13,0.9999999999972929
438,0.0,0.0,0.016531971663578754,0.1407318053880177,0.15402298850574714,0.6638230753922385,False,350,8,8,0.9999999999972929
439,0.0,0.0,0.0,0.03216726980297547,0.0,1.1184440925899918e-13,True,80,5,5,2.4745998707993e-11
440,0.0,0.0,0.0005302513997049516,0.07519099316445517,0.03793103448275862,0.15592844358144636,True,187,5,5,0.6779497547019406
441,0.0,0.0,0.0018288845906553406,0.1355046240450342,0.18735632183908046,0.986678453213292,False,337,15,15,0.9999999999972929
442,0.0,0.0,0.0017650925658116566,0.055890631282669884,0.06091954022988506,0.9972541831727953,False,139,5,5,0.9999999999972929
443,0.0,0.0,0.012048081784042703,0.1097708082026538,0.11954022988505747,0.9995468700214688,False,273,6,6,0.9999999999972929
444,0.0,0.0,0.0001903060858491331,0.026537997587454766,0.004597701149425287,0.002758984635842802,True,66,4,4,0.02028665173413825
445,0.0,0.0,0.005779458055079183,0.07478890229191798,0.09540229885057472,0.9749816719030351,False,186,6,6,0.9999999999972929
446,0.0,0.0,0.003650655715898268,0.12706071572175312,0.15172413793103448,0.9828579901359011,False,316,8,8,0.9999999999972929
447,0.0,0.0,0.0012349219799414933,0.02372336147969441,0.052873563218390804,0.9999999982761159,False,59,9,9,0.9999999999972929
448,0.0,0.0,0.011346725140822649,0.1399276236429433,0.17126436781609194,0.8932837140782595,False,348,8,8,0.9999999999972929
449,0.0,0.0,0.0005256555434017897,0.039404905508644957,0.040229885057471264,0.6797371257969826,True,98,12,12,0.9999999999972929
450,0.0,0.0,0.005540067620651564,0.10534780860474467,0.0896551724137931,0.21345924311431397,False,262,13,13,0.8538369724572559
451,0.0,0.0,0.0004978222783046714,0.045436268596702856,0.03908045977011494,0.7048953044607595,True,113,6,6,0.9999999999972929
452,0.0,0.0,0.009623904782133479,0.09288299155609167,0.11264367816091954,0.9625719370002594,False,231,6,6,0.9999999999972929
453,0.0,0.0,0.000786542721616756,0.022919179734620022,0.04942528735632184,0.955563013827649,True,57,5,5,0.9999999999972929
454,0.0,0.0,0.007431175019047623,0.05347808604744672,0.0839080459770115,0.9875138958562232,False,133,12,12,0.9999999999972929
455,0.0,0.0,0.0205057861380666,0.13108162444712504,0.16206896551724137,0.9172037072609105,False,326,8,8,0.9999999999972929
456,0.0,0.0,0.0,0.05186972255729795,0.0,2.6212588927148306e-10,True,129,5,5,1.092191205297846e-08
457,0.0,0.0,0.0034073216976184682,0.08966626457579413,0.1,0.973598363672221,False,223,5,5,0.9999999999972929
458,0.0,0.0,0.00758689953811249,0.08041817450743868,0.10919540229885058,0.9320384009860181,False,200,8,8,0.9999999999972929
459,0.0,0.0,5.365708654065375e-05,0.025331724969843185,0.004597701149425287,0.08601267787289418,True,63,6,6,0.44336431893244427
460,0.0,0.0,0.0003683599353505842,0.0607157217531162,0.034482758620689655,0.2401945720554563,True,151,8,8,0.9382600470916261
461,0.0,0.0,0.0012281467128176832,0.03618817852834741,0.05172413793103448,0.9891595687161763,False,90,4,4,0.9999999999972929
462,0.0,0.0,0.0003332629404811257,0.06353035786087656,0.022988505747126436,0.5385345894380974,True,158,6,6,0.9999999999972929
463,0.0,0.0,0.010228779557806676,0.2750301568154403,0.28735632183908044,0.8173846919806298,False,684,13,13,0.9999999999972929
464,0.0,0.0,0.0002378187181720836,0.04302372336147969,0.021839080459770115,0.11993754519394934,True,107,9,9,0.5650929502168105
465,0.0,0.0,0.006428554408335468,0.17490952955367914,0.1839080459770115,0.2417722891697331,False,435,13,13,0.9407482068861209
466,0.0,0.0,0.001228124818118041,0.04181745074386811,0.05747126436781609,0.9853371181841526,False,104,9,9,0.9999999999972929
467,0.0,0.0,0.0015178530853213537,0.04624045034177724,0.05747126436781609,0.711376073938394,False,115,12,12,0.9999999999972929
468,0.0,0.0,0.011065859607757295,0.16887816646562123,0.2149425287356322,0.9952130201929309,False,420,12,12,0.9999999999972929
469,0.0,0.0,0.0,0.010856453558504222,0.0,2.297282744677234e-06,True,27,3,3,3.7052947494794094e-05
470,0.0,0.0,0.00019812730553380925,0.03176517893043828,0.02528735632183908,0.7675156061571377,True,79,10,10,0.9999999999972929
471,0.0,0.0,0.004394772513480228,0.13309207880981103,0.12413793103448276,0.06559109678379332,False,331,9,9,0.3507545282555793
472,0.0,0.0,0.013190587617854469,0.0671491757137113,0.0896551724137931,0.9683051146047902,False,167,9,9,0.9999999999972929
473,0.0,0.0,0.010246615477933072,0.13067953357458786,0.1413793103448276,0.6662870534536971,False,325,13,13,0.9999999999972929
474,0.0,0.0,0.004062508694241668,0.07639726578206675,0.08275862068965517,0.3920500865713155,False,190,11,11,0.9999999999972929
475,0.0,0.0,0.00983738625766462,0.033775633293124246,0.07816091954022988,0.9999985441212702,False,84,8,8,0.9999999999972929
476,0.0,0.0,0.0,0.012866907921190189,0.0,1.0831626617022662e-10,True,32,7,7,6.017570342790368e-09
477,0.0,0.0,0.003003631124473709,0.08162444712505026,0.09195402298850575,0.7470870046898896,False,203,13,13,0.9999999999972929
478,0.0,0.0,0.000522808969054615,0.04503417772416566,0.03103448275862069,0.8059262892594425,True,112,7,7,0.9999999999972929
479,0.0,0.0,0.001984394380867891,0.055890631282669884,0.07126436781609195,0.7032478882157371,False,139,9,9,0.9999999999972929
480,0.0,0.0,0.0,0.02814636107760354,0.0022988505747126436,4.186418199917915e-09,True,70,3,3,1.2686115757327015e-07
481,0.0,0.0,5.1513707121715314e-05,0.05347808604744672,0.011494252873563218,0.0028462167902553815,True,133,6,6,0.020775305038360448
482,0.0,0.0,0.015602588778586673,0.09931644551668677,0.12988505747126436,0.9677737588737154,False,247,8,8,0.9999999999972929
483,0.0,0.0,0.012643400371892693,0.06915963007639726,0.09195402298850575,0.9975882428778193,False,172,8,8,0.9999999999972929
484,0.0,0.0,0.0011388479971038714,0.029754724567752314,0.052873563218390804,0.9898083875074236,False,74,4,4,0.9999999999972929
485,0.0,0.0,0.0015907156997685876,0.039404905508644957,0.06896551724137931,0.975899329638295,False,98,10,10,0.9999999999972929
486,0.0,0.0,0.0010264215199136636,0.04221954161640531,0.05172413793103448,0.9983314513000787,False,105,8,8,0.9999999999972929
487,0.0,0.0,0.0,0.014877362283876157,0.01264367816091954,0.5449087834433323,True,37,4,4,0.9999999999972929
488,0.0,0.0,0.0,0.027744270205066344,0.0,2.699279670489285e-08,True,69,7,7,6.134726523839284e-07
489,0.0,0.0,0.0004907743882729427,0.059911540008041816,0.02413793103448276,0.33350480897201307,True,149,8,8,0.9999999999972929
490,0.0,0.0,0.005551562909704214,0.14314435062324085,0.15402298850574714,0.10761730600869845,False,356,17,17,0.5173908942725887
491,0.0,0.0,0.001928545398665041,0.06473663047848814,0.06436781609195402,0.9453969856322106,False,161,6,6,0.9999999999972929
492,0.0,0.0,0.007687477871728138,0.1391234418978689,0.17126436781609194,0.9850802025338233,False,346,14,14,0.9999999999972929
493,0.0,0.0,0.0,0.025733815842380377,0.005747126436781609,0.0023278803750738744,True,64,4,4,0.01750285996296146
494,0.0,0.0,0.0,0.025331724969843185,0.0011494252873563218,3.6790065205464577e-09,True,63,8,8,1.149689537670768e-07
495,0.0,0.0,0.0004365268697453792,0.022919179734620022,0.04252873563218391,0.9969967980552162,True,57,5,5,0.9999999999972929
496,0.0,0.0,0.0018313394630741452,0.04503417772416566,0.06436781609195402,0.9849508112682672,False,112,9,9,0.9999999999972929
497,0.0,0.0,0.0155862513906691,0.13067953357458786,0.1781609195402299,0.9995596420583014,False,325,10,10,0.9999999999972929
498,0.0,0.0,0.014860622767029385,0.08805790108564536,0.10114942528735632,0.8220939511127217,False,219,7,7,0.9999999999972929
499,0.0,0.0,0.0,0.01769199839163651,0.02413793103448276,0.9743555024706427,True,44,1,1,0.9999999999972929
500,0.0,0.0,0.01621324087573164,0.14314435062324085,0.15057471264367817,0.7568969033612887,False,356,12,12,0.9999999999972929
501,0.0,0.0,0.008666485559475537,0.11942098914354644,0.11149425287356322,0.30398086912759426,False,297,8,8,0.9999999999972929
502,0.0,0.0,0.0008266384916236261,0.033775633293124246,0.04367816091954023,0.9838044362253501,True,84,8,8,0.9999999999972929
503,0.0,0.0,0.0005513620271524964,0.03337354242058705,0.04367816091954023,0.8200008570020675,True,83,11,11,0.9999999999972929
504,0.0,0.0,0.002622005281371885,0.039404905508644957,0.07816091954022988,0.9964081383952615,False,98,11,11,0.9999999999972929
505,0.0,0.0,0.028232328040658485,0.097708082026538,0.12528735632183907,0.9236841130574804,False,243,8,8,0.9999999999972929
506,0.0,0.0,0.0,0.018094089264173704,0.0022988505747126436,3.591414905744626e-11,True,45,9,9,2.244634316090391e-09
507,0.0,0.0,0.025316750166827884,0.1523924406915963,0.1781609195402299,0.9145569241675244,False,379,12,12,0.9999999999972929
508,0.0,0.0,0.0026593081165070514,0.04020908725371934,0.054022988505747126,0.9312737645032743,False,100,5,5,0.9999999999972929
509,0.0,0.0,0.00012960264580385263,0.017289907519099316,0.028735632183908046,0.99453386208987,True,43,6,6,0.9999999999972929
510,0.0,0.0,0.002613503560553053,0.09087253719340571,0.08735632183908046,0.3418168759781941,False,226,11,11,0.9999999999972929
511,0.0,4.8564906998203096e-05,0.0013639575002523752,0.10494571773220748,0.11494252873563218,0.47504360778690014,False,261,23,23,0.9999999999972929
512,0.0,0.0,0.0,0.012062726176115802,0.0,1.9357418370219011e-07,True,30,6,6,3.642489092211802e-06
513,0.0,0.0,0.003158517898052067,0.07157217531162043,0.06896551724137931,0.20706332935009908,False,178,10,10,0.8386507285381697
514,0.0,0.0,0.0,0.012866907921190189,0.0011494252873563218,6.62678956899135e-05,True,32,5,5,0.0007282186339550934
515,0.0,0.0,0.004027345522921429,0.1523924406915963,0.14367816091954022,0.31951062739580377,False,379,13,13,0.9999999999972929
516,0.0,0.0,0.008612570689473647,0.11982308001608363,0.11839080459770115,0.4297116756044341,False,298,7,7,0.9999999999972929
517,0.0,0.0,0.0,0.006031363088057901,0.013793103448275862,0.8914942038090141,True,15,4,4,0.9999999999972929
518,0.0,0.0,0.0,0.02694008845999196,0.0011494252873563218,1.9734960432497672e-10,True,67,6,6,9.867480216248836e-09
519,0.0,0.0,0.0,0.01769199839163651,0.0,0.0007826864915221553,True,44,7,7,0.006468483401009547
520,0.0,0.0,0.006502484116571162,0.09207880981101729,0.09655172413793103,0.8000991994745301,False,229,11,11,0.9999999999972929
521,0.0,0.0,0.009547272355846447,0.08443908323281062,0.10689655172413794,0.9946398207796958,False,210,6,6,0.9999999999972929
522,0.0,0.0,0.005652285501474618,0.08041817450743868,0.1413793103448276,0.9999998632561183,False,200,10,10,0.9999999999972929
523,0.0,0.0,0.005234326864957287,0.07840772014475271,0.09770114942528736,0.9987758621334543,False,195,9,9,0.9999999999972929
524,0.0,0.0,0.004500870428300583,0.05186972255729795,0.09310344827586207,0.9997396056868518,False,129,8,8,0.9999999999972929
525,0.0,0.0,0.0003243450030607937,0.020506634499396863,0.03103448275862069,0.999369164558466,True,51,6,6,0.9999999999972929
526,0.0,0.0,0.0010806667029084661,0.05629272215520708,0.054022988505747126,0.5696033467149026,False,140,22,22,0.9999999999972929
527,0.0,0.0,0.0,0.02251708886208283,0.0011494252873563218,1.8651161701164627e-06,True,56,3,3,3.057567491994201e-05
528,0.0,0.0,0.0064164409364789385,0.1640530759951749,0.1632183908045977,0.680239606141558,False,408,13,13,0.9999999999972929
529,0.0,0.0,0.009057207068828267,0.18094089264173704,0.19655172413793104,0.7886504586708759,False,450,10,10,0.9999999999972929
530,0.0,0.0,0.013618086415372726,0.19300361881785283,0.22528735632183908,0.9621796486090828,False,480,14,14,0.9999999999972929
531,7.552732309365254e-05,6.124073733847755e-05,0.0017587587540575135,0.08604744672295939,0.1,0.921616309480822,False,214,19,19,0.9999999999972929
532,0.0,0.0,0.0026553134215809788,0.07076799356654603,0.07816091954022988,0.9882851588041861,False,176,6,6,0.9999999999972929
533,0.0,0.0,0.0013418922228007704,0.04744672295938882,0.05517241379310345,0.8517447613079654,False,118,6,6,0.9999999999972929
534,0.0,0.0,0.00695106974622584,0.11982308001608363,0.13448275862068965,0.9468482195328765,False,298,8,8,0.9999999999972929
535,0.0,0.0,0.0,0.028950542822677925,0.041379310344827586,0.9225765846340621,True,72,4,4,0.9999999999972929
536,0.0,0.0,0.0027735428599410783,0.11499798954563731,0.11149425287356322,0.34551688755407683,False,286,8,8,0.9999999999972929
537,0.0,0.0,0.0008033235252838674,0.03337354242058705,0.04827586206896552,0.9945631065614391,True,83,8,8,0.9999999999972929
538,0.0,0.0,0.0038528486061858752,0.09650180940892641,0.09080459770114943,0.34408743172754885,False,240,8,8,0.9999999999972929
539,0.0,0.0,0.030211571805897477,0.12625653397667874,0.1528735632183908,0.9985682795523049,False,314,11,11,0.9999999999972929
540,0.0,0.0,0.0,0.0036188178528347406,0.0,0.3700591312933065,True,9,1,1,0.9999999999972929
541,0.0,0.0,0.0067401948277738275,0.05790108564535585,0.07931034482758621,0.9942435032411089,False,144,7,7,0.9999999999972929
542,0.0,0.0,0.015840548328403464,0.15721753116204262,0.15862068965517243,0.7912211206902058,False,391,12,12,0.9999999999972929
543,0.0,0.0,0.015167089287036343,0.08966626457579413,0.12873563218390804,0.9991561004973549,False,223,9,9,0.9999999999972929
544,0.0,0.0,0.0018742123711387522,0.1451548049859268,0.1413793103448276,0.41435057195005387,False,361,11,11,0.9999999999972929
545,0.0,0.0,0.003952364660487267,0.08725371934057097,0.0896551724137931,0.8803983993334101,False,217,4,4,0.9999999999972929
546,0.0,0.0,0.0,0.01648572577402493,0.0022988505747126436,0.004300377806010769,True,41,8,8,0.02905660679737006
547,0.0,0.0,0.0043761392349755835,0.01527945315641335,0.05747126436781609,0.9998184282603312,False,38,8,8,0.9999999999972929
548,0.0,0.0,0.010496721605979215,0.1463610776035384,0.17586206896551723,0.9672991239174495,False,364,7,7,0.9999999999972929
549,0.0,0.0,0.00013301694865452802,0.033775633293124246,0.0367816091954023,0.8317959132185082,True,84,5,5,0.9999999999972929
550,0.0,0.0,0.0006343945871066371,0.026537997587454766,0.041379310344827586,0.9996667774848489,True,66,9,9,0.9999999999972929
551,0.0,0.0,0.012985666882890073,0.19139525532770407,0.21264367816091953,0.8814107912835499,False,476,12,12,0.9999999999972929
552,0.0,0.0,0.005197875749023089,0.160032167269803,0.1781609195402299,0.7127962953469005,False,398,8,8,0.9999999999972929
553,0.0,0.0,0.009302623715128095,0.25854443104141533,0.2655172413793103,0.6642417651119209,False,643,13,13,0.9999999999972929
554,0.0,0.0,0.0,0.04463208685162847,0.0022988505747126436,2.394295456161286e-10,True,111,6,6,1.0780794775453225e-08
555,0.0,0.0,0.0,0.015681544028950542,0.0,0.00038973607633663044,True,39,4,4,0.0035553892998182197
556,0.0,0.0,0.0021857118764500743,0.10132689987937274,0.12528735632183907,0.7841311993993071,False,252,11,11,0.9999999999972929
557,0.0,0.0,0.012745630738861249,0.18094089264173704,0.19885057471264367,0.9350323610844358,False,450,12,12,0.9999999999972929
558,0.0,0.0,0.0057383937082548095,0.09408926417370325,0.10459770114942529,0.7947211549551401,False,234,14,14,0.9999999999972929
559,0.0,0.0,0.006332730456462345,0.09449135504624046,0.11149425287356322,0.9143257703802592,False,235,7,7,0.9999999999972929
560,0.0,0.0,0.023847362365846378,0.12987535182951346,0.15862068965517243,0.9529678497177283,False,323,8,8,0.9999999999972929
561,0.0,0.0,0.0013528784250871498,0.004422999597909127,0.05172413793103448,0.9999999999972929,False,11,2,2,0.9999999999972929
562,0.0,0.0,0.0011251469341793203,0.039404905508644957,0.052873563218390804,0.8036322281599606,False,98,13,13,0.9999999999972929
563,0.0,0.0,0.001742160320977058,0.04825090470446321,0.05862068965517241,0.8298701874543921,False,120,9,9,0.9999999999972929
564,0.0,0.0,0.0,0.01889827100924809,0.0011494252873563218,2.066372722910188e-05,True,47,7,7,0.0002489605690253239
565,0.0,0.0,0.022133161477645092,0.11861680739847205,0.12528735632183907,0.6271040568156182,False,295,11,11,0.9999999999972929
566,0.0,0.0,0.0013776625580489386,0.04342581423401689,0.054022988505747126,0.8956256486400008,False,108,12,12,0.9999999999972929
567,0.0,0.0,0.00229037504626191,0.0671491757137113,0.07126436781609195,0.9843815040924314,False,167,5,5,0.9999999999972929
568,0.0,0.0,0.01290944525585318,0.10695617209489344,0.12873563218390804,0.998257037847152,False,266,6,6,0.9999999999972929
569,0.0,0.0,0.0,0.002010454362685967,0.0034482758620689655,0.8518813050866576,True,5,2,2,0.9999999999972929
570,0.0,0.0,0.011595475207507632,0.05950944913550463,0.08850574712643679,0.9987174744074941,False,148,6,6,0.9999999999972929
571,0.0,0.0,0.0,0.036992360273421794,0.010344827586206896,5.737729263724567e-05,True,92,5,5,0.0006412190838953162
572,0.0,0.0,0.009786905605375304,0.12545235223160434,0.1482758620689655,0.9294343629538477,False,312,10,10,0.9999999999972929
573,0.0,0.0,0.0,0.010856453558504222,0.0,7.389536053669117e-07,True,27,3,3,1.2740579402877788e-05
574,0.0,0.0,0.05539731866928715,0.12424607961399277,0.167816091954023,0.9997688117119725,False,309,12,12,0.9999999999972929
575,0.0,0.0,0.0009863509186336485,0.06192199437072778,0.04942528735632184,0.4310308991161538,True,154,11,11,0.9999999999972929
576,0.0,0.0,0.0010522915668405625,0.028950542822677925,0.05172413793103448,0.9988818247369027,False,72,4,4,0.9999999999972929
577,0.0,0.0,0.0021673476679539365,0.03297145154804986,0.067816091954023,0.999785990458348,False,82,4,4,0.9999999999972929
578,0.0,0.0,0.0,0.013671089666264576,0.0,0.0034929112676485826,True,34,2,2,0.024597966673581568
579,0.0,0.0,0.00450936439633574,0.17209489344591877,0.20689655172413793,0.742491612031037,False,428,16,16,0.9999999999972929
580,0.0,0.0,0.01139864486116388,0.10494571773220748,0.12988505747126436,0.9942017377991386,False,261,9,9,0.9999999999972929
581,0.0,0.0,0.009950197911452003,0.08403699236027343,0.08850574712643679,0.1526907801344065,False,209,12,12,0.6667719656524302
582,0.0,0.0,0.003832700015390008,0.1407318053880177,0.13908045977011493,0.9406782256109041,False,350,10,10,0.9999999999972929
583,0.0,0.0,0.0,0.01889827100924809,0.0011494252873563218,3.0763557132917995e-06,True,47,4,4,4.5240525195467635e-05
584,0.0,0.0,0.006049434719516941,0.057096903900281465,0.0839080459770115,0.9929093330786702,False,142,6,6,0.9999999999972929
585,0.0,0.0,0.001717645272440901,0.1158021712907117,0.10919540229885058,0.46728180272372377,False,288,8,8,0.9999999999972929
586,0.0,0.0,0.002518326000661809,0.038198632891033375,0.05862068965517241,0.9711699620709602,False,95,5,5,0.9999999999972929
587,0.0,0.0,0.0,0.01166063530357861,0.0,1.1083781156451869e-07,True,29,6,6,2.2167562312903737e-06
588,0.0,0.0,0.00021496388761741702,0.013268998793727383,0.017241379310344827,0.9906022177451291,True,33,6,6,0.9999999999972929
589,0.0,0.0,0.007442796043415956,0.11499798954563731,0.1310344827586207,0.6705784506225683,False,286,8,8,0.9999999999972929
590,0.0,0.0,8.589138395788836e-05,0.025331724969843185,0.017241379310344827,0.4341862938462687,True,63,7,7,0.9999999999972929
591,0.0,0.0,0.01035318453911325,0.2010454362685967,0.21839080459770116,0.7698220325662668,False,500,13,13,0.9999999999972929
592,0.0,0.0,0.00018543334403490819,0.02613590671491757,0.02528735632183908,0.9778605825695634,True,65,4,4,0.9999999999972929
593,0.0,0.0,0.006251478203724232,0.072778447929232,0.09885057471264368,0.992954483011028,False,181,13,13,0.9999999999972929
594,0.0,0.0,0.0009146500332430428,0.03176517893043828,0.05057471264367816,0.7963040605041031,True,79,6,6,0.9999999999972929
595,0.0,0.0,0.0,0.02010454362685967,0.0,1.3632921178335195e-05,True,50,5,5,0.00017478104074788713
596,0.0,0.0,0.0005613530505841054,0.030156815440289506,0.040229885057471264,0.9855702781170198,True,75,6,6,0.9999999999972929
597,0.0,0.0,0.005528717997341377,0.14595898673100122,0.15517241379310345,0.37225771572340466,False,363,8,8,0.9999999999972929
598,0.0,0.0,0.0,0.017289907519099316,0.0011494252873563218,1.0949907721906647e-08,True,43,7,7,2.959434519434229e-07
599,0.0,0.0,0.01703181399386093,0.12344189786891838,0.15057471264367817,0.8635570419934928,False,307,9,9,0.9999999999972929
600,0.0,0.0,0.0001749703222743468,0.032569360675512665,0.02413793103448276,0.1844774350575602,True,81,9,9,0.759166399413828
601,0.0,0.0,0.00015026194617516326,0.008845999195818254,0.020689655172413793,0.9959787325031935,True,22,6,6,0.9999999999972929
602,0.0,0.0,0.0013315932254393985,0.03900281463610776,0.05172413793103448,0.9663749308516241,False,97,6,6,0.9999999999972929
603,0.0,0.0,0.0037465432809193782,0.04503417772416566,0.07471264367816093,0.9999999209884759,False,112,8,8,0.9999999999972929
604,0.0,0.0,0.0,0.009650180940892641,0.01839080459770115,0.9927017804180155,True,24,4,4,0.9999999999972929
605,0.0,0.0,0.007735294589333328,0.13590671491757136,0.14367816091954022,0.331884234850587,False,338,9,9,0.9999999999972929
606,0.0,0.0,0.008876665468550397,0.07237635705669482,0.1,0.9807319851928038,False,180,6,6,0.9999999999972929
607,0.0,0.0,0.019788368735656103,0.09931644551668677,0.1206896551724138,0.911960352312996,False,247,9,9,0.9999999999972929
608,0.0,0.0,0.0021367702750441737,0.26015279453156415,0.25287356321839083,0.403623214439546,False,647,13,13,0.9999999999972929
609,0.0,0.0,0.0002816901248863322,0.022114997989545637,0.028735632183908046,0.9999868514253458,True,55,6,6,0.9999999999972929
610,0.0,0.0,0.005621921781901867,0.1644551668677121,0.15632183908045977,0.4464339835051508,False,409,11,11,0.9999999999972929
611,0.0,0.0,0.008532561779174188,0.10776035383996783,0.11379310344827587,0.9593380683420252,False,268,16,16,0.9999999999972929
612,0.0,0.0,0.006516636827779619,0.08162444712505026,0.10114942528735632,0.8830406470598117,False,203,13,13,0.9999999999972929
613,0.0,0.0,0.0027181689006253638,0.09529553679131483,0.09885057471264368,0.9930230061325038,False,237,9,9,0.9999999999972929
614,0.0,0.0,0.03383229782243563,0.11942098914354644,0.14022988505747128,0.8559594597154001,False,297,8,8,0.9999999999972929
615,0.0,0.0,0.009013304353242938,0.17370325693606756,0.1839080459770115,0.6298584056599482,False,432,9,9,0.9999999999972929
616,0.0,0.0,0.0003730403557736714,0.0671491757137113,0.034482758620689655,0.03016781646057589,True,167,9,9,0.17438044196864677
617,0.0,0.0,0.02653946682645258,0.12263771612384398,0.14367816091954022,0.9215871375692865,False,305,8,8,0.9999999999972929
618,0.0,0.0,0.00044867298187348795,0.03297145154804986,0.028735632183908046,0.8681770739255854,True,82,6,6,0.9999999999972929
619,0.0,0.0,0.0023696218450831937,0.16043425814234016,0.16436781609195403,0.6279065224817059,False,399,16,16,0.9999999999972929
620,0.0,0.0,0.0012574474942502298,0.051065540812223566,0.054022988505747126,0.7591519695342994,False,127,8,8,0.9999999999972929
621,0.0,0.0,5.641299064345537e-05,0.016083634901487735,0.02528735632183908,0.9041473534667888,True,40,5,5,0.9999999999972929
622,0.0,0.0,0.0005997938618807986,0.04181745074386811,0.03908045977011494,0.8992494034703302,True,104,9,9,0.9999999999972929
623,0.0,0.0,0.019915763932080287,0.054282267792521106,0.09540229885057472,0.9995823937282454,False,135,6,6,0.9999999999972929
624,0.0,0.0,0.0026570859249573147,0.058303176517893046,0.07241379310344828,0.1466734904712817,False,145,11,11,0.6461387245430911
625,0.0,0.0,0.0016221047648556463,0.06835544833132289,0.05862068965517241,0.13092903859432659,False,170,10,10,0.6033596248586478
626,0.0,0.0,0.0014592786734071836,0.03498190591073583,0.05172413793103448,0.9966464957551338,False,87,12,12,0.9999999999972929
627,0.0,0.0,0.011336692420085623,0.0731805388017692,0.10459770114942529,0.9198277026433503,False,182,8,8,0.9999999999972929
628,0.0,0.0,0.0,0.02010454362685967,0.0,3.2603999115995708e-12,True,50,4,4,2.50799993199967e-10
629,0.0,0.0,0.00015442947845682026,0.038198632891033375,0.03333333333333333,0.3837130514479875,True,95,7,7,0.9999999999972929
630,0.0,0.0,0.00023907535068781133,0.02734217933252915,0.03103448275862069,0.8902493394193927,True,68,12,12,0.9999999999972929
631,0.0,0.0,0.00012071747442596035,0.02372336147969441,0.013793103448275862,0.20798538067746608,True,59,10,10,0.8386507285381697
632,0.0,0.0,0.00015894442204418836,0.018094089264173704,0.026436781609195402,0.9987704090228207,True,45,5,5,0.9999999999972929
633,0.0,0.0,0.0,0.025733815842380377,0.0022988505747126436,4.4163253483584605e-06,True,64,5,5,6.309036211940658e-05
634,0.0,0.0,2.775394862996188e-05,0.025733815842380377,0.010344827586206896,0.09339786186688614,True,64,3,3,0.46466597943724447
635,0.0,0.0,0.0026388957771668084,0.022919179734620022,0.06091954022988506,0.9999901399012947,False,57,6,6,0.9999999999972929
636,0.0,0.0,9.316220762007302e-05,0.039404905508644957,0.005747126436781609,0.003059266766161591,True,98,11,11,0.021851905472582794
637,0.0,0.0,0.0,0.0028146361077603537,0.020689655172413793,0.9999998043791256,True,7,3,3,0.9999999999972929
638,0.0,0.0,0.0,0.020506634499396863,0.0011494252873563218,1.7683608810067003e-05,True,51,7,7,0.00021831615814897534
639,0.0,0.0,0.0048304076328930575,0.0848411741053478,0.10344827586206896,0.9690837170702458,False,211,9,9,0.9999999999972929
640,0.0,0.0,0.0,0.028548451950140732,0.03218390804597701,0.9075185350738401,True,71,3,3,0.9999999999972929
641,0.0,0.0,0.002117248644364754,0.05066344993968637,0.07126436781609195,0.9977598664955405,False,126,6,6,0.9999999999972929
642,0.0,0.0,0.0,0.003216726980297547,0.0,0.007303516700399915,True,8,1,1,0.0468174147461533
643,0.0,0.0,0.0,0.03498190591073583,0.004597701149425287,2.4139015918725166e-06,True,87,12,12,3.771721237300807e-05
644,0.0,0.0,0.004150792444544619,0.110172899075191,0.13218390804597702,0.8994593315778252,False,274,10,10,0.9999999999972929
645,0.0,0.0,0.002629321720194068,0.027744270205066344,0.06206896551724138,0.9922558885981456,False,69,7,7,0.9999999999972929
646,0.0,0.0,0.0,0.02694008845999196,0.0,1.4385468686864578e-10,True,67,3,3,7.571299308876093e-09
647,0.0,0.0,0.0061744992155282966,0.15963007639726579,0.18045977011494252,0.492269659942908,False,397,11,11,0.9999999999972929
648,0.0,0.0,0.004971476844137888,0.11540008041817451,0.12298850574712644,0.9920849084862923,False,287,9,9,0.9999999999972929
649,0.0,4.390586582367404e-05,0.0018162921656206163,0.08283071974266185,0.07586206896551724,0.3642628837858185,False,206,18,18,0.9999999999972929
650,0.0,0.0,9.262922608778829e-05,0.04342581423401689,0.010344827586206896,9.54760840608874e-07,True,108,10,10,1.6182387128963965e-05
651,0.0,0.0,8.445006930124284e-05,0.03457981503819863,0.04482758620689655,0.937722711365078,True,86,4,4,0.9999999999972929
652,0.0002124425129877268,0.00013794371896266324,0.0031465278834823265,0.30800160836349016,0.3,0.6094223041758303,False,766,25,25,0.9999999999972929
653,0.0,0.0,0.0,0.021712907117008445,0.0034482758620689655,9.437601372504718e-06,True,54,4,4,0.0001275351536824962
654,0.0,0.0,0.004345463900524373,0.07478890229191798,0.0896551724137931,0.6479723964906148,False,186,12,12,0.9999999999972929
655,0.0,0.0,0.0003643353183027025,0.031363088057901084,0.04252873563218391,0.9413914651370799,True,78,6,6,0.9999999999972929
656,0.0,0.0,0.007963629445391097,0.14314435062324085,0.135632183908046,0.30839550290892503,False,356,9,9,0.9999999999972929
657,0.0,0.0,0.0003721643169609027,0.038600723763570564,0.04367816091954023,0.954495923194153,True,96,8,8,0.9999999999972929
658,0.0,0.0,0.004922271032332219,0.13831926015279453,0.15172413793103448,0.7976158312915707,False,344,9,9,0.9999999999972929
659,0.0,0.0,0.012353012680193768,0.10655408122235625,0.11839080459770115,0.8986083368280381,False,265,8,8,0.9999999999972929
660,0.0,0.0,0.02061641730317477,0.18697225572979492,0.21954022988505748,0.978084647607748,False,465,12,12,0.9999999999972929
661,0.0,0.0,0.016172320990153193,0.26457579412947324,0.27241379310344827,0.7159077163935066,False,658,13,13,0.9999999999972929
662,0.0,0.0,0.0021453753150788577,0.0546843586650583,0.07931034482758621,0.9560350600787256,False,136,8,8,0.9999999999972929
663,0.0,0.0,0.002650932335511117,0.055890631282669884,0.06666666666666667,0.9964387833170141,False,139,6,6,0.9999999999972929
664,0.0,0.0,0.019865632356170407,0.12625653397667874,0.15172413793103448,0.9085128252249027,False,314,8,8,0.9999999999972929
665,0.0,0.0,0.004249409617500968,0.17410534780860473,0.17011494252873563,0.3483273257492364,False,433,18,18,0.9999999999972929
666,0.0,0.0,0.00024551739579952006,0.021310816244471252,0.028735632183908046,0.9849712035733282,True,53,5,5,0.9999999999972929
667,0.0,0.0,0.003139500376778934,0.04784881383192602,0.07011494252873564,0.9987037026422413,False,119,6,6,0.9999999999972929
668,0.0,0.0,0.0008620523912520928,0.03457981503819863,0.04827586206896552,0.9726372312450945,True,86,4,4,0.9999999999972929
669,0.0,0.0,0.0039976770995909785,0.07880981101728991,0.07586206896551724,0.08056694209234516,False,196,12,12,0.4174452958152599
670,0.0,0.0,0.0003756598843765135,0.006835544833132288,0.041379310344827586,0.9999999992925848,True,17,5,5,0.9999999999972929
671,0.0,0.0,0.0013962690183626902,0.07519099316445517,0.07701149425287357,0.15937224621482626,False,187,8,8,0.6837514265919185
672,0.0,0.0,0.0,0.019300361881785282,0.0,4.5439681156556116e-08,True,48,3,3,9.466600240949191e-07
673,0.0,0.0,0.0002949452574304895,0.03779654201849618,0.03793103448275862,0.826818322815698,True,94,12,12,0.9999999999972929
674,0.0,0.0,0.001910128657772293,0.07036590269400884,0.06206896551724138,0.9288764696036415,False,175,7,7,0.9999999999972929
675,0.0,0.0,0.0029751786499529467,0.07639726578206675,0.09885057471264368,0.9422155693742985,False,190,7,7,0.9999999999972929
676,0.0,0.0,0.0008378026070328004,0.03900281463610776,0.04827586206896552,0.16752797720987983,True,97,9,9,0.7038990639070581
677,0.0,0.0,0.0,0.01769199839163651,0.01839080459770115,0.7117408154987638,True,44,2,2,0.9999999999972929
678,0.0,0.0,0.0024653835311760704,0.04463208685162847,0.067816091954023,0.9997648412771795,False,111,7,7,0.9999999999972929
679,0.0,0.0,0.0,0.04181745074386811,0.0034482758620689655,5.186364255528396e-10,True,104,4,4,1.9171582279466534e-08
680,0.0,0.0,0.0,0.025331724969843185,0.0022988505747126436,3.0027905626113884e-05,True,63,5,5,0.0003491616933269056
681,0.0,0.0,0.005602506055880702,0.08283071974266185,0.11149425287356322,0.9768922660727842,False,206,8,8,0.9999999999972929
682,0.0,0.0,0.0,0.03417772416566144,0.0022988505747126436,4.784489952740475e-07,True,85,9,9,8.393842022351711e-06
683,0.0,0.0,0.0014704833047202528,0.045436268596702856,0.06206896551724138,0.9781810138226192,False,113,7,7,0.9999999999972929
684,0.0,0.0,0.0062296898704533345,0.13791716928025735,0.14482758620689656,0.9910011779803838,False,343,6,6,0.9999999999972929
685,0.0,0.0,0.0006745913083752806,0.039404905508644957,0.04597701149425287,0.7484781739017734,True,98,9,9,0.9999999999972929
686,0.0,0.0,0.007355612612786739,0.11137917169280258,0.12873563218390804,0.7578210325726891,False,277,8,8,0.9999999999972929
687,0.0,0.0,0.0,0.01407318053880177,0.0,0.00048463430664107403,True,35,4,4,0.0042142113620962955
688,0.0,0.0,0.00012877530109344155,0.03096099718536389,0.011494252873563218,0.0005270065793728431,True,77,8,8,0.004543160167007268
689,0.0,0.0,8.477608294195504e-05,0.04503417772416566,0.009195402298850575,0.05150058438800706,True,112,6,6,0.2845336154033539
690,0.0,0.0,0.001084645395518272,0.06393244873341375,0.054022988505747126,0.9200997711345472,False,159,7,7,0.9999999999972929
691,0.0,0.0,0.00022800550474631135,0.047044632086851626,0.03793103448275862,0.10146933454000229,True,117,10,10,0.49414414098933834
692,0.0,0.0,5.452168879936423e-05,0.006835544833132288,0.010344827586206896,0.6868990369898548,True,17,7,7,0.9999999999972929
693,0.0,0.0,0.0,0.0048250904704463205,0.0,5.770971755057846e-05,True,12,4,4,0.0006412190838953162
694,0.0,0.0,0.00010167539810283946,0.03457981503819863,0.04597701149425287,0.9496173790412779,True,86,4,4,0.9999999999972929
695,0.0,0.0,0.0006611929616380036,0.03779654201849618,0.04482758620689655,0.998640365181601,True,94,5,5,0.9999999999972929
696,0.0,0.0,0.01479506251580098,0.08805790108564536,0.09885057471264368,0.9597789838547208,False,219,9,9,0.9999999999972929
697,0.0,0.0,0.00017554605015846782,0.038198632891033375,0.02528735632183908,0.42630787611280946,True,95,10,10,0.9999999999972929
698,0.0,0.0,2.7600742710892486e-05,0.020908725371934056,0.008045977011494253,0.1297478798925758,True,52,10,10,0.6006846291322954
699,0.0,0.0,0.0,0.022114997989545637,0.0022988505747126436,2.504582036000448e-06,True,55,5,5,3.853203132308381e-05
700,0.0,0.0,0.0004409307289399402,0.04382790510655408,0.041379310344827586,0.3343712933755292,True,109,6,6,0.9999999999972929
701,0.0,0.0,0.0063565941124919065,0.03900281463610776,0.07126436781609195,0.999759065329899,False,97,10,10,0.9999999999972929
702,0.0,0.0,0.0009169928400621252,0.03457981503819863,0.04942528735632184,0.9409375310936764,True,86,4,4,0.9999999999972929
703,0.0,0.0,6.758177556986026e-05,0.01889827100924809,0.008045977011494253,0.6748250449698925,True,47,6,6,0.9999999999972929
704,0.0,0.0,0.0,0.010856453558504222,0.0,2.3510441172435512e-09,True,27,7,7,7.836813724145172e-08
705,0.0,0.0,0.0,0.01648572577402493,0.005747126436781609,1.5261815522859764e-06,True,41,5,5,2.5436359204766275e-05
706,0.0,0.0,5.230269536979783e-05,0.0056292722155207075,0.011494252873563218,0.6185402737805492,True,14,10,10,0.9999999999972929
707,0.0,0.0,0.002918447821518872,0.06433453960595094,0.07816091954022988,0.5129912108569769,False,160,11,11,0.9999999999972929
708,0.0,0.0,5.212030549019827e-05,0.0305589063128267,0.008045977011494253,0.0005736787078601765,True,76,10,10,0.004903236819317747
709,0.0,0.0,4.653350134234729e-05,0.019702452754322478,0.013793103448275862,0.03391995583651553,True,49,7,7,0.1927270217983837
710,0.0,0.0,0.00010020937309859527,0.07961399276236429,0.0034482758620689655,5.288962948430366e-06,True,198,6,6,7.345781872819953e-05
711,0.0,0.0,0.00030225545851257917,0.0550864495375955,0.03103448275862069,0.14477472736660818,True,137,6,6,0.6461387245430911
712,0.0,0.0,0.0,0.013268998793727383,0.0,0.002954181979193714,True,33,3,3,0.021253107763983554
713,0.0,0.0,0.0037166960114108755,0.06192199437072778,0.08620689655172414,0.9999861116075525,False,154,7,7,0.9999999999972929
714,0.0,0.0,0.010903993543552839,0.10052271813429835,0.13333333333333333,0.9924123529764978,False,250,9,9,0.9999999999972929
715,0.0,0.0,0.0072824299172497345,0.18455971049457176,0.18160919540229886,0.19195790934159662,False,459,8,8,0.7867127432032648
716,0.0,0.0,0.0070673153912143225,0.17611580217129072,0.21839080459770116,0.8265404003197919,False,438,13,13,0.9999999999972929
717,0.0,0.0,0.010975835422035111,0.11660635303578609,0.1425287356321839,0.9871715699987632,False,290,14,14,0.9999999999972929
718,0.0,0.0,0.0001278992279364023,0.02372336147969441,0.022988505747126436,0.2543812423058034,True,59,7,7,0.972178285324893
719,0.0,0.0,0.0042398750769066075,0.08041817450743868,0.09885057471264368,0.9191927197030154,False,200,10,10,0.9999999999972929
720,0.0,0.0,0.012130023823546048,0.1712907117008444,0.18275862068965518,0.7792933705260865,False,426,8,8,0.9999999999972929
721,0.0,0.0,0.0018012880357749822,0.03739445114595899,0.05632183908045977,0.9607667576222473,False,93,4,4,0.9999999999972929
722,0.0,0.0,0.006686318781826953,0.11097708082026538,0.12988505747126436,0.9959591426000408,False,276,7,7,0.9999999999972929
723,0.0,0.0,0.001222416996975613,0.11781262565339767,0.1,0.3687879132022045,False,293,14,14,0.9999999999972929
724,0.0,0.0,0.006403567105846357,0.10695617209489344,0.11724137931034483,0.7930891392697945,False,266,8,8,0.9999999999972929
725,0.0,0.0,0.0006459794924928061,0.024527543224768796,0.04597701149425287,0.999997613624151,True,61,4,4,0.9999999999972929
726,0.0,0.0,0.011805283391227168,0.08443908323281062,0.12413793103448276,0.9849852702876075,False,210,8,8,0.9999999999972929
727,0.0,0.0,0.003996123389517104,0.06634499396863691,0.08735632183908046,0.8946256565378277,False,165,8,8,0.9999999999972929
728,0.0,0.0,2.4709106428858192e-05,0.01407318053880177,0.02413793103448276,0.9540328648803315,True,35,5,5,0.9999999999972929
729,0.0,0.0,0.03447485062595069,0.11540008041817451,0.13448275862068965,0.8275789283667067,False,287,8,8,0.9999999999972929
730,0.0,0.0,0.0004205161906099084,0.0550864495375955,0.040229885057471264,0.10456051716954623,True,137,12,12,0.5051232713504649
731,0.0,0.0,0.0019799477966437203,0.04744672295938882,0.06321839080459771,0.9997989869754756,False,118,5,5,0.9999999999972929
732,0.0,0.0,0.0,0.0008041817450743868,0.0,0.024144992871182002,True,2,2,2,0.14372019566179764
733,0.0,0.0,0.0057207078076842,0.18657016485725775,0.18620689655172415,0.681274696524127,False,464,12,12,0.9999999999972929
734,0.0,0.0,0.008884151067186154,0.0611178126256534,0.09080459770114943,0.9992043163893477,False,152,9,9,0.9999999999972929
735,0.0,0.0,0.0025906630984240185,0.05950944913550463,0.07471264367816093,0.9158676414887553,False,148,11,11,0.9999999999972929
736,0.0,0.0,0.0012798611505335526,0.045838359469240045,0.059770114942528735,0.9613304000100893,False,114,6,6,0.9999999999972929
737,0.0,0.0,0.008343296806321268,0.1037394451145959,0.14597701149425288,0.9989042282447931,False,258,10,10,0.9999999999972929
738,0.0,0.0,0.01291762759825229,0.09087253719340571,0.10689655172413794,0.6907536656388541,False,226,8,8,0.9999999999972929
739,0.0,0.0,0.0031913851394901583,0.05347808604744672,0.06321839080459771,0.9908178364277587,False,133,11,11,0.9999999999972929
740,0.0,0.0,0.003905928772541145,0.06192199437072778,0.07931034482758621,0.9673535358055264,False,154,6,6,0.9999999999972929
741,0.0,0.0,0.0034044570243929664,0.26015279453156415,0.2632183908045977,0.4603685988062367,False,647,13,13,0.9999999999972929
742,0.0,0.0,0.003453300217634193,0.07478890229191798,0.10344827586206896,0.9422807327294499,False,186,8,8,0.9999999999972929
743,0.0,0.0,0.008793647872660654,0.12545235223160434,0.15402298850574714,0.9477069810964278,False,312,15,15,0.9999999999972929
744,0.0,0.0,0.0016930154002516402,0.03498190591073583,0.059770114942528735,0.9972027125904233,False,87,12,12,0.9999999999972929
745,0.0,0.0,5.685487555089453e-05,0.0365902694008846,0.010344827586206896,0.13346107760000486,True,91,7,7,0.612169270382367
746,0.0,0.0,0.00330141257523937,0.026537997587454766,0.07126436781609195,0.9999997997214501,False,66,6,6,0.9999999999972929
747,0.0,0.0,0.0029800247942988627,0.1037394451145959,0.10689655172413794,0.44444145362574794,False,258,9,9,0.9999999999972929
748,4.721324451199558e-05,4.507346975570179e-05,0.002848574332043187,0.17370325693606756,0.18160919540229886,0.6899342214068592,False,432,11,11,0.9999999999972929
749,0.0,0.0,0.007100717076231713,0.07840772014475271,0.1,0.9157369765080376,False,195,13,13,0.9999999999972929
750,0.0,0.0,0.0012640375280220052,0.038600723763570564,0.05172413793103448,0.9759399919953116,False,96,12,12,0.9999999999972929
751,0.0,0.0,0.01959010023649256,0.09529553679131483,0.11839080459770115,0.8622755069857032,False,237,8,8,0.9999999999972929
752,0.0,0.0,0.0,0.014877362283876157,0.0,1.0304936846217514e-05,True,37,3,3,0.00013739915794956685
753,0.0,0.0,0.0,0.014877362283876157,0.020689655172413793,0.7181402991498692,True,37,3,3,0.9999999999972929
754,0.0,0.0,0.0015235847462845543,0.06755126658624849,0.07126436781609195,0.656314848248486,False,168,8,8,0.9999999999972929
755,0.0,0.0,0.01448623566211387,0.08725371934057097,0.1103448275862069,0.9934722459306876,False,217,6,6,0.9999999999972929
756,0.0,0.0,0.004954281790059457,0.17852834740651388,0.1793103448275862,0.36408157326887436,False,444,9,9,0.9999999999972929
757,0.0,0.0,0.002520420581026762,0.0735826296743064,0.07126436781609195,0.9326639199337674,False,183,4,4,0.9999999999972929
758,0.0,0.0,0.0012633381602400254,0.05388017691998392,0.054022988505747126,0.7486503084746114,False,134,6,6,0.9999999999972929
759,0.0,0.0,0.002625041203009166,0.052673904302372336,0.07241379310344828,0.9938048097048745,False,131,6,6,0.9999999999972929
760,0.0,0.0,0.017915902093117275,0.12665862484921592,0.14597701149425288,0.8803359511792905,False,315,8,8,0.9999999999972929
761,0.0,0.0,0.0073663988902296,0.2565339766787294,0.2770114942528736,0.8963109846793459,False,638,13,13,0.9999999999972929
762,0.0,0.0,0.010271287193473849,0.11097708082026538,0.1310344827586207,0.9818472811044326,False,276,13,13,0.9999999999972929
763,0.0,0.0,0.002077135341619731,0.12344189786891838,0.09310344827586207,0.11158839398435244,False,307,13,13,0.5313733046873925
764,0.0,0.0,0.002351712631833393,0.05548854041013269,0.08045977011494253,0.9663885014811647,False,138,12,12,0.9999999999972929
765,0.0,0.0,7.838118290704436e-05,0.024527543224768796,0.0011494252873563218,0.011065827939390625,True,61,6,6,0.07003688569234573
766,0.0,0.0,0.0013059362936714437,0.09006835544833132,0.06091954022988506,0.004023319402348015,False,224,21,21,0.02736951974386405
767,0.0,0.0,0.004927691160276245,0.07398472054684359,0.09310344827586207,0.9461833512364305,False,184,7,7,0.9999999999972929
768,0.0,0.0,0.01919538497620537,0.0856453558504222,0.10689655172413794,0.9689553964193494,False,213,9,9,0.9999999999972929
769,0.0,0.0,0.024401520948856625,0.11298753518295135,0.135632183908046,0.944471165663917,False,281,10,10,0.9999999999972929
770,0.0,0.0,0.0008008631123010642,0.0048250904704463205,0.04827586206896552,0.9999999985136,True,12,3,3,0.9999999999972929
771,0.0,0.0,0.0027909047426960282,0.10092480900683555,0.11954022988505747,0.9714352204384866,False,251,9,9,0.9999999999972929
772,0.0,0.0,0.001192098168225917,0.008041817450743867,0.052873563218390804,0.9999978384264769,False,20,5,5,0.9999999999972929
773,0.0,0.0,0.004494248926319059,0.08805790108564536,0.08620689655172414,0.8526421074675392,False,219,8,8,0.9999999999972929
774,0.0,0.0,0.008072422864096564,0.07076799356654603,0.10689655172413794,0.9803859131121219,False,176,8,8,0.9999999999972929
775,0.0,0.0,0.006553115154225491,0.12665862484921592,0.13448275862068965,0.9885082845099035,False,315,6,6,0.9999999999972929
776,0.0,0.0,0.0,0.022114997989545637,0.0,6.306720117130823e-09,True,55,3,3,1.8019200334659494e-07
777,0.0,0.0,0.02538718013773106,0.13148371531966224,0.18160919540229886,0.997500654188128,False,327,12,12,0.9999999999972929
778,0.0,0.0,0.0007189650286492875,0.024125452352231604,0.03333333333333333,0.9972136589219172,True,60,6,6,0.9999999999972929
779,0.0,0.0,0.005739031870363634,0.05388017691998392,0.08045977011494253,0.997028299190121,False,134,6,6,0.9999999999972929
780,0.0,0.0,0.00047808125458486447,0.02814636107760354,0.04252873563218391,0.9945239146860313,True,70,7,7,0.9999999999972929
781,0.0,0.0,0.0024281067784210444,0.013268998793727383,0.05747126436781609,0.9999999213943501,False,33,6,6,0.9999999999972929
782,0.0,0.0,0.00023689457966796727,0.02332127060715722,0.03103448275862069,0.9963046547078923,True,58,6,6,0.9999999999972929
783,0.0,0.0,0.0003879648981931511,0.036992360273421794,0.040229885057471264,0.9498259316850469,True,92,9,9,0.9999999999972929
784,0.0,0.0,0.010461945126178556,0.06755126658624849,0.09770114942528736,0.998402722754555,False,168,12,12,0.9999999999972929
785,0.0,0.0,0.00948972529782344,0.13108162444712504,0.1367816091954023,0.997683506669284,False,326,7,7,0.9999999999972929
786,0.0,0.0,0.0031394122329476254,0.04905508644953759,0.06551724137931035,0.9521583102434927,False,122,11,11,0.9999999999972929
787,0.0,0.0,0.005217874941541447,0.12907117008443908,0.12643678160919541,0.5787597240860691,False,321,8,8,0.9999999999972929
788,0.0,0.0,2.5861663610286102e-05,0.008041817450743867,0.022988505747126436,0.9929268178256592,True,20,4,4,0.9999999999972929
789,0.0,0.0,0.0,0.010052271813429835,0.0011494252873563218,0.007099139868800152,True,25,3,3,0.045880042560738084
790,0.0,0.0,0.0,0.019300361881785282,0.0,2.479582798354242e-10,True,48,6,6,1.0780794775453225e-08
791,0.0,0.0,0.0042293558071491225,0.07720144752714113,0.09080459770114943,0.9946749664405407,False,192,10,10,0.9999999999972929
792,0.0,0.0,0.0,0.01166063530357861,0.0,2.936112334425551e-06,True,29,7,7,4.382257215560524e-05
793,0.0,0.0,0.0011621928731199516,0.024929634097305992,0.052873563218390804,0.9513049800489102,False,62,6,6,0.9999999999972929
794,0.0,0.0,0.00020776270649290962,0.06634499396863691,0.013793103448275862,0.009161235749331913,True,165,8,8,0.05835182005943894
795,0.0,0.0,0.01858661381096678,0.17772416566143948,0.2045977011494253,0.9567419106415639,False,442,12,12,0.9999999999972929
796,0.0,0.0,0.0,0.0016083634901487736,0.0011494252873563218,0.4249198778169235,True,4,4,4,0.9999999999972929
797,0.0,0.0,0.0,0.0036188178528347406,0.009195402298850575,0.9201411359782052,True,9,2,2,0.9999999999972929
798,0.0,0.0,0.0037184871668761864,0.08082026537997587,0.11494252873563218,0.9719754846814721,False,201,12,12,0.9999999999972929
799,0.0,0.0,0.0002798629997032305,0.06433453960595094,0.021839080459770115,0.15206396848495246,True,160,9,9,0.6667719656524302
800,0.0,0.0,0.0,0.0012062726176115801,0.0022988505747126436,0.8540583077753188,True,3,3,3,0.9999999999972929
801,0.0,0.0,0.0054195321201519165,0.14274225975070365,0.14022988505747128,0.9962955408117395,False,355,6,6,0.9999999999972929
802,0.0,0.0,0.00043737511503190224,0.020506634499396863,0.028735632183908046,0.9669646522864156,True,51,6,6,0.9999999999972929
803,0.0,0.0,0.014302282094483722,0.08966626457579413,0.11149425287356322,0.7526795015140859,False,223,7,7,0.9999999999972929
804,0.0,0.0,0.007519121269419782,0.022114997989545637,0.067816091954023,0.9999990645545831,False,55,5,5,0.9999999999972929
805,5.93475675004704e-05,5.7182067703568164e-05,0.0015199194642485515,0.2070767993566546,0.1839080459770115,0.28906001315335306,False,515,18,18,0.9999999999972929
806,0.0,0.0,5.127460750754652e-05,0.022919179734620022,0.0022988505747126436,0.003814221251112584,True,57,8,8,0.02612480308981222
807,0.0,0.0,0.00021611970507882938,0.0056292722155207075,0.047126436781609195,0.999999999503961,True,14,4,4,0.9999999999972929
808,0.0,0.0,0.000567961143255864,0.029754724567752314,0.04252873563218391,0.9400665541810076,True,74,6,6,0.9999999999972929
809,0.0,0.0,0.019436354088542128,0.097708082026538,0.12873563218390804,0.990313579627432,False,243,13,13,0.9999999999972929
810,0.0,0.0,0.0036513195091743694,0.1652593486127865,0.16551724137931034,0.23055423445036444,False,411,8,8,0.9068374867072911
811,0.0,0.0,0.045403568394768175,0.1033373542420587,0.15172413793103448,0.9998878225481918,False,257,12,12,0.9999999999972929
812,0.0,0.0,0.0,0.042621632488942504,0.010344827586206896,0.0006142657844230688,True,106,6,6,0.005161897348093016
813,0.0,0.0,0.008120164773450272,0.03779654201849618,0.09540229885057472,0.9999857224329584,False,94,7,7,0.9999999999972929
814,0.0,0.0,0.0017779963146662633,0.05066344993968637,0.052873563218390804,0.9571755540964253,False,126,10,10,0.9999999999972929
815,0.0,0.0,0.008572007252168919,0.09288299155609167,0.11494252873563218,0.9931835233831029,False,231,9,9,0.9999999999972929
816,0.0,0.0,0.002870844751707188,0.08725371934057097,0.11149425287356322,0.9638495190310429,False,217,9,9,0.9999999999972929
817,0.0,0.0,0.040760993188558775,0.17933252915158826,0.2218390804597701,0.9938580115112041,False,446,12,12,0.9999999999972929
818,0.0,0.0,0.00011136257413309416,0.017289907519099316,0.0034482758620689655,0.07718636408616583,True,43,8,8,0.4041170894563656
819,0.0,0.0,0.003348922604964262,0.1640530759951749,0.167816091954023,0.7893833034681157,False,408,13,13,0.9999999999972929
820,0.0,0.0,0.005309370555663254,0.13067953357458786,0.14942528735632185,0.666985456341928,False,325,8,8,0.9999999999972929
821,0.0,0.0,0.001591811145250076,0.045436268596702856,0.059770114942528735,0.9308430386932836,False,113,4,4,0.9999999999972929
822,0.0,0.0,0.006071025217557414,0.19622034579815037,0.2218390804597701,0.4996386982671009,False,488,11,11,0.9999999999972929
823,0.0,0.0,0.006391075556340327,0.058303176517893046,0.08160919540229886,0.9920084129377899,False,145,7,7,0.9999999999972929
824,0.0,0.0,0.0021024248529808716,0.05388017691998392,0.06206896551724138,0.08650698703041432,False,134,11,11,0.4436255745149453
825,0.0,0.0,0.012150928061361147,0.09167671893848009,0.12988505747126436,0.9739363350437755,False,228,8,8,0.9999999999972929
826,0.0,0.0,7.661195523401464e-05,0.038198632891033375,0.011494252873563218,0.0005785964162924414,True,95,9,9,0.004903359460105436
827,0.0,0.0,0.005992904119805995,0.05910735826296743,0.09080459770114943,0.98893704463035,False,147,6,6,0.9999999999972929
828,0.0,0.0,0.0001316869608531936,0.0731805388017692,0.01264367816091954,0.0004542595681077887,True,182,5,5,0.003984733053577094
829,0.0,0.0,0.00031868252274825986,0.04784881383192602,0.0367816091954023,0.27821855577446863,True,119,9,9,0.9999999999972929
830,0.0,0.0,0.0023727845204984306,0.0607157217531162,0.09080459770114943,0.9998611100993775,False,151,8,8,0.9999999999972929
831,0.0,0.0,0.004280027169092777,0.13027744270205066,0.15057471264367817,0.892567692026268,False,324,9,9,0.9999999999972929
832,0.0,0.0,0.0,0.011258544431041415,0.0,0.00013314479651937042,True,28,2,2,0.0013726267682409323
833,0.0,0.0,0.008288164725082032,0.195416164053076,0.21954022988505748,0.947647046484753,False,486,14,14,0.9999999999972929
834,0.0,0.0,0.0012959912222970764,0.029352633695215118,0.05517241379310345,0.9999925740379914,False,73,4,4,0.9999999999972929
835,0.0,0.0,2.427934489912835e-05,0.03176517893043828,0.020689655172413793,0.13949748878727908,True,79,6,6,0.6283670666093653
836,0.0,0.0,8.784399071659851e-05,0.029352633695215118,0.027586206896551724,0.13406507021373837,True,73,5,5,0.612169270382367
837,0.0,0.0,0.00026707189244432804,0.03216726980297547,0.041379310344827586,0.2757068695078442,True,80,8,8,0.9999999999972929
838,0.0,0.0,0.005399137768615336,0.18737434660233213,0.1896551724137931,0.611648286110013,False,466,11,11,0.9999999999972929
839,0.0,0.0,4.86471392789708e-05,0.005227181342983514,0.0034482758620689655,0.7588044657545414,True,13,3,3,0.9999999999972929
840,0.0,0.0,0.012459168021053506,0.07157217531162043,0.0896551724137931,0.9889783452809157,False,178,8,8,0.9999999999972929
841,0.0,0.0,0.001848820982130873,0.0056292722155207075,0.05632183908045977,0.9999992592567601,False,14,2,2,0.9999999999972929
842,0.0,0.0,0.0004953196845389709,0.050261359067149174,0.040229885057471264,0.4954902662740834,True,125,6,6,0.9999999999972929
843,0.0,0.0,0.0033734644164827906,0.0731805388017692,0.10344827586206896,0.6685815635944623,False,182,8,8,0.9999999999972929
844,0.0,0.0,0.00523363407362656,0.0671491757137113,0.10229885057471265,0.9984335752342509,False,167,9,9,0.9999999999972929
845,0.0,0.0,0.00017827121226789096,0.03337354242058705,0.03333333333333333,0.30796329451696536,True,83,8,8,0.9999999999972929
846,0.0,0.0,0.0010483027803382798,0.039404905508644957,0.05172413793103448,0.9948236362955174,False,98,12,12,0.9999999999972929
847,0.0,0.0,2.7975584944046517e-05,0.029352633695215118,0.01264367816091954,0.004490848295880577,True,73,5,5,0.030139921448862936
848,0.0,0.0,0.0,0.031363088057901084,0.0,3.139523234692871e-06,True,78,6,6,4.5500336734679286e-05
849,0.0,0.0,0.0005183413932497753,0.03096099718536389,0.040229885057471264,0.4952917184769996,True,77,6,6,0.9999999999972929
850,0.0,0.0,8.28974610230252e-05,0.016083634901487735,0.013793103448275862,0.7434108137016208,True,40,10,10,0.9999999999972929
851,0.0,0.0,0.017906294962025122,0.07800562927221552,0.11609195402298851,0.9986579550599072,False,194,7,7,0.9999999999972929
852,0.0,0.0,0.0019867008745614047,0.06272617611580217,0.05517241379310345,0.6896393999071095,False,156,14,14,0.9999999999972929
853,0.0,0.0,0.015349010073517475,0.12263771612384398,0.17701149425287357,0.9998338079324636,False,305,12,12,0.9999999999972929
854,0.0,0.0,0.0,0.020506634499396863,0.005747126436781609,0.003704055420516371,True,51,3,3,0.02572260708691924
855,0.0,0.0,0.002754457720763659,0.09047044632086852,0.09540229885057472,0.4204832082737153,False,225,7,7,0.9999999999972929
856,0.0,0.0,0.006905975390347882,0.07800562927221552,0.09195402298850575,0.8745088397988456,False,194,7,7,0.9999999999972929
857,0.0,0.0,0.004240911264566444,0.05066344993968637,0.07816091954022988,0.9988826277170851,False,126,6,6,0.9999999999972929
858,0.0,0.0,0.009002265533431296,0.09529553679131483,0.12873563218390804,0.9367117050497629,False,237,8,8,0.9999999999972929
859,0.0,0.0,0.0,0.021712907117008445,0.0022988505747126436,0.0013273048686155704,True,54,8,8,0.010451219437917877
860,0.0,0.0,0.0001663924756595928,0.008845999195818254,0.006896551724137931,0.9858163283036366,True,22,6,6,0.9999999999972929
861,0.0,0.0,0.0,0.01769199839163651,0.021839080459770115,0.9418759367912096,True,44,1,1,0.9999999999972929
862,0.0,0.0,5.3826676829544575e-05,0.020908725371934056,0.01954022988505747,0.6762391595644157,True,52,10,10,0.9999999999972929
863,0.00021869093859404586,0.00025698682942499197,0.0013885244493426264,0.1451548049859268,0.13218390804597702,0.04803480472236854,False,361,21,21,0.26686002623538074
864,0.0,0.0,0.004852107758741048,0.08524326497788501,0.10804597701149425,0.5485761817947753,False,212,12,12,0.9999999999972929
865,0.0,0.0,0.0,0.016083634901487735,0.0011494252873563218,7.496608484628437e-09,True,40,5,5,2.0823912457301214e-07
866,0.0,0.0,0.008203353107335299,0.08524326497788501,0.10459770114942529,0.826287900861467,False,212,10,10,0.9999999999972929
867,0.0,0.0,0.0009248361281077775,0.04302372336147969,0.0367816091954023,0.8548269918071063,True,107,12,12,0.9999999999972929
868,0.0,0.0,0.0,0.019702452754322478,0.0022988505747126436,0.011872014611295365,True,49,7,7,0.07466675856160608
869,0.0,0.0,0.00022798004647280273,0.039806996381182146,0.034482758620689655,0.6842375173067252,True,99,10,10,0.9999999999972929
870,0.0,0.0,0.0004183205501714313,0.03176517893043828,0.03103448275862069,0.8206481120394398,True,79,7,7,0.9999999999972929
871,0.0,0.0,0.008651653910940376,0.1222356252513068,0.16436781609195403,0.9988998863779055,False,304,13,13,0.9999999999972929
872,0.0,0.0,0.01452512577735349,0.08845999195818255,0.11494252873563218,0.9179300169324509,False,220,7,7,0.9999999999972929
873,0.0,0.0,0.018394122668060595,0.10012062726176116,0.12758620689655173,0.8065462993732833,False,249,7,7,0.9999999999972929
874,0.0,0.0,0.0002697570295059457,0.021310816244471252,0.0367816091954023,0.9622148888766398,True,53,6,6,0.9999999999972929
875,0.0,0.0,0.003494246966123602,0.08283071974266185,0.10574712643678161,0.9500800901823465,False,206,9,9,0.9999999999972929
876,0.0,0.0,0.020978895261465378,0.10695617209489344,0.13793103448275862,0.9442461124813954,False,266,8,8,0.9999999999972929
877,0.0,0.0,0.0007902857158371808,0.039806996381182146,0.04597701149425287,0.8188186045382502,True,99,5,5,0.9999999999972929
878,0.0,0.0,0.0,0.020908725371934056,0.01839080459770115,0.5202476794244335,True,52,6,6,0.9999999999972929
879,0.0,0.0,0.0006599500720146965,0.04101326899879373,0.04252873563218391,0.6808113954680455,True,102,7,7,0.9999999999972929
880,0.0,0.0,0.00398171580253167,0.08644953759549658,0.14022988505747128,0.9998501907634414,False,215,9,9,0.9999999999972929
881,0.0,0.0,0.0027107388819589927,0.06795335745878568,0.08045977011494253,0.8796323472837835,False,169,8,8,0.9999999999972929
882,0.0,0.0,2.966558791801265e-05,0.033775633293124246,0.005747126436781609,0.013304743564137913,True,84,6,6,0.08202666237457235
883,0.0,0.0,0.015157375707760505,0.09006835544833132,0.11494252873563218,0.976863880576572,False,224,9,9,0.9999999999972929
884,0.0,0.0,0.006286423971872159,0.145556895858464,0.18160919540229886,0.9772732111872862,False,362,13,13,0.9999999999972929
885,0.0,0.0,5.6695909427692805e-05,0.015681544028950542,0.014942528735632184,0.6019272838969989,True,39,6,6,0.9999999999972929
886,0.0,0.0,0.0007475546770770946,0.011258544431041415,0.04827586206896552,0.9999939260193474,True,28,6,6,0.9999999999972929
887,0.0,0.0,0.0023457101614724825,0.047044632086851626,0.05747126436781609,0.9187581113581662,False,117,8,8,0.9999999999972929
888,0.0,0.0,0.0003950048091099106,0.036992360273421794,0.04942528735632184,0.9253348309938768,True,92,4,4,0.9999999999972929
889,0.0,0.0,0.0,0.03457981503819863,0.0,7.948369527623331e-13,True,86,5,5,9.935461909529164e-11
890,0.0,0.0,0.020676022910366826,0.08644953759549658,0.11149425287356322,0.9769030042161106,False,215,13,13,0.9999999999972929
891,0.0,0.0,0.0008878823058214775,0.031363088057901084,0.04827586206896552,0.750855431035012,True,78,9,9,0.9999999999972929
892,0.0,0.0,0.01020726214744818,0.05910735826296743,0.07816091954022988,0.9965726245225073,False,147,6,6,0.9999999999972929
893,0.0,0.0,0.003673187224681015,0.0607157217531162,0.08505747126436781,0.9900888774976653,False,151,6,6,0.9999999999972929
894,0.0,0.0,0.001264103345163676,0.06956172094893445,0.06206896551724138,0.8122502758982826,False,173,8,8,0.9999999999972929
895,0.0,0.0,5.9091129694328276e-05,0.024929634097305992,0.034482758620689655,0.9809530291581212,True,62,4,4,0.9999999999972929
896,0.0,0.0,0.0,0.011258544431041415,0.0,0.0008351938178742894,True,28,2,2,0.0068458509661826995
897,0.0,0.0,0.0067994101160874735,0.13108162444712504,0.1425287356321839,0.5742654887663721,False,326,8,8,0.9999999999972929
898,0.0,0.0,0.0017001743517800721,0.05347808604744672,0.06896551724137931,0.8259248279414004,False,133,7,7,0.9999999999972929
899,0.0,0.0,0.0013891102292985672,0.08604744672295939,0.09080459770114943,0.3934731823437476,False,214,15,15,0.9999999999972929
900,0.0,0.0,0.0008287763081397116,0.0028146361077603537,0.04942528735632184,0.9999999964433317,True,7,3,3,0.9999999999972929
901,0.0,0.0,0.006907339012785765,0.06795335745878568,0.08275862068965517,0.9987823602797563,False,169,7,7,0.9999999999972929
902,0.0,0.0,0.0013342450317477934,0.04905508644953759,0.054022988505747126,0.9687289514054007,False,122,7,7,0.9999999999972929
903,0.0,0.0,0.00467508889399367,0.11097708082026538,0.10804597701149425,0.8225448722660129,False,276,12,12,0.9999999999972929
904,0.0,0.0,0.0,0.012464817048652996,0.0,2.3740708968179593e-12,True,31,6,6,2.128782713156662e-10
905,0.0,0.0,0.002180189958951537,0.057096903900281465,0.08045977011494253,0.9995818498611473,False,142,8,8,0.9999999999972929
906,0.0,0.0,0.0,0.016887816646562123,0.0,2.451016127156836e-08,True,42,2,2,5.835752683706753e-07
907,0.0,0.0,0.0,0.01648572577402493,0.01954022988505747,0.8251594066209138,True,41,5,5,0.9999999999972929
908,0.0,0.0,0.007846856224715322,0.0731805388017692,0.08850574712643679,0.985386983428724,False,182,13,13,0.9999999999972929
909,0.0,0.0,0.022615512956524246,0.12625653397667874,0.16091954022988506,0.9785831627582366,False,314,12,12,0.9999999999972929
910,0.0,0.0,0.0020494661095922357,0.05186972255729795,0.07241379310344828,0.9640735041857952,False,129,7,7,0.9999999999972929
911,0.0,0.0,0.0,0.039404905508644957,0.0,5.368043038250629e-10,True,98,3,3,1.9171582279466534e-08
912,0.0,0.0,0.0,0.018496180136710897,0.0011494252873563218,0.00015393544967013938,True,46,7,7,0.0015393544967013937
913,0.0,0.0,0.0,0.014877362283876157,0.0,3.0675524337575735e-10,True,37,6,6,1.2270209735030294e-08
914,5.868467646885108e-05,5.2912852531879995e-05,0.00392581252793067,0.20426216324889426,0.24597701149425288,0.8865841250286747,False,508,20,20,0.9999999999972929
915,0.0,0.0,0.0014032378306379348,0.08403699236027343,0.09885057471264368,0.8923277072380202,False,209,10,10,0.9999999999972929
916,0.0,0.0,0.0,0.02814636107760354,0.020689655172413793,0.014208253065450102,True,70,6,6,0.08611062463909153
917,0.0,0.0,0.02145984941952376,0.12344189786891838,0.15977011494252874,0.9927605244847725,False,307,12,12,0.9999999999972929
918,0.0,0.0,0.010345156490780565,0.11218335343787696,0.1471264367816092,0.8362366471125171,False,279,8,8,0.9999999999972929
919,0.0,0.0,0.002709718366775477,0.13831926015279453,0.14597701149425288,0.7158990541908512,False,344,7,7,0.9999999999972929
920,0.0,0.0,0.00018432729079913984,0.06031363088057901,0.017241379310344827,2.873548134749471e-06,True,150,7,7,4.353860810226471e-05
921,0.0,0.0,0.009885662271238485,0.11097708082026538,0.16091954022988506,0.9998067512467874,False,276,10,10,0.9999999999972929
922,0.0,0.0,0.0,0.01648572577402493,0.013793103448275862,0.031436826988906236,True,41,5,5,0.1806714194764726
923,0.0002627372964482896,0.0004121586810922205,0.0052231051199705435,0.36670687575392036,0.3367816091954023,0.027332176751549496,False,912,34,34,0.16077751030323234
924,0.0,0.0,0.011365127905413986,0.14435062324085243,0.15747126436781608,0.22225253372510062,False,359,14,14,0.8784685127474332
925,0.0,0.0,0.004246970501393404,0.04342581423401689,0.07586206896551724,0.9953870150071413,False,108,11,11,0.9999999999972929
926,0.0,0.0,0.012554184496219783,0.10534780860474467,0.135632183908046,0.9699096220113738,False,262,8,8,0.9999999999972929
927,0.0,0.0,0.0038728597426169135,0.04905508644953759,0.07011494252873564,0.9962731519029059,False,122,6,6,0.9999999999972929
928,0.0,0.0,0.0,0.014877362283876157,0.0011494252873563218,0.0021752022126851544,True,37,5,5,0.016604597043398128
929,0.0,0.0,0.0,0.007639726578206675,0.0011494252873563218,0.0001169457990725737,True,19,2,2,0.0012181854070059761
930,0.0,0.0,0.008226878992037794,0.07599517490952955,0.09195402298850575,0.855805605120584,False,189,6,6,0.9999999999972929
931,0.0,0.0,0.0017616304236163598,0.033775633293124246,0.06206896551724138,0.9997757841010607,False,84,6,6,0.9999999999972929
932,0.0,0.0,0.002799502343178025,0.08685162846803378,0.07586206896551724,0.25471071075512197,False,216,8,8,0.972178285324893
933,0.0,0.0,0.005022766634879336,0.07438681141938078,0.0896551724137931,0.8498992385147568,False,185,10,10,0.9999999999972929
934,0.0,0.0,0.0,0.018094089264173704,0.0,1.4395316964957856e-08,True,45,3,3,3.691106914091758e-07
935,0.0,0.0,0.005718216354549695,0.08886208283071974,0.09655172413793103,0.9998999561423372,False,221,6,6,0.9999999999972929
936,0.0,0.0,0.0028904422074885663,0.18455971049457176,0.2057471264367816,0.7706722545312737,False,459,11,11,0.9999999999972929
937,0.0,0.0,8.799677917169628e-05,0.03417772416566144,0.0034482758620689655,0.00016384123304068445,True,85,12,12,0.0016221904261453906
938,0.0,0.0,0.0,0.005227181342983514,0.0,0.033465409346241946,True,13,6,6,0.19123091054995398
939,0.0,0.0,0.0,0.020908725371934056,0.0,0.000875676045309842,True,52,7,7,0.007119317441543431
940,0.0,0.0,0.004774786835349977,0.07519099316445517,0.10919540229885058,0.9725946676082177,False,187,7,7,0.9999999999972929
941,0.0,0.0,0.019489025494675474,0.10615199034981906,0.15057471264367817,0.9962722767141835,False,264,13,13,0.9999999999972929
942,0.0,0.0,0.007843506738767186,0.11379171692802574,0.13448275862068965,0.9963937462496594,False,283,6,6,0.9999999999972929
943,0.0,0.0,0.0,0.020506634499396863,0.0011494252873563218,0.08882416680436428,True,51,3,3,0.45318452451206265
944,0.0,0.0,0.0004214658643236139,0.03457981503819863,0.03218390804597701,0.8794943510901583,True,86,9,9,0.9999999999972929
945,0.0,0.0,0.002613894687996238,0.0735826296743064,0.09310344827586207,0.6471504125967232,False,183,10,10,0.9999999999972929
946,0.0,0.0,0.0030640070027568795,0.055890631282669884,0.067816091954023,0.5949733172566389,False,139,10,10,0.9999999999972929
947,0.0,0.0,0.0,0.010454362685967028,0.017241379310344827,0.7967547336664226,True,26,4,4,0.9999999999972929
948,0.0,0.0,0.0026043806566849684,0.058705267390430235,0.059770114942528735,0.8248424246873037,False,146,6,6,0.9999999999972929
949,0.0,0.0,0.00010456340367118572,0.017289907519099316,0.006896551724137931,0.25986762258814233,True,43,8,8,0.988089819726777
950,0.0,0.0,0.0030921656443431253,0.06795335745878568,0.07701149425287357,0.9737269597755315,False,169,6,6,0.9999999999972929
951,0.0,0.0,5.0876646578861895e-05,0.01407318053880177,0.005747126436781609,0.5340438896685987,True,35,6,6,0.9999999999972929
952,0.0,0.0,0.0014921002166289863,0.04463208685162847,0.05747126436781609,0.9469281345393246,False,111,8,8,0.9999999999972929
953,0.0,0.0,0.003807577161574712,0.1278648974668275,0.1482758620689655,0.6261104651001534,False,318,9,9,0.9999999999972929
954,0.0,0.0,0.0003508721944608086,0.0305589063128267,0.041379310344827586,0.9470107934717459,True,76,6,6,0.9999999999972929
955,0.0,0.0,0.0008892201791693365,0.04905508644953759,0.04942528735632184,0.09308402704315444,True,122,8,8,0.46466597943724447
956,0.0,0.0,0.0008012146876412759,0.033775633293124246,0.047126436781609195,0.9850128281713231,True,84,4,4,0.9999999999972929
957,0.0,0.0,0.00021930931353705385,0.03538399678327302,0.027586206896551724,0.22142916402967272,True,88,6,6,0.8784685127474332
958,0.0,0.0,0.02101736362729344,0.16686771210293527,0.2149425287356322,0.9935178619675124,False,415,13,13,0.9999999999972929
959,0.0,0.0,0.0005723954677192133,0.08363490148773622,0.027586206896551724,0.38989686156650394,True,208,9,9,0.9999999999972929
960,0.0,0.0,0.003289496389300206,0.1588258946521914,0.18275862068965518,0.8787245085982707,False,395,11,11,0.9999999999972929
961,0.0,0.0,0.00032873326467558863,0.027744270205066344,0.021839080459770115,0.5906142202544182,True,69,8,8,0.9999999999972929
962,0.0,0.0,0.0,0.006031363088057901,0.0,0.00011361178939674976,True,15,3,3,0.0011959135725973658
963,0.0,0.0,0.0,0.013671089666264576,0.0,1.966944109794373e-07,True,34,5,5,3.642489092211802e-06
964,0.0,0.0,7.03816634315633e-05,0.021712907117008445,0.01839080459770115,0.43221487962258226,True,54,9,9,0.9999999999972929
965,0.0,0.0,0.01136241304880937,0.08363490148773622,0.10344827586206896,0.9951057465925416,False,208,13,13,0.9999999999972929
966,0.0,0.0,0.0,0.018094089264173704,0.0034482758620689655,0.0006789141565222351,True,45,10,10,0.005657617971018627
967,0.0,0.0,0.0015455820677441293,0.10615199034981906,0.09770114942528736,0.16136533667569275,False,264,12,12,0.6837514265919185
968,0.0,0.0,0.000535783076752329,0.026537997587454766,0.04482758620689655,0.998264433015808,True,66,7,7,0.9999999999972929
969,0.0,0.0,0.00023066840480337524,0.047044632086851626,0.020689655172413793,0.21704149294519515,True,117,8,8,0.8647071432079488
970,0.0,0.0,0.012070381882770827,0.09328508242862887,0.12413793103448276,0.968181747346835,False,232,10,10,0.9999999999972929
971,0.0,0.0,0.022151929776317834,0.09891435464414958,0.12643678160919541,0.9898596555144337,False,246,8,8,0.9999999999972929
972,0.0,0.0,0.00561797539074975,0.06393244873341375,0.09655172413793103,0.9892219779286566,False,159,6,6,0.9999999999972929
973,0.0,0.0,0.0034294093310766995,0.1399276236429433,0.14367816091954022,0.760209324486752,False,348,12,12,0.9999999999972929
974,0.0,0.0,0.00023484783147687918,0.014877362283876157,0.020689655172413793,0.5437564339050674,True,37,8,8,0.9999999999972929
975,0.0,0.0,0.006160109821743164,0.13268998793727382,0.12643678160919541,0.16003600696656917,False,330,10,10,0.6837514265919185
976,0.0,0.0,0.0,0.021310816244471252,0.0,4.2349711768380086e-05,True,53,5,5,0.0004867782961882768
977,0.0,0.0,0.0005726153732861287,0.05066344993968637,0.04252873563218391,0.8758751361536392,True,126,10,10,0.9999999999972929
978,0.0,0.0,0.0004787000670354031,0.03176517893043828,0.047126436781609195,0.9861594967618365,True,79,4,4,0.9999999999972929
979,0.0,0.0,0.00224996382235342,0.08886208283071974,0.09655172413793103,0.8595381215218203,False,221,5,5,0.9999999999972929
980,0.0,0.0,6.184257292209001e-05,0.024527543224768796,0.011494252873563218,0.013109769928454636,True,61,6,6,0.08142714241276172
981,0.0,0.0,0.0005195090130618332,0.03216726980297547,0.047126436781609195,0.9966234533736078,True,80,6,6,0.9999999999972929
982,0.0,0.0,0.0013235577658325772,0.0305589063128267,0.059770114942528735,0.9975448729117407,False,76,8,8,0.9999999999972929
983,0.0,0.0,0.0033804091055707496,0.11057498994772819,0.11724137931034483,0.9017240690810018,False,275,16,16,0.9999999999972929
984,0.0,0.0,7.442467427142394e-05,0.045838359469240045,0.009195402298850575,0.004973081732808234,True,114,6,6,0.03293431611131281
985,0.0,0.0,0.010829569733772446,0.11097708082026538,0.13333333333333333,0.9444642619739552,False,276,9,9,0.9999999999972929
986,0.0,0.0,0.010933015700353585,0.14153598713309207,0.1528735632183908,0.9823698375505702,False,352,13,13,0.9999999999972929
987,0.0,0.0,0.0,0.024929634097305992,0.0034482758620689655,0.001210281078193845,True,62,6,6,0.009605405382490833
988,0.0,0.0,0.0,0.010454362685967028,0.0011494252873563218,0.0004183252187250483,True,26,4,4,0.0037019930860623745
989,0.0,0.0,0.0014454396991298646,0.09328508242862887,0.06091954022988506,0.12437830829197383,False,232,6,6,0.5785037594975527
990,0.0,0.0,0.000556258685735776,0.059911540008041816,0.034482758620689655,0.027914399830255503,True,149,12,12,0.1632421042705
991,0.0,0.0,0.0038439905298394295,0.04624045034177724,0.07701149425287357,0.9992191459693716,False,115,6,6,0.9999999999972929
992,0.0,0.0,0.0,0.01889827100924809,0.0011494252873563218,5.0587232188836383e-05,True,47,3,3,0.0005748549112367771
993,0.0,0.0,0.0020414990716452323,0.057498994772818654,0.0735632183908046,0.9996691602923982,False,143,7,7,0.9999999999972929
994,0.0,0.0,0.0,0.045838359469240045,0.0,1.23729993539965e-13,True,114,8,8,2.4745998707993e-11
995,0.0,0.0,0.0057587278786137685,0.110172899075191,0.14022988505747128,0.9999995861745099,False,274,7,7,0.9999999999972929
996,0.0,0.0,0.005031785387739429,0.1282669883393647,0.14022988505747128,0.9668335238478326,False,319,6,6,0.9999999999972929
997,0.0,0.0,0.0,0.018094089264173704,0.02528735632183908,0.8319651353234967,True,45,6,6,0.9999999999972929
998,0.0,0.0,0.00013572526153848892,0.029754724567752314,0.029885057471264367,0.5688515373567377,True,74,6,6,0.9999999999972929
999,0.0,0.0,0.0,0.015681544028950542,0.0,1.5418470023693317e-12,True,39,6,6,1.5418470023693317e-10
