cluster_id,control_median,treated_median,control_q95,treated_presence_frac,control_presence_frac,p_value,control_absent,n_treated_slides,n_compounds,n_experiments,q_value
0,0.0,0.0,0.0011259986240698973,0.04141535987133092,0.052873563218390804,0.997326654757657,False,103,5,5,1.0
1,0.0,0.0,0.0022234220003220077,0.059911540008041816,0.07471264367816093,0.9729097937078527,False,149,6,6,1.0
2,0.0,0.0,0.00033268322593189983,0.025331724969843185,0.021839080459770115,0.9674398736494842,True,63,8,8,1.0
3,0.0,0.0,0.013420858347427948,0.07559308403699236,0.11724137931034483,0.9998675762421907,False,188,11,11,1.0
4,0.0,0.0,0.0001135124258459859,0.02251708886208283,0.01839080459770115,0.11931106787592399,True,56,9,9,0.5131658833373075
5,0.0,0.0,5.50422293931813e-05,0.031363088057901084,0.004597701149425287,0.07334081586131183,True,78,6,6,0.34577322789106923
6,0.0,0.0,0.0017485749298474758,0.06513872135102533,0.06436781609195402,0.7009684714103751,False,162,8,8,1.0
7,0.0,0.0,0.0003770123110434888,0.0305589063128267,0.03333333333333333,0.9122104494806812,True,76,10,10,1.0
8,0.0,0.0,0.006123523177488993,0.17048652995577002,0.18735632183908046,0.8512173126683678,False,424,11,11,1.0
9,0.0,0.0,0.0034792148509442903,0.16686771210293527,0.14597701149425288,0.28685236573827566,False,415,13,13,1.0
10,0.0,4.22761477974127e-05,0.0012821412995666266,0.09449135504624046,0.08275862068965517,0.2172983550392008,False,235,18,18,0.8438771069483527
11,0.0,0.0,0.0,0.002010454362685967,0.0011494252873563218,0.8543122197708839,True,5,1,1,1.0
12,0.0,0.0,0.0,0.022114997989545637,0.005747126436781609,1.4401407426447199e-05,True,55,6,6,0.00016553341869479538
13,0.0,0.0,0.0,0.010856453558504222,0.0011494252873563218,4.3983535398140714e-05,True,27,4,4,0.00044322539409230295
14,0.0,0.0,0.005569843962477694,0.11338962605548854,0.10804597701149425,0.8323973581049513,False,282,17,17,1.0
15,0.0,0.0,0.004010696570402594,0.054282267792521106,0.0896551724137931,0.9771513074945509,False,135,8,8,1.0
16,0.0,0.0,0.0025263413751348347,0.051467631684760755,0.06321839080459771,0.9578399526413804,False,128,6,6,1.0
17,0.0,0.0,0.0064665316087295505,0.18697225572979492,0.1839080459770115,0.09586444592467191,False,465,9,9,0.43085144235807604
18,0.0,0.0,0.0019910886680295885,0.10253317249698432,0.08735632183908046,0.8742598258616179,False,255,12,12,1.0
19,0.00012946755462457218,0.00011524056467876692,0.0017453143475195346,0.12585444310414154,0.12528735632183907,0.7620119212275108,False,313,21,21,1.0
20,0.0,0.0,0.0001708858509479271,0.03900281463610776,0.02528735632183908,0.5346276138286039,True,97,5,5,1.0
21,0.0,0.0,0.006150522678375787,0.09690390028146362,0.135632183908046,0.9994233312337916,False,241,13,13,1.0
22,0.0,0.0,0.02084262762213464,0.14314435062324085,0.17126436781609194,0.995051974275917,False,356,12,12,1.0
23,0.0,0.0,0.001357067867449441,0.06312826698833937,0.06551724137931035,0.9333536347372315,False,157,7,7,1.0
24,0.0,0.0,0.00029738030319108343,0.0611178126256534,0.01954022988505747,0.07822190687651062,True,152,8,8,0.363063225685987
25,0.0,0.0,0.00023404508764954254,0.021310816244471252,0.006896551724137931,0.4071250547826051,True,53,8,8,1.0
26,0.0,0.0,0.001864768838065591,0.0486529955770004,0.054022988505747126,0.3220865555310872,False,121,8,8,1.0
27,0.0,0.0,0.0007738587755575651,0.02613590671491757,0.047126436781609195,0.9999820743487128,True,65,4,4,1.0
28,0.0,0.0,0.0033925854783171464,0.09006835544833132,0.11494252873563218,0.6994610800759322,False,224,8,8,1.0
29,0.0,0.0,0.005293033990738651,0.08886208283071974,0.12873563218390804,0.9465523852685042,False,221,8,8,1.0
30,0.0,0.0,0.0,0.008041817450743867,0.017241379310344827,0.9691472694868778,True,20,3,3,1.0
31,0.0,0.0,0.008922377480150723,0.10092480900683555,0.135632183908046,0.9990667287911232,False,251,9,9,1.0
32,0.0,0.0,0.0,0.01648572577402493,0.0011494252873563218,4.0939969823409286e-08,True,41,3,3,1.0917325286242477e-06
33,0.0,0.0,0.002262142639969838,0.0486529955770004,0.0735632183908046,0.9441754643478698,False,121,7,7,1.0
34,0.0,0.0,0.014696090222876402,0.1519903498190591,0.16206896551724137,0.8513075317324472,False,378,12,12,1.0
35,0.0,0.0,0.0014580104599800799,0.07961399276236429,0.0896551724137931,0.4903018358510064,False,198,10,10,1.0
36,0.0,0.0,0.010651219878565227,0.0848411741053478,0.08620689655172414,0.7591265582449969,False,211,7,7,1.0
37,0.0,0.0,0.0009605052522706974,0.04181745074386811,0.05057471264367816,0.9991144233665935,True,104,6,6,1.0
38,0.0,0.0,0.000575165596168037,0.042621632488942504,0.04367816091954023,0.9204828840258211,True,106,8,8,1.0
39,0.0,0.0,0.000157031856530567,0.01889827100924809,0.0011494252873563218,0.007633070248593957,True,47,10,10,0.04654311127191437
40,0.0,0.0,0.009017772312296947,0.08725371934057097,0.10689655172413794,0.9242108522587297,False,217,7,7,1.0
41,0.0,0.0,0.0,0.010856453558504222,0.0,3.353112487329646e-06,True,27,2,2,4.689667814447058e-05
42,0.0,0.0,0.005051735541961997,0.013268998793727383,0.059770114942528735,0.9999992693199901,False,33,8,8,1.0
43,0.0,0.0,0.004901668598378887,0.13751507840772015,0.13793103448275862,0.45455425138392697,False,342,9,9,1.0
44,0.0,0.0,0.0013928812300557662,0.03900281463610776,0.05632183908045977,0.9996908269082846,False,97,9,9,1.0
45,0.0,0.0,0.0,0.02332127060715722,0.0022988505747126436,0.0004934139320604191,True,58,7,7,0.0039631641129350935
46,0.0,0.0,0.002709580046859535,0.061519903498190594,0.07471264367816093,0.9537656562962403,False,153,12,12,1.0
47,0.0,0.0,0.00020687380242788428,0.02010454362685967,0.02413793103448276,0.983374599903923,True,50,5,5,1.0
48,0.0,0.0,0.00033384577676223324,0.0607157217531162,0.021839080459770115,0.12265231529298726,True,151,5,5,0.5264047866651813
49,0.0,0.0,0.0007992936399330546,0.029754724567752314,0.029885057471264367,0.10382414958410169,True,74,12,12,0.4573751083000074
50,0.0,0.0,0.011420578480349037,0.06956172094893445,0.09425287356321839,0.9921363958226761,False,173,8,8,1.0
51,0.0,0.0,0.003371648183199227,0.12907117008443908,0.13448275862068965,0.9965940064443781,False,321,6,6,1.0
52,0.0,0.0,0.0,0.02613590671491757,0.0034482758620689655,7.329206603629515e-06,True,65,5,5,9.219127803307567e-05
53,0.0,0.0,0.001914800062724474,0.07197426618415761,0.07471264367816093,0.9471928779577732,False,179,12,12,1.0
54,0.0,0.0,0.0011019671808963176,0.03618817852834741,0.054022988505747126,0.9833394488044994,False,90,6,6,1.0
55,0.0,0.0,0.00726497057252042,0.06312826698833937,0.10804597701149425,0.9978305025192734,False,157,13,13,1.0
56,0.0,0.0,0.00033555951300438006,0.036992360273421794,0.028735632183908046,0.9123021793176331,True,92,12,12,1.0
57,0.0,0.0,0.0045476881175883195,0.03578608765581021,0.07241379310344828,0.9999102852600718,False,89,4,4,1.0
58,0.0,0.0,0.00781775877505394,0.07438681141938078,0.10804597701149425,0.9385148674117908,False,185,8,8,1.0
59,0.0,0.0,4.592516570213271e-05,0.006031363088057901,0.01264367816091954,0.9913248211264833,True,15,5,5,1.0
60,0.0,0.0,0.003203349760768003,0.04503417772416566,0.07816091954022988,0.9448051009401677,False,112,6,6,1.0
61,0.0,0.0,0.003913457794041183,0.12746280659429032,0.15747126436781608,0.9232794340326266,False,317,11,11,1.0
62,0.0,0.0,0.004355117773913265,0.14314435062324085,0.14022988505747128,0.9786005668714588,False,356,6,6,1.0
63,0.0,0.0,0.0020885599117507945,0.024527543224768796,0.06091954022988506,0.9999170679286469,False,61,9,9,1.0
64,0.0,0.0,0.004061224445607063,0.0671491757137113,0.06436781609195402,0.5129929971655114,False,167,11,11,1.0
65,0.0,0.0,0.0,0.01407318053880177,0.0,1.0284392034415252e-06,True,35,3,3,1.632443180065913e-05
66,0.0,0.0,0.00024421320198149453,0.016083634901487735,0.02528735632183908,0.9999739947137287,True,40,2,2,1.0
67,0.0,0.0,0.0,0.02814636107760354,0.0011494252873563218,0.0005735991876416257,True,70,4,4,0.004570511455311759
68,0.0,0.0,0.009345744932592303,0.11379171692802574,0.15632183908045977,0.9983555438645674,False,283,7,7,1.0
69,0.0,0.0,0.00117408173510189,0.04463208685162847,0.054022988505747126,0.9298925372945201,False,111,8,8,1.0
70,0.0,0.0,0.00032384483229105037,0.03538399678327302,0.022988505747126436,0.45095154562978335,True,88,8,8,1.0
71,0.0,0.0,0.00018735431819461343,0.031363088057901084,0.04597701149425287,0.9630667962896592,True,78,4,4,1.0
72,0.00017737697052651923,0.0002813467129325706,0.0040571747174470455,0.31403297145154807,0.296551724137931,0.01924684865010247,False,781,29,29,0.10633618038730645
73,0.0,0.0,6.365112780691978e-05,0.011258544431041415,0.009195402298850575,0.34425405929651953,True,28,4,4,1.0
74,0.0,0.0,0.0,0.014475271411338963,0.0011494252873563218,0.0031881071104082866,True,36,5,5,0.02154126425951545
75,0.0,0.0,0.0030712540750089286,0.07157217531162043,0.07931034482758621,0.9866550477387279,False,178,6,6,1.0
76,0.0,0.0,0.0016099878555503246,0.06915963007639726,0.06896551724137931,0.3727203245858737,False,172,13,13,1.0
77,0.0,0.0,0.006360740438295325,0.06755126658624849,0.08735632183908046,0.9760421245032972,False,168,5,5,1.0
78,0.0,0.0,0.0004761546449266178,0.04664254121431444,0.029885057471264367,0.1837080423695669,True,116,9,9,0.7361978077305915
79,0.0,0.0,0.0017193776134826718,0.05950944913550463,0.05862068965517241,0.754529506899718,False,148,8,8,1.0
80,0.0,0.0,0.0041569730226253005,0.24527543224768797,0.24022988505747125,0.5992838211724678,False,610,14,14,1.0
81,0.0,0.0,0.0,0.010052271813429835,0.0,5.464665757920513e-07,True,25,2,2,9.587132908632479e-06
82,0.0,0.0,0.008416290616613227,0.06956172094893445,0.08735632183908046,0.8289161572407313,False,173,7,7,1.0
83,0.0,0.0,0.004779459548487121,0.08845999195818255,0.09885057471264368,0.8888114023192937,False,220,14,14,1.0
84,0.0,0.0,0.003522748982995498,0.10776035383996783,0.1103448275862069,0.6968512762384289,False,268,8,8,1.0
85,0.0,0.0,0.0,0.020506634499396863,0.0,0.0036631144706425764,True,51,7,7,0.024584660876795814
86,0.0,0.0,0.0017742193225136508,0.042621632488942504,0.054022988505747126,0.9873741976586367,False,106,6,6,1.0
87,0.0,0.0,0.0005310753752728455,0.030156815440289506,0.03908045977011494,0.573909991981335,True,75,6,6,1.0
88,0.0,0.0,0.009859632545131686,0.052673904302372336,0.09770114942528736,0.9999424885285976,False,131,6,6,1.0
89,0.0,0.0,0.004197560906630643,0.12424607961399277,0.13218390804597702,0.3805518600374177,False,309,8,8,1.0
90,0.0,0.0,0.0011496463710034953,0.06312826698833937,0.06551724137931035,0.7572671033081122,False,157,12,12,1.0
91,0.0,0.0,0.007225870404686134,0.06433453960595094,0.0896551724137931,0.9846632602600556,False,160,8,8,1.0
92,0.0,0.0,0.008902133576871312,0.11057498994772819,0.10459770114942529,0.6296171013641072,False,275,12,12,1.0
93,0.0,0.0,0.004731623487230095,0.08082026537997587,0.11954022988505747,0.9999598952542292,False,201,7,7,1.0
94,0.0,0.0,0.005712844194664756,0.06192199437072778,0.09310344827586207,0.9932253658122675,False,154,7,7,1.0
95,0.0,0.0,0.0005489946757781157,0.05307599517490953,0.03333333333333333,0.0029574934984235904,True,132,6,6,0.02018766893121905
96,0.0,0.0,0.0,0.022114997989545637,0.014942528735632184,0.258394403088421,True,55,13,13,0.958713534984154
97,0.0,0.0,0.001721976181565307,0.047044632086851626,0.06896551724137931,0.8963768896497115,False,117,9,9,1.0
98,0.0,0.0,0.0024767080185036823,0.07720144752714113,0.09885057471264368,0.990411760397309,False,192,7,7,1.0
99,0.0,0.0,0.0013872948836570074,0.0056292722155207075,0.05172413793103448,0.9999999999954262,False,14,4,4,1.0
100,0.0,0.0,0.005184369210613523,0.08443908323281062,0.10804597701149425,0.8278473895197209,False,210,8,8,1.0
101,0.0,0.0,0.0025341267093848857,0.05186972255729795,0.06321839080459771,0.7981053539037402,False,129,10,10,1.0
102,0.0,0.0,0.0,0.0036188178528347406,0.0,0.00013155314648545267,True,9,2,2,0.001164187137039404
103,0.0,0.0,0.0,0.012464817048652996,0.017241379310344827,0.2125168534455149,True,31,5,5,0.8317685066360662
104,0.0,0.0,0.0,0.009248090068355449,0.0,4.82693488860611e-05,True,23,3,3,0.00048269348886061103
105,0.0,0.0,0.006706055954892271,0.11218335343787696,0.13448275862068965,0.8368828726150995,False,279,8,8,1.0
106,0.0,0.0,0.0021824958297871943,0.07519099316445517,0.07241379310344828,0.30301242144159324,False,187,7,7,1.0
107,0.0,0.0,0.0,0.027744270205066344,0.005747126436781609,0.00022581725544691957,True,69,4,4,0.001866258309478674
108,0.0,0.0,0.0013190455057394848,0.09690390028146362,0.06551724137931035,0.34953310921179137,False,241,6,6,1.0
109,0.0,0.0,0.00013914490833115623,0.02694008845999196,0.008045977011494253,0.07202661436084475,True,67,7,7,0.3413583618997381
110,0.0,0.0,0.0010280006429079498,0.03538399678327302,0.05057471264367816,0.6964710062289212,False,88,7,7,1.0
111,0.0,0.0,0.0041646811977623845,0.0731805388017692,0.0735632183908046,0.6732778491368887,False,182,5,5,1.0
112,0.0,0.0,5.0240101283614023e-05,0.005227181342983514,0.010344827586206896,0.9960909851465987,True,13,5,5,1.0
113,0.0,0.0,0.004215555511879259,0.03096099718536389,0.07126436781609195,0.9999996544954239,False,77,6,6,1.0
114,0.0,0.0,0.0,0.016083634901487735,0.0,1.5458179020542385e-05,True,40,6,6,0.0001756611252334362
115,0.0,0.0,0.003952216643742794,0.072778447929232,0.10229885057471265,0.9896015185530599,False,181,8,8,1.0
116,0.0,0.0,0.0,0.033775633293124246,0.004597701149425287,2.9109431975690124e-05,True,84,6,6,0.00031092960085980694
117,0.0,0.0,0.006173851910646409,0.06312826698833937,0.09540229885057472,0.9997527342901753,False,157,9,9,1.0
118,0.0,0.0,0.0036194237740416186,0.06835544833132289,0.08620689655172414,0.8558306246059322,False,170,8,8,1.0
119,0.0,0.0,0.002992554379823645,0.07760353839967833,0.07241379310344828,0.5849056410732061,False,193,13,13,1.0
120,0.0,0.0,0.005753908813047815,0.14274225975070365,0.15057471264367817,0.7617559052403651,False,355,13,13,1.0
121,0.0,0.0,0.0,0.018094089264173704,0.0,1.2033415026657967e-05,True,45,5,5,0.00014156958854891726
122,0.0,0.0,0.004900694186609256,0.11298753518295135,0.11724137931034483,0.4745737372606804,False,281,9,9,1.0
123,0.0,0.0,0.0027109957755912578,0.06393244873341375,0.08045977011494253,0.9928844703715033,False,159,8,8,1.0
124,0.0,0.0,0.0005060275640540363,0.020908725371934056,0.03908045977011494,0.9999789647381007,True,52,7,7,1.0
125,0.0,0.0,0.0,0.024929634097305992,0.0,3.291956138053853e-05,True,62,3,3,0.00034113535109366353
126,0.0,0.0,0.0,0.008041817450743867,0.006896551724137931,0.14869576891283892,True,20,3,3,0.6094088889870447
127,0.0,0.0,0.0,0.021712907117008445,0.0,7.509992637952098e-10,True,54,5,5,4.35989955644732e-08
128,0.0,0.0,0.0011645239980668867,0.051467631684760755,0.05517241379310345,0.375008329662987,False,128,6,6,1.0
129,0.0,0.0,0.0005089863925076455,0.039806996381182146,0.034482758620689655,0.11843316713013474,True,99,7,7,0.510487789354029
130,0.0,0.0,0.0007056247538258887,0.02734217933252915,0.04367816091954023,0.9983113584430923,True,68,7,7,1.0
131,0.0,0.0,0.005518934645808718,0.06393244873341375,0.08505747126436781,0.999128363631547,False,159,14,14,1.0
132,0.0,0.0,0.0019846645721053285,0.07961399276236429,0.10344827586206896,0.9875283259640456,False,198,7,7,1.0
133,0.0,0.0,0.0064649519564458505,0.08524326497788501,0.10229885057471265,0.9408888941055702,False,212,11,11,1.0
134,0.0,0.0,0.0001262451029421663,0.026537997587454766,0.03908045977011494,0.9841990863100301,True,66,4,4,1.0
135,0.0,0.0,0.0012041129266041012,0.044229995979091274,0.05517241379310345,0.9408927477668568,False,110,10,10,1.0
136,0.0,0.0,0.00865664518514081,0.0365902694008846,0.08160919540229886,0.9999768740066167,False,91,5,5,1.0
137,0.0,0.0,0.008481997758771828,0.18777643747486933,0.23218390804597702,0.990870708180837,False,467,12,12,1.0
138,0.0,0.0,0.0,0.005227181342983514,0.010344827586206896,0.8890801437942262,True,13,3,3,1.0
139,0.0,0.0,0.0039726029743135,0.08323281061519903,0.09655172413793103,0.7663225370284987,False,207,10,10,1.0
140,0.0,0.0,5.5816860147012815e-05,0.004422999597909127,0.005747126436781609,0.3347887851773247,True,11,6,6,1.0
141,0.0,0.0,0.0,0.010856453558504222,0.0,5.756363119031234e-06,True,27,4,4,7.42756531487901e-05
142,0.0,0.0,0.0012354353794501985,0.049859268194611985,0.059770114942528735,0.9302328643130748,False,124,9,9,1.0
143,0.0,0.0,0.013737037469439328,0.11097708082026538,0.12643678160919541,0.9750610414505887,False,276,11,11,1.0
144,0.0,0.0,0.01016181487929297,0.10856453558504221,0.13333333333333333,0.8939835019319086,False,270,8,8,1.0
145,0.0,0.0,0.00383363021086007,0.047044632086851626,0.09310344827586207,0.9999472674508625,False,117,8,8,1.0
146,0.0,0.0,0.003956376155783014,0.10695617209489344,0.12643678160919541,0.9668794366963365,False,266,8,8,1.0
147,0.0,0.0,0.0,0.01648572577402493,0.0,4.051157320205755e-06,True,41,1,1,5.4745369191969665e-05
148,0.0,0.0,0.0001028979708502524,0.027744270205066344,0.03793103448275862,0.9198975949179664,True,69,4,4,1.0
149,0.0,0.0,0.00834655279832066,0.08041817450743868,0.10229885057471265,0.9858987663987292,False,200,6,6,1.0
150,0.0,0.0,0.003493536912856446,0.07599517490952955,0.09195402298850575,0.977001082592616,False,189,8,8,1.0
151,0.0,0.0,0.0021459571294428384,0.15641334941696824,0.15172413793103448,0.4465030069698216,False,389,9,9,1.0
152,0.0,0.0,0.00019356135970444985,0.026537997587454766,0.03793103448275862,0.650836752048459,True,66,7,7,1.0
153,0.0,0.0,0.015049494596732965,0.07036590269400884,0.09655172413793103,0.9991159996215875,False,175,12,12,1.0
154,0.0,0.0,0.00020276892403255445,0.029754724567752314,0.02413793103448276,0.43965831721454496,True,74,8,8,1.0
155,0.0,0.0,0.007088585405519356,0.07478890229191798,0.10804597701149425,0.9992095129876984,False,186,6,6,1.0
156,0.0,0.0,0.0007124705061445768,0.0792119018898271,0.0367816091954023,0.33679478697819454,True,197,7,7,1.0
157,0.0,0.0,0.0023855014573375814,0.05066344993968637,0.06436781609195402,0.9953407051469358,False,126,5,5,1.0
158,0.0,0.0,0.001068767573734041,0.057096903900281465,0.052873563218390804,0.35205682752003364,False,142,6,6,1.0
159,0.0,0.0,0.0031275058440742467,0.13067953357458786,0.13908045977011493,0.9779936263401116,False,325,6,6,1.0
160,0.0,0.0,0.0023225670304113503,0.058705267390430235,0.05747126436781609,0.9191311113380309,False,146,6,6,1.0
161,0.0,0.0,0.0,0.02613590671491757,0.0,2.68577385101274e-07,True,65,6,6,5.2662232372798825e-06
162,0.0,0.0,0.006159169659086647,0.15641334941696824,0.16206896551724137,0.4051413690214661,False,389,8,8,1.0
163,0.0,0.0,0.0010976444782701588,0.04101326899879373,0.05632183908045977,0.9852564643639365,False,102,6,6,1.0
164,0.0,0.0,0.001563078537996401,0.011258544431041415,0.05632183908045977,0.9648371480301388,False,28,7,7,1.0
165,0.0,0.0,0.0,0.013671089666264576,0.0,2.145142830963185e-11,True,34,4,4,3.9002596926603365e-09
166,0.0,0.0,0.0010155504126141426,0.047044632086851626,0.05057471264367816,0.9991519999486239,False,117,6,6,1.0
167,0.0,0.0,0.0030074826723941,0.058705267390430235,0.07816091954022988,0.8990594083192509,False,146,9,9,1.0
168,0.0,0.0,0.0199477508659707,0.1527945315641335,0.18275862068965518,0.9920423786642416,False,380,12,12,1.0
169,0.0,0.0,0.001094964720768473,0.03297145154804986,0.05632183908045977,0.9999440336997301,False,82,12,12,1.0
170,0.0,0.0,0.0019920614090731138,0.045838359469240045,0.07586206896551724,0.984663255696122,False,114,6,6,1.0
171,0.0,0.0,0.0034044071584248066,0.08725371934057097,0.1103448275862069,0.44945998392222786,False,217,8,8,1.0
172,0.0,0.0,0.00240265287852319,0.052673904302372336,0.06321839080459771,0.990919214969581,False,131,5,5,1.0
173,0.0,0.0,6.0180404613470505e-05,0.009248090068355449,0.01264367816091954,0.9982388917484952,True,23,5,5,1.0
174,0.0,0.0,0.0016806980685963714,0.04945717732207479,0.0735632183908046,0.8451975430960987,False,123,8,8,1.0
175,0.0,0.0,0.007408321984962991,0.06755126658624849,0.0896551724137931,0.9298433283487478,False,168,8,8,1.0
176,0.0,0.0,0.0019577673176991725,0.14354644149577805,0.12183908045977011,0.1266961894923072,False,357,10,10,0.537988065784744
177,0.0,0.0,0.00014469834818707833,0.030156815440289506,0.03218390804597701,0.2679385690261732,True,75,5,5,0.978899233053492
178,0.0,0.0,0.0,0.014877362283876157,0.0011494252873563218,0.00021917679392074467,True,37,3,3,0.0018377746973722044
179,0.0,0.0,6.981374635921796e-05,0.03297145154804986,0.013793103448275862,0.05495315200130448,True,82,9,9,0.26937819608482594
180,0.0,0.0,0.0006763249625203494,0.03216726980297547,0.040229885057471264,0.9955231876529093,True,80,6,6,1.0
181,0.0,0.0,0.0,0.020506634499396863,0.0022988505747126436,0.005227448552347323,True,51,6,6,0.03350928559197002
182,0.0,0.0,0.00041664030594283966,0.01407318053880177,0.03793103448275862,0.9999738194293105,True,35,7,7,1.0
183,0.0,0.0,0.001508917889594471,0.04020908725371934,0.052873563218390804,0.9177172628437056,False,100,6,6,1.0
184,0.0,0.0,0.0011123654121576326,0.03096099718536389,0.059770114942528735,0.9999977628258147,False,77,6,6,1.0
185,0.0,0.0,0.002175407038420736,0.08403699236027343,0.08850574712643679,0.894670676317067,False,209,4,4,1.0
186,0.0,0.0,0.007666073803285905,0.110172899075191,0.135632183908046,0.9688116753498132,False,274,8,8,1.0
187,0.0,0.0,0.0,0.021310816244471252,0.0,1.2237620783037736e-10,True,53,3,3,1.3915854392945035e-08
188,0.0,0.0,0.0016146585160557011,0.044229995979091274,0.059770114942528735,0.9858802353469781,False,110,6,6,1.0
189,0.0,0.0,0.005027526240115348,0.15520707679935666,0.15517241379310345,0.12445894410781655,False,386,11,11,0.5318758295205835
190,0.0,0.0,0.0002719761303309797,0.006835544833132288,0.026436781609195402,0.9997876266902409,True,17,4,4,1.0
191,0.0,0.0,0.0,0.010856453558504222,0.0,2.871207714586358e-07,True,27,4,4,5.575160610847297e-06
192,0.0,0.0,0.0036185845059471156,0.05347808604744672,0.07241379310344828,0.9837830936194685,False,133,6,6,1.0
193,0.0,0.0,0.0,0.015681544028950542,0.0011494252873563218,6.671713861547222e-07,True,39,6,6,1.1404639079567901e-05
194,0.0,0.0,0.002143558344618861,0.05307599517490953,0.05862068965517241,0.15549840034262763,False,132,13,13,0.6333947060799496
195,0.0,0.0,5.9272287420520446e-05,0.03216726980297547,0.0011494252873563218,0.019764771197112646,True,80,6,6,0.10889681100337545
196,0.0,0.0,0.0002437792268056931,0.03457981503819863,0.041379310344827586,0.9666550840401494,True,86,4,4,1.0
197,0.0,0.0,0.00043770012612273873,0.01648572577402493,0.029885057471264367,0.9833222053574763,True,41,8,8,1.0
198,0.0,0.0,0.0,0.014877362283876157,0.005747126436781609,0.020717738699873214,True,37,5,5,0.1138337291201825
199,0.0,0.0,0.0003180395556075083,0.01648572577402493,0.03218390804597701,0.9999542177432316,True,41,4,4,1.0
200,0.0,0.0,0.005218724466114992,0.20868516284680338,0.21149425287356322,0.35567496188082437,False,519,13,13,1.0
201,0.0,0.0,6.944602914259044e-05,0.05347808604744672,0.010344827586206896,0.037826784081604045,True,133,6,6,0.1934873866066703
202,0.0,0.0,0.0,0.01166063530357861,0.0,1.252426895365053e-10,True,29,5,5,1.3915854392945035e-08
203,0.0,0.0,0.001779044040205245,0.05629272215520708,0.067816091954023,0.8374606460761511,False,140,8,8,1.0
204,0.0,0.0,6.945126163410147e-05,0.025331724969843185,0.014942528735632184,0.04433082820785596,True,63,5,5,0.22165414103927977
205,0.0,0.0,0.0011513582999145636,0.06232408524326498,0.06551724137931035,0.9807161846682977,False,155,8,8,1.0
206,0.0,0.0,0.007424820444658615,0.27181342983514273,0.2850574712643678,0.7487348530773869,False,676,13,13,1.0
207,0.0,0.0,0.004043137015590772,0.06031363088057901,0.07241379310344828,0.39891143804421614,False,150,8,8,1.0
208,0.0,0.0,0.002223485447451425,0.08644953759549658,0.09080459770114943,0.4943993380924448,False,215,13,13,1.0
209,0.0,0.0,0.0,0.015681544028950542,0.0,4.442686906262889e-09,True,39,3,3,1.8511195442762036e-07
210,0.0,0.0,0.011802043890359461,0.07157217531162043,0.10459770114942529,0.9877215863016162,False,178,12,12,1.0
211,0.0,0.0,0.00013513795218705508,0.029352633695215118,0.021839080459770115,0.32052521809669915,True,73,8,8,1.0
212,0.0,0.0,0.0,0.016083634901487735,0.0,0.00025402116500374314,True,40,3,3,0.002065212723607668
213,0.0,0.0,0.0028118689334205174,0.03297145154804986,0.06206896551724138,0.9941105778912733,False,82,6,6,1.0
214,0.0,0.0,0.0,0.01889827100924809,0.0,0.004987275627500617,True,47,4,4,0.03217597179032656
215,0.0,0.0,0.0,0.02251708886208283,0.0,7.5099254033487826e-06,True,56,3,3,9.387406754185978e-05
216,0.0,0.0,0.0003963726110662914,0.027744270205066344,0.03333333333333333,0.9998319621111175,True,69,4,4,1.0
217,0.0,0.0,0.00026775449391871223,0.021310816244471252,0.03103448275862069,0.9995413332137917,True,53,7,7,1.0
218,0.0,0.0,0.006833479124922801,0.051065540812223566,0.0735632183908046,0.9892829872378489,False,127,6,6,1.0
219,0.0,0.0,0.010680078145528162,0.1338962605548854,0.16436781609195403,0.9775973125802611,False,333,8,8,1.0
220,0.0,0.0,0.00011464439470164404,0.03618817852834741,0.010344827586206896,0.6369926586446502,True,90,7,7,1.0
221,0.0,0.0,0.019650105818270105,0.09489344591877764,0.1413793103448276,0.9960280003538843,False,236,12,12,1.0
222,0.0,0.0,0.0003163914982914112,0.031363088057901084,0.03793103448275862,0.7090329775837407,True,78,10,10,1.0
223,0.0,0.0,0.0,0.05307599517490953,0.005747126436781609,2.025783139925453e-08,True,132,6,6,5.793664824962853e-07
224,0.0,0.0,0.0012734983738838547,0.11700844390832328,0.11149425287356322,0.06432260777075874,False,291,17,17,0.3077636735443002
225,0.0,0.0,0.0005791275487213294,0.08202653799758745,0.02528735632183908,0.03939590338336967,True,204,6,6,0.19997920499172422
226,0.0,0.0,0.0004535758689536507,0.018496180136710897,0.02413793103448276,0.9996408714739602,True,46,7,7,1.0
227,0.0,0.0,0.000161127021028583,0.04141535987133092,0.016091954022988506,0.0016583044671948915,True,103,6,6,0.01214875067542045
228,0.0,0.0,0.001556880043164132,0.06513872135102533,0.06896551724137931,0.5339397789998617,False,162,12,12,1.0
229,0.0,0.0,0.0,0.019702452754322478,0.004597701149425287,0.2180257754018749,True,49,4,4,0.8450611449685073
230,0.0,0.0,8.030564618200005e-05,0.013671089666264576,0.0,0.14073759218964638,True,34,6,6,0.5851874935120431
231,0.0,0.0,0.0,0.03216726980297547,0.040229885057471264,0.8828175292513154,True,80,4,4,1.0
232,0.0,0.0,0.007133156449095235,0.14354644149577805,0.15632183908045977,0.7444376939240397,False,357,8,8,1.0
233,0.0,0.0,0.008431126009045078,0.08283071974266185,0.11954022988505747,0.9961905936112296,False,206,9,9,1.0
234,0.0,0.0,0.0011101160794952504,0.057096903900281465,0.05057471264367816,0.3941902515265881,False,142,5,5,1.0
235,0.0,0.0,0.0038508158399256517,0.07438681141938078,0.09310344827586207,0.9697755888314185,False,185,8,8,1.0
236,0.0,0.0,0.0031153818766959432,0.08283071974266185,0.0839080459770115,0.45971740990511056,False,206,6,6,1.0
237,0.0,0.0,0.00020561781124516003,0.019300361881785282,0.03103448275862069,0.9707852815932109,True,48,9,9,1.0
238,0.0,0.0,0.00013859800460075885,0.028950542822677925,0.009195402298850575,0.09915463392257384,True,72,7,7,0.44166683911311905
239,0.0,0.0,0.015331253568371983,0.11298753518295135,0.14942528735632185,0.9920651030196275,False,281,12,12,1.0
240,0.0,0.0,0.0,0.024929634097305992,0.0,3.276868068022115e-10,True,62,5,5,2.4463393336125337e-08
241,0.0,0.0,0.012178930925838369,0.0792119018898271,0.08735632183908046,0.6816812785358265,False,197,11,11,1.0
242,0.0,0.0,0.00012619141636370038,0.011258544431041415,0.029885057471264367,0.9982370152537563,True,28,5,5,1.0
243,0.0,0.0,0.0,0.012062726176115802,0.0,7.12014276946845e-05,True,30,3,3,0.0006781088351874714
244,0.0,0.0,0.006889047388581116,0.03096099718536389,0.08735632183908046,0.9999990203543245,False,77,6,6,1.0
245,0.0,0.0,5.7189766117931265e-05,0.02694008845999196,0.011494252873563218,0.018134026353067784,True,67,4,4,0.10095449206112843
246,0.0,0.0,7.612562301437206e-05,0.042621632488942504,0.0,1.4023952223711134e-08,True,106,11,11,4.3824850699097294e-07
247,0.0,0.0,0.007757638261359981,0.07559308403699236,0.10574712643678161,0.9974591414120164,False,188,11,11,1.0
248,0.0,0.0,0.0,0.007237635705669481,0.008045977011494253,0.2700336558844637,True,18,4,4,0.9819405668525952
249,0.0,0.0,5.981949933971244e-05,0.020506634499396863,0.01954022988505747,0.8235622594374405,True,51,7,7,1.0
250,0.0,0.0,0.002869932062741408,0.06513872135102533,0.07011494252873564,0.325685026783639,False,162,10,10,1.0
251,0.0,0.0,0.006162964970529538,0.12665862484921592,0.14367816091954022,0.9957387396953253,False,315,6,6,1.0
252,0.0,0.0,0.0020140904961223347,0.02814636107760354,0.07126436781609195,0.9997490376369172,False,70,5,5,1.0
253,0.0,0.0,0.00016747004720182372,0.016083634901487735,0.03333333333333333,0.9999873833852801,True,40,5,5,1.0
254,0.0,0.0,0.0048446665979751825,0.12062726176115803,0.13908045977011493,0.9991564179215886,False,300,6,6,1.0
255,0.0,0.0,0.0024038755027009904,0.06192199437072778,0.07586206896551724,0.9976553469400027,False,154,6,6,1.0
256,0.0,0.0,0.0,0.02814636107760354,0.0,3.3025581003769204e-10,True,70,4,4,2.4463393336125337e-08
257,0.0,0.0,0.0002853978837894826,0.024929634097305992,0.028735632183908046,0.7876270983276685,True,62,6,6,1.0
258,0.0,0.0,0.007351111568633757,0.08966626457579413,0.09080459770114943,0.6426424625906537,False,223,6,6,1.0
259,0.0,0.0,0.0,0.008041817450743867,0.0011494252873563218,0.010649304259474175,True,20,6,6,0.06282775374321047
260,0.0,0.0,0.00034109803558528506,0.02332127060715722,0.03103448275862069,0.9999354200875339,True,58,3,3,1.0
261,0.0,0.0,0.0,0.022114997989545637,0.0,6.725187392910556e-09,True,55,3,3,2.4455226883311114e-07
262,0.0,0.0,0.0002550307715000156,0.05790108564535585,0.020689655172413793,0.5627125772963051,True,144,5,5,1.0
263,0.0,0.0,0.0010763010374910634,0.03538399678327302,0.05172413793103448,0.8598978616214727,False,88,4,4,1.0
264,0.0,0.0,0.0,0.016083634901487735,0.0,1.089045267908667e-05,True,40,3,3,0.0001304245829830739
265,0.0,0.0,0.0016946979674943114,0.059911540008041816,0.067816091954023,0.2144533731166488,False,149,10,10,0.8360755287198783
266,0.0,0.0,0.00010238926624075484,0.022919179734620022,0.029885057471264367,0.9667701587499332,True,57,4,4,1.0
267,0.0,0.0,0.0006922665121447532,0.017289907519099316,0.04482758620689655,0.999791571740703,True,43,7,7,1.0
268,0.0,0.0,0.0,0.051467631684760755,0.008045977011494253,5.329336393219413e-05,True,128,5,5,0.000530282228181036
269,0.0,0.0,0.002732039295646332,0.13228789706473662,0.1413793103448276,0.6982674878272568,False,329,9,9,1.0
270,0.0,0.0,0.005639905367833381,0.052673904302372336,0.0839080459770115,0.9986405345659394,False,131,6,6,1.0
271,0.0,0.0,0.0,0.018496180136710897,0.0,1.3877483295307086e-08,True,46,3,3,4.3824850699097294e-07
272,0.0,0.0,0.010532275046691707,0.12947326095697628,0.16551724137931034,0.9956953081432347,False,322,12,12,1.0
273,0.0,0.0,0.000466334145714656,0.04101326899879373,0.03103448275862069,0.8951051162842012,True,102,7,7,1.0
274,0.0,0.0,0.001321780175336913,0.0365902694008846,0.052873563218390804,0.9993468014193014,False,91,4,4,1.0
275,0.0,0.0,0.008267358262456784,0.0973059911540008,0.11724137931034483,0.9629474116897083,False,242,8,8,1.0
276,0.0,0.0,0.002754970447135546,0.07197426618415761,0.10919540229885058,0.9991307476890283,False,179,13,13,1.0
277,0.0,0.0,0.007698389604475246,0.11620426216324889,0.13908045977011493,0.8002777595520789,False,289,8,8,1.0
278,0.0,0.0,0.0008531494545796061,0.055890631282669884,0.04827586206896552,0.609377000879588,True,139,6,6,1.0
279,0.0,0.0,0.0001905002448390497,0.03096099718536389,0.029885057471264367,0.6362425364171093,True,77,10,10,1.0
280,0.0,0.0,0.00011323376247425289,0.04302372336147969,0.020689655172413793,0.44872602690872165,True,107,6,6,1.0
281,0.0,0.0,0.006232663585117714,0.22114997989545637,0.25287356321839083,0.8910439437122473,False,550,12,12,1.0
282,0.0,0.0,6.200262404363245e-05,0.028950542822677925,0.016091954022988506,0.008925928936472625,True,72,5,5,0.05377065624381099
283,0.0,0.0,0.0005589390263100684,0.022114997989545637,0.03793103448275862,0.9984124781946474,True,55,4,4,1.0
284,0.0,0.0,0.0012477128273404089,0.10494571773220748,0.09080459770114943,0.6800034817472451,False,261,13,13,1.0
285,0.0,0.0,0.0001532105194805422,0.028950542822677925,0.03103448275862069,0.7898881682971068,True,72,5,5,1.0
286,0.0,0.0,0.00382743452827316,0.08524326497788501,0.0896551724137931,0.8863898410945126,False,212,14,14,1.0
287,0.0,0.0,0.0038032483563319518,0.1218335343787696,0.15057471264367817,0.8684140612916343,False,303,9,9,1.0
288,0.0,0.0,0.0022280232434641477,0.05347808604744672,0.06666666666666667,0.9778631252031256,False,133,10,10,1.0
289,0.0,0.0,0.010813806681657417,0.09408926417370325,0.12183908045977011,0.9195180667997038,False,234,7,7,1.0
290,0.0,0.0,0.000347362229214022,0.027744270205066344,0.016091954022988506,0.04104280047297106,True,69,8,8,0.20728687107561142
291,0.0,0.0,0.0017037879940469771,0.04382790510655408,0.052873563218390804,0.9361987204978687,False,109,6,6,1.0
292,0.0,0.0,0.0004754019410467663,0.03457981503819863,0.026436781609195402,0.9066936409212588,True,86,11,11,1.0
293,0.0,0.0,0.0,0.009248090068355449,0.0,1.9673929536601014e-05,True,23,4,4,0.00021501562335083074
294,0.0,0.0,0.001880771835341253,0.04382790510655408,0.06321839080459771,0.9900037446414819,False,109,6,6,1.0
295,0.0,0.0,7.223495915789856e-05,0.025733815842380377,0.004597701149425287,0.005577368312108183,True,64,5,5,0.03552463893062537
296,0.0,0.0,0.017409754037619202,0.09167671893848009,0.12528735632183907,0.9881995455064526,False,228,8,8,1.0
297,0.0,0.0,0.01590608073223608,0.160032167269803,0.2045977011494253,0.9914913423441621,False,398,12,12,1.0
298,0.0,0.0,7.896293934392596e-05,0.02332127060715722,0.0,9.923992157550417e-05,True,58,7,7,0.0009063006536575724
299,0.0,0.0,0.0037646858027394034,0.19300361881785283,0.19885057471264367,0.7692333301037617,False,480,14,14,1.0
300,0.0,0.0,0.002324361041312882,0.045838359469240045,0.06206896551724138,0.9882065713151005,False,114,8,8,1.0
301,0.0,0.0,0.0,0.01527945315641335,0.0,2.7555214893928257e-05,True,38,4,4,0.0002962926332680458
302,0.0,0.0,0.004754283301807308,0.09569762766385204,0.11149425287356322,0.9543083839942194,False,238,7,7,1.0
303,0.0,0.0,0.0013315370965255925,0.04382790510655408,0.06091954022988506,0.9961474128351132,False,109,9,9,1.0
304,0.0,0.0,0.0008290684943371809,0.05910735826296743,0.04367816091954023,0.8359528330527735,True,147,9,9,1.0
305,0.0,0.0,0.008897903459544085,0.08443908323281062,0.10804597701149425,0.7608919915317292,False,210,8,8,1.0
306,0.0,0.0,0.0005871212173874353,0.027744270205066344,0.047126436781609195,0.972892370533736,True,69,4,4,1.0
307,0.0,0.0,0.004772512540150932,0.2191395255327704,0.22413793103448276,0.5821007599035233,False,545,13,13,1.0
308,0.0,0.0,0.004578340693594727,0.09207880981101729,0.10919540229885058,0.9466083072902675,False,229,9,9,1.0
309,0.0,0.0,5.017241259251568e-05,0.03176517893043828,0.028735632183908046,0.2437041967968701,True,79,5,5,0.9213769255080155
310,0.0,0.0,0.0003228211516749373,0.04302372336147969,0.03103448275862069,0.24314965898235835,True,107,5,5,0.9213769255080155
311,0.0,0.0,0.009999599726085879,0.1158021712907117,0.14022988505747128,0.8761288422068332,False,288,8,8,1.0
312,0.0,0.0,0.008409356761645032,0.11419380780056293,0.14022988505747128,0.8383036878074724,False,284,8,8,1.0
313,0.0,0.0,0.0,0.018496180136710897,0.0011494252873563218,2.3625297520603767e-09,True,46,4,4,1.0738771600274438e-07
314,0.0,0.0,0.0028427581127696126,0.06634499396863691,0.08735632183908046,0.9565788017961039,False,165,13,13,1.0
315,0.0,0.0,0.0008015806170558339,0.03779654201849618,0.04482758620689655,0.9999839031974134,True,94,6,6,1.0
316,0.0,0.0,0.0007424347167116592,0.04744672295938882,0.04367816091954023,0.5761840401208156,True,118,13,13,1.0
317,7.1904921359463e-05,8.406186953597848e-05,0.0008020080686875129,0.03096099718536389,0.03218390804597701,0.14440359193358648,True,77,16,16,0.5991850287700684
318,0.0,0.0,0.003381502139353139,0.04744672295938882,0.07701149425287357,0.9877288755546099,False,118,8,8,1.0
319,0.0,0.0,0.0012158918303681848,0.11298753518295135,0.10229885057471265,0.6414679301907016,False,281,14,14,1.0
320,0.0,0.0,0.00013968305598127228,0.02332127060715722,0.028735632183908046,0.9504234624003504,True,58,4,4,1.0
321,0.0,0.0,0.009421550040108464,0.15038198632891034,0.18850574712643678,0.9964693915688039,False,374,12,12,1.0
322,0.0,0.0,0.006409154036588982,0.195416164053076,0.2149425287356322,0.7899050155542919,False,486,12,12,1.0
323,0.0,0.0,0.0035606066584723097,0.0365902694008846,0.07931034482758621,0.9999912463485823,False,91,6,6,1.0
324,0.0,0.0,6.246418586328867e-05,0.029754724567752314,0.006896551724137931,0.32631546777668863,True,74,5,5,1.0
325,0.0,0.0,0.005396860322895489,0.12464817048652996,0.1310344827586207,0.44355523989993223,False,310,9,9,1.0
326,0.0,0.0,0.001222676086599342,0.04825090470446321,0.05747126436781609,0.9755054765081389,False,120,6,6,1.0
327,0.0,0.0,0.0,0.016083634901487735,0.0,0.000809902644275825,True,40,4,4,0.006230020340583269
328,0.0,0.0,0.0017485353944903382,0.045436268596702856,0.07126436781609195,0.9822642037370009,False,113,7,7,1.0
329,0.0,0.0,0.005406591214927871,0.09650180940892641,0.11839080459770115,0.9254190135244694,False,240,8,8,1.0
330,0.0,0.0,0.0,0.006031363088057901,0.0034482758620689655,0.895180600369029,True,15,3,3,1.0
331,0.0,0.0,0.0017444191190294455,0.044229995979091274,0.07011494252873564,0.9919403959449352,False,110,7,7,1.0
332,0.0,0.0,0.0001513508245413569,0.038198632891033375,0.016091954022988506,0.13298667099562878,True,95,10,10,0.5587675251917176
333,0.0,0.0,0.00013235712777328904,0.02332127060715722,0.005747126436781609,0.02120879573347319,True,58,8,8,0.11589505865285897
334,0.0,0.0,0.010139079053491817,0.09449135504624046,0.10229885057471265,0.9155759963780556,False,235,11,11,1.0
335,0.0,0.0,0.0,0.0008041817450743868,0.0011494252873563218,0.9425429045221551,True,2,2,2,1.0
336,0.0,0.0,0.0,0.004422999597909127,0.0022988505747126436,0.2964109266661117,True,11,7,7,1.0
337,0.0,0.0,0.0,0.030156815440289506,0.004597701149425287,1.0998726466710383e-05,True,75,10,10,0.00013093721984179028
338,0.0,0.0,0.00014902127980654517,0.03739445114595899,0.0022988505747126436,0.008558491821670244,True,93,13,13,0.05171294152066613
339,0.0,0.0,0.006869771409548214,0.058303176517893046,0.0896551724137931,0.985158982046832,False,145,10,10,1.0
340,0.0,0.0,0.00636251398335395,0.06272617611580217,0.07931034482758621,0.9225881763534794,False,156,10,10,1.0
341,0.0,0.0,0.004318585233511086,0.08363490148773622,0.08850574712643679,0.9590559803558796,False,208,12,12,1.0
342,0.0,0.0,0.012288791612075467,0.051065540812223566,0.09080459770114943,0.9998742788045237,False,127,5,5,1.0
343,0.0,0.0,0.001017495500307191,0.042621632488942504,0.05172413793103448,0.9750244377090672,False,106,9,9,1.0
344,0.0,0.0,0.00033732670812630975,0.03739445114595899,0.04367816091954023,0.9187792257909333,True,93,5,5,1.0
345,0.0,0.0,0.001752658503518062,0.0792119018898271,0.07241379310344828,0.4725727343819917,False,197,4,4,1.0
346,0.0,0.0,4.623224153538252e-05,0.030156815440289506,0.004597701149425287,0.0023408472542102324,True,75,7,7,0.016601753575959093
347,0.0,0.0,0.0010989629852956784,0.03297145154804986,0.052873563218390804,0.9990575796760814,False,82,11,11,1.0
348,0.0,0.0,0.0016739366355877766,0.19702452754322478,0.16896551724137931,0.3939427874080451,False,490,16,16,1.0
349,0.0,0.0,0.0,0.027744270205066344,0.017241379310344827,0.017607178147375634,True,69,5,5,0.0983641237283555
350,0.0,0.0,0.00020345468001619813,0.019300361881785282,0.028735632183908046,0.9999600622756155,True,48,3,3,1.0
351,0.0,0.0,0.009023292190785097,0.10172899075190993,0.10344827586206896,0.9953882180551852,False,253,6,6,1.0
352,0.0,0.0,0.002940796303790779,0.16485725774024929,0.1735632183908046,0.5996436822364531,False,410,11,11,1.0
353,0.0,0.0,0.0004242254684271482,0.03096099718536389,0.040229885057471264,0.6578172810457242,True,77,9,9,1.0
354,0.0,0.0,0.001562442840088098,0.045838359469240045,0.06091954022988506,0.9993001272080556,False,114,9,9,1.0
355,0.0,0.0,0.008609582028288267,0.10816244471250502,0.11839080459770115,0.6116100079816831,False,269,12,12,1.0
356,0.0,0.0,0.001192010989623484,0.04221954161640531,0.05517241379310345,0.990531644465684,False,105,6,6,1.0
357,0.0,0.0,0.0020391526381734713,0.05548854041013269,0.07011494252873564,0.9746100137933633,False,138,8,8,1.0
358,0.0,0.0,8.741640792627259e-05,0.019300361881785282,0.02528735632183908,0.9373265755093954,True,48,5,5,1.0
359,0.0,0.0,0.0,0.010454362685967028,0.0011494252873563218,0.0007124011163870518,True,26,4,4,0.00554397755943231
360,0.0,0.0,0.0019356670227639484,0.14354644149577805,0.1413793103448276,0.10111382110733419,False,357,8,8,0.4483983197664487
361,0.0,0.0,0.0,0.018094089264173704,0.0,6.473787351007162e-05,True,45,5,5,0.0006254867005804021
362,0.0,0.0,6.49534878708813e-05,0.02332127060715722,0.0022988505747126436,0.04812204266097441,True,58,6,6,0.23881907027778862
363,0.0,0.0,0.0020739358473013175,0.08805790108564536,0.0735632183908046,0.40552302288151504,False,219,6,6,1.0
364,0.0,0.0,0.0057037296626684525,0.0671491757137113,0.08850574712643679,0.972124385724317,False,167,11,11,1.0
365,0.0,0.0,0.001387902300968837,0.02734217933252915,0.06091954022988506,0.9999892078460817,False,68,4,4,1.0
366,0.0,0.0,0.005124679821133975,0.28065942903096097,0.28735632183908044,0.7822822010554049,False,698,13,13,1.0
367,0.0,0.0,0.0009737707755494868,0.04141535987133092,0.05057471264367816,0.8771060326631027,True,103,8,8,1.0
368,0.0,0.0,0.004414948938202187,0.06473663047848814,0.07471264367816093,0.9165288468734285,False,161,6,6,1.0
369,0.0,0.0,0.0001530133254175144,0.02010454362685967,0.009195402298850575,0.44111743190598135,True,50,4,4,1.0
370,0.0,0.0,0.0009319351769778522,0.0486529955770004,0.04827586206896552,0.9639865066857212,True,121,11,11,1.0
371,0.0,0.0,0.0008894392519971018,0.04061117812625653,0.03793103448275862,0.590062874871639,True,101,6,6,1.0
372,0.0,0.0,0.00466619863504441,0.07840772014475271,0.09080459770114943,0.7004630339824538,False,195,11,11,1.0
373,0.0,0.0,0.00391083781115877,0.02734217933252915,0.07126436781609195,0.9999999577387543,False,68,6,6,1.0
374,0.0,0.0,0.007498307859378452,0.05388017691998392,0.08160919540229886,0.9999470037136471,False,134,6,6,1.0
375,0.0,0.0,0.0,0.011258544431041415,0.0,1.708270388465028e-07,True,28,4,4,3.522206986525831e-06
376,0.0,0.0,0.0,0.008845999195818254,0.0,1.2609325176682257e-05,True,22,2,2,0.0001466200601939797
377,0.0,0.0,0.0,0.014877362283876157,0.0,3.3942025187303664e-11,True,37,5,5,5.221850028815948e-09
378,0.0,0.0,0.002625271210132063,0.08805790108564536,0.09310344827586207,0.7839175927913277,False,219,4,4,1.0
379,0.0,0.0,0.0012763190684530184,0.07840772014475271,0.09655172413793103,0.5616158317455109,False,195,11,11,1.0
380,0.0,0.0,0.00030262083472148716,0.010856453558504222,0.027586206896551724,0.9994719895564546,True,27,6,6,1.0
381,0.0,0.0,0.0017927191440058753,0.04061117812625653,0.059770114942528735,0.916098785859689,False,101,5,5,1.0
382,0.0,0.0,0.0,0.010052271813429835,0.0,1.5373325237498847e-09,True,25,6,6,7.883756532050691e-08
383,0.0,0.0,0.0,0.010856453558504222,0.0022988505747126436,0.015906696691906995,True,27,5,5,0.09089540966803997
384,0.0,0.0,0.000646357036889675,0.06835544833132289,0.03793103448275862,0.4718515326946594,True,170,7,7,1.0
385,0.0,0.0,0.00013175668524121652,0.022114997989545637,0.014942528735632184,0.449779187223175,True,55,8,8,1.0
386,0.0,0.0,0.0006071228610818476,0.032569360675512665,0.040229885057471264,0.7068698025741531,True,81,9,9,1.0
387,0.0,0.0,0.0019612590598594107,0.09006835544833132,0.07586206896551724,0.8696980032707514,False,224,12,12,1.0
388,0.0,0.0,0.0,0.008443908323281062,0.0,2.469799239701421e-10,True,21,6,6,2.1476515127838443e-08
389,0.0,0.0,5.463602573854358e-05,0.015681544028950542,0.01954022988505747,0.5584190794568643,True,39,4,4,1.0
390,0.0,0.0,0.009567782296311207,0.18094089264173704,0.21379310344827587,0.9333581095461054,False,450,13,13,1.0
391,0.0,0.0,0.0,0.018094089264173704,0.0,8.391464684567171e-11,True,45,3,3,1.1188619579422896e-08
392,0.0,0.0,0.001398392286512405,0.039806996381182146,0.05862068965517241,0.8836180632239847,False,99,10,10,1.0
393,0.0,0.0,0.0013358393658138162,0.04020908725371934,0.05632183908045977,0.9985324083764343,False,100,6,6,1.0
394,0.0,0.0,0.0,0.024527543224768796,0.011494252873563218,0.1770936183702067,True,61,5,5,0.7140871708476076
395,0.0,0.0,9.991071172433776e-05,0.0036188178528347406,0.020689655172413793,0.9965362522837331,True,9,3,3,1.0
396,0.0,0.0,0.0006604358520421741,0.02814636107760354,0.03908045977011494,0.9535386377088794,True,70,8,8,1.0
397,0.0,0.0,0.01641902851316291,0.14756735022114997,0.1896551724137931,0.9993041070924952,False,367,12,12,1.0
398,0.0,0.0,0.00043161405295501974,0.0024125452352231603,0.04482758620689655,0.9999999999995977,True,6,2,2,1.0
399,0.0,0.0,0.0,0.016887816646562123,0.0,1.9049194464534788e-08,True,42,6,6,5.686326705831281e-07
400,0.0,0.0,2.8453181583029202e-05,0.007639726578206675,0.01264367816091954,0.9881756827373254,True,19,4,4,1.0
401,0.0,0.0,0.0,0.01527945315641335,0.0,1.1671547885923826e-06,True,38,6,6,1.8236793571755976e-05
402,0.0,0.0,0.008789266005879325,0.13268998793727382,0.14482758620689656,0.9966435122418844,False,330,6,6,1.0
403,0.0,0.0,0.006455197957868522,0.07197426618415761,0.08045977011494253,0.9055550537520343,False,179,6,6,1.0
404,0.0,0.0,7.63634697054125e-05,0.009248090068355449,0.016091954022988506,0.9785116259126388,True,23,6,6,1.0
405,0.0,0.0,0.0018961376440508899,0.038198632891033375,0.05517241379310345,0.9962772012599008,False,95,10,10,1.0
406,0.0,0.0,0.0,0.021712907117008445,0.0,1.3028915534695921e-06,True,54,1,1,2.0044485437993727e-05
407,0.0,0.0,0.0012330018615993802,0.06594290309609972,0.06206896551724138,0.7274709867546995,False,164,11,11,1.0
408,0.0,0.0,0.0060240736126742885,0.06473663047848814,0.0839080459770115,0.9209417904521129,False,161,8,8,1.0
409,0.0,0.0,0.0022709281793726623,0.12907117008443908,0.1528735632183908,0.7731844673880788,False,321,8,8,1.0
410,0.0,0.0,0.0002746947435171894,0.01648572577402493,0.03908045977011494,0.9994613374965545,True,41,9,9,1.0
411,0.0,0.0,0.0062055305994336485,0.08725371934057097,0.11149425287356322,0.9375821513761673,False,217,8,8,1.0
412,0.0,0.0,0.0033330624288278087,0.27261761158021713,0.28620689655172415,0.8649329709966674,False,678,14,14,1.0
413,0.0,0.0,0.0,0.020908725371934056,0.0011494252873563218,0.0011104735270573891,True,52,7,7,0.008412678235283251
414,0.0,0.0,0.006601356302724129,0.072778447929232,0.10229885057471265,0.953058517895402,False,181,7,7,1.0
415,0.0,0.0,0.0018954586858619365,0.08805790108564536,0.11724137931034483,0.748787981274108,False,219,19,19,1.0
416,0.0,0.0,0.0008528067166492477,0.04141535987133092,0.04597701149425287,0.9876689219733934,True,103,6,6,1.0
417,0.0,0.0,0.0,0.015681544028950542,0.0011494252873563218,0.0024574978524750514,True,39,4,4,0.017367475989222978
418,0.0,0.0,6.343845884978268e-05,0.024527543224768796,0.02528735632183908,0.7619662829748584,True,61,4,4,1.0
419,0.0,0.0,0.0,0.004422999597909127,0.005747126436781609,0.6430046544246242,True,11,3,3,1.0
420,0.0,0.0,0.0011952524796438441,0.06634499396863691,0.07241379310344828,0.44052552814111895,False,165,12,12,1.0
421,0.0,0.0,0.0,0.004020908725371934,0.0,0.11074164498177314,True,10,3,3,0.4825344007920398
422,0.0,0.0,0.0,0.011258544431041415,0.006896551724137931,0.06412696129236474,True,28,6,6,0.30756336351254077
423,0.0,0.0,0.0008473025867937334,0.0546843586650583,0.04942528735632184,0.23057534237356714,True,136,11,11,0.8852297103742277
424,0.0,0.0,0.01459374215885307,0.11660635303578609,0.15862068965517243,0.9980931558552548,False,290,12,12,1.0
425,0.0,0.0,2.512562814070144e-05,0.014877362283876157,0.021839080459770115,0.9822199727914561,True,37,2,2,1.0
426,9.543820760888807e-05,0.0001004217714400482,0.0012510504291048804,0.05227181342983514,0.06896551724137931,0.3518006822126716,False,130,13,13,1.0
427,0.0,0.0,0.013237959311112558,0.15721753116204262,0.17471264367816092,0.9452305006956461,False,391,12,12,1.0
428,0.0,0.0,0.0012083634542241078,0.06393244873341375,0.067816091954023,0.780060644612214,False,159,9,9,1.0
429,0.0,0.0,0.0,0.012062726176115802,0.0011494252873563218,6.5580701545591606e-09,True,30,6,6,2.4289148720589483e-07
430,0.0,0.0,0.0008404606496263816,0.04382790510655408,0.035632183908045977,0.14838485255072242,True,109,11,11,0.6093833780317142
431,0.0,0.0,0.0,0.004020908725371934,0.0011494252873563218,0.28104802096833614,True,10,5,5,1.0
432,0.0,0.0,0.0029996573970534584,0.06031363088057901,0.07816091954022988,0.8971525779945291,False,150,8,8,1.0
433,0.0,0.0,0.0006114045477291633,0.04141535987133092,0.04252873563218391,0.8989244161741405,True,103,6,6,1.0
434,0.0,0.0,0.004897309248945173,0.10454362685967028,0.15747126436781608,0.9999250808612271,False,260,10,10,1.0
435,0.0,0.0,0.0025318025349105717,0.05227181342983514,0.06896551724137931,0.9549220717398643,False,130,8,8,1.0
436,0.0,0.0,0.0,0.028950542822677925,0.0011494252873563218,9.798206621794987e-07,True,72,5,5,1.567713059487198e-05
437,0.0,0.0,0.0012388931840465007,0.0546843586650583,0.06206896551724138,0.8030289537024331,False,136,11,11,1.0
438,0.0,0.0,0.0007536324700496544,0.044229995979091274,0.03908045977011494,0.7943250304017249,True,110,8,8,1.0
439,0.0,0.0,0.007494889261396079,0.1391234418978689,0.14597701149425288,0.7905617617665117,False,346,12,12,1.0
440,0.0,0.0,0.0034167938484073648,0.006433453960595094,0.06436781609195402,0.9999999992304213,False,16,5,5,1.0
441,0.0,0.0,0.0,0.009650180940892641,0.0,1.0816145447333886e-05,True,24,6,6,0.0001303150053895649
442,0.0,0.0,0.00017860449653200536,0.04463208685162847,0.009195402298850575,0.010749295344236786,True,111,14,14,0.0632311490837458
443,0.0,0.0,0.00895539997874149,0.08845999195818255,0.08735632183908046,0.4750670931118485,False,220,6,6,1.0
444,0.0,0.0,0.003508551076368811,0.049859268194611985,0.09425287356321839,0.9909189066225588,False,124,8,8,1.0
445,0.0,0.0,0.0011630174062606427,0.05950944913550463,0.06436781609195402,0.9758040430980083,False,148,6,6,1.0
446,0.0,0.0,0.0,0.04181745074386811,0.008045977011494253,0.002776030319754521,True,104,5,5,0.019211282489650667
447,0.0,0.0,0.007581649823094325,0.11700844390832328,0.15402298850574714,0.9961922534757878,False,291,13,13,1.0
448,0.0,0.0,0.0046235288418598535,0.1214314435062324,0.1413793103448276,0.6158494534600679,False,302,8,8,1.0
449,0.0,0.0,0.00017179881890162836,0.021310816244471252,0.027586206896551724,0.9779364607095907,True,53,7,7,1.0
450,0.0,0.0,0.001237290965646561,0.045436268596702856,0.054022988505747126,0.990869670567665,False,113,7,7,1.0
451,0.0,0.0,0.0013063622160822586,0.058303176517893046,0.054022988505747126,0.4090763224047006,False,145,8,8,1.0
452,0.0,0.0,0.0,0.012866907921190189,0.013793103448275862,0.2689660702086164,True,32,4,4,0.9798399643301143
453,0.0,0.0,0.0,0.010454362685967028,0.0,1.8209419589510693e-06,True,26,5,5,2.733160256612986e-05
454,0.0,0.0,0.008790538271461352,0.14756735022114997,0.1781609195402299,0.9203312054831617,False,367,7,7,1.0
455,0.0,0.0,0.0016083301872651403,0.07398472054684359,0.06436781609195402,0.4302607061013401,False,184,8,8,1.0
456,0.0,0.0,6.161943670965712e-05,0.021310816244471252,0.017241379310344827,0.28640514560673247,True,53,4,4,1.0
457,0.0,0.0,0.002902556843261117,0.06232408524326498,0.07931034482758621,0.9825589056068711,False,155,8,8,1.0
458,0.0,0.0,0.0009221166797010766,0.04463208685162847,0.04252873563218391,0.44394372857724657,True,111,11,11,1.0
459,0.0,0.0,0.0,0.024929634097305992,0.0,5.505316325240213e-05,True,62,8,8,0.0005423956970680013
460,0.0,0.0,0.00416467670516001,0.1282669883393647,0.1367816091954023,0.9851492627484397,False,319,7,7,1.0
461,0.0,0.0,0.0022812666623317508,0.11700844390832328,0.1206896551724138,0.9802439006631981,False,291,9,9,1.0
462,0.0,0.0,0.0,0.016887816646562123,0.0011494252873563218,0.04318662465997274,True,42,4,4,0.21701821437172233
463,0.0,0.0,0.006899469055257686,0.14756735022114997,0.1482758620689655,0.770378712959037,False,367,12,12,1.0
464,0.0,0.0,0.005677742210750195,0.08162444712505026,0.10229885057471265,0.9644654074145833,False,203,8,8,1.0
465,0.0,0.0,0.0006467370944229544,0.02814636107760354,0.04827586206896552,0.9172522633155058,True,70,9,9,1.0
466,0.0,0.0,0.002811390485563489,0.11057498994772819,0.1206896551724138,0.8448500282959361,False,275,10,10,1.0
467,0.0,0.0,0.0,0.008443908323281062,0.0,8.804362983360488e-05,True,21,6,6,0.0008152187947556008
468,0.0,0.0,5.083779234138832e-05,0.008845999195818254,0.009195402298850575,0.9952443578060183,True,22,4,4,1.0
469,0.0,0.0,0.000941141169523505,0.024527543224768796,0.04942528735632184,0.48240031724243565,True,61,6,6,1.0
470,0.0,0.0,0.00010523320456301986,0.027744270205066344,0.03333333333333333,0.9792119300311054,True,69,8,8,1.0
471,0.0,0.0,0.004839043491154032,0.0912746280659429,0.10459770114942529,0.6185217187704253,False,227,7,7,1.0
472,0.0,0.0,0.008691977932499317,0.09288299155609167,0.11724137931034483,0.9353715711712759,False,231,8,8,1.0
473,0.0,0.0,0.0009199783304680052,0.03337354242058705,0.04942528735632184,0.9979943874708395,True,83,4,4,1.0
474,0.0,0.0,0.025173195371988925,0.09609971853638923,0.12528735632183907,0.9855799390892682,False,239,11,11,1.0
475,0.0,0.0,0.00012365419572009178,0.021310816244471252,0.03908045977011494,0.9955943019366044,True,53,4,4,1.0
476,0.0,0.0,0.0004388345918263664,0.03538399678327302,0.02528735632183908,0.8785521593781944,True,88,9,9,1.0
477,0.0,0.0,0.005673970229866442,0.05548854041013269,0.0735632183908046,0.9986253592204632,False,138,8,8,1.0
478,0.0,0.0,0.0010272520370537084,0.047044632086851626,0.052873563218390804,0.7801175270364639,False,117,7,7,1.0
479,0.0,0.0,0.00021540450290194433,0.017289907519099316,0.029885057471264367,0.9999770496893015,True,43,3,3,1.0
480,0.0,0.0,0.0,0.024527543224768796,0.020689655172413793,0.3003668861254687,True,61,4,4,1.0
481,0.0,0.0,0.000141414067907324,0.020908725371934056,0.028735632183908046,0.9986765711354391,True,52,4,4,1.0
482,0.0,0.0,0.0001402888386664723,0.038600723763570564,0.03218390804597701,0.1284742891303055,True,96,10,10,0.5432316665129197
483,0.0,0.0,0.0028163119411888965,0.06393244873341375,0.07126436781609195,0.8314459612627969,False,159,6,6,1.0
484,0.0,0.0,0.0022069381903453366,0.05790108564535585,0.07816091954022988,0.9957239260952021,False,144,7,7,1.0
485,0.0,0.0,0.00010742766005923887,0.028950542822677925,0.0367816091954023,0.9123378005340165,True,72,3,3,1.0
486,0.00014981321826600862,0.00017287578874578615,0.0025245099264754197,0.15721753116204262,0.15057471264367817,0.11655137488568956,False,391,28,28,0.5045514064315565
487,0.0,0.0,0.0019729394735076736,0.05669481302774427,0.067816091954023,0.9852324817137441,False,141,11,11,1.0
488,0.0,0.0,0.0,0.015681544028950542,0.0,0.00023260286522892404,True,39,8,8,0.001914426874312132
489,0.0,0.0,0.0014593317864221313,0.07398472054684359,0.06206896551724138,0.7151155735886381,False,184,7,7,1.0
490,0.0,0.0,0.006936022578636267,0.07197426618415761,0.08620689655172414,0.8379969666217406,False,179,6,6,1.0
491,0.0,0.0,0.0010158360121556203,0.05186972255729795,0.05172413793103448,0.6897711671694919,False,129,16,16,1.0
492,0.0,0.0,0.0,0.008041817450743867,0.0011494252873563218,5.80848324356396e-06,True,20,2,2,7.446773389184565e-05
493,0.0,0.0,0.00028947403258242657,0.010454362685967028,0.026436781609195402,0.9905224424218642,True,26,4,4,1.0
494,0.0,0.0,0.0007011371996425895,0.031363088057901084,0.041379310344827586,0.655651373567815,True,78,9,9,1.0
495,0.0,0.0,0.006073713082321401,0.14354644149577805,0.16666666666666666,0.9809912997940452,False,357,12,12,1.0
496,0.0,0.0,0.0,0.010856453558504222,0.009195402298850575,0.10936990289566667,True,27,6,6,0.47759782923871913
497,0.0,0.0,0.0,0.01769199839163651,0.0,5.36152088529458e-06,True,44,6,6,7.00852403306481e-05
498,0.0,0.0,0.0,0.009650180940892641,0.0,3.643883928150475e-07,True,24,3,3,6.8109979965429435e-06
499,0.0,0.0,0.0,0.013671089666264576,0.0,6.31962147169934e-08,True,34,4,4,1.6414601225193092e-06
500,0.0,0.0,0.0024792619138793684,0.07519099316445517,0.11149425287356322,0.9931138006204853,False,187,10,10,1.0
501,0.0,0.0,0.006947052618984153,0.06393244873341375,0.09655172413793103,0.9967719983895307,False,159,8,8,1.0
502,0.0,0.0,0.0013482043261843475,0.08845999195818255,0.06321839080459771,0.02662603371277646,False,220,9,9,0.14162783889774713
503,0.0,0.0,0.0014910451961846838,0.11459589867310012,0.11494252873563218,0.8471679824663714,False,285,9,9,1.0
504,0.0,0.0,0.0013473692839905628,0.03297145154804986,0.052873563218390804,0.9980143028501113,False,82,4,4,1.0
505,0.0,0.0,0.022822807938787316,0.13630880579010857,0.167816091954023,0.9534742800711871,False,339,12,12,1.0
506,0.0,0.0,0.0,0.016083634901487735,0.0011494252873563218,2.02270362541702e-05,True,40,3,3,0.0002198590897192413
507,0.0,0.0,0.0,0.017289907519099316,0.0,2.9227382480821852e-05,True,43,5,5,0.00031092960085980694
508,0.0,0.0,0.000603146916675751,0.03498190591073583,0.03103448275862069,0.9815107123063905,True,87,9,9,1.0
509,0.0,0.0,0.0003046090195383829,0.03216726980297547,0.03218390804597701,0.9952035275474008,True,80,2,2,1.0
510,0.0,0.0,0.000702593137297041,0.05227181342983514,0.022988505747126436,0.5004826796621061,True,130,8,8,1.0
511,0.0,0.0,0.00616891204583631,0.09288299155609167,0.11149425287356322,0.9535074947153718,False,231,7,7,1.0
512,0.0,0.0,0.0015361231951051334,0.06554081222356252,0.06666666666666667,0.9470765641661851,False,163,7,7,1.0
513,0.0,0.0,0.001230729760582481,0.05669481302774427,0.05517241379310345,0.19804866752920658,False,141,9,9,0.7797191635008133
514,0.0,0.0,0.00016923270007284408,0.02010454362685967,0.02528735632183908,0.9988946923374455,True,50,4,4,1.0
515,0.0,0.0,0.0,0.02372336147969441,0.0,3.4372760707411785e-05,True,59,3,3,0.00035435835780836896
516,0.0,0.0,0.0,0.02694008845999196,0.0,0.0002464539064960592,True,67,6,6,0.0020118686244576262
517,0.0,0.0,0.003938895472646946,0.08202653799758745,0.10689655172413794,0.9833449504741624,False,204,5,5,1.0
518,0.0,0.0,0.0027771395287490255,0.03779654201849618,0.07126436781609195,0.9885431401842796,False,94,7,7,1.0
519,0.0,0.0,5.685010424543123e-05,0.016083634901487735,0.016091954022988506,0.3443893851857295,True,40,6,6,1.0
520,0.0,0.0,0.00018662898462592554,0.018094089264173704,0.022988505747126436,0.6219621493489276,True,45,3,3,1.0
521,0.0,0.0,0.001856668412522375,0.08041817450743868,0.07011494252873564,0.9904212275439988,False,200,6,6,1.0
522,0.0,0.0,0.005226922146333292,0.11379171692802574,0.1310344827586207,0.9877124155775671,False,283,12,12,1.0
523,0.0,0.0,0.00028682860603695644,0.057498994772818654,0.014942528735632184,0.17153177105137019,True,143,6,6,0.693057660813617
524,0.0,0.0,0.004522750757469787,0.07117008443908324,0.09425287356321839,0.9290771552434418,False,177,7,7,1.0
525,0.0,0.0,0.0,0.020908725371934056,0.0,1.4813324850211765e-10,True,52,3,3,1.4813324850211765e-08
526,0.0,0.0,0.0001229661470071655,0.01407318053880177,0.013793103448275862,0.9525609770674229,True,35,4,4,1.0
527,0.0,0.0,0.00017367275079954744,0.031363088057901084,0.028735632183908046,0.9774067167643913,True,78,6,6,1.0
528,0.0,0.0,0.0,0.009650180940892641,0.0,3.326111557536338e-08,True,24,6,6,9.112634404209144e-07
529,0.0,0.0,0.005361400573291432,0.07679935665460394,0.12528735632183907,0.999999630060745,False,191,10,10,1.0
530,0.0,0.0,5.74487593135777e-05,0.02814636107760354,0.03103448275862069,0.09850092635102986,True,70,5,5,0.43973627835281187
531,0.0,0.0,0.0,0.020908725371934056,0.0034482758620689655,0.0028937712794934113,True,52,5,5,0.019888462402016572
532,0.0,0.0,0.00533708124178752,0.10092480900683555,0.13333333333333333,0.9965929546006688,False,251,10,10,1.0
533,0.0,0.0,0.0005986935718875582,0.044229995979091274,0.03218390804597701,0.9379950968705087,True,110,11,11,1.0
534,0.0,0.0,0.0,0.010856453558504222,0.0,1.0797767742816463e-05,True,27,3,3,0.0001303150053895649
535,0.0,0.0,0.0,0.0036188178528347406,0.0,0.02905887957606912,True,9,2,2,0.15334501095550987
536,0.0,0.0,0.00282663556385507,0.0667470848411741,0.07586206896551724,0.9623842922249218,False,166,11,11,1.0
537,0.0,0.0,0.0018878736562196786,0.04302372336147969,0.06436781609195402,0.9511341015027647,False,107,7,7,1.0
538,0.0,0.0,0.0005954972372433152,0.019702452754322478,0.03103448275862069,0.9832861905120058,True,49,8,8,1.0
539,0.0,0.0,0.0,0.028950542822677925,0.0034482758620689655,3.472238399368882e-05,True,72,4,4,0.00035612701531988536
540,0.0,0.0,0.0,0.012866907921190189,0.013793103448275862,0.8579328254572095,True,32,4,4,1.0
541,0.0,0.0,0.00011248229369013108,0.05066344993968637,0.010344827586206896,0.002820596356649441,True,126,7,7,0.01945238866654787
542,0.0,0.0,0.006100213244679259,0.08644953759549658,0.10229885057471265,0.9354684752945117,False,215,8,8,1.0
543,0.0,0.0,0.0021890108104335487,0.07800562927221552,0.07126436781609195,0.018171808571003117,False,194,9,9,0.10095449206112843
544,0.0,0.0,0.0005158562031685048,0.08242862887012464,0.021839080459770115,0.04638301392073689,True,205,7,7,0.2313367277842239
545,0.0,0.0,0.0005219103781045524,0.01527945315641335,0.034482758620689655,0.9999989915559439,True,38,5,5,1.0
546,0.0,0.0,0.0034142710647536373,0.05186972255729795,0.06321839080459771,0.9685119698767573,False,129,6,6,1.0
547,0.0,0.0,0.00044531191437435937,0.02613590671491757,0.041379310344827586,0.9663917534126782,True,65,3,3,1.0
548,0.0,0.0,0.004228817871932397,0.058303176517893046,0.07011494252873564,0.9909024727929464,False,145,6,6,1.0
549,0.0,0.0,8.655901162239217e-05,0.031363088057901084,0.022988505747126436,0.7337351675583238,True,78,11,11,1.0
550,0.0,0.0,0.0,0.021310816244471252,0.0,1.4426803026836768e-11,True,53,3,3,2.9979648534158396e-09
551,0.0,0.0,0.0,0.013671089666264576,0.027586206896551724,0.9266362288562324,True,34,3,3,1.0
552,0.0,0.0,0.0003928842312335099,0.024125452352231604,0.040229885057471264,0.9999904324862326,True,60,6,6,1.0
553,0.0,0.0,0.010230673250181972,0.08283071974266185,0.10689655172413794,0.9017099206823617,False,206,9,9,1.0
554,0.0,0.0,0.0,0.02613590671491757,0.0,1.0990228990382778e-07,True,65,9,9,2.563376135539349e-06
555,0.0,0.0,0.003441671768833899,0.15641334941696824,0.1724137931034483,0.8943417474660815,False,389,13,13,1.0
556,0.0,0.0,0.0030047887427708366,0.045838359469240045,0.06091954022988506,0.9948776379831576,False,114,8,8,1.0
557,0.0,0.0,0.009018531952792043,0.11741053478086047,0.14482758620689656,0.9266224972600717,False,292,8,8,1.0
558,0.0,0.0,0.0,0.0008041817450743868,0.0,0.9987724395496465,True,2,2,2,1.0
559,0.0,0.0,0.00022015337215342966,0.003216726980297547,0.03793103448275862,0.999999803971957,True,8,3,3,1.0
560,0.0,0.0,0.008335385228941897,0.17772416566143948,0.20804597701149424,0.9895261374901716,False,442,15,15,1.0
561,0.0,0.0,0.0004142828577066082,0.028950542822677925,0.01839080459770115,0.013252616680801133,True,72,10,10,0.07638395781441575
562,0.0,0.0,0.001977673170563153,0.042621632488942504,0.06896551724137931,0.9975510436275485,False,106,8,8,1.0
563,0.0,0.0,0.0010444770215869965,0.06353035786087656,0.05517241379310345,0.2982523973559529,False,158,8,8,1.0
564,0.0,0.0,0.0031194460084805944,0.0607157217531162,0.10919540229885058,0.9995548062665642,False,151,10,10,1.0
565,0.0,0.0,0.011432353363070967,0.1037394451145959,0.12528735632183907,0.9883214190830227,False,258,11,11,1.0
566,0.0,0.0,0.008401889537239821,0.06996381182147166,0.09655172413793103,0.9975974937631539,False,174,6,6,1.0
567,0.0,0.0,0.014115505664470927,0.1334941696823482,0.1413793103448276,0.9719125266693496,False,332,12,12,1.0
568,0.0,0.0,0.00021796007902479924,0.0305589063128267,0.034482758620689655,0.07467931927130131,True,76,10,10,0.35060713272911415
569,0.0,0.0,0.007930893675263522,0.10655408122235625,0.1206896551724138,0.8364196754103058,False,265,8,8,1.0
570,0.0,0.0,0.0,0.019702452754322478,0.0011494252873563218,3.164350492865438e-06,True,49,5,5,4.488440415411968e-05
571,0.0,0.0,0.0072650988864764055,0.1451548049859268,0.18275862068965518,0.9286118334803428,False,361,12,12,1.0
572,0.0,0.0,0.0,0.018094089264173704,0.0,1.1479514439435068e-08,True,45,4,4,3.826504813145023e-07
573,2.1004873130566292e-05,0.0,0.001331695617172781,0.06272617611580217,0.07126436781609195,0.9333100462612264,False,156,17,17,1.0
574,0.0,0.0,0.003473185682386681,0.1527945315641335,0.16551724137931034,0.7447081659690107,False,380,11,11,1.0
575,0.0,0.0,0.0007672666814100771,0.03538399678327302,0.04482758620689655,0.9997757791213027,True,88,5,5,1.0
576,0.0,0.0,0.00010107718304733775,0.028950542822677925,0.03908045977011494,0.9536708038107371,True,72,4,4,1.0
577,0.0,0.0,0.0,0.0024125452352231603,0.0022988505747126436,0.14522925326899372,True,6,2,2,0.601363367573473
578,0.0,0.0,0.0011631770593614826,0.06031363088057901,0.059770114942528735,0.39856183867972406,False,150,9,9,1.0
579,0.0,0.0,0.0,0.02010454362685967,0.022988505747126436,0.6963824977806847,True,50,9,9,1.0
580,0.0,0.0,0.007286474011816687,0.03900281463610776,0.08045977011494253,0.9995526122475459,False,97,5,5,1.0
581,0.0,0.0,8.98490107720456e-05,0.029352633695215118,0.0011494252873563218,0.003022974741494607,True,73,12,12,0.020494744010132928
582,0.0,0.0,0.0014298631820388596,0.06232408524326498,0.054022988505747126,0.10207136108846021,False,155,7,7,0.45164319065690356
583,0.0,0.0,0.0,0.04221954161640531,0.0,1.3730698088025053e-12,True,105,5,5,5.720179885804439e-10
584,0.0,0.0,0.0028479892540150763,0.10213108162444713,0.10804597701149425,0.48227327440978435,False,254,9,9,1.0
585,0.0,0.0,0.0,0.007237635705669481,0.0011494252873563218,8.073912024195185e-05,True,18,2,2,0.0007545712172145033
586,0.0,0.0,5.0953972966971834e-05,0.022919179734620022,0.021839080459770115,0.06825152344493014,True,57,5,5,0.32578292813809134
587,0.0,0.0,0.008647315404945285,0.07478890229191798,0.10459770114942529,0.9892967262008292,False,186,8,8,1.0
588,0.0,0.0,0.007237328847501093,0.110172899075191,0.13333333333333333,0.9897881802787707,False,274,6,6,1.0
589,0.0,0.0,0.0012844840131608897,0.042621632488942504,0.06666666666666667,0.9843784750011714,False,106,5,5,1.0
590,0.0,0.0,0.000544495302513213,0.02734217933252915,0.04252873563218391,0.9978632698844586,True,68,5,5,1.0
591,0.0,0.0,0.00432366242263425,0.072778447929232,0.0896551724137931,0.9737379980400291,False,181,8,8,1.0
592,0.0,0.0,0.0,0.014877362283876157,0.0,2.9301832998702133e-06,True,37,4,4,4.246642463580019e-05
593,0.0,0.0,0.0,0.024929634097305992,0.0011494252873563218,7.03739029214584e-05,True,62,8,8,0.0006766721434755615
594,0.0,0.0,0.0010731823452304289,0.0611178126256534,0.054022988505747126,0.9223233439834032,False,152,9,9,1.0
595,0.0,0.0,0.0005319317297130975,0.04061117812625653,0.04252873563218391,0.679665069562766,True,101,6,6,1.0
596,0.0,0.0,0.0,0.016887816646562123,0.0022988505747126436,0.0020463621988368002,True,42,5,5,0.014616872848834289
597,0.0,0.0,0.0002214138236161628,0.029352633695215118,0.04597701149425287,0.9833572661898253,True,73,4,4,1.0
598,0.0,0.0,0.00019337893634296997,0.006433453960595094,0.014942528735632184,0.9247474821085266,True,16,4,4,1.0
599,0.0,0.0,0.0,0.025733815842380377,0.0011494252873563218,0.0001792147284709054,True,64,8,8,0.0015353977907199958
600,0.0,0.0,0.00394047840690477,0.044229995979091274,0.06321839080459771,0.9937175169278797,False,110,5,5,1.0
601,0.0,0.0,0.006164242677458826,0.07559308403699236,0.10459770114942529,0.9817307307205886,False,188,8,8,1.0
602,0.0,0.0,0.0016110605559476892,0.058705267390430235,0.067816091954023,0.9770383545115602,False,146,13,13,1.0
603,0.0,0.0,0.003147332325616683,0.03417772416566144,0.06551724137931035,0.9998891930150338,False,85,7,7,1.0
604,0.0,0.0,0.0009910763965917447,0.033775633293124246,0.05057471264367816,0.9964924933390268,True,84,9,9,1.0
605,0.0,0.0,0.008983980910227693,0.058303176517893046,0.10804597701149425,0.999560037249996,False,145,9,9,1.0
606,0.0,0.0,0.007877731773463398,0.0731805388017692,0.10114942528735632,0.992697589312514,False,182,7,7,1.0
607,0.0,0.0,0.0005312168430984802,0.014877362283876157,0.029885057471264367,0.9963176410051438,True,37,4,4,1.0
608,0.0,0.0,0.0005248888517090084,0.03457981503819863,0.0367816091954023,0.844358705910565,True,86,7,7,1.0
609,0.0,0.0,0.013142343611913894,0.08685162846803378,0.1206896551724138,0.9863048051931926,False,216,11,11,1.0
610,0.0,0.0,0.005492769853385564,0.07478890229191798,0.07471264367816093,0.641568734288998,False,186,5,5,1.0
611,0.0,0.0,0.0027811507887290556,0.07599517490952955,0.07816091954022988,0.9496136234840817,False,189,12,12,1.0
612,0.0,0.0,0.0016765922994804794,0.055890631282669884,0.06321839080459771,0.6235260581991554,False,139,6,6,1.0
613,0.0,0.0,0.004105915884353907,0.04945717732207479,0.0735632183908046,0.999176533278846,False,123,6,6,1.0
614,0.0,0.0,0.0,0.003216726980297547,0.0,0.7024639424240089,True,8,1,1,1.0
615,0.0,0.0,0.001414125663480251,0.0671491757137113,0.059770114942528735,0.9895433127366723,False,167,6,6,1.0
616,0.0,0.0,0.0,0.022114997989545637,0.004597701149425287,0.0017707192813236762,True,55,4,4,0.012877958409626735
617,0.0,0.0,0.0,0.018094089264173704,0.0,5.474891934338997e-10,True,45,3,3,3.532188344734837e-08
618,0.0,0.0,0.0,0.014475271411338963,0.0,1.813048608501215e-05,True,36,7,7,0.0002036786634186283
619,0.0,0.0,0.001645538748604657,0.09851226377161239,0.10804597701149425,0.3062354345845998,False,245,10,10,1.0
620,0.0,0.0,0.0,0.010856453558504222,0.0,1.4595332855360477e-05,True,27,3,3,0.0001668038040612626
621,0.0,0.0,0.0,0.013268998793727383,0.0,9.691434959673364e-08,True,33,3,3,2.335285532451413e-06
622,0.0,0.0,0.004871765197220446,0.09529553679131483,0.09195402298850575,0.6869583778227722,False,237,11,11,1.0
623,0.0,0.0,0.003173751342357869,0.06433453960595094,0.08160919540229886,0.970795635861569,False,160,8,8,1.0
624,0.0,0.0,4.7594945746111984e-05,0.012062726176115802,0.02413793103448276,0.9982155666403314,True,30,5,5,1.0
625,0.0,0.0,0.0013003096003845575,0.05186972255729795,0.06206896551724138,0.8107622126871601,False,129,6,6,1.0
626,0.0,0.0,0.00887682018413252,0.14354644149577805,0.15402298850574714,0.6456740045773243,False,357,8,8,1.0
627,0.0,0.0,0.004619620924731468,0.05548854041013269,0.08160919540229886,0.9993165678155701,False,138,8,8,1.0
628,0.0,0.0,5.2280587340544826e-05,0.006031363088057901,0.010344827586206896,0.9999931626059907,True,15,4,4,1.0
629,0.0,0.0,0.0015516411166252894,0.051065540812223566,0.0896551724137931,0.9999778946601624,False,127,11,11,1.0
630,0.0,0.0,0.0056826170661914205,0.11178126256533977,0.13448275862068965,0.4257040068747504,False,278,9,9,1.0
631,0.0,0.0,4.614824966583757e-05,0.019702452754322478,0.01954022988505747,0.7161124476630869,True,49,4,4,1.0
632,0.0,0.0,0.00530371252327345,0.18375552874949738,0.2,0.578789767870523,False,457,11,11,1.0
633,0.0,0.0,0.0022239864681368724,0.06312826698833937,0.08275862068965517,0.9990690042798224,False,157,7,7,1.0
634,0.0,0.0,4.5584375210624536e-05,0.0024125452352231603,0.021839080459770115,0.9999999213926721,True,6,2,2,1.0
635,0.0,0.0,0.005720218079179115,0.08524326497788501,0.11494252873563218,0.9402682666916886,False,212,8,8,1.0
636,0.0,0.0,0.01038563960942891,0.06634499396863691,0.10229885057471265,0.9977871088379657,False,165,10,10,1.0
637,0.0,0.0,0.0,0.03417772416566144,0.0,2.3544465272839107e-11,True,85,5,5,3.924077545473185e-09
638,0.0,0.0,0.0005920710830561943,0.031363088057901084,0.04252873563218391,0.9954348546500474,True,78,7,7,1.0
639,0.0,0.0,0.002037543891851767,0.04905508644953759,0.07011494252873564,0.9897863873871092,False,122,8,8,1.0
640,0.0,0.0,0.0,0.01889827100924809,0.03103448275862069,0.9680541198940459,True,47,3,3,1.0
641,0.0,0.0,0.0031905515057531553,0.10896662645757942,0.12183908045977011,0.739614524837274,False,271,14,14,1.0
642,0.0,0.0,0.003216817039455213,0.07599517490952955,0.11724137931034483,0.9918276631748151,False,189,10,10,1.0
643,0.0,0.0,0.015220856623139158,0.12545235223160434,0.1632183908045977,0.935771849362214,False,312,8,8,1.0
644,0.0,0.0,0.004728668903571632,0.08283071974266185,0.09310344827586207,0.9600022810236337,False,206,7,7,1.0
645,0.0,0.0,8.168771841894045e-05,0.026537997587454766,0.014942528735632184,0.6421405780792653,True,66,7,7,1.0
646,0.0,0.0,0.0,0.0056292722155207075,0.0022988505747126436,0.0012676906888012675,True,14,4,4,0.009531508938355394
647,0.0,0.0,0.009543828580229136,0.10414153598713309,0.1206896551724138,0.9209648755286832,False,259,8,8,1.0
648,0.0,0.0,0.0006294262644019194,0.03176517893043828,0.041379310344827586,0.9943420393889953,True,79,10,10,1.0
649,0.0,0.0,0.0021836423201075155,0.19782870928829915,0.19885057471264367,0.5336707128727034,False,492,13,13,1.0
650,0.0,0.0,0.0015123727750575944,0.0611178126256534,0.059770114942528735,0.7051488319807994,False,152,6,6,1.0
651,0.0,0.0,0.000241200189753319,0.031363088057901084,0.03793103448275862,0.9614330088026699,True,78,9,9,1.0
652,0.0,0.0,0.00028549523785740606,0.024527543224768796,0.034482758620689655,0.9923948357906655,True,61,6,6,1.0
653,0.0,0.0,0.0015926770876294716,0.058303176517893046,0.05747126436781609,0.6822126845746188,False,145,6,6,1.0
654,0.0,0.0,0.008021081404514118,0.12022517088862082,0.15862068965517243,0.8342012803094281,False,299,8,8,1.0
655,0.0,0.0,0.0006065661072383278,0.03096099718536389,0.04482758620689655,0.9423952417857319,True,77,5,5,1.0
656,0.0,0.0,0.0017923117568174403,0.0735826296743064,0.0839080459770115,0.9916703353802467,False,183,9,9,1.0
657,0.0,0.0,0.00013960912712027696,0.024527543224768796,0.02528735632183908,0.4975464624848031,True,61,7,7,1.0
658,0.0,0.0,0.0001397769433625473,0.039404905508644957,0.013793103448275862,0.13460635386059971,True,98,11,11,0.5643872279270429
659,0.0,0.0,0.0,0.014475271411338963,0.0,9.69818017118353e-10,True,36,5,5,5.387877872879738e-08
660,0.0,0.0,7.555289961641646e-05,0.028950542822677925,0.014942528735632184,0.26532708570687114,True,72,7,7,0.9736773787408115
661,0.0,0.0,0.00661367363872795,0.09891435464414958,0.11149425287356322,0.6204990574586896,False,246,6,6,1.0
662,0.0,0.0,0.008896598871276975,0.08685162846803378,0.1,0.9950815233133318,False,216,6,6,1.0
663,0.0,0.0,0.003671545063510389,0.06433453960595094,0.09310344827586207,0.9997249788377517,False,160,6,6,1.0
664,0.0,0.0,0.0008767238655585713,0.03538399678327302,0.047126436781609195,0.9878055072810691,True,88,4,4,1.0
665,0.0,0.0,0.0003172802526158906,0.033775633293124246,0.027586206896551724,0.25688724160837234,True,84,11,11,0.9567495031969175
666,0.0,0.0,0.0004280369806150592,0.006433453960595094,0.03793103448275862,0.9999999776622407,True,16,4,4,1.0
667,0.0,0.0,0.0018650736183682078,0.04825090470446321,0.0735632183908046,0.9989428985327143,False,120,8,8,1.0
668,0.0,0.0,0.0010389086388832825,0.038198632891033375,0.05172413793103448,0.9110271463233635,False,95,4,4,1.0
669,0.0,0.0,0.0,0.033775633293124246,0.0,7.62982422378281e-10,True,84,4,4,4.35989955644732e-08
670,0.0,0.0,0.0,0.01527945315641335,0.027586206896551724,0.9815263402721309,True,38,4,4,1.0
671,0.0,0.0,0.00032806764635933696,0.039404905508644957,0.029885057471264367,0.8275282276187581,True,98,6,6,1.0
672,0.0,0.0,0.0014107599177763661,0.0611178126256534,0.059770114942528735,0.6143886755702296,False,152,8,8,1.0
673,0.0,0.0,7.307917185980275e-05,0.02372336147969441,0.02413793103448276,0.14801492632491925,True,59,8,8,0.6091149231478158
674,0.0,0.0,0.0,0.018496180136710897,0.02413793103448276,0.8056821989917935,True,46,2,2,1.0
675,0.0,0.0,0.002683404383517526,0.06031363088057901,0.09425287356321839,0.9879800095799679,False,150,8,8,1.0
676,0.0,0.0,0.0,0.020908725371934056,0.0,1.1431009499073225e-08,True,52,5,5,3.826504813145023e-07
677,0.0,0.0,0.0001194902057085806,0.018094089264173704,0.021839080459770115,0.5878783756538669,True,45,5,5,1.0
678,0.0,0.0,8.727783485040087e-05,0.02010454362685967,0.004597701149425287,0.06203797693621093,True,50,12,12,0.29897820210222137
679,0.0,0.0,0.0,0.01769199839163651,0.0011494252873563218,9.639067875207493e-08,True,44,7,7,2.335285532451413e-06
680,0.0,0.0,0.00019395694982862527,0.024527543224768796,0.022988505747126436,0.6371957559312198,True,61,8,8,1.0
681,0.0,0.0,0.0024527495531682115,0.024929634097305992,0.06666666666666667,0.9999716842751838,False,62,6,6,1.0
682,0.0,0.0,0.00027911001059739964,0.03739445114595899,0.035632183908045977,0.3356655304038823,True,93,7,7,1.0
683,0.0,0.0,0.004549052679567676,0.06031363088057901,0.07586206896551724,0.8361581339824941,False,150,7,7,1.0
684,0.0,0.0,0.0021929417162715363,0.1640530759951749,0.17126436781609194,0.5518378802992032,False,408,20,20,1.0
685,0.0,0.0,0.0005581297701414227,0.029754724567752314,0.03908045977011494,0.7898053055402776,True,74,5,5,1.0
686,0.0,0.0,0.005825440969534159,0.07076799356654603,0.07586206896551724,0.9487108112518815,False,176,6,6,1.0
687,0.0,0.0,0.00922878587458368,0.09248090068355448,0.12413793103448276,0.9622637016008277,False,230,8,8,1.0
688,0.0,0.0,0.0038923794914753093,0.047044632086851626,0.067816091954023,0.9923390206181689,False,117,7,7,1.0
689,0.0,0.0,0.0057803206966292025,0.13791716928025735,0.1632183908045977,0.8691477390416841,False,343,8,8,1.0
690,0.0,0.0,3.6193735193468974e-05,0.03096099718536389,0.03793103448275862,0.9704424595538753,True,77,3,3,1.0
691,0.0,0.0,0.0,0.01648572577402493,0.0034482758620689655,0.07722369878312947,True,41,4,4,0.3604231681104203
692,0.0,0.0,0.0014913058994172278,0.04945717732207479,0.06091954022988506,0.992145068607787,False,123,7,7,1.0
693,0.0,0.0,0.0,0.014475271411338963,0.0,0.00013403220669015858,True,36,6,6,0.0011809004994727628
694,0.0,0.0,0.009505539146615056,0.1636509851226377,0.16206896551724137,0.2795118706184523,False,407,9,9,1.0
695,0.0,0.0,0.0022102051027856505,0.0912746280659429,0.08850574712643679,0.25770780571035123,False,227,14,14,0.9580215825663615
696,0.0,0.0,0.0018415649348516782,0.0848411741053478,0.08850574712643679,0.8874944586670918,False,211,4,4,1.0
697,0.0,0.0,0.0,0.022919179734620022,0.0,9.354292810385029e-07,True,57,2,2,1.5087569049008111e-05
698,0.0,0.0,0.00010359637835823354,0.019702452754322478,0.008045977011494253,0.07950794012884999,True,49,9,9,0.3680923154113425
699,0.0,0.0,0.006139677681510266,0.06473663047848814,0.10459770114942529,0.9999899703657915,False,161,11,11,1.0
700,0.0,0.0,0.002422855388874979,0.09489344591877764,0.10114942528735632,0.5560716198122617,False,236,8,8,1.0
701,0.0,0.0,0.00037632282759718784,0.03457981503819863,0.03908045977011494,0.8169870587085534,True,86,4,4,1.0
702,0.0,0.0,0.009030236737617775,0.05629272215520708,0.0839080459770115,0.9996061685654436,False,140,9,9,1.0
703,0.0,0.0,0.0,0.0036188178528347406,0.0,0.09937503880045179,True,9,1,1,0.44166683911311905
704,0.0,0.0,0.0,0.0004020908725371934,0.0011494252873563218,0.7376461607464979,True,1,1,1,1.0
705,0.0,0.0,0.00018921393006935907,0.027744270205066344,0.03908045977011494,0.3857794824880886,True,69,4,4,1.0
706,0.0,0.0,0.0,0.02010454362685967,0.0,1.6548797838609857e-10,True,50,4,4,1.5760759846295103e-08
707,0.000350368171441988,0.0004164435718960081,0.002952523860625845,0.30800160836349016,0.2632183908045977,0.03170562919859182,False,766,32,32,0.16556464333468315
708,0.0,0.0,0.0017848002720217125,0.052673904302372336,0.08160919540229886,0.9464470731717224,False,131,5,5,1.0
709,0.0,0.0,0.0,0.011258544431041415,0.0011494252873563218,0.0019254310238370797,True,28,3,3,0.013934561098935835
710,0.0,0.0,0.011999226921560668,0.07117008443908324,0.09885057471264368,0.997357817242201,False,177,12,12,1.0
711,0.0,0.0,0.006789714994911031,0.07076799356654603,0.08505747126436781,0.8360154178810364,False,176,8,8,1.0
712,0.0,0.0,7.794027436342021e-05,0.02251708886208283,0.02413793103448276,0.3411631324289416,True,56,6,6,1.0
713,0.0,0.0,0.0008879228551166588,0.04945717732207479,0.04252873563218391,0.25156625699962165,True,123,8,8,0.9421957190997066
714,0.0,0.0,0.006042194179905484,0.05347808604744672,0.09885057471264368,0.9992151382568322,False,133,8,8,1.0
715,0.0,0.0,0.00549859974153581,0.17571371129875352,0.18045977011494252,0.586522341375895,False,437,12,12,1.0
716,0.0,0.0,0.0,0.020908725371934056,0.02413793103448276,0.4573220309549605,True,52,7,7,1.0
717,0.0,0.0,0.0022208073486357344,0.03297145154804986,0.067816091954023,0.9926683093207074,False,82,9,9,1.0
718,0.0,0.0,0.0,0.0004020908725371934,0.013793103448275862,0.9999999991530939,True,1,1,1,1.0
719,0.0,0.0,0.00379206440079159,0.13228789706473662,0.16091954022988506,0.5556752078345384,False,329,17,17,1.0
720,0.0,0.0,0.01520601688753682,0.13671089666264577,0.19195402298850575,0.9996130793079342,False,340,12,12,1.0
721,0.0,0.0,0.005940656657632235,0.06835544833132289,0.09195402298850575,0.9618763285580471,False,170,13,13,1.0
722,0.0,0.0,0.004921353167228946,0.10092480900683555,0.11609195402298851,0.9994839338898754,False,251,6,6,1.0
723,0.0,0.0,0.0,0.013268998793727383,0.0011494252873563218,2.9558995627610123e-06,True,33,6,6,4.253092896059011e-05
724,0.0,0.0,6.225281633392879e-05,0.01648572577402493,0.029885057471264367,0.8892249135512841,True,41,4,4,1.0
725,0.0,0.0,0.01013065546762658,0.12545235223160434,0.135632183908046,0.767860366084469,False,312,8,8,1.0
726,0.0,0.0,0.00853932041161451,0.10052271813429835,0.11839080459770115,0.7927984321869845,False,250,8,8,1.0
727,0.0,0.0,0.0047851911128439705,0.20386007237635706,0.23908045977011494,0.935838480241619,False,507,13,13,1.0
728,0.0,0.0,0.0,0.0056292722155207075,0.0034482758620689655,0.32678232439890365,True,14,4,4,1.0
729,0.0,0.0,0.00018234911939055481,0.018094089264173704,0.021839080459770115,0.9973994812101855,True,45,5,5,1.0
730,0.0,0.0,0.0,0.010052271813429835,0.0,0.0001434543072837059,True,25,5,5,0.0012420286344909603
731,0.0,0.0,0.0021060100354797734,0.0856453558504222,0.1,0.782722372863071,False,213,8,8,1.0
732,0.0,0.0,0.0031790885482552915,0.07679935665460394,0.08620689655172414,0.9994434393663252,False,191,6,6,1.0
733,0.0,0.0,0.009768987762005887,0.10896662645757942,0.14597701149425288,0.9559028490791739,False,271,8,8,1.0
734,0.0,0.0,0.004222568600819786,0.18455971049457176,0.19080459770114944,0.7355258568061983,False,459,13,13,1.0
735,0.0,0.0,0.0011164540255910647,0.04101326899879373,0.05517241379310345,0.9735557020581279,False,102,7,7,1.0
736,0.0,0.0,0.0005775552771505835,0.028548451950140732,0.04367816091954023,0.9983409653627558,True,71,6,6,1.0
737,0.0,0.0,0.0007769307821151742,0.02332127060715722,0.04597701149425287,0.9997970537555642,True,58,4,4,1.0
738,0.0,0.0,6.527174555473559e-05,0.028950542822677925,0.03908045977011494,0.1276315231965729,True,72,4,4,0.5408115389685293
739,0.0,0.0,8.268078654421324e-05,0.010454362685967028,0.02413793103448276,0.9964551378287805,True,26,4,4,1.0
740,0.0,0.0,0.0,0.021712907117008445,0.0,1.3967491639986635e-08,True,54,4,4,4.3824850699097294e-07
741,0.0,0.0,0.00038978549561982477,0.033775633293124246,0.034482758620689655,0.9160138822723127,True,84,5,5,1.0
742,0.0,0.0,0.0031547898039137796,0.04784881383192602,0.07126436781609195,0.9987019713194615,False,119,4,4,1.0
743,0.0,0.0,0.0010946938514129762,0.03498190591073583,0.05057471264367816,0.9820120125382753,False,87,5,5,1.0
744,0.0,0.0,0.0029631550882357077,0.2376357056694813,0.2367816091954023,0.6032895609462888,False,591,14,14,1.0
745,0.0,0.0,0.0,0.009650180940892641,0.005747126436781609,0.23261782777231715,True,24,6,6,0.8912560451046634
746,0.0,0.0,0.0043981994928725555,0.06353035786087656,0.08505747126436781,0.9932970114313292,False,158,7,7,1.0
747,0.0,0.0,0.0,0.010454362685967028,0.0,3.806121110758493e-05,True,26,2,2,0.00038837970517943807
748,0.0,0.0,0.0016765249300046546,0.051065540812223566,0.06551724137931035,0.9479280881335977,False,127,7,7,1.0
749,0.0,0.0,0.00775393435369177,0.08725371934057097,0.11149425287356322,0.9293787470422287,False,217,8,8,1.0
750,0.0,0.0,5.239517511268953e-05,0.014877362283876157,0.021839080459770115,0.9971737916133863,True,37,2,2,1.0
751,0.0,0.0,0.0,0.01889827100924809,0.0022988505747126436,0.000385895053775962,True,47,7,7,0.0031120568852900164
752,0.0,0.0,0.001368334972420575,0.055890631282669884,0.06551724137931035,0.8123734880813229,False,139,12,12,1.0
753,0.0,0.0,0.0035173561975429418,0.06232408524326498,0.08275862068965517,0.8597930580447318,False,155,8,8,1.0
754,0.0,0.0,0.0001668317690355617,0.04342581423401689,0.01264367816091954,0.5109577639855797,True,108,4,4,1.0
755,0.0,0.0,0.00011935753273026005,0.028548451950140732,0.011494252873563218,4.136892374427575e-06,True,71,7,7,5.5528756703725844e-05
756,0.0,0.0,0.0022553702847189537,0.07076799356654603,0.07011494252873564,0.991655722384854,False,176,5,5,1.0
757,0.0,0.0,0.003563338534398725,0.08644953759549658,0.08850574712643679,0.5407897756352662,False,215,7,7,1.0
758,0.0,0.0,0.008765455913185873,0.038198632891033375,0.07471264367816093,0.9998196873417491,False,95,7,7,1.0
759,0.0,0.0,0.003306242055504488,0.09006835544833132,0.09080459770114943,0.9675010388971489,False,224,8,8,1.0
760,0.0,0.0,0.004903512140181932,0.14032971451548049,0.17126436781609194,0.8755878813785627,False,349,8,8,1.0
761,0.0,0.0,0.0004041504973511734,0.02694008845999196,0.034482758620689655,0.7647604031662325,True,67,8,8,1.0
762,0.0,0.0,0.0016060297996102714,0.051065540812223566,0.06206896551724138,0.9992852977812149,False,127,5,5,1.0
763,0.0,0.0,0.0,0.02372336147969441,0.0,2.1753977131950162e-10,True,59,3,3,1.977634284722742e-08
764,0.0,0.0,0.0,0.006031363088057901,0.004597701149425287,0.10611618108751009,True,15,8,8,0.4654218468750443
765,0.0,0.0,0.015066412980261906,0.09650180940892641,0.14022988505747128,0.996726776768851,False,240,12,12,1.0
766,0.0,0.0,0.00039630364471544984,0.06433453960595094,0.03333333333333333,0.07096185903394556,True,160,5,5,0.3371109692824017
767,0.0,0.0,0.005600433102660954,0.09489344591877764,0.11149425287356322,0.870128541421876,False,236,7,7,1.0
768,0.0,0.0,0.004886515009907162,0.05227181342983514,0.07931034482758621,0.9972511104480691,False,130,8,8,1.0
769,0.0,0.0,0.0004719816125857107,0.008443908323281062,0.0011494252873563218,0.2740657397058729,True,21,6,6,0.9894070025482775
770,0.0,0.0,0.00346361648941251,0.12585444310414154,0.1425287356321839,0.9665889046249901,False,313,12,12,1.0
771,0.0,0.0,0.0007134168004181301,0.036992360273421794,0.047126436781609195,0.9841399724707479,True,92,11,11,1.0
772,0.0,0.0,0.00021875405200402938,0.038198632891033375,0.016091954022988506,0.2731765541317676,True,95,7,7,0.987980304274024
773,0.0,0.0,0.004185271452837755,0.08765581021310816,0.08620689655172414,0.6962340998693115,False,218,8,8,1.0
774,0.0,0.0,0.0,0.018094089264173704,0.0,1.6950954468075836e-08,True,45,5,5,5.136652869113889e-07
775,0.0,0.0,0.0,0.012464817048652996,0.0,3.4688668453465206e-07,True,31,4,4,6.545031783672681e-06
776,0.0,0.0,0.005140838183983229,0.07157217531162043,0.0735632183908046,0.8505425879099839,False,178,13,13,1.0
777,0.0,0.0,0.0006874021721632915,0.032569360675512665,0.04597701149425287,0.37471182955388077,True,81,5,5,1.0
778,0.0,0.0,0.0,0.022114997989545637,0.0,6.561428417650752e-08,True,55,1,1,1.6824175429873724e-06
779,0.0,0.0,0.0002686436463426894,0.02694008845999196,0.01264367816091954,0.923687961965754,True,67,6,6,1.0
780,0.0,0.0,0.0079947805020539,0.08082026537997587,0.1103448275862069,0.9992956287234344,False,201,11,11,1.0
781,0.0,0.0,0.0014054127813780029,0.039404905508644957,0.06091954022988506,0.9838224073897066,False,98,9,9,1.0
782,0.0,0.0,0.005610878181314193,0.08926417370325694,0.10574712643678161,0.9747579172714685,False,222,11,11,1.0
783,0.0,0.0,0.0,0.020506634499396863,0.0011494252873563218,3.6960776810046164e-10,True,51,5,5,2.640055486431869e-08
784,0.0,0.0,0.0004566237701055514,0.05227181342983514,0.03218390804597701,0.9761489969400857,True,130,6,6,1.0
785,0.0,0.0,0.0036313017980340086,0.14032971451548049,0.13908045977011493,0.16408242835759607,False,349,9,9,0.667001741291041
786,0.0,0.0,0.0015606911113318165,0.03538399678327302,0.067816091954023,0.998127743454934,False,88,4,4,1.0
787,0.0,0.0,0.002831541501560273,0.04302372336147969,0.05862068965517241,0.9542437678834987,False,107,5,5,1.0
788,0.0,0.0,0.0013920412180009418,0.04624045034177724,0.06666666666666667,0.9491546582761993,False,115,10,10,1.0
789,0.00019709288049822127,0.0002247443532981234,0.001618077386506734,0.1355046240450342,0.13333333333333333,0.18263457646062314,False,337,23,23,0.7334721946209766
790,0.0,0.0,0.0002836281130936434,0.014475271411338963,0.027586206896551724,0.9997130211960652,True,36,5,5,1.0
791,0.0,0.0,0.0007891556687871628,0.013671089666264576,0.04597701149425287,0.9999997648105292,True,34,5,5,1.0
792,0.0,0.0,0.0011584702058904598,0.03538399678327302,0.05517241379310345,0.9993746043633641,False,88,4,4,1.0
793,0.0,0.0,0.0021696727808926766,0.0486529955770004,0.06321839080459771,0.9801568524830657,False,121,6,6,1.0
794,0.0,0.0,0.0019822242115788867,0.17893043827905106,0.1632183908045977,0.3946666700803397,False,445,13,13,1.0
795,0.0,0.0,0.003067269240399783,0.05669481302774427,0.06666666666666667,0.5429424992509853,False,141,11,11,1.0
796,0.0,0.0,9.814254951504403e-05,0.013268998793727383,0.022988505747126436,0.9998863162451702,True,33,2,2,1.0
797,0.0,0.0,0.003207123960368843,0.10132689987937274,0.09885057471264368,0.8766190246360567,False,252,10,10,1.0
798,0.0,0.0,0.007596556008033635,0.08122235625251306,0.10344827586206896,0.9209314356480163,False,202,8,8,1.0
799,0.0,0.0,0.0007697234471086814,0.028548451950140732,0.047126436781609195,0.8646904298964185,True,71,4,4,1.0
800,0.0,0.0,0.012606834696575852,0.08765581021310816,0.11494252873563218,0.975987512812709,False,218,13,13,1.0
801,0.0,0.0,0.0,0.012062726176115802,0.0,1.1150686189596169e-07,True,30,4,4,2.563376135539349e-06
802,0.0,0.0,0.0,0.02332127060715722,0.0011494252873563218,9.869362111120208e-09,True,58,3,3,3.462934074077266e-07
803,0.0,0.0,0.000255066233319582,0.04221954161640531,0.029885057471264367,0.11636205046715786,True,105,8,8,0.5045514064315565
804,0.0,0.0,0.0034203626135974104,0.05950944913550463,0.07011494252873564,0.925029749344556,False,148,6,6,1.0
805,0.0,0.0,0.011089104069854864,0.07197426618415761,0.1,0.9703898132732004,False,179,7,7,1.0
806,0.0,0.0,0.0008176991258517815,0.026537997587454766,0.03908045977011494,0.9977775259759463,True,66,6,6,1.0
807,0.0,0.0,0.0001798064187643042,0.0305589063128267,0.021839080459770115,0.9021026486765269,True,76,5,5,1.0
808,0.0,0.0,0.001561019602765369,0.15440289505428226,0.1367816091954023,0.5601893197933139,False,384,13,13,1.0
809,0.0,0.0,0.0019509485914049876,0.09811017289907518,0.1103448275862069,0.6609091128709941,False,244,11,11,1.0
810,0.0,0.0,0.0,0.012464817048652996,0.021839080459770115,0.9591115237701469,True,31,3,3,1.0
811,0.0,0.0,0.0029522414695550827,0.07036590269400884,0.09195402298850575,0.9999995370281739,False,175,7,7,1.0
812,0.0,0.0,5.6825637555589206e-05,0.033775633293124246,0.004597701149425287,0.012920614820339767,True,84,7,7,0.07468563479965183
813,0.0,0.0,0.004265274241637586,0.12706071572175312,0.11839080459770115,0.2659467451694637,False,316,9,9,0.9741639017196473
814,0.0,0.0,0.014482225199299545,0.08644953759549658,0.11954022988505747,0.9893654044081137,False,215,12,12,1.0
815,0.0,0.0,0.0,0.010454362685967028,0.0,0.017564768279437388,True,26,2,2,0.0983641237283555
816,0.0,0.0,0.004160315697560234,0.06272617611580217,0.07816091954022988,0.9696780958326444,False,156,6,6,1.0
817,0.0,0.0,0.0,0.020506634499396863,0.0,3.5543911453905747e-06,True,51,4,4,4.902608476400792e-05
818,0.0,0.0,0.001034303714593995,0.045436268596702856,0.052873563218390804,0.034291428399722594,False,113,12,12,0.17767579481721552
819,0.0,0.0,0.004754942004410482,0.09529553679131483,0.11609195402298851,0.9989898010638777,False,237,6,6,1.0
820,0.0,0.0,0.0,0.011258544431041415,0.0,0.0010021891986716658,True,28,8,8,0.007630817044730304
821,0.0,0.0,0.004856967723658096,0.0611178126256534,0.09655172413793103,0.9979012205713618,False,152,7,7,1.0
822,0.0,0.0,0.0030626846037687147,0.06634499396863691,0.09195402298850575,0.8436388955838039,False,165,8,8,1.0
823,0.0,0.0,0.0004564535011434271,0.03779654201849618,0.020689655172413793,0.8865690754773847,True,94,8,8,1.0
824,0.0,0.0,0.0007113019082444204,0.0036188178528347406,0.04252873563218391,0.9999999999999815,True,9,2,2,1.0
825,0.0,0.0,0.0024084492807800056,0.07519099316445517,0.06896551724137931,0.9297070279064147,False,187,6,6,1.0
826,0.0,0.0,0.00014164474898888693,0.04221954161640531,0.013793103448275862,0.27484949818374876,True,105,5,5,0.9904486421035992
827,0.0,0.0,0.0016503723800430998,0.1278648974668275,0.12873563218390804,0.4026196084357339,False,318,8,8,1.0
828,0.0,0.0,0.0021469211789439625,0.057096903900281465,0.059770114942528735,0.43855942997457487,False,142,11,11,1.0
829,0.0,0.0,0.0002736137357359107,0.0004020908725371934,0.035632183908045977,0.9999999999979131,True,1,1,1,1.0
830,0.0,0.0,0.0,0.0056292722155207075,0.0,0.9916046587836027,True,14,3,3,1.0
831,0.0,0.0,0.0,0.01769199839163651,0.0011494252873563218,0.023823428515304577,True,44,4,4,0.12842818606633194
832,0.0,0.0,0.002407390337166083,0.0792119018898271,0.07931034482758621,0.6612031791204918,False,197,8,8,1.0
833,0.0,0.0,0.0001146857920109549,0.024929634097305992,0.041379310344827586,0.9284017385604746,True,62,3,3,1.0
834,0.0,0.0,0.0003241043069520098,0.02332127060715722,0.03908045977011494,0.9997458296301157,True,58,6,6,1.0
835,0.0,0.0,0.0,0.011258544431041415,0.0034482758620689655,0.007620523937287294,True,28,5,5,0.04654311127191437
836,0.0,0.0,0.001147391337805257,0.0550864495375955,0.05747126436781609,0.9781252072409378,False,137,7,7,1.0
837,0.0,0.0,0.0014252605190260147,0.02613590671491757,0.05632183908045977,0.9998713171156312,False,65,11,11,1.0
838,0.0,0.0,0.0,0.03498190591073583,0.0011494252873563218,2.016569964275312e-08,True,87,6,6,5.793664824962853e-07
839,0.0,0.0,0.000820792792311018,0.04221954161640531,0.04252873563218391,0.9966560962138561,True,105,5,5,1.0
840,0.0,0.0,0.00041252083785564,0.003216726980297547,0.040229885057471264,0.9999999999910102,True,8,2,2,1.0
841,0.0,0.0,0.0015265404808753103,0.07880981101728991,0.07011494252873564,0.34996124458276184,False,196,15,15,1.0
842,0.0,0.0,0.0001364424505563564,0.03739445114595899,0.027586206896551724,0.546181094887252,True,93,6,6,1.0
843,0.0,0.0,0.0002606280330247877,0.02372336147969441,0.03218390804597701,0.9691993627319053,True,59,5,5,1.0
844,0.0,0.0,0.0006232392206034827,0.019702452754322478,0.035632183908045977,0.9999999543460384,True,49,3,3,1.0
845,0.0,0.0,0.00017582078887662077,0.02694008845999196,0.035632183908045977,0.8624485414489496,True,67,6,6,1.0
846,0.0,0.0,0.0,0.0036188178528347406,0.0,0.2890722977769549,True,9,1,1,1.0
847,0.0,0.0,0.0018481657585769648,0.06875753920386007,0.07701149425287357,0.8514923583564398,False,171,11,11,1.0
848,0.0,0.0,0.00015992230901460552,0.020908725371934056,0.020689655172413793,0.8891809788997448,True,52,6,6,1.0
849,0.0,0.0,8.847571542950906e-05,0.033775633293124246,0.022988505747126436,0.058243248872999843,True,84,8,8,0.28342213563503577
850,0.0,0.0,0.0,0.02814636107760354,0.0367816091954023,0.9589313247241543,True,70,3,3,1.0
851,0.0,0.0,0.0,0.0028146361077603537,0.0,0.0321071147235539,True,7,1,1,0.16722455585184323
852,0.0,0.0,0.005222486912548568,0.11097708082026538,0.12643678160919541,0.9968037938908471,False,276,6,6,1.0
853,0.0,0.0,0.0,0.004020908725371934,0.008045977011494253,0.9153122790862805,True,10,3,3,1.0
854,0.0,0.0,0.004932192861508784,0.05910735826296743,0.09425287356321839,0.9993667744197461,False,147,6,6,1.0
855,0.0,0.0,0.0056213168945121956,0.11499798954563731,0.12988505747126436,0.8480516446524146,False,286,8,8,1.0
856,0.0,0.0,0.0010515717266600488,0.05186972255729795,0.054022988505747126,0.2588526544457216,False,129,9,9,0.958713534984154
857,0.0,0.0,0.0022722245372523552,0.08966626457579413,0.09540229885057472,0.7995970939984383,False,223,5,5,1.0
858,0.0,0.0,0.0008748001560784027,0.04382790510655408,0.04252873563218391,0.3551335518687202,True,109,8,8,1.0
859,0.0,0.0,0.005989114351589627,0.09087253719340571,0.09655172413793103,0.9291083764619376,False,226,7,7,1.0
860,0.0,0.0,0.0030615052518310434,0.049859268194611985,0.06896551724137931,0.9045710437723038,False,124,12,12,1.0
861,0.0,0.0,0.004201421035797073,0.08283071974266185,0.1,0.9858692946307944,False,206,8,8,1.0
862,0.0,0.0,0.0001958469672960198,0.020506634499396863,0.03333333333333333,0.9991494917912584,True,51,5,5,1.0
863,0.0,0.0,0.004022120503071066,0.10574989947728186,0.1367816091954023,0.9968953803094996,False,263,13,13,1.0
864,0.0,0.0,0.00018240959669390075,0.025733815842380377,0.0367816091954023,0.18744844284180506,True,64,3,3,0.7468065451864744
865,0.0,0.0,0.002410285385881289,0.036992360273421794,0.067816091954023,0.9996147635816671,False,92,8,8,1.0
866,0.0,0.0,0.005861223788722473,0.07840772014475271,0.10919540229885058,0.9644057886274091,False,195,9,9,1.0
867,0.0,0.0,0.01565307382497094,0.10454362685967028,0.13218390804597702,0.9912418210923176,False,260,11,11,1.0
868,0.0,0.0,5.9654529891510765e-05,0.016083634901487735,0.0022988505747126436,0.3866319801369169,True,40,4,4,1.0
869,0.0,0.0,0.00010148446237499878,0.027744270205066344,0.034482758620689655,0.9846953568474054,True,69,4,4,1.0
870,0.0,0.0,7.924632932594953e-05,0.012464817048652996,0.020689655172413793,0.9654021890370468,True,31,4,4,1.0
871,0.0,0.0,0.0,0.010856453558504222,0.0011494252873563218,0.02160099208095094,True,27,3,3,0.11739669609212468
872,0.0,0.0,0.0003190758605429586,0.02010454362685967,0.022988505747126436,0.9907660214579355,True,50,9,9,1.0
873,0.0,0.0,0.0006585944954596358,0.025331724969843185,0.040229885057471264,0.9999859686708066,True,63,4,4,1.0
874,0.0,0.0,0.00012497012688407296,0.019702452754322478,0.021839080459770115,0.7287951489395712,True,49,4,4,1.0
875,0.0,0.0,0.0002737233415700828,0.04624045034177724,0.021839080459770115,0.2238814102114315,True,115,8,8,0.8660789563304894
876,0.0,0.0,0.0,0.024929634097305992,0.0034482758620689655,0.0073955360949904915,True,62,3,3,0.04537138708583124
877,0.0,0.0,0.013829039392227908,0.09529553679131483,0.12988505747126436,0.937208853499951,False,237,8,8,1.0
878,0.0,0.0,0.014915498379151659,0.10615199034981906,0.1367816091954023,0.9987332537532804,False,264,13,13,1.0
879,0.0,0.0,0.0005384799208725233,0.04101326899879373,0.03908045977011494,0.27165463279846525,True,102,9,9,0.9860422243138484
880,0.0,0.0,0.0049754386249990816,0.04945717732207479,0.08850574712643679,0.999051134382681,False,123,8,8,1.0
881,0.0,0.0,0.0,0.01769199839163651,0.0022988505747126436,7.33494336114865e-07,True,44,3,3,1.232763590109017e-05
882,0.0,0.0,2.7600742710892486e-05,0.011258544431041415,0.022988505747126436,0.9940022888303591,True,28,1,1,1.0
883,0.0,0.0,0.0008607321865185398,0.04061117812625653,0.047126436781609195,0.9958253007420739,True,101,5,5,1.0
884,0.0,0.0,0.0,0.02734217933252915,0.021839080459770115,0.37347629188726006,True,68,5,5,1.0
885,0.0,0.0,0.0,0.026537997587454766,0.0,1.6395204152909116e-09,True,66,8,8,7.997660562394691e-08
886,0.0,0.0,0.0019230689721735435,0.07197426618415761,0.08620689655172414,0.9561175774905514,False,179,11,11,1.0
887,0.0,0.0,0.0,0.021712907117008445,0.0034482758620689655,0.0006128640878612924,True,54,8,8,0.004825701479222775
888,0.0,0.0,0.0035164524326885887,0.06192199437072778,0.08160919540229886,0.9393550390669114,False,154,8,8,1.0
889,0.0,0.0,0.005246413069595117,0.06835544833132289,0.0896551724137931,0.912699187193557,False,170,12,12,1.0
890,0.0,0.0,0.0066319762416233675,0.06272617611580217,0.08735632183908046,0.9711102147776104,False,156,8,8,1.0
891,0.0,0.0,0.0006707568603643493,0.021712907117008445,0.04252873563218391,0.9988225759604935,True,54,5,5,1.0
892,0.0,0.0,0.00015205240857005503,0.016083634901487735,0.03333333333333333,0.9990891784183162,True,40,5,5,1.0
893,0.0,0.0,0.001153284098830943,0.0800160836349015,0.06091954022988506,0.7546880337576389,False,199,13,13,1.0
894,0.0,0.0,0.0,0.012866907921190189,0.0,0.0015367806716903292,True,32,6,6,0.011383560531039475
895,0.0,0.0,0.003698255440701534,0.08966626457579413,0.1103448275862069,0.9870303103887353,False,223,11,11,1.0
896,0.0,0.0,0.013095985271635194,0.11741053478086047,0.16091954022988506,0.9642446271989842,False,292,8,8,1.0
897,0.0,0.0,0.0,0.012062726176115802,0.0,4.1908607877643015e-07,True,30,2,2,7.689652821585874e-06
898,0.0,0.0,0.00027721942102453565,0.016887816646562123,0.027586206896551724,0.9936898944080859,True,42,5,5,1.0
899,0.0,0.0,6.003919535029497e-05,0.03498190591073583,0.0011494252873563218,6.605850618565622e-06,True,87,9,9,8.415096329382959e-05
900,0.0,0.0,0.0006028763592788857,0.008443908323281062,0.005747126436781609,0.3803360487467864,True,21,9,9,1.0
901,0.0,0.0,0.0,0.010454362685967028,0.0,0.106656645808762,True,26,2,2,0.4667686906291553
902,0.0,0.0,0.0,0.024125452352231604,0.0,5.377356288827039e-05,True,60,1,1,0.0005324115137452514
903,0.0,0.0,0.0018927417699545405,0.12505026135906716,0.11724137931034483,0.4518407788715249,False,311,6,6,1.0
904,0.0,0.0,0.01677834763726126,0.12303980699638119,0.15977011494252874,0.9362020098755693,False,306,8,8,1.0
905,0.0,0.0,0.0025316794133417027,0.027744270205066344,0.06091954022988506,0.9999770707240198,False,69,6,6,1.0
906,0.0,0.0,0.0,0.014475271411338963,0.004597701149425287,0.004284346872027101,True,36,5,5,0.028186492579125665
907,0.0,0.0,0.0005163700503546164,0.027744270205066344,0.04482758620689655,0.9840871397625868,True,69,4,4,1.0
908,0.0,0.0,0.006282620716784578,0.08805790108564536,0.1,0.6822715696920263,False,219,8,8,1.0
909,0.0,0.0,0.00018794994627371604,0.032569360675512665,0.022988505747126436,0.7393625822214556,True,81,6,6,1.0
910,0.0,0.0,0.0040982339632680736,0.058303176517893046,0.07586206896551724,0.9628494482632086,False,145,7,7,1.0
911,0.0,0.0,0.00010649306022197926,0.03498190591073583,0.020689655172413793,0.39209660115706507,True,87,6,6,1.0
912,0.0,0.0,0.0,0.027744270205066344,0.008045977011494253,9.271117866192342e-05,True,69,8,8,0.0008507870281874028
913,0.0,0.0,0.0,0.01769199839163651,0.0,3.2418303170814855e-05,True,44,5,5,0.0003376906580293214
914,0.0,0.0,0.0,0.0024125452352231603,0.0,0.015002450568985947,True,6,4,4,0.08597392876209713
915,0.0,0.0,0.007707152620955561,0.07157217531162043,0.08850574712643679,0.9589100590635288,False,178,9,9,1.0
916,0.0,0.0,0.006256843003217727,0.07961399276236429,0.09655172413793103,0.9133237780271135,False,198,8,8,1.0
917,0.0,0.0,0.0,0.016083634901487735,0.0,3.3303784788377427e-07,True,40,3,3,6.343578054929033e-06
918,0.0,0.0,0.0021758324997800814,0.17289907519099315,0.13333333333333333,0.09728962979291345,False,430,13,13,0.4362763667843652
919,0.0,0.0,0.0010320807517776027,0.03337354242058705,0.054022988505747126,0.9307728164182605,False,83,6,6,1.0
920,0.0,0.0,0.0018295692329077069,0.04905508644953759,0.059770114942528735,0.9575264406564816,False,122,8,8,1.0
921,0.0,0.0,0.0008494342060343822,0.03498190591073583,0.047126436781609195,0.9635459213284641,True,87,4,4,1.0
922,0.0,0.0,0.008239853811366896,0.12907117008443908,0.15977011494252874,0.9904566010586557,False,321,15,15,1.0
923,0.0,0.0,0.0,0.019300361881785282,0.01954022988505747,0.8351334347545469,True,48,3,3,1.0
924,0.0,0.0,0.004407745500541216,0.08805790108564536,0.09770114942528736,0.8386987749574268,False,219,7,7,1.0
925,0.0,0.0,0.0,0.012866907921190189,0.02528735632183908,0.9732734690807808,True,32,4,4,1.0
926,0.0,0.0,0.006119126310601911,0.16807398472054685,0.19885057471264367,0.9429333029576819,False,418,14,14,1.0
927,0.0,0.0,0.0,0.0048250904704463205,0.004597701149425287,0.13760545439527472,True,12,6,6,0.5733560599803114
928,0.0,0.0,0.003542265419852779,0.12102935263369521,0.1482758620689655,0.859767759257381,False,301,15,15,1.0
929,0.0,0.0,0.0,0.015681544028950542,0.0,5.402066538400377e-06,True,39,6,6,7.015670829091398e-05
930,0.0,0.0,0.001129833896061429,0.03417772416566144,0.05517241379310345,0.690769870532852,False,85,8,8,1.0
931,0.0,0.0,0.0,0.028548451950140732,0.004597701149425287,0.0063179877516779176,True,71,5,5,0.03973577202313156
932,0.0,0.0,0.0031611987895927046,0.16606353035786087,0.17471264367816092,0.8465637975879037,False,413,13,13,1.0
933,0.0,0.0,0.0,0.012062726176115802,0.0,0.0019299367122026132,True,30,2,2,0.013934561098935835
934,0.0,0.0,0.0012621796627995934,0.08644953759549658,0.07241379310344828,0.5480509294387451,False,215,10,10,1.0
935,0.0,0.0,0.0,0.008845999195818254,0.0011494252873563218,0.18404945193264788,True,22,2,2,0.7361978077305915
936,0.0,0.0,0.0047988445068060616,0.07157217531162043,0.08505747126436781,0.7600806595559613,False,178,6,6,1.0
937,0.0,0.0,0.00018369818081085163,0.02613590671491757,0.02528735632183908,0.5810123822926418,True,65,3,3,1.0
938,0.0,0.0,0.00010346054287380971,0.01648572577402493,0.020689655172413793,0.02103997274616156,True,41,5,5,0.11528752189677567
939,0.0,0.0,0.00029044639961346404,0.020506634499396863,0.026436781609195402,0.9780188567479184,True,51,6,6,1.0
940,0.0,0.0,0.0,0.008041817450743867,0.0022988505747126436,0.0007629121970452843,True,20,3,3,0.005914048039110731
941,0.0,0.0,0.0016113859971549592,0.07800562927221552,0.09540229885057472,0.989742324012894,False,194,6,6,1.0
942,0.0,0.0,7.106364581013942e-05,0.033775633293124246,0.004597701149425287,2.1186831961313555e-06,True,84,8,8,3.1157105825461106e-05
943,0.0,0.0,0.0,0.022919179734620022,0.0,3.165463012003835e-05,True,57,3,3,0.0003314620954977837
944,0.0,0.0,0.0,0.01527945315641335,0.0011494252873563218,0.0038794388942275534,True,38,8,8,0.025862925961517024
945,0.0,0.0,0.0,0.007639726578206675,0.014942528735632184,0.9233332131385487,True,19,4,4,1.0
946,0.0,0.0,0.007933281713769518,0.24125452352231605,0.28045977011494255,0.9868147402273231,False,600,13,13,1.0
947,0.0,0.0,0.0008417807575436231,0.032569360675512665,0.04827586206896552,0.9597206925762441,True,81,8,8,1.0
948,0.0,0.0,0.003849079150891463,0.06915963007639726,0.08160919540229886,0.9975282130828697,False,172,6,6,1.0
949,0.0,0.0,0.0,0.01889827100924809,0.0,1.047386421296485e-06,True,47,6,6,1.6494274351125746e-05
950,0.0,0.0,0.0019554915083374344,0.11942098914354644,0.10689655172413794,0.19537486177937446,False,297,7,7,0.7737618288292057
951,0.0,0.0,0.001657389322045364,0.06232408524326498,0.06321839080459771,0.999809359950727,False,155,5,5,1.0
952,0.0,0.0,0.00013210499883684006,0.03216726980297547,0.013793103448275862,0.001948815166921517,True,80,5,5,0.014020252999435373
953,0.0,0.0,0.004052381016563382,0.07438681141938078,0.10229885057471265,0.9933859378575477,False,185,8,8,1.0
954,0.0,0.0,0.0020336337997948085,0.04101326899879373,0.06436781609195402,0.9976972398803099,False,102,5,5,1.0
955,0.0,0.0,0.001186099720194632,0.010454362685967028,0.054022988505747126,0.9999999986345668,False,26,5,5,1.0
956,0.0,0.0,4.3549177658241084e-05,0.01527945315641335,0.01839080459770115,0.9891227082935072,True,38,4,4,1.0
957,0.0,0.0,0.00019343483546783403,0.030156815440289506,0.03333333333333333,0.9957550566782299,True,75,7,7,1.0
958,0.0,0.0,9.826132756088201e-05,0.0024125452352231603,0.0022988505747126436,0.9661846040000507,True,6,4,4,1.0
959,0.0,0.0,0.0,0.015681544028950542,0.026436781609195402,0.8315037700560692,True,39,5,5,1.0
960,0.0,0.0,0.0016696229436109504,0.03176517893043828,0.06091954022988506,0.9877174075540607,False,79,9,9,1.0
961,0.0,0.0,0.0,0.018094089264173704,0.0011494252873563218,0.6235681722771969,True,45,3,3,1.0
962,0.0,0.0,6.746058928894987e-05,0.020908725371934056,0.01954022988505747,0.8909983758423254,True,52,5,5,1.0
963,0.0,0.0,0.0024300111474225643,0.10052271813429835,0.12183908045977011,0.9417541775028495,False,250,8,8,1.0
964,0.0,0.0,0.005551206873808712,0.06755126658624849,0.07701149425287357,0.8712607597024755,False,168,8,8,1.0
965,0.0,0.0,0.0,0.031363088057901084,0.0,1.6035417537710208e-08,True,78,5,5,4.933974626987756e-07
966,0.0,0.0,0.004381176116952483,0.06554081222356252,0.07701149425287357,0.8032650494066935,False,163,7,7,1.0
967,0.0,0.0,0.009428926491550835,0.0486529955770004,0.06666666666666667,0.975042825612171,False,121,11,11,1.0
968,0.0,0.0,0.00016165915285957795,0.008845999195818254,0.004597701149425287,0.3315349250378498,True,22,4,4,1.0
969,0.0,0.0,0.0,0.020908725371934056,0.026436781609195402,0.8368616039940417,True,52,4,4,1.0
970,0.0,0.0,0.0,0.008443908323281062,0.0,0.002739925639915856,True,21,1,1,0.019027261388304555
971,0.0,0.0,0.0007410448253112175,0.050261359067149174,0.041379310344827586,0.967237521047804,True,125,4,4,1.0
972,0.0,0.0,0.0018871243595069158,0.06956172094893445,0.05747126436781609,0.035882285390700354,False,173,5,5,0.18496023397268224
973,0.0,0.0,0.0010527712278545203,0.07197426618415761,0.06321839080459771,0.3438771023342697,False,179,10,10,1.0
974,0.0,0.0,0.0013386716713217452,0.06312826698833937,0.05632183908045977,0.793178168464056,False,157,11,11,1.0
975,0.0,0.0,0.0,0.012062726176115802,0.005747126436781609,0.13293347449072174,True,30,1,1,0.5587675251917176
976,0.0,0.0,0.0012596854787353608,0.0546843586650583,0.054022988505747126,0.732881022681509,False,136,6,6,1.0
977,0.0,0.0,0.005632546122568396,0.004422999597909127,0.06666666666666667,0.9999999999994044,False,11,3,3,1.0
978,0.0,0.0,0.01117580813780226,0.07880981101728991,0.12183908045977011,0.9959678471036618,False,196,8,8,1.0
979,0.0,0.0,0.0,0.012866907921190189,0.0011494252873563218,0.01675564979370995,True,32,4,4,0.09413286400960647
980,0.0,0.0,0.002382802817598017,0.14917571371129876,0.15517241379310345,0.8758209307466382,False,371,9,9,1.0
981,0.0,0.0,8.418787770954972e-05,0.021712907117008445,0.016091954022988506,0.7933378358731543,True,54,6,6,1.0
982,0.0,0.0,0.005212720568791149,0.09891435464414958,0.10919540229885058,0.8428484348333654,False,246,8,8,1.0
983,0.0,0.0,0.0,0.020908725371934056,0.004597701149425287,8.049264865760422e-05,True,52,8,8,0.0007545712172145033
984,0.0,0.0,0.0013101550667598946,0.03779654201849618,0.059770114942528735,0.9316783792624669,False,94,8,8,1.0
985,0.0,0.0,0.0,0.010454362685967028,0.008045977011494253,0.8351906508798813,True,26,3,3,1.0
986,0.0,0.0,0.00011368488803448146,0.022919179734620022,0.02528735632183908,0.9296846589766258,True,57,6,6,1.0
987,0.0,0.0,7.40327829634373e-05,0.012464817048652996,0.02413793103448276,0.9912547911040094,True,31,2,2,1.0
988,0.0,0.0,4.592516570213271e-05,0.018094089264173704,0.005747126436781609,0.46066633137028884,True,45,4,4,1.0
989,0.0,0.0,0.009008423463516844,0.10012062726176116,0.11379310344827587,0.9855703615767696,False,249,6,6,1.0
990,0.0,0.0,0.00012837127812018734,0.017289907519099316,0.01839080459770115,0.8078582101707437,True,43,6,6,1.0
991,0.0,0.0,0.0005339207792470462,0.03578608765581021,0.04482758620689655,0.769775175827343,True,89,5,5,1.0
992,0.0,0.0,0.00019830375860673254,0.024929634097305992,0.035632183908045977,0.8908615645294486,True,62,9,9,1.0
993,0.0,0.0,0.0,0.004422999597909127,0.0034482758620689655,0.006705689870857786,True,11,3,3,0.04171098372855953
994,0.0,0.0,0.0009898561882131032,0.06956172094893445,0.05057471264367816,0.4539337226860768,True,173,6,6,1.0
995,0.0,0.0,0.00034386752957502314,0.025331724969843185,0.035632183908045977,0.9997613714282254,True,63,6,6,1.0
996,0.0,0.0,0.0002854504678273351,0.03498190591073583,0.017241379310344827,0.8016409431453924,True,87,7,7,1.0
997,0.0,0.0,9.858410025274734e-05,0.020506634499396863,0.01954022988505747,0.33164014076907744,True,51,18,18,1.0
998,0.0,0.0,0.0,0.025733815842380377,0.020689655172413793,0.5910700923334783,True,64,7,7,1.0
999,0.0,0.0,0.0,0.01769199839163651,0.010344827586206896,0.22996575037637523,True,44,6,6,0.8852297103742277
1000,0.0,0.0,9.042283862443815e-05,0.020908725371934056,0.02528735632183908,0.7905850137386531,True,52,8,8,1.0
1001,0.0,0.0,0.0,0.029352633695215118,0.0,1.99976658311005e-12,True,73,4,4,6.665888610366833e-10
1002,0.0,0.0,0.002485996538921846,0.08242862887012464,0.10574712643678161,0.999994335513929,False,205,6,6,1.0
1003,0.0,0.0,0.0011329608877714348,0.06031363088057901,0.06666666666666667,0.39253339137771165,False,150,10,10,1.0
1004,0.0,0.0,0.00029817625041795014,0.03779654201849618,0.017241379310344827,0.10406206016515579,True,94,7,7,0.4574156490776079
1005,0.0,0.0,0.0,0.015681544028950542,0.0,2.1939681821718466e-07,True,39,7,7,4.432258953882518e-06
1006,0.0,0.0,0.001315571152679702,0.04825090470446321,0.059770114942528735,0.9980154186091302,False,120,7,7,1.0
1007,0.0,0.0,0.001810835316187251,0.0731805388017692,0.09770114942528736,0.7851186899095679,False,182,8,8,1.0
1008,0.0,0.0,0.0,0.025331724969843185,0.0,0.0015673230941102175,True,63,5,5,0.011566960104134447
1009,0.0,0.0,0.006729375698577498,0.1652593486127865,0.1781609195402299,0.8619614252983359,False,411,9,9,1.0
1010,0.0,0.0,0.00012849027150638282,0.008443908323281062,0.013793103448275862,0.8589665523375056,True,21,5,5,1.0
1011,0.0,0.0,0.0016733591118837528,0.1395255327704061,0.15747126436781608,0.4852751054301584,False,347,12,12,1.0
1012,0.0,0.0,0.00013533882836015026,0.019702452754322478,0.014942528735632184,0.9124057323922323,True,49,5,5,1.0
1013,0.0,0.0,0.004456728387501302,0.16485725774024929,0.15977011494252874,0.18886883090342832,False,410,10,10,0.7509695065742678
1014,0.0,0.0,0.00017654286887095055,0.03457981503819863,0.028735632183908046,0.0414188097558848,True,86,8,8,0.20865899121352544
1015,0.0,0.0,0.006890480420698365,0.04342581423401689,0.0839080459770115,0.9998210149097851,False,108,5,5,1.0
1016,0.0,0.0,0.010036069234810145,0.15560916767189384,0.16666666666666666,0.1358045215303988,False,387,10,10,0.5682197553573171
1017,0.0,0.0,0.011099135394393542,0.0735826296743064,0.1,0.9998476723945082,False,183,8,8,1.0
1018,0.0,0.0,0.0,0.002010454362685967,0.0,0.027746347166747214,True,5,2,2,0.1471954756856616
1019,0.0,0.0,0.002551525825299026,0.06513872135102533,0.07701149425287357,0.8106300970696974,False,162,8,8,1.0
1020,0.0,0.0,0.0051779313541370576,0.06192199437072778,0.07816091954022988,0.9676311311579815,False,154,6,6,1.0
1021,0.0,0.0,5.103555313849042e-05,0.04221954161640531,0.0034482758620689655,0.012403761969384449,True,105,6,6,0.07211489517083981
1022,0.0,0.0,0.0,0.0024125452352231603,0.0,0.007728391238277917,True,6,3,3,0.04698110175244934
1023,0.0,0.0,0.003716043832226014,0.04463208685162847,0.08160919540229886,0.9998902086766165,False,111,5,5,1.0
1024,0.0,0.0,0.0031273654016787415,0.06232408524326498,0.09655172413793103,0.9985593792100909,False,155,10,10,1.0
1025,0.0,0.0,0.0003565472791220243,0.05347808604744672,0.014942528735632184,0.4566586078789352,True,133,9,9,1.0
1026,0.0,0.0,0.0,0.010454362685967028,0.0011494252873563218,1.8312173719307005e-06,True,26,4,4,2.733160256612986e-05
1027,0.0,0.0,6.580182773047322e-05,0.05347808604744672,0.004597701149425287,0.0001384454866333899,True,133,5,5,0.0012091308876278596
1028,0.0,0.0,0.0,0.01769199839163651,0.010344827586206896,0.00572021225585072,True,44,6,6,0.03631880797365536
1029,0.0,0.0,0.0005693640185632871,0.039806996381182146,0.03908045977011494,0.5836755232674181,True,99,9,9,1.0
1030,0.0,0.0,0.0,0.021712907117008445,0.0011494252873563218,0.005930190255679617,True,54,8,8,0.03753284971949125
1031,0.0,0.0,0.0037824179355652717,0.08283071974266185,0.09540229885057472,0.8972628641582195,False,206,8,8,1.0
1032,0.0,0.0,0.0001406276633162971,0.027744270205066344,0.027586206896551724,0.9829394774589227,True,69,4,4,1.0
1033,0.0,0.0,0.0016412136612664215,0.07559308403699236,0.07931034482758621,0.5575261978312998,False,188,12,12,1.0
1034,0.0,0.0,0.0061673543991700545,0.10494571773220748,0.1310344827586207,0.833765389224719,False,261,8,8,1.0
1035,0.0,0.0,0.0029411433415827723,0.072778447929232,0.09425287356321839,0.9900248192573322,False,181,6,6,1.0
1036,0.0,0.0,0.0017546002480155374,0.12947326095697628,0.11609195402298851,0.4068803756654141,False,322,7,7,1.0
1037,0.0,0.0,0.00140394764114038,0.039404905508644957,0.052873563218390804,0.9971311799152485,False,98,5,5,1.0
1038,0.0,0.0,0.0018378688934582975,0.028950542822677925,0.05747126436781609,0.9974883416185053,False,72,6,6,1.0
1039,0.0,0.0,0.007722874189334528,0.055890631282669884,0.07816091954022988,0.9916970493345207,False,139,7,7,1.0
1040,0.0,0.0,0.003146955688213261,0.08202653799758745,0.09425287356321839,0.9908942393246886,False,204,12,12,1.0
1041,0.0,0.0,0.0016504896267428696,0.1033373542420587,0.1206896551724138,0.9973469085892763,False,257,6,6,1.0
1042,0.0,0.0,0.005983828793187767,0.11700844390832328,0.14597701149425288,0.9788114249284315,False,291,13,13,1.0
1043,0.0,0.0,7.666358452404776e-05,0.03618817852834741,0.01264367816091954,0.09299921245727993,True,90,3,3,0.42150981829438966
1044,0.0,0.0,0.005234344416512821,0.15440289505428226,0.19885057471264367,0.9985928814445549,False,384,12,12,1.0
1045,0.0,0.0,0.002385876731280946,0.14314435062324085,0.1724137931034483,0.9568597683961368,False,356,10,10,1.0
1046,0.0,0.0,0.00019037526341574116,0.04181745074386811,0.014942528735632184,0.3152257072611586,True,104,4,4,1.0
1047,0.0,0.0,0.0,0.006433453960595094,0.0,6.663752664754562e-08,True,16,4,4,1.6870259910771042e-06
1048,0.0,0.0,0.002090923201016164,0.054282267792521106,0.06896551724137931,0.9039928966685258,False,135,8,8,1.0
1049,0.0,0.0,0.001255897778549181,0.044229995979091274,0.05517241379310345,0.9850737928707862,False,110,7,7,1.0
1050,0.0,0.0,0.0018668555210022545,0.0546843586650583,0.06551724137931035,0.703521035990712,False,136,8,8,1.0
1051,0.0,0.0,0.0,0.01166063530357861,0.0,4.051157320205755e-06,True,29,2,2,5.4745369191969665e-05
1052,0.0,0.0,0.0017436580745920627,0.06634499396863691,0.07241379310344828,0.5406997085226504,False,165,7,7,1.0
1053,0.0,0.0,0.0009861328958036004,0.0305589063128267,0.05057471264367816,0.9942560211867952,True,76,6,6,1.0
1054,0.0,0.0,0.0,0.014475271411338963,0.0011494252873563218,0.0005986143380022078,True,36,4,4,0.004750907444461967
1055,0.0,0.0,0.0,0.009248090068355449,0.0022988505747126436,0.001003452441382035,True,23,4,4,0.007630817044730304
1056,0.0,0.0,0.0,0.032569360675512665,0.0,3.84944127341019e-05,True,81,7,7,0.00039080622065078074
1057,0.0,0.0,6.533599374895342e-05,0.012062726176115802,0.021839080459770115,0.9857122196197576,True,30,4,4,1.0
1058,0.0,0.0,0.0033772838311216676,0.05347808604744672,0.06666666666666667,0.943849850404826,False,133,8,8,1.0
1059,0.0,0.0,0.00020317000443017058,0.03176517893043828,0.028735632183908046,0.4145119295723101,True,79,11,11,1.0
1060,0.0,0.0,0.0037547682254973785,0.0550864495375955,0.10344827586206896,0.9998376626062119,False,137,5,5,1.0
1061,0.0,0.0,0.0008903478236751522,0.05388017691998392,0.047126436781609195,0.737260878149016,True,134,8,8,1.0
1062,0.0,0.0,0.0,0.036992360273421794,0.0,3.9609231276463543e-11,True,92,6,6,5.658461610923363e-09
1063,0.0,0.0,0.0015880010363663725,0.09006835544833132,0.07471264367816093,0.624244533874043,False,224,8,8,1.0
1064,0.0,0.0,0.0,0.01407318053880177,0.0,4.7243508894412145e-06,True,35,1,1,6.216251170317387e-05
1065,0.0,0.0,0.011135161181878668,0.11459589867310012,0.15057471264367817,0.8465849628264048,False,285,8,8,1.0
1066,0.0,0.0,0.0007208098365133976,0.02613590671491757,0.04827586206896552,0.996279887152083,True,65,5,5,1.0
1067,0.0,0.0,0.0002500836028784848,0.009650180940892641,0.008045977011494253,0.8945609295482961,True,24,4,4,1.0
1068,0.0,0.0,0.0,0.01769199839163651,0.0,7.233084623002868e-05,True,44,5,5,0.000685600438199324
1069,0.0,0.0,0.0029326557099747055,0.06192199437072778,0.07931034482758621,0.9706815076864402,False,154,12,12,1.0
1070,0.0,0.0,0.001150630784192045,0.03216726980297547,0.05172413793103448,0.9997118154513238,False,80,4,4,1.0
1071,0.0,0.0,0.007775698438662851,0.08443908323281062,0.12873563218390804,0.9999955808692265,False,210,8,8,1.0
1072,0.0,0.0,0.009477804779991581,0.07036590269400884,0.08505747126436781,0.8902656883037445,False,175,11,11,1.0
1073,0.0,0.0,0.0,0.007639726578206675,0.0,5.090901265601753e-09,True,19,5,5,1.9964318688634327e-07
1074,0.0,0.0,0.004495373498765588,0.0792119018898271,0.08620689655172414,0.8998017388385393,False,197,11,11,1.0
1075,0.0,0.0,0.000302773492923006,0.028548451950140732,0.0367816091954023,0.8928323691775001,True,71,5,5,1.0
1076,0.0,0.0,0.0,0.024929634097305992,0.0022988505747126436,1.663875216785835e-07,True,62,4,4,3.4664067016371564e-06
1077,0.0,0.0,0.005227836404711138,0.09891435464414958,0.11494252873563218,0.800619468459159,False,246,8,8,1.0
1078,0.0,0.0,0.0012312748615446888,0.06956172094893445,0.054022988505747126,0.3126005496503884,False,173,12,12,1.0
1079,0.0,0.0,0.00457823935256575,0.06513872135102533,0.08850574712643679,0.9952398208405515,False,162,7,7,1.0
1080,0.0,0.0,0.0,0.013671089666264576,0.0011494252873563218,6.665106398318628e-07,True,34,8,8,1.1404639079567901e-05
1081,0.0,0.0,0.0,0.021310816244471252,0.0022988505747126436,0.00020255938184609258,True,53,5,5,0.0017093618721189248
1082,0.0,0.0,0.003896651796633326,0.08685162846803378,0.11724137931034483,0.9987789564995067,False,216,7,7,1.0
1083,0.0,0.0,8.35069052905634e-05,0.019300361881785282,0.02413793103448276,0.6752794267011797,True,48,4,4,1.0
1084,0.0,0.0,0.0,0.024527543224768796,0.0011494252873563218,4.480932116771538e-06,True,61,3,3,5.974576155695385e-05
1085,0.0,0.0,0.00014446839807812873,0.03417772416566144,0.010344827586206896,0.009879586295985213,True,85,12,12,0.058807061285626266
1086,0.0,0.0,0.0031109237788352977,0.05388017691998392,0.07471264367816093,0.9639522825433606,False,134,7,7,1.0
1087,0.0,0.0,0.0,0.03096099718536389,0.0011494252873563218,7.343704724134003e-05,True,77,6,6,0.000692802332465472
1088,0.0,0.0,0.0032766328082981947,0.06353035786087656,0.0896551724137931,0.889827671491195,False,158,8,8,1.0
1089,0.0,0.0,0.0,0.010856453558504222,0.0,5.304806724580833e-07,True,27,3,3,9.472869151037202e-06
1090,0.0,0.0,0.0009191297201246877,0.04141535987133092,0.04942528735632184,0.9714226915788081,True,103,4,4,1.0
1091,0.0,0.0,0.00175659893433271,0.0365902694008846,0.05632183908045977,0.9992801687494542,False,91,6,6,1.0
1092,0.0,0.0,0.0,0.009650180940892641,0.004597701149425287,0.04786352925154306,True,24,4,4,0.23812701120170673
1093,0.0,0.0,0.0012563962237645508,0.032569360675512665,0.06206896551724138,0.9999819691734325,False,81,9,9,1.0
1094,0.0,0.0,0.0,0.008845999195818254,0.013793103448275862,0.4911078965813705,True,22,3,3,1.0
1095,0.0,0.0,9.425600399036591e-05,0.012464817048652996,0.02413793103448276,0.9991892825094822,True,31,6,6,1.0
1096,0.0,0.0,0.00032310339793934086,0.014475271411338963,0.04252873563218391,0.9999989178607088,True,36,5,5,1.0
1097,0.0,0.0,0.0,0.021712907117008445,0.0,9.822673460035077e-12,True,54,4,4,2.4556683650087695e-09
1098,0.0,0.0,0.0,0.012464817048652996,0.0,1.5235727329885602e-07,True,31,3,3,3.207521543133811e-06
1099,0.0,0.0,0.0004917074686164028,0.025331724969843185,0.041379310344827586,0.9983687891869791,True,63,4,4,1.0
1100,0.0,0.0,0.000917720005263103,0.07036590269400884,0.04597701149425287,0.1261215069598099,True,175,7,7,0.5366872636587655
1101,0.0,0.0,0.0015904665314401567,0.07840772014475271,0.059770114942528735,0.31875504169609714,False,195,13,13,1.0
1102,0.0,0.0,0.007456521400677935,0.12665862484921592,0.15632183908045977,0.9837467524016691,False,315,12,12,1.0
1103,0.0,0.0,0.01126895930847977,0.11258544431041416,0.12298850574712644,0.980354900908273,False,280,11,11,1.0
1104,0.0,0.0,0.0002201689175727252,0.04463208685162847,0.04252873563218391,0.5038645821344746,True,111,4,4,1.0
1105,0.0,0.0,0.0007599690731837282,0.018496180136710897,0.04827586206896552,0.9999928434941883,True,46,4,4,1.0
1106,0.0,0.0,3.0338132274254206e-05,0.018496180136710897,0.008045977011494253,0.08522465906084087,True,46,4,4,0.39183751292340624
1107,0.0,0.0,0.010866522554907167,0.0973059911540008,0.12413793103448276,0.99725665474193,False,242,13,13,1.0
1108,0.0,0.0,0.0019403405699564432,0.10574989947728186,0.09655172413793103,0.5262922615522136,False,263,6,6,1.0
1109,0.0,0.0,0.0,0.018496180136710897,0.0,1.4620376591953718e-09,True,46,6,6,7.883756532050691e-08
1110,0.0,0.0,0.0023381804724563757,0.2066747084841174,0.19310344827586207,0.46762567268615196,False,514,13,13,1.0
1111,0.0,0.0,0.00015304440382756548,0.017289907519099316,0.026436781609195402,0.9882074513566178,True,43,9,9,1.0
1112,0.0,0.0,0.006001638062273725,0.09167671893848009,0.11954022988505747,0.8867222451642224,False,228,8,8,1.0
1113,0.0,0.0,0.0008675231201365098,0.020506634499396863,0.04942528735632184,0.9999449561217879,True,51,5,5,1.0
1114,0.0,0.0,0.0,0.0056292722155207075,0.010344827586206896,0.9948021429693877,True,14,4,4,1.0
1115,0.0,0.0,0.0,0.024929634097305992,0.0034482758620689655,1.3750747035689436e-05,True,62,10,10,0.00015896817382299926
1116,0.0,0.0,0.002051231707393439,0.04905508644953759,0.06321839080459771,0.4613764517571922,False,122,10,10,1.0
1117,0.0,0.0,0.005538243061401479,0.13067953357458786,0.1471264367816092,0.8323637407958578,False,325,12,12,1.0
1118,0.0,0.0,0.007661461102431586,0.06554081222356252,0.10919540229885058,0.9976074365140629,False,163,8,8,1.0
1119,0.0,0.0,0.00025761231190323956,0.018496180136710897,0.03103448275862069,0.9943396876536298,True,46,6,6,1.0
1120,0.0,0.0,0.0,0.009650180940892641,0.0,8.202815856503128e-05,True,24,2,2,0.0007630526378142445
1121,0.0,0.0,0.0,0.012464817048652996,0.0,0.030773515688239907,True,31,2,2,0.16111788318450213
1122,0.0,0.0,0.0,0.013268998793727383,0.0,8.210314487895626e-06,True,33,1,1,0.000100740055066204
1123,0.0,0.0,0.0,0.0048250904704463205,0.011494252873563218,0.9815303448750433,True,12,3,3,1.0
1124,0.0,0.0,0.0005080527044031214,0.027744270205066344,0.035632183908045977,0.9133913965784604,True,69,7,7,1.0
1125,0.0,0.0,0.006664991275320534,0.13108162444712504,0.13793103448275862,0.7475919315980402,False,326,12,12,1.0
1126,0.0,0.0,7.358735622709647e-05,0.012464817048652996,0.027586206896551724,0.9915189018918039,True,31,4,4,1.0
1127,0.0,0.0,0.0,0.020506634499396863,0.03103448275862069,0.9236533336542407,True,51,4,4,1.0
1128,0.0,0.0,0.0,0.006835544833132288,0.0,0.005981122879214776,True,17,4,4,0.037735791036055365
1129,0.0,0.0,0.00011359225179723858,0.0004020908725371934,0.0,0.00639476088450638,True,1,1,1,0.040038925680536366
1130,0.0,0.0,0.0028366292966976107,0.0671491757137113,0.11494252873563218,0.9999059851178193,False,167,12,12,1.0
1131,0.0,0.0,0.006939240767617015,0.072778447929232,0.10804597701149425,0.9947859999437418,False,181,12,12,1.0
1132,0.0,0.0,0.00032763834825237637,0.03779654201849618,0.04252873563218391,0.9299840853140897,True,94,5,5,1.0
1133,0.0,0.0,0.000234583828572785,0.03578608765581021,0.0367816091954023,0.9057406539283179,True,89,10,10,1.0
1134,0.0,0.0,0.0,0.014877362283876157,0.0,4.714321873580819e-10,True,37,3,3,3.14288124905388e-08
1135,0.0,0.0,0.0,0.012866907921190189,0.0,1.2609325176682257e-05,True,32,2,2,0.0001466200601939797
1136,0.0,0.0,0.0,0.029754724567752314,0.0,1.965400049511555e-13,True,74,5,5,1.31026669967437e-10
1137,0.0,0.0,0.006527469675722447,0.09207880981101729,0.10574712643678161,0.7644499898542609,False,229,8,8,1.0
1138,0.0,0.0,0.0,0.019300361881785282,0.0034482758620689655,7.09947043789476e-05,True,48,4,4,0.0006781088351874714
1139,0.0,0.0,7.562857676398422e-05,0.01648572577402493,0.011494252873563218,0.577206591081348,True,41,6,6,1.0
1140,0.0,0.0,0.0017976792561876587,0.03618817852834741,0.06551724137931035,0.9998743015007108,False,90,4,4,1.0
1141,0.0,0.0,0.0,0.02372336147969441,0.01264367816091954,0.022976045126080816,True,59,6,6,0.12419483851935575
1142,0.0,0.0,8.087916736519582e-05,0.018496180136710897,0.005747126436781609,0.27806555269394684,True,46,6,6,0.9984400455797013
1143,0.0,0.0,0.002802267238720465,0.06594290309609972,0.0896551724137931,0.8067864432571604,False,164,10,10,1.0
1144,0.0,0.0,0.0008845354478823622,0.03578608765581021,0.047126436781609195,0.994172314217276,True,89,7,7,1.0
1145,0.0,0.0,0.006092378942540611,0.04181745074386811,0.07931034482758621,0.9998639348435455,False,104,6,6,1.0
1146,0.0,0.0,0.011342730877144002,0.10213108162444713,0.11724137931034483,0.8363569785045272,False,254,10,10,1.0
1147,0.0,0.0,0.003596162639249385,0.09529553679131483,0.09655172413793103,0.7718104328277718,False,237,8,8,1.0
1148,0.0,0.0,0.0004618517122695757,0.032569360675512665,0.034482758620689655,0.2360467626617933,True,81,9,9,0.9009418422205852
1149,0.0,0.0,0.0006685746131380079,0.03739445114595899,0.047126436781609195,0.8541640754998561,True,93,8,8,1.0
1150,0.0,0.0,0.0005231384417234169,0.031363088057901084,0.04367816091954023,0.9730655667666908,True,78,5,5,1.0
1151,0.0,0.0,0.0,0.021712907117008445,0.0,2.0277826887369982e-08,True,54,3,3,5.793664824962853e-07
1152,0.0,0.0,0.001704896282113849,0.042621632488942504,0.06206896551724138,0.917678194401869,False,106,5,5,1.0
1153,0.0,0.0,0.0005653682053809979,0.019702452754322478,0.034482758620689655,0.9999366905739395,True,49,8,8,1.0
1154,0.0,0.0,0.000859420005182678,0.03618817852834741,0.047126436781609195,0.44002726381487434,True,90,8,8,1.0
1155,0.0,0.0,0.0026960685157568147,0.04664254121431444,0.06321839080459771,0.9705615055057568,False,116,11,11,1.0
1156,0.0,0.0,0.0,0.008443908323281062,0.0,1.458019374613695e-10,True,21,2,2,1.4813324850211765e-08
1157,0.0,0.0,0.0031211533876175875,0.015681544028950542,0.06091954022988506,0.9999984762712851,False,39,7,7,1.0
1158,0.0,0.0,0.00512433884429118,0.14274225975070365,0.16551724137931034,0.7900951155419059,False,355,8,8,1.0
1159,0.0,0.0,0.0,0.013671089666264576,0.020689655172413793,0.9771482656287457,True,34,2,2,1.0
1160,0.0,0.0,0.0030727159244994537,0.11781262565339767,0.11609195402298851,0.5023953564870465,False,293,10,10,1.0
1161,0.0,0.0,0.00024475786601308477,0.029352633695215118,0.022988505747126436,0.009403684474482215,True,73,9,9,0.05630948787115099
1162,0.0,0.0,0.00410087432724809,0.051065540812223566,0.0735632183908046,0.9890426368882271,False,127,6,6,1.0
1163,0.0,0.0,0.000361613683515144,0.03739445114595899,0.03908045977011494,0.5890896229758542,True,93,5,5,1.0
1164,0.0,0.0,0.006699166059302843,0.09851226377161239,0.1471264367816092,0.9893686861131588,False,245,8,8,1.0
1165,0.0,0.0,0.00018393608792971556,0.0365902694008846,0.0011494252873563218,0.1124645444022106,True,91,12,12,0.48897628000961124
1166,0.0,0.0,0.003520729586337783,0.13268998793727382,0.13793103448275862,0.5881255032084199,False,330,10,10,1.0
1167,0.0,0.0,0.0,0.003216726980297547,0.0,0.005070535181130318,True,8,5,5,0.03260794328701169
1168,0.0,0.0,0.004768697409151938,0.04664254121431444,0.06091954022988506,0.9835788736582836,False,116,5,5,1.0
1169,0.0,0.0,0.0002069761365246309,0.012464817048652996,0.022988505747126436,0.9999988948341898,True,31,4,4,1.0
1170,0.0,0.0,0.004131619474568509,0.05910735826296743,0.067816091954023,0.9429341709360919,False,147,6,6,1.0
1171,0.0,0.0,0.0,0.03176517893043828,0.03908045977011494,0.9098336461015734,True,79,3,3,1.0
1172,0.0,0.0,0.008811079210962547,0.08403699236027343,0.11149425287356322,0.9976678264534893,False,209,11,11,1.0
1173,0.0,0.0,0.0,0.012866907921190189,0.0,2.6351527464605534e-10,True,32,5,5,2.195960622050461e-08
1174,0.0,0.0,0.0,0.0024125452352231603,0.0,0.0017367609250939107,True,6,3,3,0.0126770870444811
1175,0.0,0.0,0.0,0.014475271411338963,0.0,1.5740069022502929e-06,True,36,2,2,2.384858942803474e-05
1176,0.0,0.0,0.004356523976161937,0.0856453558504222,0.09080459770114943,0.7274104669170677,False,213,6,6,1.0
1177,0.0,0.0,0.005206842186263698,0.06031363088057901,0.08505747126436781,0.9961959203678888,False,150,6,6,1.0
1178,0.0,0.0,0.004255139751673626,0.09449135504624046,0.09310344827586207,0.7960555382893308,False,235,7,7,1.0
1179,0.0,0.0,0.001206149676987959,0.04020908725371934,0.054022988505747126,0.9638643974783697,False,100,10,10,1.0
1180,0.0,0.0,0.0035378356896582984,0.0607157217531162,0.07586206896551724,0.9778674572205501,False,151,4,4,1.0
1181,0.0,0.0,0.0007312926988725698,0.04302372336147969,0.04597701149425287,0.999862174114774,True,107,6,6,1.0
1182,0.0,0.0,0.0005000396653937147,0.020506634499396863,0.03218390804597701,0.6100103761596861,True,51,7,7,1.0
1183,0.0,0.0,0.0014909907563484493,0.055890631282669884,0.067816091954023,0.7471527250100692,False,139,5,5,1.0
1184,0.0,0.0,0.0,0.01769199839163651,0.011494252873563218,0.8775508955011976,True,44,2,2,1.0
1185,0.0,0.0,0.004934672946867609,0.06272617611580217,0.07241379310344828,0.896478733298259,False,156,5,5,1.0
1186,0.0,0.0,0.007071341175909922,0.06634499396863691,0.10229885057471265,0.9541355399906088,False,165,12,12,1.0
1187,0.0,0.0,0.00014146854714708923,0.018094089264173704,0.02528735632183908,0.9818861835890841,True,45,8,8,1.0
1188,0.0,0.0,0.0,0.029352633695215118,0.0011494252873563218,0.00022553451489028798,True,73,6,6,0.001866258309478674
1189,0.0,0.0,0.00015220043788366223,0.028950542822677925,0.029885057471264367,0.5982772043138302,True,72,5,5,1.0
1190,0.0,0.0,0.0018738017540770322,0.10172899075190993,0.0896551724137931,0.8092472310811465,False,253,14,14,1.0
1191,0.0,0.0,0.0,0.0012062726176115801,0.009195402298850575,0.9999999998543962,True,3,2,2,1.0
1192,0.0,0.0,6.727414623396005e-05,0.010454362685967028,0.017241379310344827,0.9999599953222862,True,26,5,5,1.0
1193,0.0,0.0,0.003130975419596821,0.058303176517893046,0.07011494252873564,0.9695423168931206,False,145,6,6,1.0
1194,0.0,0.0,0.01875586572186101,0.09087253719340571,0.12873563218390804,0.9984684985606427,False,226,11,11,1.0
1195,0.0,0.0,0.00048626391159327284,0.03779654201849618,0.047126436781609195,0.701386267250775,True,94,9,9,1.0
1196,0.0,0.0,0.007112263155184833,0.097708082026538,0.135632183908046,0.9942434050109735,False,243,11,11,1.0
1197,0.0,0.0,0.0009183480272691328,0.04664254121431444,0.04367816091954023,0.5113895175844019,True,116,10,10,1.0
1198,0.0,0.0,0.008276053125724462,0.08202653799758745,0.12298850574712644,0.9882055282964445,False,204,8,8,1.0
1199,0.0,0.0,0.0,0.016083634901487735,0.0011494252873563218,0.0016490209128504011,True,40,8,8,0.012125153770958831
1200,0.0,0.0,0.0,0.009248090068355449,0.0,0.0006076599214919543,True,23,3,3,0.004803635743019402
1201,0.0,0.0,0.0007695611065209034,0.061519903498190594,0.04367816091954023,0.7172509225478596,True,153,11,11,1.0
1202,0.0,0.0,0.00017043088679914725,0.03618817852834741,0.017241379310344827,0.0041604901733760195,True,90,5,5,0.02746198134241597
1203,0.0,0.0,0.006715316153963485,0.09569762766385204,0.10689655172413794,0.9731026624482416,False,238,6,6,1.0
1204,0.0,0.0,0.0015260012251958979,0.14234016887816647,0.13908045977011493,0.30866611603923555,False,354,9,9,1.0
1205,0.0,0.0,0.032005888056001124,0.11660635303578609,0.15402298850574714,0.9991144780756054,False,290,12,12,1.0
1206,0.0,0.0,0.005912133989976104,0.09047044632086852,0.10229885057471265,0.9512436764123077,False,225,6,6,1.0
1207,0.0,0.0,0.0,0.012866907921190189,0.01839080459770115,0.8515190608392583,True,32,5,5,1.0
1208,0.0,0.0,0.006002179711138037,0.09288299155609167,0.11494252873563218,0.932691587300699,False,231,8,8,1.0
1209,0.0,0.0,0.003202237358706451,0.1696823482106956,0.18850574712643678,0.8060862324620137,False,422,9,9,1.0
1210,0.0,0.0,0.0,0.014877362283876157,0.0011494252873563218,0.0038600104051133293,True,37,4,4,0.0258194675927313
1211,0.0,0.0,0.0040028313934877945,0.15038198632891034,0.16206896551724137,0.777970793623631,False,374,12,12,1.0
1212,0.0,0.0,0.0004574726318809316,0.024929634097305992,0.034482758620689655,0.9963301686808409,True,62,5,5,1.0
1213,0.0,0.0,0.00019194656382739915,0.02332127060715722,0.022988505747126436,0.6670227828884983,True,58,12,12,1.0
1214,0.0,0.0,0.0001680092152668282,0.02734217933252915,0.02413793103448276,0.7823025358906128,True,68,4,4,1.0
1215,0.0,0.0,4.774870997639542e-05,0.0028146361077603537,0.011494252873563218,0.8711568039232429,True,7,5,5,1.0
1216,0.0,0.0,0.0008352743044531166,0.036992360273421794,0.0367816091954023,0.9760577975861876,True,92,7,7,1.0
1217,0.0,0.0,0.0024545101621475233,0.05186972255729795,0.07471264367816093,0.8841793491268496,False,129,6,6,1.0
1218,0.0,0.0,8.09021284774239e-05,0.03779654201849618,0.017241379310344827,0.09351568107044561,True,94,5,5,0.4221926910629599
1219,0.0,0.0,0.0,0.014877362283876157,0.0034482758620689655,0.03776538902405436,True,37,4,4,0.1934873866066703
1220,0.0,0.0,0.0054518464701911705,0.06433453960595094,0.07701149425287357,0.966635883143942,False,160,9,9,1.0
1221,0.0,0.0,0.005644871654726306,0.05790108564535585,0.07701149425287357,0.9505667039542128,False,144,6,6,1.0
1222,0.0,0.0,0.0060129216655257275,0.05548854041013269,0.09885057471264368,0.9990201929684857,False,138,7,7,1.0
1223,0.0,0.0,8.987241316649792e-05,0.029352633695215118,0.029885057471264367,0.616103504631434,True,73,9,9,1.0
1224,0.0,0.0,0.0,0.03739445114595899,0.004597701149425287,2.938550240501881e-05,True,93,4,4,0.00031095769740760643
1225,0.0,0.0,4.718806081060945e-05,0.014877362283876157,0.0,0.004950673106249172,True,37,4,4,0.03204319162620824
1226,0.0,0.0,0.00010771102596900414,0.03457981503819863,0.0,0.010498670662376383,True,86,7,7,0.06212231161169457
1227,0.0,0.0,0.0037477781604046572,0.07720144752714113,0.10804597701149425,0.9526245897026668,False,192,8,8,1.0
1228,0.0,0.0,0.0004835844977469697,0.009248090068355449,0.009195402298850575,0.8715937388371098,True,23,5,5,1.0
1229,0.0,0.0,0.001082752172982503,0.072778447929232,0.05862068965517241,0.2915182727738276,False,181,8,8,1.0
1230,0.0,0.0,0.0012294490982385285,0.04101326899879373,0.05862068965517241,0.9954022745543379,False,102,7,7,1.0
1231,0.0,0.0,0.0019046291482107893,0.04181745074386811,0.07471264367816093,0.9672507534095857,False,104,6,6,1.0
1232,0.0,0.0,0.008501677024909336,0.12907117008443908,0.13448275862068965,0.5415448442519663,False,321,9,9,1.0
1233,0.0,0.0,0.0014126455262189223,0.03618817852834741,0.05517241379310345,0.9259644515077392,False,90,5,5,1.0
1234,0.0,0.0,0.0,0.012062726176115802,0.0,5.158832983094461e-07,True,30,4,4,9.295194564134164e-06
1235,0.0,0.0,0.0009544429893949526,0.0486529955770004,0.05057471264367816,0.5681947631643995,True,121,10,10,1.0
1236,0.0,0.0,0.0003292706426502116,0.04945717732207479,0.040229885057471264,0.23060233955248632,True,123,6,6,0.8852297103742277
1237,0.0,0.0,0.00010791487618715787,0.018496180136710897,0.005747126436781609,0.923769092641816,True,46,5,5,1.0
1238,0.0,0.0,0.0,0.008845999195818254,0.0,7.691677961493014e-07,True,22,4,4,1.2819463269155024e-05
1239,0.0,0.0,0.0018141095298879622,0.04905508644953759,0.0735632183908046,0.999762273019098,False,122,9,9,1.0
1240,0.0,0.0,0.00019874363247408645,0.02251708886208283,0.021839080459770115,0.5533337596645174,True,56,6,6,1.0
1241,0.0,0.0,0.001818608087579054,0.03739445114595899,0.07586206896551724,0.9997124769958139,False,93,7,7,1.0
1242,0.0,0.0,0.0002620857099100787,0.015681544028950542,0.022988505747126436,0.999979875048645,True,39,4,4,1.0
1243,0.0,0.0,0.0003332920427976399,0.020506634499396863,0.03103448275862069,0.99999942665828,True,51,5,5,1.0
1244,0.0,0.0,0.00024100224339972988,0.03739445114595899,0.004597701149425287,0.024865816082925728,True,93,14,14,0.13332877256260445
1245,0.0,0.0,0.006830490185188123,0.24004825090470447,0.27241379310344827,0.860255451482508,False,597,13,13,1.0
1246,0.0,0.0,0.0004338184022775223,0.012062726176115802,0.03218390804597701,0.8981113153808138,True,30,5,5,1.0
1247,0.0,0.0,0.00030819524059440414,0.0024125452352231603,0.0,0.9380285782962754,True,6,2,2,1.0
1248,8.459887031075129e-05,8.746610688358261e-05,0.001525183910851825,0.08685162846803378,0.08160919540229886,0.25963821176851565,False,216,18,18,0.959414512403426
1249,0.0,0.0,0.00012558768220618003,0.0305589063128267,0.014942528735632184,0.1969464037648126,True,76,6,6,0.7784442836553858
1250,0.0,0.0,0.0023328239810529467,0.04101326899879373,0.09195402298850575,0.9947716675389923,False,102,4,4,1.0
1251,0.0,0.0,0.0008212989829742742,0.049859268194611985,0.04597701149425287,0.9445534644641018,True,124,12,12,1.0
1252,0.0,0.0,0.0,0.019702452754322478,0.0,6.31962147169934e-08,True,49,2,2,1.6414601225193092e-06
1253,0.0,0.0,0.000843514609558528,0.04382790510655408,0.04367816091954023,0.2682183898566568,True,109,18,18,0.978899233053492
1254,0.0,0.0,0.00011185462342166874,0.02251708886208283,0.026436781609195402,0.785335805951753,True,56,5,5,1.0
1255,0.0,0.0,0.0013499833578041764,0.0550864495375955,0.05172413793103448,0.3739237462270324,False,137,5,5,1.0
1256,0.0,0.0,0.0,0.02372336147969441,0.0011494252873563218,5.5607362041877175e-05,True,59,7,7,0.0005451702160968351
1257,0.0,0.0,0.0007466608327651011,0.06554081222356252,0.040229885057471264,0.09422345678521304,True,163,13,13,0.4244299855189777
1258,0.0,0.0,0.0019739533710529137,0.06353035786087656,0.08045977011494253,0.9996458336995274,False,158,7,7,1.0
1259,0.0,0.0,0.0,0.008845999195818254,0.004597701149425287,1.638694067276809e-09,True,22,10,10,7.997660562394691e-08
1260,0.0,0.0,0.0008520459793824579,0.0486529955770004,0.04597701149425287,0.7497320646424671,True,121,8,8,1.0
1261,0.0,0.0,0.0026091533412947467,0.13751507840772015,0.13448275862068965,0.9444675598446026,False,342,9,9,1.0
1262,0.0,0.0,0.0,0.009248090068355449,0.0,0.0001177527372245737,True,23,3,3,0.0010514286908324595
1263,0.0,0.0,0.0,0.0016083634901487736,0.0,0.019131581906758944,True,4,1,1,0.1059921435277504
1264,0.0,0.0,0.004802401018450759,0.07599517490952955,0.08505747126436781,0.8545534607264413,False,189,6,6,1.0
1265,0.0,0.0,0.00020765869913133995,0.03216726980297547,0.040229885057471264,0.9693099267786767,True,80,2,2,1.0
1266,0.0,0.0,0.0024444704484492563,0.0611178126256534,0.06321839080459771,0.98570542816215,False,152,5,5,1.0
1267,0.0,0.0,0.0,0.008443908323281062,0.0,0.030129571509500526,True,21,5,5,0.15857669215526593
1268,5.450788124991273e-05,6.55780706931602e-05,0.0010654974308981185,0.08202653799758745,0.06436781609195402,0.061888374484096495,False,204,13,13,0.2989776545125435
1269,0.0,0.0,0.011059840427072589,0.0667470848411741,0.09770114942528736,0.9928228073973429,False,166,7,7,1.0
1270,0.0,0.0,0.0016429664366439472,0.08604744672295939,0.07471264367816093,0.19790324850229668,False,214,13,13,0.7797191635008133
1271,0.0,0.0,0.004136692662101073,0.1467631684760756,0.14022988505747128,0.8900547760865873,False,365,13,13,1.0
1272,0.0,0.0,0.0010026285658382749,0.04061117812625653,0.05057471264367816,0.9996066698062424,False,101,7,7,1.0
1273,0.0,0.0,0.0,0.047044632086851626,0.0011494252873563218,1.718949828708103e-05,True,117,3,3,0.0001942316190630625
1274,0.0,0.0,6.365979916183596e-05,0.013268998793727383,0.004597701149425287,0.8004900505028738,True,33,6,6,1.0
1275,0.0,0.0,0.0008071344575530998,0.04664254121431444,0.047126436781609195,0.9818027394530457,True,116,8,8,1.0
1276,0.0,0.0,9.768788732878108e-05,0.029754724567752314,0.006896551724137931,6.825963989455867e-07,True,74,12,12,1.1569430490603165e-05
1277,0.0,0.0,0.0,0.024125452352231604,0.0034482758620689655,0.00011223395344067524,True,60,7,7,0.0010156918863409524
1278,0.0,0.0,0.008007455742815955,0.07036590269400884,0.11494252873563218,0.9959592971396172,False,175,8,8,1.0
1279,0.0,0.0,0.0,0.009248090068355449,0.014942528735632184,0.30005719686151844,True,23,8,8,1.0
1280,0.0,0.0,0.0,0.017289907519099316,0.0,2.2750711500465738e-07,True,43,4,4,4.550142300093148e-06
1281,0.0,0.0,0.0,0.010052271813429835,0.0011494252873563218,0.00016108288476004051,True,25,3,3,0.0013886455582762115
1282,0.0,0.0,0.00013302844001775578,0.019702452754322478,0.021839080459770115,0.9912615988521741,True,49,5,5,1.0
1283,0.0,0.0,0.0004803235635506614,0.022919179734620022,0.03333333333333333,0.9802705905359632,True,57,6,6,1.0
1284,0.0,0.0,0.0,0.015681544028950542,0.0,1.5108270035689604e-09,True,39,3,3,7.883756532050691e-08
1285,0.0,0.0,0.003964690854934757,0.17852834740651388,0.19540229885057472,0.8260309435669146,False,444,9,9,1.0
1286,0.0,0.0,0.0,0.012062726176115802,0.0,1.7454942619821732e-09,True,30,5,5,8.311877438010349e-08
1287,0.0,0.0,0.0,0.011258544431041415,0.0,3.088240682382427e-06,True,28,7,7,4.411772403403467e-05
1288,0.0,0.0,0.00041031080468827244,0.018496180136710897,0.03333333333333333,0.9970285828318389,True,46,6,6,1.0
1289,0.0,0.0,0.002053287239335831,0.047044632086851626,0.059770114942528735,0.05398088025711432,False,117,6,6,0.26526231084577057
1290,0.0,0.0,0.00035226935053702616,0.01769199839163651,0.04482758620689655,0.9671267738165064,True,44,6,6,1.0
1291,0.0,0.0,0.000509806522250624,0.02694008845999196,0.04252873563218391,0.8923137316136074,True,67,11,11,1.0
1292,0.0,0.0,0.00024281803433957335,0.0012062726176115801,0.0022988505747126436,0.11687068601559136,True,3,1,1,0.50484097630925
1293,0.0,0.0,0.00010199435835593985,0.02694008845999196,0.026436781609195402,0.7121067001888691,True,67,10,10,1.0
1294,0.0,0.0,0.002518769451609844,0.05790108564535585,0.07126436781609195,0.9898823161157585,False,144,12,12,1.0
1295,0.0,0.0,0.0,0.006031363088057901,0.0,0.003934469112118693,True,15,3,3,0.026142651907765404
1296,0.0,0.0,0.0,0.009650180940892641,0.016091954022988506,0.8069830824957732,True,24,4,4,1.0
1297,0.0,0.0,5.522391342174855e-05,0.024125452352231604,0.006896551724137931,0.04348186057245125,True,60,6,6,0.21795418833308897
1298,0.0,0.0,0.0,0.01407318053880177,0.0,1.1620466231863261e-07,True,35,2,2,2.6097738032131727e-06
1299,0.0,0.0,0.0003060730040090558,0.021310816244471252,0.03218390804597701,0.9995903963063377,True,53,4,4,1.0
1300,0.0,0.0,0.0011492711957848372,0.02372336147969441,0.05517241379310345,0.9999920562871514,False,59,4,4,1.0
1301,0.0,0.0,0.0053351530071273886,0.06594290309609972,0.09540229885057472,0.9489866020622163,False,164,8,8,1.0
1302,0.0,0.0,0.008826933648870829,0.08725371934057097,0.11264367816091954,0.9290375767153078,False,217,11,11,1.0
1303,0.0,0.0,0.0004915951302438032,0.02694008845999196,0.035632183908045977,0.9951466365099495,True,67,7,7,1.0
1304,5.815345709164112e-05,9.212344541685859e-05,0.002832724487400327,0.18576598311218334,0.1850574712643678,0.05682063730743245,False,462,27,27,0.2778515271757088
1305,0.0,0.0,0.0,0.006433453960595094,0.0034482758620689655,0.3219387922252617,True,16,1,1,1.0
1306,0.0,0.0,0.0001314719751173261,0.0056292722155207075,0.028735632183908046,0.9999998818926582,True,14,4,4,1.0
1307,0.0,0.0,0.0017446859708451024,0.04784881383192602,0.06321839080459771,0.9616145726117648,False,119,10,10,1.0
1308,0.0,0.0,2.8166128949657116e-05,0.027744270205066344,0.0367816091954023,0.9768578181747894,True,69,2,2,1.0
1309,0.0,0.0,0.002789691975326733,0.1712907117008444,0.21149425287356322,0.35842398349447324,False,426,15,15,1.0
1310,0.0,0.0,0.0017760372995575312,0.13148371531966224,0.16091954022988506,0.8213736187734952,False,327,13,13,1.0
1311,0.0,0.0,0.00017944064038663763,0.02010454362685967,0.009195402298850575,0.32838906993562345,True,50,6,6,1.0
1312,0.0,0.0,0.0022396727968715664,0.08524326497788501,0.08620689655172414,0.5272980549833998,False,212,7,7,1.0
1313,0.0,0.0,0.002730826184799893,0.057096903900281465,0.07471264367816093,0.8292068486937196,False,142,8,8,1.0
1314,0.0,0.0,0.0002077375290982385,0.022919179734620022,0.014942528735632184,0.5673679164733055,True,57,6,6,1.0
1315,0.0,0.0,0.0008538377417700272,0.045436268596702856,0.04827586206896552,0.8664316482409031,True,113,9,9,1.0
1316,0.0,0.0,0.0017960833385213648,0.0486529955770004,0.06206896551724138,0.985044764508281,False,121,6,6,1.0
1317,0.0,0.0,0.002480753010776098,0.21391234418978688,0.2218390804597701,0.5516700871669079,False,532,13,13,1.0
1318,0.0,0.0,0.0004150923534763082,0.04624045034177724,0.028735632183908046,0.7982420099494656,True,115,7,7,1.0
1319,0.0,0.0,0.0004346520526166779,0.02613590671491757,0.040229885057471264,0.9954326001448975,True,65,5,5,1.0
1320,0.0,0.0,0.0005902216047125659,0.022919179734620022,0.04482758620689655,0.9174760747718433,True,57,8,8,1.0
1321,0.0,0.0,0.0022385067929144753,0.1825492561318858,0.1793103448275862,0.13758027897988384,False,454,9,9,0.5733560599803114
1322,0.0,0.0,0.008869937467834658,0.1471652593486128,0.19540229885057472,0.9993192498162656,False,366,13,13,1.0
1323,0.0,0.0,0.004653352209441468,0.17209489344591877,0.17471264367816092,0.41414702371604506,False,428,8,8,1.0
1324,0.0,0.0,8.642200111414362e-05,0.010052271813429835,0.010344827586206896,0.8106870081563822,True,25,3,3,1.0
1325,0.0,0.0,0.002686422229229377,0.05910735826296743,0.08850574712643679,0.9573924991340672,False,147,8,8,1.0
1326,0.0,0.0,0.0002657086473663208,0.03096099718536389,0.03908045977011494,0.9993601387960578,True,77,3,3,1.0
1327,0.0,0.0,4.8298262657721986e-05,0.009248090068355449,0.02528735632183908,0.9897808031490537,True,23,5,5,1.0
1328,0.0,0.0,0.0009736663006654958,0.038600723763570564,0.04942528735632184,0.964122740169445,True,96,6,6,1.0
1329,0.0,0.0,0.003773327085023075,0.047044632086851626,0.07586206896551724,0.9992772173414878,False,117,7,7,1.0
1330,0.0,0.0,0.0,0.009248090068355449,0.0,9.27357860724269e-05,True,23,2,2,0.0008507870281874028
1331,0.0,0.0,0.009382956412157086,0.017289907519099316,0.067816091954023,0.9999999328355843,False,43,6,6,1.0
1332,0.0,0.0,0.003463819309955663,0.12706071572175312,0.14942528735632185,0.961094567630913,False,316,12,12,1.0
1333,0.0,0.0,0.0032084280206970133,0.1278648974668275,0.11609195402298851,0.4409280011653123,False,318,8,8,1.0
1334,0.0,0.0,0.0017438087602753426,0.05629272215520708,0.0735632183908046,0.9703785714626312,False,140,8,8,1.0
1335,0.0,0.0,0.00015401352765779855,0.06875753920386007,0.01264367816091954,0.006715468380298084,True,171,6,6,0.04171098372855953
1336,0.0,0.0,0.00047702191559759253,0.020908725371934056,0.040229885057471264,0.9999024367817752,True,52,4,4,1.0
1337,0.0,0.0,0.0,0.011258544431041415,0.0,0.0035409605656569975,True,28,3,3,0.023844852293986515
1338,0.0,0.0,0.005115238319478577,0.05910735826296743,0.0896551724137931,0.9949828225589055,False,147,8,8,1.0
1339,0.0,0.0,0.00010453094432734804,0.0008041817450743868,0.0,0.5889492820709854,True,2,1,1,1.0
1340,0.0,0.0,0.0017208163231347351,0.042621632488942504,0.05632183908045977,0.9959046036498304,False,106,8,8,1.0
1341,0.0,0.0,0.00021689432600146218,0.026537997587454766,0.035632183908045977,0.9528703835442257,True,66,9,9,1.0
1342,0.0,0.0,0.0,0.029352633695215118,0.029885057471264367,0.7914301681453138,True,73,4,4,1.0
1343,0.0,0.0,0.0,0.027744270205066344,0.0034482758620689655,1.8229240375967233e-05,True,69,7,7,0.0002036786634186283
1344,0.0,0.0,0.0,0.014877362283876157,0.0,8.927193968518237e-07,True,37,3,3,1.4515762550436158e-05
1345,0.0,0.0,0.001992711871677899,0.0550864495375955,0.07471264367816093,0.885313567095883,False,137,7,7,1.0
1346,0.0,0.0,0.009886349211094091,0.12102935263369521,0.1367816091954023,0.9576321065481547,False,301,11,11,1.0
1347,0.0,0.0,6.259164508325314e-05,0.009248090068355449,0.02528735632183908,0.8286376217251716,True,23,4,4,1.0
1348,0.0,0.0,0.0036336952177130582,0.05910735826296743,0.0896551724137931,0.999318854656571,False,147,8,8,1.0
1349,0.0,0.0,0.0018225085332435908,0.02694008845999196,0.06091954022988506,0.9998142962299479,False,67,8,8,1.0
1350,0.0,0.0,0.0,0.0016083634901487736,0.005747126436781609,0.300601561897363,True,4,1,1,1.0
1351,0.0,0.0,0.019831425687896913,0.10655408122235625,0.14022988505747128,0.9835861891214513,False,265,11,11,1.0
1352,0.0,0.0,0.00042867249390297744,0.013671089666264576,0.03218390804597701,0.9999583731127819,True,34,5,5,1.0
1353,0.0,0.0,0.002054077884357784,0.10293526336952151,0.13218390804597702,0.9845812576902447,False,256,10,10,1.0
1354,0.0,0.0,0.0012312402359688306,0.05950944913550463,0.05632183908045977,0.6343137576678878,False,148,10,10,1.0
1355,0.0,0.0,0.00014031356358357665,0.010856453558504222,0.01839080459770115,0.9277018152424534,True,27,4,4,1.0
1356,0.0,0.0,0.0,0.0036188178528347406,0.0,0.022421549118893443,True,9,1,1,0.1215260114845173
1357,0.0,0.0,0.0013390944800496171,0.047044632086851626,0.0735632183908046,0.9959505137879329,False,117,11,11,1.0
1358,0.0,0.0,0.007297166599969098,0.10052271813429835,0.12988505747126436,0.9544666764927313,False,250,8,8,1.0
1359,0.0,0.0,0.0,0.008845999195818254,0.0022988505747126436,0.024298165672172974,True,22,8,8,0.1306352993127579
1360,0.0,0.0,0.003600542384351241,0.06312826698833937,0.08275862068965517,0.9245347735533016,False,157,8,8,1.0
1361,0.0,0.0,5.123371744388549e-05,0.012464817048652996,0.011494252873563218,0.43331970401167,True,31,6,6,1.0
1362,0.0,0.0,0.008165284999397858,0.1214314435062324,0.1471264367816092,0.7973540564156982,False,302,9,9,1.0
1363,0.0,0.0,0.0,0.005227181342983514,0.0,3.323265913365345e-06,True,13,2,2,4.6806562160075284e-05
1364,0.0,0.0,0.0,0.0008041817450743868,0.0,0.01633359030284786,True,2,1,1,0.09280449035709011
1365,0.0,0.0,0.002428759692711796,0.08644953759549658,0.1206896551724138,0.8986198862634567,False,215,10,10,1.0
1366,0.0,0.0,0.00803568155918734,0.13148371531966224,0.15632183908045977,0.9847191002355749,False,327,12,12,1.0
1367,0.0,0.0,0.0011948398762384794,0.05629272215520708,0.05632183908045977,0.33033200401431073,False,140,9,9,1.0
1368,0.0,0.0,0.0036450189739545094,0.09288299155609167,0.10574712643678161,0.9311129096186349,False,231,7,7,1.0
1369,0.0,0.0,0.0,0.014475271411338963,0.008045977011494253,0.19074694701265948,True,36,5,5,0.7569323294153154
1370,0.0,0.0,0.00012135574323428903,0.016887816646562123,0.02528735632183908,0.9826043603311737,True,42,6,6,1.0
1371,0.0,0.0,0.0007920204679353003,0.03216726980297547,0.04827586206896552,0.9505058766401091,True,80,4,4,1.0
1372,0.0,0.0,0.004814635771621936,0.08604744672295939,0.09195402298850575,0.9637087466700001,False,214,7,7,1.0
1373,0.0,0.0,5.864095578075941e-05,0.02251708886208283,0.03333333333333333,0.2358962759511561,True,56,5,5,0.9009418422205852
1374,0.0,0.0,0.0,0.022114997989545637,0.013793103448275862,0.3871431033766197,True,55,8,8,1.0
1375,0.0,0.0,0.0,0.028548451950140732,0.006896551724137931,0.00011776001337323545,True,71,7,7,0.0010514286908324595
1376,0.0,0.0,0.006841677673204606,0.09811017289907518,0.1206896551724138,0.9065422232262886,False,244,8,8,1.0
1377,0.0,0.0,0.0017894268651121395,0.06634499396863691,0.08045977011494253,0.744492824272554,False,165,8,8,1.0
1378,0.0,0.0,0.0,0.0056292722155207075,0.004597701149425287,0.583246918157533,True,14,4,4,1.0
1379,0.0,0.0,0.0003914275146570486,0.03176517893043828,0.03908045977011494,0.2727485167018078,True,79,8,8,0.987980304274024
1380,0.0,0.0,0.002149088254399954,0.036992360273421794,0.07126436781609195,0.9999652259258408,False,92,5,5,1.0
1381,0.0,0.0,0.0017454806956815076,0.0486529955770004,0.06436781609195402,0.8472499249972801,False,121,11,11,1.0
1382,0.0,0.0,0.00012771643561433754,0.02372336147969441,0.03333333333333333,0.9786071356259158,True,59,5,5,1.0
1383,0.0,0.0,0.005463190189750844,0.0800160836349015,0.11379310344827587,0.9351033318298791,False,199,8,8,1.0
1384,0.0,0.0,0.0006224952833271641,0.03900281463610776,0.041379310344827586,0.025576756765979404,True,97,8,8,0.13677410035283105
1385,0.0,0.0,0.0012323264845099954,0.05950944913550463,0.052873563218390804,0.8970454480177313,False,148,4,4,1.0
1386,0.0,0.0,0.0032838942294580254,0.06755126658624849,0.08735632183908046,0.9957680260221512,False,168,6,6,1.0
1387,0.0,0.0,0.002808683533590626,0.07559308403699236,0.08735632183908046,0.33284949974333883,False,188,9,9,1.0
1388,0.0,0.0,0.00044833969686451387,0.04784881383192602,0.03333333333333333,0.016113979781192198,True,119,8,8,0.09181754861078176
1389,0.0,0.0,0.0024899994774523785,0.06353035786087656,0.10459770114942529,0.9829533664278761,False,158,9,9,1.0
1390,0.0,0.0,0.0,0.005227181342983514,0.01264367816091954,0.8676381464495636,True,13,1,1,1.0
1391,0.0,0.0,0.001632174675245651,0.08082026537997587,0.07471264367816093,0.8310009333758575,False,201,8,8,1.0
1392,0.0,0.0,0.0,0.020506634499396863,0.013793103448275862,0.016385019166459222,True,51,9,9,0.09283296978163864
1393,0.0,0.0,0.002118221315841472,0.06956172094893445,0.08160919540229886,0.7442503286052549,False,173,8,8,1.0
1394,0.0,0.0,0.0,0.009248090068355449,0.0,8.438383952832457e-06,True,23,5,5,0.00010290712137600557
1395,0.0,0.0,0.007217378404931586,0.11821471652593486,0.12873563218390804,0.9575081024622706,False,294,12,12,1.0
1396,0.0,0.0,6.00961753305518e-05,0.01407318053880177,0.01264367816091954,0.9980003477241483,True,35,4,4,1.0
1397,0.0,0.0,0.0,0.010856453558504222,0.011494252873563218,0.7461503864994575,True,27,4,4,1.0
1398,0.0,0.0,0.0,0.017289907519099316,0.0,6.945440571765944e-10,True,43,4,4,4.20935792228239e-08
1399,0.0,0.0,0.0,0.022114997989545637,0.02528735632183908,0.8598700113415716,True,55,5,5,1.0
1400,0.0,0.0,0.000767157006355688,0.051467631684760755,0.04482758620689655,0.9404583405405933,True,128,9,9,1.0
1401,0.0,0.0,0.0003947777029055129,0.04221954161640531,0.027586206896551724,0.6050063202815894,True,105,11,11,1.0
1402,0.0,0.0,0.0006576535920019803,0.01166063530357861,0.006896551724137931,0.5451887867330594,True,29,10,10,1.0
1403,0.0,0.0,0.0031640299691266557,0.09650180940892641,0.09655172413793103,0.7325474131470603,False,240,11,11,1.0
1404,0.0,0.0,0.0,0.032569360675512665,0.0,2.4180816886527618e-14,True,81,4,4,4.836163377305523e-11
1405,0.0,0.0,0.01684712857563263,0.10615199034981906,0.13908045977011493,0.9777122578108407,False,264,8,8,1.0
1406,0.0,0.0,0.003001263748842059,0.04221954161640531,0.07471264367816093,0.999940198060753,False,105,11,11,1.0
1407,0.0,0.0,0.002165094008811953,0.05910735826296743,0.09310344827586207,0.9971225533311531,False,147,7,7,1.0
1408,0.0,0.0,0.00026135372783897965,0.045436268596702856,0.021839080459770115,0.24768031173537647,True,113,9,9,0.9328825300767475
1409,0.0,0.0,0.005054607159737419,0.12625653397667874,0.1425287356321839,0.7644030434387914,False,314,9,9,1.0
1410,0.0,0.0,0.0,0.01166063530357861,0.01839080459770115,0.9596546895645486,True,29,6,6,1.0
1411,0.0,0.0,0.0,0.011258544431041415,0.0,1.3194002205989783e-07,True,28,3,3,2.8682613491282137e-06
1412,0.0,0.0,0.0,0.020908725371934056,0.0,4.442686906262889e-09,True,52,3,3,1.8511195442762036e-07
1413,0.0,0.0,0.0,0.021712907117008445,0.0,6.432926889150093e-14,True,54,4,4,6.432926889150093e-11
1414,0.0,0.0,0.004157178647508369,0.06956172094893445,0.10459770114942529,0.9803979864938106,False,173,8,8,1.0
1415,0.0,0.0,0.0032513081228197913,0.05790108564535585,0.08620689655172414,0.9994921776627337,False,144,12,12,1.0
1416,0.0,0.0,0.0,0.014877362283876157,0.0022988505747126436,0.0013602337211491213,True,37,5,5,0.010189016637821133
1417,0.0,0.0,0.0008214611069702233,0.032569360675512665,0.04482758620689655,0.9951690785034719,True,81,9,9,1.0
1418,0.0,0.0,0.00027283394854196464,0.022919179734620022,0.035632183908045977,0.9988612676444584,True,57,3,3,1.0
1419,0.0,0.0,0.0,0.01889827100924809,0.0,4.603629566627571e-09,True,47,3,3,1.8614434324441917e-07
1420,0.0,0.0,0.0,0.020908725371934056,0.0022988505747126436,1.2623397209330705e-07,True,52,6,6,2.7743730130397156e-06
1421,0.0,0.0,0.004352797489588238,0.059911540008041816,0.07586206896551724,0.9910998713794227,False,149,6,6,1.0
1422,0.0,0.0,0.00023657820146577688,0.02613590671491757,0.03218390804597701,0.7099250873703529,True,65,9,9,1.0
1423,0.0,0.0,0.00016991236691440287,0.02372336147969441,0.041379310344827586,0.9399612243385868,True,59,5,5,1.0
1424,0.0,0.0,0.005144984108143749,0.08041817450743868,0.10459770114942529,0.9959959348776583,False,200,8,8,1.0
1425,0.0,0.0,0.00039794608472400406,0.07559308403699236,0.03333333333333333,0.0026788139984027103,True,188,9,9,0.01873296502379518
1426,0.0,0.0,0.0002724964370061331,0.0048250904704463205,0.0367816091954023,0.9999999375536452,True,12,4,4,1.0
1427,0.0,0.0,7.130129683925064e-05,0.0305589063128267,0.03793103448275862,0.9661009820582966,True,76,3,3,1.0
1428,0.0,0.0,0.0019516646110036224,0.13872135102533173,0.14482758620689656,0.561251512251006,False,345,13,13,1.0
1429,0.0,0.0,0.0,0.017289907519099316,0.016091954022988506,0.6565511403192955,True,43,3,3,1.0
1430,0.0,0.0,6.174543418076408e-05,0.028548451950140732,0.02413793103448276,0.2551635281314928,True,71,5,5,0.9538823481551132
1431,0.0,0.0,0.0010547491002960026,0.04503417772416566,0.052873563218390804,0.8479563517900751,False,112,9,9,1.0
1432,0.0,0.0,0.00028564887334420967,0.02010454362685967,0.02413793103448276,0.9980206950125502,True,50,6,6,1.0
1433,0.0,0.0,0.000192310833720651,0.028548451950140732,0.020689655172413793,0.030623062362918094,True,71,10,10,0.16075098353237846
1434,0.0,0.0,0.0,0.018094089264173704,0.0022988505747126436,0.009172325564326662,True,45,3,3,0.05508904242838836
1435,0.0,0.0,0.0,0.020506634499396863,0.0,7.072781359314732e-06,True,51,4,4,8.952887796600926e-05
1436,0.0,0.0,0.0,0.012464817048652996,0.009195402298850575,0.7580946152551082,True,31,6,6,1.0
1437,0.0,0.0,0.003165918852758146,0.06915963007639726,0.08735632183908046,0.6599030672218427,False,172,8,8,1.0
1438,0.0,0.0,0.0025405384299426294,0.06755126658624849,0.08160919540229886,0.9271015636308712,False,168,8,8,1.0
1439,0.0,0.0,0.0058706109603180205,0.061519903498190594,0.0839080459770115,0.9117506745950048,False,153,8,8,1.0
1440,0.0,0.0,0.0,0.024125452352231604,0.005747126436781609,0.24970927149229455,True,60,8,8,0.9387566597454682
1441,0.0,0.0,0.0022043438659354207,0.12384398874145557,0.12988505747126436,0.21502476350900407,False,308,9,9,0.836672231552545
1442,0.0,0.0,0.0006738686174236148,0.02814636107760354,0.04367816091954023,0.9999561880433586,True,70,5,5,1.0
1443,0.0,0.0,0.0006782019168642643,0.0305589063128267,0.041379310344827586,0.9369509523381927,True,76,6,6,1.0
1444,0.0,0.0,0.0,0.0024125452352231603,0.0011494252873563218,0.16444249184266163,True,6,1,1,0.6671095003759093
1445,0.0,0.0,0.0,0.01889827100924809,0.014942528735632184,0.768753903909685,True,47,3,3,1.0
1446,0.0,0.0,0.00012911932764248272,0.01889827100924809,0.02528735632183908,0.9797777278455593,True,47,5,5,1.0
1447,0.0,0.0,0.0,0.002010454362685967,0.0,0.0023302871219457845,True,5,3,3,0.016585673465806295
1448,0.0,0.0,0.005988137368206512,0.07559308403699236,0.07241379310344828,0.8541865856862484,False,188,10,10,1.0
1449,0.0,0.0,0.003912396658138611,0.10534780860474467,0.1206896551724138,0.9698911292434022,False,262,10,10,1.0
1450,0.0,0.0,0.00047809429087050496,0.032569360675512665,0.04367816091954023,0.9490761092182021,True,81,5,5,1.0
1451,0.0,0.0,0.009132908020449122,0.0486529955770004,0.09310344827586207,0.9992534731933543,False,121,6,6,1.0
1452,0.0,0.0,5.4490279088345345e-05,0.008443908323281062,0.0022988505747126436,0.2561275265837427,True,21,6,6,0.9556997260587415
1453,0.0,0.0,5.993025892661208e-05,0.01527945315641335,0.021839080459770115,0.967916025959503,True,38,5,5,1.0
1454,0.0,0.0,0.00033257468977143954,0.036992360273421794,0.0367816091954023,0.5416991114947544,True,92,8,8,1.0
1455,0.0,0.0,0.0,0.008041817450743867,0.0,2.356615168880772e-06,True,20,3,3,3.4403141151544116e-05
1456,0.0,0.0,0.0033178231964382902,0.07559308403699236,0.08620689655172414,0.9596699776528252,False,188,13,13,1.0
1457,0.0,0.0,0.0008310529065359226,0.010856453558504222,0.047126436781609195,0.999705205037146,True,27,3,3,1.0
1458,0.0,0.0,0.004250505235571796,0.12384398874145557,0.13218390804597702,0.24750275128910004,False,308,15,15,0.9328825300767475
1459,0.0,0.0,0.0,0.021310816244471252,0.0,1.4989824267079197e-11,True,53,3,3,2.9979648534158396e-09
1460,0.0,0.0,0.0,0.010052271813429835,0.0,1.3989743615987905e-07,True,25,2,2,2.9765411948910434e-06
1461,0.0,0.0,0.000970651256275266,0.07438681141938078,0.04942528735632184,0.44175697117405127,True,185,10,10,1.0
1462,8.397190516106943e-05,8.697164724299878e-05,0.0007150243066315354,0.01648572577402493,0.016091954022988506,0.14936314731437306,True,41,9,9,0.6108922180546955
1463,0.0,0.0,0.0003275384644236328,0.026537997587454766,0.03333333333333333,0.9486718311852353,True,66,6,6,1.0
1464,0.0,0.0,0.00015146758927017098,0.021712907117008445,0.006896551724137931,0.857949536292481,True,54,6,6,1.0
1465,0.0,0.0,0.00787854014186996,0.07599517490952955,0.09770114942528736,0.9840269409206339,False,189,8,8,1.0
1466,0.0,0.0,8.573764333005982e-05,0.01166063530357861,0.010344827586206896,0.9964727354336219,True,29,5,5,1.0
1467,0.0,0.0,0.0003136969153393461,0.04302372336147969,0.029885057471264367,0.5496263631347897,True,107,10,10,1.0
1468,0.0,0.0,0.006785778642500632,0.06956172094893445,0.09195402298850575,0.9839819799556575,False,173,9,9,1.0
1469,0.0,0.0,0.0,0.012464817048652996,0.0,0.0001226133062782096,True,31,3,3,0.0010898960558063076
1470,0.0,0.0,0.0,0.012464817048652996,0.0011494252873563218,4.410092671218414e-05,True,31,5,5,0.00044322539409230295
1471,0.0,0.0,0.00010043078793078739,0.018496180136710897,0.035632183908045977,0.984499492067116,True,46,4,4,1.0
1472,0.0,0.0,0.0006617334503853963,0.04825090470446321,0.04367816091954023,0.6717135232469214,True,120,6,6,1.0
1473,0.0,0.0,0.0006821438060011852,0.03297145154804986,0.04367816091954023,0.9975796069095109,True,82,10,10,1.0
1474,0.0,0.0,0.003381213435734244,0.12625653397667874,0.11724137931034483,0.5614515507900245,False,314,12,12,1.0
1475,0.0,0.0,7.938122484772834e-05,0.007237635705669481,0.026436781609195402,0.9999997994204981,True,18,5,5,1.0
1476,0.0,0.0,0.0,0.01769199839163651,0.005747126436781609,0.00021961407633597845,True,44,7,7,0.0018377746973722044
1477,0.0,0.0,0.0030234260058000667,0.09529553679131483,0.11379310344827587,0.9041602110092234,False,237,8,8,1.0
1478,0.0,0.0,0.0004727745658834369,0.028950542822677925,0.027586206896551724,0.8850740558078507,True,72,8,8,1.0
1479,0.0,0.0,0.0,0.024929634097305992,0.0011494252873563218,0.00010864192733559665,True,62,4,4,0.0009876538848690606
1480,0.0,0.0,0.0,0.012062726176115802,0.0011494252873563218,0.004104952365183523,True,30,4,4,0.027185115001215388
1481,0.0,0.0,0.0,0.019300361881785282,0.0,7.888491222585364e-08,True,48,5,5,1.9477756105149046e-06
1482,0.0,0.0,0.0006358658360964846,0.0305589063128267,0.04482758620689655,0.764633004307665,True,76,6,6,1.0
1483,0.0,0.0,0.0,0.019300361881785282,0.0022988505747126436,5.635198785801461e-05,True,48,5,5,0.0005497754912977035
1484,0.0,0.0,0.0022630492937777856,0.04825090470446321,0.07586206896551724,0.9997957850061897,False,120,6,6,1.0
1485,0.0,0.0,2.4800468954319994e-05,0.013671089666264576,0.020689655172413793,0.9506447560299996,True,34,4,4,1.0
1486,0.0,0.0,0.0,0.014475271411338963,0.021839080459770115,0.8709035162378647,True,36,3,3,1.0
1487,0.0,0.0,0.0020558912323977254,0.05066344993968637,0.06321839080459771,0.9152394991510839,False,126,12,12,1.0
1488,0.0,0.0,0.0,0.010052271813429835,0.0022988505747126436,0.08662776836473063,True,25,4,4,0.3973750842418836
1489,0.0,0.0,0.001310070188502562,0.049859268194611985,0.06321839080459771,0.9844307339788524,False,124,9,9,1.0
1490,0.0,0.0,0.010952960283931059,0.01889827100924809,0.07471264367816093,0.9999421333399404,False,47,7,7,1.0
1491,0.0,0.0,0.0013646864154048094,0.06795335745878568,0.06206896551724138,0.22535310965071853,False,169,6,6,0.8700892264506507
1492,0.0,0.0,0.004315199415472673,0.1395255327704061,0.14942528735632185,0.8380867100635117,False,347,12,12,1.0
1493,0.0,0.0,0.0029768040948218344,0.045838359469240045,0.08505747126436781,0.9989517680017446,False,114,7,7,1.0
1494,0.0,0.0,0.0007940417305949517,0.025733815842380377,0.04482758620689655,0.9981223742217327,True,64,5,5,1.0
1495,0.0,0.0,0.0011071473691718055,0.06433453960595094,0.05632183908045977,0.8615596014179949,False,160,7,7,1.0
1496,0.0,0.0,0.001345546658520213,0.05629272215520708,0.05517241379310345,0.7225319514991039,False,140,11,11,1.0
1497,0.0,0.0,0.005101329416521799,0.05669481302774427,0.07586206896551724,0.9824737391967445,False,141,5,5,1.0
1498,0.0,0.0,0.002179115167122634,0.09609971853638923,0.13448275862068965,0.6992843707328762,False,239,8,8,1.0
1499,0.0,0.0,0.005117102742771013,0.05186972255729795,0.07931034482758621,0.9969498413641995,False,129,6,6,1.0
1500,0.0,0.0,0.0022355779737717194,0.04825090470446321,0.06551724137931035,0.9705632683495655,False,120,6,6,1.0
1501,0.0,0.0,0.0004028293282322363,0.019702452754322478,0.017241379310344827,0.9997225720161282,True,49,5,5,1.0
1502,0.0,0.0,0.0007550610532449033,0.03739445114595899,0.04942528735632184,0.9163198245393753,True,93,10,10,1.0
1503,0.0,0.0,0.0,0.005227181342983514,0.0,0.06340344645806664,True,13,2,2,0.30482426181762806
1504,0.0,0.0,0.0,0.019702452754322478,0.0,7.700511939461239e-06,True,49,3,3,9.506804863532394e-05
1505,0.0,0.0,0.01012053459659994,0.12022517088862082,0.14367816091954022,0.9448004450620717,False,299,12,12,1.0
1506,0.0,0.0,0.00014947390441879526,0.019300361881785282,0.02528735632183908,0.9931124674082092,True,48,5,5,1.0
1507,0.0,0.0,0.0014079146523607946,0.04141535987133092,0.08735632183908046,0.7841383000030419,False,103,8,8,1.0
1508,0.0,0.0,0.0005665520625817663,0.0611178126256534,0.03793103448275862,0.40051306843711515,True,152,9,9,1.0
1509,0.0,0.0,0.006468255146407439,0.051065540812223566,0.09080459770114943,0.9972395884589128,False,127,7,7,1.0
1510,0.0,0.0,9.329740092405144e-05,0.012866907921190189,0.02413793103448276,0.9837874762146114,True,32,4,4,1.0
1511,0.0,0.0,0.0004690372874889045,0.02332127060715722,0.02528735632183908,0.8024566503788464,True,58,8,8,1.0
1512,0.0,0.0,0.0035313462170914957,0.0667470848411741,0.0839080459770115,0.9584257305411925,False,166,13,13,1.0
1513,0.0,0.0,0.0009985588580689619,0.03900281463610776,0.05057471264367816,0.9363634680026124,True,97,7,7,1.0
1514,0.0,0.0,0.002512169461904709,0.09006835544833132,0.10229885057471265,0.9931926637980414,False,224,8,8,1.0
1515,0.0,0.0,0.003978779655376645,0.07559308403699236,0.08160919540229886,0.8278726111194181,False,188,8,8,1.0
1516,0.0,0.0,6.0266066275392044e-05,0.02332127060715722,0.004597701149425287,0.07675734139835128,True,58,4,4,0.3595191634583198
1517,0.0,0.0,0.0002576581734898339,0.029754724567752314,0.040229885057471264,0.9840883837712807,True,74,4,4,1.0
1518,0.0,0.0,0.00035859066868307955,0.013268998793727383,0.040229885057471264,0.9976061277067841,True,33,6,6,1.0
1519,0.0,0.0,9.603075192887043e-05,0.011258544431041415,0.02413793103448276,0.9997548273865993,True,28,3,3,1.0
1520,0.0,0.0,6.402027495510771e-05,0.01527945315641335,0.011494252873563218,0.9505675636645865,True,38,8,8,1.0
1521,0.0,0.0,0.007067546242166218,0.08966626457579413,0.135632183908046,0.9842371596945718,False,223,8,8,1.0
1522,0.0,0.0,6.89558518122838e-05,0.01648572577402493,0.013793103448275862,0.9961789317473855,True,41,2,2,1.0
1523,0.0,0.0,4.9178687313463524e-05,0.01407318053880177,0.0,0.3017069150765027,True,35,3,3,1.0
1524,0.0,0.0,0.0,0.008845999195818254,0.0,5.387428747872571e-07,True,22,5,5,9.535272120128444e-06
1525,0.0,0.0,0.006983298487911466,0.09087253719340571,0.11839080459770115,0.991956206297766,False,226,8,8,1.0
1526,0.0,0.0,5.5420420719359004e-05,0.044229995979091274,0.0034482758620689655,0.00020051784147609496,True,110,6,6,0.0016993037413228387
1527,0.0,0.0,0.0045992174420333995,0.08363490148773622,0.1,0.9509544440665026,False,208,6,6,1.0
1528,0.0,0.0,0.0,0.007237635705669481,0.0,0.002971726759864467,True,18,7,7,0.020215828298397732
1529,0.0,0.0,0.00017146695842428902,0.020506634499396863,0.02528735632183908,0.788817657187116,True,51,5,5,1.0
1530,0.0,0.0,0.0007949693708241869,0.0365902694008846,0.03333333333333333,0.1783528730440191,True,91,6,6,0.7177177989698956
1531,0.0,0.0,0.0,0.006433453960595094,0.004597701149425287,0.028442551417074767,True,16,6,6,0.15048969003743262
1532,0.0,0.0,0.0,0.02010454362685967,0.0,7.636763962630962e-08,True,50,3,3,1.9091909906577406e-06
1533,0.0,0.0,0.001733830695656272,0.04382790510655408,0.06666666666666667,0.9998249843542906,False,109,6,6,1.0
1534,0.0,0.0,0.002685800081845441,0.058705267390430235,0.08620689655172414,0.9820993584938815,False,146,5,5,1.0
1535,0.0,0.0,0.001463698655170857,0.04342581423401689,0.05747126436781609,0.9792207263957199,False,108,6,6,1.0
1536,0.0,0.0,0.0,0.01769199839163651,0.0,9.495422426516159e-09,True,44,3,3,3.3912222951843427e-07
1537,0.0,0.0,0.0,0.008845999195818254,0.0,0.0001804092404095995,True,22,1,1,0.0015353977907199958
1538,0.0,0.0,0.0021458551913711298,0.052673904302372336,0.06091954022988506,0.7911420192980428,False,131,6,6,1.0
1539,0.0,0.0,0.0,0.004422999597909127,0.008045977011494253,0.9384905827137794,True,11,3,3,1.0
1540,0.0,0.0,0.0008175409978080374,0.04664254121431444,0.04252873563218391,0.7988773536039844,True,116,8,8,1.0
1541,0.0,0.0,0.0026589749559300067,0.0731805388017692,0.08160919540229886,0.5567468158003319,False,182,8,8,1.0
1542,0.0,0.0,0.0,0.028950542822677925,0.011494252873563218,0.0014454737220858478,True,72,8,8,0.01074701652108437
1543,0.0,0.0,0.0,0.01648572577402493,0.0011494252873563218,0.0026705833995783685,True,41,3,3,0.01873296502379518
1544,0.0,0.0,0.001108957709504829,0.04503417772416566,0.05172413793103448,0.5065212704599367,False,112,9,9,1.0
1545,0.0,0.0,0.0023493957986722215,0.05790108564535585,0.09885057471264368,0.9873407423923375,False,144,8,8,1.0
1546,0.0,0.0,0.006346749711791774,0.0792119018898271,0.1206896551724138,0.9921442673887946,False,197,8,8,1.0
1547,0.0,0.0,0.010264640508913096,0.08524326497788501,0.11839080459770115,0.9567530088527325,False,212,8,8,1.0
1548,0.0,0.0,0.0,0.007237635705669481,0.0034482758620689655,0.07731076955968515,True,18,4,4,0.3604231681104203
1549,0.0,0.0,0.0021059799178011784,0.05950944913550463,0.07241379310344828,0.9551352944546808,False,148,8,8,1.0
1550,0.0,0.0,0.0001682246612762052,0.02010454362685967,0.028735632183908046,0.9223843117937,True,50,5,5,1.0
1551,0.0,0.0,0.0,0.008845999195818254,0.011494252873563218,0.8606273251261285,True,22,3,3,1.0
1552,0.0,0.0,0.0017819056286574018,0.0486529955770004,0.07471264367816093,0.9968699508510906,False,121,9,9,1.0
1553,0.0,0.0,0.0002505904218112864,0.03096099718536389,0.01954022988505747,0.5427469331223047,True,77,9,9,1.0
1554,0.0,0.0,7.85679471644044e-05,0.02372336147969441,0.020689655172413793,0.3003479079395842,True,59,6,6,1.0
1555,0.0,0.0,0.00021660202101194182,0.01166063530357861,0.005747126436781609,0.2619421050615037,True,29,10,10,0.9630224450790578
1556,0.0,0.0,0.0014479890113468178,0.05629272215520708,0.06321839080459771,0.9731854478162102,False,140,6,6,1.0
1557,0.0,0.0,0.0005023096549366716,0.03096099718536389,0.03793103448275862,0.9515127840844179,True,77,2,2,1.0
1558,0.0,0.0,0.0,0.009248090068355449,0.0,1.8807883025173467e-05,True,23,2,2,0.00020668003324366446
1559,0.0,0.0,0.00039906106262657047,0.04181745074386811,0.021839080459770115,0.5970038601087168,True,104,10,10,1.0
1560,0.0,0.0,0.0,0.016083634901487735,0.0,3.4826382182332554e-06,True,40,3,3,4.836997525323966e-05
1561,0.0,0.0,0.008722495389734197,0.12987535182951346,0.13793103448275862,0.9921974500325621,False,323,6,6,1.0
1562,0.0,0.0,4.5596081100332906e-05,0.038198632891033375,0.0011494252873563218,0.007133836771553161,True,95,6,6,0.04403602945403186
1563,0.0,0.0,0.0019768798608798582,0.059911540008041816,0.06551724137931035,0.9943024796572687,False,149,8,8,1.0
1564,0.0,0.0,0.0001854850798953277,0.029754724567752314,0.034482758620689655,0.3720664879685634,True,74,5,5,1.0
1565,0.0,0.0,0.0001497060670998265,0.04101326899879373,0.020689655172413793,0.4448578687698783,True,102,11,11,1.0
1566,0.0,0.0,0.0,0.008041817450743867,0.0,4.3859777938372044e-07,True,20,1,1,7.974505079704008e-06
1567,0.0,0.0,0.0,0.027744270205066344,0.0,5.8724447907916115e-05,True,69,6,6,0.0005701402709506418
1568,0.0,0.0,0.0006328588997572866,0.03096099718536389,0.021839080459770115,0.6893930284385673,True,77,9,9,1.0
1569,0.0,0.0,0.0,0.01648572577402493,0.0,2.485531284089226e-07,True,41,4,4,4.921844126909358e-06
1570,0.0,0.0,0.0,0.013671089666264576,0.0,6.116694616254e-07,True,34,4,4,1.063772976739826e-05
1571,0.0,0.0,0.0,0.013671089666264576,0.0034482758620689655,7.5965793692739654e-06,True,34,5,5,9.436744558104305e-05
1572,0.0,0.0,0.0001830208414657915,0.016083634901487735,0.010344827586206896,0.6014487873161612,True,40,6,6,1.0
1573,0.0,0.0,0.0,0.017289907519099316,0.010344827586206896,0.03844458615762893,True,43,6,6,0.19614584774300473
1574,0.0,0.0,0.0021065471627508166,0.054282267792521106,0.05747126436781609,0.9044049416927806,False,135,6,6,1.0
1575,0.0,0.0,0.004486625535401989,0.09408926417370325,0.0839080459770115,0.7730635769617229,False,234,12,12,1.0
1576,0.0,0.0,0.0,0.02010454362685967,0.0022988505747126436,2.5627157512080616e-05,True,50,5,5,0.0002770503514819526
1577,0.0,0.0,0.001253812510620586,0.049859268194611985,0.06666666666666667,0.34681347234724186,False,124,7,7,1.0
1578,0.0,0.0,0.009041023492068085,0.08403699236027343,0.12758620689655173,0.9999287536430496,False,209,12,12,1.0
1579,0.0,0.0,8.716025842553981e-05,0.0,0.0,0.8584850661006278,True,0,0,0,1.0
1580,0.0,0.0,0.0,0.008845999195818254,0.0034482758620689655,0.005286433128074722,True,22,2,2,0.03377912541900781
1581,0.0,0.0,0.0,0.029754724567752314,0.0034482758620689655,0.004565072550000296,True,74,5,5,0.029905271036555096
1582,0.0,0.0,0.002184231573887802,0.04181745074386811,0.06551724137931035,0.9958043866450745,False,104,7,7,1.0
1583,0.0,0.0,0.0013225983705238225,0.06473663047848814,0.06321839080459771,0.2115978428390745,False,161,8,8,0.8297954621140177
1584,0.0,0.0,0.0002300209502740507,0.03216726980297547,0.029885057471264367,0.8628723710643076,True,80,6,6,1.0
1585,0.0,0.0,0.006528113862365745,0.08886208283071974,0.10459770114942529,0.8726627357710519,False,221,8,8,1.0
1586,0.0,0.0,0.0008574523152680128,0.057498994772818654,0.041379310344827586,0.5924370674990821,True,143,14,14,1.0
1587,0.0,0.0,0.0008558025526500202,0.049859268194611985,0.04482758620689655,0.9133272015512078,True,124,13,13,1.0
1588,0.0,0.0,0.003992049549559348,0.0365902694008846,0.08620689655172414,0.9997864573086271,False,91,4,4,1.0
1589,0.0,0.0,0.006045078456473508,0.04181745074386811,0.06206896551724138,0.9366779667231104,False,104,10,10,1.0
1590,0.0,0.0,0.0003151557669392488,0.013671089666264576,0.016091954022988506,0.9959597361722918,True,34,9,9,1.0
1591,0.0,0.0,0.0002173662506394724,0.022114997989545637,0.02413793103448276,0.8087629517014194,True,55,7,7,1.0
1592,0.0,0.0,0.005279913624317906,0.08765581021310816,0.10689655172413794,0.9949075425911788,False,218,12,12,1.0
1593,0.0,0.0,0.0,0.006031363088057901,0.006896551724137931,0.0975190906676156,True,15,6,6,0.43632702759559555
1594,0.0,0.0,0.0,0.007237635705669481,0.0,1.841805747489039e-05,True,18,3,3,0.00020464508305433765
1595,0.0,0.0,0.001223977795555692,0.049859268194611985,0.052873563218390804,0.7064076390396629,False,124,5,5,1.0
1596,0.0,0.0,0.0,0.01648572577402493,0.02528735632183908,0.9340854110541815,True,41,1,1,1.0
1597,0.0,0.0,0.0,0.02372336147969441,0.0011494252873563218,0.0006291290497619912,True,59,5,5,0.004915070701265556
1598,0.0,0.0,0.0,0.01407318053880177,0.016091954022988506,0.512578158224499,True,35,5,5,1.0
1599,0.0,0.0,0.009095188622339233,0.09248090068355448,0.12528735632183907,0.9942807815183888,False,230,11,11,1.0
1600,0.0,0.0,0.00035087383385038514,0.01889827100924809,0.026436781609195402,0.7257830784861188,True,47,8,8,1.0
1601,0.0,0.0,6.5895132721519e-05,0.024929634097305992,0.014942528735632184,0.24084669107225481,True,62,10,10,0.9157668862062921
1602,0.0,0.0,0.0011176138475888402,0.05910735826296743,0.05632183908045977,0.6197023631037057,False,147,8,8,1.0
1603,0.0,0.0,0.002261358772241146,0.08443908323281062,0.08160919540229886,0.7157113266934954,False,210,13,13,1.0
1604,0.0,0.0,0.0,0.008845999195818254,0.0034482758620689655,0.1459370547443321,True,22,4,4,0.6030456807617028
1605,0.0,0.0,0.0,0.016887816646562123,0.0011494252873563218,0.0002209785639969693,True,42,5,5,0.0018414880333080777
1606,0.0,0.0,0.0010361466550933142,0.03297145154804986,0.05172413793103448,0.9969572814908778,False,82,8,8,1.0
1607,0.0,0.0,3.57073297409566e-05,0.02010454362685967,0.0367816091954023,0.9888316478656578,True,50,4,4,1.0
1608,0.0,0.0,0.0013495270732821667,0.05950944913550463,0.05517241379310345,0.7855466106045965,False,148,11,11,1.0
1609,0.0,0.0,2.8122922738659024e-05,0.0016083634901487736,0.022988505747126436,0.9999999986470047,True,4,2,2,1.0
1610,0.0,0.0,0.003025583464871392,0.0973059911540008,0.10344827586206896,0.84305301735606,False,242,7,7,1.0
1611,0.0,0.0,0.0014961247899247271,0.160032167269803,0.15862068965517243,0.3802722670459341,False,398,14,14,1.0
1612,0.0,0.0,0.002518787412995584,0.1527945315641335,0.19655172413793104,0.9797147449548705,False,380,13,13,1.0
1613,0.0,0.0,0.00019625835347199635,0.01527945315641335,0.029885057471264367,0.9989734388267343,True,38,5,5,1.0
1614,0.0,0.0,0.0,0.025733815842380377,0.028735632183908046,0.596740632208714,True,64,3,3,1.0
1615,0.0,0.0,0.0,0.0,0.004597701149425287,0.9985837855011975,True,0,0,0,1.0
1616,0.0,0.0,0.008769061346447593,0.16928025733815844,0.1850574712643678,0.6170869317558358,False,421,8,8,1.0
1617,0.0,0.0,8.69201109030874e-05,0.012464817048652996,0.01954022988505747,0.9754263883732092,True,31,5,5,1.0
1618,0.0,0.0,0.00034354850972894004,0.018094089264173704,0.03793103448275862,0.994981322336076,True,45,5,5,1.0
1619,0.0,0.0,0.0,0.02814636107760354,0.026436781609195402,0.07333845080162528,True,70,6,6,0.34577322789106923
1620,0.0,0.0,0.008529031964809029,0.07157217531162043,0.0896551724137931,0.9913306875749059,False,178,8,8,1.0
1621,0.0,0.0,0.0,0.0016083634901487736,0.0,0.058120173644907895,True,4,3,3,0.28342213563503577
1622,0.0,0.0,0.004086319714761121,0.057498994772818654,0.09080459770114943,0.9847193235153807,False,143,7,7,1.0
1623,0.0,0.0,0.0038321528302926256,0.058705267390430235,0.08045977011494253,0.9949872980276657,False,146,8,8,1.0
1624,0.0,0.0,0.004024699636148573,0.15400080418174508,0.16436781609195403,0.5663012261382978,False,383,16,16,1.0
1625,0.0,0.0,0.0,0.021310816244471252,0.0,1.98326043139018e-06,True,53,2,2,2.938163602059526e-05
1626,0.0,0.0,0.0,0.010454362685967028,0.0,1.5028985845315356e-06,True,26,3,3,2.294501655773337e-05
1627,0.0,0.0,0.003556891286524517,0.18174507438681142,0.20344827586206896,0.8396387583941702,False,452,11,11,1.0
1628,0.0,0.0,0.0007346277530627863,0.01166063530357861,0.03793103448275862,0.5714211767983709,True,29,3,3,1.0
1629,0.0,0.0,0.007035207027785815,0.08122235625251306,0.0896551724137931,0.8070929701598039,False,202,11,11,1.0
1630,0.0,0.0,0.0100898788537759,0.0611178126256534,0.10229885057471265,0.9998575057905751,False,152,6,6,1.0
1631,0.0,0.0,0.00038183039422628,0.027744270205066344,0.004597701149425287,0.09315366984306012,True,69,8,8,0.42150981829438966
1632,0.0,0.0,0.0,0.02613590671491757,0.0011494252873563218,0.0013870359093282247,True,65,10,10,0.010351014248718095
1633,0.0,0.0,0.0031279762885941978,0.09811017289907518,0.1206896551724138,0.9939002720937327,False,244,13,13,1.0
1634,0.0,0.0,0.001646024022082566,0.061519903498190594,0.08620689655172414,0.9718470984183571,False,153,7,7,1.0
1635,0.0,0.0,0.0022018010351427023,0.013268998793727383,0.05747126436781609,0.9999999694127947,False,33,5,5,1.0
1636,0.0,0.0,0.00047456447624250644,0.03176517893043828,0.03793103448275862,0.916915220285826,True,79,6,6,1.0
1637,0.0,0.0,0.0,0.005227181342983514,0.006896551724137931,0.39599143625345856,True,13,4,4,1.0
1638,0.0,0.0,0.00042044526395313976,0.0028146361077603537,0.040229885057471264,0.9999999999937834,True,7,2,2,1.0
1639,0.0,0.0,0.0,0.02372336147969441,0.0,3.072660789229801e-07,True,59,3,3,5.9089630562111555e-06
1640,0.0,0.0,0.0,0.0048250904704463205,0.020689655172413793,0.9896795430913561,True,12,3,3,1.0
1641,0.0,0.0,0.0005924627415619555,0.032569360675512665,0.03908045977011494,0.9939303947124847,True,81,7,7,1.0
1642,0.0,0.0,0.002144047538761306,0.06835544833132289,0.09080459770114943,0.9997469147638478,False,170,13,13,1.0
1643,0.0,0.0,0.0,0.0004020908725371934,0.0,0.0782401251353302,True,1,1,1,0.363063225685987
1644,0.0,0.0,0.0,0.010052271813429835,0.0034482758620689655,0.5245360859510734,True,25,5,5,1.0
1645,0.0,0.0,0.000791182815235753,0.04342581423401689,0.03218390804597701,0.5904133461976461,True,108,4,4,1.0
1646,0.0,0.0,0.0,0.009650180940892641,0.0,8.235299770735219e-07,True,24,3,3,1.3500491427434783e-05
1647,0.0,0.0,0.001995103686456815,0.04221954161640531,0.07011494252873564,0.999909609441526,False,105,6,6,1.0
1648,0.0,0.0,0.0001533535192488783,0.011258544431041415,0.0011494252873563218,0.21369313358214087,True,28,6,6,0.8347388030552377
1649,0.0,0.0,0.0,0.020908725371934056,0.0011494252873563218,0.001194873113875913,True,52,3,3,0.009017910293403117
1650,0.0,0.0,9.118521044097075e-05,0.016887816646562123,0.021839080459770115,0.9973488614897816,True,42,4,4,1.0
1651,0.0,0.0,0.0,0.02010454362685967,0.0034482758620689655,0.016681578304343657,True,50,4,4,0.09398072284137271
1652,0.0,0.0,5.1233786156035794e-05,0.0004020908725371934,0.0,0.040945386091867174,True,1,1,1,0.20728687107561142
1653,0.0,0.0,0.0,0.009650180940892641,0.004597701149425287,0.6725194288872138,True,24,1,1,1.0
1654,0.0,0.0,0.00016013573799163858,0.017289907519099316,0.03103448275862069,0.9975924063796379,True,43,8,8,1.0
1655,0.0,0.0,0.0,0.009650180940892641,0.0,0.8271002599549294,True,24,3,3,1.0
1656,0.0,0.0,0.0,0.02734217933252915,0.0,7.579308213997661e-12,True,68,5,5,2.1655166325707606e-09
1657,0.0,0.0,0.0001640164356758954,0.0008041817450743868,0.028735632183908046,1.0,True,2,1,1,1.0
1658,0.0,0.0,4.1492606390839806e-05,0.033775633293124246,0.013793103448275862,0.07051268359948137,True,84,5,5,0.33577468380705416
1659,0.0,0.0,0.00042237491265589426,0.019300361881785282,0.028735632183908046,0.9929751229501788,True,48,6,6,1.0
1660,0.0,0.0,0.002075627918427306,0.024929634097305992,0.06551724137931035,0.9998386695878703,False,62,6,6,1.0
1661,0.0,0.0,0.00014266744818238825,0.04101326899879373,0.010344827586206896,0.009992570894937994,True,102,9,9,0.05930309136461717
1662,0.0,0.0,0.008412697435444665,0.1033373542420587,0.135632183908046,0.9989857984118041,False,257,12,12,1.0
1663,0.0,0.0,6.609581067104834e-05,0.01889827100924809,0.0011494252873563218,0.03855483087730651,True,47,5,5,0.19620779072420616
1664,0.0,0.0,0.0005662220418511005,0.033775633293124246,0.03793103448275862,0.9038808960044071,True,84,6,6,1.0
1665,0.0,0.0,0.0003218888785336644,0.038600723763570564,0.028735632183908046,0.759177912475874,True,96,7,7,1.0
1666,0.0,0.0,0.0011552182333474088,0.04784881383192602,0.052873563218390804,0.9237757497959254,False,119,5,5,1.0
1667,0.0,0.0,0.0,0.0016083634901487736,0.0,0.46464168253114446,True,4,1,1,1.0
1668,0.0,0.0,0.004718235188148984,0.0671491757137113,0.10229885057471265,0.9982178739095335,False,167,7,7,1.0
1669,0.00010176116822608124,6.55780706931602e-05,0.0025049263858776503,0.24527543224768797,0.22988505747126436,0.6134049195742285,False,610,25,25,1.0
1670,0.0,0.0,0.0,0.008041817450743867,0.0,1.3028915534695921e-06,True,20,3,3,2.0044485437993727e-05
1671,0.0,0.0,0.004062650624028551,0.07559308403699236,0.09195402298850575,0.9280702073172288,False,188,11,11,1.0
1672,0.0,0.0,0.0001237356451086552,0.008845999195818254,0.0,0.053293237219188605,True,22,4,4,0.2631764800947585
1673,0.0,0.0,0.0,0.018094089264173704,0.016091954022988506,0.16762921295605515,True,45,4,4,0.6786607811986038
1674,0.0,0.0,0.0006511241392532839,0.012062726176115802,0.04942528735632184,0.9970395147353954,True,30,4,4,1.0
1675,0.0,0.0,0.0,0.02010454362685967,0.0,9.812917695751834e-11,True,50,3,3,1.2266147119689793e-08
1676,0.0,0.0,0.0,0.01889827100924809,0.0,5.372156969995026e-09,True,47,2,2,2.0662142192288562e-07
1677,0.0,0.0,0.0005440368074871966,0.030156815440289506,0.04367816091954023,0.929602895095482,True,75,3,3,1.0
1678,0.0,0.0,0.0006835600300257505,0.024125452352231604,0.02413793103448276,0.9253319867938491,True,60,6,6,1.0
1679,0.0,0.0,0.0012338874973122987,0.04181745074386811,0.05517241379310345,0.9862174210043052,False,104,6,6,1.0
1680,0.0,0.0,0.0,0.006433453960595094,0.0011494252873563218,0.0020207307610513596,True,16,5,5,0.014485525168826952
1681,0.0,0.0,0.00024300014860283528,0.02251708886208283,0.03218390804597701,0.9940868548858237,True,56,6,6,1.0
1682,0.0,0.0,0.0,0.01407318053880177,0.0,0.00011373903477265397,True,35,7,7,0.0010246759889428285
1683,0.0,0.0,0.0035835273818875368,0.08162444712505026,0.09080459770114943,0.6790198459349392,False,203,9,9,1.0
1684,0.0,0.0,0.0,0.014475271411338963,0.01839080459770115,0.8781310672015157,True,36,6,6,1.0
1685,0.0,0.0,0.00035508046492965036,0.011258544431041415,0.03103448275862069,0.9999999991377417,True,28,4,4,1.0
1686,0.0,0.0,0.007226848633241205,0.06996381182147166,0.07586206896551724,0.6536654952842724,False,174,13,13,1.0
1687,0.0,0.0,0.0011292618045838122,0.0365902694008846,0.054022988505747126,0.9969823633810674,False,91,4,4,1.0
1688,0.0,0.0,0.0010613937458333418,0.0365902694008846,0.05172413793103448,0.967993721524871,False,91,5,5,1.0
1689,0.0,0.0,0.0,0.010856453558504222,0.0011494252873563218,0.0002459480052035938,True,27,5,5,0.0020118686244576262
1690,0.0,0.0,0.004526531937057097,0.1708886208283072,0.21839080459770116,0.9884155713826704,False,425,12,12,1.0
1691,0.0,0.0,0.0006303314678141167,0.010052271813429835,0.040229885057471264,0.9999886422188,True,25,6,6,1.0
1692,0.0,0.0,0.00020743308103840586,0.020908725371934056,0.03218390804597701,0.9940549503023386,True,52,6,6,1.0
1693,0.0,0.0,0.00024863155421318486,0.029754724567752314,0.03793103448275862,0.9827915817139441,True,74,2,2,1.0
1694,0.0,0.0,0.0,0.019702452754322478,0.0011494252873563218,0.07347681092685221,True,49,4,4,0.34577322789106923
1695,0.0,0.0,0.0,0.0016083634901487736,0.01264367816091954,0.9999999656209821,True,4,2,2,1.0
1696,0.0,0.0,0.00514133122899438,0.09408926417370325,0.11379310344827587,0.9997767051271071,False,234,6,6,1.0
1697,0.0,0.0,5.693354579009467e-05,0.010052271813429835,0.010344827586206896,0.41638457669101886,True,25,6,6,1.0
1698,0.0,0.0,0.0013857089154230878,0.020908725371934056,0.05632183908045977,0.9999999127264336,False,52,6,6,1.0
1699,0.0,0.0,0.005322413394629338,0.06232408524326498,0.09885057471264368,0.9981180253241362,False,155,13,13,1.0
1700,0.0,0.0,0.0008402142767146557,0.0305589063128267,0.04252873563218391,0.8106095839418088,True,76,5,5,1.0
1701,0.0,0.0,0.003431787015475982,0.05669481302774427,0.10229885057471265,0.9967038828450093,False,141,6,6,1.0
1702,0.0,0.0,0.0043897437319944665,0.12625653397667874,0.13333333333333333,0.7661480986633079,False,314,11,11,1.0
1703,0.0,0.0,0.0,0.013671089666264576,0.0011494252873563218,0.3988532149922627,True,34,3,3,1.0
1704,0.0,0.0,0.0011206383139689949,0.0546843586650583,0.052873563218390804,0.7375515374798691,False,136,6,6,1.0
1705,0.0,0.0,0.0,0.021712907117008445,0.0,1.4300449714511099e-12,True,54,5,5,5.720179885804439e-10
1706,0.0,0.0,0.004384715721589249,0.1411338962605549,0.12413793103448276,0.059657841619068876,False,351,10,10,0.28960117290810133
1707,0.0,0.0,0.0,0.02734217933252915,0.0011494252873563218,1.0568339653789966e-07,True,68,7,7,2.516271346140468e-06
1708,0.0,0.0,0.00161997866576779,0.032569360675512665,0.06321839080459771,0.9999999196492576,False,81,4,4,1.0
1709,0.0,0.0,0.0,0.006433453960595094,0.0022988505747126436,0.016481401624452656,True,16,2,2,0.09311526341498676
1710,0.0,0.0,0.0,0.015681544028950542,0.0,2.9624525508405593e-08,True,39,2,2,8.229034863445998e-07
1711,0.0,0.0,0.0011536063641196636,0.05790108564535585,0.05172413793103448,0.90186447651093,False,144,6,6,1.0
1712,0.0,0.0,0.0,0.019300361881785282,0.011494252873563218,0.4109638781979041,True,48,6,6,1.0
1713,0.0,0.0,0.002414539242509005,0.054282267792521106,0.08275862068965517,0.9999972062548845,False,135,7,7,1.0
1714,0.0,0.0,0.0010177267908752596,0.039806996381182146,0.05057471264367816,0.9557999297190177,False,99,5,5,1.0
1715,0.0,0.0,0.0,0.01166063530357861,0.0,0.0006204992374803943,True,29,3,3,0.004866660686120739
1716,0.0,0.0,0.0,0.03457981503819863,0.0,2.529279126640666e-09,True,86,5,5,1.1241240562847404e-07
1717,0.0,0.0,0.0001287553875709535,0.018496180136710897,0.016091954022988506,0.8689530437970169,True,46,6,6,1.0
1718,0.0,0.0,0.0,0.0016083634901487736,0.0,0.10377250991190295,True,4,1,1,0.4573751083000074
1719,0.0,0.0,0.00019073464999090685,0.04744672295938882,0.01954022988505747,0.2112739555064273,True,118,7,7,0.8297954621140177
1720,0.0,0.0,0.0009397211712033279,0.03498190591073583,0.04827586206896552,0.954790369027246,True,87,7,7,1.0
1721,0.0,0.0,0.0,0.007639726578206675,0.0034482758620689655,0.012393205536223055,True,19,7,7,0.07211489517083981
1722,0.0,0.0,0.0001180322502003547,0.0008041817450743868,0.041379310344827586,1.0,True,2,1,1,1.0
1723,0.0,0.0,0.0,0.013671089666264576,0.0,1.1150686189596169e-07,True,34,5,5,2.563376135539349e-06
1724,0.0,0.0,0.001872704323248581,0.05669481302774427,0.06896551724137931,0.8629002696574644,False,141,12,12,1.0
1725,0.0,0.0,0.0,0.008443908323281062,0.014942528735632184,0.7009751389510431,True,21,4,4,1.0
1726,0.0,0.0,0.0,0.019300361881785282,0.0,3.050214907215996e-05,True,48,8,8,0.0003210752533911575
1727,0.0,0.0,0.0,0.019702452754322478,0.006896551724137931,0.08753965044140366,True,49,5,5,0.4006391324549367
1728,0.0,0.0,0.001656445203389211,0.04664254121431444,0.06091954022988506,0.9306599351878855,False,116,5,5,1.0
1729,0.0,0.0,7.988143117161896e-05,0.01166063530357861,0.0022988505747126436,0.310031360288275,True,29,8,8,1.0
1730,0.0,0.0,9.489290793773632e-05,0.0016083634901487736,0.016091954022988506,0.9999988262552144,True,4,3,3,1.0
1731,0.0,0.0,0.0,0.015681544028950542,0.0,0.0009793960431412393,True,39,4,4,0.00750495052215509
1732,0.0,0.0,0.00030574080220891544,0.022114997989545637,0.010344827586206896,0.7372825378737878,True,55,11,11,1.0
1733,0.0,0.0,0.0014688235294117646,0.06634499396863691,0.09310344827586207,0.9879317411307498,False,165,12,12,1.0
1734,0.0,0.0,0.0007765103700073477,0.04020908725371934,0.04597701149425287,0.47839887817845256,True,100,6,6,1.0
1735,0.0,0.0,0.0005286293816725004,0.004422999597909127,0.047126436781609195,0.9999988757536808,True,11,5,5,1.0
1736,0.0,0.0,0.0005171566219588106,0.039806996381182146,0.03908045977011494,0.8285786380071946,True,99,4,4,1.0
1737,0.0,0.0,0.0024003044590212123,0.058303176517893046,0.07126436781609195,0.6575857962207906,False,145,6,6,1.0
1738,0.0,0.0,0.0033705361673929454,0.0848411741053478,0.0896551724137931,0.9857755371304412,False,211,11,11,1.0
1739,0.0,0.0,0.0006839052708901156,0.044229995979091274,0.04482758620689655,0.6011757360553979,True,110,6,6,1.0
1740,0.0,0.0,0.0,0.007237635705669481,0.0011494252873563218,0.011394650403461644,True,18,2,2,0.06683079415520025
1741,0.0,0.0,0.00013146355949436838,0.045838359469240045,0.035632183908045977,0.27631150697030826,True,114,5,5,0.993926284065857
1742,0.0,0.0,0.0010460664675644947,0.033775633293124246,0.05172413793103448,0.7585161504201807,False,84,4,4,1.0
1743,0.0,0.0,0.0010206010877211887,0.04020908725371934,0.05057471264367816,0.9566092761415848,False,100,9,9,1.0
1744,0.0,0.0,0.0006067949117795294,0.033775633293124246,0.04942528735632184,0.9645576150560525,True,84,4,4,1.0
1745,0.0,0.0,0.0015643655908205703,0.04945717732207479,0.05747126436781609,0.6133436547196948,False,123,6,6,1.0
1746,0.0,0.0,0.0017862650406946096,0.06634499396863691,0.07586206896551724,0.9879197768804543,False,165,8,8,1.0
1747,0.0,0.0,0.0021371681078476484,0.06192199437072778,0.07011494252873564,0.7844298757138382,False,154,11,11,1.0
1748,0.0,0.0,0.0,0.004422999597909127,0.0,0.0001804092404095995,True,11,2,2,0.0015353977907199958
1749,0.0,0.0,0.005811820093265401,0.08041817450743868,0.10229885057471265,0.9385719994961217,False,200,13,13,1.0
1750,0.0,0.0,0.001388849625698913,0.08644953759549658,0.07931034482758621,0.42669219788102597,False,215,8,8,1.0
1751,0.0,0.0,0.002175895367644177,0.04905508644953759,0.07816091954022988,0.9987317816382166,False,122,7,7,1.0
1752,0.0,0.0,0.00132289132497476,0.051467631684760755,0.05747126436781609,0.12579564703665813,False,128,5,5,0.53644199162754
1753,0.0,0.0,0.005392791675307946,0.07478890229191798,0.08735632183908046,0.8201568649200295,False,186,11,11,1.0
1754,0.0,0.0,0.0,0.006031363088057901,0.0,0.00457550646859293,True,15,4,4,0.029905271036555096
1755,0.0,0.0,0.0,0.006031363088057901,0.005747126436781609,0.9825088413517928,True,15,3,3,1.0
1756,0.0,0.0,0.009197370559031174,0.1093687173301166,0.13793103448275862,0.9985324826913691,False,272,11,11,1.0
1757,0.0,0.0,0.00026966691153412927,0.04181745074386811,0.006896551724137931,0.3146742926291631,True,104,7,7,1.0
1758,0.0,0.0,0.001585861026776931,0.05347808604744672,0.05862068965517241,0.8942512196747929,False,133,6,6,1.0
1759,0.0,0.0,0.0,0.010856453558504222,0.0,1.966944109794373e-07,True,27,3,3,4.014171652641577e-06
1760,0.0,0.0,0.0016346551664092768,0.04463208685162847,0.06436781609195402,0.9974583324666388,False,111,6,6,1.0
1761,0.0,0.0,0.0001131523341726816,0.0028146361077603537,0.03908045977011494,0.9999999940763045,True,7,4,4,1.0
1762,0.0,0.0,0.002067194049909614,0.08283071974266185,0.11494252873563218,0.9570832355591975,False,206,7,7,1.0
1763,0.0,0.0,0.004692023709832273,0.04744672295938882,0.08045977011494253,0.9987311421906913,False,118,4,4,1.0
1764,0.0,0.0,0.0037470962081596225,0.097708082026538,0.13333333333333333,0.8125531147915067,False,243,8,8,1.0
1765,0.0,0.0,0.00027269913334482796,0.01527945315641335,0.02528735632183908,0.9982157436602843,True,38,5,5,1.0
1766,0.0,0.0,0.0,0.010454362685967028,0.0,1.0718985352407874e-08,True,26,6,6,3.696201845657888e-07
1767,0.0,0.0,0.000651946945145369,0.06513872135102533,0.03793103448275862,0.4480992618316155,True,162,10,10,1.0
1768,0.0,0.0,0.0,0.03457981503819863,0.0,3.5816923592926527e-06,True,86,3,3,4.90642788944199e-05
1769,0.0,0.0,0.00026716179784826285,0.026537997587454766,0.03103448275862069,0.7429758786051024,True,66,5,5,1.0
1770,0.0,0.0,0.0,0.0008041817450743868,0.0,0.15486658272269233,True,2,2,2,0.6321085009089483
1771,0.0,0.0,0.00015626432111806278,0.019300361881785282,0.0022988505747126436,0.32221473899502784,True,48,5,5,1.0
1772,0.0,0.0,0.0,0.0,0.013793103448275862,0.9999999513382166,True,0,0,0,1.0
1773,0.0,0.0,0.0010038291004600178,0.03498190591073583,0.05057471264367816,0.9944293422647819,False,87,4,4,1.0
1774,0.0,0.0,0.0015283654746960323,0.04744672295938882,0.06206896551724138,0.9826702312355604,False,118,9,9,1.0
1775,0.0,0.0,0.00040243249480005237,0.02372336147969441,0.03218390804597701,0.9751962261487181,True,59,8,8,1.0
1776,0.0,0.0,0.0,0.026537997587454766,0.0034482758620689655,1.1533344480649477e-05,True,66,6,6,0.00013648928379466838
1777,0.0,0.0,0.014464722430556626,0.09167671893848009,0.11379310344827587,0.9771159241340466,False,228,8,8,1.0
1778,0.0,0.0,0.004181271024346093,0.061519903498190594,0.07471264367816093,0.9936632285352583,False,153,5,5,1.0
1779,0.0,0.0,0.0,0.012866907921190189,0.0034482758620689655,0.08796478105661393,True,32,3,3,0.40166566692517774
1780,0.0,0.0,0.00663864896677893,0.038600723763570564,0.0735632183908046,0.9975433851089529,False,96,7,7,1.0
1781,0.0,0.0,0.0,0.01648572577402493,0.013793103448275862,0.9288724180814744,True,41,1,1,1.0
1782,0.0,0.0,0.0,0.021712907117008445,0.017241379310344827,0.03222979909781843,True,54,7,7,0.16742752778087497
1783,0.0,0.0,0.00018581248928680933,0.021712907117008445,0.028735632183908046,0.8564888363394602,True,54,8,8,1.0
1784,0.0,0.0,0.0087514130324885,0.11298753518295135,0.15057471264367817,0.9771451587525231,False,281,7,7,1.0
1785,0.0,0.0,0.0022874075003135384,0.03538399678327302,0.06551724137931035,0.9993941462774546,False,88,10,10,1.0
1786,0.0,0.0,0.00555869547067163,0.1716928025733816,0.18160919540229886,0.694230896913971,False,427,8,8,1.0
1787,0.0,0.0,0.0034777601118260817,0.07800562927221552,0.10689655172413794,0.998227116684838,False,194,8,8,1.0
1788,0.0,0.0,0.0003237127774328388,0.006433453960595094,0.03793103448275862,0.999999399922387,True,16,4,4,1.0
1789,0.0,0.0,0.0013570746313198198,0.09449135504624046,0.10689655172413794,0.7483095063613132,False,235,11,11,1.0
1790,0.0,0.0,5.467602448705508e-05,0.024527543224768796,0.034482758620689655,0.9491089330143127,True,61,4,4,1.0
1791,0.0,0.0,0.013515691156582943,0.15721753116204262,0.19080459770114944,0.9934746955454189,False,391,12,12,1.0
1792,0.0,0.0,0.0,0.012464817048652996,0.0,6.040627608333104e-09,True,31,6,6,2.279482116352115e-07
1793,0.0,0.0,0.0001343434231280337,0.03176517893043828,0.021839080459770115,0.04864417296600898,True,79,9,9,0.24081273745549
1794,0.0,0.0,0.0,0.01889827100924809,0.0022988505747126436,0.006406228108885819,True,47,4,4,0.040038925680536366
1795,0.0,0.0,0.0,0.010454362685967028,0.0,1.1696326629957689e-07,True,26,2,2,2.6097738032131727e-06
1796,0.0,0.0,0.0,0.02734217933252915,0.0011494252873563218,4.05566534330323e-07,True,68,9,9,7.510491376487464e-06
1797,0.0,0.0,0.0005605087334001067,0.05629272215520708,0.040229885057471264,0.35811673668037347,True,140,11,11,1.0
1798,0.0,0.0,0.0045000993527945865,0.16606353035786087,0.19080459770114944,0.9579367751683953,False,413,12,12,1.0
1799,0.0,0.0,0.0005037120935961043,0.03337354242058705,0.03103448275862069,0.8168147720028143,True,83,10,10,1.0
1800,0.0,0.0,0.009392835161317392,0.15922798552472858,0.18160919540229886,0.9669767957378065,False,396,12,12,1.0
1801,0.0,0.0,0.0006416509070254297,0.02814636107760354,0.04482758620689655,0.9952963349763451,True,70,5,5,1.0
1802,0.0,0.0,0.0018407883625835596,0.05066344993968637,0.06896551724137931,0.992186581276817,False,126,8,8,1.0
1803,0.0,0.0,0.0023420192177261274,0.08122235625251306,0.08505747126436781,0.8771787853103025,False,202,12,12,1.0
1804,0.0,0.0,0.002591083075882969,0.06272617611580217,0.07931034482758621,0.48307076851475417,False,156,9,9,1.0
1805,0.0,0.0,0.0,0.011258544431041415,0.0011494252873563218,0.004725446939053898,True,28,4,4,0.03068472038346687
1806,0.0,0.0,0.001862239868681349,0.03739445114595899,0.07931034482758621,0.9995037166258992,False,93,8,8,1.0
1807,0.0,0.0,0.0,0.0008041817450743868,0.013793103448275862,0.9999592584790626,True,2,2,2,1.0
1808,0.0,0.0,0.0,0.014877362283876157,0.017241379310344827,0.5846480978812623,True,37,8,8,1.0
1809,0.0,0.0,0.00329676762196302,0.10454362685967028,0.12183908045977011,0.9951603520811004,False,260,12,12,1.0
1810,0.0,0.0,5.932471626735024e-05,0.026537997587454766,0.008045977011494253,0.02130381807016514,True,66,7,7,0.11609710119981002
1811,0.0,0.0,0.0,0.012866907921190189,0.0022988505747126436,3.495694353594118e-09,True,32,8,8,1.5198671102583123e-07
1812,0.0,0.0,0.0031476146982364886,0.055890631282669884,0.07931034482758621,0.8034538665848843,False,139,9,9,1.0
1813,0.0,0.0,0.0016919498386154062,0.06835544833132289,0.0839080459770115,0.9838819441891747,False,170,9,9,1.0
1814,0.0,0.0,0.00010560739744054093,0.01769199839163651,0.026436781609195402,0.9998471425475816,True,44,4,4,1.0
1815,0.0,0.0,0.006281956278978298,0.09650180940892641,0.1103448275862069,0.9245791051868334,False,240,9,9,1.0
1816,0.0,0.0,0.0003422688862964826,0.03176517893043828,0.03908045977011494,0.9540674398792055,True,79,6,6,1.0
1817,0.0,0.0,0.00012859170983621875,0.051467631684760755,0.008045977011494253,0.013302423319881771,True,128,8,8,0.0764507087349527
1818,0.0,0.0,0.00013742237752298819,0.01407318053880177,0.021839080459770115,0.9919813432943854,True,35,3,3,1.0
1819,0.0,0.0,0.0022616179171051705,0.07880981101728991,0.08620689655172414,0.7581373462566263,False,196,8,8,1.0
1820,0.0,0.0,0.0,0.0008041817450743868,0.01954022988505747,0.9999999999998296,True,2,1,1,1.0
1821,0.0,0.0,0.009632799723297173,0.08363490148773622,0.12528735632183907,0.999735232627331,False,208,12,12,1.0
1822,0.0,0.0,0.012242060608955583,0.10856453558504221,0.13908045977011493,0.9472959647410915,False,270,8,8,1.0
1823,0.0,0.0,0.00019666202524327943,0.02332127060715722,0.016091954022988506,0.7988311721502943,True,58,10,10,1.0
1824,0.0,0.0,0.0,0.0028146361077603537,0.0011494252873563218,0.12317909454571307,True,7,4,4,0.5275335954848526
1825,0.0,0.0,7.626824641447625e-05,0.0,0.0,0.9539797372304775,True,0,0,0,1.0
1826,0.0,0.0,0.0020768585386383666,0.04945717732207479,0.0735632183908046,0.9922294598834024,False,123,8,8,1.0
1827,0.0,0.0,0.0003558312152502218,0.0305589063128267,0.029885057471264367,0.5812581325254111,True,76,5,5,1.0
1828,0.0,0.0,0.0,0.021712907117008445,0.005747126436781609,0.03669763066253433,True,54,5,5,0.18867676433179603
1829,0.0,0.0,0.0007182479119838814,0.008443908323281062,0.047126436781609195,0.9999593905754781,True,21,3,3,1.0
1830,0.0,0.0,0.004001506974229831,0.11218335343787696,0.14367816091954022,0.7207684266423053,False,279,8,8,1.0
1831,0.0,0.0,0.0,0.02251708886208283,0.029885057471264367,0.8804361320077886,True,56,5,5,1.0
1832,0.0,0.0,0.00020986141726385234,0.01889827100924809,0.02528735632183908,0.9636952456433833,True,47,6,6,1.0
1833,0.0,0.0,0.002466275524510791,0.04463208685162847,0.059770114942528735,0.9758461064956898,False,111,5,5,1.0
1834,0.0,0.0,0.0008425627064143083,0.03417772416566144,0.04367816091954023,0.9994987903288961,True,85,7,7,1.0
1835,0.0,0.0,0.0,0.0012062726176115801,0.008045977011494253,0.8305311871030403,True,3,2,2,1.0
1836,0.0,0.0,0.003220769963210162,0.05066344993968637,0.07241379310344828,0.8942934675117993,False,126,8,8,1.0
1837,0.0,0.0,0.0016501970367208338,0.06554081222356252,0.06206896551724138,0.8712059492341808,False,163,8,8,1.0
1838,0.0,0.0,0.0032832397457354563,0.21149979895456372,0.22298850574712645,0.7318203765371917,False,526,13,13,1.0
1839,0.0,0.0,0.002930350725427631,0.05066344993968637,0.0735632183908046,0.7902221468621606,False,126,8,8,1.0
1840,0.0,0.0,0.0005033095296239665,0.027744270205066344,0.03908045977011494,0.9960269477237915,True,69,7,7,1.0
1841,0.0,0.0,0.0014319732088765166,0.057498994772818654,0.05862068965517241,0.3252790898751966,False,143,13,13,1.0
1842,0.0,0.0,0.0002722682216884147,0.007237635705669481,0.009195402298850575,0.43836974217815783,True,18,4,4,1.0
1843,0.0,0.0,0.0014265130832601684,0.038600723763570564,0.05747126436781609,0.9654142036226463,False,96,5,5,1.0
1844,0.0,0.0,0.0,0.0008041817450743868,0.0011494252873563218,0.30007710433123946,True,2,2,2,1.0
1845,0.0,0.0,0.0010176497449137175,0.04302372336147969,0.05057471264367816,0.8007892557122844,False,107,6,6,1.0
1846,0.0,0.0,0.0,0.01407318053880177,0.0011494252873563218,0.002942437517529671,True,35,9,9,0.020153681626915554
1847,0.0,0.0,0.0,0.004020908725371934,0.0,0.0025248342019680734,True,10,4,4,0.01778052254907094
1848,0.0,0.0,0.0003280063672530528,0.01769199839163651,0.04252873563218391,0.9997278395769077,True,44,9,9,1.0
1849,0.0,0.0,0.0,0.0016083634901487736,0.004597701149425287,0.2607448813876636,True,4,4,4,0.9603863034536413
1850,0.0,0.0,0.0,0.022919179734620022,0.0,4.6561442214582884e-06,True,57,4,4,6.1670784390176e-05
1851,0.0,0.0,0.0,0.0056292722155207075,0.0,0.00014082400881810093,True,14,6,6,0.0012245565984182688
1852,0.0,0.0,0.014337485217197764,0.110172899075191,0.14482758620689656,0.9632572637751697,False,274,8,8,1.0
1853,0.0,0.0,0.0005418344152509033,0.03176517893043828,0.03793103448275862,0.39139927912869943,True,79,9,9,1.0
1854,0.0,0.0,0.002729300205119165,0.04624045034177724,0.06551724137931035,0.9944384515167358,False,115,10,10,1.0
1855,0.0,0.0,0.0009764514838976017,0.03618817852834741,0.047126436781609195,0.8277750282381326,True,90,16,16,1.0
1856,0.0,0.0,0.003771333082008622,0.08685162846803378,0.11379310344827587,0.9885691722385236,False,216,7,7,1.0
1857,0.0,0.0,5.52697791916927e-05,0.01166063530357861,0.0011494252873563218,0.02593791932704095,True,29,6,6,0.1383355697442184
1858,0.0,0.0,0.0006892855342019829,0.028950542822677925,0.03908045977011494,0.9639344056488964,True,72,8,8,1.0
1859,0.0,0.0,0.00018651274740779994,0.010454362685967028,0.013793103448275862,0.9922769715714552,True,26,4,4,1.0
1860,0.0,0.0,0.0,0.019702452754322478,0.004597701149425287,0.000559606351872128,True,49,5,5,0.004476850814977024
1861,0.0,0.0,0.0005283721018503167,0.03176517893043828,0.04482758620689655,0.9841753308746708,True,79,4,4,1.0
1862,0.0,0.0,0.00025649275379118196,0.02010454362685967,0.027586206896551724,0.9993322039046136,True,50,5,5,1.0
1863,0.0,0.0,0.0009673949090407224,0.03176517893043828,0.05057471264367816,0.9999641307005808,True,79,4,4,1.0
1864,0.0,0.0,0.0004205023116218446,0.017289907519099316,0.01839080459770115,0.965529532290496,True,43,8,8,1.0
1865,0.0,0.0,0.0,0.012866907921190189,0.004597701149425287,0.0072183071700752865,True,32,7,7,0.04442035181584792
1866,0.0,0.0,0.0024826425717026776,0.0546843586650583,0.06896551724137931,0.903777418819334,False,136,4,4,1.0
1867,0.0,0.0,0.00040043060484561626,0.02734217933252915,0.04367816091954023,0.9889752690249471,True,68,10,10,1.0
1868,0.0,0.0,0.002900893779453597,0.13148371531966224,0.12413793103448276,0.9732446723190453,False,327,6,6,1.0
1869,0.0,0.0,0.0,0.0012062726176115801,0.021839080459770115,0.9999999878628372,True,3,2,2,1.0
1870,5.5718082194259324e-05,5.5688589408030296e-05,0.003985565500743083,0.22677925211097708,0.2620689655172414,0.7820594143717611,False,564,21,21,1.0
1871,0.0,0.0,0.0048340247792218955,0.09811017289907518,0.12298850574712644,0.9676987691087817,False,244,13,13,1.0
1872,0.0,0.0,0.0,0.005227181342983514,0.010344827586206896,0.6622467181628523,True,13,2,2,1.0
1873,0.0,0.0,0.006936488321905045,0.0607157217531162,0.10344827586206896,0.9996412630573388,False,151,11,11,1.0
1874,0.0,0.0,0.0,0.01407318053880177,0.0,0.0007850125343091329,True,35,4,4,0.006061872851807976
1875,0.0,0.0,0.0014467237547365203,0.04825090470446321,0.05747126436781609,0.9718924537669275,False,120,10,10,1.0
1876,0.0,0.0,0.00011895534490873421,0.03739445114595899,0.01264367816091954,0.05355494056971103,True,93,7,7,0.2638174412301036
1877,0.0,0.0,8.192290288049058e-05,0.014475271411338963,0.02413793103448276,0.9876352117823639,True,36,5,5,1.0
1878,0.0,0.0,0.007338028803556142,0.1636509851226377,0.1839080459770115,0.8423942268602753,False,407,8,8,1.0
1879,0.0,0.0,0.0,0.01407318053880177,0.0,1.8769155900438348e-05,True,35,2,2,0.00020668003324366446
1880,0.0,0.0,0.0006420474465929759,0.05548854041013269,0.03908045977011494,0.009586690581657844,True,138,14,14,0.05723397362183787
1881,0.0,0.0,0.0045601024662151445,0.08162444712505026,0.09770114942528736,0.9992463408285843,False,203,6,6,1.0
1882,0.0,0.0,0.00011990244681158748,0.02734217933252915,0.035632183908045977,0.9441048131395361,True,68,3,3,1.0
1883,0.0,0.0,0.0,0.009650180940892641,0.010344827586206896,0.5538458845099531,True,24,3,3,1.0
1884,0.0,0.0,7.197933756330467e-05,0.009650180940892641,0.0034482758620689655,0.012836731816272937,True,24,3,3,0.074415836616075
1885,0.0,0.0,0.001177354818020653,0.05548854041013269,0.05632183908045977,0.936278316756577,False,138,7,7,1.0
1886,0.0,0.0,4.5416920921512436e-05,0.01889827100924809,0.02413793103448276,0.9028899411649849,True,47,4,4,1.0
1887,0.0,0.0,0.003751628155766794,0.07237635705669482,0.08275862068965517,0.9007217039965103,False,180,8,8,1.0
1888,0.0,0.0,0.0,0.0305589063128267,0.0,1.2739264812662159e-08,True,76,3,3,4.1768081352990683e-07
1889,0.0,0.0,0.003151857176285337,0.08966626457579413,0.10574712643678161,0.8279317900029013,False,223,6,6,1.0
1890,0.0,0.0,0.0005047160865144817,0.019300361881785282,0.03793103448275862,0.9999999976975646,True,48,5,5,1.0
1891,0.0,0.0,0.003171849259169261,0.07720144752714113,0.11839080459770115,0.999993208705435,False,192,9,9,1.0
1892,0.0,0.0,0.0037352278826415647,0.06473663047848814,0.08045977011494253,0.9999627041553675,False,161,7,7,1.0
1893,0.0,0.0,0.0013196137704408028,0.03739445114595899,0.067816091954023,0.9999808390096796,False,93,7,7,1.0
1894,0.0,0.0,0.0,0.021310816244471252,0.0,6.815367558301741e-10,True,53,4,4,4.20935792228239e-08
1895,0.0,0.0,0.00019235668728943522,0.028950542822677925,0.03908045977011494,0.93605463258319,True,72,6,6,1.0
1896,0.0,0.0,4.744645396886816e-05,0.03457981503819863,0.0011494252873563218,0.006765267941915031,True,86,5,5,0.04189020397470608
1897,0.0,0.0,0.0013497454757678477,0.008041817450743867,0.052873563218390804,0.9999991962246655,False,20,4,4,1.0
1898,0.0,0.0,0.007719310422257203,0.12384398874145557,0.1528735632183908,0.9891299345982407,False,308,12,12,1.0
1899,0.0,0.0,0.0,0.0024125452352231603,0.0,0.33948842405697177,True,6,2,2,1.0
1900,0.0,0.0,0.0,0.0016083634901487736,0.0,0.03585206037392275,True,4,3,3,0.18496023397268224
1901,0.0,0.0,0.0,0.021310816244471252,0.0011494252873563218,8.149716773663723e-07,True,53,4,4,1.3470606237460699e-05
1902,0.0,0.0,0.0,0.0048250904704463205,0.0011494252873563218,0.0027209726048034334,True,12,6,6,0.018961481566574446
1903,0.0,0.0,0.00027027541092780626,0.01769199839163651,0.016091954022988506,0.43759531664291185,True,44,7,7,1.0
1904,0.0,0.0,0.005430511701466618,0.10494571773220748,0.11839080459770115,0.7417408546323493,False,261,8,8,1.0
1905,0.0,0.0,0.0019080820758123796,0.07720144752714113,0.07011494252873564,0.8708156495079268,False,192,11,11,1.0
1906,0.0,0.0,0.0008165890760450781,0.016083634901487735,0.04252873563218391,0.9972356123264898,True,40,8,8,1.0
1907,0.0,0.0,0.00010273408703339886,0.013268998793727383,0.022988505747126436,0.9994395074719855,True,33,2,2,1.0
1908,0.0,0.0,0.00030128941514632313,0.004020908725371934,0.008045977011494253,0.9999984348794396,True,10,5,5,1.0
1909,0.0,0.0,0.001023979636237562,0.08765581021310816,0.05517241379310345,0.41638831387318026,False,218,9,9,1.0
1910,0.0,0.0,0.004565264147021484,0.050261359067149174,0.0735632183908046,0.9996624067614245,False,125,7,7,1.0
1911,0.0,0.0,0.003669185006391252,0.10132689987937274,0.10229885057471265,0.5264562012210412,False,252,7,7,1.0
1912,0.0,0.0,0.0,0.0028146361077603537,0.004597701149425287,0.9518931789359524,True,7,2,2,1.0
1913,0.0,0.0,4.875923360247966e-05,0.017289907519099316,0.021839080459770115,0.9119781222263852,True,43,3,3,1.0
1914,0.0,0.0,0.00734657448812885,0.07519099316445517,0.10574712643678161,0.9999693455249269,False,187,10,10,1.0
1915,0.0,0.0,0.0,0.021712907117008445,0.01954022988505747,0.3597610176610813,True,54,6,6,1.0
1916,0.0,0.0,0.0,0.02010454362685967,0.0011494252873563218,1.3502239571492014e-07,True,50,5,5,2.903707434729465e-06
1917,0.0,0.0,0.001997711909420664,0.0912746280659429,0.09080459770114943,0.7390030920162326,False,227,14,14,1.0
1918,0.0,0.0,5.7689722044852615e-05,0.020506634499396863,0.028735632183908046,0.9847828134261665,True,51,7,7,1.0
1919,0.0,0.0,0.0003306805592961375,0.010856453558504222,0.017241379310344827,0.999357221400496,True,27,7,7,1.0
1920,0.0,0.0,0.001764957158461775,0.19782870928829915,0.19195402298850575,0.528105126792801,False,492,13,13,1.0
1921,0.0,0.0,0.0023762790994629186,0.14595898673100122,0.1413793103448276,0.8051269018655947,False,363,11,11,1.0
1922,0.0,0.0,0.0008488528599848119,0.032569360675512665,0.04482758620689655,0.8961586729815183,True,81,8,8,1.0
1923,0.0,0.0,0.009122809870981073,0.09569762766385204,0.11839080459770115,0.8730518324360541,False,238,9,9,1.0
1924,0.0,0.0,0.001583146783990352,0.08604744672295939,0.08160919540229886,0.3602888621791477,False,214,11,11,1.0
1925,0.0,0.0,0.0049612116619669275,0.10293526336952151,0.12643678160919541,0.7215034613585468,False,256,8,8,1.0
1926,0.0,0.0,0.007419445147336444,0.11057498994772819,0.10804597701149425,0.620552869860869,False,275,7,7,1.0
1927,0.0,0.0,0.003310081442966916,0.0546843586650583,0.0735632183908046,0.9975954232503047,False,136,5,5,1.0
1928,0.0,0.0,9.696158302909973e-05,0.005227181342983514,0.006896551724137931,0.705308544927603,True,13,3,3,1.0
1929,0.0,0.0,0.0004170660655976253,0.008845999195818254,0.03908045977011494,0.9950398696278742,True,22,5,5,1.0
1930,0.0,0.0,0.0017157309045397755,0.06433453960595094,0.06666666666666667,0.08496767678533856,False,160,5,5,0.39155611421815
1931,0.0,0.0,4.497225983080348e-05,0.01769199839163651,0.01954022988505747,0.990150296671919,True,44,6,6,1.0
1932,0.0,0.0,0.0,0.013268998793727383,0.029885057471264367,0.7588687531902443,True,33,3,3,1.0
1933,0.0,0.0,0.0007120359880243876,0.08082026537997587,0.03218390804597701,0.1325170911530067,True,201,7,7,0.5587675251917176
1934,0.0,0.0,0.0028128971816471114,0.029352633695215118,0.07126436781609195,0.9984682716252954,False,73,5,5,1.0
1935,0.0,0.0,0.0052361290516273465,0.06232408524326498,0.07586206896551724,0.7160619082989464,False,155,10,10,1.0
1936,0.0,0.0,0.0,0.008845999195818254,0.0011494252873563218,0.00029356305110833837,True,22,6,6,0.002377028753913671
1937,0.0,0.0,0.0013094814502007492,0.025331724969843185,0.05517241379310345,0.9999999100192367,False,63,4,4,1.0
1938,0.0,0.0,0.00019318981115309274,0.03900281463610776,0.027586206896551724,0.061555983192127364,True,97,11,11,0.29809192829117365
1939,0.0,0.0,0.0008237316309520872,0.036992360273421794,0.04252873563218391,0.1473643706248035,True,92,7,7,0.6076881262878494
1940,0.0,0.0,0.0007127297359335999,0.026537997587454766,0.0367816091954023,0.9920241828884272,True,66,8,8,1.0
1941,0.0,0.0,6.397373311087248e-05,0.013268998793727383,0.0022988505747126436,0.09281730223512819,True,33,8,8,0.42150981829438966
1942,0.0,0.0,0.00837503006942471,0.06353035786087656,0.1,0.9988044834857109,False,158,13,13,1.0
1943,0.0,0.0,0.0011628680166938306,0.05066344993968637,0.054022988505747126,0.6947912712862112,False,126,6,6,1.0
1944,0.0,0.0,0.0,0.0028146361077603537,0.0,0.007867563219048818,True,7,2,2,0.0476822013275686
1945,0.0,0.0,0.0,0.013671089666264576,0.0,4.687232384422936e-10,True,34,4,4,3.14288124905388e-08
1946,0.0,0.0,0.0023770260039150965,0.06272617611580217,0.08735632183908046,0.9701212464797452,False,156,8,8,1.0
1947,0.0,0.0,0.0,0.020506634499396863,0.0,3.0888370599853613e-10,True,51,3,3,2.4463393336125337e-08
1948,0.0,0.0,0.0014545898178391981,0.042621632488942504,0.059770114942528735,0.9952585052058945,False,106,7,7,1.0
1949,0.0,0.0,0.0017844567574588947,0.05227181342983514,0.06321839080459771,0.5113098063854434,False,130,12,12,1.0
1950,0.0,0.0,0.00034599253796230956,0.031363088057901084,0.047126436781609195,0.9783354633105918,True,78,4,4,1.0
1951,0.0,0.0,0.0010410435636425321,0.06513872135102533,0.05172413793103448,0.24366643521206116,False,162,7,7,0.9213769255080155
1952,0.0,0.0,0.0012538179126580478,0.06755126658624849,0.06551724137931035,0.534465487943745,False,168,4,4,1.0
1953,0.0,0.0,0.0038112347669426254,0.0611178126256534,0.08505747126436781,0.977484641445607,False,152,8,8,1.0
1954,0.0,0.0,0.0009246194298326451,0.04382790510655408,0.04942528735632184,0.9661895247498012,True,109,6,6,1.0
1955,0.0,0.0,0.0004746656279136612,0.03337354242058705,0.041379310344827586,0.8806045789134258,True,83,9,9,1.0
1956,0.0,0.0,0.00011640978136967556,0.03297145154804986,0.0022988505747126436,0.08256441925159619,True,82,7,7,0.38135990416441656
1957,0.0,0.0,0.0022456122407605683,0.10695617209489344,0.10344827586206896,0.2600013328613284,False,266,19,19,0.959414512403426
1958,0.0,0.0,0.0012175365435169124,0.03457981503819863,0.054022988505747126,0.9997513903435379,False,86,3,3,1.0
1959,0.0,0.0,0.0007166915143888824,0.025733815842380377,0.04367816091954023,0.9736099613400442,True,64,9,9,1.0
1960,0.0,0.0,0.0,0.028950542822677925,0.0,2.1042462705204196e-09,True,72,4,4,9.787191955908927e-08
1961,0.0,0.0,0.001684721780722386,0.05950944913550463,0.06551724137931035,0.7806708014213735,False,148,7,7,1.0
1962,0.0,0.0,0.003054138606326676,0.09248090068355448,0.08850574712643679,0.6515723402486117,False,230,9,9,1.0
1963,0.0,0.0,0.0006894545163992409,0.055890631282669884,0.04252873563218391,0.2504386173137112,True,139,8,8,0.9397321475186161
1964,0.0,0.0,0.0012254325110446075,0.0486529955770004,0.05862068965517241,0.7938459364736177,False,121,12,12,1.0
1965,0.0,0.0,0.0010697277817105345,0.058303176517893046,0.05517241379310345,0.7709412493760024,False,145,13,13,1.0
1966,0.0,0.0,0.0016369663823900757,0.03297145154804986,0.05517241379310345,0.9482352226842973,False,82,9,9,1.0
1967,0.0,0.0,0.0025904921915428265,0.06393244873341375,0.09080459770114943,0.9970944861365489,False,159,8,8,1.0
1968,0.0,0.0,0.0,0.005227181342983514,0.009195402298850575,0.5325530077772545,True,13,5,5,1.0
1969,0.0,0.0,0.0,0.013268998793727383,0.0,0.0001356446474799754,True,33,3,3,0.001189865328771714
1970,0.0,0.0,0.0,0.0012062726176115801,0.011494252873563218,0.9999998244674109,True,3,1,1,1.0
1971,0.0,0.0,0.0009068615249507423,0.07197426618415761,0.05057471264367816,0.08984169579247575,True,179,5,5,0.4093015753643542
1972,0.0,0.0,0.005154679975435824,0.11379171692802574,0.1425287356321839,0.9789621839429316,False,283,12,12,1.0
1973,0.0,0.0,0.001033773724806892,0.03216726980297547,0.05172413793103448,0.8998474160585477,False,80,8,8,1.0
1974,0.0,0.0,5.856616682189809e-05,0.01769199839163651,0.02413793103448276,0.9999996778527489,True,44,2,2,1.0
1975,0.0,0.0,0.0,0.008845999195818254,0.0,0.012246870682976047,True,22,3,3,0.07161912680102951
1976,0.0,0.0,0.00834538854092034,0.1463610776035384,0.18735632183908046,0.9974876493519751,False,364,13,13,1.0
1977,0.0,0.0,0.0,0.006835544833132288,0.0,2.8522679161491927e-08,True,17,3,3,8.034557510279416e-07
1978,0.0,0.0,0.0002677587819594568,0.010856453558504222,0.026436781609195402,0.9834863035510498,True,27,5,5,1.0
1979,0.0,0.0,9.720126027220141e-05,0.011258544431041415,0.013793103448275862,0.7138069765055972,True,28,7,7,1.0
1980,0.0,0.0,0.0,0.015681544028950542,0.0,3.7171906147987356e-08,True,39,4,4,1.0046461121077664e-06
1981,0.0,0.0,0.015978472172222622,0.13228789706473662,0.15517241379310345,0.9571007675618342,False,329,12,12,1.0
1982,0.0,0.0,5.510752706888055e-05,0.0056292722155207075,0.008045977011494253,0.9999028609480982,True,14,1,1,1.0
1983,0.0,0.0,0.0,0.03538399678327302,0.0022988505747126436,0.004633581026025071,True,88,6,6,0.030186195609283855
1984,0.0,0.0,0.009473571241049803,0.09449135504624046,0.12873563218390804,0.9798677867846044,False,235,8,8,1.0
1985,0.0,0.0,0.0,0.01769199839163651,0.0,1.1743982114459278e-07,True,44,3,3,2.6097738032131727e-06
1986,0.0,0.0,0.0,0.028950542822677925,0.035632183908045977,0.9513521855796438,True,72,3,3,1.0
1987,0.0,0.0,0.0055764140583000775,0.08685162846803378,0.12643678160919541,0.9356203116602128,False,216,8,8,1.0
1988,0.0,0.0,0.002238041643218907,0.072778447929232,0.08505747126436781,0.7421778287784317,False,181,6,6,1.0
1989,0.0,0.0,0.0007499104844101315,0.02694008845999196,0.047126436781609195,0.9999993612613868,True,67,6,6,1.0
1990,0.0,0.0,0.00020050831933162151,0.02010454362685967,0.022988505747126436,0.23771183765864323,True,50,8,8,0.9055689053662599
1991,0.0,0.0,0.0,0.031363088057901084,0.0011494252873563218,4.6536085811104795e-09,True,78,5,5,1.8614434324441917e-07
1992,0.0,0.0,0.0,0.011258544431041415,0.006896551724137931,0.614633486459855,True,28,8,8,1.0
1993,0.0,0.0,0.0031637137123009355,0.1334941696823482,0.16206896551724137,0.8818525414324627,False,332,8,8,1.0
1994,0.0,0.0,0.0010861357569500513,0.04181745074386811,0.05172413793103448,0.6707751285068704,False,104,10,10,1.0
1995,0.0,0.0,0.0007493923677687464,0.05227181342983514,0.047126436781609195,0.1866184075353629,True,130,13,13,0.74498366281582
1996,0.0,0.0,0.0,0.008845999195818254,0.0022988505747126436,0.5954071162634158,True,22,1,1,1.0
1997,0.0,0.0,0.0010048674957253427,0.04382790510655408,0.05172413793103448,0.41512754115141587,False,109,7,7,1.0
1998,0.0,0.0,0.0,0.014475271411338963,0.017241379310344827,0.9914555358546232,True,36,7,7,1.0
1999,0.0,0.0,0.0030028908421686944,0.10253317249698432,0.09655172413793103,0.6394772273953595,False,255,7,7,1.0
